date,raw_p3_return,d1_return,controlled_return,nav,long_exposure,cash_exposure,gross_return,alpha_cost,d1_overlay_turnover,concentration_turnover,overlay_turnover,overlay_cost,total_cost
2008-01-02,0.0,0.0,0.0,100000.0,0.0,1.0,0.0,0.0,0.0,0.0,0.0,0.0,0.0
2008-01-03,0.0,0.0,0.0,100000.0,0.0,1.0,0.0,0.0,0.0,0.0,0.0,0.0,0.0
2008-01-04,0.0,0.0,0.0,100000.0,0.0,1.0,0.0,0.0,0.0,0.0,0.0,0.0,0.0
2008-01-07,0.0,0.0,0.0,100000.0,0.0,1.0,0.0,0.0,0.0,0.0,0.0,0.0,0.0
2008-01-08,0.0,0.0,0.0,100000.0,0.0,1.0,0.0,0.0,0.0,0.0,0.0,0.0,0.0
2008-01-09,0.0,0.0,0.0,100000.0,0.0,1.0,0.0,0.0,0.0,0.0,0.0,0.0,0.0
2008-01-10,0.0,0.0,0.0,100000.0,0.0,1.0,0.0,0.0,0.0,0.0,0.0,0.0,0.0
2008-01-11,0.0,0.0,0.0,100000.0,0.0,1.0,0.0,0.0,0.0,0.0,0.0,0.0,0.0
2008-01-14,0.0,0.0,0.0,100000.0,0.0,1.0,0.0,0.0,0.0,0.0,0.0,0.0,0.0
2008-01-15,0.0,0.0,0.0,100000.0,0.0,1.0,0.0,0.0,0.0,0.0,0.0,0.0,0.0
2008-01-16,0.0,0.0,0.0,100000.0,0.0,1.0,0.0,0.0,0.0,0.0,0.0,0.0,0.0
2008-01-17,0.0,0.0,0.0,100000.0,0.0,1.0,0.0,0.0,0.0,0.0,0.0,0.0,0.0
2008-01-18,0.0,0.0,0.0,100000.0,0.0,1.0,0.0,0.0,0.0,0.0,0.0,0.0,0.0
2008-01-22,0.0,0.0,0.0,100000.0,0.0,1.0,0.0,0.0,0.0,0.0,0.0,0.0,0.0
2008-01-23,0.0,0.0,0.0,100000.0,0.0,1.0,0.0,0.0,0.0,0.0,0.0,0.0,0.0
2008-01-24,0.0,0.0,0.0,100000.0,0.0,1.0,0.0,0.0,0.0,0.0,0.0,0.0,0.0
2008-01-25,0.0,0.0,0.0,100000.0,0.0,1.0,0.0,0.0,0.0,0.0,0.0,0.0,0.0
2008-01-28,0.0,0.0,0.0,100000.0,0.0,1.0,0.0,0.0,0.0,0.0,0.0,0.0,0.0
2008-01-29,0.0,0.0,0.0,100000.0,0.0,1.0,0.0,0.0,0.0,0.0,0.0,0.0,0.0
2008-01-30,0.0,0.0,0.0,100000.0,0.0,1.0,0.0,0.0,0.0,0.0,0.0,0.0,0.0
2008-01-31,0.0,0.0,0.0,100000.0,0.0,1.0,0.0,0.0,0.0,0.0,0.0,0.0,0.0
2008-02-01,0.0,0.0,0.0,100000.0,0.0,1.0,0.0,0.0,0.0,0.0,0.0,0.0,0.0
2008-02-04,0.0,0.0,0.0,100000.0,0.0,1.0,0.0,0.0,0.0,0.0,0.0,0.0,0.0
2008-02-05,0.0,0.0,0.0,100000.0,0.0,1.0,0.0,0.0,0.0,0.0,0.0,0.0,0.0
2008-02-06,0.0,0.0,0.0,100000.0,0.0,1.0,0.0,0.0,0.0,0.0,0.0,0.0,0.0
2008-02-07,0.0,0.0,0.0,100000.0,0.0,1.0,0.0,0.0,0.0,0.0,0.0,0.0,0.0
2008-02-08,0.0,0.0,0.0,100000.0,0.0,1.0,0.0,0.0,0.0,0.0,0.0,0.0,0.0
2008-02-11,0.0,0.0,0.0,100000.0,0.0,1.0,0.0,0.0,0.0,0.0,0.0,0.0,0.0
2008-02-12,0.0,0.0,0.0,100000.0,0.0,1.0,0.0,0.0,0.0,0.0,0.0,0.0,0.0
2008-02-13,0.0,0.0,0.0,100000.0,0.0,1.0,0.0,0.0,0.0,0.0,0.0,0.0,0.0
2008-02-14,0.0,0.0,0.0,100000.0,0.0,1.0,0.0,0.0,0.0,0.0,0.0,0.0,0.0
2008-02-15,0.0,0.0,0.0,100000.0,0.0,1.0,0.0,0.0,0.0,0.0,0.0,0.0,0.0
2008-02-19,0.0,0.0,0.0,100000.0,0.0,1.0,0.0,0.0,0.0,0.0,0.0,0.0,0.0
2008-02-20,0.0,0.0,0.0,100000.0,0.0,1.0,0.0,0.0,0.0,0.0,0.0,0.0,0.0
2008-02-21,0.0,0.0,0.0,100000.0,0.0,1.0,0.0,0.0,0.0,0.0,0.0,0.0,0.0
2008-02-22,0.0,0.0,0.0,100000.0,0.0,1.0,0.0,0.0,0.0,0.0,0.0,0.0,0.0
2008-02-25,0.0,0.0,0.0,100000.0,0.0,1.0,0.0,0.0,0.0,0.0,0.0,0.0,0.0
2008-02-26,0.0,0.0,0.0,100000.0,0.0,1.0,0.0,0.0,0.0,0.0,0.0,0.0,0.0
2008-02-27,0.0,0.0,0.0,100000.0,0.0,1.0,0.0,0.0,0.0,0.0,0.0,0.0,0.0
2008-02-28,0.0,0.0,0.0,100000.0,0.0,1.0,0.0,0.0,0.0,0.0,0.0,0.0,0.0
2008-02-29,0.0,0.0,0.0,100000.0,0.0,1.0,0.0,0.0,0.0,0.0,0.0,0.0,0.0
2008-03-03,0.0,0.0,0.0,100000.0,0.0,1.0,0.0,0.0,0.0,0.0,0.0,0.0,0.0
2008-03-04,0.0,0.0,0.0,100000.0,0.0,1.0,0.0,0.0,0.0,0.0,0.0,0.0,0.0
2008-03-05,0.0,0.0,0.0,100000.0,0.0,1.0,0.0,0.0,0.0,0.0,0.0,0.0,0.0
2008-03-06,0.0,0.0,0.0,100000.0,0.0,1.0,0.0,0.0,0.0,0.0,0.0,0.0,0.0
2008-03-07,0.0,0.0,0.0,100000.0,0.0,1.0,0.0,0.0,0.0,0.0,0.0,0.0,0.0
2008-03-10,0.0,0.0,0.0,100000.0,0.0,1.0,0.0,0.0,0.0,0.0,0.0,0.0,0.0
2008-03-11,0.0,0.0,0.0,100000.0,0.0,1.0,0.0,0.0,0.0,0.0,0.0,0.0,0.0
2008-03-12,0.0,0.0,0.0,100000.0,0.0,1.0,0.0,0.0,0.0,0.0,0.0,0.0,0.0
2008-03-13,0.0,0.0,0.0,100000.0,0.0,1.0,0.0,0.0,0.0,0.0,0.0,0.0,0.0
2008-03-14,0.0,0.0,0.0,100000.0,0.0,1.0,0.0,0.0,0.0,0.0,0.0,0.0,0.0
2008-03-17,0.0,0.0,0.0,100000.0,0.0,1.0,0.0,0.0,0.0,0.0,0.0,0.0,0.0
2008-03-18,0.0,0.0,0.0,100000.0,0.0,1.0,0.0,0.0,0.0,0.0,0.0,0.0,0.0
2008-03-19,0.0,0.0,0.0,100000.0,0.0,1.0,0.0,0.0,0.0,0.0,0.0,0.0,0.0
2008-03-20,0.0,0.0,0.0,100000.0,0.0,1.0,0.0,0.0,0.0,0.0,0.0,0.0,0.0
2008-03-24,0.0,0.0,0.0,100000.0,0.0,1.0,0.0,0.0,0.0,0.0,0.0,0.0,0.0
2008-03-25,0.0,0.0,0.0,100000.0,0.0,1.0,0.0,0.0,0.0,0.0,0.0,0.0,0.0
2008-03-26,0.0,0.0,0.0,100000.0,0.0,1.0,0.0,0.0,0.0,0.0,0.0,0.0,0.0
2008-03-27,0.0,0.0,0.0,100000.0,0.0,1.0,0.0,0.0,0.0,0.0,0.0,0.0,0.0
2008-03-28,0.0,0.0,0.0,100000.0,0.0,1.0,0.0,0.0,0.0,0.0,0.0,0.0,0.0
2008-03-31,0.0,0.0,0.0,100000.0,0.0,1.0,0.0,0.0,0.0,0.0,0.0,0.0,0.0
2008-04-01,0.0,0.0,0.0,100000.0,0.0,1.0,0.0,0.0,0.0,0.0,0.0,0.0,0.0
2008-04-02,0.0,0.0,0.0,100000.0,0.0,1.0,0.0,0.0,0.0,0.0,0.0,0.0,0.0
2008-04-03,0.0,0.0,0.0,100000.0,0.0,1.0,0.0,0.0,0.0,0.0,0.0,0.0,0.0
2008-04-04,0.0,0.0,0.0,100000.0,0.0,1.0,0.0,0.0,0.0,0.0,0.0,0.0,0.0
2008-04-07,0.0,0.0,0.0,100000.0,0.0,1.0,0.0,0.0,0.0,0.0,0.0,0.0,0.0
2008-04-08,0.0,0.0,0.0,100000.0,0.0,1.0,0.0,0.0,0.0,0.0,0.0,0.0,0.0
2008-04-09,0.0,0.0,0.0,100000.0,0.0,1.0,0.0,0.0,0.0,0.0,0.0,0.0,0.0
2008-04-10,0.0,0.0,0.0,100000.0,0.0,1.0,0.0,0.0,0.0,0.0,0.0,0.0,0.0
2008-04-11,0.0,0.0,0.0,100000.0,0.0,1.0,0.0,0.0,0.0,0.0,0.0,0.0,0.0
2008-04-14,0.0,0.0,0.0,100000.0,0.0,1.0,0.0,0.0,0.0,0.0,0.0,0.0,0.0
2008-04-15,0.0,0.0,0.0,100000.0,0.0,1.0,0.0,0.0,0.0,0.0,0.0,0.0,0.0
2008-04-16,0.0,0.0,0.0,100000.0,0.0,1.0,0.0,0.0,0.0,0.0,0.0,0.0,0.0
2008-04-17,0.0,0.0,0.0,100000.0,0.0,1.0,0.0,0.0,0.0,0.0,0.0,0.0,0.0
2008-04-18,0.0,0.0,0.0,100000.0,0.0,1.0,0.0,0.0,0.0,0.0,0.0,0.0,0.0
2008-04-21,0.0,0.0,0.0,100000.0,0.0,1.0,0.0,0.0,0.0,0.0,0.0,0.0,0.0
2008-04-22,0.0,0.0,0.0,100000.0,0.0,1.0,0.0,0.0,0.0,0.0,0.0,0.0,0.0
2008-04-23,0.0,0.0,0.0,100000.0,0.0,1.0,0.0,0.0,0.0,0.0,0.0,0.0,0.0
2008-04-24,0.0,0.0,0.0,100000.0,0.0,1.0,0.0,0.0,0.0,0.0,0.0,0.0,0.0
2008-04-25,0.0,0.0,0.0,100000.0,0.0,1.0,0.0,0.0,0.0,0.0,0.0,0.0,0.0
2008-04-28,0.0,0.0,0.0,100000.0,0.0,1.0,0.0,0.0,0.0,0.0,0.0,0.0,0.0
2008-04-29,0.0,0.0,0.0,100000.0,0.0,1.0,0.0,0.0,0.0,0.0,0.0,0.0,0.0
2008-04-30,0.0,0.0,0.0,100000.0,0.0,1.0,0.0,0.0,0.0,0.0,0.0,0.0,0.0
2008-05-01,0.0,0.0,0.0,100000.0,0.0,1.0,0.0,0.0,0.0,0.0,0.0,0.0,0.0
2008-05-02,0.0,0.0,0.0,100000.0,0.0,1.0,0.0,0.0,0.0,0.0,0.0,0.0,0.0
2008-05-05,0.0,0.0,0.0,100000.0,0.0,1.0,0.0,0.0,0.0,0.0,0.0,0.0,0.0
2008-05-06,0.0,0.0,0.0,100000.0,0.0,1.0,0.0,0.0,0.0,0.0,0.0,0.0,0.0
2008-05-07,0.0,0.0,0.0,100000.0,0.0,1.0,0.0,0.0,0.0,0.0,0.0,0.0,0.0
2008-05-08,0.0,0.0,0.0,100000.0,0.0,1.0,0.0,0.0,0.0,0.0,0.0,0.0,0.0
2008-05-09,0.0,0.0,0.0,100000.0,0.0,1.0,0.0,0.0,0.0,0.0,0.0,0.0,0.0
2008-05-12,0.0,0.0,0.0,100000.0,0.0,1.0,0.0,0.0,0.0,0.0,0.0,0.0,0.0
2008-05-13,0.0,0.0,0.0,100000.0,0.0,1.0,0.0,0.0,0.0,0.0,0.0,0.0,0.0
2008-05-14,0.0,0.0,0.0,100000.0,0.0,1.0,0.0,0.0,0.0,0.0,0.0,0.0,0.0
2008-05-15,0.0,0.0,0.0,100000.0,0.0,1.0,0.0,0.0,0.0,0.0,0.0,0.0,0.0
2008-05-16,0.0,0.0,0.0,100000.0,0.0,1.0,0.0,0.0,0.0,0.0,0.0,0.0,0.0
2008-05-19,0.0,0.0,0.0,100000.0,0.0,1.0,0.0,0.0,0.0,0.0,0.0,0.0,0.0
2008-05-20,0.0,0.0,0.0,100000.0,0.0,1.0,0.0,0.0,0.0,0.0,0.0,0.0,0.0
2008-05-21,0.0,0.0,0.0,100000.0,0.0,1.0,0.0,0.0,0.0,0.0,0.0,0.0,0.0
2008-05-22,0.0,0.0,0.0,100000.0,0.0,1.0,0.0,0.0,0.0,0.0,0.0,0.0,0.0
2008-05-23,0.0,0.0,0.0,100000.0,0.0,1.0,0.0,0.0,0.0,0.0,0.0,0.0,0.0
2008-05-27,0.0,0.0,0.0,100000.0,0.0,1.0,0.0,0.0,0.0,0.0,0.0,0.0,0.0
2008-05-28,0.0,0.0,0.0,100000.0,0.0,1.0,0.0,0.0,0.0,0.0,0.0,0.0,0.0
2008-05-29,0.0,0.0,0.0,100000.0,0.0,1.0,0.0,0.0,0.0,0.0,0.0,0.0,0.0
2008-05-30,0.0,0.0,0.0,100000.0,0.0,1.0,0.0,0.0,0.0,0.0,0.0,0.0,0.0
2008-06-02,0.0,0.0,0.0,100000.0,0.0,1.0,0.0,0.0,0.0,0.0,0.0,0.0,0.0
2008-06-03,0.0,0.0,0.0,100000.0,0.0,1.0,0.0,0.0,0.0,0.0,0.0,0.0,0.0
2008-06-04,0.0,0.0,0.0,100000.0,0.0,1.0,0.0,0.0,0.0,0.0,0.0,0.0,0.0
2008-06-05,0.0,0.0,0.0,100000.0,0.0,1.0,0.0,0.0,0.0,0.0,0.0,0.0,0.0
2008-06-06,0.0,0.0,0.0,100000.0,0.0,1.0,0.0,0.0,0.0,0.0,0.0,0.0,0.0
2008-06-09,0.0,0.0,0.0,100000.0,0.0,1.0,0.0,0.0,0.0,0.0,0.0,0.0,0.0
2008-06-10,0.0,0.0,0.0,100000.0,0.0,1.0,0.0,0.0,0.0,0.0,0.0,0.0,0.0
2008-06-11,0.0,0.0,0.0,100000.0,0.0,1.0,0.0,0.0,0.0,0.0,0.0,0.0,0.0
2008-06-12,0.0,0.0,0.0,100000.0,0.0,1.0,0.0,0.0,0.0,0.0,0.0,0.0,0.0
2008-06-13,0.0,0.0,0.0,100000.0,0.0,1.0,0.0,0.0,0.0,0.0,0.0,0.0,0.0
2008-06-16,0.0,0.0,0.0,100000.0,0.0,1.0,0.0,0.0,0.0,0.0,0.0,0.0,0.0
2008-06-17,0.0,0.0,0.0,100000.0,0.0,1.0,0.0,0.0,0.0,0.0,0.0,0.0,0.0
2008-06-18,0.0,0.0,0.0,100000.0,0.0,1.0,0.0,0.0,0.0,0.0,0.0,0.0,0.0
2008-06-19,0.0,0.0,0.0,100000.0,0.0,1.0,0.0,0.0,0.0,0.0,0.0,0.0,0.0
2008-06-20,0.0,0.0,0.0,100000.0,0.0,1.0,0.0,0.0,0.0,0.0,0.0,0.0,0.0
2008-06-23,0.0,0.0,0.0,100000.0,0.0,1.0,0.0,0.0,0.0,0.0,0.0,0.0,0.0
2008-06-24,0.0,0.0,0.0,100000.0,0.0,1.0,0.0,0.0,0.0,0.0,0.0,0.0,0.0
2008-06-25,0.0,0.0,0.0,100000.0,0.0,1.0,0.0,0.0,0.0,0.0,0.0,0.0,0.0
2008-06-26,0.0,0.0,0.0,100000.0,0.0,1.0,0.0,0.0,0.0,0.0,0.0,0.0,0.0
2008-06-27,0.0,0.0,0.0,100000.0,0.0,1.0,0.0,0.0,0.0,0.0,0.0,0.0,0.0
2008-06-30,0.0,0.0,0.0,100000.0,0.0,1.0,0.0,0.0,0.0,0.0,0.0,0.0,0.0
2008-07-01,0.0,0.0,0.0,100000.0,0.0,1.0,0.0,0.0,0.0,0.0,0.0,0.0,0.0
2008-07-02,0.0,0.0,0.0,100000.0,0.0,1.0,0.0,0.0,0.0,0.0,0.0,0.0,0.0
2008-07-03,0.0,0.0,0.0,100000.0,0.0,1.0,0.0,0.0,0.0,0.0,0.0,0.0,0.0
2008-07-07,0.0,0.0,0.0,100000.0,0.0,1.0,0.0,0.0,0.0,0.0,0.0,0.0,0.0
2008-07-08,0.0,0.0,0.0,100000.0,0.0,1.0,0.0,0.0,0.0,0.0,0.0,0.0,0.0
2008-07-09,0.0,0.0,0.0,100000.0,0.0,1.0,0.0,0.0,0.0,0.0,0.0,0.0,0.0
2008-07-10,0.0,0.0,0.0,100000.0,0.0,1.0,0.0,0.0,0.0,0.0,0.0,0.0,0.0
2008-07-11,0.0,0.0,0.0,100000.0,0.0,1.0,0.0,0.0,0.0,0.0,0.0,0.0,0.0
2008-07-14,0.0,0.0,0.0,100000.0,0.0,1.0,0.0,0.0,0.0,0.0,0.0,0.0,0.0
2008-07-15,0.0,0.0,0.0,100000.0,0.0,1.0,0.0,0.0,0.0,0.0,0.0,0.0,0.0
2008-07-16,0.0,0.0,0.0,100000.0,0.0,1.0,0.0,0.0,0.0,0.0,0.0,0.0,0.0
2008-07-17,0.0,0.0,0.0,100000.0,0.0,1.0,0.0,0.0,0.0,0.0,0.0,0.0,0.0
2008-07-18,0.0,0.0,0.0,100000.0,0.0,1.0,0.0,0.0,0.0,0.0,0.0,0.0,0.0
2008-07-21,0.0,0.0,0.0,100000.0,0.0,1.0,0.0,0.0,0.0,0.0,0.0,0.0,0.0
2008-07-22,0.0,0.0,0.0,100000.0,0.0,1.0,0.0,0.0,0.0,0.0,0.0,0.0,0.0
2008-07-23,0.0,0.0,0.0,100000.0,0.0,1.0,0.0,0.0,0.0,0.0,0.0,0.0,0.0
2008-07-24,0.0,0.0,0.0,100000.0,0.0,1.0,0.0,0.0,0.0,0.0,0.0,0.0,0.0
2008-07-25,0.0,0.0,0.0,100000.0,0.0,1.0,0.0,0.0,0.0,0.0,0.0,0.0,0.0
2008-07-28,0.0,0.0,0.0,100000.0,0.0,1.0,0.0,0.0,0.0,0.0,0.0,0.0,0.0
2008-07-29,0.0,0.0,0.0,100000.0,0.0,1.0,0.0,0.0,0.0,0.0,0.0,0.0,0.0
2008-07-30,0.0,0.0,0.0,100000.0,0.0,1.0,0.0,0.0,0.0,0.0,0.0,0.0,0.0
2008-07-31,0.0,0.0,0.0,100000.0,0.0,1.0,0.0,0.0,0.0,0.0,0.0,0.0,0.0
2008-08-01,0.0,0.0,0.0,100000.0,0.0,1.0,0.0,0.0,0.0,0.0,0.0,0.0,0.0
2008-08-04,0.0,0.0,0.0,100000.0,0.0,1.0,0.0,0.0,0.0,0.0,0.0,0.0,0.0
2008-08-05,0.0,0.0,0.0,100000.0,0.0,1.0,0.0,0.0,0.0,0.0,0.0,0.0,0.0
2008-08-06,0.0,0.0,0.0,100000.0,0.0,1.0,0.0,0.0,0.0,0.0,0.0,0.0,0.0
2008-08-07,0.0,0.0,0.0,100000.0,0.0,1.0,0.0,0.0,0.0,0.0,0.0,0.0,0.0
2008-08-08,0.0,0.0,0.0,100000.0,0.0,1.0,0.0,0.0,0.0,0.0,0.0,0.0,0.0
2008-08-11,0.0,0.0,0.0,100000.0,0.0,1.0,0.0,0.0,0.0,0.0,0.0,0.0,0.0
2008-08-12,0.0,0.0,0.0,100000.0,0.0,1.0,0.0,0.0,0.0,0.0,0.0,0.0,0.0
2008-08-13,0.0,0.0,0.0,100000.0,0.0,1.0,0.0,0.0,0.0,0.0,0.0,0.0,0.0
2008-08-14,0.0,0.0,0.0,100000.0,0.0,1.0,0.0,0.0,0.0,0.0,0.0,0.0,0.0
2008-08-15,0.0,0.0,0.0,100000.0,0.0,1.0,0.0,0.0,0.0,0.0,0.0,0.0,0.0
2008-08-18,0.0,0.0,0.0,100000.0,0.0,1.0,0.0,0.0,0.0,0.0,0.0,0.0,0.0
2008-08-19,0.0,0.0,0.0,100000.0,0.0,1.0,0.0,0.0,0.0,0.0,0.0,0.0,0.0
2008-08-20,0.0,0.0,0.0,100000.0,0.0,1.0,0.0,0.0,0.0,0.0,0.0,0.0,0.0
2008-08-21,0.0,0.0,0.0,100000.0,0.0,1.0,0.0,0.0,0.0,0.0,0.0,0.0,0.0
2008-08-22,0.0,0.0,0.0,100000.0,0.0,1.0,0.0,0.0,0.0,0.0,0.0,0.0,0.0
2008-08-25,0.0,0.0,0.0,100000.0,0.0,1.0,0.0,0.0,0.0,0.0,0.0,0.0,0.0
2008-08-26,0.0,0.0,0.0,100000.0,0.0,1.0,0.0,0.0,0.0,0.0,0.0,0.0,0.0
2008-08-27,0.0,0.0,0.0,100000.0,0.0,1.0,0.0,0.0,0.0,0.0,0.0,0.0,0.0
2008-08-28,0.0,0.0,0.0,100000.0,0.0,1.0,0.0,0.0,0.0,0.0,0.0,0.0,0.0
2008-08-29,0.0,0.0,0.0,100000.0,0.0,1.0,0.0,0.0,0.0,0.0,0.0,0.0,0.0
2008-09-02,0.0,0.0,0.0,100000.0,0.0,1.0,0.0,0.0,0.0,0.0,0.0,0.0,0.0
2008-09-03,0.0,0.0,0.0,100000.0,0.0,1.0,0.0,0.0,0.0,0.0,0.0,0.0,0.0
2008-09-04,0.0,0.0,0.0,100000.0,0.0,1.0,0.0,0.0,0.0,0.0,0.0,0.0,0.0
2008-09-05,0.0,0.0,0.0,100000.0,0.0,1.0,0.0,0.0,0.0,0.0,0.0,0.0,0.0
2008-09-08,0.0,0.0,0.0,100000.0,0.0,1.0,0.0,0.0,0.0,0.0,0.0,0.0,0.0
2008-09-09,0.0,0.0,0.0,100000.0,0.0,1.0,0.0,0.0,0.0,0.0,0.0,0.0,0.0
2008-09-10,0.0,0.0,0.0,100000.0,0.0,1.0,0.0,0.0,0.0,0.0,0.0,0.0,0.0
2008-09-11,0.0,0.0,0.0,100000.0,0.0,1.0,0.0,0.0,0.0,0.0,0.0,0.0,0.0
2008-09-12,0.0,0.0,0.0,100000.0,0.0,1.0,0.0,0.0,0.0,0.0,0.0,0.0,0.0
2008-09-15,0.0,0.0,0.0,100000.0,0.0,1.0,0.0,0.0,0.0,0.0,0.0,0.0,0.0
2008-09-16,0.0,0.0,0.0,100000.0,0.0,1.0,0.0,0.0,0.0,0.0,0.0,0.0,0.0
2008-09-17,0.0,0.0,0.0,100000.0,0.0,1.0,0.0,0.0,0.0,0.0,0.0,0.0,0.0
2008-09-18,0.0,0.0,0.0,100000.0,0.0,1.0,0.0,0.0,0.0,0.0,0.0,0.0,0.0
2008-09-19,0.0,0.0,0.0,100000.0,0.0,1.0,0.0,0.0,0.0,0.0,0.0,0.0,0.0
2008-09-22,0.0,0.0,0.0,100000.0,0.0,1.0,0.0,0.0,0.0,0.0,0.0,0.0,0.0
2008-09-23,0.0,0.0,0.0,100000.0,0.0,1.0,0.0,0.0,0.0,0.0,0.0,0.0,0.0
2008-09-24,0.0,0.0,0.0,100000.0,0.0,1.0,0.0,0.0,0.0,0.0,0.0,0.0,0.0
2008-09-25,0.0,0.0,0.0,100000.0,0.0,1.0,0.0,0.0,0.0,0.0,0.0,0.0,0.0
2008-09-26,0.0,0.0,0.0,100000.0,0.0,1.0,0.0,0.0,0.0,0.0,0.0,0.0,0.0
2008-09-29,0.0,0.0,0.0,100000.0,0.0,1.0,0.0,0.0,0.0,0.0,0.0,0.0,0.0
2008-09-30,0.0,0.0,0.0,100000.0,0.0,1.0,0.0,0.0,0.0,0.0,0.0,0.0,0.0
2008-10-01,0.0,0.0,0.0,100000.0,0.0,1.0,0.0,0.0,0.0,0.0,0.0,0.0,0.0
2008-10-02,0.0,0.0,0.0,100000.0,0.0,1.0,0.0,0.0,0.0,0.0,0.0,0.0,0.0
2008-10-03,0.0,0.0,0.0,100000.0,0.0,1.0,0.0,0.0,0.0,0.0,0.0,0.0,0.0
2008-10-06,0.0,0.0,0.0,100000.0,0.0,1.0,0.0,0.0,0.0,0.0,0.0,0.0,0.0
2008-10-07,0.0,0.0,0.0,100000.0,0.0,1.0,0.0,0.0,0.0,0.0,0.0,0.0,0.0
2008-10-08,0.0,0.0,0.0,100000.0,0.0,1.0,0.0,0.0,0.0,0.0,0.0,0.0,0.0
2008-10-09,0.0,0.0,0.0,100000.0,0.0,1.0,0.0,0.0,0.0,0.0,0.0,0.0,0.0
2008-10-10,0.0,0.0,0.0,100000.0,0.0,1.0,0.0,0.0,0.0,0.0,0.0,0.0,0.0
2008-10-13,0.0,0.0,0.0,100000.0,0.0,1.0,0.0,0.0,0.0,0.0,0.0,0.0,0.0
2008-10-14,0.0,0.0,0.0,100000.0,0.0,1.0,0.0,0.0,0.0,0.0,0.0,0.0,0.0
2008-10-15,0.0,0.0,0.0,100000.0,0.0,1.0,0.0,0.0,0.0,0.0,0.0,0.0,0.0
2008-10-16,0.0,0.0,0.0,100000.0,0.0,1.0,0.0,0.0,0.0,0.0,0.0,0.0,0.0
2008-10-17,0.0,0.0,0.0,100000.0,0.0,1.0,0.0,0.0,0.0,0.0,0.0,0.0,0.0
2008-10-20,0.0,0.0,0.0,100000.0,0.0,1.0,0.0,0.0,0.0,0.0,0.0,0.0,0.0
2008-10-21,0.0,0.0,0.0,100000.0,0.0,1.0,0.0,0.0,0.0,0.0,0.0,0.0,0.0
2008-10-22,0.0,0.0,0.0,100000.0,0.0,1.0,0.0,0.0,0.0,0.0,0.0,0.0,0.0
2008-10-23,0.0,0.0,0.0,100000.0,0.0,1.0,0.0,0.0,0.0,0.0,0.0,0.0,0.0
2008-10-24,0.0,0.0,0.0,100000.0,0.0,1.0,0.0,0.0,0.0,0.0,0.0,0.0,0.0
2008-10-27,0.0,0.0,0.0,100000.0,0.0,1.0,0.0,0.0,0.0,0.0,0.0,0.0,0.0
2008-10-28,0.0,0.0,0.0,100000.0,0.0,1.0,0.0,0.0,0.0,0.0,0.0,0.0,0.0
2008-10-29,0.0,0.0,0.0,100000.0,0.0,1.0,0.0,0.0,0.0,0.0,0.0,0.0,0.0
2008-10-30,0.0,0.0,0.0,100000.0,0.0,1.0,0.0,0.0,0.0,0.0,0.0,0.0,0.0
2008-10-31,0.0,0.0,0.0,100000.0,0.0,1.0,0.0,0.0,0.0,0.0,0.0,0.0,0.0
2008-11-03,0.0,0.0,0.0,100000.0,0.0,1.0,0.0,0.0,0.0,0.0,0.0,0.0,0.0
2008-11-04,0.0,0.0,0.0,100000.0,0.0,1.0,0.0,0.0,0.0,0.0,0.0,0.0,0.0
2008-11-05,0.0,0.0,0.0,100000.0,0.0,1.0,0.0,0.0,0.0,0.0,0.0,0.0,0.0
2008-11-06,0.0,0.0,0.0,100000.0,0.0,1.0,0.0,0.0,0.0,0.0,0.0,0.0,0.0
2008-11-07,0.0,0.0,0.0,100000.0,0.0,1.0,0.0,0.0,0.0,0.0,0.0,0.0,0.0
2008-11-10,0.0,0.0,0.0,100000.0,0.0,1.0,0.0,0.0,0.0,0.0,0.0,0.0,0.0
2008-11-11,0.0,0.0,0.0,100000.0,0.0,1.0,0.0,0.0,0.0,0.0,0.0,0.0,0.0
2008-11-12,0.0,0.0,0.0,100000.0,0.0,1.0,0.0,0.0,0.0,0.0,0.0,0.0,0.0
2008-11-13,0.0,0.0,0.0,100000.0,0.0,1.0,0.0,0.0,0.0,0.0,0.0,0.0,0.0
2008-11-14,0.0,0.0,0.0,100000.0,0.0,1.0,0.0,0.0,0.0,0.0,0.0,0.0,0.0
2008-11-17,0.0,0.0,0.0,100000.0,0.0,1.0,0.0,0.0,0.0,0.0,0.0,0.0,0.0
2008-11-18,0.0,0.0,0.0,100000.0,0.0,1.0,0.0,0.0,0.0,0.0,0.0,0.0,0.0
2008-11-19,0.0,0.0,0.0,100000.0,0.0,1.0,0.0,0.0,0.0,0.0,0.0,0.0,0.0
2008-11-20,0.0,0.0,0.0,100000.0,0.0,1.0,0.0,0.0,0.0,0.0,0.0,0.0,0.0
2008-11-21,0.0,0.0,0.0,100000.0,0.0,1.0,0.0,0.0,0.0,0.0,0.0,0.0,0.0
2008-11-24,0.0,0.0,0.0,100000.0,0.0,1.0,0.0,0.0,0.0,0.0,0.0,0.0,0.0
2008-11-25,0.0,0.0,0.0,100000.0,0.0,1.0,0.0,0.0,0.0,0.0,0.0,0.0,0.0
2008-11-26,0.0,0.0,0.0,100000.0,0.0,1.0,0.0,0.0,0.0,0.0,0.0,0.0,0.0
2008-11-28,0.0,0.0,0.0,100000.0,0.0,1.0,0.0,0.0,0.0,0.0,0.0,0.0,0.0
2008-12-01,0.0,0.0,0.0,100000.0,0.0,1.0,0.0,0.0,0.0,0.0,0.0,0.0,0.0
2008-12-02,0.0,0.0,0.0,100000.0,0.0,1.0,0.0,0.0,0.0,0.0,0.0,0.0,0.0
2008-12-03,0.0,0.0,0.0,100000.0,0.0,1.0,0.0,0.0,0.0,0.0,0.0,0.0,0.0
2008-12-04,0.0,0.0,0.0,100000.0,0.0,1.0,0.0,0.0,0.0,0.0,0.0,0.0,0.0
2008-12-05,0.0,0.0,0.0,100000.0,0.0,1.0,0.0,0.0,0.0,0.0,0.0,0.0,0.0
2008-12-08,0.0,0.0,0.0,100000.0,0.0,1.0,0.0,0.0,0.0,0.0,0.0,0.0,0.0
2008-12-09,0.0,0.0,0.0,100000.0,0.0,1.0,0.0,0.0,0.0,0.0,0.0,0.0,0.0
2008-12-10,0.0,0.0,0.0,100000.0,0.0,1.0,0.0,0.0,0.0,0.0,0.0,0.0,0.0
2008-12-11,0.0,0.0,0.0,100000.0,0.0,1.0,0.0,0.0,0.0,0.0,0.0,0.0,0.0
2008-12-12,0.0,0.0,0.0,100000.0,0.0,1.0,0.0,0.0,0.0,0.0,0.0,0.0,0.0
2008-12-15,0.0,0.0,0.0,100000.0,0.0,1.0,0.0,0.0,0.0,0.0,0.0,0.0,0.0
2008-12-16,0.0,0.0,0.0,100000.0,0.0,1.0,0.0,0.0,0.0,0.0,0.0,0.0,0.0
2008-12-17,0.0,0.0,0.0,100000.0,0.0,1.0,0.0,0.0,0.0,0.0,0.0,0.0,0.0
2008-12-18,0.0,0.0,0.0,100000.0,0.0,1.0,0.0,0.0,0.0,0.0,0.0,0.0,0.0
2008-12-19,0.0,0.0,0.0,100000.0,0.0,1.0,0.0,0.0,0.0,0.0,0.0,0.0,0.0
2008-12-22,0.0,0.0,0.0,100000.0,0.0,1.0,0.0,0.0,0.0,0.0,0.0,0.0,0.0
2008-12-23,0.0,0.0,0.0,100000.0,0.0,1.0,0.0,0.0,0.0,0.0,0.0,0.0,0.0
2008-12-24,0.0,0.0,0.0,100000.0,0.0,1.0,0.0,0.0,0.0,0.0,0.0,0.0,0.0
2008-12-26,0.0,0.0,0.0,100000.0,0.0,1.0,0.0,0.0,0.0,0.0,0.0,0.0,0.0
2008-12-29,0.0,0.0,0.0,100000.0,0.0,1.0,0.0,0.0,0.0,0.0,0.0,0.0,0.0
2008-12-30,0.0,0.0,0.0,100000.0,0.0,1.0,0.0,0.0,0.0,0.0,0.0,0.0,0.0
2008-12-31,0.0,0.0,0.0,100000.0,0.0,1.0,0.0,0.0,0.0,0.0,0.0,0.0,0.0
2009-01-02,0.0,0.0,0.0,100000.0,0.0,1.0,0.0,0.0,0.0,0.0,0.0,0.0,0.0
2009-01-05,0.0,0.0,0.0,100000.0,0.0,1.0,0.0,0.0,0.0,0.0,0.0,0.0,0.0
2009-01-06,0.0,0.0,0.0,100000.0,0.0,1.0,0.0,0.0,0.0,0.0,0.0,0.0,0.0
2009-01-07,0.0,0.0,0.0,100000.0,0.0,1.0,0.0,0.0,0.0,0.0,0.0,0.0,0.0
2009-01-08,0.0,0.0,0.0,100000.0,0.0,1.0,0.0,0.0,0.0,0.0,0.0,0.0,0.0
2009-01-09,0.0,0.0,0.0,100000.0,0.0,1.0,0.0,0.0,0.0,0.0,0.0,0.0,0.0
2009-01-12,0.0,0.0,0.0,100000.0,0.0,1.0,0.0,0.0,0.0,0.0,0.0,0.0,0.0
2009-01-13,0.0,0.0,0.0,100000.0,0.0,1.0,0.0,0.0,0.0,0.0,0.0,0.0,0.0
2009-01-14,0.0,0.0,0.0,100000.0,0.0,1.0,0.0,0.0,0.0,0.0,0.0,0.0,0.0
2009-01-15,0.0,0.0,0.0,100000.0,0.0,1.0,0.0,0.0,0.0,0.0,0.0,0.0,0.0
2009-01-16,0.0,0.0,0.0,100000.0,0.0,1.0,0.0,0.0,0.0,0.0,0.0,0.0,0.0
2009-01-20,0.0,0.0,0.0,100000.0,0.0,1.0,0.0,0.0,0.0,0.0,0.0,0.0,0.0
2009-01-21,0.0,0.0,0.0,100000.0,0.0,1.0,0.0,0.0,0.0,0.0,0.0,0.0,0.0
2009-01-22,0.0,0.0,0.0,100000.0,0.0,1.0,0.0,0.0,0.0,0.0,0.0,0.0,0.0
2009-01-23,0.0,0.0,0.0,100000.0,0.0,1.0,0.0,0.0,0.0,0.0,0.0,0.0,0.0
2009-01-26,0.0,0.0,0.0,100000.0,0.0,1.0,0.0,0.0,0.0,0.0,0.0,0.0,0.0
2009-01-27,0.0,0.0,0.0,100000.0,0.0,1.0,0.0,0.0,0.0,0.0,0.0,0.0,0.0
2009-01-28,0.0,0.0,0.0,100000.0,0.0,1.0,0.0,0.0,0.0,0.0,0.0,0.0,0.0
2009-01-29,0.0,0.0,0.0,100000.0,0.0,1.0,0.0,0.0,0.0,0.0,0.0,0.0,0.0
2009-01-30,0.0,0.0,0.0,100000.0,0.0,1.0,0.0,0.0,0.0,0.0,0.0,0.0,0.0
2009-02-02,0.0,0.0,0.0,100000.0,0.0,1.0,0.0,0.0,0.0,0.0,0.0,0.0,0.0
2009-02-03,0.0,0.0,0.0,100000.0,0.0,1.0,0.0,0.0,0.0,0.0,0.0,0.0,0.0
2009-02-04,0.0,0.0,0.0,100000.0,0.0,1.0,0.0,0.0,0.0,0.0,0.0,0.0,0.0
2009-02-05,0.0,0.0,0.0,100000.0,0.0,1.0,0.0,0.0,0.0,0.0,0.0,0.0,0.0
2009-02-06,0.0,0.0,0.0,100000.0,0.0,1.0,0.0,0.0,0.0,0.0,0.0,0.0,0.0
2009-02-09,0.0,0.0,0.0,100000.0,0.0,1.0,0.0,0.0,0.0,0.0,0.0,0.0,0.0
2009-02-10,0.0,0.0,0.0,100000.0,0.0,1.0,0.0,0.0,0.0,0.0,0.0,0.0,0.0
2009-02-11,0.0,0.0,0.0,100000.0,0.0,1.0,0.0,0.0,0.0,0.0,0.0,0.0,0.0
2009-02-12,0.0,0.0,0.0,100000.0,0.0,1.0,0.0,0.0,0.0,0.0,0.0,0.0,0.0
2009-02-13,0.0,0.0,0.0,100000.0,0.0,1.0,0.0,0.0,0.0,0.0,0.0,0.0,0.0
2009-02-17,0.0,0.0,0.0,100000.0,0.0,1.0,0.0,0.0,0.0,0.0,0.0,0.0,0.0
2009-02-18,0.0,0.0,0.0,100000.0,0.0,1.0,0.0,0.0,0.0,0.0,0.0,0.0,0.0
2009-02-19,0.0,0.0,0.0,100000.0,0.0,1.0,0.0,0.0,0.0,0.0,0.0,0.0,0.0
2009-02-20,0.0,0.0,0.0,100000.0,0.0,1.0,0.0,0.0,0.0,0.0,0.0,0.0,0.0
2009-02-23,0.0,0.0,0.0,100000.0,0.0,1.0,0.0,0.0,0.0,0.0,0.0,0.0,0.0
2009-02-24,0.0,0.0,0.0,100000.0,0.0,1.0,0.0,0.0,0.0,0.0,0.0,0.0,0.0
2009-02-25,0.0,0.0,0.0,100000.0,0.0,1.0,0.0,0.0,0.0,0.0,0.0,0.0,0.0
2009-02-26,0.0,0.0,0.0,100000.0,0.0,1.0,0.0,0.0,0.0,0.0,0.0,0.0,0.0
2009-02-27,0.0,0.0,0.0,100000.0,0.0,1.0,0.0,0.0,0.0,0.0,0.0,0.0,0.0
2009-03-02,0.0,0.0,0.0,100000.0,0.0,1.0,0.0,0.0,0.0,0.0,0.0,0.0,0.0
2009-03-03,0.0,0.0,0.0,100000.0,0.0,1.0,0.0,0.0,0.0,0.0,0.0,0.0,0.0
2009-03-04,0.0,0.0,0.0,100000.0,0.0,1.0,0.0,0.0,0.0,0.0,0.0,0.0,0.0
2009-03-05,0.0,0.0,0.0,100000.0,0.0,1.0,0.0,0.0,0.0,0.0,0.0,0.0,0.0
2009-03-06,0.0,0.0,0.0,100000.0,0.0,1.0,0.0,0.0,0.0,0.0,0.0,0.0,0.0
2009-03-09,0.0,0.0,0.0,100000.0,0.0,1.0,0.0,0.0,0.0,0.0,0.0,0.0,0.0
2009-03-10,0.0,0.0,0.0,100000.0,0.0,1.0,0.0,0.0,0.0,0.0,0.0,0.0,0.0
2009-03-11,0.0,0.0,0.0,100000.0,0.0,1.0,0.0,0.0,0.0,0.0,0.0,0.0,0.0
2009-03-12,0.0,0.0,0.0,100000.0,0.0,1.0,0.0,0.0,0.0,0.0,0.0,0.0,0.0
2009-03-13,0.0,0.0,0.0,100000.0,0.0,1.0,0.0,0.0,0.0,0.0,0.0,0.0,0.0
2009-03-16,0.0,0.0,0.0,100000.0,0.0,1.0,0.0,0.0,0.0,0.0,0.0,0.0,0.0
2009-03-17,0.0,0.0,0.0,100000.0,0.0,1.0,0.0,0.0,0.0,0.0,0.0,0.0,0.0
2009-03-18,0.0,0.0,0.0,100000.0,0.0,1.0,0.0,0.0,0.0,0.0,0.0,0.0,0.0
2009-03-19,0.0,0.0,0.0,100000.0,0.0,1.0,0.0,0.0,0.0,0.0,0.0,0.0,0.0
2009-03-20,0.0,0.0,0.0,100000.0,0.0,1.0,0.0,0.0,0.0,0.0,0.0,0.0,0.0
2009-03-23,0.0,0.0,0.0,100000.0,0.0,1.0,0.0,0.0,0.0,0.0,0.0,0.0,0.0
2009-03-24,0.0,0.0,0.0,100000.0,0.0,1.0,0.0,0.0,0.0,0.0,0.0,0.0,0.0
2009-03-25,0.0,0.0,0.0,100000.0,0.0,1.0,0.0,0.0,0.0,0.0,0.0,0.0,0.0
2009-03-26,0.0,0.0,0.0,100000.0,0.0,1.0,0.0,0.0,0.0,0.0,0.0,0.0,0.0
2009-03-27,0.0,0.0,0.0,100000.0,0.0,1.0,0.0,0.0,0.0,0.0,0.0,0.0,0.0
2009-03-30,0.0,0.0,0.0,100000.0,0.0,1.0,0.0,0.0,0.0,0.0,0.0,0.0,0.0
2009-03-31,0.0,0.0,0.0,100000.0,0.0,1.0,0.0,0.0,0.0,0.0,0.0,0.0,0.0
2009-04-01,0.0,0.0,0.0,100000.0,0.0,1.0,0.0,0.0,0.0,0.0,0.0,0.0,0.0
2009-04-02,0.0,0.0,0.0,100000.0,0.0,1.0,0.0,0.0,0.0,0.0,0.0,0.0,0.0
2009-04-03,0.0,0.0,0.0,100000.0,0.0,1.0,0.0,0.0,0.0,0.0,0.0,0.0,0.0
2009-04-06,0.0,0.0,0.0,100000.0,0.0,1.0,0.0,0.0,0.0,0.0,0.0,0.0,0.0
2009-04-07,-0.0009990009990008,-0.0009990009990009,-0.00033019988806057656,99966.98001119394,0.33053008794863714,0.6694699120513629,0.0,33.019988806057654,0.0,0.0,0.0,0.0,33.019988806057654
2009-04-08,0.0064320257103525,0.0064320257103527,0.002124918005626185,100179.4016469878,0.3294700698440419,0.6705299301559581,0.00212597802373078,0.0,0.0,0.001060018104595217,0.001060018104595217,0.10596680867357375,0.10596680867357375
2009-04-09,0.0499674044715179,0.0499674044715179,0.01645778081954343,101828.13228192693,0.32448664823095685,0.6755133517690431,0.016462764241156516,0.0,0.0,0.004983421613085126,0.004983421613085126,0.49923619535353464,0.49923619535353464
2009-04-13,0.0076265558148684,0.0076265558148684,0.002474654112177788,102080.12168821378,0.32454806996616115,0.6754519300338389,0.0024747155339129925,0.0,0.0,6.14217352043478e-05,6.14217352043478e-05,0.006254460577373815,0.006254460577373815
2009-04-14,-0.0269467393834396,-0.0269467393834394,-0.00874659477404973,101187.26822932129,0.32563058523946753,0.6743694147605325,-0.008745512258776424,0.0,0.0,0.0010825152733063281,0.0010825152733063281,0.11050329082845999,0.11050329082845999
2009-04-15,0.0308821985145137,0.0308821985145138,0.010051910431662843,102204.39358638707,0.3213526411397579,0.6786473588602421,0.010056188375762554,0.0,0.0,0.004277944099709607,0.004277944099709607,0.43287347708735846,0.43287347708735846
2009-04-16,0.0122473389442752,0.0122473389442752,0.003933369929312565,102606.40127476337,0.3190078537756689,0.6809921462243311,0.0039357147166766545,0.0,0.0,0.00234478736408894,0.00234478736408894,0.2396475706357331,0.2396475706357331
2009-04-17,0.0035043003959227,0.0035043003959229,0.0011170184363425918,102721.01451667404,0.31812694182966134,0.6818730581703387,0.0011178993482885995,0.0,0.0,0.0008809119460076453,0.0008809119460076453,0.09038720461979315,0.09038720461979315
2009-04-20,-0.0552687321839646,-0.0552687321839646,-0.01758411250065546,100914.75664123138,0.31976669399785934,0.6802333060021406,-0.017582472748487264,0.0,0.0,0.0016397521681980054,0.0016397521681980054,0.16843700627321506,0.16843700627321506
2009-04-21,0.0367931603006994,0.0367931603006995,0.011761784648045814,102101.69427665547,0.3163241109556948,0.6836758890443052,0.011765227231087978,0.0,0.0,0.0034425830421646046,0.0034425830421646046,0.3474074299172711,0.3474074299172711
2009-04-22,-0.0169410561313843,-0.0169410561313844,-0.005363332008851457,101554.08899158353,0.3118566215149368,0.6881433784850632,-0.005358864519410699,0.0,0.0,0.004467489440757921,0.004467489440757921,0.45613824106445183,0.45613824106445183
2009-04-23,0.028649997449496,0.028649997449496,0.008933753592095696,102461.34819890409,0.3109188025992256,0.6890811974007744,0.008934691411011407,0.0,0.0,0.0009378189157112082,0.0009378189157112082,0.09523934562412642,0.09523934562412642
2009-04-24,0.0216230020475189,0.0216230020475188,0.006721351150144499,103150.02689946615,0.30927204752856063,0.6907279524714394,0.006722997905215164,0.0,0.0,0.0016467550706649736,0.0016467550706649736,0.16872874469371477,0.16872874469371477
2009-04-27,-0.0163023713856929,-0.0163023713856927,-0.005044406623510063,102629.69622055924,0.3118108930143998,0.6881891069856002,-0.005041867778024223,0.0,0.0,0.0025388454858391585,0.0025388454858391585,0.2618819801578974,0.2618819801578974
2009-04-28,-0.0080073780344601,-0.0080073780344603,-0.0024979309024749682,102373.33433085828,0.31066768616840723,0.6893323138315928,-0.0024967876956289757,0.0,0.0,0.0011432068459924503,0.0011432068459924503,0.11732697132146884,0.11732697132146884
2009-04-29,0.0276271245206625,0.0276271245206623,0.008579926521106809,103251.69001713776,0.30773935695456356,0.6922606430454364,0.008582854850320652,0.0,0.0,0.002928329213843727,0.002928329213843727,0.29978282563964326,0.29978282563964326
2009-04-30,0.0041512089164188,0.0041512089164189,0.0012772446242356632,103383.5676831554,0.3074936186673957,0.6925063813326042,0.001277490362522831,0.0,0.0,0.0002457382871678959,0.0002457382871678959,0.02537289345200197,0.02537289345200197
2009-05-01,0.0085981559342445,0.0085981559342445,0.002642457170515346,103656.75433289321,0.30891453023946025,0.6910854697605398,0.0026438780820874108,0.0,0.0,0.0014209115720644765,0.0014209115720644765,0.14689890768230654,0.14689890768230654
2009-05-04,0.0414161535104975,0.0414161535104973,0.012790467618929727,104982.57269267141,0.30533054314853525,0.6946694568514648,0.012794051606020651,0.0,0.0,0.003583987090924945,0.003583987090924945,0.37150446941626764,0.37150446941626764
2009-05-05,-0.0118205558232559,-0.0118205558232559,-0.003611207341149443,104603.45885547089,0.307361154465658,0.692638845534342,-0.00360917672983232,0.0,0.0,0.0020306113171227325,0.0020306113171227325,0.2131788002103985,0.2131788002103985
2009-05-06,0.0307279334371715,0.0307279334371715,0.00944386638285859,105591.31994408682,0.3066544417312919,0.693345558268708,0.009444573095592957,0.0,0.0,0.0007067127343661218,0.0007067127343661218,0.07392459643190395,0.07392459643190395
2009-05-07,-0.0272884327787727,-0.0272884327787729,-0.008368413560043638,104707.68811044382,0.3063600011841481,0.6936399988158519,-0.008368119119496495,0.0,0.0,0.00029444054714378165,0.00029444054714378165,0.03109036601797103,0.03109036601797103
2009-05-08,0.0486727613391471,0.0486727613391471,0.014909164722638308,106268.79228020906,0.30413750232557646,0.6958624976744235,0.01491138722149688,0.0,0.0,0.0022224988585716754,0.0022224988585716754,0.2327127173091404,0.2327127173091404
2009-05-11,-0.0290976802569959,-0.029097680256996,-0.008851345912923742,105328.1704399883,0.30578761841831353,0.6942123815816865,-0.008849695796831005,0.0,0.0,0.0016501160927371306,0.0016501160927371306,0.17535584429731232,0.17535584429731232
2009-05-12,0.0101467750127022,0.0101467750127021,0.0031019044144978184,105654.88835684706,0.30664136968113226,0.6933586303188677,0.003102758165760637,0.0,0.0,0.0008537512628187249,0.0008537512628187249,0.0899240585235259,0.0899240585235259
2009-05-13,-0.0396332231873655,-0.0396332231873655,-0.012155029574691858,104370.65006415882,0.30848510132120405,0.691514898678796,-0.012153185843051787,0.0,0.0,0.0018437316400717885,0.0018437316400717885,0.19479926059177136,0.19479926059177136
2009-05-14,0.0135201240550797,0.0135201240550799,0.004170644398739468,104805.9429312417,0.30859754158832337,0.6914024584116767,0.004170756839006588,0.0,0.0,0.00011244026711926261,0.00011244026711926261,0.011735463772625103,0.011735463772625103
2009-05-15,-0.0103276853817653,-0.0103276853817654,-0.0031878004085613837,104471.84250354582,0.3092996310392404,0.6907003689607596,-0.0031870983191104665,0.0,0.0,0.0007020894509169875,0.0007020894509169875,0.07358314692543261,0.07358314692543261
2009-05-18,0.043635735447483,0.0436357354474829,0.01349306188005936,105881.48753916998,0.3058446370662119,0.6941553629337881,0.013496516874032388,0.0,0.0,0.0034549939730284533,0.0034549939730284533,0.36094958620092865,0.36094958620092865
2009-05-19,0.0015324313009095,0.0015324313009096,0.0004660675906560193,105930.83546896242,0.3084629414658022,0.6915370585341978,0.00046868589505560964,0.0,0.0,0.0026183043995903765,0.0026183043995903765,0.27722996465898236,0.27722996465898236
2009-05-20,0.0049475982877391,0.0049475982877391,0.0015254392037112718,106092.42651826866,0.3091744587817154,0.6908255412182847,0.001526150721027185,0.0,0.0,0.000711517315913124,0.000711517315913124,0.0753716237253109,0.0753716237253109
2009-05-21,-0.0064831273799474,-0.0064831273799477,-0.002004676293194663,105879.74554594,0.30891556449532387,0.6910844355046761,-0.0020044173989082715,0.0,0.0,0.00025889428639142004,0.00025889428639142004,0.027466723054981337,0.027466723054981337
2009-05-22,-0.0042040281390973,-0.0042040281390971,-0.001299803347133995,105742.12269828569,0.310029185885892,0.689970814114108,-0.0012986897257434267,0.0,0.0,0.001113621390568087,0.001113621390568087,0.1179099494678649,0.1179099494678649
2009-05-26,0.0289580586629303,0.0289580586629303,0.00897676961096662,106691.34537192275,0.3089554447483036,0.6910445552516964,0.008977843352104208,0.0,0.0,0.0010737411375883466,0.0010737411375883466,0.1135396671170638,0.1135396671170638
2009-05-27,-0.0161391902238886,-0.0161391902238887,-0.004988898942576873,106159.07303181467,0.31156369382616367,0.6884363061738363,-0.0049862906934990125,0.0,0.0,0.002608249077860003,0.002608249077860003,0.27827760318196065,0.27827760318196065
2009-05-28,0.0060320152296684,0.0060320152296682,0.0018786449398170914,106358.50823718157,0.31085168747213965,0.6891483125278604,0.0018793569461711154,0.0,0.0,0.0007120063540240196,0.0007120063540240196,0.07558593453595198,0.07558593453595198
2009-05-29,0.0242460504765633,0.0242460504765633,0.007536099033522462,107160.03648831467,0.3100250158202026,0.6899749841797974,0.007536925705174399,0.0,0.0,0.0008266716519370609,0.0008266716519370609,0.08792356370199239,0.08792356370199239
2009-06-01,0.0300210167039987,0.0300210167039987,0.00930702208108701,108157.37731412149,0.3097809183114409,0.6902190816885592,0.009307266178595772,0.0,0.0,0.0002440975087616981,0.0002440975087616981,0.02615749794561028,0.02615749794561028
2009-06-02,0.000184497124205,0.0001844971242051,5.52770773016197e-05,108163.35593782805,0.3116575295719207,0.6883424704280793,5.715368856209959e-05,0.0,0.0,0.001876611260479888,0.001876611260479888,0.20296935217165238,0.20296935217165238
2009-06-03,-0.0280660394227135,-0.0280660394227135,-0.008747706918520955,107217.17460076026,0.31237193674182206,0.6876280632581779,-0.008746992511351054,0.0,0.0,0.0007144071699013432,0.0007144071699013432,0.07727267700257538,0.07727267700257538
2009-06-04,0.0087484720758277,0.0087484720758277,0.002732109157441737,107510.10362532202,0.31170392832548494,0.688296071674515,0.0027327771658580743,0.0,0.0,0.0006680084163371847,0.0006680084163371847,0.07162197500920128,0.07162197500920128
2009-06-05,-0.0081297141469205,-0.0081297141469205,-0.0025354901033600324,107237.51282156882,0.313130195927115,0.686869804072885,-0.002534063835758402,0.0,0.0,0.0014262676016301155,0.0014262676016301155,0.15333817764869323,0.15333817764869323
2009-06-08,-0.0003761007170318,-0.0003761007170318,-0.00011996550796900722,107224.64801886983,0.3153272126835958,0.6846727873164042,-0.00011776849121252647,0.0,0.0,0.002197016756480763,0.002197016756480763,0.23560261259230733,0.23560261259230733
2009-06-09,0.0060992507059003,0.0060992507059003,0.0019228741998731252,107430.8275281358,0.315712737360498,0.684287262639502,0.0019232597245500273,0.0,0.0,0.00038552467690211595,0.00038552467690211595,0.0413377477834179,0.0413377477834179
2009-06-10,0.000165639581916,0.000165639581916,4.9895676614357095e-05,107436.18786196456,0.31811158656811256,0.6818884134318874,5.229452582197172e-05,0.0,0.0,0.0023988492076146284,0.0023988492076146284,0.25771035548925236,0.25771035548925236
2009-06-11,0.0088614177256358,0.0088614177256359,0.0028172708854100497,107738.8647060675,0.31976035310290873,0.6802396468970913,0.002818919651944846,0.0,0.0,0.0016487665347961202,0.0016487665347961202,0.1771371911728763,0.1771371911728763
2009-06-12,0.0028207902921919,0.0028207902921919,0.000901164364548684,107835.95513161755,0.3189478177910485,0.6810521822089515,0.000901976899860544,0.0,0.0,0.0008125353118600963,0.0008125353118600963,0.08754163203339728,0.08754163203339728
2009-06-15,-0.0332041432104459,-0.0332041432104458,-0.01059133006135193,106693.82893833745,0.31988886054981525,0.6801111394501848,-0.010590389018593164,0.0,0.0,0.0009410427587666638,0.0009410427587666638,0.10147824471129555,0.10147824471129555
2009-06-16,-0.009276292100089,-0.009276292100089,-0.002967977139694518,106377.16409310198,0.32048349021959416,0.6795165097804059,-0.0029673825100247388,0.0,0.0,0.0005946296697789122,0.0005946296697789122,0.06344331626905134,0.06344331626905134
2009-06-17,-0.0010527412578055,-0.0010527412578055,-0.00033854980987812496,106341.15012442289,0.3216471074980462,0.6783528925019537,-0.00033738619259967293,0.0,0.0,0.0011636172784520449,0.0011636172784520449,0.12378230617146192,0.12378230617146192
2009-06-18,-0.0030829465044963,-0.0030829465044963,-0.000992333775025824,106235.62420947934,0.32093415821468696,0.679065841785313,-0.0009916208257424648,0.0,0.0,0.0007129492833592989,0.0007129492833592989,0.07581584677281092,0.07581584677281092
2009-06-19,0.0180568351771353,0.0180568351771352,0.0057944176294056175,106851.19778326966,0.32157172640432513,0.6784282735956748,0.005795055197595256,0.0,0.0,0.0006375681896382268,0.0006375681896382268,0.06773245460232472,0.06773245460232472
2009-06-22,-0.0364013122374716,-0.0364013122374718,-0.011707184291991787,105600.27111900086,0.3231231988094144,0.6768768011905856,-0.011705632819586698,0.0,0.0,0.001551472405089349,0.001551472405089349,0.16577668481148708,0.16577668481148708
2009-06-23,0.0099186892433336,0.0099186892433336,0.0032047911408917776,105938.69793235879,0.32329065422012904,0.676709345779871,0.003204958596302492,0.0,0.0,0.0001674554107145565,0.0001674554107145565,0.017683336771800808,0.017683336771800808
2009-06-24,0.0073931571669774,0.0073931571669775,0.002389427316960304,106191.83075112157,0.3225793539160159,0.6774206460839841,0.002390138617264417,0.0,0.0,0.0007113003041131495,0.0007113003041131495,0.0753542280566379,0.0753542280566379
2009-06-25,0.0132229900761975,0.0132229900761976,0.004265267670980787,106644.7673337466,0.32277527855295307,0.6772247214470469,0.004265463595617724,0.0,0.0,0.00019592463693718365,0.00019592463693718365,0.020805595885608347,0.020805595885608347
2009-06-26,4.8036450177812995e-05,4.803645017771307e-05,1.4364943333226786e-05,106646.29927978612,0.3216352432993733,0.6783647567006267,1.5504978586806484e-05,0.0,0.0,0.0011400352535796965,0.0011400352535796965,0.12157879437027555,0.12157879437027555
2009-06-29,0.0061176008189425,0.0061176008189425,0.0019672970648609398,106856.10423133754,0.3219742062474765,0.6780257937525235,0.001967636027809043,0.0,0.0,0.00033896294810320526,0.00033896294810320526,0.03614914400817304,0.03614914400817304
2009-06-30,-0.0050456003763741,-0.0050456003763743,-0.0016252177543838737,106682.43979357647,0.3213096280886885,0.6786903719113115,-0.0016245531762250857,0.0,0.0,0.0006645781587880094,0.0006645781587880094,0.07101423300532192,0.07101423300532192
2009-07-01,0.0127386919008407,0.0127386919008408,0.004092518391045124,107119.03964043326,0.32076366213826146,0.6792363378617385,0.004093064356995552,0.0,0.0,0.0005459659504271075,0.0005459659504271075,0.05824497963578265,0.05824497963578265
2009-07-02,-0.0304070759512757,-0.0304070759512758,-0.009754391002862383,106074.15864392935,0.321669627953139,0.678330372046861,-0.009753485037047505,0.0,0.0,0.0009059658148776183,0.0009059658148776183,0.09704618803675301,0.09704618803675301
2009-07-06,0.0048191693667438,0.0048191693667438,0.0015501804172436988,106238.59272743476,0.0,1.0,0.0018737237689658037,34.31958881875918,0.0,0.0,0.0,0.0,34.31958881875918
2009-07-07,0.0,0.0,0.0,106238.59272743476,0.0,1.0,0.0,0.0,0.0,0.0,0.0,0.0,0.0
2009-07-08,0.0,0.0,0.0,106238.59272743476,0.0,1.0,0.0,0.0,0.0,0.0,0.0,0.0,0.0
2009-07-09,0.0,0.0,0.0,106238.59272743476,0.0,1.0,0.0,0.0,0.0,0.0,0.0,0.0,0.0
2009-07-10,0.0,0.0,0.0,106238.59272743476,0.0,1.0,0.0,0.0,0.0,0.0,0.0,0.0,0.0
2009-07-13,0.0,0.0,0.0,106238.59272743476,0.0,1.0,0.0,0.0,0.0,0.0,0.0,0.0,0.0
2009-07-14,0.0,0.0,0.0,106238.59272743476,0.0,1.0,0.0,0.0,0.0,0.0,0.0,0.0,0.0
2009-07-15,0.0,0.0,0.0,106238.59272743476,0.0,1.0,0.0,0.0,0.0,0.0,0.0,0.0,0.0
2009-07-16,0.0,0.0,0.0,106238.59272743476,0.0,1.0,0.0,0.0,0.0,0.0,0.0,0.0,0.0
2009-07-17,-0.0001999999999999,-0.0002,-0.0002,106217.34500888929,0.20004000800160032,0.7999599919983997,0.0,21.247718545486954,0.0,0.0,0.0,0.0,21.247718545486954
2009-07-20,0.0042850074011817,0.0042850074011817,0.004285007401181726,106672.48711838626,0.20345321686273102,0.796546783137269,0.004285007401181726,0.0,0.0,0.0,0.0,0.0,0.0
2009-07-21,0.0023952342287194,0.0023952342287194,0.00239523422871948,106927.99271079485,0.205356573996322,0.794643426003678,0.00239523422871948,0.0,0.0,0.0,0.0,0.0,0.0
2009-07-22,0.000597459808622,0.0005974598086221,0.0005974598086221286,106991.87788885618,0.20583105802041074,0.7941689419795892,0.0005974598086221286,0.0,0.0,0.0,0.0,0.0,0.0
2009-07-23,0.0070152275681634,0.0070152275681634,0.007015227568163403,107742.45026019165,0.2113635223794735,0.7886364776205265,0.007015227568163403,0.0,0.0,0.0,0.0,0.0,0.0
2009-07-24,0.0017045315560244,0.0017045315560245,0.0017045315560245084,107926.10066658354,0.21270549071443565,0.7872945092855643,0.0017045315560245084,0.0,0.0,0.0,0.0,0.0,0.0
2009-07-27,0.0004438949153926,0.0004438949153927,0.00044389491539273846,107974.0085139076,0.21305481168222262,0.7869451883177774,0.00044389491539273846,0.0,0.0,0.0,0.0,0.0,0.0
2009-07-28,-0.001774812169369,-0.001774812169369,-0.0017748121693690695,107782.37492962155,0.21165564853358665,0.7883443514664134,-0.0017748121693690695,0.0,0.0,0.0,0.0,0.0,0.0
2009-07-29,-0.0044449295028323,-0.0044449295028322,-0.004444929502832284,107303.28987141156,0.20813586829232458,0.7918641317076754,-0.004444929502832284,0.0,0.0,0.0,0.0,0.0,0.0
2009-07-30,0.0063250793261186,0.0063250793261187,0.006325079326118759,107981.99169180174,0.21311299104465942,0.7868870089553406,0.006325079326118759,0.0,0.0,0.0,0.0,0.0,0.0
2009-07-31,0.0022184274230929,0.002218427423093,0.0022184274230930114,108221.54190337104,0.21485477873462494,0.7851452212653751,0.0022184274230930114,0.0,0.0,0.0,0.0,0.0,0.0
2009-08-03,0.0075995824660815,0.0075995824660815,0.007599582466081505,109043.9804356722,0.22077655159031875,0.7792234484096813,0.007599582466081505,0.0,0.0,0.0,0.0,0.0,0.0
2009-08-04,-0.0008053772565354,-0.0008053772565354,-0.0008053772565354693,108956.1588938672,0.2201484769101476,0.7798515230898524,-0.0008053772565354693,0.0,0.0,0.0,0.0,0.0,0.0
2009-08-05,0.0017587532569249,0.0017587532569252,0.0017587532569252108,109147.78589318386,0.2215176353045147,0.7784823646954853,0.0017587532569252108,0.0,0.0,0.0,0.0,0.0,0.0
2009-08-06,-0.0018288869126977,-0.0018288869126978,-0.0018288869126978002,108948.16693601388,0.22009127043591617,0.7799087295640839,-0.0018288869126978002,0.0,0.0,0.0,0.0,0.0,0.0
2009-08-07,0.0013192120712448,0.0013192120712447,0.0013192120712447852,109091.89267297588,0.22111877994348053,0.7788812200565195,0.0013192120712447852,0.0,0.0,0.0,0.0,0.0,0.0
2009-08-10,-0.0029277826941437,-0.0029277826941438,-0.0029277826941438174,108772.49531753654,0.21883168888097274,0.7811683111190273,-0.0029277826941438174,0.0,0.0,0.0,0.0,0.0,0.0
2009-08-11,-0.0005137938141023,-0.0005137938141022,-0.0005137938141022021,108716.60868229793,0.21843012311293955,0.7815698768870605,-0.0005137938141022021,0.0,0.0,0.0,0.0,0.0,0.0
2009-08-12,0.001983083316621,0.0019830833166209,0.0019830833166209244,108932.20277521541,0.21997697376285058,0.7800230262371495,0.0019830833166209244,0.0,0.0,0.0,0.0,0.0,0.0
2009-08-13,0.0040315019580234,0.0040315019580234,0.004031501958023461,109371.3631639955,0.22310901130494548,0.7768909886950546,0.004031501958023461,0.0,0.0,0.0,0.0,0.0,0.0
2009-08-14,-0.0056215683378191,-0.0056215683378191,-0.005621568337819131,108756.52457176865,0.21871697539092752,0.7812830246090725,-0.005621568337819131,0.0,0.0,0.0,0.0,0.0,0.0
2009-08-17,-0.0082964223958386,-0.0082964223958385,-0.008296422395838571,107854.23450561786,0.21218089532704937,0.7878191046729506,-0.008296422395838571,0.0,0.0,0.0,0.0,0.0,0.0
2009-08-18,0.0031835158874831,0.0031835158874829,0.0031835158874829964,108197.59017469881,0.21468097093282745,0.7853190290671725,0.0031835158874829964,0.0,0.0,0.0,0.0,0.0,0.0
2009-08-19,0.0028044155064923,0.0028044155064924,0.002804415506492476,108501.02117434985,0.21687717273310295,0.7831228272668971,0.002804415506492476,0.0,0.0,0.0,0.0,0.0,0.0
2009-08-20,0.0004414821338656,0.0004414821338657,0.00044148213386578075,108548.92243670452,0.2172227549016106,0.7827772450983894,0.00044148213386578075,0.0,0.0,0.0,0.0,0.0,0.0
2009-08-21,0.0057376248071459,0.0057376248071458,0.005737624807145835,109171.73542686633,0.22168841476076823,0.7783115852392317,0.005737624807145835,0.0,0.0,0.0,0.0,0.0,0.0
2009-08-24,-0.0017553004315372,-0.0017553004315372,-0.0017553004315372363,108980.10623255989,0.22031984184269368,0.7796801581573063,-0.0017553004315372363,0.0,0.0,0.0,0.0,0.0,0.0
2009-08-25,-0.0010990849835816,-0.0010990849835817,-0.0010990849835817275,108860.32783429054,0.21946196420844077,0.7805380357915592,-0.0010990849835817275,0.0,0.0,0.0,0.0,0.0,0.0
2009-08-26,-0.0008068367834394,-0.0008068367834393,-0.0008068367834393992,108772.49531753657,0.21883168888097274,0.7811683111190273,-0.0008068367834393992,0.0,0.0,0.0,0.0,0.0,0.0
2009-08-27,0.0015415832387066,0.0015415832387066,0.0015415832387066682,108940.17717315038,0.22003407128344443,0.7799659287165556,0.0015415832387066682,0.0,0.0,0.0,0.0,0.0,0.0
2009-08-28,0.0013926496519678,0.0013926496519679,0.0013926496519679956,109091.89267297593,0.22111877994348053,0.7788812200565195,0.0013926496519679956,0.0,0.0,0.0,0.0,0.0,0.0
2009-08-31,-0.0029277826941437,-0.0029277826941438,-0.0029277826941438174,108772.4953175366,0.21883168888097274,0.7811683111190273,-0.0029277826941438174,0.0,0.0,0.0,0.0,0.0,0.0
2009-09-01,-0.006459987076142,-0.0064599870761419,-0.0064599870761419985,108069.8264035456,0.21375254045365383,0.7862474595463462,-0.0064599870761419985,0.0,0.0,0.0,0.0,0.0,0.0
2009-09-02,0.0019949314725704,0.0019949314725705,0.0019949314725705115,108285.41830147324,0.21531792741621308,0.7846820725837869,0.0019949314725705115,0.0,0.0,0.0,0.0,0.0,0.0
2009-09-03,0.0030970753631254,0.0030970753631253,0.003097075363125382,108620.78640268047,0.2177406435965047,0.7822593564034953,0.003097075363125382,0.0,0.0,0.0,0.0,0.0,0.0
2009-09-04,0.0030139768287056,0.0030139768287057,0.003013976828705704,108948.16693601392,0.22009127043591617,0.7799087295640839,0.003013976828705704,0.0,0.0,0.0,0.0,0.0,0.0
2009-09-08,0.0030048394808381,0.0030048394808381,0.003004839480838185,109275.53868938822,0.22242775023122552,0.7775722497687745,0.003004839480838185,0.0,0.0,0.0,0.0,0.0,0.0
2009-09-09,0.0010230781445312,0.0010230781445312,0.0010230781445312901,109387.33610475322,0.22322245436133112,0.7767775456386689,0.0010230781445312901,0.0,0.0,0.0,0.0,0.0,0.0
2009-09-10,0.0012409549303553,0.0012409549303553,0.0012409549303553761,109523.08085881086,0.22418520555553959,0.7758147944444604,0.0012409549303553761,0.0,0.0,0.0,0.0,0.0,0.0
2009-09-11,0.0002915815215931,0.0002915815215931,0.0002915815215931171,109555.01576537725,0.22441135287339914,0.7755886471266009,0.0002915815215931171,0.0,0.0,0.0,0.0,0.0,0.0
2009-09-14,0.0028424567821969,0.0028424567821969,0.002842456782196982,109866.42116296323,0.22660968142970472,0.7733903185702953,0.002842456782196982,0.0,0.0,0.0,0.0,0.0,0.0
2009-09-15,0.0050147371084243,0.0050147371084243,0.005014737108424379,110417.37238213893,0.2304686787027091,0.769531321297291,0.005014737108424379,0.0,0.0,0.0,0.0,0.0,0.0
2009-09-16,0.0031819561485193,0.0031819561485193,0.003181956148519373,110768.71561909362,0.23290952694990152,0.7670904730500985,0.003181956148519373,0.0,0.0,0.0,0.0,0.0,0.0
2009-09-17,-0.0010813377910893,-0.0010813377910892,-0.0010813377910892864,110648.93722082427,0.2320791451089422,0.7679208548910578,-0.0010813377910892864,0.0,0.0,0.0,0.0,0.0,0.0
2009-09-18,-0.0001231705608393,-0.0001231705608393,-0.00012317056083934133,110635.30852917052,0.2319845482150126,0.7680154517849874,-0.00012317056083934133,0.0,0.0,0.0,0.0,0.0,0.0
2009-09-21,-0.0025186777353591,-0.002518677735359,-0.002523060554946626,110356.16894623621,0.36887486789085255,0.6311251321091474,-0.002319141563671867,18.925088356714927,0.0,0.03286068621543868,0.03286068621543868,3.635552157925319,22.560640514640244
2009-09-22,0.0051254539500076,0.0051254539500076,0.004391174276455893,110840.76211656115,0.36859216256221317,0.6314078374377868,0.004393947513045599,0.0,0.0,0.0027732365897055753,0.0027732365897055753,0.30604376562143243,0.30604376562143243
2009-09-23,-0.0058604453478195,-0.0058604453478195,-0.00498981765686561,110287.6869246515,0.3690439568169914,0.6309560431830086,-0.0049865227923850996,0.0,0.0,0.0032948644805108436,0.0032948644805108436,0.36520529009060926,0.36520529009060926
2009-09-24,-0.0048183719026982,-0.0048183719026982,-0.004139992598510247,109831.09671707662,0.36988729233382134,0.6301127076661787,-0.004136779255191612,0.0,0.0,0.003213343318635318,0.003213343318635318,0.3543922019070726,0.3543922019070726
2009-09-25,-0.0037900351731287,-0.0037900351731287,-0.0032843156928723674,109470.37672256335,0.3698917044161627,0.6301082955838373,-0.0032824235886297513,0.0,0.0,0.0018921042426161077,0.0018921042426161077,0.20781188406956072,0.20781188406956072
2009-09-28,0.0058580777069268,0.0058580777069268,0.005096076526914304,110028.24613977167,0.3693115221432396,0.6306884778567604,0.005099572347152994,0.0,0.0,0.0034958202386900297,0.0034958202386900297,0.3826887584837589,0.3826887584837589
2009-09-29,-0.0039678297108947,-0.0039678297108946,-0.0034237002728313773,109651.54240344377,0.36936245629080655,0.6306375437091934,-0.0034216852254215667,0.0,0.0,0.0020150474098104758,0.0020150474098104758,0.2217121323899364,0.2217121323899364
2009-09-30,-0.0005365171856209,-0.000536517185621,-0.0005217845253508023,109594.3279254368,0.4256725914360494,0.5743274085639506,-0.00046520720895479534,0.0,0.0,0.05657731639600702,0.05657731639600702,6.203790007869818,6.203790007869818
2009-10-01,-0.0138688515491935,-0.0138688515491935,-0.0139157224460531,108069.2436763647,0.3707244103506805,0.6292755896493195,-0.013868851549193588,0.0,0.0,0.04687089685951333,0.04687089685951333,5.136784440580829,5.136784440580829
2009-10-02,-0.0035313371371907,-0.0035313371371908,-0.003136808252526232,107730.2511809564,0.3707205049552593,0.6292794950447407,-0.0031349798604791033,0.0,0.0,0.0018283920471287283,0.0018283920471287283,0.19759294567708183,0.19759294567708183
2009-10-05,0.0049550799857827,0.0049550799857827,0.004413661894515356,108205.73608548037,0.38448908816944305,0.615510911830557,0.004779464771066817,20.338086888489947,0.0,0.17701572841488333,0.17701572841488333,19.06994888511534,39.40803577360529
2009-10-06,0.0173835524841559,0.017383552484156,0.008159102503593502,109088.59777767859,0.38346840797292436,0.6165315920270756,0.00816157572297801,0.0,0.0,0.00247321938450816,0.00247321938450816,0.2676165240015842,0.2676165240015842
2009-10-07,0.0066284852469598,0.0066284852469598,0.003091363806988593,109425.83032060362,0.3832489238350775,0.6167510761649224,0.003092129982687258,0.0,0.0,0.0007661756986649363,0.0007661756986649363,0.0835810326186911,0.0835810326186911
2009-10-08,0.014246837772188,0.014246837772188,0.006494339251198081,110136.47878554967,0.5228302577894861,0.4771697422105139,0.006632764378309743,0.0,0.0,0.13842512711166247,0.13842512711166247,15.147284471428765,15.147284471428765
2009-10-09,0.0017370273338641,0.0017370273338642,0.0009038149875718127,110236.02178575442,0.5229072644295543,0.47709273557044574,0.0009038962609881375,0.0,0.0,8.127341632482777e-05,8.127341632482777e-05,0.00895116789288854,0.00895116789288854
2009-10-12,-0.0033945056897244,-0.0033945056897243,-0.001624251629798051,110056.97074770647,0.5358807657346757,0.4641192342653243,-0.0014894523110178964,8.115330151234993,0.0,0.06118154829305121,0.06118154829305121,6.74441049051898,14.859740641753975
2009-10-13,0.0033660224894094,0.0033660224894093,0.000785510774038367,110143.4216839868,0.5154158789855136,0.48458412101448645,0.0009578996191267762,10.583809946406035,0.0,0.07622219726499906,0.07622219726499906,8.388784134719913,18.972594081125948
2009-10-14,0.0222118561310393,0.0222118561310395,0.013272921628733624,111605.34668791892,0.5131752205225888,0.4868247794774112,0.0132769511608025,0.0,0.0,0.0040295320688757885,0.0040295320688757885,0.44382644985133374,0.44382644985133374
2009-10-15,-0.0031353491477709,-0.0031353491477709,-0.0021501705086769967,111365.37616285989,0.5139152544396243,0.48608474556037573,-0.0021488888712629583,0.0,0.0,0.0012816374140384916,0.0012816374140384916,0.14303758792197374,0.14303758792197374
2009-10-16,-0.0152822105710942,-0.0152822105710941,-0.010065199449355808,110244.46144002817,0.3468716772440041,0.6531283227559959,-0.009852426640915308,20.87420174790094,0.0,0.025333925125683165,0.025333925125683165,2.821322101303433,23.695523849204374
2009-10-19,0.015457044317227,0.015457044317227,0.00897604075749868,111234.02021920234,0.7194780182152213,0.2805219817847787,0.00941384971022269,44.79284339153844,0.0,0.03150424764904967,0.03150424764904967,3.473168815142754,48.2660122066812
2009-10-20,-0.0064313889954474,-0.0064313889954474,-0.004029229415911485,110785.83283288506,0.7212111102868557,0.2787888897131443,-0.004028099345771511,0.0,0.0,0.0011300701399748624,0.0011300701399748624,0.12570224479908068,0.12570224479908068
2009-10-21,-0.0046874642400969,-0.0046874642400968,-0.0030964750609156176,110442.78726441525,0.7216191593386729,0.27838084066132707,-0.003096352649419238,0.0,0.0,0.00012241149637952345,0.00012241149637952345,0.013561459574725201,0.013561459574725201
2009-10-22,0.0061385095060888,0.0061385095060888,0.0036972774128640373,110851.12488718172,0.7242176074135812,0.2757823925864188,0.0037006004784583325,0.0,0.0,0.003323065594295159,0.003323065594295159,0.3670086264964379,0.3670086264964379
2009-10-23,-0.0103623329499046,-0.0103623329499045,-0.009877147915761159,109756.23193004252,0.7205163077313473,0.27948369226865266,-0.009875842703866015,0.0,0.0,0.0013052118951436353,0.0013052118951436353,0.14468420679280228,0.14468420679280228
2009-10-26,-0.0073061920721028,-0.0073061920721028,-0.004545873327081643,109257.29400283075,0.7240109836331321,0.2759890163668679,-0.004543105084089501,0.0,0.0,0.002768242992141468,0.002768242992141468,0.30383191988419384,0.30383191988419384
2009-10-27,-0.0055435041323893,-0.0055435041323893,-0.003792042244963431,108842.98572840163,0.7261565295742919,0.2738434704257081,-0.0037901213810466205,0.0,0.0,0.0019208639168101908,0.0019208639168101908,0.20986839369836005,0.20986839369836005
2009-10-28,-0.0280608262073012,-0.0280608262073012,-0.01738807747071877,106950.41546041184,0.7379310139454985,0.26206898605450146,-0.017379386682913753,0.0,0.0,0.008690787805019529,0.008690787805019529,0.9459312930303077,0.9459312930303077
2009-10-29,0.0241492820033235,0.0241492820033237,0.01647424999088552,108712.34334133573,0.7421704222102185,0.25782957778978155,0.016479798491181204,0.0,0.0,0.005548500295682819,0.005548500295682819,0.5934144118054954,0.5934144118054954
2009-10-30,-0.0278027231060041,-0.0278027231060041,-0.018175596303355586,106736.4316755718,0.7514541658417293,0.2485458341582707,-0.018168848578109093,0.0,0.0,0.006747725246492692,0.006747725246492692,0.7335610237697128,0.7335610237697128
2009-11-02,0.0166812791364887,0.0166812791364882,0.011404851814333395,107953.74486202243,0.7449157139463156,0.2550842860536844,0.011410283790747239,0.0,0.0,0.005431976413843317,0.005431976413843317,0.5797897793595048,0.5797897793595048
2009-11-03,-0.0020064759039778,-0.0020064759039774,-0.0013406922366333714,107809.01211437042,0.7448187471766662,0.2551812528233338,-0.0013404407451281638,0.0,0.0,0.00025149150520762645,0.00025149150520762645,0.027149449788150093,0.027149449788150093
2009-11-04,0.0085698913067839,0.0085698913067838,0.0046118494564929965,108306.21104829512,0.7405655631815387,0.25943443681846134,0.004614349002272735,0.0,0.0,0.002499545779738439,0.002499545779738439,0.2694735612482448,0.2694735612482448
2009-11-05,0.0163313878963649,0.0163313878963649,0.010636465726850284,109458.20635011532,0.7370234809557594,0.2629765190442406,0.01063857531552443,0.0,0.0,0.002109588674146698,0.002109588674146698,0.22848155616722535,0.22848155616722535
2009-11-06,-0.0030619915878618,-0.0030619915878617,-0.00280687131137188,109150.97125091695,0.7354825664961329,0.26451743350386714,-0.002805881204988193,0.0,0.0,0.0009901063836866215,0.0009901063836866215,0.10837526885413666,0.10837526885413666
2009-11-09,0.0257061822644124,0.0257061822644123,0.016603961139208232,110963.309735874,0.730964636420656,0.269035363579344,0.016606236504656757,0.0,0.0,0.002275365448526207,0.002275365448526207,0.2483583486574138,0.2483583486574138
2009-11-10,-0.0070736932495958,-0.0070736932495957,-0.0053100085154495665,110374.09361627404,0.5353891144978757,0.46461088550212426,-0.005115759302043116,21.518888722840632,0.0,0.00032124952305471273,0.00032124952305471273,0.03564691032922188,21.554535633169856
2009-11-11,0.0021387710518634,0.0021387710518634,0.0011222767970757049,110497.96390053786,0.5349704330571811,0.46502956694281894,0.0011226731247112112,0.0,0.0,0.0003963276355063583,0.0003963276355063583,0.04374430354409533,0.04374430354409533
2009-11-12,-0.0149280321139938,-0.0149280321139939,-0.009844304083751485,109410.18834326557,0.5352357150319856,0.46476428496801436,-0.00984215457521151,0.0,0.0,0.0021495085399760366,0.0021495085399760366,0.23751631705416992,0.23751631705416992
2009-11-13,0.0119635568429092,0.0119635568429091,0.007598212506028987,110241.51020462236,0.5340699004147728,0.46593009958522724,0.007600561405250398,0.0,0.0,0.002348899221410794,0.002348899221410794,0.2569935062139049,0.2569935062139049
2009-11-16,0.0151414387699799,0.0151414387699799,0.009079008405895896,111242.39380244879,0.44267954916121216,0.5573204508387879,0.009461753939810533,9.917383457214784,0.0,0.29278501506101323,0.29278501506101323,32.27706222560921,42.19444568282399
2009-11-17,-0.0064953284687551,-0.0064953284687549,-0.0029323844184353403,110916.18834019304,0.4021909818422835,0.5978090181577165,-0.002793009885003453,10.561506130555646,0.0,0.044433155693186274,0.044433155693186274,4.942850603506947,15.504356734062593
2009-11-18,-0.0092697430285618,-0.0092697430285618,-0.004668051830704023,110398.42582415689,0.3538587115882016,0.6461412884117984,-0.004518471146813288,10.880735977921411,0.0,0.051481965022495156,0.051481965022495156,5.710183328558303,16.590919306479716
2009-11-19,-0.0122321171809903,-0.0122321171809903,-0.007132046138540218,109611.05915755678,0.3539671157737629,0.6460328842262371,-0.007129102390936441,0.0,0.0,0.002943747603776535,0.002943747603776535,0.3249851014805634,0.3249851014805634
2009-11-20,-0.0014033960432598,-0.0014033960432598,-0.0008256084376607279,109520.56334225537,0.35281443141628704,0.6471855685837129,-0.0008247842424964616,0.0,0.0,0.0008241951642663658,0.0008241951642663658,0.09034090490777286,0.09034090490777286
2009-11-23,0.0127317987790342,0.0127317987790344,0.007286429719588017,110318.5772298984,0.7347544726916616,0.2652455273083384,0.007698403833105052,43.5754943647399,0.0,0.014099111463173799,0.014099111463173799,1.5441426300720449,45.11963699481195
2009-11-24,-0.0114568274114805,-0.0114568274114807,-0.008640879523742706,109365.32769482414,0.7339869884757569,0.26601301152424306,-0.008640336998659983,0.0,0.0,0.0005425250827229961,0.0005425250827229961,0.05985059523753386,0.05985059523753386
2009-11-25,0.0102676554018474,0.0102676554018475,0.008729465841773053,110320.02858721044,0.7366854920472884,0.2633145079527116,0.008730981830634608,0.0,0.0,0.0015159888615553338,0.0015159888615553338,0.16579661862570247,0.16579661862570247
2009-11-27,-0.0296237498646667,-0.0296237498646666,-0.018480222977022686,108281.28986008727,0.44527448881479115,0.5547255111852089,-0.018185062578474347,0.0,0.0,0.29516039854834103,0.29516039854834103,32.562103605665406,32.562103605665406
2009-11-30,0.0156423866327095,0.0156423866327093,0.006662670458655926,109002.73241126323,0.7477597418818555,0.25224025811814454,0.00696515571172299,0.0,0.0,0.3024852530670644,0.3024852530670644,32.75349336575666,32.75349336575666
2009-12-01,0.030624083451372,0.0306240834513721,0.02356818292380542,111571.7287479265,0.7498117117600588,0.2501882882399412,0.02356958467800189,0.0,0.0,0.0014017541964665924,0.0014017541964665924,0.1527950375838133,0.1527950375838133
2009-12-02,-9.257991370681395e-05,-9.257991370683544e-05,-0.0007493738428000013,111488.11981280684,0.747906631330762,0.25209336866923804,-0.000748147555264986,0.0,0.0,0.0012262875350153575,0.0012262875350153575,0.1368190202236969,0.1368190202236969
2009-12-03,0.0011439696258304,0.0011439696258306,0.0030998999599233944,111833.72183094651,0.7524783502595985,0.24752164974040147,0.003102227600877594,0.0,0.0,0.0023276409541996158,0.0023276409541996158,0.2595043135830028,0.2595043135830028
2009-12-04,0.0076307652440579,0.0076307652440578,0.004424564760432981,112328.5373755878,0.7502679331096372,0.24973206689036276,0.004425468630525278,0.0,0.0,0.0009038700922970248,0.0009038700922970248,0.10108315647325743,0.10108315647325743
2009-12-07,-0.0111212520098393,-0.0111212520098394,-0.007809305493213945,111451.32951161594,0.7503694274260134,0.24963057257398658,-0.0078088659173103465,0.0,0.0,0.0004395759035983748,0.0004395759035983748,0.04937691831675782,0.04937691831675782
2009-12-08,-0.0112359704037703,-0.0112359704037703,-0.005971301565410431,110785.82001323614,0.7560638881047572,0.24393611189524278,-0.005968098124308067,0.0,0.0,0.0032034411023636675,0.0032034411023636675,0.3570277698705873,0.3570277698705873
2009-12-09,0.0016644871485831,0.001664487148583,0.0014921005933230345,110951.12360100968,0.7567191835135713,0.24328081648642874,0.0014925222140914512,0.0,0.0,0.00042162076841667734,0.00042162076841667734,0.04670960256365233,0.04670960256365233
2009-12-10,-0.0027760264432447,-0.0027760264432445,-0.0030120229346056785,110616.93627210316,0.7515364754607975,0.2484635245392025,-0.003007749828998802,0.0,0.0,0.00427310560687661,0.00427310560687661,0.4741058683487342,0.4741058683487342
2009-12-11,0.0036212803142154,0.0036212803142153,0.00314867633018337,110965.23320106053,0.752621650433256,0.24737834956674398,0.003149335237795634,0.0,0.0,0.0006589076122641537,0.0006589076122641537,0.07288634135502756,0.07288634135502756
2009-12-14,0.0033025488413165,0.0033025488413167,0.0020831512961249827,111196.39057042814,0.7528055459495226,0.24719445405047735,0.0020837357029895587,0.0,0.0,0.0005844068645757934,0.0005844068645757934,0.06484884401195351,0.06484884401195351
2009-12-15,-0.0096419144261499,-0.0096419144261498,-0.006978654528776494,110420.38937579021,0.7534670068036896,0.2465329931963104,-0.006978276006640168,0.0,0.0,0.0003785221363257163,0.0003785221363257163,0.04209029531042719,0.04209029531042719
2009-12-16,0.0041043600898107,0.0041043600898107,0.005018363403531514,110974.51901683737,0.7582800561889627,0.24171994381103734,0.0050212555811965315,0.0,0.0,0.0028921776650168898,0.0028921776650168898,0.3193553839151287,0.3193553839151287
2009-12-17,-0.0220408968145635,-0.0220408968145634,-0.015310074929153508,109275.49081546282,0.7625658826118638,0.23743411738813625,-0.01530722673517888,0.0,0.0,0.0028481939746280763,0.0028481939746280763,0.316076956401005,0.316076956401005
2009-12-18,-0.0028726210873051,-0.0028726210873052,-0.002043261580881739,109052.2124033476,0.7628165317571393,0.23718346824286074,-0.0020431587604667753,0.0,0.0,0.00010282041496375324,0.00010282041496375324,0.011235751311013693,0.011235751311013693
2009-12-21,-0.0005139419254324,-0.0005139419254324,-0.0008312927069515836,108961.55809449975,0.7610492128361357,0.2389507871638643,-0.0008299635333480933,0.0,0.0,0.0013291736034903112,0.0013291736034903112,0.14494932212874836,0.14494932212874836
2009-12-22,0.0045724823828263,0.0045724823828264,0.004073810574210219,109405.44684204753,0.7635007918959965,0.2364992081040035,0.004075669080124622,0.0,0.0,0.001858505914402672,0.001858505914402672,0.20250570016115813,0.20250570016115813
2009-12-23,0.0073050472779909,0.0073050472779908,0.004840372349235382,109935.00994179753,0.7621112289522203,0.23788877104777972,0.004841030873940411,0.0,0.0,0.0006585247050288197,0.0006585247050288197,0.07204618961020556,0.07204618961020556
2009-12-24,0.0107296669085765,0.0107296669085766,0.007548918450291947,110764.90036668019,0.7621348519253868,0.23786514807461323,0.007549563047010598,0.0,0.0,0.0006445967186510587,0.0006445967186510587,0.07086374667335421,0.07086374667335421
2009-12-28,-0.0029805783208518,-0.0029805783208517,-0.002452233574135462,110493.27895916523,0.7612500100461155,0.23874998995388452,-0.0024515291967241817,0.0,0.0,0.0007043774112804644,0.0007043774112804644,0.07802029378102075,0.07802029378102075
2009-12-29,-0.0002813980947803,-0.0002813980947804,0.0005291614205430288,110551.7477396197,0.7631653317515227,0.23683466824847732,0.0005303319863866902,0.0,0.0,0.0011705658436614473,0.0011705658436614473,0.12933965830375488,0.12933965830375488
2009-12-30,-0.0041639389388131,-0.0041639389388131,-0.004369227447277536,110068.72200905127,0.7598035859498251,0.2401964140501749,-0.004367059960415926,0.0,0.0,0.0021674868616104012,0.0021674868616104012,0.2396194607536931,0.2396194607536931
2009-12-31,-0.0008065426305127,-0.0008065426305125,-0.0019529021069931939,109853.76856992574,0.5960804135379352,0.40391958646206483,-0.0016407712345120457,26.121162237918906,0.0,0.07481402386932448,0.07481402386932448,8.234683995651203,34.355846233570105
2010-01-04,0.0159326999476829,0.0159326999476828,0.015932699947682833,111604.03570267257,0.602415015794978,0.397584984205022,0.015932699947682833,0.0,0.0,0.0,0.0,0.0,0.0
2010-01-05,0.0038479446943706,0.0038479446943707,0.0038479446943707517,112033.48185972501,0.6039390364782091,0.3960609635217909,0.0038479446943707517,0.0,0.0,0.0,0.0,0.0,0.0
2010-01-06,0.0020556747373561,0.002055674737356,0.002055674737356096,112263.7862581221,0.6047515387549693,0.39524846124503066,0.002055674737356096,0.0,0.0,0.0,0.0,0.0,0.0
2010-01-07,-0.0052136982671799,-0.0052136982671799,-0.005212690620558535,111678.589872466,0.9738725231925244,0.026127476807475625,-0.004818844659542626,42.808596151968,0.0,0.012524454064944809,0.012524454064944809,1.4060426341466326,44.21463878611463
2010-01-08,0.0079100290169882,0.0079100290169883,0.007769451638622899,112546.27127554972,0.8159647633681381,0.18403523663186194,0.007956040731610447,19.326296073529505,0.0,0.013536262578428023,0.013536262578428023,1.511710716902272,20.838006790431777
2010-01-11,0.0021865495145851,0.0021865495145851,0.0021865495145851235,112792.35927037566,0.8163662875729067,0.18363371242709325,0.0021865495145851235,0.0,0.0,0.0,0.0,0.0,0.0
2010-01-12,-0.0062835152730138,-0.0062835152730139,-0.006283515273013964,112083.62675822097,0.8152051261607633,0.18479487383923665,-0.006283515273013964,0.0,0.0,0.0,0.0,0.0,0.0
2010-01-13,-0.0018816120117584,-0.0018816120117583,-0.0018816120117583607,111872.72885979124,0.8148567584134984,0.18514324158650164,-0.0018816120117583607,0.0,0.0,0.0,0.0,0.0,0.0
2010-01-14,0.0039540860587585,0.0039540860587585,0.003954086058758568,112315.08325733102,0.8155859474477343,0.18441405255226573,0.003954086058758568,0.0,0.0,0.0,0.0,0.0,0.0
2010-01-15,-0.0070880927633638,-0.0070880927633638,-0.007088092763363822,111518.98352847811,0.8142694722379686,0.18573052776203136,-0.007088092763363822,0.0,0.0,0.0,0.0,0.0,0.0
2010-01-19,0.0081739965310543,0.0081739965310542,0.008173996531054257,112430.53931298658,0.8157753240997121,0.1842246759002879,0.008173996531054257,0.0,0.0,0.0,0.0,0.0,0.0
2010-01-20,-0.0219445559565625,-0.0219445559565625,-0.0219445559565625,109963.30105180625,0.8116418889928432,0.18835811100715683,-0.0219445559565625,0.0,0.0,0.0,0.0,0.0,0.0
2010-01-21,-0.0081498379775761,-0.0081498379775762,-0.008149837977576204,109067.1179647546,0.810094187389064,0.18990581261093598,-0.008149837977576204,0.0,0.0,0.0,0.0,0.0,0.0
2010-01-22,-0.011692608333491,-0.0116926083334909,-0.01169260833349093,107791.83887233006,0.8078474225607968,0.19215257743920322,-0.01169260833349093,0.0,0.0,0.0,0.0,0.0,0.0
2010-01-25,0.0087538578027019,0.0087538578027018,0.008753857802701836,108735.43330211018,0.8095149020220296,0.19048509797797042,0.008753857802701836,0.0,0.0,0.0,0.0,0.0,0.0
2010-01-26,-0.0116096101051438,-0.0116096101051438,-0.011609610105143832,107473.05731685882,0.8072774685736939,0.19272253142630613,-0.011609610105143832,0.0,0.0,0.0,0.0,0.0,0.0
2010-01-27,-0.0057630643691652,-0.0057630643691653,-0.005763064369165356,106853.68316959075,0.8061603582409405,0.19383964175905954,-0.005763064369165356,0.0,0.0,0.0,0.0,0.0,0.0
2010-01-28,-0.0031152196407554,-0.0031152196407553,-0.003115219640755305,106520.81047709378,0.8055546181684046,0.19444538183159543,-0.003115219640755305,0.0,0.0,0.0,0.0,0.0,0.0
2010-01-29,-0.0096798725908334,-0.0096798725908334,-0.009679872590833515,105489.7026034032,0.6214675521138969,0.3785324478861031,-0.00949926906712233,19.238033720734443,0.0,0.0,0.0,0.0,19.238033720734443
2010-02-01,0.0102268812328711,0.0102268812328712,0.010226881232871295,106568.53326321911,0.6252995689204531,0.37470043107954687,0.010226881232871295,0.0,0.0,0.0,0.0,0.0,0.0
2010-02-02,0.009676902083717,0.009676902083717,0.009676902083717059,107599.78652481263,0.6288907567299398,0.37110924327006023,0.009676902083717059,0.0,0.0,0.0,0.0,0.0,0.0
2010-02-03,-0.0043467163160813,-0.0043467163160813,-0.004346716316081301,107132.08077711838,0.6272706077993784,0.3727293922006216,-0.004346716316081301,0.0,0.0,0.0,0.0,0.0,0.0
2010-02-04,-0.0169466255167628,-0.0169466255167627,-0.016946625516762764,105316.55352335698,0.6208452136217377,0.3791547863782623,-0.016946625516762764,0.0,0.0,0.0,0.0,0.0,0.0
2010-02-05,-0.0030642590879133,-0.0030642590879134,-0.0030642590879134354,104993.83631711532,0.6196798140355793,0.38032018596442074,-0.0030642590879134354,0.0,0.0,0.0,0.0,0.0,0.0
2010-02-08,-0.0050584062770206,-0.0050584062770207,-0.005058406277020703,104462.73483644033,0.6177462191109151,0.3822537808890849,-0.005058406277020703,0.0,0.0,0.0,0.0,0.0,0.0
2010-02-09,0.0089753085646255,0.0089753085646256,0.008975308564625611,105400.32011510205,0.6211465457634624,0.3788534542365376,0.008975308564625611,0.0,0.0,0.0,0.0,0.0,0.0
2010-02-10,0.0008213468086415,0.0008213468086415,0.0008213468086415381,105486.89033165839,0.6214574604702401,0.3785425395297599,0.0008213468086415381,0.0,0.0,0.0,0.0,0.0,0.0
2010-02-11,0.0072860167095771,0.0072860167095772,0.007286016709577257,106255.46957725618,0.6241955777701399,0.3758044222298601,0.007286016709577257,0.0,0.0,0.0,0.0,0.0,0.0
2010-02-12,-0.0067070069504084,-0.0067070069504083,-0.006707006950408416,105542.81340428263,1.0,0.0,-0.006331577957171792,39.89138396927397,0.0,0.0,0.0,0.0,39.89138396927397
2010-02-16,0.0155176743328178,0.0155176743328177,0.015517674332817716,107180.59241085964,1.0,0.0,0.015517674332817716,0.0,0.0,0.0,0.0,0.0,0.0
2010-02-17,-0.00236940900216,-0.0023694090021601,-0.0023694090021601716,106926.63775034448,1.0000000000000002,-2.220446049250313e-16,-0.0023694090021601716,0.0,0.0,0.0,0.0,0.0,0.0
2010-02-18,0.0020355383499646,0.0020355383499647,0.0020355383499647416,107144.29102211811,1.0,0.0,0.0020355383499647416,0.0,0.0,0.0,0.0,0.0,0.0
2010-02-19,-0.0081198852728666,-0.0081198852728667,-0.008119885272866759,106274.29167137586,0.9999999999999999,1.1102230246251565e-16,-0.008119885272866759,0.0,0.0,0.0,0.0,0.0,0.0
2010-02-22,0.0042667542946459,0.004266754294646,0.004266754294646061,106727.73796177514,1.0,0.0,0.004266754294646061,0.0,0.0,0.0,0.0,0.0,0.0
2010-02-23,-0.0061909288248314,-0.0061909288248313,-0.006190928824831326,106066.99413241856,0.5665288316027617,0.4334711683972383,-0.0057597100267872065,46.02300688184435,0.0,0.0,0.0,0.0,46.02300688184435
2010-02-24,0.0043018448024305,0.0043018448024303,0.004301844802430397,106523.2778798365,0.5683855698955602,0.4316144301044398,0.004301844802430397,0.0,0.0,0.0,0.0,0.0,0.0
2010-02-25,0.0013701119924709,0.0013701119924709,0.0013701119924709427,106669.22670033698,0.5689761208813819,0.43102387911861806,0.0013701119924709427,0.0,0.0,0.0,0.0,0.0,0.0
2010-02-26,0.0076786051060533,0.0076786051060534,0.007678605106053426,107488.29756913696,0.5722605631055798,0.4277394368944202,0.007678605106053426,0.0,0.0,0.0,0.0,0.0,0.0
2010-03-01,0.0047739473051056,0.0047739473051055,0.004776057914152253,108001.66790342078,0.548442704283445,0.451557295716555,0.005175977489062185,20.130360398064724,0.0,0.2126400211974286,0.2126400211974286,22.856313873576802,42.986674271641526
2010-03-02,0.0103813241922987,0.0103813241922987,0.004708901399642929,108510.23710857498,0.5443489079422014,0.45565109205779863,0.004712023743179784,0.0,0.0,0.0031223435368557717,0.0031223435368557717,0.33721830974788936,0.33721830974788936
2010-03-03,0.0057682997918218,0.0057682997918218,0.002426708263089849,108773.55979759617,0.5425972199812719,0.45740278001872814,0.002427751819891129,0.0,0.0,0.001043556801279927,0.001043556801279927,0.11323659594315093,0.11323659594315093
2010-03-04,0.000366458081239,0.0003664580812389,0.0006599666029311976,108845.34671434453,0.5445487434497671,0.4554512565502329,0.0006614556793239569,0.0,0.0,0.0014890763927592825,0.0014890763927592825,0.16197214005099064,0.16197214005099064
2010-03-05,0.0103941065128547,0.0103941065128548,0.003578925925296741,109234.89614754842,0.5411191311081855,0.45888086889181445,0.003580297132413036,0.0,0.0,0.0013712071162948814,0.0013712071162948814,0.1492495139902929,0.1492495139902929
2010-03-08,-0.0017409777112629,-0.0017409777112628,-0.001279819222528765,109095.09522768785,0.5402707362943285,0.45972926370567146,-0.001279308648154521,0.0,0.0,0.0005105743742439041,0.0005105743742439041,0.05577253874613239,0.05577253874613239
2010-03-09,-0.0017353849868404,-0.0017353849868405,-0.0007788742921507144,109010.12386261528,0.5411458698710925,0.4588541301289075,-0.0007781588545780148,0.0,0.0,0.000715437572699551,0.000715437572699551,0.07805073012312336,0.07805073012312336
2010-03-10,-0.0031103634568389,-0.0031103634568388,-0.0016690959588891085,108828.17550539819,0.5401838478338833,0.4598161521661167,-0.0016681188484313928,0.0,0.0,0.000977110457715811,0.000977110457715811,0.10651493202305727,0.10651493202305727
2010-03-11,0.004101675180796,0.0041016751807961,0.002223789303913506,109070.1864380515,0.5402118166146664,0.45978818338533356,0.0022238091555145363,0.0,0.0,1.985160103054698e-05,1.985160103054698e-05,0.00216041352101551,0.00216041352101551
2010-03-12,0.0015119760052599,0.0015119760052599,0.0012655130580155136,109208.21618322904,0.5412678567279345,0.45873214327206546,0.0012661204433451834,0.0,0.0,0.0006073853296697305,0.0006073853296697305,0.0662476311468149,0.0662476311468149
2010-03-15,-0.0028499927417959,-0.0028499927417957,-0.001435152433781642,109051.48574598473,0.5417810894591935,0.45821891054080655,-0.001434747371426786,0.0,0.0,0.00040506235485604557,0.00040506235485604557,0.04423613721680686,0.04423613721680686
2010-03-16,0.0122070958206861,0.012207095820686,0.00636166134695663,109745.23436768315,0.5410721033202561,0.4589278966797439,0.006362121913814486,0.0,0.0,0.000460566857855612,0.000460566857855612,0.050225500134514246,0.050225500134514246
2010-03-17,0.0063997429797639,0.0063997429797641,0.003339525546916206,110111.73138150634,0.5415789218786649,0.45842107812133515,0.00334015415429792,0.0,0.0,0.0006286073817137926,0.0006286073817137926,0.06898666443143583,0.06898666443143583
2010-03-18,-0.0043421249941192,-0.0043421249941192,-0.002304147141250803,109858.01775042545,0.5428444204550136,0.4571555795449864,-0.002302930527784907,0.0,0.0,0.001216613465896315,0.001216613465896315,0.13396341515189847,0.13396341515189847
2010-03-19,-0.0111270731984818,-0.0111270731984818,-0.005060585486061764,109302.07186027012,0.544537790727023,0.455462209272977,-0.005059883533434817,0.0,0.0,0.0007019526269469242,0.0007019526269469242,0.07711512415109298,0.07711512415109298
2010-03-22,0.0056880934250951,0.005688093425095,0.0027385490048730866,109601.40094039364,0.5442705121209429,0.4557294878790571,0.0027386384406289112,0.0,0.0,8.943575582453347e-05,8.943575582453347e-05,0.00977551341001073,0.00977551341001073
2010-03-23,0.0066257873919761,0.0066257873919761,0.002640360273771024,109890.7881253863,0.5423933797983066,0.4576066202016934,0.0026412788156288695,0.0,0.0,0.0009185418578454956,0.0009185418578454956,0.10067347444225823,0.10067347444225823
2010-03-24,-0.0117850363227316,-0.0117850363227316,-0.007113862325499525,109109.04018782168,0.5406100303656487,0.4593899696343513,-0.00711280825319538,0.0,0.0,0.0010540723041459706,0.0010540723041459706,0.1158328362437426,0.1158328362437426
2010-03-25,-0.0124021124547244,-0.0124021124547244,-0.0063010555669038345,108421.53806274668,0.5418570403747334,0.45814295962526663,-0.006300218124666392,0.0,0.0,0.0008374422374425629,0.0008374422374425629,0.0913725187400999,0.0913725187400999
2010-03-26,0.0110045408038321,0.0110045408038323,0.005344471617831765,109000.99389568469,0.5407964729178918,0.4592035270821082,0.005344920944744215,0.0,0.0,0.0004493269124499631,0.0004493269124499631,0.04871671494081012,0.04871671494081012
2010-03-29,0.012777449812829,0.0127774498128289,0.005555229269266256,109606.5194073531,0.5385341507253575,0.4614658492746425,0.005556154826935668,0.0,0.0,0.0009255576694124169,0.0009255576694124169,0.100886705873727,0.100886705873727
2010-03-30,0.0029201270355139,0.0029201270355138,0.00162407853312242,109784.52900261286,0.54116413054543,0.45883586945457,0.0016266546038929532,0.0,0.0,0.0025760707705331193,0.0025760707705331193,0.2823541509051534,0.2823541509051534
2010-03-31,0.0007017744365356,0.0007017744365357,0.000932536605664262,109886.90709464342,0.5419566034772724,0.45804339652272763,0.0009327764650938266,0.0,0.0,0.00023985942956459397,0.00023985942956459397,0.026332854501584343,0.026332854501584343
2010-04-01,0.0169137866129143,0.0169137866129144,0.0076319991471051505,110725.56387586777,0.5388812765681872,0.4611187234318128,0.007633566999767069,0.0,0.0,0.0015678526619188533,0.0015678526619188533,0.17228647979836642,0.17228647979836642
2010-04-05,0.0071163105539793,0.0071163105539791,0.001829900234754326,110928.18061119752,0.5348893907292915,0.46511060927070846,0.0018319033302573516,0.0,0.0,0.0020030955030256813,0.0020030955030256813,0.22179387906973355,0.22179387906973355
2010-04-06,-0.0005028668761215,-0.0005028668761214,-9.379937353855835e-05,110917.77561734841,0.5349984231221732,0.46500157687782684,-9.37330726778456e-05,0.0,0.0,6.630086071275531e-05,6.630086071275531e-05,0.0073546338518223715,0.0073546338518223715
2010-04-07,-5.4112875115475134e-05,-5.411287511548039e-05,0.0010201300100783851,111030.9261689068,0.5037381700919737,0.49626182990802625,0.0011647453662496305,9.819804592390255,0.0,0.05608306693505227,0.05608306693505227,6.22060903423486,16.040413626625114
2010-04-08,0.0004117725938845,0.0004117725938845,0.00025783922309695676,111059.55429664993,0.5024724687535844,0.4975275312464156,0.000259156634203947,0.0,0.0,0.00131741110699023,0.00131741110699023,0.14627337535433,0.14627337535433
2010-04-09,0.0045742635819958,0.0045742635819958,0.0026775190318053276,111356.91836694303,0.5021888752439394,0.4978111247560606,0.0026781806353181246,0.0,0.0,0.0006616035127970786,0.0006616035127970786,0.07347739125234148,0.07347739125234148
2010-04-12,-0.0029495631786832,-0.0029495631786832,-0.0012266572573305888,111220.32159487424,0.5023912764121291,0.4976087235878709,-0.0012266042716757208,0.0,0.0,5.298565486803074e-05,5.298565486803074e-05,0.005900319243758318,0.005900319243758318
2010-04-13,-0.0007181923830446,-0.0007181923830445,-0.00023227003874556966,111194.48844646811,0.5081984300290889,0.49180156997091107,-4.4444050565817304e-05,9.34070990512505,0.0,0.10384214627764861,0.10384214627764861,11.549356904102053,20.890066809227104
2010-04-14,0.0061712661547628,0.0061712661547628,0.0019278330392843192,111408.85285508152,0.5059647420168885,0.49403525798311154,0.0019288667715432481,0.0,0.0,0.0010337322589289172,0.0010337322589289172,0.11494532972221286,0.11494532972221286
2010-04-15,0.0001806110564648,0.0001806110564648,0.00017990952502824025,111428.89636888265,0.5053524226974425,0.4946475773025575,0.00018061105646486667,0.0,0.0,0.0007015314366264383,0.0007015314366264383,0.07815681259632881,0.07815681259632881
2010-04-16,-0.0171456093286759,-0.0171456093286757,-0.00648461196377977,110706.32321437821,0.5078831313836849,0.4921168686163151,-0.006484299565016694,0.0,0.0,0.00031239876307638867,0.00031239876307638867,0.03481024939660604,0.03481024939660604
2010-04-19,-0.0005912937222419,-0.0005912937222422,-0.00048413866234770257,110652.72600314375,0.5060105074048595,0.49398949259514047,-0.0004824482863100308,0.0,0.0,0.0016903760376717279,0.0016903760376717279,0.18713531598032626,0.18713531598032626
2010-04-20,0.0037520915219937,0.0037520915219937,0.0019050868913194612,110863.5290609411,0.5065093522232034,0.49349064777679663,0.001905578781187103,0.0,0.0,0.0004918898676417763,0.0004918898676417763,0.054428954747888114,0.054428954747888114
2010-04-21,0.003074887115253,0.0030748871152529,0.001966972777972196,111081.59460467388,0.5017916470429071,0.49820835295709287,0.0021570656718366975,12.294388588164795,0.0,0.07919629249971274,0.07919629249971274,8.779980475060695,21.07436906322549
2010-04-22,0.0019139408213526,0.0019139408213526,0.0008191332145014851,111172.58522833437,0.5009405006371977,0.49905949936280225,0.0008198440739649758,0.0,0.0,0.0007108594634905826,0.0007108594634905826,0.07896340274435687,0.07896340274435687
2010-04-23,0.0062884327346171,0.0062884327346169,0.00315529141543355,111523.36713213689,0.49923773018077056,0.5007622698192294,0.003157001013327123,0.0,0.0,0.001709597893572621,0.001709597893572621,0.19006041752938313,0.19006041752938313
2010-04-26,0.0021603964420686,0.0021603964420688,0.0012492013640297396,111662.68227447954,0.4956376050058676,0.5043623949941324,0.0012529755373130126,0.0,0.0,0.0037741732832729073,0.0037741732832729073,0.4209085126907469,0.4209085126907469
2010-04-27,-0.0133151193090711,-0.0133151193090709,-0.006162955688116921,110974.51011160565,0.7040554439650505,0.2959445560349495,-0.005957851686454548,22.039583984321656,0.0,0.007727550233901502,0.007727550233901502,0.8628789865282235,22.902462970849882
2010-04-28,0.0044868785429346,0.0044868785429344,0.0029658576568996607,111303.64471214083,0.6942410757038691,0.30575892429613094,0.0032274068723210183,17.839355693168386,0.0,0.1007973844357777,0.1007973844357777,11.185940358291614,29.02529605146
2010-04-29,0.0118052120136522,0.0118052120136522,0.010455054927122695,112467.33043119521,0.6945778098471226,0.3054221901528774,0.010456953099446938,0.0,0.0,0.001898172324243714,0.001898172324243714,0.21127349798004091,0.21127349798004091
2010-04-30,-0.0052958513108768,-0.0052958513108769,-0.0048638325801828135,111920.30816523777,0.5859488952673104,0.4140511047326896,-0.004664221917216212,17.231837046923225,0.0,0.046394284656055135,0.046394284656055135,5.217841342531482,22.44967838945471
2010-05-03,0.0055412073503477,0.005541207350348,0.005541207350348083,112540.4817994962,0.5882305949213806,0.41176940507861937,0.005541207350348083,0.0,0.0,0.0,0.0,0.0,0.0
2010-05-04,-0.0128453201769798,-0.0128453201769797,-0.012873142482792798,111091.73214220913,0.8430851990996531,0.15691480090034693,-0.01245033981489218,36.8082074352099,0.0,0.09573629279136608,0.09573629279136608,10.774208516437975,47.58241595164788
2010-05-05,-0.0084964423264948,-0.0084964423264948,-0.006610955431217317,110357.30965224025,0.8449707761030538,0.15502922389694618,-0.006607855949229499,0.0,0.0,0.0030994819878181834,0.0030994819878181834,0.3443268227702996,0.3443268227702996
2010-05-06,-0.0155504854066179,-0.0155504854066179,-0.01268962539890559,108956.91673272228,0.941860303879634,0.05813969612036596,-0.01259329091717001,0.0,0.0,0.09633448173558054,0.09633448173558054,10.631214231081545,10.631214231081545
2010-05-07,-0.0006257596259801,-0.0006257596259799,-0.0003324162666845408,108920.69768123252,0.555064438907752,0.44493556109224797,5.488494966659693e-05,24.24229299373352,0.0,0.16480691566161576,0.16480691566161576,17.95685338671945,42.19914638045297
2010-05-10,0.0270484083598212,0.0270484083598211,0.016153470050201114,110680.14490907332,0.5411895086627532,0.45881049133724683,0.016168469425805077,0.0,0.0,0.014999375603964412,0.014999375603964412,1.6337424555666622,1.6337424555666622
2010-05-11,-0.0046309683729603,-0.0046309683729602,-0.003132871016879475,110333.39829094366,0.5450536369580331,0.4549463630419669,-0.002919268558292423,10.361801023877247,0.0,0.11998312846790746,0.11998312846790746,13.279750045471959,23.641551069349205
2010-05-12,0.0112963811582569,0.0112963811582571,0.0045293803440587255,110833.14021645587,0.3762643211151241,0.6237356788848759,0.004700460001302328,18.77484652656199,0.0,0.0009149852822290781,0.0009149852822290781,0.10095343557453237,18.875799962136522
2010-05-13,-0.0131573546959486,-0.0131573546959488,-0.006202316494222521,110145.71800278488,0.3759024333747006,0.6240975666252995,-0.006201410937946863,0.0,0.0,0.0009055562756581574,0.0009055562756581574,0.10036564567391211,0.10036564567391211
2010-05-14,-0.020051165417669,-0.0200511654176689,-0.009475054038740714,109102.0813725726,0.3755117560233143,0.6244882439766857,-0.009473468911875546,0.0,0.0,0.0015851268651679096,0.0015851268651679096,0.174594936689423,0.174594936689423
2010-05-17,0.000255990923685,0.000255990923685,0.00012143973350416702,109115.33070025923,0.37551741657597515,0.6244825834240249,0.00012145939826544211,0.0,0.0,1.9664761275092508e-05,1.9664761275092508e-05,0.0021454663848073574,0.0021454663848073574
2010-05-18,-0.0182691822664919,-0.018269182266492,-0.008717939422856962,108164.06985710935,0.3847330836534957,0.6152669163465043,-0.00857450744833815,8.345703893702646,0.0,0.06694681115869326,0.06694681115869326,7.304923438908621,15.650627332611267
2010-05-19,-0.001760278764214,-0.0017602787642138,-0.0006856562942060093,108089.9064818049,0.38463458788864413,0.6153654121113559,-0.0006855661417925286,0.0,0.0,9.015241348057375e-05,9.015241348057375e-05,0.009751251949499787,0.009751251949499787
2010-05-20,-0.045016909575868,-0.0450169095758679,-0.017532555381980154,106194.8142101796,0.3802369829959612,0.6197630170040388,-0.01752838115349371,0.0,0.0,0.004174228486442506,0.004174228486442506,0.45119196673325646,0.45119196673325646
2010-05-21,0.0269688696553465,0.0269688696553464,0.010385111511577096,107297.65919770353,0.3785478545864923,0.6214521454135077,0.0103869295318188,0.0,0.0,0.0018180202417041368,0.0018180202417041368,0.1930643217981166,0.1930643217981166
2010-05-24,-0.0224851144385452,-0.0224851144385454,-0.00861966654282022,106372.78915459417,0.3774127999081268,0.6225872000918732,-0.008618640897285411,0.0,0.0,0.0010256455348097648,0.0010256455348097648,0.1100493650516645,0.1100493650516645
2010-05-25,0.0107054942137161,0.0107054942137161,0.00409156023794418,106808.01982909831,0.37668376524320923,0.6233162347567908,0.004092340672475007,0.0,0.0,0.0007804345308266191,0.0007804345308266191,0.08301699779658457,0.08301699779658457
2010-05-26,-0.0062943538743288,-0.0062943538743287,-0.0024016168360578255,106551.50789045075,0.37617584548781424,0.6238241545121858,-0.0024011392656806824,0.0,0.0,0.00047757037714304,0.00047757037714304,0.05100834631168378,0.05100834631168378
2010-05-27,0.0418252205031188,0.0418252205031187,0.015932542467821022,108249.14431492571,0.3738617058988192,0.6261382941011808,0.015935049933741827,0.0,0.0,0.0025074659208049145,0.0025074659208049145,0.2671742748456812,0.2671742748456812
2010-05-28,-0.0193367571870349,-0.0193367571870349,-0.007319471756128253,107456.81776048757,0.37235616743796457,0.6276438325620355,-0.007318056752031959,0.0,0.0,0.0014150040962943086,0.0014150040962943086,0.15317298262597365,0.15317298262597365
2010-06-01,-0.0304730049598914,-0.0304730049598912,-0.011489008731106823,106222.24544302037,0.3721461288921659,0.6278538711078341,-0.011488945293901105,0.0,0.0,6.343720571735118e-05,6.343720571735118e-05,0.006816760254003965,0.006816760254003965
2010-06-02,0.0330665027058592,0.0330665027058592,0.0124625815573103,107546.04884005463,0.37025948793744934,0.6297405120625507,0.012464622158518412,0.0,0.0,0.002040601208111662,0.002040601208111662,0.21675724237936084,0.21675724237936084
2010-06-03,-0.0043372132771264,-0.0043372132771265,-0.0016261018151677523,107371.1680148217,0.3703630434547911,0.6296369565452089,-0.0016259780884422008,0.0,0.0,0.00012372672555167056,0.00012372672555167056,0.013306320468999997,0.013306320468999997
2010-06-04,-0.038781333399544,-0.038781333399544,-0.014792219826200144,105782.91009455059,0.373030847579395,0.626969152420605,-0.014400811853923216,25.786013076958344,0.0,0.15125026929469898,0.15125026929469898,16.239918076728152,42.02593115368649
2010-06-07,-0.0091297404314442,-0.0091297404314441,-0.005761401654615067,105173.45226130186,0.37330165178423447,0.6266983482157655,-0.005758756088170544,0.0,0.0,0.002645566444523251,0.002645566444523251,0.27985571735016296,0.27985571735016296
2010-06-08,0.0117950595531994,0.0117950595531994,0.007489807198013209,105961.18114108845,0.37310348195562393,0.6268965180443761,0.007493059290716258,0.0,0.0,0.003252092703049181,0.003252092703049181,0.3420338166534712,0.3420338166534712
2010-06-09,-0.004273476655592,-0.0042734766555919,-0.0028573447514898187,105658.41351629331,0.5750083487524117,0.4249916512475883,-0.0024404456648264364,31.110928813029425,0.0,0.12329223481445009,0.12329223481445009,13.064190826463557,44.17511963949298
2010-06-10,0.0317480986653011,0.0317480986653011,0.015634124275344757,107310.29028394281,0.5672157606424195,0.4327842393575805,0.01563938132161917,0.0,0.0,0.005257046274413802,0.005257046274413802,0.5554511691363027,0.5554511691363027
2010-06-11,0.0061478099131797,0.0061478099131799,0.0028139853598710424,107612.25986976533,0.5655362084438561,0.4344637915561439,0.002814996881201412,0.0,0.0,0.0010115213303693426,0.0010115213303693426,0.10854664759033418,0.10854664759033418
2010-06-14,-0.0056674002180797,-0.0056674002180799,-0.002583686494591622,107334.22352728732,0.5663354281352859,0.4336645718647141,-0.0025835124254843314,0.0,0.0,0.00017406910729050602,0.00017406910729050602,0.018731970009044,0.018731970009044
2010-06-15,0.0239633157212335,0.0239633157212337,0.01309450240166457,108739.7117750462,0.5645258097622,0.4354741902378,0.01309584771927419,0.0,0.0,0.0013453176096186788,0.0013453176096186788,0.14439862102600715,0.14439862102600715
2010-06-16,-0.0017020500736512,-0.0017020500736512,-0.001418751936526657,108585.43709838802,0.5637116203795454,0.43628837962045464,-0.0014183960721120762,0.0,0.0,0.00035586441458074105,0.00035586441458074105,0.03869659387250533,0.03869659387250533
2010-06-17,-6.765372860373375e-06,-6.765372860366972e-06,0.0014258231622857136,108740.2607296898,0.5661728494382902,0.43382715056170984,0.001426853714231865,0.0,0.0,0.0010305519461512595,0.0010305519461512595,0.11190293352542896,0.11190293352542896
2010-06-18,0.009086675957266,0.0090866759572661,0.006624942489128289,109460.65870327681,0.5687710841441933,0.4312289158558067,0.0066260726206104955,0.0,0.0,0.0011301314822060341,0.0011301314822060341,0.12289079203391497,0.12289079203391497
2010-06-21,-0.0027006897688222,-0.002700689768822,-0.0036314058829811603,109063.16262330674,0.5648639547203075,0.4351360452796925,-0.0036295979465250203,0.0,0.0,0.0018079364561402124,0.0018079364561402124,0.1978979153827756,0.1978979153827756
2010-06-22,-0.0178799525836531,-0.0178799525836532,-0.007797345320008793,108212.75948264053,0.5683716026258848,0.4316283973741152,-0.007796183167000375,0.0,0.0,0.001162153008417406,0.001162153008417406,0.1267480825501927,0.1267480825501927
2010-06-23,-0.0042610218315355,-0.0042610218315354,-0.003370745170702502,107848.00184620604,0.5666458482913224,0.43335415170867764,-0.0033699716014435645,0.0,0.0,0.0007735692589376157,0.0007735692589376157,0.08371006416058067,0.08371006416058067
2010-06-24,-0.0169293662083268,-0.0169293662083267,-0.007411571540181657,107048.67866505725,0.5706081349846926,0.42939186501530735,-0.007409829973980923,0.0,0.0,0.001741566200733073,0.001741566200733073,0.1878244348319505,0.1878244348319505
2010-06-25,0.0162985093035648,0.0162985093035645,0.01002347237494191,108121.67813843049,0.5740998821689842,0.4259001178310158,0.010026249580505683,0.0,0.0,0.0027772055637735275,0.0027772055637735275,0.2972961859832015,0.2972961859832015
2010-06-28,-0.0121556771074796,-0.0121556771074796,-0.007390212180910857,107322.63599563134,0.5728135871635359,0.4271864128364641,-0.007389341709436332,0.0,0.0,0.0008704714745247403,0.0008704714745247403,0.09411683659724897,0.09411683659724897
2010-06-29,-0.0309394126736398,-0.0309394126736398,-0.015991651248304324,105606.36982974049,0.5761229977082153,0.4238770022917847,-0.015990129534469745,0.0,0.0,0.0015217138345793423,0.0015217138345793423,0.16331433995807512,0.16331433995807512
2010-06-30,-0.0069860200004638,-0.0069860200004637,-0.0028157325532858746,105309.01053637656,0.5773379593737024,0.42266204062629764,-0.0028157299320401147,0.0,0.0,2.621245759738234e-06,2.621245759738234e-06,0.00027682024911755503,0.00027682024911755503
2010-07-01,-0.0135520966148492,-0.0135520966148492,-0.011041226982131268,104146.26984778077,0.5711162592544651,0.4288837407455349,-0.011038263562298721,0.0,0.0,0.0029634198325475024,0.0029634198325475024,0.31207481036945217,0.31207481036945217
2010-07-02,-0.0047818595769227,-0.0047818595769226,-0.002115031140230066,103925.99724391391,0.5724940559597369,0.4275059440402631,-0.002114273031508056,0.0,0.0,0.0007581087220102651,0.0007581087220102651,0.07895419553643729,0.07895419553643729
2010-07-06,0.0027939265502143,0.0027939265502142,0.0009387229501891562,104023.55496264808,0.571295695272616,0.42870430472738397,0.0009392629069726111,0.0,0.0,0.0005399567834549132,0.0005399567834549132,0.056115547189167926,0.056115547189167926
2010-07-07,0.0342861833180065,0.0342861833180066,0.01759254058302675,105853.59357491918,0.5671836757377609,0.43281632426223915,0.017594725840773356,0.0,0.0,0.002185257746605605,0.002185257746605605,0.22731827931158066,0.22731827931158066
2010-07-08,0.0104252295246576,0.0104252295246577,0.0046106752565994,106341.65011963718,0.5641700922403111,0.4358299077596889,0.004612401641080911,0.0,0.0,0.001726384481510669,0.001726384481510669,0.18274400125987797,0.18274400125987797
2010-07-09,0.0146711467028171,0.0146711467028167,0.007510560633682008,107140.33553074654,0.5624082532947943,0.43759174670520573,0.007511568086238547,0.0,0.0,0.0010074525565391635,0.0010074525565391635,0.10713416727962172,0.10713416727962172
2010-07-12,-0.0067722245893363,-0.0067722245893362,-0.0037764676303059606,106735.72352171455,0.5627102986757411,0.43728970132425893,-0.0037761983635478703,0.0,0.0,0.00026926675809018686,0.00026926675809018686,0.02884933080905898,0.02884933080905898
2010-07-13,0.0203147643160046,0.0203147643160048,0.010572977791224257,107864.23795603988,0.5581380166943744,0.44186198330562565,0.01057671247421023,0.0,0.0,0.0037346829859734396,0.0037346829859734396,0.3986240906321124,0.3986240906321124
2010-07-14,-0.0014878845978023,-0.0014878845978024,0.0001382835553727749,107879.15380636201,0.5595408542310395,0.4404591457689605,0.0001387157880148645,0.0,0.0,0.00043223264208958485,0.00043223264208958485,0.0466224445587188,0.0466224445587188
2010-07-15,-0.0011251352437283,-0.0011251352437283,-0.0005755124954449797,107817.06800534842,0.5609983839430934,0.4390016160569066,-0.000574110476848991,0.0,0.0,0.0014020185959885867,0.0014020185959885867,0.15124857975603245,0.15124857975603245
2010-07-16,-0.0289891042811619,-0.0289891042811619,-0.016023538530156117,106089.45706195627,0.5604744466742888,0.4395255533257112,-0.01602276735230284,0.0,0.0,0.0007711778532771593,0.0007711778532771593,0.08314613505100209,0.08314613505100209
2010-07-19,-0.0009195983160901,-0.0009195983160902,-0.0017504499434831536,105903.75277783802,0.5575920201320029,0.44240797986799707,-0.0017488020428943769,0.0,0.0,0.0016479005887767425,0.0016479005887767425,0.17482487875540267,0.17482487875540267
2010-07-20,0.0194901228916717,0.0194901228916716,0.00926658048898271,106885.11842703917,0.5533878631931393,0.44661213680686074,0.009269216881724378,0.0,0.0,0.0026363927416683452,0.0026363927416683452,0.27920388513893096,0.27920388513893096
2010-07-21,-0.0079278681530422,-0.007927868153042,-0.0037169307789912736,106487.83384054157,0.5531557539480546,0.4468442460519454,-0.003716022142452567,0.0,0.0,0.0009086365387068328,0.0009086365387068328,0.09711972404681479,0.09711972404681479
2010-07-22,0.0232333598490808,0.0232333598490806,0.01292892547425364,107864.60710818064,0.5530268377840442,0.44697316221595584,0.012929130094957723,0.0,0.0,0.00020462070408177766,0.00020462070408177766,0.021789615536594968,0.021789615536594968
2010-07-23,0.0114921112284931,0.0114921112284929,0.005255278379772211,108431.46564585889,0.5508140732002345,0.44918592679976554,0.005256404589819275,0.0,0.0,0.0011262100470649647,0.0011262100470649647,0.12147820424794804,0.12147820424794804
2010-07-26,0.0074515770327285,0.0074515770327285,0.003710330599488271,108833.78223079207,0.5500130892312192,0.44998691076878083,0.0037107408026957668,0.0,0.0,0.0004102032074959015,0.0004102032074959015,0.04447893500141297,0.04447893500141297
2010-07-27,-0.0088405759235186,-0.0088405759235185,-0.006772648082161546,108096.68932429233,0.5479819216883651,0.4520180783116349,-0.006772544063312066,0.0,0.0,0.00010401884947997785,0.00010401884947997785,0.011320764812201447,0.011320764812201447
2010-07-28,-0.004943560203082,-0.004943560203082,-0.003052975149036361,107766.67281809216,0.5418850555105219,0.4581149444894781,-0.003047218199838343,0.0,0.0,0.005756949198018047,0.005756949198018047,0.6223071489138907,0.6223071489138907
2010-07-29,0.0014245162179051,0.0014245162179053,0.001108897257854648,107886.17498606825,0.5424231226236418,0.4575768773763582,0.0011090986300149887,0.0,0.0,0.0002013721603408381,0.0002013721603408381,0.0217012077181235,0.0217012077181235
2010-07-30,0.0053037342620347,0.0053037342620346,0.004109334363281634,108329.51535226151,0.545044842306748,0.454955157693252,0.004556828887437142,29.057687606302885,0.0,0.17815799785771996,0.17815799785771996,19.22078493204555,48.27847253834843
2010-08-02,0.0165191972435463,0.0165191972435463,0.015058312193078351,109960.77501416075,0.546891912148662,0.45310808785133805,0.015062425386600265,0.0,0.0,0.004113193521912955,0.004113193521912955,0.4455802607788921,0.4455802607788921
2010-08-03,-0.0032756416918166,-0.0032756416918165,-0.0027822141052399147,109654.84059489323,0.5477055670301906,0.4522944329698094,-0.0027804082138816848,0.0,0.0,0.0018058913582299414,0.0018058913582299414,0.19857721334233977,0.19857721334233977
2010-08-04,0.0025304981363802,0.0025304981363801,0.002102716187102051,109885.41360320622,0.546256700314036,0.45374329968596405,0.0021048821534357404,0.0,0.0,0.0021659663336895535,0.0021659663336895535,0.23750869305463335,0.23750869305463335
2010-08-05,0.0012109610442208,0.0012109610442208,0.0010666084610771178,110002.61831510437,0.7425670713803515,0.2574329286196485,0.0012712293429589315,22.008097731227807,0.0,0.004338633223237759,0.004338633223237759,0.4767525062080929,22.4848502374359
2010-08-06,-3.639835463731256e-05,-3.639835463720614e-05,0.00042856440307500007,110049.76152155928,0.7440158071423875,0.25598419285761254,0.00042955653746043054,0.0,0.0,0.000992134385430487,0.000992134385430487,0.10913738011780051,0.10913738011780051
2010-08-09,0.0002052391452029,0.000205239145203,-8.247517559643252e-05,110040.68514815344,0.7419804075217433,0.2580195924782567,-8.067310235871522e-05,0.0,0.0,0.0018020732377173007,0.0018020732377173007,0.19831773005517314,0.19831773005517314
2010-08-10,-0.0033617048726602,-0.0033617048726603,-0.0028181727379249216,109730.57148920633,0.7436025869037548,0.2563974130962452,-0.0028162275643187186,0.0,0.0,0.0019451736062029283,0.0019451736062029283,0.21404823635867462,0.21404823635867462
2010-08-11,-0.0148522046527566,-0.0148522046527565,-0.013104095210524616,108292.65163290649,0.7462396373982003,0.2537603626017997,-0.01309937194093733,0.0,0.0,0.004723269587286529,0.004723269587286529,0.5182870711105385,0.5182870711105385
2010-08-12,0.0011192801066091,0.0011192801066086,0.0010711651799513657,108408.65095058025,0.7501644631756306,0.24983553682436943,0.0013038807162415783,12.795012543569403,0.0,0.11456335928985359,0.11456335928985359,12.406369957471616,25.201382501041017
2010-08-13,-0.0006443052826714,-0.0006443052826711,0.0007970784169096987,108495.06114645927,0.7391069100322644,0.26089308996773564,0.0010152248409241494,12.501097910943223,0.0,0.10283184532236789,0.10283184532236789,11.14786162615664,23.648959537099863
2010-08-16,0.0105345058362293,0.0105345058362294,0.010148669983489792,109596.14171687322,0.7432186698603239,0.2567813301396761,0.010150442074554868,0.0,0.0,0.0017720910650755775,0.0017720910650755775,0.19226312846246893,0.19226312846246893
2010-08-17,0.0082031517505518,0.0082031517505518,0.00698009499322689,110361.13319694814,0.7392860123428057,0.26071398765719433,0.00698490859727093,0.0,0.0,0.004813604044040492,0.004813604044040492,0.5275524309795758,0.5275524309795758
2010-08-18,0.0008882206185216,0.0008882206185217,0.0006658180000079506,110434.61362593192,0.7377478831168853,0.26225211688311467,0.0006673668374809185,0.0,0.0,0.0015488374729679,0.0015488374729679,0.17093145865463497,0.17093145865463497
2010-08-19,-0.008135864340153,-0.008135864340153,-0.006476327029960464,109719.40295266305,0.7459495245779347,0.25405047542206527,-0.006260169468567568,12.352211110340795,0.0,0.10430665971653796,0.10430665971653796,11.519065664407428,23.871276774748225
2010-08-20,-0.0041081054771556,-0.0041081054771556,-0.003946979505435157,109286.3427178603,0.7419532506642644,0.25804674933573557,-0.003943866286161652,0.0,0.0,0.0031132192735049717,0.0031132192735049717,0.34158055994968894,0.34158055994968894
2010-08-23,-0.0064644959470239,-0.0064644959470238,-0.0035626074422801727,108896.99837995408,0.743162445608521,0.25683755439147904,-0.0035625748306194836,0.0,0.0,3.26116606891722e-05,3.26116606891722e-05,0.003564009126675445,0.003564009126675445
2010-08-24,-0.002711077340087,-0.002711077340087,0.0017131814121449096,109083.558693417,0.7528859737673739,0.24711402623262613,0.0017191608580829185,0.0,0.0,0.005979445938008953,0.005979445938008953,0.651143714624384,0.651143714624384
2010-08-25,0.0104660473445719,0.0104660473445717,0.008103409990566598,109967.50749273978,0.7631716717095989,0.23682832829040112,0.008339309005014566,12.394345912554792,0.0,0.12227652118672874,0.12227652118672874,13.338358075699373,25.732703988254165
2010-08-26,0.0007961278592458,0.0007961278592459,0.000933255734403555,110070.13529970543,0.7630946729846021,0.2369053270153979,0.0011641785275018665,12.667227257611351,0.0,0.11573215591443542,0.11573215591443542,12.726776722671605,25.394003980282957
2010-08-27,0.0080761012301115,0.0080761012301114,0.0027145978364303365,110368.93145084562,0.7520019733584746,0.24799802664152537,0.0027222775474184378,0.0,0.0,0.007679710988101326,0.007679710988101326,0.8453068275229474,0.8453068275229474
2010-08-30,-0.0072202096049388,-0.0072202096049388,-0.0027868765676758375,110061.34686198583,0.7556239664365438,0.24437603356345616,-0.0027859174958223248,0.0,0.0,0.0009590718535129662,0.0009590718535129662,0.10585173565680801,0.10585173565680801
2010-08-31,0.0084113664193734,0.0084113664193734,0.007229968207696556,110857.08690069427,0.7586664830366576,0.24133351696334238,0.007232141722127167,0.0,0.0,0.0021735144306116337,0.0021735144306116337,0.23921992565707864,0.23921992565707864
2010-09-01,0.0157221510956824,0.0157221510956824,0.007451218451766441,111683.1072721178,0.7420214953482152,0.25797850465178485,0.007463468142049321,0.0,0.0,0.012249690282880026,0.012249690282880026,1.3579649801958211,1.3579649801958211
2010-09-02,0.0090311186222598,0.0090311186222598,0.005566466604623413,112304.78755904862,0.7398610634302031,0.2601389365697969,0.005567503403463745,0.0,0.0,0.0010367988403321199,0.0010367988403321199,0.1157929161044195,0.1157929161044195
2010-09-03,0.0079083261714034,0.0079083261714033,0.0037624882160795293,112727.33299884887,0.5372997529813905,0.46270024701860946,0.004185453662996099,35.170007495534584,0.0,0.10979974614853634,0.10979974614853634,12.33103716524884,47.50104466078343
2010-09-07,-0.0035933875232559,-0.003593387523256,-0.00235118988803603,112462.28963339671,0.5421421745046908,0.4578578254953092,-0.0023459307646053014,0.0,0.0,0.005259123430728749,0.005259123430728749,0.5928469582578082,0.5928469582578082
2010-09-08,0.0017043842506438,0.0017043842506441,0.0012066087935838747,112597.98762101494,0.5400392260191316,0.45996077398086843,0.001208996234835444,0.0,0.0,0.0023874412515692864,0.0023874412515692864,0.2684971095167042,0.2684971095167042
2010-09-09,-0.0013847272156012,-0.0013847272156014,-0.001799531885225665,112395.36395207868,0.5359399715410823,0.4640600284589177,-0.0017964827606379318,0.0,0.0,0.0030491245877331537,0.0030491245877331537,0.3433252925845099,0.3433252925845099
2010-09-10,0.0006109169730499,0.0006109169730499,0.0003632541922668907,112436.19203922563,0.5882599198118535,0.41174008018814645,0.0006983716078131914,21.758889953735398,0.0,0.1415250004444411,0.1415250004444411,15.906753933271055,37.665643887006446
2010-09-13,0.0140771769884886,0.0140771769884884,0.007328043577945135,113260.12935422726,0.5868260691320748,0.4131739308679252,0.007328538150157868,0.0,0.0,0.0004945722127331981,0.0004945722127331981,0.05560781628813462,0.05560781628813462
2010-09-14,-0.0013602425867491,-0.0013602425867492,0.00033029441887653374,113297.5385428342,0.5892966295854324,0.4107033704145676,0.00033163358096243887,0.0,0.0,0.0013391620859051355,0.0013391620859051355,0.15167367107589247,0.15167367107589247
2010-09-15,-0.0031221881903614,-0.0031221881903614,-0.0030543906762227064,112951.48359746998,0.5871649252925104,0.4128350747074896,-0.0030534763542030326,0.0,0.0,0.0009143220196737578,0.0009143220196737578,0.10359043426454959,0.10359043426454959
2010-09-16,-0.006801479117491,-0.0068014791174909,-0.004309559908828071,112464.71241211567,0.5863749141010288,0.4136250858989712,-0.004309087555759539,0.0,0.0,0.0004723530685323736,0.0004723530685323736,0.05335297987254901,0.05335297987254901
2010-09-17,-0.0008383778878943,-0.0008383778878942,7.172458421534463e-06,112465.51906058934,0.5850218314820896,0.41497816851791036,9.026591463530962e-06,0.0,0.0,0.001854133041996499,0.001854133041996499,0.20852453934193743,0.20852453934193743
2010-09-20,0.0177467411002179,0.0177467411002178,0.009091682745413847,113488.01987968653,0.5470720963356158,0.4529279036643842,0.009241573691957923,10.592125001231048,0.0,0.05570985806730807,0.05570985806730807,6.265438104331563,16.857563105562612
2010-09-21,-0.0012188519740881,-0.001218851974088,0.000469140014611018,113541.26165099107,0.5500657556820979,0.4499342443179021,0.00047099449106653083,0.0,0.0,0.0018544764555128031,0.0018544764555128031,0.2104608608496476,0.2104608608496476
2010-09-22,-0.0052484695766052,-0.0052484695766052,-0.002263607078615186,113284.248847403,0.5530819462356236,0.44691805376437643,-0.0022612199732065276,0.0,0.0,0.002387105408658376,0.002387105408658376,0.27103495979297665,0.27103495979297665
2010-09-23,-0.006765745264591,-0.0067657452645911,-0.003680870100152759,112867.26424300233,0.555606451525785,0.44439354847421497,-0.0036784096300369125,0.0,0.0,0.0024604701158464325,0.0024604701158464325,0.2787325088851457,0.2787325088851457
2010-09-24,0.0141039887747316,0.0141039887747317,0.006997988033620055,113657.10800756227,0.5456993402648205,0.4543006597351795,0.007203212607135873,9.487248604451652,0.0,0.12116788384514728,0.12116788384514728,13.67588756371565,23.1631361681673
2010-09-27,-0.0026640006249262,-0.0026640006249263,0.0008128819784427896,113749.49782238355,0.5498092065474565,0.45019079345254354,0.00081471732469446,0.0,0.0,0.0018353462516703598,0.0018353462516703598,0.20860014715737266,0.20860014715737266
2010-09-28,0.0058085669651852,0.0058085669651852,0.003311807107644612,114126.21421776272,0.5498581214286221,0.4501418785713779,0.0033118757819265384,0.0,0.0,6.867428192646607e-05,6.867428192646607e-05,0.0078116650824483075,0.0078116650824483075
2010-09-29,-0.0046360765671213,-0.0046360765671213,-0.002493404322113314,113841.65142196571,0.5500336068509135,0.4499663931490865,-0.002493284996407357,0.0,0.0,0.0001193257059572191,0.0001193257059572191,0.013618191079759354,0.013618191079759354
2010-09-30,-0.001739483817299,-0.0017394838172989,-0.0008330123291741987,113746.81992275766,0.5502527805639003,0.44974721943609974,-0.0008329172286139271,0.0,0.0,9.510056027158281e-05,9.510056027158281e-05,0.010826404832471171,0.010826404832471171
2010-10-01,0.004396226256218,0.0043962262562179,0.001355209909062416,113900.9707402413,0.5483091696048699,0.45169083039513014,0.0013560952320055423,0.0,0.0,0.0008853229431261361,0.0008853229431261361,0.10070266938525442,0.10070266938525442
2010-10-04,-0.0054070987133822,-0.0054070987133821,-0.002052210989782761,113667.22191634124,0.5500310743105793,0.4499689256894207,-0.002051407404923695,0.0,0.0,0.0008035848590656978,0.0008035848590656978,0.09152909551974298,0.09152909551974298
2010-10-05,0.0177674238039702,0.0177674238039702,0.0070347096525383785,114466.83781953334,0.544820299853145,0.45517970014685505,0.007037232777183617,0.0,0.0,0.002523124645238677,0.002523124645238677,0.28679656897293443,0.28679656897293443
2010-10-06,-3.508888304903923e-05,-3.508888304882456e-05,0.0012677548844320116,114611.95371228452,0.3675216398050206,0.6324783601949794,0.00149169975881327,23.050607117051914,0.0,0.022571205324433755,0.022571205324433755,2.583654499263346,25.634261616315264
2010-10-07,-0.001240490443447,-0.0012404904434471,-0.0005708693518190261,114546.52526055806,0.36726253888779514,0.6327374611122049,-0.0005707252116391977,0.0,0.0,0.00014414017982833865,0.00014414017982833865,0.016520187618565916,0.016520187618565916
2010-10-08,0.005592951764537,0.0055929517645366,0.0024961344627015838,114832.44878984366,0.36464989163815253,0.6353501083618475,0.002664710295948443,8.402857500477408,0.0,0.09521823919183689,0.09521823919183689,10.906918440853604,19.30977594133101
2010-10-11,-0.000556910785576,-0.0005569107855761,-0.00020319108458381185,114809.11586002864,0.364550235451163,0.6354497645488371,-0.00020309144238939202,0.0,0.0,9.964219441984495e-05,9.964219441984495e-05,0.011442157188024491,0.011442157188024491
2010-10-12,0.0078051897564659,0.0078051897564659,0.0028450518693892966,115135.75374972913,0.3650783784713423,0.6349216215286577,0.0028455798178734534,0.0,0.0,0.0005279484841570341,0.0005279484841570341,0.06061329868571143,0.06061329868571143
2010-10-13,0.0038803124622945,0.0038803124622945,0.0014166458336593362,115298.8603355839,0.36500927420571044,0.6349907257942895,0.0014167150344033086,0.0,0.0,6.920074397238871e-05,6.920074397238871e-05,0.007967479817303,0.007967479817303
2010-10-14,-0.0106409380272708,-0.010640938027271,-0.0038844868560716905,114850.98342809029,0.3651902753702773,0.6348097246297226,-0.003884305587540756,0.0,0.0,0.00018126853093439394,0.00018126853093439394,0.020900055031441156,0.020900055031441156
2010-10-15,-0.0092154099353686,-0.0092154099353684,-0.003366107965899937,114464.38261788155,0.36568825225544677,0.6343117477445532,-0.0033656097551967895,0.0,0.0,0.0004982107031475891,0.0004982107031475891,0.05721998921090097,0.05721998921090097
2010-10-18,0.0147907585675111,0.0147907585675109,0.005320871361877062,115073.43287330797,0.3685421009424745,0.6314578990575255,0.005478931372274597,9.906083729735457,0.0,0.07151707448003614,0.07151707448003614,8.186157776994389,18.092241506729845
2010-10-19,-0.0132386509594719,-0.013238650959472,-0.00600796218414044,114382.07604020591,0.3680656005729111,0.631934399427089,-0.006007295251992261,0.0,0.0,0.0006669321481790236,0.0006669321481790236,0.07674617178452997,0.07674617178452997
2010-10-20,0.0086034414345816,0.0086034414345817,0.0039107027138783465,114829.3903353954,0.36844076246764557,0.6315592375323544,0.003911065636712969,0.0,0.0,0.00036292283462255055,0.00036292283462255055,0.04151186726652365,0.04151186726652365
2010-10-21,0.0001540885867463,0.0001540885867462,6.956919786831087e-05,114837.37892397272,0.3688634557931719,0.6311365442068281,6.99786870577745e-05,0.0,0.0,0.0004094891894636294,0.0004094891894636294,0.047021393975043776,0.047021393975043776
2010-10-22,0.0020285581071841,0.0020285581071845,0.0008512101470717142,114935.12966617591,0.36706600947463874,0.6329339905253613,0.0010079864255090516,7.945798828022023,0.0,0.08758453179113018,0.08758453179113018,10.057978065176751,18.003776893198772
2010-10-25,0.0005780487586597,0.0005780487586596,0.00021177564724245653,114959.47012765186,0.36747241335513764,0.6325275866448623,0.00021218205112295542,0.0,0.0,0.00040640388049889564,0.00040640388049889564,0.046710082701977636,0.046710082701977636
2010-10-26,0.0013420951810392,0.0013420951810392,0.00040511199405134546,115006.04158783036,0.37024156695238375,0.6297584330476163,0.0005621291537811369,9.82478919792894,0.0,0.07155409011908928,0.07155409011908928,8.225820285556754,18.050609483485694
2010-10-27,-0.0015707240724768,-0.0015707240724768,-0.0007166656690470915,114923.62070609137,0.3713008366916323,0.6286991633083677,-0.0007154722636959561,0.0,0.0,0.0011934053511353721,0.0011934053511353721,0.1372488254438139,0.1372488254438139
2010-10-28,-0.000354219013203,-0.000354219013203,-0.0001632215452682709,114904.86269513189,0.37262331862330433,0.6273766813766957,-0.0001618687056936253,0.0,0.0,0.001352839574645605,0.001352839574645605,0.15547322215276152,0.15547322215276152
2010-10-29,-0.0005363832511041,-0.0005363832511042,-0.0003059763280985846,114869.70452716376,0.3594887142351627,0.6405112857648373,3.0722843047099356e-05,27.295563995291626,0.0,0.09914992079139029,0.09914992079139029,11.392808034767903,38.68837203005953
2010-11-01,-0.0014510927013114,-0.0014510927013114,-0.0005228697423295779,114809.64263435616,0.35827042133606746,0.6417295786639325,-0.0005216514494304827,0.0,0.0,0.0012182928990952526,0.0012182928990952526,0.13994494534661342,0.13994494534661342
2010-11-02,0.0065570177561693,0.0065570177561694,0.0023480152121153532,115079.21742175915,0.359440723431609,0.640559276568391,0.0023491855142108945,0.0,0.0,0.0011703020955414756,0.0011703020955414756,0.13436196536335496,0.13436196536335496
2010-11-03,0.0081737770583332,0.008173777058333,0.0028469535904009687,115406.84261297855,0.3603858549921824,0.6396141450078177,0.0030104248355132595,10.44329464327421,0.0,0.07272249935917975,0.07272249935917975,8.368848315208787,18.812142958482998
2010-11-04,0.0246896972015266,0.0246896972015266,0.011034458734479483,116680.29465546802,0.35,0.65,0.011216542494920309,11.373754005890854,0.0,0.0835302106826616,0.0835302106826616,9.639957877682868,21.013711883573723
2010-11-05,0.0131933652019236,0.0131933652019233,0.007638083212849327,117571.50845534628,0.5610699276100732,0.43893007238992676,0.008043220634797866,34.356007227912265,0.0,0.11069175458578237,0.11069175458578237,12.915546540999841,47.2715537689121
2010-11-08,-0.0067802806362977,-0.0067802806362977,-0.0034184461790382806,117169.59658150333,0.5616620579486951,0.43833794205130494,-0.0034182426524555077,0.0,0.0,0.00020352658277283378,0.00020352658277283378,0.02392892734736396,0.02392892734736396
2010-11-09,-0.017514399174743,-0.0175143991747429,-0.009339505397234205,116075.29050183862,0.5641294835349476,0.43587051646505237,-0.009337546505288053,0.0,0.0,0.00195889194615304,0.00195889194615304,0.22952257907750764,0.22952257907750764
2010-11-10,0.0143082695734457,0.0143082695734457,0.009445763517998217,117171.71024620194,0.5712335653337294,0.4287664346662706,0.009451507273168682,0.0,0.0,0.005743755170465616,0.005743755170465616,0.6667080499832341,0.6667080499832341
2010-11-11,-0.0088314351777379,-0.0088314351777382,-0.004665248461430989,116625.07510525262,0.5742362061433675,0.42576379385663254,-0.004662631406696678,0.0,0.0,0.0026170547343119985,0.0026170547343119985,0.3066447790272565,0.3066447790272565
2010-11-12,-0.0204645496936445,-0.0204645496936444,-0.013498696964473055,115050.7885579479,0.5734277807049886,0.42657221929501143,-0.013497722670058873,0.0,0.0,0.000974294414181816,0.000974294414181816,0.1136271592285824,0.1136271592285824
2010-11-15,0.0038949422521774,0.0038949422521774,0.0017169980254567241,115248.33053472913,0.38216530370591417,0.6178346962940858,0.0019079362336062078,0.0,0.0,0.1909382081494837,0.1909382081494837,21.967591413439695,21.967591413439695
2010-11-16,-0.019048890748691,-0.0190488907486911,-0.007486576150277682,114385.51513198852,0.5706294842813843,0.42937051571861573,-0.007298093346726693,0.0,0.0,0.1884828035509886,0.1884828035509886,21.72232844375675,21.72232844375675
2010-11-17,-0.0094514040808134,-0.0094514040808134,-0.006561220188961738,113635.00658077972,0.5708183998406222,0.4291816001593778,-0.006559853538451496,0.0,0.0,0.0013666505102419622,0.0013666505102419622,0.1563250226194218,0.1563250226194218
2010-11-18,0.0152863574121386,0.0152863574121388,0.009465274000096818,114710.59305406961,0.5725832086114907,0.4274167913885093,0.009466309383813348,0.0,0.0,0.0010353837165298426,0.0010353837165298426,0.11765583544150084,0.11765583544150084
2010-11-19,-0.0015631435581999,-0.0015631435582,-0.0015652319687500206,114531.0443666671,0.5740024593644898,0.4259975406355102,-0.0015631435582000698,0.0,0.0,0.0020884105499506533,0.0020884105499506533,0.2395628127252151,0.2395628127252151
2010-11-22,-0.0129980032953587,-0.0129980032953586,-0.006748504320766773,113758.13111889672,0.574550063769728,0.42544993623027205,-0.0065331025450886425,14.021710557414735,0.0,0.09297461512134061,0.09297461512134061,10.64847976943606,24.670190326850797
2010-11-23,-0.0100061010788746,-0.0100061010788746,-0.006474667445215199,113021.58505071267,0.5749737347992064,0.42502626520079356,-0.006473511945501385,0.0,0.0,0.0011554997138139708,0.0011554997138139708,0.13144748795189734,0.13144748795189734
2010-11-24,0.0155867677779553,0.0155867677779552,0.012187692897491402,114399.05742009846,0.5816812287773381,0.4183187712226619,0.012191220713736963,0.0,0.0,0.0035278162455599747,0.0035278162455599747,0.39871938384084255,0.39871938384084255
2010-11-26,-0.0091920087125707,-0.0091920087125706,-0.00605315753479564,113706.58190370246,0.5828834984637556,0.41711650153624436,-0.0060512443045720584,0.0,0.0,0.001913230223581449,0.001913230223581449,0.218871734205362,0.218871734205362
2010-11-29,0.0093487384141723,0.0093487384141724,0.007532118971557329,114563.03340645028,0.5857216619133886,0.4142783380866114,0.007754527442396637,10.920635794434558,0.0,0.12636622234675207,0.12636622234675207,14.368671211132442,25.289307005567
2010-11-30,-0.008531138347774,-0.008531138347774,-0.006254215657229487,113846.53148917996,0.5869231036537343,0.41307689634626565,-0.006251748541841379,0.0,0.0,0.002467115388107913,0.002467115388107913,0.2826402226253744,0.2826402226253744
2010-12-01,0.0225400226582275,0.0225400226582274,0.014254043500577001,115469.30490141653,0.5893872678879728,0.4106127321120272,0.01425550404249352,0.0,0.0,0.0014605419165190391,0.0014605419165190391,0.16627763129025205,0.16627763129025205
2010-12-02,0.0236045184494515,0.0236045184494515,0.013023311211067241,116973.09759447328,0.5858716585928359,0.41412834140716415,0.013025961015642764,0.0,0.0,0.0026498045755237788,0.0026498045755237788,0.30597109246032383,0.30597109246032383
2010-12-03,0.0055589107540214,0.0055589107540217,0.004188683198808811,117463.06084307985,0.588394369559533,0.41160563044046705,0.004190277600824721,0.0,0.0,0.0015944020159100551,0.0015944020159100551,0.1865021426118718,0.1865021426118718
2010-12-06,-0.0015313394098057,-0.001531339409806,-0.0009890111399931186,117346.88856736834,0.5881216460495754,0.4118783539504246,-0.000988826345992462,0.0,0.0,0.0001847940006565903,0.0001847940006565903,0.021706468942561202,0.021706468942561202
2010-12-07,-0.0012241086704158,-0.0012241086704158,-0.001768590833775713,117139.349935876,0.5861794227699484,0.4138205772300516,-0.0017676976675172098,0.0,0.0,0.00089316625850303,0.00089316625850303,0.10481028140868837,0.10481028140868837
2010-12-08,0.0139647722532636,0.0139647722532637,0.007147660333981746,117976.62222096106,0.583216767580318,0.41678323241968196,0.007149600999880418,0.0,0.0,0.0019406658986723118,0.0019406658986723118,0.2273283418131972,0.2273283418131972
2010-12-09,0.0097106309170966,0.0097106309170966,0.004577202587448036,118516.62512144921,0.5806215179379544,0.41937848206204564,0.004578723589526895,0.0,0.0,0.0015210020788587431,0.0015210020788587431,0.17944268765481436,0.17944268765481436
2010-12-10,0.00568445598989,0.0056844559898901,0.0019247676530243232,118744.74208782856,0.5786594682165598,0.4213405317834402,0.0019253623204252635,0.0,0.0,0.0005946674009402432,0.0005946674009402432,0.07047797342918134,0.07047797342918134
2010-12-13,0.0007004061204316,0.0007004061204315,0.000967083833076195,118859.5782081645,0.5784880578092995,0.42151194219070054,0.0009678173705035692,0.0,0.0,0.0007335374273741262,0.0007335374273741262,0.0871037126253099,0.0871037126253099
2010-12-14,-0.0070667649731666,-0.0070667649731666,-0.0033215626614449298,118464.77867123317,0.5809214639426294,0.41907853605737055,-0.0033199028584691495,0.0,0.0,0.0016598029757804416,0.0016598029757804416,0.19728348160991957,0.19728348160991957
2010-12-15,-0.0061814621619507,-0.0061814621619508,-0.002691803234677661,118145.89479681056,0.5813748586708603,0.41862514132913975,-0.002691351441413555,0.0,0.0,0.00045179326410622065,0.00045179326410622065,0.05352158903749742,0.05352158903749742
2010-12-16,-0.0001409276135534,-0.0001409276135533,-0.000682272437182115,118065.28710922447,0.5802480395405614,0.41975196045943863,-0.0006817455163389767,0.0,0.0,0.0005269208431383613,0.0005269208431383613,0.062253534499671546,0.062253534499671546
2010-12-17,0.0046614232672677,0.0046614232672677,0.0023216861713123956,118339.39765361801,0.5822221152071991,0.41777788479280087,0.0023240392229012512,0.0,0.0,0.0023530515888558336,0.0023530515888558336,0.27781371142108086,0.27781371142108086
2010-12-20,0.0017874170109568,0.0017874170109568,0.0015171072495064324,118518.93121170052,0.5838112867913593,0.4161887132086407,0.0015182197271272411,0.0,0.0,0.0011124776208087236,0.0011124776208087236,0.13164993154963442,0.13164993154963442
2010-12-21,0.0151459764675319,0.0151459764675319,0.007910259334616837,119456.44669364668,0.578094627138722,0.42190537286127805,0.007915062500513695,0.0,0.0,0.004803165896857984,0.004803165896857984,0.5692660885280971,0.5692660885280971
2010-12-22,0.0109374503524719,0.0109374503524719,0.006133824332957832,120189.17155310484,0.5779418028516352,0.4220581971483648,0.00613385848640798,0.0,0.0,3.4153450147951354e-05,3.4153450147951354e-05,0.004079849797002871,0.004079849797002871
2010-12-23,-0.0042563940563868,-0.0042563940563867,-0.0010901327598080766,120058.14939982063,0.5804523170058282,0.4195476829941718,-0.0010889990548962588,0.0,0.0,0.0011337049118179058,0.0011337049118179058,0.13625905413707987,0.13625905413707987
2010-12-27,0.0056429834235254,0.0056429834235252,0.0019379395078879752,120290.81483078645,0.5830467706832377,0.41695322931676226,0.0019418601008853106,0.0,0.0,0.003920592997335396,0.003920592997335396,0.47069913980998357,0.47069913980998357
2010-12-28,0.0010298236766821,0.0010298236766821,0.001029632034343145,120414.67010717349,0.5832840749125112,0.4167159250874888,0.0010298236766821591,0.0,0.0,0.00019164233901398478,0.00019164233901398478,0.023052813116070044,0.023052813116070044
2010-12-29,-0.001962445274813,-0.0019624452748132,-0.0011819569525449375,120272.3451506519,0.5839841672887888,0.41601583271121123,-0.0011812202311317335,0.0,0.0,0.0007367214132040228,0.0007367214132040228,0.08871206593185306,0.08871206593185306
2010-12-30,-0.0061100057200995,-0.0061100057200995,-0.004809679019880297,119693.87377550901,0.5817156147501497,0.41828438524985034,-0.00480865860547569,0.0,0.0,0.0010204144046072228,0.0010204144046072228,0.12272763346761686,0.12272763346761686
2010-12-31,0.0055704694779261,0.0055704694779263,0.0050418948018836895,120297.35769551508,0.587024576133655,0.412975423866345,0.005045408782447416,0.0,0.0,0.0035139805637269053,0.0035139805637269053,0.4206019460443202,0.4206019460443202
2011-01-03,0.017788253675971,0.017788253675971,0.008722627290131032,121346.66671068064,0.5819149919544461,0.41808500804555393,0.008726050775760434,0.0,0.0,0.003423485629401172,0.003423485629401172,0.41183627532552836,0.41183627532552836
2011-01-04,-0.0058987819560335,-0.0058987819560335,-0.005386267081914832,120693.0611542768,0.5803328377788739,0.4196671622211261,-0.005385884350965002,0.0,0.0,0.0003827309498298941,0.0003827309498298941,0.0464431250088704,0.0464431250088704
2011-01-05,0.0114432774947299,0.0114432774947299,0.006510844370739283,121478.87489208042,0.589070231703059,0.41092976829694094,0.006750196258381833,16.148099812348097,0.0,0.10555712216132089,0.10555712216132089,12.740012200285769,28.888112012633865
2011-01-06,-0.0084555492430704,-0.0084555492430701,-0.00710616226729604,120615.62629504876,0.3499999999999999,0.6500000000000001,-0.006870617043683491,23.065802901611466,0.0,0.04567021100560289,0.04567021100560289,5.547965849044548,28.613768750656014
2011-01-07,-0.0051765962923657,-0.0051765962923658,-0.0029962405299601355,120254.23286699702,0.35,0.65,-0.002995051130491091,0.0,0.0,0.0011893994690446068,0.0011893994690446068,0.1434601618738137,0.1434601618738137
2011-01-10,-0.0014867817237974,-0.0014867817237975,-0.000863491799605613,120150.39432304849,0.35000000000000003,0.6499999999999999,-0.0008631485143043257,0.0,0.0,0.0003432853012873467,0.0003432853012873467,0.041281510560825824,0.041281510560825824
2011-01-11,0.0018359161311478,0.0018359161311477,0.0008998020320516276,120258.50589201217,0.7465874859837838,0.25341251401621623,0.0012977716196824497,47.73762449040116,0.0,0.000654000284109354,0.000654000284109354,0.07857839202312462,47.816202882424285
2011-01-12,0.014591261459425,0.014591261459425,0.010377368329896818,121506.47270245665,0.7453774626415038,0.25462253735849616,0.010378070185029021,0.0,0.0,0.0007018551322032677,0.0007018551322032677,0.08440404955140564,0.08440404955140564
2011-01-13,-0.0041302211700647,-0.0041302211700647,-0.003359567727363408,121098.2634780997,0.7447083752105901,0.2552916247894099,-0.003359180410341051,0.0,0.0,0.00038731702235739554,0.00038731702235739554,0.047061525204265674,0.047061525204265674
2011-01-14,0.010891535027371,0.0108915350273711,0.00685741295821144,121928.68427929134,0.7417721088589281,0.2582278911410719,0.006859110806291593,0.0,0.0,0.0016978480801535056,0.0016978480801535056,0.20560645415621498,0.20560645415621498
2011-01-18,-0.0060443883028648,-0.0060443883028649,-0.004500039681318068,121380.00036174362,0.7417331067090717,0.25826689329092833,-0.004500017237834879,0.0,0.0,2.2443483188716186e-05,2.2443483188716186e-05,0.002736504375844559,0.002736504375844559
2011-01-19,-0.013974258585882,-0.013974258585882,-0.008227531782396758,120381.34255102005,0.7468460237143819,0.2531539762856181,-0.008224589782804808,0.0,0.0,0.0029419995919500986,0.0029419995919500986,0.3570999115351525,0.3570999115351525
2011-01-20,-0.0052890811117838,-0.0052890811117836,-0.006538897860445261,119594.18124777566,0.7406539432834449,0.2593460567165551,-0.006535304701424451,0.0,0.0,0.0035931590208098936,0.0035931590208098936,0.4325493069244036,0.4325493069244036
2011-01-21,0.0028290659436209,0.0028290659436207,0.0007624743658480438,119685.36874528168,0.7375352985835185,0.2624647014164815,0.0007642656725003849,0.0,0.0,0.0017913066523410832,0.0017913066523410832,0.21422985245042575,0.21422985245042575
2011-01-24,-0.004452286152662,-0.0044522861526619,-0.0041343937852198805,119190.54230055945,0.7355440260076141,0.26445597399238585,-0.004133255849596889,0.0,0.0,0.0011379356229913708,0.0011379356229913708,0.13619424464611404,0.13619424464611404
2011-01-25,-0.0056207324761693,-0.0056207324761692,-0.005139531802401667,118577.95871786024,0.7331983093553944,0.26680169064460557,-0.005138195659760002,0.0,0.0,0.0013361426416648575,0.0013361426416648575,0.15925556605093644,0.15925556605093644
2011-01-26,0.0038231967443564,0.0038231967443563,0.003984346982896119,119050.41444991573,0.7359221758439931,0.2640778241560069,0.003985892622743528,0.0,0.0,0.0015456398474090881,0.0015456398474090881,0.18327881801875465,0.18327881801875465
2011-01-27,0.0005441891742243,0.0005441891742242,-0.001792463969917262,118837.02087141055,0.7312215842468344,0.26877841575316563,-0.0015052208931809613,20.62708258850838,0.0,0.11397965145703673,0.11397965145703673,13.569324744817163,34.19640733332554
2011-01-28,-0.0037760946376704,-0.0037760946376703,-0.0026570480630156742,118521.2651952896,0.7361642293664536,0.26383577063354635,-0.0026522147779753117,0.0,0.0,0.00483328504036232,0.00483328504036232,0.5743731952190134,0.5743731952190134
2011-01-31,0.0114870757618334,0.0114870757618334,0.010947405361964905,119818.76552939539,0.7394085603686475,0.26059143963135245,0.010948186179627725,0.0,0.0,0.0007808176628200807,0.0007808176628200807,0.092543497284265,0.092543497284265
2011-02-01,0.0069706045354669,0.006970604535467,0.0057743585494818474,120510.6420425184,0.7352461455376973,0.2647538544623027,0.005779141654715707,0.0,0.0,0.004783105233859291,0.004783105233859291,0.5731057645182103,0.5731057645182103
2011-02-02,-0.0030678399267135,-0.0030678399267134,-0.0025897433172108247,120198.550412636,0.7837127428702121,0.2162872571297879,-0.0023788732784689607,15.6098439967561,0.0,0.08133920451687787,0.08133920451687787,9.802239759556665,25.412083756312764
2011-02-03,0.0014365046448534,0.0014365046448536,0.0003843133822228319,120244.74432408337,0.7934071018961288,0.20659289810387116,0.0007323585282432225,24.64054704708681,0.0,0.14304644210510237,0.14304644210510237,17.193974982718363,41.83452202980517
2011-02-04,-0.001729213593257,-0.0017292135932571,-0.001729213593257167,120036.81547768043,0.7930492398285054,0.2069507601714946,-0.001729213593257167,0.0,0.0,0.0,0.0,0.0,0.0
2011-02-07,-0.0012250262726838,-0.0012250262726837,-0.001225026272683787,119889.76722503097,0.7927954087604163,0.20720459123958368,-0.001225026272683787,0.0,0.0,0.0,0.0,0.0,0.0
2011-02-08,0.0043385406880085,0.0043385406880085,0.004338540688008522,120409.91385821265,0.7936904909597107,0.20630950904028933,0.004338540688008522,0.0,0.0,0.0,0.0,0.0,0.0
2011-02-09,-0.0062080739909894,-0.0062080739909893,-0.00625261898101081,119657.03654532092,0.8288671277674207,0.17113287223257934,-0.005629355406963189,62.08596705651273,0.0,0.10764185265330688,0.10764185265330688,12.9611462055231,75.04711326203584
2011-02-10,-0.0007096272495737,-0.0007096272495736,-0.0006539402170419086,119578.78799687188,0.8287886034805804,0.17121139651941963,-0.0006530372103773341,0.0,0.0,0.000903006664574511,0.000903006664574511,0.10805110146366062,0.10805110146366062
2011-02-11,0.0116012548160389,0.0116012548160387,0.009760338495947214,120745.91744465646,0.8292321916518854,0.17076780834811456,0.009762553121286002,0.0,0.0,0.002214625338787245,0.002214625338787245,0.2648222138793405,0.2648222138793405
2011-02-14,0.0030489617319837,0.0030489617319838,0.0026758911904325813,121069.02038142731,0.8329321134398745,0.1670678865601255,0.002687731946320593,0.0,0.0,0.01184075588801196,0.01184075588801196,1.4297229329362222,1.4297229329362222
2011-02-15,-0.0006759899356181,-0.000675989935618,-0.0005649110209559235,121000.62715751749,0.8338929068034168,0.16610709319658323,-0.0005639493313809089,0.0,0.0,0.0009616895750145699,0.0009616895750145699,0.11643081475804512,0.11643081475804512
2011-02-16,0.0092896845713077,0.0092896845713076,0.007850456935602945,121950.53737019854,0.8332699850499365,0.16673001495006345,0.00785512844884106,0.0,0.0,0.004671513238114452,0.004671513238114452,0.5652560315864941,0.5652560315864941
2011-02-17,0.0032793367358983,0.0032793367358983,0.0027936797329847496,122291.22811487627,0.8375925552762656,0.16240744472373436,0.0027979371525822428,0.0,0.0,0.004257419597493006,0.004257419597493006,0.5191946077246865,0.5191946077246865
2011-02-18,0.0038802817117411,0.0038802817117412,0.003261244130741512,122690.0496648071,0.8394928710267854,0.16050712897321462,0.0032657405225301125,0.0,0.0,0.004496391788600504,0.004496391788600504,0.5498692739136007,0.5498692739136007
2011-02-22,-0.027217561974503,-0.027217561974503,-0.022949247962135107,119874.40529256276,0.8360244109523433,0.16397558904765674,-0.022942416124048366,0.0,0.0,0.006831838086742609,0.006831838086742609,0.8381985541643715,0.8381985541643715
2011-02-23,-0.0037837669958712,-0.0037837669958714,-0.002985652693955073,119516.50195146477,0.837555344506653,0.16244465549334697,-0.0029723645196823895,0.0,0.0,0.0132881742726835,0.0132881742726835,1.5929119883618674,1.5929119883618674
2011-02-24,0.0023393881387496,0.0023393881387498,0.0017843220946469934,119729.7578865717,0.737620005304541,0.26237999469545903,0.0023085581297538306,34.148529925853126,0.0,0.23851373426740394,0.23851373426740394,28.506327187021334,62.65485711287445
2011-02-25,0.0071952932623253,0.0071952932623253,0.005541043957733118,120393.18573806992,0.5534081867983134,0.4465918132016866,0.006087345030405069,48.52323851696909,0.0,0.14102806975701457,0.14102806975701457,16.8852566472179,65.40849516418699
2011-02-28,0.0058881100212988,0.0058881100212989,0.0056477510429725165,121073.13647838889,0.5563472305559825,0.44365276944401755,0.005648314289685444,0.0,0.0,0.0005632467129272842,0.0005632467129272842,0.06781106612581186,0.06781106612581186
2011-03-01,-0.0058334264400919,-0.005833426440092,-0.005566093061143446,120399.23213354567,0.555674594494264,0.44432540550573596,-0.005564433067558748,0.0,0.0,0.0016599935846973108,0.0016599935846973108,0.2009806298333075,0.2009806298333075
2011-03-02,0.0055887472939666,0.0055887472939665,0.005293669687426391,121036.58589908041,0.5543007900975421,0.4456992099024579,0.005297223009174283,0.0,0.0,0.0035533217478919293,0.0035533217478919293,0.42781720996961664,0.42781720996961664
2011-03-03,0.0099648181107789,0.0099648181107789,0.009458470336653356,122181.40685645667,0.43460964214104864,0.5653903578589514,0.009937332561550494,21.57839034655356,0.0,0.30058232559011727,0.30058232559011727,36.38145847103359,57.95984881758715
2011-03-04,-0.0033215990973888,-0.0033215990973887,-0.001468481217248905,122001.98575539092,0.4376795698414322,0.5623204301585678,-0.001465389426496784,0.0,0.0,0.0030917907521210873,0.0030917907521210873,0.37775934379993675,0.37775934379993675
2011-03-07,-0.010659337577498,-0.010659337577498,-0.00473785435061744,121423.95811639576,0.4394283897551627,0.5605716102448373,-0.004736034109577956,0.0,0.0,0.001820241039483979,0.001820241039483979,0.2220730213705024,0.2220730213705024
2011-03-08,0.0109953418782937,0.0109953418782939,0.0045436324473304745,121975.66395237671,0.7134149090058245,0.2865850909941755,0.004994800608326562,10.825713596610182,0.0,0.3620118382691271,0.3620118382691271,43.956910287629924,54.78262388424011
2011-03-09,0.0001816565691983,0.0001816565691985,0.00012171052422122936,121990.50967437858,0.7133621097803827,0.2866378902196173,0.0001217554838498503,0.0,0.0,4.4959628620945114e-05,4.4959628620945114e-05,0.00548398055209206,0.00548398055209206
2011-03-10,-0.0159293432112231,-0.0159293432112231,-0.014550334496677251,120215.50695319625,0.4395811195054842,0.5604188804945158,-0.014102116410198358,10.72280247342593,0.0,0.36031942532854977,0.36031942532854977,43.95555034140899,54.678352814834916
2011-03-11,0.0070861569940119,0.0070861569940117,0.0031609871355111124,120595.50662416425,0.44274049181246355,0.5572595081875364,0.0031640976968280218,0.0,0.0,0.0031105613169094843,0.0031105613169094843,0.37393770562127543,0.37393770562127543
2011-03-14,-0.0009246984513126,-0.0009246984513124,-0.0004164143788312196,120545.2889211835,0.44213573053281496,0.557864269467185,-0.0004158160380795905,0.0,0.0,0.0005983407516291252,0.0005983407516291252,0.07215720607659759,0.07215720607659759
2011-03-15,-0.0095521356554199,-0.0095521356554201,-0.004291682370464856,120027.94682987788,0.4399613871819651,0.5600386128180349,-0.004289574900320105,0.0,0.0,0.0021074701447509887,0.0021074701447509887,0.25404559749177635,0.25404559749177635
2011-03-16,-0.0198093362810787,-0.0198093362810786,-0.008856413160093727,118964.92974199471,0.4367718226936496,0.5632281773063503,-0.008853364406308921,0.0,0.0,0.0030487537848062486,0.0030487537848062486,0.3659356571801134,0.3659356571801134
2011-03-17,0.0100626079978995,0.0100626079978994,0.0044427338067212375,119493.45925717367,0.3990188601601391,0.6009811398398609,0.00464403574635409,20.20984726320315,0.0,0.03142122514806002,0.03142122514806002,3.738023842146358,23.94787110534951
2011-03-18,0.00444736431883,0.00444736431883,0.0017942011262272433,119707.85455634969,0.4013273468592777,0.5986726531407223,0.0017964878043539116,0.0,0.0,0.0022866781266682153,0.0022866781266682153,0.27324307956329863,0.27324307956329863
2011-03-21,0.0190368659491853,0.0190368659491854,0.007733065226334325,120633.56320373848,0.40058364132043467,0.5994163586795653,0.00773390106412408,0.0,0.0,0.0008358377897546554,0.0008358377897546554,0.10005634856865107,0.10005634856865107
2011-03-22,-0.0028937228029196,-0.0028937228029198,-0.0011735620887399095,120491.99222733297,0.4009781783107694,0.5990218216892307,-0.0011731535356726262,0.0,0.0,0.000408553067283266,0.000408553067283266,0.04928521226419709,0.04928521226419709
2011-03-23,0.0057429731097977,0.0057429731097976,0.0023298616036641654,120772.72189357244,0.40021545501479716,0.5997845449852028,0.0023306520130769357,0.0,0.0,0.0007904094127703417,0.0007904094127703417,0.09523800481993484,0.09523800481993484
2011-03-24,0.0085558099937492,0.0085558099937493,0.0034649277296345867,121191.19064664491,0.39985147752219574,0.6001485224778043,0.0034653325230473097,0.0,0.0,0.0004047934127229943,0.0004047934127229943,0.04888800225914428,0.04888800225914428
2011-03-25,0.0042626156716565,0.0042626156716566,0.0017238076706976636,121400.10095070257,0.3989517459916545,0.6010482540083455,0.0017247276304590687,0.0,0.0,0.0009199597614052443,0.0009199597614052443,0.11149101883170494,0.11149101883170494
2011-03-28,-0.0030842697753029,-0.0030842697753029,-0.001245321996002558,121248.91873467172,0.3991815614858928,0.6008184385141072,-0.001245077532609605,0.0,0.0,0.0002444633929527544,0.0002444633929527544,0.02967788058321566,0.02967788058321566
2011-03-29,0.0084866602803324,0.0084866602803324,0.0034273438054573135,121664.48046521538,0.3985172763549426,0.6014827236450574,0.003428048080981857,0.0,0.0,0.000704275524543734,0.000704275524543734,0.08539264584222152,0.08539264584222152
2011-03-30,0.009897193136676,0.009897193136676,0.003990429564744151,122149.97400504301,0.39889102132445886,0.6011089786755411,0.003990757211200739,0.0,0.0,0.00032764645658824834,0.00032764645658824834,0.03986293591707798,0.03986293591707798
2011-03-31,0.0045685540811319,0.0045685540811319,0.0018434471192220255,122375.15102273566,0.39870752512688534,0.6012924748731147,0.0018436518151791314,0.0,0.0,0.00020469595710587412,0.00020469595710587412,0.025003605839419924,0.025003605839419924
2011-04-01,0.0067436099652882,0.0067436099652881,0.0027193930412855085,122707.93715685315,0.398126838188425,0.601873161811575,0.002720004795474343,0.0,0.0,0.0006117541888344459,0.0006117541888344459,0.07486351124740646,0.07486351124740646
2011-04-04,0.0068305775820785,0.0068305775820786,0.002750003626453871,123045.38442902917,0.3973057912030945,0.6026942087969055,0.002750855879905166,0.0,0.0,0.0008522534512951398,0.0008522534512951398,0.10457826294323523,0.10457826294323523
2011-04-05,0.0004745621316939,0.0004745621316939,0.00018939013448825037,123068.68801093433,0.3986275662020434,0.6013724337979566,0.00019070974704956843,0.0,0.0,0.001319612561318063,0.001319612561318063,0.16237223490475688,0.16237223490475688
2011-04-06,-0.0003708981208568,-0.0003708981208569,-0.00014990576132366604,123050.23930556297,0.3989857308539543,0.6010142691460457,-0.00014954590035746407,0.0,0.0,0.00035986096620195404,0.00035986096620195404,0.04428761697682167,0.04428761697682167
2011-04-07,-0.0032278675947334,-0.0032278675947333,-0.0013027793234463348,122889.93199805054,0.39910103727771307,0.6008989627222869,-0.0013026491930911816,0.0,0.0,0.0001301303551532704,0.0001301303551532704,0.016012571342527822,0.016012571342527822
2011-04-08,-0.0054932799418472,-0.005493279941847,-0.0022834007843673294,122609.32503093536,0.38607553336485206,0.613924466635148,-0.0021391729790797387,9.63908986319849,0.0,0.06579103096053371,0.06579103096053371,8.085055320821624,17.724145184020117
2011-04-11,-0.0031659899233478,-0.0031659899233478,-0.001545046459197242,122419.88792743174,0.3901693802274402,0.6098306197725598,-0.001540633279298465,0.0,0.0,0.004413179898777096,0.004413179898777096,0.5410970086291513,0.5410970086291513
2011-04-12,-0.0070889865207606,-0.0070889865207605,-0.0034916005488165864,121992.44657955825,0.39193554909158335,0.6080644509084167,-0.0034891060160517633,0.0,0.0,0.0024945327648231846,0.0024945327648231846,0.30538042150096073,0.30538042150096073
2011-04-13,-0.001674831507727,-0.0016748315077272,-0.0008301328214210062,121891.17664568711,0.3912394928485623,0.6087605071514377,-0.0008296102399523385,0.0,0.0,0.0005225814686677316,0.0005225814686677316,0.06375099189991534,0.06375099189991534
2011-04-14,0.0023865310501545,0.0023865310501545,0.0010523632873036752,122019.45044503528,0.6185020003771735,0.3814979996228265,0.0012797579676521518,24.441303005299446,0.0,0.026877270656507427,0.026877270656507427,3.2761021453462895,27.717405150645735
2011-04-15,0.0074897507217659,0.0074897507217661,0.004709594745819821,122594.11260773905,0.6201511146082523,0.37984888539174766,0.004711165705507181,0.0,0.0,0.001570959687360486,0.001570959687360486,0.19168763772303096,0.19168763772303096
2011-04-18,-0.0149591421875265,-0.0149591421875265,-0.009966736165684097,121372.24943191154,0.40572528116776463,0.5942747188322354,-0.009752793423598295,0.0,0.0,0.21394274208580305,0.21394274208580305,26.22812061487541,26.22812061487541
2011-04-19,0.0096833583999758,0.0096833583999754,0.003962149270215806,121853.14440142263,0.4057232521850646,0.5942767478149353,0.003962184379936323,0.0,0.0,3.510972051752999e-05,3.510972051752999e-05,0.004261345756138352,0.004261345756138352
2011-04-20,0.0152328100377023,0.0152328100377024,0.006174749551471269,122605.55705016067,0.3839590037234081,0.6160409962765919,0.00631303573338826,9.833058429009919,0.0,0.057590205811386325,0.057590205811386325,7.017547664842507,16.850606093852427
2011-04-21,0.0054654694901643,0.0054654694901644,0.0025745632239749664,122921.21280839696,0.3870304655181922,0.6129695344818078,0.0027275334895311143,9.55340556413627,0.0,0.07505042412328575,0.07505042412328575,9.201599056486266,18.755004620622536
2011-04-25,-0.0037393134301202,-0.0037393134301201,-0.0014488975950724963,122743.11255877548,0.3867562351949258,0.6132437648050741,-0.0014486247665399267,0.0,0.0,0.0002728285325695319,0.0002728285325695319,0.03353641411218209,0.03353641411218209
2011-04-26,0.0109429844804267,0.0109429844804267,0.004235703810266984,123263.0160283247,0.3874233644577438,0.6125766355422562,0.00423636688449889,0.0,0.0,0.0006630742319057854,0.0006630742319057854,0.08138779508163542,0.08138779508163542
2011-04-27,0.0015682330901451,0.001568233090145,0.0006077345682830746,123337.92722415595,0.38700625336305833,0.6129937466369417,0.0006081522605868376,0.0,0.0,0.00041769230376301653,0.00041769230376301653,0.051486013133648575,0.051486013133648575
2011-04-28,0.000470257347918,0.000470257347918,-1.419172620770065e-05,123336.17684606177,0.5833647839574068,0.41663521604259324,0.00018216663037244109,0.0,0.0,0.19635835658014172,0.19635835658014172,24.218432693736386,24.218432693736386
2011-04-29,0.0042043540266276,0.0042043540266277,0.0031791878318617136,123728.28571871913,0.5796074029395781,0.42039259706042187,0.0031836731534347486,0.0,0.0,0.004485321573034875,0.004485321573034875,0.5532024147432854,0.5532024147432854
2011-05-02,-0.0073375300393814,-0.0073375300393813,-0.004744695976038448,123141.23261934737,0.5804289264398017,0.4195710735601983,-0.0047433803333204174,0.0,0.0,0.0013156427180306674,0.0013156427180306674,0.16278221812025062,0.16278221812025062
2011-05-03,-0.0082914886343985,-0.0082914886343985,-0.006027405864287244,122399.01043172194,0.5815700081576376,0.4184299918423624,-0.006025042223356887,0.0,0.0,0.00236364093035662,0.00236364093035662,0.2910616576336552,0.2910616576336552
2011-05-04,-0.0155552811757221,-0.0155552811757221,-0.010154298939587199,121156.13428988858,0.38201031979254624,0.6179896802074538,-0.009955662794999992,0.0,0.0,0.19863614458720735,0.19863614458720735,24.31286753344662,24.31286753344662
2011-05-05,-0.0083109630127419,-0.0083109630127418,-0.003178866749935301,120770.99508304376,0.38113345310112745,0.6188665468988725,-0.0031779930287767853,0.0,0.0,0.000873721158515956,0.000873721158515956,0.10585667801307619,0.10585667801307619
2011-05-06,0.0085656901105786,0.0085656901105785,0.0032675484257095712,121165.62015789875,0.3807795087466765,0.6192204912533235,0.003267905577120452,0.0,0.0,0.00035715141088085283,0.00035715141088085283,0.04313353128739362,0.04313353128739362
2011-05-09,0.0063273398251912,0.0063273398251913,0.0024108105109097344,121457.72750853632,0.38165948199643385,0.6183405180035662,0.0024116881322588176,0.0,0.0,0.0008776213490829167,0.0008776213490829167,0.10633753502544335,0.10633753502544335
2011-05-10,0.0103202063284513,0.0103202063284514,0.003939944235459657,121936.2641818856,0.3843685620178275,0.6156314379821726,0.0039426495098475395,0.0,0.0,0.0027052743878822286,0.0027052743878822286,0.32857647943922214,0.32857647943922214
2011-05-11,-0.0195368460562725,-0.0195368460562726,-0.0075179585624857055,121019.55240050188,0.38300741036026886,0.6169925896397311,-0.007516604810785752,0.0,0.0,0.0013537516999534227,0.0013537516999534227,0.16507142492219729,0.16507142492219729
2011-05-12,0.0019564506495002,0.0019564506495001,0.0006634591514394895,121099.8439300451,0.3913460068837289,0.6086539931162711,0.0008285817017463267,9.501023780360907,0.0,0.08661437876015829,0.08661437876015829,10.482033349001894,19.983057129362802
2011-05-13,-0.0120851574772845,-0.0120851574772843,-0.006024380452060829,120370.29239752532,0.3960621438310699,0.6039378561689301,-0.005852886805956768,9.549478883380608,0.0,0.09263740175665253,0.09263740175665253,11.218374894815506,20.767853778196113
2011-05-16,-0.0020360300795145,-0.0020360300795146,-0.0008127727188264262,120272.45870770747,0.3957095527488352,0.6042904472511648,-0.0008124261717836241,0.0,0.0,0.00034654704280215505,0.00034654704280215505,0.04171396887159313,0.04171396887159313
2011-05-17,0.0011196051331683,0.001119605133168,0.000249296334916992,120302.44219085475,0.592775667284589,0.40722433271541103,0.00044635913248046596,0.0,0.0,0.19706279756347392,0.19706279756347392,23.701227182778233,23.701227182778233
2011-05-18,0.008903030729338,0.0089030307293381,0.004467891768621348,120839.94048206432,0.5940880507545914,0.40591194924540863,0.004470004521834536,0.0,0.0,0.0021127532131879146,0.0021127532131879146,0.2541693712930817,0.2541693712930817
2011-05-19,-0.0009826412567003,-0.0009826412567002,-0.0015872017719574325,120648.14311440794,0.5922064336807917,0.40779356631920827,-0.0015863236892583862,0.0,0.0,0.0008780826990462494,0.0008780826990462494,0.10610746109107919,0.10610746109107919
2011-05-20,-0.0096481974205054,-0.0096481974205055,-0.004818830844624151,120066.7601210216,0.5929706112045174,0.40702938879548256,-0.004818691269244848,0.0,0.0,0.0001395753793029433,0.0001395753793029433,0.016839510337389275,0.016839510337389275
2011-05-23,-0.0131590302366804,-0.0131590302366804,-0.007910562736264285,119116.96448254425,0.5916040432514917,0.40839595674850826,-0.007909303972682621,0.0,0.0,0.0012587635816639058,0.0012587635816639058,0.15113566500871817,0.15113566500871817
2011-05-24,0.0027551843663105,0.0027551843663103,0.00302198088259234,119476.93367200294,0.5965038833048838,0.4034961166951162,0.0030254890461359715,0.0,0.0,0.0035081635436314358,0.0035081635436314358,0.4178817922257023,0.4178817922257023
2011-05-25,0.0045098882989755,0.0045098882989757,0.002142648566059449,119732.93075261242,0.5975059709168173,0.40249402908318266,0.002144194174164118,0.0,0.0,0.001545608104669064,0.001545608104669064,0.18466451700445594,0.18466451700445594
2011-05-26,0.0069008988196888,0.0069008988196886,0.005254595160627016,120362.07883111281,0.5994545649999012,0.40054543500009876,0.00525541942244035,0.0,0.0,0.0008242618133336566,0.0008242618133336566,0.09869128261790144,0.09869128261790144
2011-05-27,0.0084167580432978,0.0084167580432979,0.005482747411106267,121021.99370721947,0.6003473867482456,0.3996526132517544,0.005483206144359638,0.0,0.0,0.0004587332533710739,0.0004587332533710739,0.055214088004702046,0.055214088004702046
2011-05-31,0.0100261096094309,0.010026109609431,0.00593482616203839,121740.23820165511,0.7959376413222484,0.20406235867775158,0.006331346020785367,12.237894738643122,0.0,0.29539861322982336,0.29539861322982336,35.74972911142104,47.98762385006416
2011-06-01,-0.0237147364276402,-0.0237147364276402,-0.02371473642764024,118853.20054006472,0.7909808062337643,0.20901919376623568,-0.02371473642764024,0.0,0.0,0.0,0.0,0.0,0.0
2011-06-02,0.0032287675855551,0.0032287675855551,0.0032287675855551877,119236.94990140796,0.7916535086316585,0.2083464913683415,0.0032287675855551877,0.0,0.0,0.0,0.0,0.0,0.0
2011-06-03,-0.0044597635151709,-0.0044597635151709,-0.004459763515170992,118705.18130257739,0.7907201700817279,0.2092798299182721,-0.004459763515170992,0.0,0.0,0.0,0.0,0.0,0.0
2011-06-06,-0.0144680420752427,-0.0144680420752428,-0.014524455163668223,116981.053219053,0.8151364014144911,0.18486359858550894,-0.014270896254493744,16.54755925520321,0.0,0.11415842914805363,0.11415842914805363,13.55119702923714,30.098756284440356
2011-06-07,0.0005628600683778,0.0005628600683777,0.0007058655774579596,117063.62611773511,0.5887190896405404,0.4112809103594596,0.0009328700560891584,23.57557302799184,0.0,0.025471218507053986,0.025471218507053986,2.97964996772781,26.55522299571965
2011-06-08,-0.0060196927329598,-0.0060196927329598,-0.004268962938980859,116563.88583633579,0.5887451431455676,0.4112548568544324,-0.004268208198832973,0.0,0.0,0.0007547401478849591,0.0007547401478849591,0.08835261848804897,0.08835261848804897
2011-06-09,0.0071921832693551,0.007192183269355,0.005137068742674545,117162.68253079032,0.5885142984144885,0.41148570158551145,0.0051381969672839155,0.0,0.0,0.001128224609370458,0.001128224609370458,0.1315102445644026,0.1315102445644026
2011-06-10,-0.0096029039644086,-0.0096029039644084,-0.0074867125680845035,116285.51920297656,0.5851133337000224,0.4148866662999776,-0.007485163099924206,0.0,0.0,0.0015494681602974479,0.0015494681602974479,0.18153984615649763,0.18153984615649763
2011-06-13,0.0027771578411068,0.0027771578411066,0.0015237119975923094,116462.7048437324,0.574071497783262,0.42592850221673795,0.0017268913362569317,11.180976688612013,0.0,0.1070282721754613,0.1070282721754613,12.445838199321008,23.62681488793302
2011-06-14,0.0101888243038963,0.0101888243038964,0.005970710726128901,117158.06996473686,0.5752485090875611,0.4247514909124389,0.00597176632182249,0.0,0.0,0.0010555956935900776,0.0010555956935900776,0.1229375296968962,0.1229375296968962
2011-06-15,-0.018680236453371,-0.0186802364533711,-0.010696542561799902,115904.88368290073,0.5736655614946078,0.4263344385053922,-0.010694907775453016,0.0,0.0,0.0016347863468860423,0.0016347863468860423,0.19152841320587152,0.19152841320587152
2011-06-16,-0.0012537824632444,-0.0012537824632444,-0.0018570982562188757,115689.63692552596,0.5715015410002541,0.4284984589997459,-0.0018560724835023578,0.0,0.0,0.0010257727165180076,0.0010257727165180076,0.11889206739311277,0.11889206739311277
2011-06-17,0.0057323755419362,0.0057323755419361,0.003194270608706787,116059.18093248912,0.5711729321730269,0.4288270678269731,0.003194518138989859,0.0,0.0,0.0002475302830717123,0.0002475302830717123,0.028636688576639063,0.028636688576639063
2011-06-20,0.0030802196396411,0.0030802196396409,0.001981669354004269,116289.17185459386,0.5720364212806996,0.42796357871930035,0.0019823105553350936,0.0,0.0,0.0006412013308243079,0.0006412013308243079,0.07441730126829117,0.07441730126829117
2011-06-21,0.0145017214700844,0.0145017214700844,0.007608785933584665,117173.9912696293,0.5702731138192483,0.4297268861807517,0.007609873402419896,0.0,0.0,0.0010874688352308225,0.0010874688352308225,0.12646085026667214,0.12646085026667214
2011-06-22,-0.0050464969963316,-0.0050464969963313,-0.002256805806938361,116909.55232570987,0.571496609329234,0.42850339067076604,-0.0022562071390359617,0.0,0.0,0.0005986679023991932,0.0005986679023991932,0.07014830756913035,0.07014830756913035
2011-06-23,-0.0043659951754553,-0.0043659951754553,-0.0034122805621276584,116510.62413278181,0.570684111133019,0.429315888866981,-0.0034121720184802683,0.0,0.0,0.00010854364739023945,0.00010854364739023945,0.0126897892241926,0.0126897892241926
2011-06-24,-0.008501764349785,-0.0085017643497851,-0.004416832725141779,115996.01619528545,0.571212554976412,0.428787445023588,-0.004416743090692778,0.0,0.0,8.963444900075153e-05,8.963444900075153e-05,0.01044336559687556,0.01044336559687556
2011-06-27,0.0115106835861795,0.0115106835861797,0.006738931446484153,116777.70539649075,0.570573828883911,0.42942617111608905,0.006739732984503794,0.0,0.0,0.0008015380196406403,0.0008015380196406403,0.09297521710737275,0.09297521710737275
2011-06-28,0.0132138370673466,0.0132138370673465,0.008929753060444762,117820.5014686468,0.5742571303468436,0.42574286965315644,0.008932061931091237,0.0,0.0,0.0023088706464744397,0.0023088706464744397,0.26962461615259725,0.26962461615259725
2011-06-29,0.0120832979129674,0.0120832979129676,0.00660686370873221,118598.92546394464,0.5730156212601885,0.42698437873981154,0.00660777802937901,0.0,0.0,0.0009143206467998695,0.0009143206467998695,0.10772571710909812,0.10772571710909812
2011-06-30,0.0070009005220992,0.0070009005220992,0.00404378271185819,119078.5137483807,0.5727464652378446,0.42725353476215544,0.004044084100958866,0.0,0.0,0.0003013891006763743,0.0003013891006763743,0.03574442348676263,0.03574442348676263
2011-07-01,0.0165961313854114,0.0165961313854115,0.009049807857846454,120156.15141780148,0.5712841982682666,0.4287158017317334,0.009050822992881626,0.0,0.0,0.0010151350351721767,0.0010151350351721767,0.12088077124221298,0.12088077124221298
2011-07-05,-0.0029935913755275,-0.0029935913755274,-0.0017955635344316075,119940.40341387804,0.5717209740644668,0.42827902593553324,-0.0017950416536611402,0.0,0.0,0.0005218807704672081,0.0005218807704672081,0.06270718487829675,0.06270718487829675
2011-07-06,-0.0035224821713714,-0.0035224821713716,-0.0025697057658821782,119632.19186766316,0.5709958991815673,0.42900410081843265,-0.0025695383166039923,0.0,0.0,0.00016744927818575423,0.00016744927818575423,0.02008393397696205,0.02008393397696205
2011-07-07,0.0122665628359353,0.0122665628359353,0.0062063620798291025,120374.67256679748,0.5688987259315258,0.4311012740684742,0.006207672420158394,0.0,0.0,0.00131034032929164,0.00131034032929164,0.1567588856857544,0.1567588856857544
2011-07-08,-0.0106790082933428,-0.0106790082933427,-0.006912575412738552,119542.57356489578,0.5677184475073402,0.43228155249265976,-0.00691224113569351,0.0,0.0,0.0003342770450428886,0.0003342770450428886,0.040238489843634324,0.040238489843634324
2011-07-11,-0.0235863613767807,-0.0235863613767805,-0.014216596485281435,117843.0850337116,0.5720044816680696,0.4279955183319304,-0.014001906774601815,14.183853319995606,0.0,0.09603864857666408,0.09603864857666408,11.48070721254904,25.664560532544645
2011-07-12,-0.0054182608909185,-0.0054182608909186,-0.004122114581456547,117357.3223345703,0.5647169359396716,0.43528306406032835,-0.0038958166945564938,10.974502844366853,0.0,0.13316978488857373,0.13316978488857373,15.693138284545277,26.66764112891213
2011-07-13,0.0048101351396556,0.0048101351396555,0.0038316753217103776,117806.9974903817,0.3642210031696868,0.6357789968303131,0.004034395327497425,22.366568534903262,0.0,0.01213480760794145,0.01213480760794145,1.4241085279131809,23.790677062816442
2011-07-14,-0.0062013696628187,-0.0062013696628185,-0.0028099428710759407,117475.96655762073,0.36444403966233074,0.6355559603376693,-0.00280916590262344,0.0,0.0,0.0007769684525005883,0.0007769684525005883,0.09153232053384255,0.09153232053384255
2011-07-15,0.0015370052257683,0.0015370052257683,0.0006977348970764896,117557.93363905577,0.36457893878893666,0.6354210612110633,0.0006977373717839057,0.0,0.0,2.474707416112586e-06,2.474707416112586e-06,0.00029071864565513816,0.00029071864565513816
2011-07-18,-0.0079777459624772,-0.0079777459624772,-0.003622396905410667,117132.0921440352,0.36471200066945747,0.6352879993305425,-0.0036215450825117495,0.0,0.0,0.0008518228989174493,0.0008518228989174493,0.10013853982316562,0.10013853982316562
2011-07-19,0.0135169986273546,0.0135169986273546,0.006074889082051584,117843.65661175887,0.3607254882745837,0.6392745117254163,0.006240703232727486,8.377400386118481,0.0,0.09429318462146741,0.09429318462146741,11.044757989636242,19.422158375754723
2011-07-20,0.0047955842331002,0.0047955842331,0.0016382686101629354,118036.71617529275,0.3652996713884334,0.6347003286115667,0.0017996417731825764,10.305309545815797,0.0,0.07392416625465506,0.07392416625465506,8.711494063424144,19.01680360923994
2011-07-21,0.0128133995994899,0.01281339959949,0.005782312935466273,118719.24140609312,0.3539260330092318,0.6460739669907682,0.005794786535470043,0.0,0.0,0.012473600003769555,0.012473600003769555,1.4723427833290776,1.4723427833290776
2011-07-22,0.0015450809058066,0.0015450809058067,0.0006741951088561778,118799.28133797621,0.354824660181119,0.645175339818881,0.0006749658122241382,0.0,0.0,0.0007707033679604579,0.0007707033679604579,0.0914973191933866,0.0914973191933866
2011-07-25,-0.0047505562277541,-0.0047505562277542,-0.0020837514647437765,118551.73316147769,0.35839068806569085,0.6416093119343091,-0.002079789380489847,0.0,0.0,0.003962084253929479,0.003962084253929479,0.47069276196733373,0.47069276196733373
2011-07-26,-0.0001307926049911,-0.0001307926049912,-0.0001306699885818915,118536.24200785911,0.3528282226129568,0.6471717773870431,2.631729291368968e-05,7.957466016629152,0.0,0.08986497290992435,0.08986497290992435,10.653648288980772,18.611114305609924
2011-07-27,-0.0232034794348611,-0.0232034794348609,-0.008262999486223884,117556.77710104926,0.35582948323209274,0.6441705167679073,-0.008115312528915753,8.478882991344975,0.0,0.0761570787855555,0.0761570787855555,9.0273739215362,17.50625691288117
2011-07-28,-0.0006350531470474,-0.0006350531470473,-0.00028512203696748415,117523.25907330288,0.3557276127679786,0.6442723872320214,-0.0002850793127439814,0.0,0.0,4.272422350272339e-05,4.272422350272339e-05,0.005022522019125063,0.005022522019125063
2011-07-29,-0.0025618734083222,-0.0025618734083221,-0.0011508149878155162,117388.0115453444,0.3564005937261692,0.6435994062738308,-0.001149902820383231,0.0,0.0,0.0009121674322852176,0.0009121674322852176,0.10720088946268509,0.10720088946268509
2011-08-01,-0.0030686827447923,-0.0030686827447924,-0.0013810355036551892,117225.89453369679,0.35622829817363627,0.6437717018263638,-0.001380919675724638,0.0,0.0,0.00011582793055131163,0.00011582793055131163,0.013596810448830718,0.013596810448830718
2011-08-02,-0.0238348790746655,-0.0238348790746652,-0.010786249847364145,115961.46674667558,0.5020329566397488,0.4979670433602512,-0.01064137903752111,15.061211544748764,0.0,0.0163905657411702,0.0163905657411702,1.9213987309220415,16.982610275670805
2011-08-03,0.0080072616170372,0.0080072616170369,0.004454843587516208,116478.05694321098,0.5019715161275378,0.49802848387246224,0.004456989919666969,0.0,0.0,0.0021463321507607727,0.0021463321507607727,0.24889182432776605,0.24889182432776605
2011-08-04,-0.0539707175520952,-0.0539707175520951,-0.02811792520981415,113202.9356494973,0.5049451090392187,0.49505489096078126,-0.028104773037084637,0.0,0.0,0.013152172729512747,0.013152172729512747,1.5319395241151323,1.5319395241151323
2011-08-05,-0.0130107816409452,-0.0130107816409451,-0.0067868468612360035,112434.64466100182,0.7808386787493842,0.21916132125061583,-0.00632126025964509,10.680754794191726,0.0,0.3712360908650979,0.3712360908650979,42.02501530497261,52.70577009916433
2011-08-08,-0.0515334859499143,-0.0515334859499145,-0.05155512226189982,106638.06280903061,0.7472945695966383,0.2527054304033617,-0.05153348594991453,0.0,0.0,0.021636311985288894,0.021636311985288894,2.4326710498405317,2.4326710498405317
2011-08-09,0.03261917017998,0.0326191701799801,0.031224904885933595,109967.82617746282,0.3741351829925902,0.6258648170074098,0.031964822561102765,54.536993650202234,0.0,0.22849621632413938,0.22849621632413938,24.366393867999424,78.90338751820165
2011-08-10,-0.0573926813189274,-0.0573926813189275,-0.02165656042468022,107586.30130507986,0.3774169440417611,0.6225830559582388,-0.021653087209694267,0.0,0.0,0.003473214985953897,0.003473214985953897,0.3819419018523371,0.3819419018523371
2011-08-11,0.050613179470905,0.0500332040807292,0.018562056282664028,109583.32428514841,0.0,1.0,0.01935301856440362,0.0,0.7909622817395943,0.0,0.7909622817395943,85.09670636418946,85.09670636418946
2011-08-12,0.0024490296055106,-0.000395736485304,-0.00039573648530406207,109539.95816554787,0.36887105373816464,0.6311289462618354,0.0,0.0,0.36887105373816464,0.026865431565897428,0.3957364853040621,43.3661196005399,43.3661196005399
2011-08-15,0.0211145800647734,0.0105572900323866,0.00983749067946826,110617.5564830308,0.36778588061691314,0.6322141193830868,0.009840585448859303,0.0,0.0,0.003094769391042674,0.003094769391042674,0.3390009096268326,0.3390009096268326
2011-08-16,-0.0144792315543215,-0.0072396157771607,-0.006758900759956942,109869.90339645307,0.37525875756052574,0.6247412424394743,-0.006600716334092655,8.240954711044436,0.0,0.08368490722495894,0.08368490722495894,9.257019951734089,17.49797466277852
2011-08-17,0.0011670999892936,0.0005835499946468,0.00043936222537863643,109918.17608171146,0.37358313350021777,0.6264168664997822,0.0004410409222829799,0.0,0.0,0.0016786969043434206,0.0016786969043434206,0.18443826671213645,0.18443826671213645
2011-08-18,-0.052543962667415,-0.0262719813337074,-0.01976795047996279,107745.31902008035,0.37412650300182854,0.6258734969981714,-0.019767261749068323,0.0,0.0,0.0006887308944671898,0.0006887308944671898,0.0757040437309592,0.0757040437309592
2011-08-19,-0.0180591550363324,-0.0091253872807639,-0.007025929548830446,106988.30799942902,0.0,1.0,-0.006656833287895926,8.058040680559394,0.29430841164468147,0.0,0.29430841164468147,31.710353702949334,39.76839438350873
2011-08-22,-0.0040648016858012,-0.0,0.0,106988.30799942902,0.0,1.0,0.0,0.0,0.0,0.0,0.0,0.0,0.0
2011-08-23,0.0188339163686606,0.0,0.0,106988.30799942902,0.0,1.0,0.0,0.0,0.0,0.0,0.0,0.0,0.0
2011-08-24,0.0191538747566921,0.0,0.0,106988.30799942902,0.0,1.0,0.0,0.0,0.0,0.0,0.0,0.0,0.0
2011-08-25,-0.0161341228278062,-0.0,0.0,106988.30799942902,0.0,1.0,0.0,0.0,0.0,0.0,0.0,0.0,0.0
2011-08-26,0.0177212863496687,0.0,0.0,106988.30799942902,0.0,1.0,0.0,0.0,0.0,0.0,0.0,0.0,0.0
2011-08-29,0.0361466118610205,0.0,0.0,106988.30799942902,0.0,1.0,0.0,0.0,0.0,0.0,0.0,0.0,0.0
2011-08-30,0.0037389312911568,-0.0005,-0.0005,106934.81384542931,0.3723795958651388,0.6276204041348612,0.0,0.0,0.3723795958651388,0.1276204041348612,0.5,53.49415399971451,53.49415399971451
2011-08-31,0.0057706719201229,0.0028853359600614,0.0021486253989558934,107164.57670249022,0.37263467439492726,0.6273653256050727,0.002148880477485682,0.0,0.0,0.000255078529788455,0.000255078529788455,0.027276775098894236,0.027276775098894236
2011-09-01,-0.0174253089753186,-0.0087126544876593,-0.006493489289221783,106468.70467148861,0.3728496273677886,0.6271503726322114,-0.006493274336248921,0.0,0.0,0.00021495297286139303,0.00021495297286139303,0.02303534434763305,0.02303534434763305
2011-09-02,-0.0335525948193508,-0.0167762974096753,-0.012510514773673594,105136.72636876206,0.3732919254241033,0.6267080745758967,-0.01251007247561728,0.0,0.0,0.0004422980563145718,0.0004422980563145718,0.047090901134529586,0.047090901134529586
2011-09-06,-0.0096655346811007,-0.0053327673405504,-0.004108066051361589,104704.81775241524,0.0,1.0,-0.0036080660513615886,0.0,0.5,0.0,0.5,52.56836318438103,52.56836318438103
2011-09-07,0.0351301532699606,0.0,0.0,104704.81775241524,0.0,1.0,0.0,0.0,0.0,0.0,0.0,0.0,0.0
2011-09-08,-0.0160420901356126,-0.0005,-0.0005,104652.46534353905,0.3738756747424037,0.6261243252575963,0.0,0.0,0.3738756747424037,0.12612432525759631,0.5,52.35240887620762,52.35240887620762
2011-09-09,-0.0283541033198108,-0.0144754136570832,-0.01092434995616463,103509.20518835082,0.0,1.0,-0.010526568404014025,0.0,0.39778155215060396,0.0,0.39778155215060396,41.628820100740256,41.628820100740256
2011-09-12,0.0056420234314871,0.0,0.0,103509.20518835082,0.0,1.0,0.0,0.0,0.0,0.0,0.0,0.0,0.0
2011-09-13,0.0100381070966024,0.0,0.0,103509.20518835082,0.0,1.0,0.0,0.0,0.0,0.0,0.0,0.0,0.0
2011-09-14,0.01206745552969,0.0,0.0,103509.20518835082,0.0,1.0,0.0,0.0,0.0,0.0,0.0,0.0,0.0
2011-09-15,0.0204649823561067,0.0,0.0,103509.20518835082,0.0,1.0,0.0,0.0,0.0,0.0,0.0,0.0,0.0
2011-09-16,0.0037973482557143,-0.0005,-0.0005,103457.45058575665,0.36221816791681094,0.6377818320831891,0.0,0.0,0.36221816791681094,0.13778183208318906,0.5,51.75460259417542,51.75460259417542
2011-09-19,-0.0182245135185622,-0.009112256759281,-0.006601727728869056,102774.45266546657,0.361740336916483,0.638259663083517,-0.006601249897868728,0.0,0.0,0.0004778310003279996,0.0004778310003279996,0.049435177104776684,0.049435177104776684
2011-09-20,-0.0060791333522979,-0.0035395666761489,-0.0026990677470205026,102497.0574550595,0.0,1.0,-0.0021990677470205026,0.0,0.5,0.0,0.5,51.387226332733285,51.387226332733285
2011-09-21,-0.0412908315884547,-0.0,0.0,102497.0574550595,0.0,1.0,0.0,0.0,0.0,0.0,0.0,0.0,0.0
2011-09-22,-0.0310424713425148,-0.0,0.0,102497.0574550595,0.0,1.0,0.0,0.0,0.0,0.0,0.0,0.0,0.0
2011-09-23,0.0094480639800558,0.0,0.0,102497.0574550595,0.0,1.0,0.0,0.0,0.0,0.0,0.0,0.0,0.0
2011-09-26,0.0312241886680695,0.0,0.0,102497.0574550595,0.0,1.0,0.0,0.0,0.0,0.0,0.0,0.0,0.0
2011-09-27,0.0120496839024486,0.0,0.0,102497.0574550595,0.0,1.0,0.0,0.0,0.0,0.0,0.0,0.0,0.0
2011-09-28,-0.0282302965745847,-0.0005,-0.0005,102445.80892633197,0.36114368572909133,0.6388563142709087,0.0,0.0,0.36114368572909133,0.13885631427090867,0.5,51.24852872752975,51.24852872752975
2011-09-29,0.0188942424780935,0.0089471212390468,0.006323536367597889,103093.62872478562,0.0,1.0,0.0068235363675978895,0.0,0.5,0.0,0.5,51.22290446316599,51.22290446316599
2011-09-30,-0.0318343140936473,-0.0,0.0,103093.62872478562,0.0,1.0,0.0,0.0,0.0,0.0,0.0,0.0,0.0
2011-10-03,-0.0394176002260427,-0.0,0.0,103093.62872478562,0.0,1.0,0.0,0.0,0.0,0.0,0.0,0.0,0.0
2011-10-04,0.0380696554131587,0.0,0.0,103093.62872478562,0.0,1.0,0.0,0.0,0.0,0.0,0.0,0.0,0.0
2011-10-05,0.0165303012475213,0.0,0.0,103093.62872478562,0.0,1.0,0.0,0.0,0.0,0.0,0.0,0.0,0.0
2011-10-06,0.0242445473606256,-0.0005024825730006,-0.0004945783711141452,103042.64084581866,0.3702302988883549,0.6297697011116451,0.0,9.56925260877551,0.3702302988883549,0.03152708292565447,0.4017573818140094,41.41862635817542,50.98787896695093
2011-10-07,-0.0138214499645217,-0.0069107249822609,-0.0063700362709678965,102386.25548617449,0.3705776569219278,0.6294223430780722,-0.006368420075233734,0.0,0.0,0.0016161957341630723,0.0016161957341630723,0.1665370765719097,0.1665370765719097
2011-10-10,0.0326571524573584,0.0163285762286792,0.015108778668912205,103933.18675905379,0.3691346423547986,0.6308653576452015,0.01511313758498491,0.0,0.0,0.004358916072705709,0.004358916072705709,0.446293094662839,0.446293094662839
2011-10-11,0.0019992251113247,0.0005958891751604,0.00036012720108783737,103970.61592670147,0.36868255696663527,0.6313174430333648,0.0009144073515087066,0.0,0.18434127848331763,0.36993887193755154,0.5542801504208692,57.60810239052863,57.60810239052863
2011-10-12,0.0121515418709472,0.0121515418709472,0.005494623196918837,104541.89528477027,0.36947938507456923,0.6305206149254308,0.005636262163977042,7.389542986399565,0.0,0.07056558809881608,0.07056558809881608,7.336747657863823,14.726290644263388
2011-10-13,-0.0080308042766121,-0.0080308042766124,-0.0029672961021971487,104231.68852637548,0.36939990865439204,0.630600091345608,-0.0029672166257769714,0.0,0.0,7.947642017713807e-05,7.947642017713807e-05,0.008308615595766771,0.008308615595766771
2011-10-14,0.0184012334679388,0.0184012334679389,0.006727844399217554,104932.94310824863,0.36808349488225234,0.6319165051177477,0.006869676590960526,7.532055814649601,0.0,0.06956956296723626,0.06956956296723626,7.251353018117037,14.783408832766636
2011-10-17,-0.0219837578865841,-0.0219837578865841,-0.010015768646415136,103881.95902668897,0.3685130259196834,0.6314869740803166,-0.010013374407746618,0.0,0.0,0.0023942386685182394,0.0023942386685182394,0.25123450999119334,0.25123450999119334
2011-10-18,0.0244359946195287,0.0244359946195285,0.011199812930773148,105045.41753467014,0.3673417628400339,0.632658237159966,0.011203129908764915,0.0,0.0,0.003316977991767285,0.003316977991767285,0.3445741718331982,0.3445741718331982
2011-10-19,-0.0117942659641414,-0.0117942659641413,-0.005409696473390062,104477.15370988703,0.37178895419161573,0.6282110458083843,-0.005271971462345424,7.472607378703639,0.0,0.06658809185216277,0.06658809185216277,6.994773911447406,14.467381290151046
2011-10-20,0.007975445480669,0.0079754454806691,0.0029651223994456273,104786.94125858255,0.3717288191670211,0.6282711808329788,0.002965182534470222,0.0,0.0,6.013502459462084e-05,6.013502459462084e-05,0.006282736207920039,0.006282736207920039
2011-10-21,0.0223997092252665,0.0223997092252666,0.008326396899737984,105659.43892141103,0.371949379422036,0.628050620577964,0.008326617459992998,0.0,0.0,0.00022056025501482337,0.00022056025501482337,0.023111834486216284,0.023111834486216284
2011-10-24,0.0217603436642448,0.0217603436642446,0.008093227505977778,106514.56479875596,0.371430563473781,0.628569436526219,0.008093746321926033,0.0,0.0,0.0005188159482549248,0.0005188159482549248,0.05481780199609518,0.05481780199609518
2011-10-25,-0.0246158050796585,-0.0246158050796586,-0.009143150604398794,105540.68609123894,0.37134231017334857,0.6286576898266514,-0.00914306235109836,0.0,0.0,8.825330043238375e-05,8.825330043238375e-05,0.009400261887609217,0.009400261887609217
2011-10-26,0.0139568972036869,0.0139568972036872,0.0051826778642450845,106087.66946882124,0.37145089639744694,0.628549103602553,0.005182786450469183,0.0,0.0,0.00010858622409826159,0.00010858622409826159,0.011460264591387551,0.011460264591387551
2011-10-27,0.0489555634588878,0.0489555634588879,0.018184437934004108,108016.81410984017,0.37130089995552923,0.6286991000444708,0.018184587930446024,0.0,0.0,0.0001499964419176547,0.0001499964419176547,0.015912772951659396,0.015912772951659396
2011-10-28,0.0004527552635413,0.0004527552635414,0.00016779921411978784,108034.93924635951,0.3716101226482825,0.6283898773517175,0.00016810843681254115,0.0,0.0,0.00030922269275329706,0.00030922269275329706,0.03340125012167711,0.03340125012167711
2011-10-31,-0.0314210629428546,-0.0314210629428546,-0.011677524766193846,106773.3585676959,0.3727498349085075,0.6272501650914926,-0.01167638505393362,0.0,0.0,0.0011397122602249121,0.0011397122602249121,0.12312874479172946,0.12312874479172946
2011-11-01,-0.0335534251876175,-0.0335534251876175,-0.01250826443345648,105437.8091642829,0.3715191007514361,0.6284808992485639,-0.012507033699299409,0.0,0.0,0.0012307341570713115,0.0012307341570713115,0.13140961945448612,0.13140961945448612
2011-11-02,0.0229627866821866,0.0229627866821867,0.008530949823137499,106337.29382372492,0.3713550649758517,0.6286449350241483,0.008531113858913083,0.0,0.0,0.00016403577558443683,0.00016403577558443683,0.017295572802186986,0.017295572802186986
2011-11-03,0.0210937762175025,0.0210937762175023,0.007833068709521749,107170.24115263077,0.3711431366609523,0.6288568633390477,0.007833280637836648,0.0,0.0,0.0002119283148993567,0.0002119283148993567,0.022535883491019794,0.022535883491019794
2011-11-04,-0.0068777480913402,-0.00687774809134,-0.0025530069705666176,106896.63477993078,0.37076516587816716,0.6292348341218328,-0.0025526289997838325,0.0,0.0,0.00037797078278517526,0.00037797078278517526,0.040507219939735856,0.040507219939735856
2011-11-07,0.0040573276403221,0.0040573276403223,0.0015036425240740727,107057.3691056663,0.37009193436605947,0.6299080656339405,0.0015043157555861804,0.0,0.0,0.0006732315121077415,0.0006732315121077415,0.07196618307212178,0.07196618307212178
2011-11-08,0.0138521190867386,0.0138521190867383,0.005126277149834809,107606.17485063411,0.3698115363208714,0.6301884636791286,0.005126557547879997,0.0,0.0,0.00028039804518803496,0.00028039804518803496,0.030018677020202757,0.030018677020202757
2011-11-09,-0.045247444779822,-0.0452474447798217,-0.01673361632651458,105805.53440631974,0.37040079421576544,0.6295992057842346,-0.016733027068619684,0.0,0.0,0.0005892578948940574,0.0005892578948940574,0.06340778807008651,0.06340778807008651
2011-11-10,0.009175546977411,0.0091755469774109,0.0033981725755743877,106165.0798716833,0.37085810643844613,0.6291418935615538,0.0033986298877970683,0.0,0.0,0.00045731222268075017,0.00045731222268075017,0.04838616411127867,0.04838616411127867
2011-11-11,0.0232471518797297,0.0232471518797297,0.008621038141448987,107080.33307454703,0.3705015216839067,0.6294984783160933,0.008621394726203527,0.0,0.0,0.00035658475453942406,0.00035658475453942406,0.037856848946702534,0.037856848946702534
2011-11-14,-0.0121216646610654,-0.0121216646610654,-0.004491416997556492,106599.39064647199,0.3701797263942057,0.6298202736057943,-0.0044910952022667915,0.0,0.0,0.00032179528970099897,0.00032179528970099897,0.03445794680300332,0.03445794680300332
2011-11-15,0.0060459912931241,0.0060459912931241,0.0022380543962466984,106837.96588134556,0.3701307199704502,0.6298692800295498,0.002238103402670454,0.0,0.0,4.9006423755548756e-05,4.9006423755548756e-05,0.005224054910104287,0.005224054910104287
2011-11-16,-0.0188907442437423,-0.0188907442437425,-0.006992373846522497,106090.91488290117,0.37045979877889706,0.6295402012211029,-0.00699204476771405,0.0,0.0,0.0003290788084469032,0.0003290788084469032,0.035158110509124096,0.035158110509124096
2011-11-17,-0.0196715960355635,-0.0196715960355633,-0.00750191128121892,105295.0302517063,0.35808790816563146,0.6419120918343686,-0.007065025824898215,23.606255956088038,0.0,0.2143757722243465,0.2143757722243465,22.74332180400935,46.34957776009739
2011-11-18,0.001681050314936,0.001681050314936,0.001550913662376373,105458.33375270401,0.3582131243450052,0.6417868756549948,0.0015517366250948628,0.0,0.0,0.0008229627184896283,0.0008229627184896283,0.08665388433939186,0.08665388433939186
2011-11-21,-0.0082027861742393,-0.0082027861742394,-0.007559142371873791,104661.15919356674,0.3582646291184455,0.6417353708815545,-0.007554436598193324,0.0,0.0,0.004705773680467071,0.004705773680467071,0.4962630513593867,0.4962630513593867
2011-11-22,-0.003197553228266,-0.0031975532282659,-0.0029858422217515683,104348.65748546911,0.3582496785265147,0.6417503214734853,-0.0029840128323572763,0.0,0.0,0.001829389394292258,0.001829389394292258,0.19146601462304463,0.19146601462304463
2011-11-23,-0.0106747276783392,-0.0106747276783392,-0.010102413717751165,103294.48417665898,0.34197340474443616,0.6580265952555638,-0.009641665069006738,18.20838575100949,0.0,0.28625300893664946,0.28625300893664946,29.870117183715365,48.07850293472486
2011-11-25,-0.0010081720781496,-0.0010081720781496,-0.00044442835194558603,103248.57717929129,0.3418858437637377,0.6581141562362622,-0.0004444161642363372,0.0,0.0,1.2187709248849886e-05,1.2187709248849886e-05,0.0012589231401550448,0.0012589231401550448
2011-11-28,0.0271042577628313,0.0271042577628314,0.011946415162279003,104482.02754718969,0.34255524535410437,0.6574447546458957,0.011948356785548522,0.0,0.0,0.001941623269518962,0.001941623269518962,0.20046983999603643,0.20046983999603643
2011-11-29,-0.0002298994988483,-0.0002298994988484,-0.00010091633043281893,104471.48360437344,0.3423921720363685,0.6576078279636315,-0.00010077528418404446,0.0,0.0,0.000141046248774472,0.000141046248774472,0.014736798049882155,0.014736798049882155
2011-11-30,0.0450512144220263,0.0450512144220263,0.019735723721602275,106533.30394157526,0.3424039451204445,0.6575960548795555,0.019739840604976945,0.0,0.0,0.0041168833746694,0.0041168833746694,0.4300969139778918,0.4300969139778918
2011-12-01,-0.0053364292063853,-0.0053364292063853,-0.0023471222523467365,106283.25725327796,0.3671868635373563,0.6328131364626437,-0.002224307002870016,7.862234835404911,0.0,0.04901452665565153,0.04901452665565153,5.2216794657589665,13.08391430116388
2011-12-02,0.001018378910615,0.0010183789106151,0.0003766362167697749,106323.28737719581,0.3661008173724304,0.6338991826275696,0.00037772604976995627,0.0,0.0,0.0010898330001813763,0.0010898330001813763,0.11583100112138896,0.11583100112138896
2011-12-05,0.0129308981495344,0.0129308981495341,0.004780703601251969,106831.5875000569,0.3648986192362623,0.6351013807637377,0.004781953128131208,0.0,0.0,0.0012495268792388852,0.0012495268792388852,0.13285380546684664,0.13285380546684664
2011-12-06,0.0019499303516092,0.0019499303516094,0.0007185833440001031,106908.35489944754,0.36496190582608895,0.6350380941739111,0.0007186395317932048,0.0,0.0,5.618779310172626e-05,5.618779310172626e-05,0.006002631135182163,0.006002631135182163
2011-12-07,0.0078869522008642,0.0078869522008641,0.002906877701018544,107219.12441235733,0.36471381778105527,0.6352861822189447,0.0029071542815200684,0.0,0.0,0.0002765805015246105,0.0002765805015246105,0.029568766415260246,0.029568766415260246
2011-12-08,-0.031844225215758,-0.031844225215758,-0.011729321821717714,105961.516796682,0.36493446530596485,0.6350655346940351,-0.011728982439697826,0.0,0.0,0.0003393820198875021,0.0003393820198875021,0.03638824301363522,0.03638824301363522
2011-12-09,0.0188857025625202,0.0188857025625201,0.0068571775675438955,106688.11373268312,0.3789457762324486,0.6210542237675514,0.007034614125221713,9.834696519484572,0.0,0.08462270584937254,0.08462270584937254,8.966750267238968,18.801446786723538
2011-12-12,-0.0176950517826236,-0.0176950517826236,-0.008401632765722788,105791.75938063345,0.3796464902840298,0.6203535097159703,-0.008399207798252666,0.0,0.0,0.0024249674701215737,0.0024249674701215737,0.2587152052503873,0.2587152052503873
2011-12-13,-0.0091566513551237,-0.0091566513551235,-0.0043757401620722995,105328.84213029532,0.3802052756690823,0.6197947243309176,-0.004374275093625321,0.0,0.0,0.0014650684469777239,0.0014650684469777239,0.1549921686188257,0.1549921686188257
2011-12-14,-0.005602014945778,-0.005602014945778,-0.0026875171872469683,105045.76905675733,0.3806407115106939,0.6193592884893061,-0.002686522009349406,0.0,0.0,0.0009951778975623104,0.0009951778975623104,0.1048209356638998,0.1048209356638998
2011-12-15,0.004451892113334,0.0044518921133338,0.0020812982657080633,105264.40063371514,0.37795034255007376,0.6220496574499262,0.0022371730701336774,8.035122197872386,0.0,0.07938317349156947,0.07938317349156947,8.338866509587907,16.373988707460292
2011-12-16,0.0020159655000955,0.0020159655000955,0.0007668386078223339,105345.12144015035,0.3773428273473276,0.6226571726526724,0.0007674516287031958,0.0,0.0,0.0006130208808619638,0.0006130208808619638,0.06452927559988672,0.06452927559988672
2011-12-19,-0.0149657436577124,-0.0149657436577125,-0.005688636965943394,104745.85128814413,0.3779166216989691,0.6220833783010309,-0.0056880217459047925,0.0,0.0,0.0006152200386016221,0.0006152200386016221,0.06481042967890187,0.06481042967890187
2011-12-20,0.0346454063778272,0.0346454063778271,0.013188746969580388,106127.31781689677,0.3776254610446167,0.6223745389553833,0.013189130969804235,0.0,0.0,0.00038400022384709793,0.00038400022384709793,0.04022243034170218,0.04022243034170218
2011-12-21,0.0022892529687423,0.0022892529687423,0.0008702853190014979,106219.67886353783,0.3779547616490855,0.6220452383509145,0.0008706085053056103,0.0,0.0,0.00032318630411242745,0.00032318630411242745,0.03429889561060784,0.03429889561060784
2011-12-22,0.0120898672477332,0.0120898672477332,0.0046012647185297555,106708.4237243062,0.37751040221758647,0.6224895977824135,0.004601741010022905,0.0,0.0,0.00047629149314943784,0.00047629149314943784,0.050591529447768215,0.050591529447768215
2011-12-23,0.006638865397859,0.0066388653978589,0.0025237196150269398,106977.72586634784,0.3775615742441772,0.6224384257558229,0.0025237533899075473,0.0,0.0,3.377488060775337e-05,3.377488060775337e-05,0.003604064271129999,0.003604064271129999
2011-12-27,-0.0034890360674745,-0.0034890360674746,-0.0013265183427925125,106835.81795071591,0.3775038423937085,0.6224961576062915,-0.0013264697867934835,0.0,0.0,4.855599902894977e-05,4.855599902894977e-05,0.00519441035328564,0.00519441035328564
2011-12-28,-0.0169192501380412,-0.0169192501380413,-0.0064324513488232616,106148.60174943619,0.3783376121083067,0.6216623878916934,-0.006431572323024156,0.0,0.0,0.0008790257991054692,0.0008790257991054692,0.09391144024721448,0.09391144024721448
2011-12-29,0.0130113092506523,0.0130113092506525,0.004957214928858615,106674.80318270597,0.3787088555178728,0.6212911444821272,0.004957551736261743,0.0,0.0,0.0003368074031280221,0.0003368074031280221,0.03575163490089823,0.03575163490089823
2011-12-30,-0.000451561504238,-0.0004515615042382,-0.0001722526277703041,106656.42816754086,0.37875377004399324,0.6212462299560068,-0.00017220651652773077,0.0,0.0,4.6111242573343024e-05,4.6111242573343024e-05,0.0049189077260213794,0.0049189077260213794
2012-01-03,0.0247027203122172,0.0247027203122171,0.009421452817883067,107661.28667324528,0.3785475628808051,0.621452437119195,0.009421722921112128,0.0,0.0,0.000270103229061403,0.000270103229061403,0.02880824564820836,0.02880824564820836
2012-01-04,-0.0022978970222079,-0.0022978970222078,-0.0008758826025588292,107566.98802527909,0.37862139141140333,0.6213786085885966,-0.0008758028208450919,0.0,0.0,7.978171373727359e-05,7.978171373727359e-05,0.008589401953951404,0.008589401953951404
2012-01-05,9.61264080605595e-05,9.612640806057484e-05,3.6401987769046006e-05,107570.90367746154,0.3783790258089921,0.6216209741910079,3.6644602435579893e-05,0.0,0.0,0.00024261466653389003,0.00024261466653389003,0.026097328929808025,0.026097328929808025
2012-01-06,-0.0063444905501054,-0.0063444905501054,-0.0024172656523170567,107310.8762268133,0.3785779105733669,0.6214220894266331,-0.002417050234578408,0.0,0.0,0.00021541773864903354,0.00021541773864903354,0.023172680814631773,0.023172680814631773
2012-01-09,0.0046338298108552,0.004633829810855,0.0017660849354555262,107500.39634872801,0.3783271902185482,0.6216728097814518,0.0017663476821567132,0.0,0.0,0.0002627467011869504,0.0002627467011869504,0.02819557873007634,0.02819557873007634
2012-01-10,0.0160316474823885,0.0160316474823883,0.006106632107547824,108156.86172064528,0.37821343450301004,0.62178656549699,0.0061067867858462,0.0,0.0,0.0001546782983760188,0.0001546782983760188,0.016627978381968833,0.016627978381968833
2012-01-11,0.0040350491430301,0.00403504914303,0.001535812880774821,108322.97042202002,0.378816308835609,0.621183691164391,0.0015364055007781384,0.0,0.0,0.0005926200033172744,0.0005926200033172744,0.06409591975167479,0.06409591975167479
2012-01-12,0.005679865544736,0.0056798655447364,0.0021657981232849587,108557.5761080687,0.3791152028235967,0.6208847971764033,0.00216608264198103,0.0,0.0,0.00028451869607137094,0.00028451869607137094,0.030819910299050818,0.030819910299050818
2012-01-13,-0.0075536668098902,-0.0075536668098903,-0.002882964496573813,108244.60847031503,0.3792184035281094,0.6207815964718906,-0.0028828420181584305,0.0,0.0,0.00012247841538255707,0.00012247841538255707,0.013295959899487592,0.013295959899487592
2012-01-17,0.0066953019683955,0.0066953019683955,0.002555812668336746,108521.2614119226,0.3789737284858208,0.6210262715141792,0.002556074322298745,0.0,0.0,0.00026165396199934627,0.00026165396199934627,0.028322630671325927,0.028322630671325927
2012-01-18,0.0145667648623657,0.0145667648623655,0.005476394299294304,109115.56662927108,0.3860979317668735,0.6139020682331264,0.005632341150623417,8.139629257397221,0.0,0.08094192463091511,0.08094192463091511,8.783919762055676,16.9235490194529
2012-01-19,0.0060921080464402,0.0060921080464403,0.0029399249046734538,109436.35820109205,0.3859349472530118,0.6140650527469882,0.0029406728480857584,0.0,0.0,0.000747943412304488,0.000747943412304488,0.08161226924023474,0.08161226924023474
2012-01-20,0.0021984029529429,0.0021984029529428,0.0010587707498289857,109552.22621612319,0.3857949540351722,0.6142050459648278,0.0010591209613359687,0.0,0.0,0.00035021150698303066,0.00035021150698303066,0.03832587192433919,0.03832587192433919
2012-01-23,0.0025741616840007,0.0025741616840009,0.0012385804691151224,109687.91546386256,0.38559583769508726,0.6144041623049128,0.0012390248803183295,0.0,0.0,0.00044441120320715577,0.00044441120320715577,0.048686236666729825,0.048686236666729825
2012-01-24,-0.0012270940957163,-0.0012270940957163,-0.0006518878711998402,109616.41124215447,0.37828071201701957,0.6217192879829805,-0.0004948726107271433,8.206298866822799,0.0,0.0822002835254286,0.0822002835254286,9.016377750442746,17.222676617265545
2012-01-25,0.0086046022764614,0.0086046022764615,0.003254865902647264,109973.19796147711,0.37836988513288805,0.621630114867112,0.0032549550757631322,0.0,0.0,8.917311586847942e-05,8.917311586847942e-05,0.009774836940783531,0.009774836940783531
2012-01-26,-0.0060805504952712,-0.0060805504952711,-0.0023025792345286408,109719.97595949633,0.3764878430447356,0.6235121569552644,-0.0023006971924404884,0.0,0.0,0.0018820420881525135,0.0018820420881525135,0.20697418713222812,0.20697418713222812
2012-01-27,0.0018410919456992,0.0018410919456992,0.0006928320404760806,109795.99347432132,0.3761711480374641,0.6238288519625359,0.000693148735483352,0.0,0.0,0.0003166950072714392,0.0003166950072714392,0.034747768584314824,0.034747768584314824
2012-01-30,-0.0083940717805111,-0.0083940717805111,-0.0031581674442053486,109449.23934222652,0.3756113222158641,0.6243886777841359,-0.0031576076183837485,0.0,0.0,0.0005598258216000795,0.0005598258216000795,0.06146663225515891,0.06146663225515891
2012-01-31,0.0025875141479756,0.0025875141479757,0.0009677293915579429,109555.15658802167,0.3797815410313631,0.6202184589686369,0.0009718996103734419,0.0,0.0,0.004170218815499005,0.004170218815499005,0.456427277247007,0.456427277247007
2012-02-01,0.0135606818739724,0.0135606818739723,0.005144198291256004,110118.73003734004,0.3856799093086577,0.6143200906913423,0.0051500966595332985,0.0,0.0,0.0058983682772946735,0.0058983682772946735,0.6461966602328376,0.6461966602328376
2012-02-02,0.0027269751259957,0.0027269751259955,0.0010501957134231132,110234.37625559283,0.38722371516647924,0.6127762848335208,0.0010517395192809348,0.0,0.0,0.0015438058578215452,0.0015438058578215452,0.17000194048751488,0.17000194048751488
2012-02-03,0.0165435332358483,0.0165435332358483,0.006327918960837679,110931.93045523671,0.3848523746916949,0.615147625308305,0.006487962864580174,9.029789736749963,0.0,0.07812944072768102,0.07812944072768102,8.612550165814227,17.642339902564192
2012-02-06,-0.0006716223691481,-0.0006716223691484,-0.0003264618533055653,110895.71541162953,0.3849328600114134,0.6150671399885865,-0.0003263134843729836,0.0,0.0,0.00014836893258168214,0.00014836893258168214,0.016458852110868866,0.016458852110868866
2012-02-07,0.0027570695067853,0.0027570695067852,0.0013398414094083454,111044.29808326399,0.3849899134889544,0.6150100865110456,0.001340062365154708,0.0,0.0,0.00022095574636277535,0.00022095574636277535,0.024503045567210533,0.024503045567210533
2012-02-08,0.0015900453180748,0.0015900453180752,0.0007721188704952607,111130.03748127497,0.38487703760904457,0.6151229623909554,0.0007723917323131429,0.0,0.0,0.0002728618178822156,0.0002728618178822156,0.030299749040454044,0.030299749040454044
2012-02-09,-0.001323203941799,-0.0013232039417992,-0.0006427772252985823,111058.60562413544,0.38428018550890664,0.6157198144910934,-0.0006423135922534041,0.0,0.0,0.0004636330451781125,0.0004636330451781125,0.05152355768820129,0.05152355768820129
2012-02-10,-0.008485951035269,-0.008485951035269,-0.004115584265615338,110601.53457426756,0.3846921390497565,0.6153078609502435,-0.004114311679950527,0.0,0.0,0.0012725856648110386,0.0012725856648110386,0.14133158947117735,0.14133158947117735
2012-02-13,0.0070910512718329,0.0070910512718328,0.003448598196257325,110982.95482690366,0.3845846574902508,0.6154153425097493,0.0034494221477576305,0.0,0.0,0.0008239515003055108,0.0008239515003055108,0.09113030034855958,0.09113030034855958
2012-02-14,-0.0025100003886538,-0.0025100003886538,-0.0012753022840778436,110841.4180111192,0.38620153939125956,0.6137984606087404,-0.0011215152561738697,8.621435424801877,0.0,0.0761045095546613,0.0761045095546613,8.446303346028634,17.067738770830513
2012-02-15,-0.001600685297366,-0.001600685297366,-0.0006236724802244476,110772.28926903661,0.3867029057559388,0.6132970942440612,-0.0006231661268762246,0.0,0.0,0.0005063533482230648,0.0005063533482230648,0.05612492313172253,0.05612492313172253
2012-02-16,0.0131788923705711,0.0131788923705712,0.005136250393739254,111341.24348341013,0.38556483101070593,0.6144351689892941,0.005137429046779934,0.0,0.0,0.0011786530406799175,0.0011786530406799175,0.1305620955700254,0.1305620955700254
2012-02-17,0.0023582097173657,0.0023582097173658,0.0009159800054672213,111443.22983622478,0.38507044143776625,0.6149295585622337,0.0009164816168952435,0.0,0.0,0.0005016114280221608,0.0005016114280221608,0.05585004014147646,0.05585004014147646
2012-02-21,0.0010700939974774,0.0010700939974773,0.00041450357462669723,111489.42345335986,0.38590453006084613,0.6140954699391539,0.000415334393922331,0.0,0.0,0.0008308192956337571,0.0008308192956337571,0.09258918571568318,0.09258918571568318
2012-02-22,-0.0031288556820872,-0.0031288556820872,-0.0012170727621049413,111353.732712812,0.38594826559576717,0.6140517344042329,-0.0012170194166669776,0.0,0.0,5.3345437963705475e-05,5.3345437963705475e-05,0.005947452122440499,0.005947452122440499
2012-02-23,0.0044288189904941,0.0044288189904941,0.0015424968018235752,111525.49548939263,0.4096397638385828,0.5903602361614172,0.0018804758703092558,17.546720133672533,0.0,0.18040267022585232,0.18040267022585232,20.088510721007125,37.63523085467966
2012-02-24,0.0016203825486975,0.0016203825486974,0.0011264361985408513,111651.12184457209,0.4101012128059354,0.5898987871940646,0.0011264366646344527,0.0,0.0,4.660936014143958e-07,4.660936014143958e-07,5.198131984217597e-05,5.198131984217597e-05
2012-02-27,-0.000214601980552,-0.0002146019805518,-0.00014988279752439098,111634.38726208328,0.4107387511148873,0.5892612488851128,-0.0001491840705461783,0.0,0.0,0.0006987269782126968,0.0006987269782126968,0.07801365098051548,0.07801365098051548
2012-02-28,0.0007124645570302,0.00071246455703,0.0004957392709430137,111689.72881183676,0.4105560145059539,0.5894439854940461,0.0004961253512256441,0.0,0.0,0.0003860802826304285,0.0003860802826304285,0.04309983578541982,0.04309983578541982
2012-02-29,-0.0076055046296567,-0.0076055046296565,-0.005423190070467183,111084.01418357123,0.3529506172479102,0.6470493827520898,-0.005014879372138972,15.851044465186353,0.0,0.2663903567371723,0.2663903567371723,29.75306670206323,45.604111167249584
2012-03-01,0.0088123164324058,0.0088123164324058,0.0030555819834863864,111423.44049596389,0.37968806682019746,0.6203119331798026,0.003217649096238953,7.555390166293418,0.0,0.0940520142541649,0.0940520142541649,10.447675285403097,18.003065451696518
2012-03-02,-0.0033627975973908,-0.0033627975973908,-0.001598892345395671,111245.28640985725,0.38059738625257356,0.6194026137474264,-0.0015976610964017982,0.0,0.0,0.0012312489938729088,0.0012312489938729088,0.13718999900451348,0.13718999900451348
2012-03-05,-0.0079006439169547,-0.0079006439169547,-0.0037664857482097554,110826.28262403901,0.38054943396494406,0.619450566035056,-0.003765768853283116,0.0,0.0,0.0007168949266391333,0.0007168949266391333,0.079751181439744,0.079751181439744
2012-03-06,-0.0145014786122215,-0.0145014786122216,-0.0069265427142499265,110058.63964358206,0.3806235949979384,0.6193764050020616,-0.006925041344716203,0.0,0.0,0.0015013695337233735,0.0015013695337233735,0.16639120426754825,0.16639120426754825
2012-03-07,0.0047428561682432,0.0047428561682432,0.0021902016894052062,110299.6902620631,0.37224152845400915,0.6277584715459908,0.002370234890605778,8.27457533687941,0.0,0.10484986835477156,0.10484986835477156,11.539633877934822,19.81420921481423
2012-03-08,0.0135719317501648,0.0135719317501648,0.0050759661921654315,110859.56776083962,0.37141585049896525,0.6285841495010347,0.005076816318014585,0.0,0.0,0.0008501258491533301,0.0008501258491533301,0.09376861784538569,0.09376861784538569
2012-03-09,0.0011339156265888,0.0011339156265888,0.0004230563549998109,110906.46760549338,0.3715536902384055,0.6284463097615944,0.00042319215912518414,0.0,0.0,0.00013580412537323727,0.00013580412537323727,0.015055186639015958,0.015055186639015958
2012-03-12,-0.0048904520147368,-0.0048904520147368,-0.0018261052602311799,110703.94072160534,0.3712876844590555,0.6287123155409444,-0.001825848080200924,0.0,0.0,0.0002571800302559148,0.0002571800302559148,0.028522928694357425,0.028522928694357425
2012-03-13,0.0151277896131654,0.0151277896131653,0.005617842579522622,111325.85803351211,0.3246213778157804,0.6753786221842196,0.005718115503567301,8.20000210605693,0.0,0.026201467756793974,0.026201467756793974,2.9006057333671738,11.100607839424104
2012-03-14,-0.0031204634096146,-0.0031204634096144,-0.0012733311485518387,111184.10335083876,0.3725301731659837,0.6274698268340163,-0.0010257751521487318,24.592301002867238,0.0,0.026652233007326064,0.026652233007326064,2.967082708049667,27.559383710916904
2012-03-15,0.0053723074950724,0.0053723074950724,0.0020000179869021305,111406.47355739803,0.37120151862787143,0.6287984813721286,0.0020013466414402427,0.0,0.0,0.0013286545381122616,0.0013286545381122616,0.14772526348303464,0.14772526348303464
2012-03-16,0.0032319405348666,0.0032319405348666,0.0011994403155639547,111540.09897319759,0.3709405995343518,0.6290594004656482,0.0011997012346574743,0.0,0.0,0.00026091909351960707,0.00026091909351960707,0.02906807609281237,0.02906807609281237
2012-03-19,0.0056609208103588,0.0056609208103586,0.0020987929226448667,111774.19854351364,0.36986816286829355,0.6301318371317064,0.002099865359310925,0.0,0.0,0.001072436666058274,0.001072436666058274,0.11961969187462594,0.11961969187462594
2012-03-20,-0.0060634663990875,-0.0060634663990874,-0.0022442994925909654,111523.34376643768,0.3714844778151717,0.6285155221848283,-0.0022426831776440875,0.0,0.0,0.0016163149468780837,0.0016163149468780837,0.18066230778119965,0.18066230778119965
2012-03-21,-0.0020967885634626,-0.0020967885634625,-0.0007819975750583429,111436.13278204993,0.3745576482867879,0.6254423517132122,-0.0007789244045867267,0.0,0.0,0.0030731704716162045,0.0030731704716162045,0.3427302469589194,0.3427302469589194
2012-03-22,-0.0146234723518673,-0.0146234723518674,-0.005478730840602628,110825.60420461945,0.3759550749870715,0.6240449250129285,-0.005477333413902344,0.0,0.0,0.0013974267002835885,0.0013974267002835885,0.15572382732598386,0.15572382732598386
2012-03-23,0.0087451164578924,0.0087451164578922,0.0032854101013185116,111189.71176415801,0.37831588736611915,0.6216841126338808,0.003287770913697559,0.0,0.0,0.0023608123790477276,0.0023608123790477276,0.2616384583217095,0.2616384583217095
2012-03-26,0.0125144165613313,0.0125144165613314,0.004733399035781761,111716.01703861133,0.3773123168785219,0.622687683121478,0.004734402606269359,0.0,0.0,0.001003570487597305,0.001003570487597305,0.11158671325095985,0.11158671325095985
2012-03-27,-0.0035570318927719,-0.0035570318927718,-0.0013448174739906303,111565.7793867732,0.38001784619659706,0.6199821538034029,-0.001342111944672555,0.0,0.0,0.0027055293180751616,0.0027055293180751616,0.3022509593965472,0.3022509593965472
2012-03-28,-0.0125555935301292,-0.0125555935301293,-0.0047714561138724266,111033.44816661922,0.38012434902935166,0.6198756509706483,-0.004771349611039672,0.0,0.0,0.00010650283275465135,0.00010650283275465135,0.011882071543171835,0.011882071543171835
2012-03-29,0.0007670607676673,0.0007670607676673,0.00029013112864876124,111065.66242625355,0.3815716953560964,0.6184283046439036,0.00029157847497550594,0.0,0.0,0.0014473463267447029,0.0014473463267447029,0.16070385334975468,0.16070385334975468
2012-03-30,0.0046170753571623,0.0046170753571624,0.0017614399340884573,111261.29791935712,0.3818770328869567,0.6181229671130433,0.0017617452716193174,0.0,0.0,0.0003053375308602058,0.0003053375308602058,0.033912515128585397,0.033912515128585397
2012-04-02,0.0108635736809326,0.0108635736809324,0.0041476415884345854,111722.76990579066,0.38096933749822537,0.6190306625017746,0.004148549283823317,0.0,0.0,0.0009076953887311445,0.0009076953887311445,0.10099136706564255,0.10099136706564255
2012-04-03,-0.0065810903296469,-0.0065810903296468,-0.002507463646418937,111442.62912177468,0.3812393610156176,0.6187606389843824,-0.002507193622901545,0.0,0.0,0.0002700235173921373,0.0002700235173921373,0.03016777530275402,0.03016777530275402
2012-04-04,-0.012785206118236,-0.0127852061182362,-0.004874384511568574,110899.41489645503,0.3814000616148216,0.6185999383851783,-0.004874223810969369,0.0,0.0,0.00016070059920403335,0.00016070059920403335,0.01790889727674205,0.01790889727674205
2012-04-05,-0.0030844823752382,-0.0030844823752383,-0.0011769918401117975,110768.88719004874,0.3819701337608875,0.6180298662391125,-0.0011764217679657316,0.0,0.0,0.0005700721460659696,0.0005700721460659696,0.06322066744748248,0.06322066744748248
2012-04-09,-0.0134125236950808,-0.0134125236950805,-0.005262436169424666,110185.97299165289,0.33789548218092225,0.6621045178190778,-0.00497556423577547,20.101242546229404,0.0,0.10540182000851932,0.10540182000851932,11.675242310149498,31.776484856378904
2012-04-10,-0.0133393908561884,-0.0133393908561886,-0.007409229699858718,109369.5798080553,0.33899018990200924,0.6610098100979908,-0.007405197935561788,0.0,0.0,0.004031764296929158,0.004031764296929158,0.4442438719301466,0.4442438719301466
2012-04-11,0.0071349538481171,0.0071349538481173,0.00400732165858292,109807.85889401023,0.33933344526989867,0.6606665547301014,0.00400855701753235,0.0,0.0,0.0012353589494295536,0.0012353589494295536,0.13511068921123093,0.13511068921123093
2012-04-12,0.0130819901706893,0.0130819901706891,0.0072502060716273,110603.98849927598,0.3805643929666909,0.6194356070333091,0.007543286768408727,16.440516964050257,0.0,0.14335992879960957,0.14335992879960957,15.742046832682881,32.182563796733135
2012-04-13,-0.0105220799995419,-0.0105220799995418,-0.004005085047807401,110161.01011870967,0.3813204530014953,0.6186795469985047,-0.004004328987772596,0.0,0.0,0.0007560600348043844,0.0007560600348043844,0.08362325539426634,0.08362325539426634
2012-04-16,-0.0002943776293519,-0.0002943776293518,-0.00011466479011977588,110148.37852960502,0.3837330321433231,0.6162669678566769,-0.00011225221097794808,0.0,0.0,0.0024125791418277975,0.0024125791418277975,0.2657721552550799,0.2657721552550799
2012-04-17,0.0134482460672709,0.0134482460672708,0.005158524753983684,110716.58166686114,0.38574451856299996,0.614255481437,0.005160536240403361,0.0,0.0,0.002011486419676911,0.002011486419676911,0.22156196756173235,0.22156196756173235
2012-04-18,-0.0016856274414986,-0.0016856274414987,-0.0006521532755791313,110644.37748546616,0.3876762482446213,0.6123237517553787,-0.00065022154589751,0.0,0.0,0.001931729681621308,0.001931729681621308,0.2138745070535252,0.2138745070535252
2012-04-19,-0.0040411745953203,-0.0040411745953203,-0.0015684960425271222,110470.83221725233,0.3858476113327783,0.6141523886672218,-0.001566667405615279,0.0,0.0,0.00182863691184304,0.00182863691184304,0.20232839275781841,0.20232839275781841
2012-04-20,-0.0004558296469627,-0.0004558296469627,-0.00017609121388790315,110451.379274308,0.3860580447654491,0.6139419552345509,-0.00017588078045523235,0.0,0.0,0.00021043343267079792,0.00021043343267079792,0.023246756433476182,0.023246756433476182
2012-04-23,-0.0097560606472569,-0.009756060647257,-0.0037664455744591554,110035.37016564737,0.3860979211314123,0.6139020788685877,-0.003766405698093192,0.0,0.0,3.987636596319844e-05,3.987636596319844e-05,0.004404399621082337,0.004404399621082337
2012-04-24,0.0007710642593685,0.0007710642593684,0.00029684564128631155,110068.03368566837,0.38523725481682414,0.6147627451831759,0.0002977063076008997,0.0,0.0,0.0008606663145881432,0.0008606663145881432,0.09470373651480984,0.09470373651480984
2012-04-25,0.017951933421987,0.0179519334219871,0.006914672645264724,110829.11810731272,0.3841563499408297,0.6158436500591703,0.006915753550140718,0.0,0.0,0.0010809048759943818,0.0010809048759943818,0.11897307430195281,0.11897307430195281
2012-04-26,0.0040776870817778,0.0040776870817778,0.0015650977536313206,111002.57651109941,0.38278471803550324,0.6172152819644967,0.0015664693855366471,0.0,0.0,0.0013716319053264647,0.0013716319053264647,0.15201675443518517,0.15201675443518517
2012-04-27,0.0053952833928285,0.0053952833928284,0.0020632911687364004,111231.60714692176,0.38084385452643954,0.6191561454735605,0.0020652320322454643,0.0,0.0,0.0019408635090637505,0.0019408635090637505,0.21544085016244988,0.21544085016244988
2012-04-30,-0.0040970635493967,-0.0040970635493968,-0.0015605224844884638,111058.02772298318,0.3810248646228422,0.6189751353771578,-0.001560341474392061,0.0,0.0,0.00018101009640270055,0.00018101009640270055,0.020134043932691623,0.020134043932691623
2012-05-01,0.0078041731398206,0.0078041731398206,0.002972248808080178,111388.11981351055,0.38236007063605704,0.617639929363943,0.002973584014093393,0.0,0.0,0.0013352060132149064,0.0013352060132149064,0.14828534643151495,0.14828534643151495
2012-05-02,-0.0050307616093483,-0.0050307616093482,-0.0019248659467450962,111173.71261480957,0.3836636530776093,0.6163363469223907,-0.001923562364303544,0.0,0.0,0.0013035824415522088,0.0013035824415522088,0.14520359718640605,0.14520359718640605
2012-05-03,-0.0121117058499267,-0.0121117058499265,-0.004657016009407173,110655.97485533718,0.361294098799097,0.638705901200903,-0.00448980436827217,17.075609433592366,0.0,0.013617693141602005,0.013617693141602005,1.5139295038011247,18.58953893739349
2012-05-04,-0.0182298419076518,-0.0182298419076518,-0.006678444486879694,109916.96507012425,0.36111826057551677,0.6388817394244832,-0.006678362385547089,0.0,0.0,8.210133260482414e-05,8.210133260482414e-05,0.009085002996309094,0.009085002996309094
2012-05-07,0.0004405644296925,0.0004405644296924,0.00016022460730998338,109934.57647268931,0.3622566219060641,0.6377433780939359,0.00016136070479362948,0.0,0.0,0.0011360974836460863,0.0011360974836460863,0.12487638742618293,0.12487638742618293
2012-05-08,-0.0035623831173487,-0.0035623831173488,-0.0013089628009539788,109790.67620154795,0.3621352145114538,0.6378647854885462,-0.0013088598221572257,0.0,0.0,0.0001029787967531755,0.0001029787967531755,0.011320930406727502,0.011320930406727502
2012-05-09,-0.0073856439857415,-0.0073856439857414,-0.002713013275747641,109492.81263945982,0.36188111104677173,0.6381188889532283,-0.0027127976523664407,0.0,0.0,0.00021562338120019992,0.00021562338120019992,0.02367343682683409,0.02367343682683409
2012-05-10,-0.0002065578378348,-0.0002065578378349,-7.798544826975498e-05,109484.2737933838,0.364040553649876,0.635959446350124,-7.582492989439824e-05,0.0,0.0,0.002160518375356734,0.002160518375356734,0.236561233677045,0.236561233677045
2012-05-11,-0.00364796866815,-0.0036479686681501,-0.001348740476430602,109336.60792178605,0.36564092836856116,0.6343590716314389,-0.0013471209193495612,0.0,0.0,0.0016195570810407871,0.0016195570810407871,0.17731603088468303,0.17731603088468303
2012-05-14,-0.0140162546802107,-0.0140162546802108,-0.005199060490225296,108768.16028340464,0.36567942632753725,0.6343205736724628,-0.005198946909349205,0.0,0.0,0.0001135808760912999,0.0001135808760912999,0.012418547716607421,0.012418547716607421
2012-05-15,-0.0124660960939498,-0.0124660960939496,-0.0046269568327681415,108264.89470099373,0.3671740434546244,0.6328259565453755,-0.004625394572693051,0.0,0.0,0.001562260075090563,0.001562260075090563,0.16992415425181412,0.16992415425181412
2012-05-16,-0.0089392386195567,-0.0089392386195569,-0.0033315384349408826,107904.20604314255,0.3665557892311869,0.6334442107688131,-0.0033309693330455317,0.0,0.0,0.0005691018953508744,0.0005691018953508744,0.061613756774298374,0.061613756774298374
2012-05-17,-0.0187003374284397,-0.0187003374284396,-0.006960614228682372,107153.12649122397,0.36321813932324243,0.6367818606767576,-0.00695738119947126,0.0,0.0,0.003233029211111692,0.003233029211111692,0.34885745013929464,0.34885745013929464
2012-05-18,-0.0054639926841554,-0.0054639926841553,-0.0020150294018308292,106937.20979084604,0.36329672205783203,0.636703277942168,-0.002014920353535116,0.0,0.0,0.00010904829571303909,0.00010904829571303909,0.011684865824191674,0.011684865824191674
2012-05-21,0.0264192467954396,0.0264192467954394,0.009743159047293873,107979.11603391208,0.365656904741764,0.6343430952582361,0.009745375672739202,0.0,0.0,0.0022166254453288526,0.0022166254453288526,0.23703974027485908,0.23703974027485908
2012-05-22,-0.005334350669239,-0.0053343506692388,-0.0019798998843589062,107765.32819456336,0.36582266812490444,0.6341773318750956,-0.0019797048019302866,0.0,0.0,0.00019508242861955872,0.00019508242861955872,0.0210648281960887,0.0210648281960887
2012-05-23,0.0089860292130952,0.0089860292130949,0.003333818615498715,108124.59825180373,0.3687622294745975,0.6312377705254024,0.0033367092009291034,0.0,0.0,0.0028905854303883606,0.0028905854303883606,0.3115048875802249,0.3115048875802249
2012-05-24,0.0038814277129597,0.00388142771296,0.0014522710743229156,108281.62447826764,0.3684088018825955,0.6315911981174045,0.0014526457412801614,0.0,0.0,0.000374666957245834,0.000374666957245834,0.040510714230431524,0.040510714230431524
2012-05-25,-0.0034724912664301,-0.0034724912664303,-0.0012982836515768041,108141.04421544133,0.3683847887364738,0.6316152112635263,-0.0012982786869162853,0.0,0.0,4.964660518784099e-06,4.964660518784099e-06,0.0005375815059570612,0.0005375815059570612
2012-05-29,0.0164000125227901,0.01640001252279,0.00612917560841787,108803.85966591546,0.3661720660480064,0.6338279339519937,0.006131476841231918,0.0,0.0,0.0023012328140478632,0.0023012328140478632,0.24885771949397445,0.24885771949397445
2012-05-30,-0.02045231793257,-0.0204523179325702,-0.007599924785161319,107976.95851611927,0.3672264823186727,0.6327735176813273,-0.00759875838774169,0.0,0.0,0.0011663974196290982,0.0011663974196290982,0.1269085411600103,0.1269085411600103
2012-05-31,-0.004399123526294,-0.0043991235262939,-0.0016396457852102366,107799.91455118849,0.36719404647761356,0.6328059535223864,-0.001639637619095953,0.0,0.0,8.166114283407742e-06,8.166114283407742e-06,0.0008817521832174067,0.0008817521832174067
2012-06-01,-0.0234830656771988,-0.0234830656771987,-0.008754196532657051,106856.21291300375,0.3688640788317432,0.6311359211682568,-0.008752393832943371,0.0,0.0,0.0018026997136803432,0.0018026997136803432,0.19433087509619296,0.19433087509619296
2012-06-04,-0.0002908151332221,-0.0002908151332221,-0.00020673270910639323,106834.12223862341,0.37102592767551984,0.6289740723244801,-3.327736937639382e-05,10.2262024237268,0.0,0.07775475157559425,0.07775475157559425,8.308578289359414,18.534780713086214
2012-06-05,0.0079977461724911,0.0079977461724912,0.0037877820200963824,107238.78660597166,0.3699464633276705,0.6300535366723294,0.0037896772661027357,0.0,0.0,0.0018952460063533104,0.0018952460063533104,0.20247694351501241,0.20247694351501241
2012-06-06,0.020742053014624,0.0207420530146239,0.009774523368670436,108286.99463167958,0.3681471240083374,0.6318528759916626,0.009778384870226638,0.0,0.0,0.0038615015562026645,0.0038615015562026645,0.4141027413642451,0.4141027413642451
2012-06-07,-0.0005238669374553,-0.0005238669374554,-0.000246084403209738,108260.34689123028,0.36977794503429773,0.6302220549657023,-0.0002444020132616499,0.0,0.0,0.0016823899480880374,0.0016823899480880374,0.18218095127700099,0.18218095127700099
2012-06-08,0.0051730892934116,0.0051730892934117,0.0023613584191882514,108515.98837282612,0.3580814946787802,0.6419185053212197,0.00251869248404167,7.871020105774416,0.0,0.08462951206196571,0.08462951206196571,9.162020333063964,17.03304043883838
2012-06-11,-0.0192836433622689,-0.0192836433622689,-0.0070593241162971035,107749.93883910202,0.3548090218742346,0.6451909781257654,-0.006901283168652223,9.617465605287503,0.0,0.06941377159921822,0.06941377159921822,7.532504031774772,17.149969637062274
2012-06-12,0.0118152723185862,0.011815272318586,0.005310548891075345,108322.15015731746,0.35522863995812703,0.644771360041873,0.005311235275333395,0.0,0.0,0.0006863842580504624,0.0006863842580504624,0.07395786182505974,0.07395786182505974
2012-06-13,-0.0076717253558867,-0.0076717253558867,-0.003445290253508567,107948.94890914136,0.35783118114351,0.64216881885649,-0.0034419654222541977,0.0,0.0,0.003324831254369663,0.003324831254369663,0.3601528703835728,0.3601528703835728
2012-06-14,0.0077815734595554,0.0077815734595554,0.0035233488550079723,108329.2907146797,0.3579207960327684,0.6420792039672316,0.0035239930334631754,0.0,0.0,0.0006441784552030563,0.0006441784552030563,0.06953838714908432,0.06953838714908432
2012-06-15,0.0109467918087051,0.010946791808705,0.004878511265429673,108857.77637980727,0.36160014983394584,0.6383998501660542,0.005039917706893663,7.967400426805125,0.0,0.0878584622033307,0.0878584622033307,9.51764489376931,17.485045320574436
2012-06-18,0.0001914137097143,0.0001914137097144,6.952788731950414e-05,108865.34503101726,0.36168698767284096,0.638313012327159,6.96143261347561e-05,0.0,0.0,8.643881525196233e-05,8.643881525196233e-05,0.00940953722123359,0.00940953722123359
2012-06-19,0.0208464358649351,0.020846435864935,0.007581090372213239,109690.66305009958,0.3594681936159787,0.6405318063840213,0.007583351745792899,0.0,0.0,0.0022613735796605493,0.0022613735796605493,0.2461852149937723,0.2461852149937723
2012-06-20,-0.0039681359980532,-0.0039681359980532,-0.0014350009253463478,109533.25684712084,0.35998797568126345,0.6400120243187366,-0.0014344730568152946,0.0,0.0,0.0005278685310532328,0.0005278685310532328,0.057902249174511186,0.057902249174511186
2012-06-21,-0.0312139926800445,-0.0312139926800444,-0.01130320709181929,108295.1797615364,0.3627644300510321,0.6372355699489679,-0.011300364882118809,0.0,0.0,0.0028422097004799406,0.0028422097004799406,0.31131648513604776,0.31131648513604776
2012-06-22,0.0051719768740219,0.005171976874022,0.0018868663681559132,108499.51829406184,0.3630995422314749,0.6369004577685251,0.0018871905555266342,0.0,0.0,0.00032418737072110413,0.00032418737072110413,0.03510792958866182,0.03510792958866182
2012-06-25,-0.0186702498432632,-0.0186702498432632,-0.006819148912999528,107759.6439218259,0.3635764939591811,0.6364235060408189,-0.006818631737721808,0.0,0.0,0.0005171752777201902,0.0005171752777201902,0.05611326850623829,0.05611326850623829
2012-06-26,0.0046133650409225,0.0046133650409226,0.0016868990010399626,107941.42355751006,0.3639517691593163,0.6360482308406836,0.0016872643686656223,0.0,0.0,0.0003653676256598034,0.0003653676256598034,0.0393718852416634,0.0393718852416634
2012-06-27,0.012177071241648,0.0121770712416478,0.004381392131687836,108414.35726136812,0.36931007123305387,0.6306899287669461,0.0045303044448809435,7.799879516838534,0.0,0.0766520144146419,0.0766520144146419,8.273927554467228,16.07380707130576
2012-06-28,0.0007255836217745,0.0007255836217744,0.0003351856161630295,108450.69619450769,0.3694037289275666,0.6305962710724333,0.0003352120758784599,0.0,0.0,2.645971543039236e-05,2.645971543039236e-05,0.002868613041704692,0.002868613041704692
2012-06-29,0.0234517571207306,0.0234517571207308,0.010775078450969273,109619.26095406573,0.36242155479519916,0.6375784452048008,0.010927770057540427,7.871343093620923,0.0,0.08011168435928054,0.08011168435928054,8.688167942078627,16.55951103569955
2012-07-02,0.007216685700506,0.0072166857005059,0.0026144232816170125,109905.85210201768,0.36348072522381847,0.6365192747761815,0.002615482452045632,0.0,0.0,0.0010591704286193604,0.0010591704286193604,0.11610547960965532,0.11610547960965532
2012-07-03,0.0159451319225629,0.0159451319225629,0.00579565442911799,110542.82844053874,0.36357441110845046,0.6364255888915495,0.005795748115002622,0.0,0.0,9.368588463193328e-05,9.368588463193328e-05,0.01029662698040395,0.01029662698040395
2012-07-05,-0.0039387208256055,-0.0039387208256054,-0.0014324590547933626,110384.48036499662,0.3640153612117074,0.6359846387882926,-0.0014320181046901057,0.0,0.0,0.00044095010325689865,0.00044095010325689865,0.04874387161516519,0.04874387161516519
2012-07-06,-0.0131838612387846,-0.0131838612387848,-0.004799281615555076,109854.71415773829,0.3638617566579116,0.6361382433420883,-0.00479912801100128,0.0,0.0,0.00015360455379570537,0.00015360455379570537,0.016955558852436107,0.016955558852436107
2012-07-09,-0.0051900435739179,-0.0051900435739178,-0.0018886697363757322,109647.23488371035,0.36407312109678286,0.6359268789032171,-0.001888458371936861,0.0,0.0,0.0002113644388712088,0.0002113644388712088,0.02321938001530739,0.02321938001530739
2012-07-10,-0.0141739210292445,-0.0141739210292444,-0.005327865161662894,109063.04920090076,0.3904926410514765,0.6095073589485235,-0.0050211024198794675,15.267417761019821,0.0,0.167521494366544,0.167521494366544,18.36826864087861,33.63568640189843
2012-07-11,-0.0018798481701381,-0.0018798481701382,-0.0011991144781851335,108932.27011956894,0.3905381085381398,0.6094618914618601,-0.0011986035990729376,0.0,0.0,0.0005108791121958621,0.0005108791121958621,0.0557180337491298,0.0557180337491298
2012-07-12,-0.0028446152616345,-0.0028446152616345,-0.0018168004854954404,108734.3619183296,0.39051018477321237,0.6094898152267876,-0.0018161212069988204,0.0,0.0,0.0006792784966201085,0.0006792784966201085,0.07399534868023636,0.07399534868023636
2012-07-13,0.0086080718870547,0.0086080718870544,0.005502758682428841,109332.70087245404,0.3900653720717496,0.6099346279282504,0.005505328987979884,0.0,0.0,0.0025703055510432,0.0025703055510432,0.2794805340278229,0.2794805340278229
2012-07-16,-0.0030936399788072,-0.0030936399788072,-0.002028431909070863,109110.92693329944,0.3590746716391302,0.6409253283608698,-0.0017205413290298887,15.141787354768695,0.0,0.1693978213883468,0.1693978213883468,18.520721334297516,33.662508689066215
2012-07-17,0.006855741268114,0.006855741268114,0.002461250603652951,109379.47626807916,0.35954711267706635,0.6404528873229336,0.002461723044690887,0.0,0.0,0.00047244103793614434,0.00047244103793614434,0.051548479570542795,0.051548479570542795
2012-07-18,0.0085778696439746,0.0085778696439746,0.0030838478097459,109716.78592639962,0.3592466590116148,0.6407533409883852,0.0030841482634113514,0.0,0.0,0.00030045366545161656,0.00030045366545161656,0.032863464569922486,0.032863464569922486
2012-07-19,0.0046143099711992,0.0046143099711991,0.0016574388500620015,109898.63478989799,0.35948324974689294,0.6405167502531071,0.0016576754407972797,0.0,0.0,0.00023659073527820818,0.00023659073527820818,0.02595797505468865,0.02595797505468865
2012-07-20,-0.012509078166735,-0.0125090781667351,-0.004497273010411619,109404.39062577629,0.3590143100511267,0.6409856899488733,-0.0044968040707158525,0.0,0.0,0.00046893969576622396,0.00046893969576622396,0.05153583236349812,0.05153583236349812
2012-07-23,-0.015886595913196,-0.0158865959131961,-0.005703689935808269,108780.38190403082,0.3591889750222462,0.6408110249777538,-0.00570351527083715,0.0,0.0,0.00017466497111950918,0.00017466497111950918,0.019109114728998716,0.019109114728998716
2012-07-24,-0.0117586147672722,-0.0117586147672721,-0.004225039986103866,108320.78044078262,0.3606641751881813,0.6393358248118187,-0.004223564785937931,0.0,0.0,0.0014752001659350535,0.0014752001659350535,0.16047283743530477,0.16047283743530477
2012-07-25,0.0013373888605681,0.0013373888605682,0.00048223522708522337,108373.01653693651,0.36055115197069976,0.6394488480293002,0.00048234825030270495,0.0,0.0,0.0001130232174815782,0.0001130232174815782,0.012242763125532855,0.012242763125532855
2012-07-26,0.0138790616046662,0.0138790616046659,0.005001576544254566,108915.05247447776,0.3580160463906494,0.6419839536093506,0.005004111649834616,0.0,0.0,0.0025351055800502675,0.0025351055800502675,0.27473703894966767,0.27473703894966767
2012-07-27,0.0247639998571427,0.0247639998571427,0.008863426094113077,109880.41299262177,0.3555328188308716,0.6444671811691284,0.008865909321672855,0.0,0.0,0.0024832275597778115,0.0024832275597778115,0.2704608599792697,0.2704608599792697
2012-07-30,-0.0023915689109387,-0.0023915689109384,-0.0008503293007373414,109786.97845787702,0.35558088323399617,0.6444191167660038,-0.0008502812363342169,0.0,0.0,4.806440312449257e-05,4.806440312449257e-05,0.005281336465563104,0.005281336465563104
2012-07-31,-0.0095993356944122,-0.0095993356944124,-0.003501032790426946,109402.6106463341,0.35216728023713295,0.647832719762867,-0.0033407884052736782,9.933106852636287,0.0,0.0697682012545785,0.0697682012545785,7.659640008181238,17.592746860817527
2012-08-01,-0.0038042602788456,-0.0038042602788455,-0.0016880769147290444,109217.93062489094,0.35297620145407765,0.6470237985459224,-0.001686919484203492,0.0,0.0,0.0011574305255524745,0.0011574305255524745,0.12662592113719923,0.12662592113719923
2012-08-02,-0.006617997819234,-0.0066179978192339,-0.0029449460652304408,108896.28970984455,0.35304309118016997,0.64695690881983,-0.002944266852028356,0.0,0.0,0.0006792132020848128,0.0006792132020848128,0.07418226038480911,0.07418226038480911
2012-08-03,0.0186670544751854,0.0186670544751852,0.00831860446502716,109802.15487164975,0.35259235833961744,0.6474076416603826,0.008320753966217455,0.0,0.0,0.002149501190296506,0.002149501190296506,0.234072704350184,0.234072704350184
2012-08-06,0.0059433243264896,0.0059433243264896,0.002564143529966896,110083.70335664031,0.355383036967335,0.644616963032665,0.0027223104773784813,7.873689096757112,0.0,0.08645898224495567,0.08645898224495567,9.49338255850584,17.36707165526295
2012-08-07,0.0080803907665141,0.0080803907665142,0.002878826274062434,110400.6152142095,0.35601348601797383,0.6439865139820262,0.002879448970596328,0.0,0.0,0.000622696533893833,0.000622696533893833,0.06854874051837684,0.06854874051837684
2012-08-08,0.0021887346103257,0.0021887346103256,0.0007805772781155042,110486.79142593569,0.3552702217715165,0.6447297782284835,0.000781322641370569,0.0,0.0,0.0007453632550648299,0.0007453632550648299,0.08228856191722297,0.08228856191722297
2012-08-09,0.0031496893655786,0.0031496893655786,0.0011217654563064681,110610.73169193545,0.35551285526353604,0.644487144736464,0.0011220050850170194,0.0,0.0,0.00023962871055128884,0.00023962871055128884,0.026475807362346167,0.026475807362346167
2012-08-10,0.0011310065788245,0.0011310065788244,0.000402678901927258,110655.27229991455,0.3550257574445371,0.6449742425554629,0.00040316707822655534,0.0,0.0,0.0004881762992973689,0.0004881762992973689,0.053997537659943244,0.053997537659943244
2012-08-13,-0.0036627657508091,-0.0036627657508089,-0.0013039789273608274,110510.98015663408,0.3549073778008984,0.6450926221991016,-0.0013038640484027597,0.0,0.0,0.0001148789580676559,0.0001148789580676559,0.01271196238650693,0.01271196238650693
2012-08-14,-0.0050081991284992,-0.0050081991284994,-0.0017828038137233445,110313.96075975253,0.35433060880055883,0.6456693911994411,-0.0017822318538416701,0.0,0.0,0.000571959881674425,0.000571959881674425,0.06320784713411316,0.06320784713411316
2012-08-15,0.0051868352387896,0.0051868352387896,0.001842741346236979,110517.24085631169,0.35442132446151536,0.6455786755384847,0.0018428271149300215,0.0,0.0,8.57686930425209e-05,8.57686930425209e-05,0.00946148423870791,0.00946148423870791
2012-08-16,0.0126455484445755,0.0126455484445753,0.004493753870376047,111013.87813515302,0.3542714103608235,0.6457285896391765,0.004493915697499266,0.0,0.0,0.0001618271232190142,0.0001618271232190142,0.017884687153879822,0.017884687153879822
2012-08-17,0.0030016720613885,0.0030016720613884,0.0010659465794000283,111132.21299881712,0.35456074500570134,0.6454392549942987,0.001066233096002372,0.0,0.0,0.00028651660234377746,0.00028651660234377746,0.031807319176290205,0.031807319176290205
2012-08-20,-0.0016506194316371,-0.001650619431637,-0.0005879198357687829,111066.87616640225,0.3534351059976395,0.6465648940023605,-0.0005867957502197083,0.0,0.0,0.0011240855490745895,0.0011240855490745895,0.1249221146686496,0.1249221146686496
2012-08-21,-0.0023612866482289,-0.0023612866482288,-0.0008369388843328586,110973.91997897721,0.3535949243514026,0.6464050756485974,-0.0008367768454871981,0.0,0.0,0.00016203884566054147,0.00016203884566054147,0.017997148405126125,0.017997148405126125
2012-08-22,-0.0004710337947232,-0.0004710337947233,-0.00016718543767432756,110955.36675559508,0.3534073532077885,0.6465926467922115,-0.00016699830989042914,0.0,0.0,0.00018712778389840245,0.00018712778389840245,0.020766303716184653,0.020766303716184653
2012-08-23,-0.0109896633719914,-0.0109896633719914,-0.0038942920233545693,110523.27415589038,0.35327124814558797,0.646728751854412,-0.0038941663716985423,0.0,0.0,0.0001256516560271568,0.0001256516560271568,0.013941725577941063,0.013941725577941063
2012-08-24,0.0019352914753434,0.0019352914753431,0.000684000528279244,110598.87213380018,0.35479559301882524,0.6452044069811748,0.0006855230365054431,0.0,0.0,0.0015225082261992179,0.0015225082261992179,0.16827259408881454,0.16827259408881454
2012-08-27,-0.0025454932875501,-0.0025454932875501,-0.0009060400933178779,110498.6651213712,0.35527729628170324,0.6447227037182968,-0.000905555957706248,0.0,0.0,0.0004841356116299096,0.0004841356116299096,0.05354485260607552,0.05354485260607552
2012-08-28,0.0001957417431055,0.0001957417431057,6.96603722914149e-05,110506.36249952126,0.35534700496436533,0.6446529950356347,6.972989371427726e-05,0.0,0.0,6.952142286237387e-05,6.952142286237387e-05,0.007682024423630691,0.007682024423630691
2012-08-29,-0.0015801181138594,-0.0015801181138595,-0.0005634824278329512,110444.09410608905,0.35486524578023276,0.6451347542197672,-0.0005630021829853847,0.0,0.0,0.00048024484756643187,0.00048024484756643187,0.053070111213703454,0.053070111213703454
2012-08-30,-0.0089064774921595,-0.0089064774921593,-0.00316930535977174,110094.06304668347,0.35503852248317164,0.6449614775168284,-0.0031691234823083042,0.0,0.0,0.00018187746343564855,0.00018187746343564855,0.020087291687463538,0.020087291687463538
2012-08-31,0.0062252922547689,0.0062252922547689,0.0022145878319387783,110337.87601907537,0.3566899209487387,0.6433100790512614,0.00221623325292712,0.0,0.0,0.0016454209883417622,0.0016454209883417622,0.1811510820288342,0.1811510820288342
2012-09-04,-0.003169174179742,-0.0031691741797422,-0.0011351740437659246,110212.62332617425,0.3583912912433139,0.6416087087566861,-0.0011334696066330164,0.0,0.0,0.0017044371329081377,0.0017044371329081377,0.1880639730531264,0.1880639730531264
2012-09-05,0.0023113651296116,0.0023113651296116,0.0008304119495251044,110304.14520557282,0.35818493259503464,0.6418150674049654,0.0008306205504078326,0.0,0.0,0.00020860088272825413,0.00020860088272825413,0.022990450513636518,0.022990450513636518
2012-09-06,0.0226028921662897,0.0226028921662899,0.008117013245412438,111199.48541323034,0.35729010143184925,0.6427098985681508,0.008117929506301115,0.0,0.0,0.0009162608886768556,0.0009162608886768556,0.10106737411079908,0.10106737411079908
2012-09-07,0.014040163816249,0.0140401638162489,0.005029085842600718,111758.71717102652,0.35670010129236257,0.6432998987076375,0.005029688936286924,0.0,0.0,0.0006030936862053492,0.0006030936862053492,0.06706370756200306,0.06706370756200306
2012-09-10,-0.0076770633677847,-0.0076770633677847,-0.0027457190880884677,111451.85912802976,0.3568553305179999,0.6431446694820001,-0.0027455566561921958,0.0,0.0,0.00016243189627173496,0.00016243189627173496,0.018153180354986347,0.018153180354986347
2012-09-11,0.0053373885015952,0.0053373885015952,0.001909261155840625,111664.64983340913,0.35643607890754747,0.6435639210924525,0.0019096853907063745,0.0,0.0,0.00042423486574958964,0.00042423486574958964,0.04728176449472188,0.04728176449472188
2012-09-12,0.0023448738779294,0.0023448738779292,0.0007515319167898137,111748.56938173612,0.35111934676837736,0.6488806532316227,0.0009120508148729772,10.275213684676212,0.0,0.06850039715197662,0.06850039715197662,7.649072861424925,17.924286546101136
2012-09-13,0.0156626856716033,0.0156626856716032,0.006951506683721664,112525.39030868957,0.3500350558873725,0.6499649441126275,0.00695402309488606,0.0,0.0,0.0025164111643964765,0.0025164111643964765,0.281205347597535,0.281205347597535
2012-09-14,0.0076595855440728,0.0076595855440727,0.00337568659574407,112905.24076043551,0.34993171992290273,0.6500682800770973,0.003376480002600121,0.0,0.0,0.0007934068560506784,0.0007934068560506784,0.08927841615069289,0.08927841615069289
2012-09-17,-0.0070083220172185,-0.0070083220172185,-0.003083680451474177,112557.07707663356,0.35057495977455194,0.649425040225448,-0.0030824027968197366,0.0,0.0,0.0012776546544406033,0.0012776546544406033,0.14425390636830734,0.14425390636830734
2012-09-18,-0.0013161542223357,-0.0013161542223357,-0.0006241062880679401,112486.82949706347,0.3667238315858579,0.6332761684141421,-0.000492801559500706,8.294776294421302,0.0,0.0576107724886316,0.0576107724886316,6.4845001594473075,14.779276453868611
2012-09-19,0.0006559805328192,0.0006559805328192,0.0001712319924999538,112506.09084100826,0.36226857340576074,0.6377314265942393,0.0003173076268088881,8.473462321214985,0.0,0.07074715044019671,0.07074715044019671,7.958122648969506,16.431584970184492
2012-09-20,-0.0047421173454825,-0.0047421173454826,-0.0021740601124376905,112261.49583650453,0.3620712311530254,0.6379287688469746,-0.002173799403239125,0.0,0.0,0.00026070919856542997,0.00026070919856542997,0.029331372776888725,0.029331372776888725
2012-09-21,-0.001078010849338,-0.0010780108493381,-0.0004946059060990165,112205.97063763629,0.3620536582232751,0.6379463417767248,-0.0004945191641274601,0.0,0.0,8.67419715563762e-05,8.67419715563762e-05,0.009737783478726322,0.009737783478726322
2012-09-24,-0.0009158437736589,-0.0009158437736587,-0.0004206582160006461,112158.77027420324,0.3623946964094963,0.6376053035905037,-0.00042022845269199617,0.0,0.0,0.000429763308649934,0.000429763308649934,0.04822200919150792,0.04822200919150792
2012-09-25,-0.0101692855756777,-0.0101692855756777,-0.004737835337767029,111627.38048895761,0.3705832579509146,0.6294167420490854,-0.004580683611833143,8.338886764544162,0.0,0.08280277627834526,0.08280277627834526,9.28705756266917,17.625944327213332
2012-09-26,-0.0055194847777579,-0.0055194847777579,-0.0022745817188070797,111373.4748899791,0.38072946852233897,0.619270531477661,-0.0019288408334511102,21.348779297335334,0.0,0.1544905021272133,0.1544905021272133,17.245370062884554,38.59414936021989
2012-09-27,0.0067434455672426,0.0067434455672425,0.004257432915653701,111847.63998790643,0.3786833229649512,0.6213166770350488,0.004261161449122084,0.0,0.0,0.00372853346838351,0.00372853346838351,0.4152597286174575,0.4152597286174575
2012-09-28,-0.0058614128822771,-0.0058614128822773,-0.003830682725624176,111419.18716550294,0.5402138865753237,0.45978611342467635,-0.0036676955479569796,0.0,0.0,0.1629871776671963,0.1629871776671963,18.229731170365515,18.229731170365515
2012-10-01,0.0009430529712297,0.0009430529712298,0.0006941673856465058,111496.53073136848,0.5393177492066379,0.4606822507933621,0.0006952491467980953,0.0,0.0,0.0010817611515894021,0.0010817611515894021,0.1205289482173096,0.1205289482173096
2012-10-02,-0.0026933855368382,-0.0026933855368383,-0.0025301121647116932,111214.4320026419,0.7662484052277879,0.23375159477221208,-0.0020714993963653525,35.66721540331647,0.0,0.13871747501878026,0.13871747501878026,15.466517216409272,51.133732619725734
2012-10-03,-0.008027509831886,-0.0080275098318861,-0.008472295887884467,110272.1904277125,0.7608149166013167,0.23918508339868327,-0.008469199291367111,0.0,0.0,0.003096596517355018,0.003096596517355018,0.34438622281899733,0.34438622281899733
2012-10-04,0.0152175502950593,0.0152175502950594,0.013279726683652817,111736.57497740023,0.7653328812625093,0.2346671187374907,0.013282565376597824,0.0,0.0,0.002838692945006772,0.002838692945006772,0.31302888899759074,0.31302888899759074
2012-10-05,-0.00116272826921,-0.00116272826921,-0.002052004084662695,111507.2910691404,0.7627947239553865,0.2372052760446135,-0.002050628032424011,0.0,0.0,0.0013760522386838379,0.0013760522386838379,0.1537553641405161,0.1537553641405161
2012-10-08,-0.0032020632152838,-0.0032020632152839,-0.002670854209414826,111209.47135140793,0.762230337983347,0.23776966201665295,-0.0026705185574947853,0.0,0.0,0.00033565192004086333,0.00033565192004086333,0.03742763634591239,0.03742763634591239
2012-10-09,-0.004226782207224,-0.004226782207224,-0.0016445298090318817,111026.58406072388,0.766166869378182,0.233833130621818,-0.0016421795846570714,0.0,0.0,0.002350224374810266,0.002350224374810266,0.2613672102798429,0.2613672102798429
2012-10-10,-0.0096489003094136,-0.0096489003094136,-0.007390429563595206,110206.04991153651,0.7377985120307626,0.26220148796923737,-0.007153159400155361,13.623428636823041,0.0,0.11456595928841379,0.11456595928841379,12.719867109432542,26.34329574625558
2012-10-11,0.0047945773605844,0.0047945773605843,0.004453810922182788,110696.88682032312,0.6026334587012208,0.39736654129877924,0.0047110655156491045,21.7397395032038,0.0,0.059990110067677564,0.059990110067677564,6.611273064317043,28.351012567520847
2012-10-12,-0.0012775770197155,-0.0012775770197155,-0.0012775770197155604,110555.46302156743,0.6021251429271017,0.39787485707289827,-0.0012775770197155604,0.0,0.0,0.0,0.0,0.0,0.0
2012-10-15,0.0027476147762979,0.0027476147762978,0.0027476147762978812,110859.22684536593,0.6032153542826828,0.3967846457173172,0.0027476147762978812,0.0,0.0,0.0,0.0,0.0,0.0
2012-10-16,0.0046465463839753,0.004646546383975,0.004559721479431501,111364.71404320591,0.7534764640131831,0.24652353598681687,0.0050429346414349215,35.070744324618765,0.0,0.16685930204426946,0.16685930204426946,18.4978932165851,53.56863754120387
2012-10-17,0.0050891585249066,0.0050891585249066,0.003418889926342652,111745.45774219828,0.7536962471737778,0.2463037528262222,0.003420742940426873,0.0,0.0,0.0018530140842210304,0.0018530140842210304,0.20636038360730813,0.20636038360730813
2012-10-18,0.001186864306631,0.001186864306631,0.0011524551111505934,111874.23936612115,0.7543913022775204,0.24560869772247962,0.0011533984568981301,0.0,0.0,0.0009433457475367948,0.0009433457475367948,0.10541460236765536,0.10541460236765536
2012-10-19,-0.0176690125391386,-0.0176690125391387,-0.013419993776703106,110372.88777005441,0.58292910955251,0.41707089044749,-0.013242862218643335,0.0,0.0,0.17713155805977143,0.17713155805977143,19.816458325672855,19.816458325672855
2012-10-22,-0.0009761004569699,-0.0009761004569698,-0.0018047165164987208,110173.69599652213,0.5825495778658097,0.41745042213419026,-0.0018018096307060685,0.0,0.0,0.0029068857926524264,0.0029068857926524264,0.32084137935279194,0.32084137935279194
2012-10-23,-0.0147150696171833,-0.0147150696171832,-0.00995459401312121,109076.96158195172,0.5780700616339627,0.4219299383660373,-0.0099515143526228,0.0,0.0,0.0030796604984089657,0.0030796604984089657,0.3392975795242072,0.3392975795242072
2012-10-24,-0.0047414328221444,-0.0047414328221446,-0.003514763151748946,108693.58189667875,0.7554596217782664,0.24454037822173358,-0.0033367748582561665,0.0,0.0,0.17798829349277967,0.17798829349277967,19.414422251349077,19.414422251349077
2012-10-25,0.0055200912576907,0.0055200912576908,0.0042845348590412665,109159.28333726912,0.7556152424312839,0.24438475756871614,0.004284576736881823,0.0,0.0,4.187784055680226e-05,4.187784055680226e-05,0.004551852492216841,0.004551852492216841
2012-10-26,-0.0016574549904995,-0.0016574549904995,-0.0014056140536189755,109005.84751452728,0.7554008302174093,0.24459916978259066,-0.0014055530504697253,0.0,0.0,6.1003149250065674e-05,6.1003149250065674e-05,0.006659060053453636,0.006659060053453636
2012-10-31,0.001746779585884,0.001746779585884,0.000491395516786738,109059.41249929946,0.7535938682667023,0.24640613173329773,0.0004923767790824452,0.0,0.0,0.000981262295707236,0.000981262295707236,0.10696332817761794,0.10696332817761794
2012-11-01,0.0130602538856638,0.0130602538856639,0.009261619460500085,110069.4792764537,0.7516069299639462,0.24839307003605382,0.009263034771920727,0.0,0.0,0.001415311420642456,0.001415311420642456,0.15435303203881515,0.15435303203881515
2012-11-02,-0.0123375036841314,-0.0123375036841316,-0.009659419597631143,109006.27199122966,0.7510834570224716,0.2489165429775284,-0.009659287284644245,0.0,0.0,0.00013231298689865217,0.00013231298689865217,0.014563621569446884,0.014563621569446884
2012-11-05,0.0051413193877709,0.005141319387771,0.00369007087930554,109408.51286116615,0.7507297229902098,0.2492702770097902,0.0036902541838148037,0.0,0.0,0.00018330450926385666,0.00018330450926385666,0.019981341194034836,0.019981341194034836
2012-11-06,0.0120938448122127,0.0120938448122128,0.009672679326353918,110466.78632164549,0.7520384079030653,0.2479615920969347,0.00967340091931221,0.0,0.0,0.0007215929582914308,0.0007215929582914308,0.07894841245775493,0.07894841245775493
2012-11-07,-0.0249067322513278,-0.0249067322513279,-0.01901506744583469,108366.25292921478,0.750569214958404,0.249430785041596,-0.01901388855259119,0.0,0.0,0.0011788932434972034,0.0011788932434972034,0.13022854802543715,0.13022854802543715
2012-11-08,-0.0074305793351617,-0.0074305793351618,-0.004714730367937162,107855.33526566986,0.5757769103632356,0.42422308963676436,-0.004538892018543394,0.0,0.0,0.1758383493937675,0.1758383493937675,19.05494304506065,19.05494304506065
2012-11-09,0.004200149161784,0.004200149161784,0.00337825980476164,108219.69860952695,0.5780083386334292,0.42199166136657085,0.003379534068106622,0.0,0.0,0.0012742633449819155,0.0012742633449819155,0.13743610028977843,0.13743610028977843
2012-11-12,-0.0022819456043207,-0.0022819456043206,-0.0015383767412636947,108053.21594223949,0.5744636767493745,0.4255363232506255,-0.0015350486386070186,0.0,0.0,0.0033281026566759713,0.0033281026566759713,0.3601662664470396,0.3601662664470396
2012-11-13,-0.0031407351018899,-0.00314073510189,-0.0020597180088248912,107830.65678745181,0.5750196826339034,0.42498031736609665,-0.0020581829117661135,0.0,0.0,0.0015350970587778776,0.0015350970587778776,0.16587217398442272,0.16587217398442272
2012-11-14,-0.0135699750117928,-0.0135699750117926,-0.005295882714504373,107259.5982760775,0.5777810715294112,0.42221892847058884,-0.005292177807669663,0.0,0.0,0.0037049068347098945,0.0037049068347098945,0.39950253732308705,0.39950253732308705
2012-11-15,0.0003881571945374,0.0003881571945373,-0.00070399985549676,107184.0875343905,0.5780628455921166,0.4219371544078834,-0.0007016335979084663,0.0,0.0,0.0023662575882936903,0.0023662575882936903,0.2538038383381012,0.2538038383381012
2012-11-16,0.0091151175169457,0.0091151175169457,0.005761236993722036,107801.60046463199,0.5774196844597963,0.4225803155402037,0.005762775244708548,0.0,0.0,0.0015382509865113601,0.0015382509865113601,0.16487602838809617,0.16487602838809617
2012-11-19,0.0192503973060498,0.0192503973060498,0.011509808212025392,109042.37621092927,0.5779179629590092,0.4220820370409908,0.011510953308715474,0.0,0.0,0.001145096690082527,0.001145096690082527,0.12344325587764912,0.12344325587764912
2012-11-20,-0.0041102963058211,-0.0041102963058209,-0.004180676054492567,108586.50535977927,0.577238719715004,0.42276128028499604,-0.00417625686908778,0.0,0.0,0.004419185404786908,0.004419185404786908,0.48187847745462176,0.48187847745462176
2012-11-21,0.0028576482610414,0.0028576482610414,0.001899956316855293,108792.81497656283,0.577475576566161,0.422524423433839,0.0019003131420837315,0.0,0.0,0.0003568252284385037,0.0003568252284385037,0.03874640458034205,0.03874640458034205
2012-11-23,0.0108523769364927,0.0108523769364928,0.005793247438695525,109423.07867327427,0.5759769739762878,0.4240230260237122,0.005795933024386162,0.0,0.0,0.002685585690636889,0.002685585690636889,0.2921724271451638,0.2921724271451638
2012-11-26,0.0001908852206675,0.0001908852206675,-0.0003101273640802826,109389.14358231577,0.5748643517025878,0.42513564829741224,-0.0003084647719700255,0.0,0.0,0.001662592110257156,0.001662592110257156,0.18192594728223388,0.18192594728223388
2012-11-27,-0.0034742077083304,-0.0034742077083303,-0.0023018253143086203,109137.34888250746,0.573838789239199,0.42616121076080105,-0.002301104717916695,0.0,0.0,0.0007205963919254142,0.0007205963919254142,0.07882542218122783,0.07882542218122783
2012-11-28,0.0042012803685662,0.0042012803685662,0.001398978694912692,109290.02970841333,0.5698846026464537,0.4301153973535463,0.0014019281731002837,0.0,0.0,0.002949478187591591,0.002949478187591591,0.32189822998052925,0.32189822998052925
2012-11-29,0.0092598796166121,0.0092598796166122,0.00553618768359548,109895.07982482483,0.5695853738279992,0.43041462617200077,0.005536744211253045,0.0,0.0,0.0005565276575650012,0.0005565276575650012,0.06082292422883266,0.06082292422883266
2012-11-30,0.0004028144771595,0.0004028144771593,0.0013582256858902947,110044.34214499588,0.5670922327960428,0.4329077672039572,0.001361850784503297,0.0,0.0,0.0036250986130022707,0.0036250986130022707,0.3983805014487463,0.3983805014487463
2012-12-03,-0.0052359469639539,-0.0052359469639539,-0.002360009392725498,109784.63646391738,0.5656011073220546,0.4343988926779454,-0.0023579036881816867,0.0,0.0,0.0021057045438115135,0.0021057045438115135,0.23172087127546667,0.23172087127546667
2012-12-04,0.0008142615902542,0.0008142615902541,-0.0001997296552408564,109762.70921632572,0.5655679728298906,0.4344320271701094,-0.0001985501011258228,0.0,0.0,0.0011795541150335853,0.0011795541150335853,0.12949691970847996,0.12949691970847996
2012-12-05,0.002991899654152,0.0029918996541519,0.0008770454402106246,109858.97609994908,0.565187941198912,0.434812058801088,0.0008787792376854381,0.0,0.0,0.0017337974748134475,0.0017337974748134475,0.19030630806794824,0.19030630806794824
2012-12-06,-0.002047466701469,-0.002047466701469,-0.002626569576401232,109570.42385563036,0.564665355908345,0.435334644091655,-0.0026227651031444795,0.0,0.0,0.0038044732567524262,0.0038044732567524262,0.41795553658646023,0.41795553658646023
2012-12-07,0.0026651797806311,0.0026651797806312,0.0008486901083037613,109663.4151905193,0.5642049799245734,0.4357950200754266,0.0008493387951580102,0.0,0.0,0.0006486868542489748,0.0006486868542489748,0.07107689356963569,0.07107689356963569
2012-12-10,0.00148959617121,0.0014895961712102,0.0002655823462404825,109692.53985762235,0.564636203257928,0.43536379674207204,0.0002673784250612058,0.0,0.0,0.0017960788207232996,0.0017960788207232996,0.1969641374318775,0.1969641374318775
2012-12-11,0.0032450687137643,0.0032450687137644,0.0017629765128802097,109885.92522902951,0.5632096233199984,0.43679037668000165,0.0017643353646874139,0.0,0.0,0.001358851807204112,0.001358851807204112,0.14905590602233923,0.14905590602233923
2012-12-12,0.0022076737662564,0.0022076737662564,0.0019786887742465676,110103.3552757279,0.5664757192329776,0.43352428076702243,0.00198121865992196,0.0,0.0,0.0025298856753920183,0.0025298856753920183,0.27799882816412014,0.27799882816412014
2012-12-13,-0.0046176687838864,-0.0046176687838865,-0.002782930636366279,109796.94527516435,0.5649287270304244,0.4350712729695756,-0.002781550166027031,0.0,0.0,0.0013804703392478912,0.0013804703392478912,0.1519944162098152,0.1519944162098152
2012-12-14,0.0014320191080448,0.0014320191080449,0.001380662342321158,109948.53778280766,0.56647527628722,0.43352472371277995,0.0013818989287123148,0.0,0.0,0.0012365863911568244,0.0012365863911568244,0.13577340831785883,0.13577340831785883
2012-12-17,0.0097435173645874,0.0097435173645873,0.005178976559917654,110517.95868278205,0.5649847431596731,0.43501525684032694,0.005180404153079679,0.0,0.0,0.0014275931620246051,0.0014275931620246051,0.15696178071334016,0.15696178071334016
2012-12-18,0.0120571910555564,0.0120571910555565,0.006157661680968152,111198.49088202186,0.565085192286335,0.434914807713665,0.006161502125625526,0.0,0.0,0.0038404446573736426,0.0038404446573736426,0.4244381039671313,0.4244381039671313
2012-12-19,0.0041968450474405,0.0041968450474405,0.003451291793580963,111582.26932106157,0.569172715007696,0.43082728499230405,0.0034574224300194852,0.0,0.0,0.006130636438521935,0.006130636438521935,0.6817175201099723,0.6817175201099723
2012-12-20,0.0062142612868996,0.0062142612868998,0.0031092710202065923,111929.20883743043,0.5697897278677979,0.4302102721322021,0.003112768405469402,0.0,0.0,0.0034973852628100064,0.0034973852628100064,0.39024618431437785,0.39024618431437785
2012-12-21,-0.0067656991729183,-0.0067656991729183,-0.004501547496349455,111425.35418761992,0.7663495898992382,0.23365041010076182,-0.004304535063185263,0.0,0.0,0.19701243316419165,0.19701243316419165,22.051445775205114,22.051445775205114
2012-12-24,-0.003056427372314,-0.0030564273723137,-0.0023417245553276787,111164.42669963269,0.767108521429275,0.232891478570725,-0.0020213840171625554,21.456313961860495,0.0,0.1277783146182997,0.1277783146182997,14.237743963841176,35.69405792570167
2012-12-26,0.0029279635023289,0.0029279635023286,0.0030647635947977526,111505.1193876183,0.7705802917762895,0.2294197082237105,0.0030674164123493833,0.0,0.0,0.0026528175516305763,0.0026528175516305763,0.29489894226573626,0.29489894226573626
2012-12-27,-2.0659617557927668e-05,-2.065961755797056e-05,5.358130308563484e-06,111505.71684657804,0.7693629373277049,0.2306370626722951,6.598003119614342e-06,0.0,0.0,0.0012398728110508577,0.0012398728110508577,0.13825216582168778,0.13825216582168778
2012-12-28,-0.0059212824321555,-0.0059212824321553,-0.005886064181824026,110849.38704057879,0.5807969715518316,0.41920302844816837,-0.005698648057396173,0.0,0.0,0.18741612442785327,0.18741612442785327,20.897969302935245,20.897969302935245
2012-12-31,0.0113227831022451,0.0113227831022449,0.007939723784356622,111729.50055534621,0.5826163425229123,0.4173836574770877,0.008135224895269275,10.912074139451695,0.0,0.09706056531489524,0.09706056531489524,10.759104170968198,21.671178310419894
2013-01-02,0.0245395818633302,0.0245395818633301,0.012898328498450034,113170.62435647682,0.5628824811584596,0.4371175188415404,0.013460154912431598,32.83632514207272,0.0,0.2679351410513052,0.2679351410513052,29.936259490888574,62.7725846329613
2013-01-03,-0.0035868804802381,-0.0035868804802379,-0.003400694902452941,112785.76559112032,0.5633774664933054,0.43662253350669455,-0.0033988151270990426,0.0,0.0,0.0018797753538982752,0.0018797753538982752,0.212735350450585,0.212735350450585
2013-01-04,-0.0001541385928446,-0.0001541385928447,-0.00022614390994263144,112760.25977710368,0.559850370843823,0.44014962915617695,-0.00022275274978591478,0.0,0.0,0.0033911601567166725,0.0033911601567166725,0.38247459451739346,0.38247459451739346
2013-01-07,-0.002882240989017,-0.0028822409890169,-0.0027692395344244107,112447.99960781698,0.5610498584591275,0.43895014154087253,-0.0027668834534614528,0.0,0.0,0.002356080962957783,0.002356080962957783,0.2656723014390082,0.2656723014390082
2013-01-08,-0.0039596639419053,-0.0039596639419052,-0.003914718639100497,112007.79732782269,0.5651917277031149,0.4348082722968851,-0.003469806033075692,20.35719443099526,0.0,0.2638760869049025,0.2638760869049025,29.672338116794755,50.02953254779002
2013-01-09,0.0040225573837258,0.0040225573837257,0.0032941277224199047,112376.76531812747,0.5687463245890136,0.43125367541098636,0.003296663271370721,0.0,0.0,0.0025355489508164944,0.0025355489508164944,0.28400125299782736,0.28400125299782736
2013-01-10,0.0059303744895551,0.005930374489555,0.0036173351729867024,112783.26974393919,0.5695396942582068,0.43046030574179317,0.003617884980782604,0.0,0.0,0.0005498077959015326,0.0005498077959015326,0.061785621650103456,0.061785621650103456
2013-01-11,0.0010956986989099,0.0010956986989101,0.0008352563207850962,112877.47268287165,0.5691980657928503,0.43080193420714974,0.0008358094830542171,0.0,0.0,0.0005531622691208955,0.0005531622691208955,0.06238744941043144,0.06238744941043144
2013-01-14,-0.0011984639039301,-0.0011984639039302,0.00010598491863400374,112889.43599262954,0.5658400493365523,0.4341599506634477,0.00011013618529336988,0.0,0.0,0.004151266659366142,0.004151266659366142,0.4685844889419176,0.4685844889419176
2013-01-15,-0.0014213263485456,-0.0014213263485457,-0.0009815190264956806,112778.63286331242,0.5659866512050431,0.4340133487949569,-0.0009811952209131532,0.0,0.0,0.0003238055825273092,0.0003238055825273092,0.036554229582772796,0.036554229582772796
2013-01-16,-0.0012217747342293,-0.0012217747342292,-0.002111969542272322,112540.447825686,0.379581525891339,0.620418474108661,-0.0017116394506992093,33.007814211436504,0.0,0.10765218465574522,0.10765218465574522,12.140866210223805,45.148680421660316
2013-01-17,0.0028903741172545,0.0028903741172545,0.0018367713314051252,112747.15889387572,0.37958000021006877,0.6204199997899312,0.001837511101767021,0.0,0.0,0.0007397703618958384,0.0007397703618958384,0.08325408781592745,0.08325408781592745
2013-01-18,0.0014425449285349,0.001442544928535,0.0009147182726467112,112850.29078030495,0.37937344612549073,0.6206265538745093,0.000915292027850751,0.0,0.0,0.0005737552040397736,0.0005737552040397736,0.06468926915606044,0.06468926915606044
2013-01-22,0.0030068795420541,0.0030068795420541,0.0019038761181484735,113065.14375384769,0.38123762228321517,0.6187623777167848,0.0019049783373356424,0.0,0.0,0.0011022191871688292,0.0011022191871688292,0.12438575577563374,0.12438575577563374
2013-01-23,0.0030792976382478,0.0030792976382479,0.0018466358180120723,113273.93389807221,0.3621426227519653,0.6378573772480347,0.002210400119644632,16.361183267253047,0.0,0.2190584911232418,0.2190584911232418,24.767879789350303,41.12906305660335
2013-01-24,-0.012412892195599,-0.012412892195599,-0.0044974128329013765,112764.4942541258,0.36431812000169134,0.6356818799983086,-0.004495237335651651,0.0,0.0,0.002175497249726155,0.002175497249726155,0.24642713166091834,0.24642713166091834
2013-01-25,0.0033613414276922,0.0033613414276922,0.0011324054434603285,112892.18938124822,0.36581857041776333,0.6341814295822367,0.0012972388067494748,10.262408795690945,0.0,0.07382591574485446,0.07382591574485446,8.324942051816217,18.587350847507164
2013-01-28,0.0012505262785416,0.0012505262785415,0.0004471883206060356,112942.67344982715,0.3683983444091638,0.6316016555908361,0.0006614866383592626,13.696894815995114,0.0,0.09297110378858925,0.09297110378858925,10.495711455885102,24.192606271880216
2013-01-29,0.003624987641678,0.003624987641678,0.0022129978573301274,113192.61534417278,0.3692171976781645,0.6307828023218355,0.0022130534482143944,0.0,0.0,5.559088426686545e-05,5.559088426686545e-05,0.006278583088539718,0.006278583088539718
2013-01-30,-0.0024562373670002,-0.0024562373670003,-0.0016476916609038605,113006.10881579429,0.36524958386308315,0.6347504161369169,-0.0012583566180877496,16.319765810131987,0.0,0.24515809487202275,0.24515809487202275,27.75008593135909,44.06985174149108
2013-01-31,-0.0001269755095819,-0.0001269755095818,-0.00024067831931299946,112978.9106954524,0.5595501511405097,0.44044984885949034,-4.637775203557293e-05,0.0,0.0,0.19430056727742653,0.19430056727742653,21.95715104872342,21.95715104872342
2013-02-01,0.010943994798354,0.0109439947983541,0.0057420323616477085,113627.6392568494,0.3659314051806457,0.6340685948193543,0.005935464896454418,0.0,0.0,0.1934325348067099,0.1934325348067099,21.853797075522266,21.853797075522266
2013-02-04,-0.0132198736771653,-0.0132198736771655,-0.004837912864390585,113077.91863913834,0.3655854917858825,0.6344145082141175,-0.004837566950995822,0.0,0.0,0.0003459133947631976,0.0003459133947631976,0.03930532243426476,0.03930532243426476
2013-02-05,0.0116016983084858,0.0116016983084861,0.00424122291268259,113557.50729858913,0.3657751607626324,0.6342248392373676,0.0042414125816593404,0.0,0.0,0.0001896689767497684,0.0001896689767497684,0.021447373121278934,0.021447373121278934
2013-02-06,-0.0007114123934877,-0.000711412393488,-0.0002603737232806855,113527.93990760732,0.3659319014466847,0.6340680985533154,-0.00026021698259663304,0.0,0.0,0.00015674068405246988,0.00015674068405246988,0.0177990813732742,0.0177990813732742
2013-02-07,-0.0003555285785915,-0.0003555285785912,-0.00013013728113483186,113513.16569017491,0.3659699337989788,0.6340300662010212,-0.00013009924878253792,0.0,0.0,3.803235229393743e-05,3.803235229393743e-05,0.00431773460577108,0.00431773460577108
2013-02-08,0.009183557384468,0.0091835573844679,0.0033607489118345052,113894.65493824707,0.3661269099973372,0.6338730900026628,0.003360905888032864,0.0,0.0,0.00015697619835852716,0.00015697619835852716,0.017818865213685257,0.017818865213685257
2013-02-11,0.0002254758432267,0.0002254758432267,8.21858987287724e-05,113904.01547282356,0.3664937850282297,0.6335062149717703,8.255277375966491e-05,0.0,0.0,0.0003668750308924995,0.0003668750308924995,0.04178510504895997,0.04178510504895997
2013-02-12,-0.002249954917557,-0.0022499549175569,-0.0008248265648309864,113810.06441502066,0.36672585598088653,0.6332741440191134,-0.0008245944938783296,0.0,0.0,0.00023207095265675995,0.00023207095265675995,0.02643381338220849,0.02643381338220849
2013-02-13,0.001237347792137,0.0012373477921369,0.0004535800662343097,113861.68639157616,0.36691321796406523,0.6330867820359347,0.0004537674282174885,0.0,0.0,0.00018736198317881314,0.00018736198317881314,0.021323679374506743,0.021323679374506743
2013-02-14,0.0001401079727585,0.0001401079727585,5.102004737026279e-05,113867.49562020952,0.367300637741082,0.632699362258918,5.140746714727947e-05,0.0,0.0,0.00038741977701667324,0.00038741977701667324,0.044112269152566816,0.044112269152566816
2013-02-15,-0.0033768236749432,-0.0033768236749432,-0.00124065253987268,113726.22562255936,0.36695758721423344,0.6330424127857666,-0.0012403094893458316,0.0,0.0,0.00034305052684852066,0.00034305052684852066,0.03906230436343449,0.03906230436343449
2013-02-19,0.0078307184967318,0.0078307184967318,0.002873397094915294,114053.0062288789,0.36710205801354245,0.6328979419864575,0.002873541565714603,0.0,0.0,0.00014447079930901552,0.00014447079930901552,0.016430118718088593,0.016430118718088593
2013-02-20,-0.0157149505026465,-0.0157149505026466,-0.006048597019610132,113363.14555532533,0.5742981127451227,0.42570188725487734,-0.005697646957795831,8.136964978163562,0.0,0.27960634850757304,0.27960634850757304,31.889944607968317,40.02690958613188
2013-02-21,-0.0064709712093958,-0.0064709712093957,-0.004771326354592514,112822.2529912977,0.3671378137067825,0.6328621862932176,-0.004419712888974418,8.201256938392438,0.0,0.27926846409033024,0.27926846409033024,31.658751543684254,39.860008482076694
2013-02-22,0.0114713669705099,0.0114713669705099,0.004210860523944068,113297.3317626412,0.36642574786962223,0.6335742521303778,0.004211572589781228,0.0,0.0,0.000712065837160325,0.000712065837160325,0.08033687202656238,0.08033687202656238
2013-02-25,-0.016277477486193,-0.016277477486193,-0.005967036515109862,112621.282446949,0.36387609406897925,0.6361239059310207,-0.005964486861309219,0.0,0.0,0.002549653800642926,0.002549653800642926,0.28886897253132066,0.28886897253132066
2013-02-26,0.0062357717944061,0.006235771794406,0.0022690280438192405,112876.82329515203,0.3638963343037079,0.6361036656962922,0.0022690482840539692,0.0,0.0,2.0240234728685632e-05,2.0240234728685632e-05,0.002279481192171851,0.002279481192171851
2013-02-27,0.0102236245738234,0.0102236245738233,0.0037199780909142406,113296.722604782,0.3642577491011031,0.6357422508988969,0.003720339505711636,0.0,0.0,0.0003614147973951543,0.0003614147973951543,0.04079535422182601,0.04079535422182601
2013-02-28,-0.0020402829339735,-0.0020402829339734,-0.0007432276243741681,113212.51735079108,0.3642965044166958,0.6357034955833042,-0.0007431888690585754,0.0,0.0,3.875531559266454e-05,3.875531559266454e-05,0.004390850240162897,0.004390850240162897
2013-03-01,0.0020979096020159,0.0020979096020157,0.0007639952881074927,113299.01118060188,0.36456235090576555,0.6354376490942344,0.0007642611345965624,0.0,0.0,0.0002658464890697987,0.0002658464890697987,0.030097150256461473,0.030097150256461473
2013-03-04,0.0022383050526817,0.0022383050526816,0.0008151876137671947,113391.37113116837,0.3653764891884316,0.6346235108115684,0.0008160017520498608,0.0,0.0,0.0008141382826660215,0.0008141382826660215,0.09224106239033358,0.09224106239033358
2013-03-05,0.0124668078706422,0.0124668078706423,0.004554110827419397,113907.76800217274,0.3663441529310367,0.6336558470689633,0.004555078491162002,0.0,0.0,0.000967663742605207,0.000967663742605207,0.10972471856792242,0.10972471856792242
2013-03-06,-0.0006542713247988,-0.0006542713247988,-0.0002406687176328589,113880.35396571925,0.36536390956866727,0.6346360904313327,-0.00023968847427048934,0.0,0.0,0.0009802433623695705,0.0009802433623695705,0.11165733350646279,0.11165733350646279
2013-03-07,0.0029535496049839,0.0029535496049839,0.001078989675621766,114003.22969190442,0.36549466472884057,0.6345053352711594,0.0010791204307819395,0.0,0.0,0.00013075516017335698,0.00013075516017335698,0.014890443923386208,0.014890443923386208
2013-03-08,0.0024051746552178,0.0024051746552179,0.0008787875103027001,114103.41430629183,0.3657856586493245,0.6342143413506756,0.000879078504223184,0.0,0.0,0.00029099392048392847,0.00029099392048392847,0.03317424675587707,0.03317424675587707
2013-03-11,0.0020593468968057,0.0020593468968058,0.0007525711774311834,114189.28524714525,0.3664940422537167,0.6335059577462834,0.0007532795610355756,0.0,0.0,0.0007083836043921821,0.0007083836043921821,0.08082898789974548,0.08082898789974548
2013-03-12,-0.0026469089855404,-0.0026469089855406,-0.0009703308136800959,114078.48386507781,0.36623960216209256,0.6337603978379074,-0.0009700763735884718,0.0,0.0,0.0002544400916240641,0.0002544400916240641,0.02905433220077003,0.02905433220077003
2013-03-13,-0.0011224374782848,-0.0011224374782848,-0.0004110890796512281,114031.58744613771,0.3662476263144673,0.6337523736855327,-0.00041108105549885344,0.0,0.0,8.024152374663807e-06,8.024152374663807e-06,0.0009153831372040109,0.0009153831372040109
2013-03-14,0.0074191197558401,0.0074191197558402,0.002716352181752249,114341.33739748568,0.36478962639305973,0.6352103736069403,0.002861719885792884,16.410252009619466,0.0,0.001457999921407549,0.001457999921407549,0.1662580455344468,16.57651005515391
2013-03-15,-0.0029175079002493,-0.0029175079002491,-0.0010643561740449376,114219.6374890781,0.3647100692788095,0.6352899307211906,-0.0010642766169306874,0.0,0.0,7.955711425028379e-05,7.955711425028379e-05,0.009096666842862014,0.009096666842862014
2013-03-18,-0.0025962764998922,-0.0025962764998922,-0.0010381827964164115,114101.05662642402,0.36526977850518333,0.6347302214948167,-0.0008744162788703006,10.350460045701382,0.0,0.07314759882741755,0.07314759882741755,8.354892221264148,18.70535226696553
2013-03-19,-0.0032875274574311,-0.0032875274574311,-0.0014992414430399048,113929.99159363504,0.3649523600434278,0.6350476399565722,-0.0014992233977472041,0.0,0.0,1.804529270057369e-05,1.804529270057369e-05,0.0020589869642685544,0.0020589869642685544
2013-03-20,0.0049285664061302,0.0049285664061301,0.002247289997160645,114186.02532412001,0.3652075686548365,0.6347924313451635,0.0022474813769440723,0.0,0.0,0.00019137978342724624,0.00019137978342724624,0.02180389711705786,0.02180389711705786
2013-03-21,-0.0083872891719022,-0.0083872891719021,-0.003883490621023906,113742.5849657218,0.35230592778785885,0.6476940722121411,-0.003548997169780515,26.64722382052589,0.0,0.10112668201846109,0.10112668201846109,11.54725387390423,38.19447769443013
2013-03-22,0.0076366139546149,0.007636613954615,0.002704218693578371,114050.16979024203,0.35240807461437174,0.6475919253856283,0.0027043070629197375,0.0,0.0,8.83693413667223e-05,8.83693413667223e-05,0.010051357318769286,0.010051357318769286
2013-03-25,-0.0028316524568692,-0.0028316524568693,-0.0010030534669230105,113935.77137203077,0.3524492611108799,0.6475507388891202,-0.0010030071559501185,0.0,0.0,4.6310972892000626e-05,4.6310972892000626e-05,0.005281774321483967,0.005281774321483967
2013-03-26,0.0059255428083093,0.0059255428083092,0.0020991087713094275,114174.9349490837,0.3523905725599949,0.647609427440005,0.0020991781216207457,0.0,0.0,6.935031131828511e-05,6.935031131828511e-05,0.00790148121493929,0.00790148121493929
2013-03-27,-0.0010692943758121,-0.0010692943758121,-0.0003787916244447289,114131.68644000347,0.35244742362374093,0.6475525763762591,-0.0003787328477314928,0.0,0.0,5.877671323607966e-05,5.877671323607966e-05,0.006710827410250343,0.006710827410250343
2013-03-28,0.0021676572427091,0.0021676572427092,0.0007678672634967311,114219.32442574842,0.3524290741088719,0.6475709258911281,0.0007678895088650981,0.0,0.0,2.224536836692202e-05,2.224536836692202e-05,0.002538901407195916,0.002538901407195916
2013-04-01,-0.0066556810561189,-0.006655681056119,-0.0023576262157977376,113950.03795213156,0.35240759363191576,0.6475924063680842,-0.002357616776729112,0.0,0.0,9.439068625640702e-06,9.439068625640702e-06,0.0010781240416289585,0.0010781240416289585
2013-04-02,0.0055095719494773,0.0055095719494772,0.001951458396934818,114172.40671052432,0.35254171168611254,0.6474582883138875,0.001951582601996024,0.0,0.0,0.0001242050612060211,0.0001242050612060211,0.014153171438272927,0.014153171438272927
2013-04-03,-0.0085736331933684,-0.0085736331933683,-0.0031260672848383696,113815.49608507528,0.3522101761111927,0.6477898238888073,-0.0029677253191387077,10.030246134669632,0.0,0.07049021216607318,0.07049021216607318,8.048037172536057,18.078283307205687
2013-04-04,0.0002490699640582,0.000249069964058,0.00011033317023800486,113828.05370958056,0.35222728385067215,0.6477727161493279,0.00011033867056219307,0.0,0.0,5.500324188200232e-06,5.500324188200232e-06,0.0006260221261087485,0.0006260221261087485
2013-04-05,-0.0065613307444137,-0.0065613307444137,-0.0029484299630334137,113492.43966538945,0.37054951492239097,0.629450485077609,-0.0028186065126190154,8.432795567488188,0.0,0.055739819071605454,0.055739819071605454,6.344755119045009,14.777550686533198
2013-04-08,0.0061226801901286,0.006122680190129,0.002282450351660561,113751.48052421454,0.37053911213880525,0.6294608878611947,0.002282474389177734,0.0,0.0,2.4037517173085628e-05,2.4037517173085628e-05,0.0027280764674721836,0.0027280764674721836
2013-04-09,0.0049326828341917,0.0049326828341916,0.0018383246107204997,113960.59267036809,0.37096133862034775,0.6290386613796523,0.0018387359071273502,0.0,0.0,0.0004112964068506333,0.0004112964068506333,0.04678557521354923,0.04678557521354923
2013-04-10,0.0170817661811217,0.0170817661811217,0.006374246456645899,114687.00557439444,0.37067759520574284,0.6293224047942572,0.006374567456266423,0.0,0.0,0.0003209996205242188,0.0003209996205242188,0.03658130700190323,0.03658130700190323
2013-04-11,0.0001910837084142,0.0001910837084142,7.038841402327285e-05,114695.0782108259,0.3715364497705625,0.6284635502294376,7.124685226489816e-05,0.0,0.0,0.0008584382416253097,0.0008584382416253097,0.09845171140255525,0.09845171140255525
2013-04-12,-0.0009051150825934,-0.0009051150825935,-0.000338574732156766,114656.24535544097,0.37184937479233277,0.6281506252076672,-0.00033825982875999925,0.0,0.0,0.00031490339676676853,0.00031490339676676853,0.03611786972101926,0.03611786972101926
2013-04-15,-0.0196405113129328,-0.0196405113129329,-0.007350406303520711,113813.47536684232,0.36767715805514767,0.6323228419448523,-0.00734627791362644,0.0,0.0,0.0041283898942704655,0.0041283898942704655,0.4733456846403975,0.4733456846403975
2013-04-16,0.0130559155166891,0.0130559155166891,0.004827897594659453,114362.95517080573,0.3664311290255993,0.6335688709744007,0.004829172062543281,0.0,0.0,0.001274467883828322,0.001274467883828322,0.1450516191019264,0.1450516191019264
2013-04-17,-0.0179578944076718,-0.0179578944076717,-0.0066213127524920486,113605.7222773206,0.36839172584019,0.63160827415981,-0.0066193124619219924,0.0,0.0,0.002000290570056209,0.002000290570056209,0.22875914079192367,0.22875914079192367
2013-04-18,-0.0118125733927352,-0.0118125733927352,-0.004379510745058734,113108.18479590691,0.3667615262297597,0.6332384737702403,-0.004377907112081932,0.0,0.0,0.0016036329768024144,0.0016036329768024144,0.182181882597368,0.182181882597368
2013-04-19,0.0083740218375163,0.0083740218375164,0.0030885441116048915,113457.52441403262,0.36530390627521386,0.6346960937247861,0.003090020327136993,0.0,0.0,0.001476215532101543,0.001476215532101543,0.1669720592035294,0.1669720592035294
2013-04-22,0.0080471477074013,0.0080471477074012,0.0029571228072668445,113793.0322471334,0.3649920872376024,0.6350079127623975,0.0029574522820164624,0.0,0.0,0.0003294747496180575,0.0003294747496180575,0.03738138944859805,0.03738138944859805
2013-04-23,0.0101211417900219,0.0101211417900219,0.003716151960136835,114215.90444696847,0.36518485549133844,0.6348151445086616,0.003716322764591868,0.0,0.0,0.00017080445503290858,0.00017080445503290858,0.019436356859513813,0.019436356859513813
2013-04-24,0.000636703576015,0.0006367035760153,0.00023382341309824712,114242.61079957639,0.36525967851647695,0.634740321483523,0.00023389685465171971,0.0,0.0,7.344155347257985e-05,7.344155347257985e-05,0.008388193453861105,0.008388193453861105
2013-04-25,0.0051555228164412,0.0051555228164411,0.0018940344652548984,114458.99024183149,0.3650123518493398,0.6349876481506602,0.001894292922852604,0.0,0.0,0.0002584575977055253,0.0002584575977055253,0.029526870742865814,0.029526870742865814
2013-04-26,-0.0022769575784004,-0.0022769575784004,-0.0008371593288584656,114363.16983037881,0.3638782821889593,0.6361217178110408,-0.000836030182951461,0.0,0.0,0.0011291459070045789,0.0011291459070045789,0.12924090035144106,0.12924090035144106
2013-04-29,0.0100107814453667,0.0100107814453665,0.0036637462321156104,114782.16746293768,0.3644399849298954,0.6355600150701046,0.003664286568141627,0.0,0.0,0.0005403360260168909,0.0005403360260168909,0.061794540708841675,0.061794540708841675
2013-04-30,0.0077284183935733,0.0077284183935734,0.0028321434421771613,115107.24702579674,0.36537741871976714,0.6346225812802329,0.00283306448285985,0.0,0.0,0.0009210406826886804,0.0009210406826886804,0.10571904588055056,0.10571904588055056
2013-05-01,-0.0063978007277984,-0.0063978007277984,-0.002351689704943866,114836.55049800174,0.3658365481314947,0.6341634518685053,-0.002351216882962249,0.0,0.0,0.0004728219816170497,0.0004728219816170497,0.05442523663722046,0.05442523663722046
2013-05-02,0.0120439124230316,0.0120439124230317,0.004430059747130921,115345.28327786231,0.3640087181691045,0.6359912818308955,0.004431913079675282,0.0,0.0,0.0018533325443616554,0.0018533325443616554,0.21283031632017732,0.21283031632017732
2013-05-03,0.0109211057745119,0.010921105774512,0.003997871931738606,115806.41894833732,0.3645451924383058,0.6354548075616941,0.003998385646632687,0.0,0.0,0.0005137148940809774,0.0005137148940809774,0.05925458998182737,0.05925458998182737
2013-05-06,0.0040980694204186,0.0040980694204186,0.0015023456509014553,115980.4002181908,0.36441550524380195,0.635584494756198,0.0015024838555409274,0.0,0.0,0.00013820463947200842,0.00013820463947200842,0.016004984379299324,0.016004984379299324
2013-05-07,0.0012134627178221,0.0012134627178223,0.0004446275802075727,116031.96830289131,0.3645161824590466,0.6354838175409534,0.0004447257393684238,0.0,0.0,9.815916085107547e-05,9.815916085107547e-05,0.0113845387605895,0.0113845387605895
2013-05-08,0.0052216345317335,0.0052216345317335,0.0019136983356245005,116254.01848751178,0.36503723798637944,0.6349627620136206,0.001914208609128196,0.0,0.0,0.0005102735036953391,0.0005102735036953391,0.059208039006582884,0.059208039006582884
2013-05-09,-0.0013201572438181,-0.0013201572438183,-0.00048618492072872223,116197.49753674904,0.366583095525961,0.633416904474039,-0.0004846363298048298,0.0,0.0,0.0015485909238924086,0.0015485909238924086,0.18002991789578102,0.18002991789578102
2013-05-10,0.0051085680007658,0.0051085680007658,0.0018827002620080276,116416.26259580615,0.365957096954572,0.634042903045428,0.001883336828748529,0.0,0.0,0.000636566740501354,0.000636566740501354,0.07396746226138246,0.07396746226138246
2013-05-13,-0.0004759637840533,-0.0004759637840531,-0.0001754894686698913,116395.83276773868,0.36628033409851224,0.6337196659014878,-0.00017516524813442552,0.0,0.0,0.0003242205354657788,0.0003242205354657788,0.03774454299573699,0.03774454299573699
2013-05-14,0.0053813697858542,0.0053813697858538,0.001979715217660003,116626.26336914118,0.3637883677622371,0.6362116322377629,0.0019822182527608535,0.0,0.0,0.0025030351008504806,0.0025030351008504806,0.2913428550103725,0.2913428550103725
2013-05-15,0.0031530533623278,0.0031530533623277,0.0011529780274780958,116760.73088823266,0.36328758474493683,0.6367124152550632,0.0011534852313453104,0.0,0.0,0.000507203867214619,0.000507203867214619,0.05915329179961907,0.05915329179961907
2013-05-16,-0.0006817583264453,-0.0006817583264453,-0.0002492134238723616,116731.63254671417,0.36343889448379163,0.6365611055162084,-0.00024906072679667585,0.0,0.0,0.00015269707568578019,0.00015269707568578019,0.017829022161567475,0.017829022161567475
2013-05-17,0.0097488107502681,0.0097488107502682,0.003562499360585639,117147.48891302195,0.3630143315804881,0.6369856684195119,0.003562943578453259,0.0,0.0,0.00044421786762028573,0.00044421786762028573,0.05185427689373612,0.05185427689373612
2013-05-20,-0.001381458817116,-0.0013814588171161,-0.0006027460805125022,117076.87872323775,0.36880041898680116,0.6311995810131988,-0.0004313861429114642,10.854676321383968,0.0,0.0787017302241543,0.0787017302241543,9.21971006886976,20.074386390253732
2013-05-21,-0.0001100719258639,-0.0001100719258638,-5.154709663254927e-05,117070.84375005677,0.3692573229064447,0.6307426770935554,-5.107970642461248e-05,0.0,0.0,0.00046739020793679195,0.00046739020793679195,0.05472058669104467,0.05472058669104467
2013-05-22,-0.0079654319878772,-0.0079654319878772,-0.003702658119037453,116637.37043994304,0.3700461109738638,0.6299538890261362,-0.0037011034208357515,0.0,0.0,0.0015546982017014277,0.0015546982017014277,0.18200983024988207,0.18200983024988207
2013-05-23,-0.0010032345747349,-0.0010032345747349,-0.00046819717995694047,116582.76115202546,0.36986727737920233,0.6301327226207977,-0.00046811531590861395,0.0,0.0,8.186404832649916e-05,8.186404832649916e-05,0.009548407330371282,0.009548407330371282
2013-05-24,-0.0015285118051143,-0.0015285118051142,-0.0008200293903389029,116487.15986147393,0.570269375086104,0.429730624913896,-0.0006198784407244859,23.28556971901016,0.0,0.00041670512654228773,0.00041670512654228773,0.048580634238504075,23.334150353248663
2013-05-28,0.0061905359321323,0.0061905359321324,0.003471259199634897,116891.51698678242,0.5701960535471805,0.4298039464528195,0.0034712738849907443,0.0,0.0,1.4685355847292551e-05,1.4685355847292551e-05,0.0017106553942061984,0.0017106553942061984
2013-05-29,-0.0065372350812544,-0.0065372350812546,-0.004407200354337977,116376.35265169917,0.5700684375776469,0.4299315624223531,-0.004406644362685539,0.0,0.0,0.0005559916524386294,0.0005559916524386294,0.06499070768553927,0.06499070768553927
2013-05-30,0.0035404345110052,0.0035404345110053,0.001655272878503683,116568.98727194271,0.5690833619681921,0.4309166380318079,0.0016558968394852793,0.0,0.0,0.000623960981596288,0.000623960981596288,0.07261430323514999,0.07261430323514999
2013-05-31,-0.0113865290001825,-0.0113865290001826,-0.007228829600708746,115726.32992622667,0.5692725497635617,0.4307274502364383,-0.007227883798103369,0.0,0.0,0.0009458026053768556,0.0009458026053768556,0.11025125186794493,0.11025125186794493
2013-06-03,0.0061630568124662,0.0061630568124663,0.004430733159452908,116239.08241365258,0.5726712546555839,0.4273287453444161,0.004433212775035496,0.0,0.0,0.002479615582586845,0.002479615582586845,0.286956811000658,0.286956811000658
2013-06-04,-0.0058981439241544,-0.0058981439241545,-0.00405899738904277,115767.26828163082,0.5713507668498747,0.42864923315012526,-0.0040583616038341735,0.0,0.0,0.0006357852085966769,0.0006357852085966769,0.07390308925945041,0.07390308925945041
2013-06-05,-0.0133101431092944,-0.0133101431092945,-0.008318731215200274,114804.23149327794,0.3831962842625786,0.6168037157374213,-0.008131110182619144,0.0,0.0,0.18762103258113016,0.18762103258113016,21.72037441409629,21.72037441409629
2013-06-06,0.0055900563345843,0.0055900563345843,0.002157596017190069,115051.93264590441,0.38363710149865676,0.6163628985013432,0.002158020990818221,0.0,0.0,0.00042497362815200246,0.00042497362815200246,0.04878877078490071,0.04878877078490071
2013-06-07,0.0090264113245763,0.0090264113245761,0.003302256290169024,115431.86361418045,0.569883933624736,0.430116066375264,0.003488477739944194,0.0,0.0,0.18622144977516975,0.18622144977516975,21.425137696755503,21.425137696755503
2013-06-10,-0.002266999096977,-0.0022669990969768,-0.002454456260002397,115148.54115392888,0.5685787649174054,0.43142123508259456,-0.002454316122178296,0.0,0.0,0.00014013782410106444,0.00014013782410106444,0.01617637019882208,0.01617637019882208
2013-06-11,-0.0119524136126005,-0.0119524136126004,-0.007652602278874955,114267.35516548519,0.3851408233791107,0.6148591766208893,-0.007452757924040074,10.688663447858245,0.0,0.1070193538340456,0.1070193538340456,12.323122469226476,23.01178591708472
2013-06-12,-0.0062139220304758,-0.0062139220304759,-0.003021100419122552,113922.14201090271,0.38819911196607026,0.6118008880339297,-0.003017414048682477,0.0,0.0,0.003686370440074908,0.003686370440074908,0.42123180034758545,0.42123180034758545
2013-06-13,0.0122273866804565,0.0122273866804564,0.005912908914247179,114595.7532599291,0.3769380411618844,0.6230619588381157,0.006089652525358504,10.850054832069185,0.0,0.08150264530302011,0.08150264530302011,9.284955932474888,20.135010764544074
2013-06-14,-0.0036803963414909,-0.0036803963414909,-0.0023027046212418605,114331.87308932278,0.3766734990774999,0.6233265009225001,-0.0023020510145479534,0.0,0.0,0.0006536066939070385,0.0006536066939070385,0.07490055142400899,0.07490055142400899
2013-06-17,0.004398265750958,0.0043982657509579,0.0027086097910261433,114641.55352019887,0.395967594887655,0.604032405112345,0.003005507173473472,18.03810887226542,0.0,0.1391276513577927,0.1391276513577927,15.906724978254703,33.94483385052012
2013-06-18,0.0044529240332948,0.0044529240332951,0.0014584142206268843,114808.7483921275,0.5419356611858667,0.45806433881413333,0.0019229119145913092,18.308060623008906,0.0,0.30479939905442804,0.30479939905442804,34.94267661962267,53.25073724263157
2013-06-19,-0.0155363656103604,-0.0155363656103605,-0.013781589588358158,113226.50134063412,0.38406187698198846,0.6159381230180115,-0.013629007311692235,0.0,0.0,0.1525822766659223,0.1525822766659223,17.51778021083586,17.51778021083586
2013-06-20,-0.0202296367778602,-0.0202296367778601,-0.013125793911016606,111740.3136187715,0.3924910181929881,0.6075089818070118,-0.01311191198218194,0.0,0.0,0.013881928834666307,0.013881928834666307,1.571802233808932,1.571802233808932
2013-06-21,0.0029133732551605,0.0029133732551605,0.0018280520590512786,111944.58072916133,0.394711292102806,0.605288707897194,0.0020861401695417402,14.368760109869783,0.0,0.1294974555645035,0.1294974555645035,14.470086297610548,28.838846407480325
2013-06-24,-0.0062284331257489,-0.0062284331257487,-0.006315194425090106,111237.6289370215,0.725301721412363,0.27469827858763696,-0.0056319316009226725,56.74859491233022,0.0,0.17632810215862332,0.17632810215862332,19.738975466915818,76.48757037924604
2013-06-25,0.0097001517732719,0.0097001517732718,0.005575482639129948,111857.83240597782,0.7180629712723877,0.2819370287276123,0.005581281104575516,0.0,0.0,0.0057984654455678995,0.0057984654455678995,0.645007547638223,0.645007547638223
2013-06-26,0.0090110141741506,0.0090110141741506,0.004753450553884061,112389.54308138427,0.7123895158336013,0.28761048416639867,0.0047574262584265965,0.0,0.0,0.0039757045425350855,0.0039757045425350855,0.4447136924145743,0.4447136924145743
2013-06-27,0.0077628481474185,0.0077628481474185,0.0038808471038911316,112825.70971415931,0.7063520398731123,0.29364796012688765,0.0038852523314463466,0.0,0.0,0.004405227555215178,0.004405227555215178,0.4951015121001574,0.4951015121001574
2013-06-28,-0.0036607336480629,-0.003660733648063,-0.003682297697162734,112410.25186309809,0.7044023070897973,0.29559769291020266,-0.003681447671104192,0.0,0.0,0.0008500260585419095,0.0008500260585419095,0.09590479333052047,0.09590479333052047
2013-07-01,0.002147094020354,0.002147094020354,0.0013074283349209996,112557.22021151953,0.7051128609574826,0.2948871390425174,0.0013083425270127352,0.0,0.0,0.0009141920917355682,0.0009141920917355682,0.1027645632832477,0.1027645632832477
2013-07-02,-0.0092231592225247,-0.0092231592225246,-0.0046101816150414905,112038.3109842602,0.6845646632095189,0.3154353367904811,-0.004414342408016688,12.239674615649676,0.0,0.08709740803004504,0.08709740803004504,9.803442135490348,22.043116751140023
2013-07-03,-0.0004528789713679,-0.000452878971368,0.0003448449147107792,112076.94682605591,0.6887130718273237,0.31128692817267634,0.00034833466543033307,0.0,0.0,0.0034897507195538776,0.0034897507195538776,0.39098577637492316,0.39098577637492316
2013-07-05,-0.006579866073306,-0.0065798660733058,-0.005707764229798332,111437.23803797713,0.5481925917763948,0.4518074082236052,-0.005461215405035903,21.56691226372342,0.0,0.05411931205277757,0.05411931205277757,6.065527259201879,27.632439522925303
2013-07-08,0.0010473333054594,0.0010473333054594,0.001003311725789689,111549.04432559025,0.36795779572787135,0.6320422042721286,0.001224782032833187,22.430402288124984,0.0,0.020187480198122866,0.020187480198122866,2.2496370362251676,24.68003932435015
2013-07-09,0.0043342981372476,0.0043342981372474,0.004007379029129331,111996.06362654004,0.5621079262156536,0.43789207378434636,0.004682503781463883,42.925503565492306,0.0,0.29031192112641646,0.29031192112641646,32.38401735797789,75.30952092347019
2013-07-10,-0.0052754455039074,-0.0052754455039074,-0.002077663131011211,111763.3735343248,0.563447711348998,0.43655228865100204,-0.0020772162096544733,0.0,0.0,0.0004469213567376703,0.0004469213567376703,0.05005343270525173,0.05005343270525173
2013-07-11,0.030405779847928,0.030405779847928,0.014468815900676455,113380.45721043149,0.5552075202863258,0.4447924797136742,0.01447447692322528,0.0,0.0,0.005661022548823703,0.005661022548823703,0.632694977710419,0.632694977710419
2013-07-12,-0.0071242837065448,-0.0071242837065449,-0.0027980950073426946,113063.20791918074,0.5569760832054764,0.4430239167945236,-0.002797492716450419,0.0,0.0,0.0006022908922755157,0.0006022908922755157,0.06828801673987671,0.06828801673987671
2013-07-15,0.0093268052867852,0.0093268052867851,0.003916981173962159,113506.07437606795,0.5522782026850159,0.44772179731498407,0.003920416439607863,0.0,0.0,0.0034352656457036436,0.0034352656457036436,0.38840215395780975,0.38840215395780975
2013-07-16,-0.000392162193427,-0.0003921621934269,-5.0757133141330916e-05,113500.31313313848,0.5527446127556965,0.44725538724430347,-5.045691396181979e-05,0.0,0.0,0.0003002191795111213,0.0003002191795111213,0.03407670051871143,0.03407670051871143
2013-07-17,0.0084349546388611,0.0084349546388611,0.003691500655066,113919.29961341967,0.5502103249940544,0.4497896750059456,0.0036930737484714383,0.0,0.0,0.0015730934054381056,0.0015730934054381056,0.17854659410490017,0.17854659410490017
2013-07-18,-0.0030621577055994,-0.0030621577055995,-0.0009101571823689656,113815.61514466607,0.552123676610859,0.44787632338914096,-0.0009090220224618203,0.0,0.0,0.001135159907145366,0.001135159907145366,0.1293166215712346,0.1293166215712346
2013-07-19,-0.0017645897039273,-0.0017645897039272,-0.0007064136288906951,113735.2142429473,0.5526724962016164,0.4473275037983836,-0.000706133421623897,0.0,0.0,0.000280207266798047,0.000280207266798047,0.03189196243862529,0.03189196243862529
2013-07-22,0.0075666128907141,0.0075666128907142,0.0033017479530875722,114110.73925376791,0.550429425069242,0.449570574930758,0.0033031188834210766,0.0,0.0,0.0013709303335044728,0.0013709303335044728,0.15592305519328642,0.15592305519328642
2013-07-23,0.0079984035517532,0.0079984035517531,0.003729650474237771,114536.33242654132,0.5485265870431418,0.45147341295685817,0.0037308869722241724,0.0,0.0,0.0012364979864012502,0.0012364979864012502,0.14109769931404212,0.14109769931404212
2013-07-24,-0.0112527261233598,-0.0112527261233599,-0.005862980412033363,113864.80815305837,0.5481100275264807,0.45188997247351925,-0.00586225015324255,0.0,0.0,0.0007302587908133481,0.0007302587908133481,0.08364116362200173,0.08364116362200173
2013-07-25,0.0060176051824631,0.0060176051824631,0.002541710870024173,114154.21957365422,0.5462713208960879,0.4537286791039121,0.0025427985846702894,0.0,0.0,0.0010877146461164796,0.0010877146461164796,0.12385241950532475,0.12385241950532475
2013-07-26,-0.003269614342407,-0.0032696143424071,-0.002109059129824252,113913.46157465443,0.5459289174477397,0.45407108255226025,-0.0021090407299268403,0.0,0.0,1.8399897411557458e-05,1.8399897411557458e-05,0.0021004259292516417,0.0021004259292516417
2013-07-29,-0.0060769401627609,-0.0060769401627607,-0.002728401721342708,113602.65989001004,0.5476578962060289,0.4523421037939711,-0.0027272666625021693,0.0,0.0,0.0011350588405387458,0.0011350588405387458,0.12929848161668225,0.12929848161668225
2013-07-30,-0.0043630849014933,-0.0043630849014933,-0.0023105298842744553,113340.1775494011,0.5477878114449777,0.4522121885550223,-0.002310479313807797,0.0,0.0,5.057046665855389e-05,5.057046665855389e-05,0.005744939524290791,0.005744939524290791
2013-07-31,-0.0024661339001033,-0.0024661339001033,-0.0003389016792807715,113301.76637289961,0.5495180170721116,0.45048198292788844,-0.00033818670874243223,0.0,0.0,0.0007149705383392811,0.0007149705383392811,0.08103488775796501,0.08103488775796501
2013-08-01,0.0110530998287869,0.011053099828787,0.005161932643234177,113886.62245927598,0.5474146067162099,0.4525853932837901,0.0051631352678324,0.0,0.0,0.001202624598222814,0.001202624598222814,0.13625949126214354,0.13625949126214354
2013-08-02,0.0005696078533938,0.0005696078533936,-0.00016450365932034835,113867.8876931338,0.5467630232422854,0.45323697675771457,-0.0001643279443914029,0.0,0.0,0.00017571492894546373,0.00017571492894546373,0.020011579773270533,0.020011579773270533
2013-08-05,-0.0069425283886712,-0.0069425283886713,-0.0036141350830325336,113456.35376539125,0.5469734321218972,0.4530265678781028,-0.0036141077552541458,0.0,0.0,2.73277783879094e-05,2.73277783879094e-05,0.0031117564003773166,0.0031117564003773166
2013-08-06,-0.0112354368027676,-0.0112354368027673,-0.005999236435793358,112775.70227400966,0.3777822063284109,0.6222177936715891,-0.005681106345922687,30.307939359221248,0.0,0.050997061588331984,0.050997061588331984,5.785940660561239,36.09388001978248
2013-08-07,-0.0066013876134323,-0.0066013876134324,-0.00254683978970304,112488.48062814651,0.3548797073736925,0.6451202926263075,-0.00243036064635688,7.836997776926529,0.0,0.04698724377115192,0.04698724377115192,5.2990194142117435,13.136017191138272
2013-08-08,0.0117491905911584,0.0117491905911583,0.004995254852463033,113050.38925685045,0.3629604826908527,0.6370395173091473,0.005220800036468487,14.289241131237086,0.0,0.09851670027587947,0.09851670027587947,11.081993930532184,25.371235061769273
2013-08-09,0.0009988653957599,0.00099886539576,0.0005966852652623915,113117.84475835218,0.3614777399653276,0.6385222600346724,0.0005984036275970513,0.0,0.0,0.0017183623346598098,0.0017183623346598098,0.19426153081760184,0.19426153081760184
2013-08-12,0.0007710140465329,0.0007710140465329,0.00045884491207770316,113169.74830588476,0.36078720709703344,0.6392127929029665,0.00045971631739317087,0.0,0.0,0.0008714053154677043,0.0008714053154677043,0.09857149119667868,0.09857149119667868
2013-08-13,0.0019458191729504,0.0019458191729507,0.0011192234335792807,113296.41054016097,0.41698053147996383,0.5830194685200362,0.0013911885048367718,18.547891492136134,0.0,0.10807064037121458,0.10807064037121458,12.230327170066142,30.778218662202274
2013-08-14,0.000752831445044,0.0007528314450441,0.00014598703599400168,113312.95034732451,0.5849095515552907,0.4150904484447093,0.0003139160560693284,0.0,0.0,0.16792902007532673,0.16792902007532673,19.02575520006115,19.02575520006115
2013-08-15,-0.0060811903069278,-0.006081190306928,-0.001921702573888159,113095.19655898721,0.5848844437156914,0.41511555628430863,-0.0019200305349869914,0.0,0.0,0.0016720389011676347,0.0016720389011676347,0.18946366098680326,0.18946366098680326
2013-08-16,-0.0042420996348068,-0.0042420996348068,-0.0019881837867706197,112870.34252282699,0.5861179166090372,0.4138820833909628,-0.001987446109065887,0.0,0.0,0.0007376777047327669,0.0007376777047327669,0.0834278050139348,0.0834278050139348
2013-08-19,-0.0093934966856784,-0.0093934966856785,-0.004798251899852248,112328.76218737986,0.4093687424306248,0.5906312575693752,-0.004620609245307197,0.0,0.0,0.17764265454505182,0.17764265454505182,20.05058726516423,20.05058726516423
2013-08-20,0.001493995201804,0.0014939952018038,0.0006099413229721359,112397.27614119626,0.4100786478012716,0.5899213521987283,0.0007762542203186989,18.549298769228926,0.0,0.0011788888520498702,0.0011788888520498702,0.13242312550726312,18.68172189473619
2013-08-21,-0.0079642867187552,-0.007964286718755,-0.0032700066033765412,112029.736306013,0.4103516593469062,0.5896483406530938,-0.0032697298158705338,0.0,0.0,0.00027678750600734195,0.00027678750600734195,0.03111016174514023,0.03111016174514023
2013-08-22,0.0094819187460133,0.0094819187460133,0.0037224346324411903,112446.75967630175,0.5833410959590423,0.41665890404095773,0.003895419612785727,0.0,0.0,0.1729849803445368,0.1729849803445368,19.3794617328993,19.3794617328993
2013-08-23,0.0084315812798649,0.0084315812798649,0.004700370362013854,112975.30109278875,0.4108364788250196,0.5891635211749804,0.004872829702737881,0.0,0.0,0.17245934072402727,0.17245934072402727,19.392494040328135,19.392494040328135
2013-08-26,-0.0022329650641244,-0.0022329650641242,-0.0010919032483903961,112851.94299453765,0.5843133065210458,0.41568669347895415,-0.0009184253764904927,0.0,0.0,0.1734778718999034,0.1734778718999034,19.598714810827826,19.598714810827826
2013-08-27,-0.01069251498392,-0.0106925149839202,-0.00403286565081056,112396.82627000776,0.5892116394213919,0.4107883605786081,-0.004030208855514399,0.0,0.0,0.002656795296160373,0.002656795296160373,0.2998245113104462,0.2998245113104462
2013-08-28,0.0037552676864509,0.003755267686451,0.001962917590519693,112617.45197741174,0.5880624707105521,0.41193752928944793,0.001963818861584138,0.0,0.0,0.0009012710644449634,0.0009012710644449634,0.10130000725260553,0.10130000725260553
2013-08-29,-0.0010543323793021,-0.0010543323793018,-0.0016494953180627595,112431.69001764283,0.5856577718361945,0.4143422281638055,-0.0016481198108053308,0.0,0.0,0.0013755072574285743,0.0013755072574285743,0.15490612250804378,0.15490612250804378
2013-08-30,-0.0004497602384493,-0.0004497602384496,-0.0005428886933288324,112370.65212436042,0.585070937375016,0.41492906262498397,-0.0005425811600671845,0.0,0.0,0.0003075332616479039,0.0003075332616479039,0.03457648434371178,0.03457648434371178
2013-09-03,0.0051985033652413,0.0051985033652414,0.003050077538840318,112713.39132642974,0.5851229112812832,0.41487708871871676,0.0030501209296728985,0.0,0.0,4.3390832580700675e-05,4.3390832580700675e-05,0.00487585615331228,0.00487585615331228
2013-09-04,0.0064955228141649,0.0064955228141649,0.0021510357507246503,112955.84186075832,0.5816310296695194,0.4183689703304806,0.002152890477769704,0.0,0.0,0.001854727045053645,0.001854727045053645,0.20905257523284418,0.20905257523284418
2013-09-05,0.0030432190136953,0.0030432190136954,0.0011962473283541758,113090.96498480624,0.5801346102277717,0.4198653897722283,0.0011971726278583894,0.0,0.0,0.0009252995042136943,0.0009252995042136943,0.10451798447180012,0.10451798447180012
2013-09-06,0.0039797197061011,0.003979719706101,0.0024917905235656433,113372.76397965627,0.5798797776897535,0.4201202223102465,0.0024922280838418085,0.0,0.0,0.00043756027616501455,0.00043756027616501455,0.04948411387051981,0.04948411387051981
2013-09-09,0.0115917773882205,0.0115917773882207,0.004778588666083864,113914.52578465207,0.5749343738084031,0.42506562619159693,0.004781616081645583,0.0,0.0,0.0030274155617198454,0.0030274155617198454,0.3432264699472026,0.3432264699472026
2013-09-10,0.0027848831768546,0.0027848831768544,0.0003324451682015878,113952.39611833716,0.5728681731936951,0.4271318268063049,0.0003332470118491777,0.0,0.0,0.0008018436475898471,0.0008018436475898471,0.0913416388686331,0.0913416388686331
2013-09-11,0.0023532823816507,0.0023532823816507,0.0012586960444051513,114095.8275485818,0.5701613583593144,0.42983864164068564,0.001261316258714751,0.0,0.0,0.0026202143095996355,0.0026202143095996355,0.29857969892243297,0.29857969892243297
2013-09-12,-0.0045628304874086,-0.0045628304874087,-0.0015923997811211016,113914.1413777666,0.5737994582879757,0.42620054171202426,-0.0015897780904337447,0.0,0.0,0.002621690687356963,0.002621690687356963,0.29912396855040296,0.29912396855040296
2013-09-13,0.0022216183461625,0.0022216183461626,0.0007129872094132242,113995.36070354024,0.5721337176172443,0.4278662823827557,0.000714093523036833,0.0,0.0,0.0011063136236088202,0.0011063136236088202,0.1260247665279244,0.1260247665279244
2013-09-16,0.0017551949067191,0.0017551949067191,-0.0005200871509905777,113936.07318116579,0.5712373525378138,0.4287626474621862,-0.0005194625170156617,0.0,0.0,0.0006246339749160139,0.0006246339749160139,0.07120537527823712,0.07120537527823712
2013-09-17,-0.0012485720932418,-0.0012485720932419,-0.0016737275606407522,113745.37523533127,0.5698553705087404,0.43014462949125964,-0.001673306854671817,0.0,0.0,0.00042070596893515775,0.00042070596893515775,0.0479335860643494,0.0479335860643494
2013-09-18,0.0225644595119491,0.0225644595119492,0.012783535787620825,115199.44331032853,0.5674146951068104,0.4325853048931896,0.012785905491512525,0.0,0.0,0.002369703891700182,0.002369703891700182,0.269542858358062,0.269542858358062
2013-09-19,-0.0029564033195192,-0.0029564033195193,-0.0017677441779454493,114995.80016511412,0.5671289238410369,0.43287107615896314,-0.001767548715697094,0.0,0.0,0.00019546224835545933,0.00019546224835545933,0.022517142198734092,0.022517142198734092
2013-09-20,-0.011869887790058,-0.011869887790058,-0.006455639669145436,114253.4287157831,0.5659477882148792,0.43405221178512077,-0.006454177620039343,0.0,0.0,0.0014620491060933472,0.0014620491060933472,0.1681295068358943,0.1681295068358943
2013-09-23,-0.0028038739251528,-0.0028038739251527,-0.002118272842656117,114011.40878055412,0.5325066419835018,0.46749335801649816,-0.0019763036372620825,9.984269401047928,0.0,0.05458216140531681,0.05458216140531681,6.236199087275732,16.220468488323657
2013-09-24,-0.001786408892893,-0.0017864088928929,-0.0010164737830310987,113895.51917256224,0.5324199347638543,0.4675800652361457,-0.0010164523702234289,0.0,0.0,2.1412807669799833e-05,2.1412807669799833e-05,0.002441304368380933,0.002441304368380933
2013-09-25,-0.0010058122787414,-0.0010058122787415,-0.0004539334183918238,113843.81819020472,0.5674757882955969,0.43252421170440314,-0.00031191559958702745,10.066135225972285,0.0,0.053637386465564804,0.053637386465564804,6.109057978554867,16.175193204527154
2013-09-26,0.0047970095148741,0.0047970095148742,0.003031704954645931,114188.95905786779,0.568448382894508,0.43155161710549195,0.003032368847995591,0.0,0.0,0.000663893349660206,0.000663893349660206,0.0755801537964025,0.0755801537964025
2013-09-27,-0.0077624889943547,-0.0077624889943545,-0.004123331846678878,113718.12008644537,0.5698987762460719,0.4301012237539281,-0.004122174125381611,0.0,0.0,0.0011577212972677614,0.0011577212972677614,0.13219898981413,0.13219898981413
2013-09-30,-0.0066434451809171,-0.0066434451809172,-0.00353527046774407,113316.0957748564,0.5707376689852062,0.42926233101479383,-0.0035346846629968017,0.0,0.0,0.0005858047472684855,0.0005858047472684855,0.06661661459708741,0.06661661459708741
2013-10-01,0.0066342554977341,0.006634255497734,0.002390471964648406,113586.97472494961,0.5661010317327322,0.4338989682672678,0.0023937250860662494,0.0,0.0,0.003253121417843255,0.003253121417843255,0.3686310181515629,0.3686310181515629
2013-10-02,0.0037524909928436,0.0037524909928437,0.002753540528861749,113899.74106340554,0.5663679872839338,0.4336320127160662,0.0027539008313391673,0.0,0.0,0.00036030247741830303,0.00036030247741830303,0.04092566839584952,0.04092566839584952
2013-10-03,-0.0064465377606851,-0.0064465377606849,-0.003344986962851782,113518.74791447628,0.6822121332537532,0.3177878667462468,-0.003040905423421434,10.7202932967957,0.0,0.20996110336343898,0.20996110336343898,23.914515306482627,34.63480860327833
2013-10-04,0.006111959530237,0.0061119595302369,0.005018123900541504,114088.39905654546,0.7940430956182473,0.20595690438175274,0.005129001342391884,0.0,0.0,0.11087744185037941,0.11087744185037941,12.586668370815223,12.586668370815223
2013-10-07,-0.002907507457599,-0.002907507457599,-0.0028929797071511848,113758.3436332535,0.791532645122981,0.20846735487701895,-0.002891053321929823,0.0,0.0,0.0019263852213617545,0.0019263852213617545,0.21977820587135152,0.21977820587135152
2013-10-08,-0.0064711697583293,-0.0064711697583294,-0.00654362824187329,113013.95132310622,0.6809587018279935,0.31904129817200655,-0.00643437507853228,0.0,0.0,0.10925316334101003,0.10925316334101003,12.428458898366594,12.428458898366594
2013-10-09,-5.721405770442445e-05,-5.721405770433931e-05,-0.0008113923298849516,112922.25266983264,0.5565292591160347,0.4434707408839653,-0.0005073832957929529,10.173679219111666,0.0,0.21398758895178605,0.21398758895178605,24.183582961546012,34.35726218065768
2013-10-10,0.0199909488909717,0.0199909488909719,0.01037808079278027,114094.16893134292,0.5506712333666777,0.44932876663332233,0.0103832110307533,0.0,0.0,0.0051302379730312295,0.0051302379730312295,0.5793180286470025,0.5793180286470025
2013-10-11,0.0046848482129497,0.0046848482129495,0.001494516565510192,114264.68455683894,0.5499143633364718,0.4500856366635282,0.0014948396077904985,0.0,0.0,0.0003230422803063269,0.0003230422803063269,0.0368572405012363,0.0368572405012363
2013-10-14,0.0041265866632866,0.0041265866632868,0.001788390395325181,114469.03442122525,0.5470082353082426,0.4529917646917574,0.0017908200403644282,0.0,0.0,0.0024296450392472507,0.0024296450392472507,0.27762262399467563,0.27762262399467563
2013-10-15,-0.0061024391843707,-0.0061024391843707,-0.0030646072251182743,114118.23179128564,0.5473364864126963,0.4526635135873037,-0.00306455418377017,0.0,0.0,5.304134810427578e-05,5.304134810427578e-05,0.006071591901896535,0.006071591901896535
2013-10-16,0.0122405259831881,0.0122405259831881,0.006232986889746881,114829.52923392183,0.5475581171012399,0.4524418828987601,0.006233668902695198,0.0,0.0,0.000682012948317009,0.000682012948317009,0.07783011172069855,0.07783011172069855
2013-10-17,0.0025330561470058,0.0025330561470059,0.0005416261927384946,114891.72391465474,0.5455775751164579,0.4544224248835421,0.000542764636986745,0.0,0.0,0.0011384442482504386,0.0011384442482504386,0.1307270170856639,0.1307270170856639
2013-10-18,0.0070801346818669,0.0070801346818668,0.003734204361605455,115320.75309120922,0.547645816572174,0.45235418342782596,0.003736398079304396,0.0,0.0,0.0021937176989412265,0.0021937176989412265,0.2520400082134471,0.2520400082134471
2013-10-21,-0.0010311775320629,-0.0010311775320629,-0.000950708523100793,115211.116668355,0.7970283610285096,0.2029716389714904,-0.0007011893684682223,0.0,0.0,0.24951915463257074,0.24951915463257074,28.774736822909947,28.774736822909947
2013-10-22,0.0032510403855721,0.003251040385572,0.0027735698670840205,115530.66274989945,0.7977358883003699,0.2022641116996301,0.002774095063447729,0.0,0.0,0.0005251963637085597,0.0005251963637085597,0.060508459533022675,0.060508459533022675
2013-10-23,-0.0135209743997976,-0.0135209743997975,-0.011638880101613253,114186.01521809344,0.7958308613767051,0.2041691386232949,-0.011637838419853797,0.0,0.0,0.0010416817594568859,0.0010416817594568859,0.12034618404453537,0.12034618404453537
2013-10-24,0.0013391405509455,0.0013391405509453,0.0007691935150309847,114273.84636050642,0.7956333615331377,0.20436663846686232,0.0007692920560691623,0.0,0.0,9.854103817762917e-05,9.854103817762917e-05,0.01125200848495749,0.01125200848495749
2013-10-25,0.0046390633321176,0.0046390633321174,0.0036139810086472123,114686.82987103835,0.7946966319135316,0.20530336808646843,0.003614841938292694,0.0,0.0,0.0008609296454815894,0.0008609296454815894,0.09838174203496841,0.09838174203496841
2013-10-28,0.0022566695194172,0.0022566695194173,0.0021534814266377703,114933.8058290456,0.7966507020751014,0.20334929792489864,0.002155074604276642,0.0,0.0,0.0015931776388716005,0.0015931776388716005,0.18271649282360983,0.18271649282360983
2013-10-29,0.0034153264285925,0.0034153264285926,0.002335416947549821,115202.22418702515,0.7962674003441114,0.20373259965588864,0.002335417738475707,0.0,0.0,7.909258861760322e-07,7.909258861760322e-07,9.09041222269219e-05,9.09041222269219e-05
2013-10-30,-0.0031075195021615,-0.0031075195021616,-0.0022669539353043834,114941.06605154855,0.796751405607159,0.20324859439284104,-0.002266678315763773,0.0,0.0,0.0002756195406101705,0.0002756195406101705,0.031751984107697744,0.031751984107697744
2013-10-31,-0.0074189329770341,-0.0074189329770341,-0.006309237000019056,114215.87562479447,0.7710915491969234,0.22890845080307665,-0.006068981044812624,15.216312649427893,0.0,0.10787235052850236,0.10787235052850236,12.398962967232388,27.615275616660277
2013-11-01,-0.0017151617500855,-0.0017151617500854,-0.0017498680756303552,114016.01291030848,0.7690743719982759,0.23092562800172411,-0.0017482773605126728,0.0,0.0,0.0015907151176823545,0.0015907151176823545,0.1816849200356881,0.1816849200356881
2013-11-04,0.0013128195782257,0.0013128195782255,0.0009917034960016703,114129.0829889118,0.5028210662531889,0.4971789337468111,0.0012582050250067377,0.0,0.0,0.2665015290050674,0.2665015290050674,30.385441771658712,30.385441771658712
2013-11-05,-0.0063353464196682,-0.0063353464196682,-0.003539597681652929,113725.11195135508,0.5024607731335555,0.4975392268664445,-0.0035395936939033286,0.0,0.0,3.987749600639729e-06,3.987749600639729e-06,0.00045511820511041147,0.00045511820511041147
2013-11-06,0.0035569204859047,0.0035569204859047,0.0018444091742806108,113934.86759118426,0.5070710308769895,0.49292896912301054,0.0020234841248650695,9.045018816894553,0.0,0.09954089991002668,0.09954089991002668,11.320299986006415,20.365318802900966
2013-11-07,-0.0123062840453083,-0.0123062840453083,-0.00583560883465752,113269.9882712936,0.3621474293748051,0.637852570625195,-0.005607097756800581,21.178192585917326,0.0,0.04263125867895175,0.04263125867895175,4.857186812831892,26.035379398749217
2013-11-08,0.0106281440356283,0.0106281440356283,0.004767388164157102,113809.99027273238,0.3681542525467636,0.6318457474532364,0.0047724811733439,0.0,0.0,0.005093009186798583,0.005093009186798583,0.576885090854266,0.576885090854266
2013-11-11,-0.0006057089896416,-0.0006057089896415,-0.0005100655543327074,113751.93971695531,0.6023628495456717,0.39763715045432835,-0.0002758041155518474,0.0,0.0,0.23426143878086,0.23426143878086,26.66129206892597,26.66129206892597
2013-11-12,-0.0044864189967992,-0.0044864189967992,-0.003332351892755154,113372.87822533495,0.6033190472282368,0.3966809527717632,-0.0033307645510762657,0.0,0.0,0.0015873416788883695,0.0015873416788883695,0.18056319496712045,0.18056319496712045
2013-11-13,0.0053941919320157,0.0053941919320157,0.0036219468151627594,113783.50876054904,0.594032513163141,0.405967486836859,0.00382048244608046,10.724711814777539,0.0,0.10393882802572885,0.10393882802572885,11.783844092644989,22.508555907422526
2013-11-14,0.0071996555376507,0.0071996555376508,0.005072040324293293,114360.62330522209,0.37554958835682895,0.624450411643171,0.005292990889828398,23.219986639362418,0.0,0.01687893079383919,0.01687893079383919,1.9205439698495026,25.140530609211922
2013-11-15,0.0034016804463659,0.0034016804463658,0.00160140764015813,114543.76128111631,0.37558003546391705,0.624419964536083,0.0016017002945661477,0.0,0.0,0.0002926544080177009,0.0002926544080177009,0.03346814051392506,0.03346814051392506
2013-11-18,-0.0024032533814313,-0.0024032533814312,-0.0011327769820117545,114414.00874490401,0.3774241120435612,0.6225758879564388,-0.001130704265677396,0.0,0.0,0.0020727163343584516,0.0020727163343584516,0.23741672500622493,0.23741672500622493
2013-11-19,0.0002210721396498,0.0002210721396498,0.00010132203701225425,114425.6014053328,0.3741809227216326,0.6258190772783674,0.00010458637007396013,0.0,0.0,0.0032643330617058717,0.0032643330617058717,0.3734854314682949,0.3734854314682949
2013-11-20,-0.0024583363199781,-0.0024583363199781,-0.0012379187305730048,114283.95181009606,0.36164223361357,0.6383577663864299,-0.0010593616154972135,8.277592635884732,0.0,0.1062167250387506,0.1062167250387506,12.153912641863908,20.431505277748638
2013-11-21,0.0121866606419773,0.0121866606419774,0.004416546539802459,114788.69220201789,0.3602812902993675,0.6397187097006325,0.004417918061092695,0.0,0.0,0.0013715212902356412,0.0013715212902356412,0.1567428730398108,0.1567428730398108
2013-11-22,0.0034825825182589,0.0034825825182589,0.0012558790625025462,114932.85291716644,0.36212595681712356,0.6378740431828764,0.001257720728066557,0.0,0.0,0.0018416655640108761,0.0018416655640108761,0.21140238156630015,0.21140238156630015
2013-11-25,-0.0008719822355838,-0.0008719822355839,-0.00031962526426974615,114896.11747367952,0.3652278327318438,0.6347721672681562,-0.0003165226324648265,0.0,0.0,0.0031026318049196056,0.0031026318049196056,0.3565943248909477,0.3565943248909477
2013-11-26,-0.0003647325413146,-0.0003647325413145,-0.00013546071285432899,114880.55356370234,0.36715886848116286,0.6328411315188371,-0.00013352935810614566,0.0,0.0,0.0019313547481833177,0.0019313547481833177,0.22190516203061922,0.22190516203061922
2013-11-27,0.0019729250722237,0.001972925072224,0.0007251549985189948,114963.85977135171,0.36811720387188146,0.6318827961281186,0.0007261116026597958,0.0,0.0,0.0009566041408009451,0.0009566041408009451,0.10989521323654243,0.10989521323654243
2013-11-29,-0.0018747379923067,-0.0018747379923068,-0.0006925169965208874,114884.24534447442,0.3688598637135512,0.6311401362864488,-0.0006917726842047766,0.0,0.0,0.0007443123161108512,0.0007443123161108512,0.0855690167354579,0.0855690167354579
2013-12-02,-0.0007812917882814,-0.0007812917882813,-0.00029013945462474613,114850.91289218518,0.3701213886717949,0.6298786113282051,-0.00028887723907042095,0.0,0.0,0.001262215554325168,0.001262215554325168,0.14500868142070436,0.14500868142070436
2013-12-03,-0.005378941991972,-0.0053789419919721,-0.001996014220079567,114621.66883686326,0.37049853145407563,0.6295014685459244,-0.001995632280695602,0.0,0.0,0.00038193938396480285,0.00038193938396480285,0.043866086917836444,0.043866086917836444
2013-12-04,0.0009994400254089,0.000999440025409,0.00019961920873859607,114644.54952370079,0.5420634330458876,0.45793656695411245,0.0003711832190638021,0.0,0.0,0.17156401032520605,0.17156401032520605,19.664953175819956,19.664953175819956
2013-12-05,-0.0070010827348787,-0.0070010827348789,-0.0033724627746561315,114257.91504811488,0.539684845994435,0.460315154005565,-0.0033696558133924637,0.0,0.0,0.0028069612636678907,0.0028069612636678907,0.32180280960368324,0.32180280960368324
2013-12-06,0.010356880621114,0.0103568806211142,0.0052078711884868175,114852.95555195054,0.5367991166842776,0.4632008833157224,0.005210381733744177,0.0,0.0,0.002510545257358649,0.002510545257358649,0.2868496667397322,0.2868496667397322
2013-12-09,0.0034617610681191,0.003461761068119,0.0018258143804470782,115062.65572983414,0.5381038065616347,0.4618961934383653,0.0018271500831657612,0.0,0.0,0.0013357027186829836,0.0013357027186829836,0.15340940497951622,0.15340940497951622
2013-12-10,-0.0032400522429769,-0.0032400522429769,-0.0016144687664030783,114876.89066597895,0.5296923278617126,0.4703076721382874,-0.0016059192753659348,0.0,0.0,0.008549491037143411,0.008549491037143411,0.983727143872135,0.983727143872135
2013-12-11,-0.012945773780859,-0.0129457737808589,-0.006484571304974103,114131.96327716169,0.5050726992695508,0.4949273007304492,-0.006356006090545935,8.770355002365019,0.0,0.05221952861163475,0.05221952861163475,5.998817078947725,14.769172081312743
2013-12-12,-0.0015154171140445,-0.0015154171140445,-0.0014565679180020502,113965.72232103357,0.5318015242201772,0.46819847577982276,-0.0013267474192756301,8.958924972890928,0.0,0.05132430260706669,0.05132430260706669,5.85774342037567,14.816668393266598
2013-12-13,-0.000674399186553,-0.0006743991865531,-0.0006544270807352565,113891.14006607112,0.5341929567309959,0.46580704326900413,-0.0006517423545882019,0.0,0.0,0.0026847261470546472,0.0026847261470546472,0.30596675458324823,0.30596675458324823
2013-12-16,0.0073804328161335,0.0073804328161334,0.004234736638815134,114373.43904974536,0.5363645198899684,0.46363548011003164,0.0042366163151381555,0.0,0.0,0.0018796763230218578,0.0018796763230218578,0.21407847938415997,0.21407847938415997
2013-12-17,-0.0051714482917899,-0.0051714482917899,-0.002216642399851598,114119.91403533083,0.5393645759632466,0.4606354240367534,-0.0022142048291935276,0.0,0.0,0.0024375706580705464,0.0024375706580705464,0.27879333909027937,0.27879333909027937
2013-12-18,0.0186105105852412,0.0186105105852411,0.008796003736592289,115123.71322560521,0.5327948875779212,0.46720511242207885,0.008801359525639468,0.0,0.0,0.0053557890471788855,0.0053557890471788855,0.6112021856554208,0.6112021856554208
2013-12-19,2.8506734487843133e-05,2.8506734487922e-05,0.00020915972173905507,115147.79246942906,0.5325033129788408,0.4674966870211592,0.00020964574830084918,0.0,0.0,0.000486026561794112,0.000486026561794112,0.05595318252001224,0.05595318252001224
2013-12-20,0.0054217825084978,0.0054217825084978,0.003027013134184307,115496.34634960635,0.3541067523299729,0.6458932476700271,0.0032451071391950094,22.909777425132553,0.0,0.019134242658202766,0.019134242658202766,2.2032658026664285,25.113043227798983
2013-12-23,0.0030388326059678,0.0030388326059678,0.0013409272813600735,115651.21855132394,0.35408391607156176,0.6459160839284382,0.001341214457646062,0.0,0.0,0.0002871762859885798,0.0002871762859885798,0.03316781178993062,0.03316781178993062
2013-12-24,0.0021708851110326,0.0021708851110328,0.000956183025245629,115761.80228335169,0.3554512036124611,0.6445487963875389,0.0009573620349824833,0.0,0.0,0.0011790097368541968,0.0011790097368541968,0.13635391275106362,0.13635391275106362
2013-12-26,0.0027510146624485,0.0027510146624484,0.0012169294166314492,115902.67622587258,0.3559976381255958,0.6440023618744042,0.0012172371222419764,0.0,0.0,0.00030770561052714373,0.00030770561052714373,0.035620556047321235,0.035620556047321235
2013-12-27,0.0004462880175117,0.0004462880175115,7.077108338985835e-05,115910.87878383686,0.5342561172792107,0.46574388272078926,0.00028440598107357974,22.708539299852585,0.0,0.017707244938258444,0.017707244938258444,2.05231707693119,24.760856376783778
2013-12-30,-0.0019787312977608,-0.0019787312977606,-0.0005428960596061927,115847.95122447962,0.5361954508073771,0.46380454919262293,-0.0005414734243610101,0.0,0.0,0.0014226352451826147,0.0014226352451826147,0.1648989014579761,0.1648989014579761
2013-12-31,0.0050752984091761,0.005075298409176,0.00222280205866781,116105.45828895384,0.5370926372276961,0.46290736277230393,0.0022241938926301063,0.0,0.0,0.0013918339622962207,0.0013918339622962207,0.16124111297666677,0.16124111297666677
2014-01-02,-0.0084880278566169,-0.0084880278566169,-0.004996047164974281,115525.38994323128,0.54047426304134,0.45952573695865995,-0.004992228458012032,0.0,0.0,0.003818706962248411,0.003818706962248411,0.44337272192307053,0.44337272192307053
2014-01-03,0.003193947307829,0.0031939473078289,0.001160174111363461,115659.41950984857,0.5395570913133856,0.4604429086866144,0.0011605273652631162,0.0,0.0,0.0003532538996553247,0.0003532538996553247,0.040809794506648484,0.040809794506648484
2014-01-06,9.053031246963884e-05,9.053031246972428e-05,-0.00038087239703673274,115615.36802949996,0.5383138186354748,0.4616861813645252,-0.00038005798979536714,0.0,0.0,0.0008144072413655832,0.0008144072413655832,0.09419386878096049,0.09419386878096049
2014-01-07,0.0025475203720959,0.0025475203720956,0.0015613224923138713,115795.88090406156,0.5460535544631216,0.45394644553687835,0.0017823964634724248,14.345097450732528,0.0,0.09699792750428522,0.09699792750428522,11.214451086506694,25.559548537239223
2014-01-08,-0.001469250978811,-0.0014692509788109,-0.001468265748884729,115625.8617782682,0.547256478388406,0.45274352161159404,-0.0014663977397619834,0.0,0.0,0.0018680091227455614,0.0018680091227455614,0.21630776190514556,0.21630776190514556
2014-01-09,0.0019181285584208,0.0019181285584208,0.0015436131631323788,115804.34338050765,0.5438096653339285,0.4561903346660715,0.0015475568716691328,0.0,0.0,0.003943708536753877,0.003943708536753877,0.4559946981644802,0.4559946981644802
2014-01-10,-0.000506769124275,-0.0005067691242751,-0.0002587029179596334,115774.38445896271,0.5091312746343466,0.4908687253656534,-7.457752974266308e-05,12.67764475023382,0.0,0.07465069685260708,0.07465069685260708,8.644874931913492,21.322519682147313
2014-01-13,-0.0076376983646377,-0.0076376983646376,-0.006128543952171011,115064.85605527041,0.5557804323598735,0.4442195676401265,-0.0058207349668224495,20.552204040431977,0.0,0.13028954409671062,0.13028954409671062,15.08419176923555,35.636395809667526
2014-01-14,0.0095858930133532,0.0095858930133534,0.004860093375020903,115624.08199988237,0.5553800656421365,0.4446199343578635,0.00486015606518774,0.0,0.0,6.269016683760827e-05,6.269016683760827e-05,0.007213435023250283,0.007213435023250283
2014-01-15,0.003719590340554,0.0037195903405538,0.0016933447755910574,115819.87343506938,0.553727990259582,0.44627200974041803,0.001694627067157581,0.0,0.0,0.0012822915665236547,0.0012822915665236547,0.14826378523548867,0.14826378523548867
2014-01-16,-0.0019928327839798,-0.0019928327839798,-0.0008661617165388074,115719.55469468556,0.5539121297296719,0.44608787027032815,-0.0008661080027173811,0.0,0.0,5.3713821426320794e-05,5.3713821426320794e-05,0.006221127999310392,0.006221127999310392
2014-01-17,-0.0034496140743512,-0.0034496140743514,-0.0023739692585819307,115444.84002922359,0.552880134766865,0.44711986523313496,-0.0023734014834029572,0.0,0.0,0.0005677751789733669,0.0005677751789733669,0.06570269087749342,0.06570269087749342
2014-01-21,0.0044007581426617,0.0044007581426619,0.00236848770841941,115718.26971383326,0.5538794611063018,0.4461205388936982,0.002369550297810637,0.0,0.0,0.0010625893912270873,0.0010625893912270873,0.12267046228696118,0.12267046228696118
2014-01-22,0.0018292824468479,0.001829282446848,0.0006933350441714035,115798.50124547673,0.5558219588995823,0.4441780411004177,0.0009111096053337155,14.340092794859855,0.0,0.09385209990945767,0.09385209990945767,10.86040261053225,25.200495405392104
2014-01-23,-0.0095497662403034,-0.0095497662403035,-0.006428297585283971,115054.11401954094,0.5549029242175862,0.44509707578241375,-0.00642808570405807,0.0,0.0,0.00021188122590131108,0.00021188122590131108,0.02453552840142611,0.02453552840142611
2014-01-24,-0.0146654167613645,-0.0146654167613646,-0.00954442500144339,113955.98865717392,0.5542286274625533,0.4457713725374467,-0.00954367258491435,0.0,0.0,0.0007524165290404384,0.0007524165290404384,0.08656861712240584,0.08656861712240584
2014-01-27,-0.003431139052346,-0.0034311390523458,-0.0023882704647704904,113683.83093518026,0.5538769904179335,0.4461230095820665,-0.002388133928383416,0.0,0.0,0.00013653638707444962,0.00013653638707444962,0.015559138976747489,0.015559138976747489
2014-01-28,0.0069693063927405,0.0069693063927402,0.004750853401201129,114223.92615004022,0.5619349485154523,0.43806505148454766,0.004929437066599568,10.585338013131626,0.0,0.08547158493761181,0.08547158493761181,9.716737211809361,20.302075224940985
2014-01-29,-0.011143740419663,-0.0111437404196628,-0.0069716023943607675,113427.60235299931,0.5614362559807455,0.43856374401925446,-0.006971383766697687,0.0,0.0,0.00021862766307987792,0.00021862766307987792,0.02497251004199185,0.02497251004199185
2014-01-30,0.0077430045989095,0.0077430045989094,0.003732137258469743,113850.92973387982,0.5611496055110754,0.4388503944889246,0.0037324606275008256,0.0,0.0,0.0003233690310827729,0.0003233690310827729,0.03667897387093144,0.03667897387093144
2014-01-31,-0.0112704140261395,-0.0112704140261396,-0.005717700652421897,113199.96419866159,0.5623476126834579,0.4376523873165421,-0.005717116839013225,0.0,0.0,0.00058381340867178,0.00058381340867178,0.06646769936838769,0.06646769936838769
2014-02-03,-0.0215634236324157,-0.0215634236324156,-0.012219616964200543,111816.7039957927,0.5617731372382496,0.4382268627617504,-0.012219137536035159,0.0,0.0,0.0004794281653842091,0.0004794281653842091,0.054271251157322474,0.054271251157322474
2014-02-04,0.0095019132674207,0.0095019132674208,0.004941908867718865,112369.29195682863,0.5610482547250477,0.4389517452749523,0.004942241796711134,0.0,0.0,0.0003329289922691837,0.0003329289922691837,0.037227022580180874,0.037227022580180874
2014-02-05,-0.0037134663764779,-0.0037134663764778,-0.0016413698492288623,112184.85238903148,0.5616685741130029,0.43833142588699714,-0.0016411934186178405,0.0,0.0,0.00017643061102189138,0.00017643061102189138,0.01982538284004058,0.01982538284004058
2014-02-06,0.0153193196641374,0.0153193196641372,0.008194419135965473,113104.14209021365,0.560430054135107,0.43956994586489295,0.008195254703176651,0.0,0.0,0.0008355672111780007,0.0008355672111780007,0.09373798424711871,0.09373798424711871
2014-02-07,0.0110592782990401,0.0110592782990401,0.006070025136953199,113790.68707579476,0.5597197849961284,0.4402802150038716,0.0060706094565242,0.0,0.0,0.0005843195710004706,0.0005843195710004706,0.0660889637845299,0.0660889637845299
2014-02-10,-0.0011337586109476,-0.0011337586109475,-0.00012238362985943175,113776.76095846623,0.5615530692789719,0.43844693072102814,-0.00012106445112301265,0.0,0.0,0.00131917873641909,0.00131917873641909,0.15011025479290702,0.15011025479290702
2014-02-11,0.0109614218154527,0.0109614218154527,0.006274634624163532,114490.6685622014,0.5613704280417433,0.4386295719582567,0.006274935484967065,0.0,0.0,0.00030086080353353205,0.00030086080353353205,0.03423096772540674,0.03423096772540674
2014-02-12,-0.0015806860838428,-0.0015806860838429,-0.001177547065737001,114355.85041138172,0.5608042349731932,0.4391957650268068,-0.001177271252496815,0.0,0.0,0.0002758132401860735,0.0002758132401860735,0.03157804226721059,0.03157804226721059
2014-02-13,0.004220956838862,0.0042209568388618,0.0024716505128412184,114638.49810769742,0.561366253140913,0.43863374685908696,0.002472107994728212,0.0,0.0,0.00045748188699363976,0.00045748188699363976,0.052315730234961305,0.052315730234961305
2014-02-14,0.0075862544395188,0.0075862544395187,0.0040201363507740085,115099.36050113829,0.5506650356296221,0.4493349643703779,0.004196706441877025,10.77127517382724,0.0,0.0826114702939046,0.0826114702939046,9.470454880961885,20.241730054789123
2014-02-18,0.0010826889769801,0.0010826889769801,0.00021189218709138084,115123.74915636769,0.5497546802846424,0.45024531971535764,0.0002124191777147491,0.0,0.0,0.000526990623368266,0.000526990623368266,0.06065628373978365,0.06065628373978365
2014-02-19,-0.0028628622017979,-0.0028628622017978,-0.0019705358126432338,114896.89368576932,0.550375869835891,0.44962413016410896,-0.0017614866607018058,10.349660442400225,0.0,0.11914884450492555,0.11914884450492555,13.716861687056108,24.06652212945633
2014-02-20,0.0043912297275972,0.004391229727597,0.0023145160078496523,115162.82438545724,0.5496446220776553,0.4503553779223447,0.002520703767698331,13.576465692500236,0.0,0.08802559499824841,0.08802559499824841,10.113867430140335,23.69033312264057
2014-02-21,-0.0032313858391179,-0.0032313858391178,-0.002093710323511574,114921.70679115666,0.5491378746767817,0.45086212532321834,-0.002093522013268964,0.0,0.0,0.00018831024260980645,0.00018831024260980645,0.021686339399655984,0.021686339399655984
2014-02-24,0.0082179881839292,0.008217988183929,0.00517777478131219,115516.74550640525,0.5497975210498067,0.4502024789501933,0.005177774881511805,0.0,0.0,1.0019961476703372e-07,1.0019961476703372e-07,1.15151107488439e-05,1.15151107488439e-05
2014-02-25,-0.0006641550406785,-0.0006641550406785,-0.00010395369266108355,115504.73711414568,0.5505787433406357,0.4494212566593643,-0.00010343436074028141,0.0,0.0,0.0005193319208021405,0.0005193319208021405,0.05999153332865347,0.05999153332865347
2014-02-26,-0.0031942088707425,-0.0031942088707425,-0.0020761516082642706,115264.93176842401,0.7655692141430553,0.23443078585694466,-0.0018616967436280104,23.031764524553488,0.0,0.015053826202721707,0.015053826202721707,1.7387882381074087,24.770552762660895
2014-02-27,0.0023043505039079,0.0023043505039079,0.001760256047206468,115467.82756160024,0.7656866000703267,0.23431339992967326,0.0017603771871005703,0.0,0.0,0.00012113989410229137,0.00012113989410229137,0.013963181628134725,0.013963181628134725
2014-02-28,0.0054042177882243,0.0054042177882243,0.004252167727540389,115958.81613152688,0.7658593681850943,0.23414063181490574,0.004252226820305503,0.0,0.0,5.90927651137364e-05,5.90927651137364e-05,0.006823313212291061,0.006823313212291061
2014-03-03,-0.0098183300505747,-0.0098183300505747,-0.008256573005976073,115001.39370045037,0.764287907733354,0.23571209226664602,-0.008255745131377876,0.0,0.0,0.00082787459819716,0.00082787459819716,0.09599935831230617,0.09599935831230617
2014-03-04,0.01613820978524,0.0161382097852399,0.012756297288423042,116468.38566707629,0.6052989826324495,0.3947010173675505,0.012915858596295671,0.0,0.0,0.15956130787262957,0.15956130787262957,18.34977278601904,18.34977278601904
2014-03-05,-0.0044774741430346,-0.0044774741430346,-0.003376776906808335,116075.09791198245,0.6059824639453193,0.3940175360546807,-0.0033754252189425018,0.0,0.0,0.0013516878658332368,0.0013516878658332368,0.15742890365937268,0.15742890365937268
2014-03-06,0.0072610832903805,0.0072610832903806,0.005563750869738306,116720.9108389452,0.6080118223314965,0.39198817766850347,0.005564624088009362,0.0,0.0,0.0008732182710562812,0.0008732182710562812,0.10135889631138986,0.10135889631138986
2014-03-07,0.0008627855131999,0.0008627855131998,-0.00021842609665937291,116695.41594599214,0.6065501372925346,0.3934498627074654,-0.00021770606158931304,0.0,0.0,0.0007200350700598751,0.0007200350700598751,0.08404314921337235,0.08404314921337235
2014-03-10,5.5376382785743417e-05,5.537638278574693e-05,-0.0003865088282312068,116650.31213751489,0.6051410375171828,0.39485896248281716,-0.00038551881261368566,0.0,0.0,0.000990015617521167,0.000990015617521167,0.11553028427966083,0.11553028427966083
2014-03-11,-0.0080472768744792,-0.0080472768744791,-0.005278707545303494,116034.54925467259,0.7646960596190973,0.23530394038090274,-0.00511890133798361,0.0,0.0,0.15980620731988338,0.15980620731988338,18.641443965376812,18.641443965376812
2014-03-12,-0.0018046364903422,-0.0018046364903421,-0.0016824971674210159,115839.32145422862,0.7644749916762354,0.23552500832376455,-0.0016824152717661574,0.0,0.0,8.189565485850674e-05,8.189565485850674e-05,0.009502725397423067,0.009502725397423067
2014-03-13,-0.0105148948372674,-0.0105148948372675,-0.008131652308723942,114897.35636848432,0.7640690962762341,0.2359309037237659,-0.008131340367466135,0.0,0.0,0.00031194125780710405,0.00031194125780710405,0.036135063637953525,0.036135063637953525
2014-03-14,-0.0031024057292474,-0.0031024057292475,-0.0027481142652468512,114581.60530440893,0.7637884379143249,0.23621156208567506,-0.002748016184764263,0.0,0.0,9.808048258790416e-05,9.808048258790416e-05,0.011269188160695347,0.011269188160695347
2014-03-17,0.0075285195253949,0.0075285195253946,0.005902474642869327,115257.92032425746,0.7634793208116051,0.23652067918839492,0.005902935357854177,0.0,0.0,0.0004607149848499402,0.0004607149848499402,0.05278946255190259,0.05278946255190259
2014-03-18,0.0046287019202542,0.0046287019202544,0.0029604386890863376,115599.13433080901,0.7612586455807344,0.23874135441926558,0.0029620901709163966,0.0,0.0,0.001651481830059138,0.001651481830059138,0.19034636118591503,0.19034636118591503
2014-03-19,-0.0056511189162341,-0.0056511189162342,-0.004616683500322511,115065.44971469241,0.6010807804984047,0.39891921950159526,-0.00445666121250613,0.0,0.0,0.16002228781638111,0.16002228781638111,18.498437945209222,18.498437945209222
2014-03-20,0.0027393366677532,0.0027393366677532,4.234361505980122e-05,115070.32200180183,0.5990834437254291,0.4009165562745709,4.2741512126437614e-05,0.0,0.0,0.0003978970666363962,0.0003978970666363962,0.04578420491267386,0.04578420491267386
2014-03-21,0.0001529267811117,0.0001529267811117,-0.0003451273379064764,115030.60808789732,0.5985026649066065,0.40149733509339347,-0.0003449830913241743,0.0,0.0,0.00014424658230207472,0.00014424658230207472,0.01659850067315915,0.01659850067315915
2014-03-24,-0.0004184272204059,-0.0004184272204059,-3.4485123907213163e-05,115026.64124312428,0.7584724925180288,0.24152750748197116,0.00012510900768859866,0.0,0.0,0.15959413159581182,0.15959413159581182,18.35821000472614,18.35821000472614
2014-03-25,0.0057050165507064,0.0057050165507065,0.004387382171835974,115531.30707820052,0.7589125007607024,0.24108749923929762,0.004387761860465644,0.0,0.0,0.0003796886296694369,0.0003796886296694369,0.04367430778907979,0.04367430778907979
2014-03-26,-0.0030985991852626,-0.0030985991852626,-0.0015583299439427374,115351.2711829177,0.7612815961883281,0.23871840381167186,-0.001556758126490048,0.0,0.0,0.0015718174526894273,0.0015718174526894273,0.18159412479753714,0.18159412479753714
2014-03-27,0.0045926475477093,0.0045926475477092,0.00375057465606724,115783.90473716149,0.5850730999921353,0.4149269000078647,0.00396087233222606,22.3697947251292,0.0,0.016370080080087376,0.016370080080087376,1.8883095466042383,24.258104271733437
2014-03-28,0.0079500390679898,0.0079500390679899,0.005861684758302844,116462.59348681608,0.5846313564245693,0.4153686435754307,0.005863328917533875,0.0,0.0,0.0016441592310318088,0.0016441592310318088,0.19036717577851162,0.19036717577851162
2014-03-31,0.002109954981516,0.0021099549815157,0.001356495929087479,116620.57452077193,0.5853078442930629,0.41469215570693707,0.001357049173662948,0.0,0.0,0.000553244575469224,0.000553244575469224,0.06443229809165837,0.06443229809165837
2014-04-01,0.0032892880037003,0.0032892880037003,0.0022989020299609485,116888.67379627292,0.5848108803055583,0.4151891196944417,0.0022997722922842947,0.0,0.0,0.0008702623233462162,0.0008702623233462162,0.10149049213241752,0.10149049213241752
2014-04-02,0.0034042865181818,0.0034042865181815,0.0027257648967787948,117207.28484013784,0.5818335218338744,0.4181664781661256,0.0029188166901289404,11.073509467276239,0.0,0.09831627186945492,0.09831627186945492,11.4920586314144,22.565568098690637
2014-04-03,0.0002991051165708,0.0002991051165711,-0.0003808174795350366,117162.6502573419,0.5817186336812247,0.4182813663187753,-0.00038037812595489664,0.0,0.0,0.00043935358013998056,0.00043935358013998056,0.05149544021300103,0.05149544021300103
2014-04-04,-0.0075685472095553,-0.0075685472095556,-0.004087815789368852,116683.71092569563,0.5838181560013881,0.4161818439986119,-0.004086035412042292,0.0,0.0,0.0017803773265605424,0.0017803773265605424,0.2085937260379142,0.2085937260379142
2014-04-07,-0.0156306767939184,-0.0156306767939182,-0.008535559491441424,115687.7501694072,0.5840295289381612,0.4159704710618388,-0.00853517118933792,0.0,0.0,0.00038830210350413325,0.00038830210350413325,0.04530853039711583,0.04530853039711583
2014-04-08,0.0022013739776358,0.0022013739776356,-0.0010752267579915546,115563.35960485322,0.5783597645657012,0.42164023543429885,-0.0010719093919097976,0.0,0.0,0.003317366081756993,0.003317366081756993,0.3837786184867683,0.3837786184867683
2014-04-09,0.0085035480121247,0.0085035480121249,0.005511742011207332,116200.31502894357,0.5805569460270179,0.4194430539729821,0.005513348972686186,0.0,0.0,0.0016069614788547374,0.0016069614788547374,0.18570586725203675,0.18570586725203675
2014-04-10,-0.0211276443411061,-0.021127644341106,-0.013188083084470285,114667.85561990025,0.5572503179404571,0.4427496820595429,-0.012815070500928952,22.74811343699461,0.0,0.17724621723390555,0.17724621723390555,20.596066280268392,43.344179717263
2014-04-11,-0.0058131437984916,-0.0058131437984916,-0.005452554910814566,114042.62284062739,0.5571283496145755,0.44287165038542453,-0.0054504528740348685,0.0,0.0,0.002102036779697519,0.002102036779697519,0.24103604996207517,0.24103604996207517
2014-04-14,0.0057523165513755,0.0057523165513757,0.005546697726134306,114675.18279741988,0.5584332505061861,0.4415667494938139,0.005547722368713218,0.0,0.0,0.0010246425789115045,0.0010246425789115045,0.1168529271732525,0.1168529271732525
2014-04-15,0.0019523994822401,0.0019523994822399,0.0018073780011349148,114882.44420008406,0.5592123192270371,0.44078768077296293,0.0018074413107817832,0.0,0.0,6.330964686858935e-05,6.330964686858935e-05,0.007260045327495584,0.007260045327495584
2014-04-16,0.007544435266791,0.0075444352667908,0.007092630126942923,115697.26288487444,0.5563656814065263,0.4436343185934737,0.007655754637851588,21.13301997942131,0.0,0.37917107810551987,0.37917107810551987,43.5601002227431,64.69312020216441
2014-04-17,0.0016371105944086,0.0016371105944085,0.0010275660357904161,115816.14946264884,0.5577654663051919,0.44223453369480814,0.001028847997731957,0.0,0.0,0.001281961941540868,0.001281961941540868,0.14831948775885784,0.14831948775885784
2014-04-21,0.0013959348557635,0.0013959348557636,0.0006387716727179429,115890.12953816884,0.5580696022259576,0.4419303977740424,0.0006392150035838058,0.0,0.0,0.0004433308658629787,0.0004433308658629787,0.051344873822192265,0.051344873822192265
2014-04-22,0.0051275218315884,0.0051275218315884,0.001602822154905373,116075.88080532747,0.5551132417400386,0.4448867582599614,0.0016045279416083153,0.0,0.0,0.001705786702942188,0.001705786702942188,0.1976838419684561,0.1976838419684561
2014-04-23,-0.0017981635926891,-0.0017981635926892,-0.000541722892804379,116012.9998433928,0.556234494003351,0.443765505996649,-0.000541059588839301,0.0,0.0,0.0006633039650780756,0.0006633039650780756,0.07699359198810381,0.07699359198810381
2014-04-24,0.0024632253235588,0.0024632253235588,0.000752608904505362,116100.3122601133,0.5549201245240071,0.4450798754759929,0.0007533079667004248,0.0,0.0,0.0006990621950628395,0.0006990621950628395,0.08110030232634703,0.08110030232634703
2014-04-25,-0.0130265678568415,-0.0130265678568414,-0.006597791394808815,115334.30661894892,0.5535278266724858,0.4464721733275142,-0.00659575779614769,0.0,0.0,0.0020335986611254245,0.0020335986611254245,0.23610143956841012,0.23610143956841012
2014-04-28,-0.0016733635218306,-0.0016733635218306,-0.0001909616133863956,115312.28219367817,0.554726079748787,0.44527392025121304,-0.0001905003464828612,0.0,0.0,0.0004612669035343899,0.0004612669035343899,0.05319989848540846,0.05319989848540846
2014-04-29,0.0052097443817773,0.0052097443817773,0.0026508308550395893,115617.95554928223,0.5539064481557343,0.4460935518442657,0.002651413155146767,0.0,0.0,0.0005823001071778372,0.0005823001071778372,0.06714635428029982,0.06714635428029982
2014-04-30,0.0022801546050683,0.0022801546050684,0.0007505554364664072,115704.73323437286,0.5531004718189041,0.4468995281810959,0.0007508504360068003,0.0,0.0,0.00029499954039310743,0.00029499954039310743,0.03410724374822898,0.03410724374822898
2014-05-01,0.0051148100478821,0.0051148100478821,0.003638241033032299,116125.6949425422,0.5544751866747302,0.44552481332526983,0.003638810062603459,0.0,0.0,0.0005690295711598668,0.0005690295711598668,0.06583941473352198,0.06583941473352198
2014-05-02,0.0010458929488328,0.0010458929488328,0.00028530699453660756,116158.82641555472,0.5562045549041055,0.4437954450958945,0.00028732865010266153,0.0,0.0,0.0020216555660539865,0.0020216555660539865,0.23476615754247773,0.23476615754247773
2014-05-05,-0.0007914504804252,-0.0007914504804253,-0.0006431215094833223,116084.12217577055,0.553777074997272,0.446222925002728,-0.0006408948750485891,0.0,0.0,0.00222663443473315,0.00222663443473315,0.2586432427950648,0.2586432427950648
2014-05-06,-0.0119020476609309,-0.0119020476609309,-0.005681533400981075,115424.58635830534,0.5552258578139893,0.44477414218601075,-0.005681005655883453,0.0,0.0,0.0005277450976220313,0.0005277450976220313,0.061262826390019835,0.061262826390019835
2014-05-07,0.0010979808727495,0.0010979808727497,2.494907387875666e-05,115427.46609483783,0.5547352045133155,0.4452647954866845,2.5042364426416095e-05,0.0,0.0,9.329054765943464e-05,9.329054765943464e-05,0.010768022874730014,0.010768022874730014
2014-05-08,0.0011518088464534,0.0011518088464533,-0.00013231512210161575,115412.1932955676,0.7894296473384692,0.2105703526615308,0.00032694347168479236,38.482159943370675,0.0,0.12587035227590954,0.12587035227590954,14.528895819672842,53.01105576304352
2014-05-09,0.0028291539677343,0.0028291539677343,0.0021329544406048346,115658.36224575732,0.7894231922603889,0.21057680773961107,0.002133048072312529,0.0,0.0,9.363170769464564e-05,9.363170769464564e-05,0.010806240747048527,0.010806240747048527
2014-05-12,0.0114195730919863,0.0114195730919863,0.009071182727463087,116707.52038364769,0.7852610621048948,0.21473893789510523,0.009075404703067643,0.0,0.0,0.00422197560455528,0.00422197560455528,0.4883067838644049,0.4883067838644049
2014-05-13,0.0018461856892177,0.0018461856892178,0.0022816932070926226,116973.81114012368,0.7900647688666184,0.20993523113338164,0.002285662529488491,0.0,0.0,0.003969322395868746,0.003969322395868746,0.46324977442512094,0.46324977442512094
2014-05-14,-0.0046188494361881,-0.0046188494361881,-0.002651912982176255,116663.60677178655,0.7914227767268232,0.20857722327317685,-0.0026515572365902315,0.0,0.0,0.0003557455860234332,0.0003557455860234332,0.0416129169934377,0.0416129169934377
2014-05-15,-0.0084376377814293,-0.0084376377814294,-0.0067206542829161085,115879.5510032753,0.7921287817935904,0.20787121820640964,-0.0067199057520016345,0.0,0.0,0.000748530914473994,0.000748530914473994,0.08732631626271983,0.08732631626271983
2014-05-16,0.0056254748632429,0.005625474863243,0.00449982539425524,116400.98874955472,0.7888845526623058,0.21111544733769416,0.004765597596128111,15.64835198204582,0.0,0.13073239677728937,0.13073239677728937,15.149211440134327,30.797563422180147
2014-05-19,0.0009263379408048,0.0009263379408049,0.0009263379408049397,116508.81540178062,0.78907993592014,0.21092006407985997,0.0009263379408049397,0.0,0.0,0.0,0.0,0.0,0.0
2014-05-20,-0.0069914616271519,-0.0069914616271519,-0.006991461627151916,115694.24848967414,0.7875949139113393,0.2124050860886607,-0.006991461627151916,0.0,0.0,0.0,0.0,0.0,0.0
2014-05-21,0.0098250351350883,0.0098250351350885,0.009825035135088537,116830.94854601286,0.7896614970926656,0.21033850290733436,0.009825035135088537,0.0,0.0,0.0,0.0,0.0,0.0
2014-05-22,0.0055281204461552,0.0055281204461551,0.00546643436109074,117469.59725758362,0.8005405612463024,0.19945943875369765,0.005729266299415015,15.953576088442748,0.0,0.12627928436581112,0.12627928436581112,14.753328574169405,30.706904662612153
2014-05-23,0.0069136265616098,0.0069136265616098,0.005211818949580447,118081.82753057026,0.6104098150024335,0.3895901849975665,0.0054082846814807115,22.777492800622923,0.0,0.002564558044384161,0.002564558044384161,0.3012576006175037,23.078750401240427
2014-05-27,0.0038760115775777,0.003876011577578,0.0023088392262796934,118354.45948588364,0.6095172541355648,0.3904827458644352,0.002309675724660052,0.0,0.0,0.0008364983803589845,0.0008364983803589845,0.09877525747915097,0.09877525747915097
2014-05-28,0.0009880690530121,0.0009880690530121,0.001454916839315438,118526.65538199771,0.6131451865007655,0.38685481349923445,0.0014576901710501126,0.0,0.0,0.0027733317346746345,0.0027733317346746345,0.32823617843246444,0.32823617843246444
2014-05-29,0.0026949935392104,0.0026949935392104,0.001972167661407965,118760.40981875693,0.6128834701851742,0.3871165298148258,0.0019727488432929857,0.0,0.0,0.0005811818850210658,0.0005811818850210658,0.06888554500015168,0.06888554500015168
2014-05-30,0.0003127937718052,0.0003127937718052,0.00044974867332403415,118813.82215551632,0.6191460149720267,0.3808539850279733,0.0006846060632171137,12.33770221678695,0.0,0.13097005710586687,0.13097005710586687,15.554057655878749,27.8917598726657
2014-06-02,0.0024088267961317,0.0024088267961316,0.001974396285621331,119048.40772466066,0.6212181164721989,0.37878188352780107,0.0019759849820899893,0.0,0.0,0.0015886964686582954,0.0015886964686582954,0.1887590996862635,0.1887590996862635
2014-06-03,0.0002745040837799,0.00027450408378,0.0010190278573410027,119169.72136850416,0.6230123528752811,0.3769876471247189,0.0010199728808854868,0.0,0.0,0.0009450235444841094,0.0009450235444841094,0.11250354823314825,0.11250354823314825
2014-06-04,0.0019410308884988,0.0019410308884987,0.00019305184808263696,119192.72730344985,0.6194166118981133,0.38058338810188674,0.00019563590245636072,0.0,0.0,0.0025840543737237626,0.0025840543737237626,0.3079410397177253,0.3079410397177253
2014-06-05,0.0097147169932436,0.0097147169932435,0.005852912420333063,119890.35189749759,0.6219806719112289,0.37801932808877114,0.005855636743774062,0.0,0.0,0.0027243234409992266,0.0027243234409992266,0.32471954098941697,0.32471954098941697
2014-06-06,0.0043052885627528,0.0043052885627526,0.0017318945773171293,120097.9893478215,0.6204177256665901,0.37958227433340985,0.0017325162858744597,0.0,0.0,0.0006217085573303138,0.0006217085573303138,0.07453685771601688,0.07453685771601688
2014-06-09,0.0039846612276766,0.0039846612276769,0.0030490540461516843,120464.17460817716,0.6225166248444982,0.3774833751555018,0.0030505768186370763,0.0,0.0,0.0015227724853919076,0.0015227724853919076,0.182881913729753,0.182881913729753
2014-06-10,-0.0006219199176367,-0.0006219199176369,0.000113369784583049,120477.83160570245,0.622757852768643,0.37724214723135696,0.00011362965344246796,0.0,0.0,0.0002598688594189597,0.0002598688594189597,0.03130488765627341,0.03130488765627341
2014-06-11,-0.0036338643281917,-0.0036338643281918,-0.002322083828453357,120198.07198124373,0.6228821963584776,0.37711780364152236,-0.002321900387269893,0.0,0.0,0.0001834411834644673,0.0001834411834644673,0.022100596010982864,0.022100596010982864
2014-06-12,-0.0093313668861234,-0.0093313668861233,-0.005159554295409154,119577.903502653,0.6237402977893358,0.3762597022106642,-0.0051593553316027505,0.0,0.0,0.00019896380640332072,0.00019896380640332072,0.023915065923728586,0.023915065923728586
2014-06-13,0.0037723357639469,0.0037723357639468,0.0034768676641256146,119993.66004868533,0.6252809044312632,0.37471909556873684,0.0034772881658463152,0.0,0.0,0.00042050172070052974,0.00042050172070052974,0.05028271418062749,0.05028271418062749
2014-06-16,0.0019371355236714,0.0019371355236717,0.0008322434818403297,120093.52399012301,0.6213688499993676,0.3786311500006324,0.0008357807891450954,0.0,0.0,0.0035373073047657226,0.0035373073047657226,0.4244544502157895,0.4244544502157895
2014-06-17,0.0035891030374659,0.0035891030374657,0.0017908377254660039,120308.59200346869,0.6195246864539927,0.3804753135460073,0.001792245543816141,0.0,0.0,0.001407818350137244,0.001407818350137244,0.16906986680594252,0.16906986680594252
2014-06-18,0.0074063775760258,0.0074063775760257,0.004610587270098353,120863.28526624333,0.6190219764387971,0.3809780235612029,0.0046111124921276525,0.0,0.0,0.0005252220292996354,0.0005252220292996354,0.06318872283424372,0.06318872283424372
2014-06-19,-0.0031391706314329,-0.003139170631433,-0.002544387908762533,120555.76218459859,0.618333537584115,0.381666462415885,-0.0025443024496049644,0.0,0.0,8.545915756869974e-05,8.545915756869974e-05,0.010328874539838596,0.010328874539838596
2014-06-20,-0.0020652712360382,-0.0020652712360381,-0.0013341437719343564,120394.9234653092,0.6185076710110203,0.38149232898897967,-0.0013339126346137856,0.0,0.0,0.00023113732057071244,0.00023113732057071244,0.027864935850708136,0.027864935850708136
2014-06-23,-0.0022588939736275,-0.0022588939736275,-0.0024085537405396907,120104.94582205484,0.6167139782932491,0.38328602170675086,-0.0024077729656107297,0.0,0.0,0.0007807749289608806,0.0007807749289608806,0.09400133781587745,0.09400133781587745
2014-06-24,-0.0042934184646454,-0.0042934184646454,-0.0025476627533436978,119798.95892509163,0.6186623470260731,0.38133765297392686,-0.002545816818766612,0.0,0.0,0.0018459345770858128,0.0018459345770858128,0.22170587237194928,0.22170587237194928
2014-06-25,0.0071361740046469,0.0071361740046468,0.003899049688729768,120266.06101859864,0.6160063316507253,0.38399366834927473,0.003901195657386138,0.0,0.0,0.0021459686563696854,0.0021459686563696854,0.257084810918966,0.257084810918966
2014-06-26,0.0020904227615783,0.0020904227615781,0.0020439385509094824,120511.87745708058,0.6173054727094789,0.3826945272905211,0.0020444825017901422,0.0,0.0,0.0005439508806599406,0.0005439508806599406,0.06541882980456888,0.06541882980456888
2014-06-27,0.0032340933011865,0.0032340933011866,0.0018894996603601275,120739.58460860512,0.6173674851586903,0.38263251484130967,0.0018896680840753764,0.0,0.0,0.00016842371524895312,0.00016842371524895312,0.020297058132948072,0.020297058132948072
2014-06-30,-0.0005799267232607,-0.0005799267232607,-0.0008770369789799472,120633.6915280767,0.6120311557060379,0.38796884429396206,-0.0006520696950640155,15.709519935305037,0.0,0.09485651712615248,0.09485651712615248,11.452936475230686,27.16245641053572
2014-07-01,0.0078687026895984,0.0078687026895985,0.005817034665567222,121335.42189353087,0.611276819914969,0.38872318008503104,0.005818784064366664,0.0,0.0,0.0017493987994430093,0.0017493987994430093,0.2110364351315957,0.2110364351315957
2014-07-02,0.0036248590678569,0.0036248590678571,0.003690291026580798,121783.18491215096,0.614716269822582,0.385283730177418,0.0036922593421246644,0.0,0.0,0.001968315543866265,0.001968315543866265,0.23882639693460792,0.23882639693460792
2014-07-03,0.006534707677696,0.006534707677696,0.005142014683873764,122409.39583721817,0.6149721570264839,0.3850278429735161,0.0051428773733436135,0.0,0.0,0.0008626894698491917,0.0008626894698491917,0.1050610712284096,0.1050610712284096
2014-07-07,-0.0065831658087309,-0.0065831658087308,-0.00465702749721474,121839.3319148868,0.6013547923808731,0.3986452076191269,-0.00445592193503445,11.46228303682939,0.0,0.10746664697747331,0.10746664697747331,13.154927329164115,24.617210365993508
2014-07-08,-0.0090929929375177,-0.0090929929375179,-0.005059532953792418,121222.88179999539,0.6020308734962221,0.3979691265037779,-0.0050592694698303005,0.0,0.0,0.00026348396211718677,0.00026348396211718677,0.03210270991464538,0.03210270991464538
2014-07-09,0.0045815023716058,0.004581502371606,0.0017743577851339885,121437.97456405358,0.6007736946164853,0.39922630538351467,0.0017746358796958425,0.0,0.0,0.0002780945618541336,0.0002780945618541336,0.03371142420086514,0.03371142420086514
2014-07-10,-0.0083769012604656,-0.0083769012604657,-0.004789717509671318,120856.32097094512,0.60130309207208,0.39869690792792,-0.004789433355156151,0.0,0.0,0.00028415451516662887,0.00028415451516662887,0.034507148785066055,0.034507148785066055
2014-07-11,0.0022693701865785,0.0022693701865786,0.0015711571318009253,121046.20524156184,0.6018800167798671,0.39811998322013287,0.0015715275768209847,0.0,0.0,0.00037044502005943535,0.00037044502005943535,0.04477062224639133,0.04477062224639133
2014-07-14,0.0056829231907935,0.0056829231907935,0.0042093244968855435,121555.72799854017,0.6031083547142021,0.3968916452857979,0.004409790229691627,24.21196324220242,0.0,0.00044324392355568913,0.00044324392355568913,0.05365299494279709,24.265616237145217
2014-07-15,-0.0021956870407837,-0.0021956870407837,-0.0012220427301103526,121407.18170483629,0.6011953625405559,0.39880463745944406,-0.000992694241570117,16.062941478955686,0.0,0.09720381923145081,0.09720381923145081,11.815681010917505,27.87862248987319
2014-07-16,0.0002914894490038,0.0002914894490038,0.00041368550855124556,121457.40609654163,0.6034054596038599,0.39659454039614006,0.0004156552625144833,0.0,0.0,0.0019697539632377837,0.0019697539632377837,0.23914227732863105,0.23914227732863105
2014-07-17,-0.01046032869889,-0.0104603286988899,-0.007975113809814863,120488.76945987681,0.6044457921609812,0.39555420783901885,-0.007972395347568183,0.0,0.0,0.0027184622466805714,0.0027184622466805714,0.3301773730531991,0.3301773730531991
2014-07-18,0.0086026576653501,0.0086026576653501,0.0062577483382111766,121242.75785673746,0.6033719949525953,0.3966280050474047,0.006259873126998575,0.0,0.0,0.002124788787398642,0.002124788787398642,0.25601318635580617,0.25601318635580617
2014-07-21,-0.002581812959879,-0.0025818129598789,-0.0018881277965358797,121013.8360354995,0.5867203577251817,0.4132796422748183,-0.0016431224273073903,11.528693039811563,0.0,0.14991768528258245,0.14991768528258245,18.176433615158718,29.70512665497028
2014-07-22,0.0095185434126716,0.0095185434126717,0.00701838482457109,121863.15770589418,0.5892435138309471,0.4107564861690529,0.007019486745219146,0.0,0.0,0.0011019206480555835,0.0011019206480555835,0.13334764462792972,0.13334764462792972
2014-07-23,0.003594699774482,0.0035946997744819,0.00320036037748318,122253.16372729112,0.5914885193066792,0.40851148069332077,0.0032015258910434966,0.0,0.0,0.0011655135603165865,0.0011655135603165865,0.1420331628092184,0.1420331628092184
2014-07-24,0.0029453948340398,0.0029453948340398,0.002913466453333048,122609.34421862439,0.5935810519246913,0.40641894807530865,0.002914390205494644,0.0,0.0,0.0009237521615957262,0.0009237521615957262,0.11293162425500139,0.11293162425500139
2014-07-25,-0.0064628057804216,-0.0064628057804217,-0.002912735166520486,122252.2156699748,0.59830023464741,0.40169976535259,-0.0029089492652025497,0.0,0.0,0.00378590131793601,0.00378590131793601,0.46418687786856,0.46418687786856
2014-07-28,0.0024080101726688,0.0024080101726687,0.003589407098187254,122691.02864066971,0.5910732549727666,0.40892674502723336,0.003966853781965285,45.276841431678136,0.0,0.007090685045828441,0.007090685045828441,0.8668519574704837,46.14369338914862
2014-07-29,-0.0042677938955852,-0.0042677938955848,-0.0024325697324370514,122392.57415795686,0.3589089218234006,0.6410910781765994,-0.002201039232425834,27.387399379317063,0.0,0.008307989916142483,0.008307989916142483,1.0193158287478326,28.406715208064895
2014-07-30,0.0028598128556074,0.0028598128556074,0.0013197926730854834,122554.10698057059,0.35637719113435534,0.6436228088656446,0.0013226197665102675,0.0,0.0,0.0028270934247840614,0.0028270934247840614,0.3460152416443555,0.3460152416443555
2014-07-31,-0.0159537214781479,-0.0159537214781479,-0.007321377200806503,121656.84213585783,0.3536204307658992,0.6463795692341008,-0.007320281682668037,0.0,0.0,0.0010955181384652989,0.0010955181384652989,0.1342602471406318,0.1342602471406318
2014-08-01,-0.0033868525898134,-0.0033868525898134,-0.001549852219338054,121468.29200907591,0.3526554841596039,0.6473445158403961,-0.0015492400473027805,0.0,0.0,0.0006121720352734767,0.0006121720352734767,0.07447491665525215,0.07447491665525215
2014-08-04,0.0056025299157635,0.0056025299157635,0.0024707360005221707,121768.40809106469,0.3342955676160035,0.6657044323839965,0.0026501682147988194,8.388160894990962,0.0,0.11037583127947782,0.11037583127947782,13.407163704600109,21.795324599591073
2014-08-05,-0.0054328259980859,-0.0054328259980859,-0.0018656643721264431,121541.22911043862,0.33487831723042805,0.665121682769572,-0.0018650324927566386,0.0,0.0,0.0006318793698044937,0.0006318793698044937,0.07694294496667838,0.07694294496667838
2014-08-06,0.0006142085000941,0.0006142085000942,0.00021036935792885996,121566.7976607685,0.3357644977231738,0.6642355022768263,0.00021124997696946753,0.0,0.0,0.0008806190406075714,0.0008806190406075714,0.10703152057349949,0.10703152057349949
2014-08-07,-0.003569074369885,-0.003569074369885,-0.001230997658367254,121417.1492175129,0.3359594217725991,0.6640405782274009,-0.001230770216505975,0.0,0.0,0.00022744186127896193,0.00022744186127896193,0.027649378729688142,0.027649378729688142
2014-08-08,0.0114700024409666,0.0114700024409665,0.003956396935920291,121897.52365464524,0.33769517016620654,0.6623048298337935,0.003958029296266584,0.0,0.0,0.0016323603462933191,0.0016323603462933191,0.19819653974264695,0.19819653974264695
2014-08-11,0.0056178701948772,0.0056178701948771,0.001947967399940914,122134.97605685801,0.33770134247952727,0.6622986575204728,0.001948011827559871,0.0,0.0,4.4427618956901364e-05,4.4427618956901364e-05,0.005415616732718449,0.005415616732718449
2014-08-12,-0.0032702913805405,-0.0032702913805404,-0.001133929598858102,121996.48359245132,0.33776809455942886,0.6622319054405712,-0.0011338332986380421,0.0,0.0,9.630022005995538e-05,9.630022005995538e-05,0.011761625071292806,0.011761625071292806
2014-08-13,0.0065628866116866,0.0065628866116866,0.00227580271937188,122274.12352156483,0.3380727226926744,0.6619272773073256,0.0022760484195288623,0.0,0.0,0.00024570015698203995,0.00024570015698203995,0.029974555169922153,0.029974555169922153
2014-08-14,0.0041054164959675,0.0041054164959675,0.0014240514431873527,122448.24816363018,0.3388765808474911,0.6611234191525088,0.0014248185629382598,0.0,0.0,0.0007671197509071191,0.0007671197509071191,0.09379889517824913,0.09379889517824913
2014-08-15,-0.0024601679384878,-0.0024601679384879,-0.0008565406755848204,122343.36625842392,0.3380724971468537,0.6619275028531463,-0.0008557587117150916,0.0,0.0,0.0007819638697288739,0.0007819638697288739,0.09575010597555372,0.09575010597555372
2014-08-18,0.0126225424420649,0.0126225424420648,0.0043802737328253755,122879.26369203112,0.33789386143689587,0.6621061385631042,0.004380564186847064,0.0,0.0,0.00029045402168831076,0.00029045402168831076,0.03553512275664521,0.03553512275664521
2014-08-19,0.0036271868738193,0.0036271868738194,0.0012573141782022375,123033.76153247817,0.3383201251161196,0.6616798748838804,0.001257708453634126,0.0,0.0,0.00039427543188852616,0.00039427543188852616,0.048448274762319665,0.048448274762319665
2014-08-20,0.0017945098088874,0.0017945098088874,0.0006214086600595336,123110.21577737413,0.3398903535291271,0.6601096464708729,0.0006229630725648426,0.0,0.0,0.0015544125053090926,0.0015544125053090926,0.19124521750130083,0.19124521750130083
2014-08-21,0.0027100889106699,0.00271008891067,0.0009444430030659537,123226.48635927103,0.3392291108684553,0.6607708891315447,0.0009451281759715628,0.0,0.0,0.0006851729056090534,0.0006851729056090534,0.08435178425434096,0.08435178425434096
2014-08-22,-0.0009503127052286,-0.0009503127052285,-0.00033557017946054125,123185.13522512915,0.3440427712447849,0.6559572287552151,-0.00033074813671566625,0.0,0.0,0.004822042744874978,0.004822042744874978,0.5942033845251583,0.5942033845251583
2014-08-25,0.0048131647966356,0.0048131647966356,0.001698637956571147,123394.38217150788,0.3437303164106944,0.6562696835893056,0.0016989932638580858,0.0,0.0,0.0003553072869387367,0.0003553072869387367,0.043768576188022046,0.043768576188022046
2014-08-26,0.0033690944324784,0.0033690944324783,0.0011872989613073354,123540.88819329128,0.3430345799887883,0.6569654200112117,0.0011880245617809189,0.0,0.0,0.0007256004735834656,0.0007256004735834656,0.08953502214118526,0.08953502214118526
2014-08-27,-0.0013084041797295,-0.0013084041797296,-0.00046051603406518265,123483.99563341562,0.3429082046461015,0.6570917953538985,-0.00046040124725398377,0.0,0.0,0.00011478681119887521,0.00011478681119887521,0.014180864608384679,0.014180864608384679
2014-08-28,-0.00315640961883,-0.00315640961883,-0.0011106011522495703,123346.85416558075,0.3425847269113311,0.6574152730886689,-0.0011103057099605905,0.0,0.0,0.0002954422889797542,0.0002954422889797542,0.03648239432230228,0.03648239432230228
2014-08-29,0.0029083271951368,0.0029083271951369,0.0010219674266507522,123472.91063271782,0.3428012157159342,0.6571987842840659,0.0010221581805980573,0.0,0.0,0.00019075394730517467,0.00019075394730517467,0.023528899319760255,0.023528899319760255
2014-09-02,0.0039310724423622,0.0039310724423622,0.0013819581818338652,123643.54503180155,0.34241348319607234,0.6575865168039277,0.0013823805822416805,0.0,0.0,0.0004224004078154279,0.0004224004078154279,0.05215500780541789,0.05215500780541789
2014-09-03,-0.0035918728562045,-0.0035918728562045,-0.001262638997302977,123487.42787007963,0.3412859098463424,0.6587140901536577,-0.001261543175480285,0.0,0.0,0.0010958218226919739,0.0010958218226919739,0.13549129488084594,0.13549129488084594
2014-09-04,-0.0005823104031306,-0.0005823104031305,-0.00020386741250528643,123462.25280768282,0.3412828056620572,0.6587171943379428,-0.0002038653826530611,0.0,0.0,2.0298522253279865e-06,2.0298522253279865e-06,0.00025066123026211033,0.00025066123026211033
2014-09-05,0.0028013268435436,0.0028013268435435,0.0009796918136938616,123583.20776605871,0.3402560532391923,0.6597439467608077,0.0009807431956322947,0.0,0.0,0.001051381938433037,0.001051381938433037,0.1298059826802512,0.1298059826802512
2014-09-08,-0.0002895453597646,-0.0002895453597645,-0.00010264486311022941,123570.52258461485,0.3418409497005505,0.6581590502994494,-0.00010105742804713093,0.0,0.0,0.0015874350630984693,0.0015874350630984693,0.19618031721802465,0.19618031721802465
2014-09-09,-0.0091664300885618,-0.0091664300885617,-0.0032160241932390763,123173.11679441154,0.33993846371769104,0.660061536282309,-0.0032142031962487812,0.0,0.0,0.001820996990295092,0.001820996990295092,0.22502154971577537,0.22502154971577537
2014-09-10,0.0041329903170457,0.0041329903170455,0.001441476094353394,123350.66789773767,0.3399423210116962,0.6600576789883038,0.0014415086328897276,0.0,0.0,3.2538536333600774e-05,3.2538536333600774e-05,0.004007872936137811,0.004007872936137811
2014-09-11,0.0032128437128116,0.0032128437128117,0.0011197212060615335,123488.78625636463,0.3392200261368631,0.6607799738631369,0.001120471700487323,0.0,0.0,0.0007504944257894485,0.0007504944257894485,0.09257398867465759,0.09257398867465759
2014-09-12,-0.0056073526470297,-0.0056073526470297,-0.0019516734182073172,123247.7764747814,0.3387313580927133,0.6612686419072866,-0.0019512341349042462,0.0,0.0,0.0004392833030709188,0.0004392833030709188,0.05424656191891454,0.05424656191891454
2014-09-15,-0.0056504056317862,-0.0056504056317861,-0.0021079744685473553,122987.97330866734,0.3475691431851487,0.6524308568148514,-0.0018288817468842798,16.612233619249732,0.0,0.14430543304494056,0.14430543304494056,17.78532375601937,34.3975573752691
2014-09-16,0.0016851586204731,0.0016851586204731,0.0008523770447282728,123092.80543389327,0.3349139240717748,0.6650860759282252,0.0012395799200000672,16.74150373852871,0.0,0.2510797789385298,0.2510797789385298,30.879793150437997,47.62129688896671
2014-09-17,0.0019992685954537,0.0019992685954538,0.0006787510116662128,123176.35480011035,0.33465612978655357,0.6653438702134464,0.00067901822245719,0.0,0.0,0.00026721079097719616,0.00026721079097719616,0.03289172590359273,0.03289172590359273
2014-09-18,0.0056893014226369,0.0056893014226368,0.0019300460700917598,123414.09083962053,0.33399413782260123,0.6660058621773988,0.0019307346856762971,0.0,0.0,0.0006886155845373975,0.0006886155845373975,0.08482115756186386,0.08482115756186386
2014-09-19,-0.0099814674188395,-0.0099814674188395,-0.0033813152106985872,122996.78889704999,0.33489755105054797,0.665102448949452,-0.0033803647144028904,0.0,0.0,0.0009504962956966877,0.0009504962956966877,0.11730463617983383,0.11730463617983383
2014-09-22,-0.0142275868684834,-0.0142275868684832,-0.005075897960109564,122372.46974718742,0.34836845466842936,0.6516315453315706,-0.004700160721741618,28.10492472880848,0.0,0.14723594999420936,0.14723594999420936,18.109549059494377,46.21447378830286
2014-09-23,-0.0057859370045538,-0.0057859370045537,-0.0035517849175489323,121937.82905481616,0.3348484625186793,0.6651515374813207,-0.003169555133805321,16.459197620931942,0.0,0.24772896297129646,0.24772896297129646,30.31520502670709,46.77440264763903
2014-09-24,0.0094073302419981,0.0094073302419978,0.0031799400737363664,122325.58404393199,0.33562718271584746,0.6643728172841525,0.0031806884213055097,0.0,0.0,0.0007483475691433756,0.0007483475691433756,0.09125187795979214,0.09125187795979214
2014-09-25,-0.0162774764119753,-0.0162774764119751,-0.005516812413814674,121650.7367433513,0.3365513925267155,0.6634486074732845,-0.005515834661353094,0.0,0.0,0.00097775246158006,0.00097775246158006,0.119604140913173,0.119604140913173
2014-09-26,0.0091624380821129,0.0091624380821128,0.0031121170824071546,122029.32807925768,0.33484066372877586,0.6651593362712241,0.0031138577632392004,0.0,0.0,0.0017406808320458496,0.0017406808320458496,0.21175510565340736,0.21175510565340736
2014-09-29,-0.0016478509616969,-0.0016478509616968,-0.0005573181173220453,121961.31892387447,0.3346436586512157,0.6653563413487843,-0.0005571264800601648,0.0,0.0,0.00019163726188047562,0.00019163726188047562,0.02338536630222318,0.02338536630222318
2014-09-30,-0.0131361409695301,-0.0131361409695302,-0.004438942713935605,121419.93961585536,0.3343499038718163,0.6656500961281837,-0.004438692294434361,0.0,0.0,0.0002504195012439614,0.0002504195012439614,0.030541492655972356,0.030541492655972356
2014-10-01,-0.0140708552399921,-0.0140708552399922,-0.004841395253248755,120832.09769654939,0.33982769509510197,0.660172304904898,-0.004684876912437251,10.201819260934151,0.0,0.07249738598966582,0.07249738598966582,8.802628229172582,19.00444749010673
2014-10-02,0.0065956506124886,0.0065956506124885,0.0028294612036445198,121173.98742913676,0.33893698992840954,0.6610630100715904,0.0028309375986589735,0.0,0.0,0.0014763950144537391,0.0014763950144537391,0.17839590662517266,0.17839590662517266
2014-10-03,0.0070067183852056,0.0070067183852057,0.002994316269985966,121536.82067119489,0.33953847245737,0.66046152754263,0.002994329970971578,0.0,0.0,1.3700985611611773e-05,1.3700985611611773e-05,0.0016602030582682286,0.0016602030582682286
2014-10-06,-0.0061892490493222,-0.0061892490493221,-0.002645398262473427,121215.30737696476,0.3395132722741913,0.6604867277258086,-0.002644876690022442,0.0,0.0,0.0005215724509848052,0.0005215724509848052,0.06339025744237585,0.06339025744237585
2014-10-07,-0.0133404192347881,-0.0133404192347881,-0.005844134318091699,120506.90883924499,0.4965852144572147,0.5034147855427853,-0.005456939221701848,41.737689407209565,0.0,0.04286820970869519,0.04286820970869519,5.196283216539673,46.933972623749234
2014-10-08,0.0137455956961562,0.0137455956961564,0.004649023764184897,121067.14832218712,0.49310886479762617,0.5068911352023738,0.004650354106513514,0.0,0.0,0.0013303423286165,0.0013303423286165,0.16031544171957748,0.16031544171957748
2014-10-09,-0.0229622890904146,-0.0229622890904146,-0.010002860220873173,119856.13056018057,0.49687179757014766,0.5031282024298523,-0.010000450825907692,0.0,0.0,0.0024093949654798506,0.0024093949654798506,0.29169857765248,0.29169857765248
2014-10-10,-0.0096973140975845,-0.0096973140975846,-0.004078200880319476,119367.33318301836,0.4981211781186897,0.5018788218813103,-0.004077699374661259,0.0,0.0,0.000501505658216918,0.000501505658216918,0.060108527647916216,0.060108527647916216
2014-10-13,-0.0063581452860906,-0.0063581452860905,-0.002398911060366234,119080.9815671992,0.5076225582565107,0.4923774417434893,-0.0023901915869384946,0.0,0.0,0.008719473427739323,0.008719473427739323,1.040820289829435,1.040820289829435
2014-10-14,0.0053746770546072,0.0053746770546069,0.00021843471859665258,119106.99298789805,0.5018860971280348,0.4981139028719652,0.00022167795066057206,0.0,0.0,0.0032432320639194795,0.0032432320639194795,0.38620725762174496,0.38620725762174496
2014-10-15,0.001966659173896,0.001966659173896,-0.0007811345932328708,119013.95439537925,0.4981274822498398,0.5018725177501602,-0.0007791386892895023,0.0,0.0,0.001995903943368475,0.001995903943368475,0.23772611698730706,0.23772611698730706
2014-10-16,0.0088021664890003,0.0088021664890003,0.004395026497741251,119537.02387854792,0.34136354873315533,0.6586364512668447,0.004629022182206231,23.369294336674134,0.0,0.037638085430514154,0.037638085430514154,4.479457382956599,27.848751719630734
2014-10-17,0.0002883171411542,0.0002883171411541,0.00012165680909643689,119551.56637144186,0.3429877664355296,0.6570122335644704,0.00012325619872091567,0.0,0.0,0.00159938962447878,0.00159938962447878,0.19118627573242172,0.19118627573242172
2014-10-20,0.0097821298907612,0.0097821298907612,0.004201276412137354,120053.83554727228,0.3436287764271558,0.6563712235728443,0.004201473526151774,0.0,0.0,0.00019711401441947023,0.00019711401441947023,0.02356528917761064,0.02356528917761064
2014-10-21,0.0135499479794911,0.0135499479794913,0.005667737734203227,120734.26920113937,0.5065214757558861,0.49347852424411387,0.005901978144812288,23.9248162536879,0.0,0.034956346550421916,0.034956346550421916,4.196643480097812,28.121459733785713
2014-10-22,-0.0127848934126241,-0.0127848934126241,-0.006329278609949026,119970.10837359675,0.47486844999258626,0.5251315500074137,-0.006212361770901951,8.927042728786752,0.0,0.042977246023038304,0.042977246023038304,5.188826390869103,14.115869119655855
2014-10-23,0.013113108941573,0.013113108941573,0.0072462494632161804,120839.44170700092,0.4754576322881552,0.5245423677118448,0.007246666748038024,0.0,0.0,0.00041728482184355466,0.00041728482184355466,0.050061705299228265,0.050061705299228265
2014-10-24,-0.0001861047365055,-0.0001861047365056,-0.000757924438909942,120747.85454094694,0.47576054639578025,0.5242394536042198,-0.000756952932359114,0.0,0.0,0.0009715065508280104,0.0009715065508280104,0.1173963092167509,0.1173963092167509
2014-10-27,-0.0008604011649558,-0.0008604011649558,-0.0006809656182946519,120665.6294035217,0.47519995683995936,0.5248000431600406,-0.00068067659405965,0.0,0.0,0.0002890242350019407,0.0002890242350019407,0.0348990562868228,0.0348990562868228
2014-10-28,0.0188536369750798,0.0188536369750796,0.009303217350932865,121788.20798064978,0.7309884868485809,0.26901151315141913,0.009561957347331397,23.10331214519154,0.0,0.06727443773533487,0.06727443773533487,8.117712372102213,31.221024517293756
2014-10-29,0.001403074120168,0.0014030741201682,0.0020379243221286237,122036.403131842,0.7333175964038556,0.26668240359614437,0.002039241241647933,0.0,0.0,0.0013169195193089881,0.0013169195193089881,0.16038526831138036,0.16038526831138036
2014-10-30,0.0029289276560848,0.0029289276560847,0.0006558516004561835,122116.44090214995,0.7298820734791611,0.2701179265208389,0.0006578014420871934,0.0,0.0,0.0019498416310099482,0.0019498416310099482,0.23795165932517837,0.23795165932517837
2014-10-31,0.0124721237757627,0.0124721237757626,0.008429258170780362,123145.79190941101,0.4721291867676757,0.5278708132323243,0.008688952845599245,23.305219966348652,0.0,0.06885042981650154,0.06885042981650154,8.407769443774432,31.712989410123086
2014-11-03,-0.0027705886187698,-0.0027705886187697,-0.0021893271455474357,122876.18548432383,0.47255726705241397,0.527442732947586,-0.0021880166796068826,0.0,0.0,0.001310465940552943,0.001310465940552943,0.1613783660197033,0.1613783660197033
2014-11-04,-0.0058104367996916,-0.0058104367996914,-0.004254776735904533,122353.37474892843,0.6767702617585689,0.3232297382414311,-0.004050354009799356,23.17928558448537,0.0,0.015783361258988327,0.015783361258988327,1.9393992256255406,25.11868481011091
2014-11-05,0.0034800251791842,0.0034800251791841,0.0028916502987892585,122707.17792157903,0.6797109817050022,0.3202890182949978,0.0028940540110762346,0.0,0.0,0.0024037122869762935,0.0024037122869762935,0.2941023102370142,0.2941023102370142
2014-11-06,0.0044015976009026,0.0044015976009026,0.003019208899042897,123077.65652513629,0.6818958249719664,0.31810417502803356,0.0030213643217121616,0.0,0.0,0.0021554226692642587,0.0021554226692642587,0.26448583297361417,0.26448583297361417
2014-11-07,0.0027237476436494,0.0027237476436495,0.0022286210485217934,123351.94998107095,0.685979564145474,0.314020435854526,0.0022323307877355563,0.0,0.0,0.003709739213763024,0.003709739213763024,0.4565860087493546,0.4565860087493546
2014-11-10,0.0018134831475302,0.0018134831475302,0.0002517544699977571,123383.00438586163,0.6837985478687416,0.3162014521312584,0.00025294621413784763,0.0,0.0,0.001191744140090512,0.001191744140090512,0.14700396355867926,0.14700396355867926
2014-11-11,0.0023044054281446,0.0023044054281446,0.0020865611692616444,123640.45057175998,0.6865296797706039,0.31347032022939614,0.0020887804493138398,0.0,0.0,0.0022192800521952647,0.0022192800521952647,0.27382144041346357,0.27382144041346357
2014-11-12,0.0026877744302338,0.0026877744302338,0.0012717839990773563,123797.69451843588,0.6855423146228159,0.3144576853771841,0.001272199863235243,0.0,0.0,0.00041586415788659724,0.00041586415788659724,0.051417631857744416,0.051417631857744416
2014-11-13,-0.0086248671788106,-0.0086248671788106,-0.005959457247458524,123059.92745061933,0.6871655799116883,0.31283442008831175,-0.005957788512899412,0.0,0.0,0.0016687345591121906,0.0016687345591121906,0.20658549118132777,0.20658549118132777
2014-11-14,0.0014333261900645,0.0014333261900646,0.001993807631591305,123305.28527311343,0.6897223711604358,0.3102776288395642,0.0019953554460095577,0.0,0.0,0.0015478144182525483,0.0015478144182525483,0.1904739300171812,0.1904739300171812
2014-11-17,-0.0059693804247843,-0.0059693804247846,-0.0033922589162657625,122887.00181972302,0.6883373790694742,0.31166262093052577,-0.003390142485201573,0.0,0.0,0.0021164310641895974,0.0021164310641895974,0.2609671361307774,0.2609671361307774
2014-11-18,0.0049907858258222,0.004990785825822,0.0031840709153057914,123278.28274808632,0.6903886159919495,0.30961138400805055,0.003186369890364765,0.0,0.0,0.0022989750589737087,0.0022989750589737087,0.2825141522556,0.2825141522556
2014-11-19,-0.0078214104836366,-0.0078214104836364,-0.004523631630191018,122720.61720893146,0.690621895976063,0.30937810402393695,-0.004522981166460333,0.0,0.0,0.0006504637306846143,0.0006504637306846143,0.08018805170871295,0.08018805170871295
2014-11-20,0.0095096701399213,0.0095096701399211,0.0060420775275104085,123462.10469233176,0.6883315484690777,0.31166845153092226,0.0060438490713186155,0.0,0.0,0.0017715438082073827,0.0017715438082073827,0.21740494955587092,0.21740494955587092
2014-11-21,0.0051081525398113,0.0051081525398115,0.004729438293636771,124046.01109807668,0.6935242430419852,0.30647575695801477,0.004733419857539891,0.0,0.0,0.0039815639031192075,0.0039815639031192075,0.49157225944611266,0.49157225944611266
2014-11-24,0.0048471153690834,0.0048471153690834,0.0011907464885185907,124193.71845020643,0.6936501306484938,0.3063498693515062,0.0011930304771008713,0.0,0.0,0.002283988582280645,0.002283988582280645,0.2833196730254653,0.2833196730254653
2014-11-25,-0.0010710388723066,-0.0010710388723067,-0.001305495039711802,124031.58416680634,0.6937104231418032,0.3062895768581968,-0.001304872198762171,0.0,0.0,0.0006228409496309062,0.0006228409496309062,0.07735293353771998,0.07735293353771998
2014-11-26,0.0017918239172509,0.001791823917251,0.000779666043387319,124128.28738128874,0.6936241646369435,0.30637583536305646,0.0007800419218204522,0.0,0.0,0.0003758784331332558,0.0003758784331332558,0.046620797515654705,0.046620797515654705
2014-11-28,-0.0219617586143384,-0.0219617586143384,-0.017413363603401674,121966.79637965083,0.6953237568083617,0.30467624319163833,-0.01740943891169245,0.0,0.0,0.003924691709223972,0.003924691709223972,0.4871652603655146,0.4871652603655146
2014-12-01,-0.0084133803099032,-0.0084133803099031,-0.0036633627952162707,121519.9877555419,0.5038457339830632,0.4961542660169368,-0.0034671044331038886,23.691525310242298,0.0,0.002012665632032352,0.002012665632032352,0.24547837932241112,23.93700368956471
2014-12-02,0.0036735950002531,0.0036735950002532,6.160223899690472e-05,121527.47365887051,0.4996763121975895,0.5003236878024104,6.399126732494799e-05,0.0,0.0,0.0023890283280432697,0.0023890283280432697,0.29031469317146086,0.29031469317146086
2014-12-03,0.0048248331268434,0.0048248331268432,0.0018580379966688023,121753.27632256786,0.718299494326672,0.28170050567332805,0.0020779278086371844,23.671955172878683,0.0,0.025102950527270886,0.025102950527270886,3.0506981589628426,26.722653331841524
2014-12-04,-0.0052092103343013,-0.0052092103343014,-0.0038653811678493735,121282.65350114665,0.7180212050897192,0.2819787949102808,-0.003865226978906894,0.0,0.0,0.00015418894247936837,0.00015418894247936837,0.01877300891957506,0.01877300891957506
2014-12-05,0.0020224666222294,0.0020224666222296,-0.00010376669688820285,121270.068400803,0.7145453314657794,0.28545466853422063,-0.00010184170228683858,0.0,0.0,0.0019249946013642652,0.0019249946013642652,0.2334684532288401,0.2334684532288401
2014-12-08,-0.0188517470013582,-0.0188517470013584,-0.015315186433527138,119412.79469443811,0.497719107426654,0.502280892573346,-0.01510353653848814,22.16519701827595,0.0,0.02887439807944185,0.02887439807944185,3.501600230125928,25.666797248401878
2014-12-09,0.0119625039510429,0.0119625039510431,0.006653503819994583,120207.30818009378,0.49445537277379875,0.5055446272262012,0.006657462734501093,0.0,0.0,0.003958914506509432,0.003958914506509432,0.4727450451786436,0.4727450451786436
2014-12-10,-0.0165276972087127,-0.0165276972087128,-0.009726344146759632,119038.13053177859,0.7104610094296068,0.28953899057039323,-0.009512063592660533,22.084176037132956,0.0,0.030563138149258203,0.030563138149258203,3.6739125664586623,25.75808860359162
2014-12-11,0.000828943122676,0.0008289431226762,-0.00032366783648622125,118999.60171761001,0.7084493421168577,0.2915506578831423,-0.00032256691289931955,0.0,0.0,0.0011009235869017195,0.0011009235869017195,0.13105188564312076,0.13105188564312076
2014-12-12,-0.0126653535114558,-0.0126653535114557,-0.009125396073397504,117913.68321936026,0.7081095775141346,0.2918904224858654,-0.009125210713738853,0.0,0.0,0.0001853596586518434,0.0001853596586518434,0.02205772555408151,0.02205772555408151
2014-12-15,-0.0109165328587227,-0.0109165328587227,-0.007965159373802135,116974.48194016604,0.7075875940041326,0.2924124059958674,-0.007964874754773558,0.0,0.0,0.000284619028576808,0.000284619028576808,0.03356047797380778,0.03356047797380778
2014-12-16,-0.0002540690881127,-0.0002540690881127,0.00015771927869615457,116992.93107108351,0.7083301284803387,0.2916698715196613,0.0001581238273385009,0.0,0.0,0.00040454864234633966,0.00040454864234633966,0.0473218678580606,0.0473218678580606
2014-12-17,0.0285783683366298,0.0285783683366295,0.019574531712225722,119283.01291044068,0.706902205755886,0.293097794244114,0.019575310575276242,0.0,0.0,0.0007788630505197042,0.0007788630505197042,0.09112147118326559,0.09112147118326559
2014-12-18,0.0122558725018997,0.0122558725018999,0.0077946763244432305,120212.78538708194,0.5712189415941806,0.42878105840581937,0.008327389618329333,51.824963978714294,0.0,0.09824267888222744,0.09824267888222744,11.718682733465014,63.5436467121793
2014-12-19,0.0090308485069534,0.0090308485069534,0.009030848506953428,121298.40884051158,0.5750565415910923,0.4249434584089077,0.009030848506953428,0.0,0.0,0.0,0.0,0.0,0.0
2014-12-22,-0.0035440201167366,-0.0035440201167367,-0.00354402011673673,120868.52483945266,0.5735451771199259,0.4264548228800741,-0.00354402011673673,0.0,0.0,0.0,0.0,0.0,0.0
2014-12-23,0.0042743468705537,0.0042743468705536,0.004274346870553688,121385.15884034862,0.5753602347715427,0.42463976522845726,0.004274346870553688,0.0,0.0,0.0,0.0,0.0,0.0
2014-12-24,-0.003356652270696,-0.0033566522706959,-0.003450011280025705,120966.3786731217,0.7056978375736964,0.2943021624263036,-0.0029578753025019814,37.77842545356445,0.0,0.18090826390139858,0.18090826390139858,21.959578349202975,59.73800380276742
2014-12-26,0.0034713804842216,0.0034713804842217,0.0025676074725811283,121276.97285093389,0.705800507396853,0.29419949260314704,0.00256762227154954,0.0,0.0,1.4798968411718129e-05,1.4798968411718129e-05,0.0017901776168634616,0.0017901776168634616
2014-12-29,-0.001147900633392,-0.0011479006333922,-0.0018621473870809268,121051.13725282643,0.7036945972391224,0.2963054027608776,-0.0018610935893836503,0.0,0.0,0.0010537976972764724,0.0010537976972764724,0.1278013947229754,0.1278013947229754
2014-12-30,-0.003292379754022,-0.003292379754022,-0.0017370275287410001,120840.86809503287,0.7045142409818246,0.2954857590181754,-0.001736789841022472,0.0,0.0,0.00023768771852816545,0.00023768771852816545,0.02877236863886413,0.02877236863886413
2014-12-31,-0.0057823776766391,-0.0057823776766391,-0.0037009983476414877,120393.63624188559,0.7054132830824174,0.29458671691758265,-0.0037004747692646126,0.0,0.0,0.0005235783768751442,0.0005235783768751442,0.0632696655773807,0.0632696655773807
2015-01-02,-0.0046555941048199,-0.00465559410482,-0.004628142056293313,119836.43739068444,0.7027715430570577,0.2972284569429423,-0.00462684932812555,0.0,0.0,0.0012927281677627505,0.0012927281677627505,0.15563624478926782,0.15563624478926782
2015-01-05,-0.0221801547687533,-0.0221801547687533,-0.015043784441966987,118033.64385828572,0.6620436141183127,0.3379563858816873,-0.014842379684168013,14.390610210799146,0.0,0.08131932698894652,0.08131932698894652,9.745018437363486,24.135628648162633
2015-01-06,-0.0071553518646765,-0.0071553518646764,-0.00608057081492674,117315.93192826158,0.45891962621216265,0.5410803737878374,-0.005879744589896374,23.686586137554038,0.0,0.00014966059257923286,0.00014966059257923286,0.017664985084117173,23.704251122638155
2015-01-07,0.0016677799352164,0.0016677799352164,0.00104624775744102,117438.67345895362,0.4594930997898463,0.5405069002101537,0.0010465405355658557,0.0,0.0,0.00029277812483573316,0.00029277812483573316,0.03434753856331294,0.03434753856331294
2015-01-08,0.0096975027565302,0.0096975027565302,0.007581335461141885,118329.01543855746,0.46007320382599803,0.539926796174002,0.007583853233076227,0.0,0.0,0.0025177719343427146,0.0025177719343427146,0.29568379604139206,0.29568379604139206
2015-01-09,-0.0032444268105171,-0.0032444268105171,-0.002627558863781887,118018.09898519928,0.8589495065828423,0.1410504934171577,-0.0022282312142889735,47.19219943122278,0.0,0.0005057776441836138,0.0005057776441836138,0.05984817066708005,47.25204760188986
2015-01-12,-0.0111574239454345,-0.0111574239454344,-0.009714619343114971,116871.59807795999,0.8588095165805947,0.14119048341940532,-0.00971461177862628,0.0,0.0,7.564488692041001e-06,7.564488692041001e-06,0.0008927465752297156,0.0008927465752297156
2015-01-13,-0.0031904054088525,-0.0031904054088525,-0.0022795012815298916,116605.18912036683,0.7661139685420886,0.23388603145791143,-0.002088329549894467,16.599646621409416,0.0,0.04913853542348833,0.04913853542348833,5.7428991621535275,22.342545783562944
2015-01-14,-0.0006092246244676,-0.0006092246244677,-0.0006092246244677067,116534.150367814,0.7659713925516011,0.23402860744839893,-0.0006092246244677067,0.0,0.0,0.0,0.0,0.0,0.0
2015-01-15,-0.0004768325443019,-0.0004768325443019,-0.0004768325443019085,116478.58309239607,0.7658597468589723,0.2341402531410277,-0.0004768325443019085,0.0,0.0,0.0,0.0,0.0,0.0
2015-01-16,0.0065565016518387,0.0065565016518386,0.006519876932562831,117238.00911943777,0.8944390627091816,0.10556093729081839,0.006757853222483177,19.19455420905274,0.0,0.07318587352399725,0.07318587352399725,8.524586850454503,27.719141059507244
2015-01-20,-0.0021064383589405,-0.0021064383589404,-0.0020151947928706377,117001.75169393377,0.7582756228739306,0.24172437712606942,-0.0018394384592652138,18.267768454808902,0.0,0.019938535333206903,0.019938535333206903,2.337554187222743,20.605322642031645
2015-01-21,0.0100604041886283,0.0100604041886282,0.008880422079926963,118040.77663306671,0.755359572471463,0.24464042752853699,0.008884581642484526,0.0,0.0,0.004159562557562698,0.004159562557562698,0.48667610551533486,0.48667610551533486
2015-01-22,0.0104236080603281,0.0104236080603279,0.009308009733044041,119139.50133086338,0.7509569071180504,0.2490430928819496,0.00931383780618349,0.0,0.0,0.005828073139448859,0.005828073139448859,0.6879502796548587,0.6879502796548587
2015-01-23,-0.0050706604319696,-0.0050706604319696,-0.00458815631945091,118592.87067493596,0.7538612926487609,0.2461387073512391,-0.004584471351977288,0.0,0.0,0.003684967473621841,0.003684967473621841,0.43902518722775763,0.43902518722775763
2015-01-26,0.0005626370650564,0.0005626370650565,0.0004677791356787222,118648.34594547792,0.6673379231467159,0.3326620768532841,0.0007183123950665797,9.710499082639037,0.0,0.16865229110220406,0.16865229110220406,20.000959347715337,29.711458430354373
2015-01-27,-0.0007333061442182,-0.0007333061442183,-0.0007441383629408331,118560.05515956043,0.6657656112087509,0.3342343887912491,-0.0007428196936949942,0.0,0.0,0.0013186692458389227,0.0013186692458389227,0.15645792486795898,0.15645792486795898
2015-01-28,-0.0123849116658492,-0.0123849116658492,-0.007057191542923138,117723.35414095987,0.6692334733084281,0.3307665266915719,-0.00705492912935264,0.0,0.0,0.0022624135704977814,0.0022624135704977814,0.268231877711955,0.268231877711955
2015-01-29,0.0025572356044585,0.0025572356044587,0.0024702087421698627,118014.15539951643,0.6711418961484726,0.32885810385152736,0.002471359132012505,0.0,0.0,0.001150389842642045,0.001150389842642045,0.13542775084551256,0.13542775084551256
2015-01-30,-0.0191842485873852,-0.0191842485873852,-0.008170517780948065,117049.91864442111,0.6779843217064107,0.32201567829358935,-0.008168474298176442,0.0,0.0,0.0020434827716238955,0.0020434827716238955,0.24115989336665694,0.24115989336665694
2015-02-02,0.0110655309845215,0.0110655309845215,0.005909565299603054,117741.63278196355,0.6765212560631699,0.32347874393683007,0.005909677383232362,0.0,0.0,0.00011208362930845726,0.00011208362930845726,0.013119379691926376,0.013119379691926376
2015-02-03,0.0163413732308621,0.0163413732308621,0.009307971794557201,118837.56857894319,0.6741131054830725,0.32588689451692754,0.009308661403526756,0.0,0.0,0.0006896089695548396,0.0006896089695548396,0.0811956860564742,0.0811956860564742
2015-02-04,-0.0053319429498699,-0.0053319429498698,-0.0028974107824870842,118493.247326378,0.6755918533176872,0.32440814668231277,-0.002896633473832523,0.0,0.0,0.000777308654561003,0.000777308654561003,0.09237347054339926,0.09237347054339926
2015-02-05,0.0079697688629585,0.0079697688629583,0.005836038202229435,119184.77844448097,0.6788965870976713,0.3211034129023287,0.0058388919492371565,0.0,0.0,0.0028537470077217783,0.0028537470077217783,0.3381497499928878,0.3381497499928878
2015-02-06,-0.0145150729339238,-0.0145150729339238,-0.00773065814505308,118263.40166623279,0.6828382015093171,0.31716179849068293,-0.007728873195064073,0.0,0.0,0.0017849499890067021,0.0017849499890067021,0.21273886897424255,0.21273886897424255
2015-02-09,0.0010392699693471,0.0010392699693471,0.00014071881208434786,118280.04355162832,0.6808358233660765,0.3191641766339235,0.00014215428044359437,0.0,0.0,0.0014354683592465028,0.0014354683592465028,0.16976337114873732,0.16976337114873732
2015-02-10,-0.005370996043004,-0.005370996043004,-0.0019559138724337993,118048.69797361361,0.685565532293601,0.31443446770639905,-0.0019528972336789493,0.0,0.0,0.0030166387548500153,0.0030166387548500153,0.3568081633031896,0.3568081633031896
2015-02-11,-0.0071074007184983,-0.0071074007184983,-0.0036571103141832253,117616.98086267839,0.6881996021602548,0.3118003978397452,-0.0036557018422467354,0.0,0.0,0.0014084719364897491,0.0014084719364897491,0.1662682782349891,0.1662682782349891
2015-02-12,0.0188291711444981,0.0188291711444982,0.010514570962888476,118853.67295439972,0.6821458743133291,0.31785412568667093,0.010518229786493097,0.0,0.0,0.003658823604620781,0.003658823604620781,0.43033978588459837,0.43033978588459837
2015-02-13,0.0089890893279864,0.0089890893279864,0.004863122408337111,119431.67291465744,0.6794728152516782,0.32052718474832176,0.004864539427283918,0.0,0.0,0.001417018946806738,0.001417018946806738,0.16841790647395596,0.16841790647395596
2015-02-17,-3.484154915978088e-05,-3.484154915975443e-05,-0.00042687892397477327,119380.69005063512,0.6783791930636687,0.3216208069363313,-0.00042618782975572227,0.0,0.0,0.0006910942190509915,0.0006910942190509915,0.08253853872290864,0.08253853872290864
2015-02-18,0.00141363050617,0.0014136305061699,0.0014125251963625115,119549.31828329078,0.6795463718359037,0.3204536281640963,0.0014132387551527045,0.0,0.0,0.0007135587901929382,0.0007135587901929382,0.08518514076492933,0.08518514076492933
2015-02-19,-0.0033533922153636,-0.0033533922153636,-0.0012887812296107873,119395.2453658745,0.6822819027378333,0.3177180972621667,-0.0012870407803408086,0.0,0.0,0.0017404492699787956,0.0017404492699787956,0.2080695237326161,0.2080695237326161
2015-02-20,0.0027583175336292,0.002758317533629,0.001610424398438513,119587.52238206926,0.682395211738279,0.317604788261721,0.0016108081036319663,0.0,0.0,0.00038370519345330765,0.00038370519345330765,0.045812575720518015,0.045812575720518015
2015-02-23,-0.0045582326541563,-0.0045582326541561,-0.002020565639639218,119345.88794341448,0.6843897736421289,0.31561022635787106,-0.0020196669220638916,0.0,0.0,0.0008987175753263372,0.0008987175753263372,0.10747540815449737,0.10747540815449737
2015-02-24,0.0131652928489858,0.0131652928489856,0.007185401259527351,120203.4360369625,0.6792143580570211,0.32078564194297887,0.007188778930089395,0.0,0.0,0.0033776705620438925,0.0033776705620438925,0.4031110924074602,0.4031110924074602
2015-02-25,-0.004250134113707,-0.0042501341137068,-0.002085478575851935,119952.75434636364,0.6812007951152383,0.31879920488476166,-0.00208429801798407,0.0,0.0,0.0011805578678650247,0.0011805578678650247,0.14190711215784632,0.14190711215784632
2015-02-26,-0.0025240753499939,-0.002524075349994,-0.0019747205648209367,119715.88117554894,0.6814043410773072,0.3185956589226928,-0.0019742615145675636,0.0,0.0,0.00045905025337324786,0.00045905025337324786,0.05506434227551719,0.05506434227551719
2015-02-27,0.002679780986162,0.0026797809861622,0.001577245102027908,119904.70246276804,0.6799943392541483,0.3200056607458517,0.0015784081593704538,0.0,0.0,0.0011630573425458978,0.0011630573425458978,0.13923643462057445,0.13923643462057445
2015-03-02,-0.0052449894474408,-0.005244989447441,-0.0024973023096170285,119605.26417237382,0.6839263584328568,0.31607364156714324,-0.002494448058395193,0.0,0.0,0.002854251221835557,0.002854251221835557,0.34223814350818454,0.34223814350818454
2015-03-03,-0.0053764292525285,-0.0053764292525285,-0.0029492259598772434,119252.52122233869,0.6855215576202289,0.3144784423797711,-0.0029483634180322606,0.0,0.0,0.0008625418449829769,0.0008625418449829769,0.10316454522891566,0.10316454522891566
2015-03-04,-0.0099522095381423,-0.0099522095381422,-0.00488515636739777,118669.95400896114,0.6895223234209125,0.31047767657908754,-0.004883114436076551,0.0,0.0,0.0020419313212195456,0.0020419313212195456,0.24350545821829198,0.24350545821829198
2015-03-05,-0.0042720512199314,-0.0042720512199315,-0.002674853684268487,118352.5292452683,0.6905568859892274,0.3094431140107726,-0.00267409186970686,0.0,0.0,0.0007618145616269142,0.0007618145616269142,0.0904044989916228,0.0904044989916228
2015-03-06,-0.0160476069685858,-0.0160476069685859,-0.010298212794210788,117133.70971436748,0.6941768667766408,0.3058231332233592,-0.010295392032439392,0.0,0.0,0.0028207617713962812,0.0028207617713962812,0.3338442900431132,0.3338442900431132
2015-03-09,-0.0076602136378599,-0.0076602136378598,-0.0036044641423217906,116711.50545784492,0.6983700086188616,0.30162999138113844,-0.003601999786666398,0.0,0.0,0.0024643556553924383,0.0024643556553924383,0.2886591199716977,0.2886591199716977
2015-03-10,-0.0139077556790716,-0.0139077556790717,-0.008243424031509112,115749.40302900012,0.7031687335317715,0.29683126646822855,-0.00824011871732387,0.0,0.0,0.0033053141852426313,0.0033053141852426313,0.3857681945708376,0.3857681945708376
2015-03-11,0.0039811969181693,0.0039811969181693,0.001955480374222681,115975.74871495133,0.7016063076248983,0.2983936923751017,0.0019562028936613686,0.0,0.0,0.0007225194386875508,0.0007225194386875508,0.08363119370493227,0.08363119370493227
2015-03-12,0.003486291527994,0.003486291527994,0.0028537836600549043,116306.71841159668,0.7037378586644485,0.2962621413355515,0.0028555071307768912,0.0,0.0,0.0017234707219870018,0.0017234707219870018,0.19988080737074027,0.19988080737074027
2015-03-13,-0.0133407472566764,-0.0133407472566766,-0.007868534516178555,115391.55498331157,0.7073923733814833,0.2926076266185167,-0.007866422546526232,0.0,0.0,0.0021119696523236274,0.0021119696523236274,0.24563625964664187,0.24563625964664187
2015-03-16,0.0060049414674201,0.0060049414674202,0.0028845624055175703,115724.40912473065,0.7055248830715688,0.2944751169284312,0.0028850752558206008,0.0,0.0,0.0005128503030304714,0.0005128503030304714,0.05917859394034864,0.05917859394034864
2015-03-17,0.0072746154021061,0.0072746154021062,0.002121065541246287,115969.8681812062,0.9044465811672886,0.0955534188327114,0.002530146072395911,26.49741752771013,0.0,0.180110534861714,0.180110534861714,20.843185224011055,47.340602751721185
2015-03-18,0.0190844792780791,0.0190844792780789,0.01702497697368356,117944.25251663236,0.9051028984755632,0.09489710152443676,0.017031217729552715,0.0,0.0,0.006240755869154681,0.006240755869154681,0.7237396354969573,0.7237396354969573
2015-03-19,-0.0136768679183192,-0.0136768679183191,-0.01206527799501895,116521.22232210447,0.9067520209115112,0.09324797908848881,-0.012062653991488575,0.0,0.0,0.002624003530375503,0.002624003530375503,0.30948613499114314,0.30948613499114314
2015-03-20,0.0092527257251937,0.0092527257251937,0.008090372679137965,117463.92243571897,0.9063647086094795,0.09363529139052051,0.008096215297332409,0.0,0.0,0.005842618194444149,0.005842618194444149,0.6807890135779993,0.6807890135779993
2015-03-23,0.0011595049851269,0.0011595049851268,0.0009506065096829304,117575.58440503926,0.9038910348656987,0.09610896513430134,0.0009536982157894375,0.0,0.0,0.003091706106507083,0.003091706106507083,0.36316392628878674,0.36316392628878674
2015-03-24,0.0014503660957176,0.0014503660957177,0.0012631631440584055,117724.10154990085,0.9062275864837613,0.09377241351623866,0.0012673118765693585,0.0,0.0,0.004148732510952905,0.004148732510952905,0.4877896495154737,0.4877896495154737
2015-03-25,-0.0110961377027095,-0.0110961377027094,-0.00973219858593728,116578.38721526616,0.7178659782210994,0.28213402177890057,-0.009510721141708454,24.832326347259126,0.0,0.010540804914290726,0.010540804914290726,1.2409067881476554,26.07323313540678
2015-03-26,-0.004649768578284,-0.0046497685782841,-0.0040075948373940835,116111.18827251052,0.7181787667870942,0.28182123321290575,-0.004006610225448351,0.0,0.0,0.0009846119457328744,0.0009846119457328744,0.11478447266642366,0.11478447266642366
2015-03-27,0.001187944233588,0.0011879442335877,0.0009984935157976848,116227.12454111219,0.7184404276765716,0.28155957232342843,0.000998609895701859,0.0,0.0,0.0001163799041742155,0.0001163799041742155,0.01351300896470907,0.01351300896470907
2015-03-30,0.0095652738990117,0.0095652738990117,0.008257222627265956,117186.83778377512,0.7162186685810954,0.2837813314189046,0.008260819969034577,0.0,0.0,0.003597341768621955,0.003597341768621955,0.4181086897585688,0.4181086897585688
2015-03-31,-0.0022645028902771,-0.0022645028902769,-0.002157248886924057,116934.03660840394,0.6343621921634325,0.3656378078365675,-0.0019038444591522367,10.056727189367463,0.0,0.16758653747322358,0.16758653747322358,19.638936381619203,29.695663570986664
2015-04-01,0.01291774804739,0.01291774804739,0.006730362698070707,117721.04508652799,0.6290803286009437,0.37091967139905635,0.006734202857097092,0.0,0.0,0.0038401590263849924,0.0038401590263849924,0.4490452961733955,0.4490452961733955
2015-04-02,0.0119416076154761,0.0119416076154761,0.004709220478615559,118275.4194428135,0.6190623145226679,0.3809376854773321,0.004716475729811158,0.0,0.0,0.0072552511955990395,0.0072552511955990395,0.8540957531112006,0.8540957531112006
2015-04-06,0.0101389966284295,0.0101389966284294,0.005384137044300054,118912.23051006568,0.6182074938044257,0.38179250619557425,0.005384165770254554,0.0,0.0,2.8725954500404666e-05,2.8725954500404666e-05,0.0033975743174305376,0.0033975743174305376
2015-04-07,-0.0029815229265706,-0.0029815229265706,-0.0011182254422150613,118779.25982851879,0.6191633678426723,0.38083663215732766,-0.0011179969397281985,0.0,0.0,0.0002285024868627153,0.0002285024868627153,0.027171740389942457,0.027171740389942457
2015-04-08,0.013529499048694,0.0135294990486941,0.00554941054201971,119438.41470518446,0.613623660617218,0.38637633938278204,0.0055521631502523745,0.0,0.0,0.0027526082326650133,0.0027526082326650133,0.32695276847383753,0.32695276847383753
2015-04-09,0.0030206913155799,0.0030206913155797,0.0008530537497186716,119540.30209270916,0.38976805454214125,0.6102319454578587,0.0012374946859589038,38.30091477178351,0.0,0.06376592672739262,0.06376592672739262,7.6161012005267255,45.91701597231023
2015-04-10,0.0019555483765645,0.0019555483765645,0.0011941611671192926,119683.05247937399,0.36660997902536785,0.6333900209746322,0.0014046494671569136,14.01708169240033,0.0,0.09323009132463453,0.09323009132463453,11.144753281077675,25.161834973478005
2015-04-13,-0.0018581016611104,-0.0018581016611104,-0.0018581016611104563,119460.66920075529,0.36543088509888066,0.6345691149011193,-0.0018581016611104563,0.0,0.0,0.0,0.0,0.0,0.0
2015-04-14,0.0015955858932685,0.0015955858932686,0.0015955858932686306,119651.27895933243,0.3664417816546369,0.6335582183453631,0.0015955858932686306,0.0,0.0,0.0,0.0,0.0,0.0
2015-04-15,0.0023756716371439,0.002375671637144,0.002530359603280782,119954.03972209203,0.3259491349084951,0.6740508650915049,0.0029773376905016156,24.221212572681658,0.0,0.24454638082082072,0.24454638082082072,29.26028723008716,53.48149980276882
2015-04-16,0.0018749006632232,0.001874900663223,0.00032889257153843193,119993.49171468263,0.5559691571430754,0.4440308428569246,0.0007029419367674367,8.652043212864017,0.0,0.3019213799363964,0.3019213799363964,36.21668920183933,44.86873241470335
2015-04-17,-0.0100789920209801,-0.0100789920209801,-0.007499925387384882,119093.54947985074,0.5580745579673443,0.4419254420326557,-0.007495908420176863,0.0,0.0,0.004016967208019074,0.004016967208019074,0.48200992139358856,0.48200992139358856
2015-04-20,0.0036976519440392,0.0036976519440391,0.002666472348388056,119411.10913641013,0.5603589925204322,0.4396410074795678,0.0026708746846268896,0.0,0.0,0.004402336238833811,0.004402336238833811,0.5242898486864945,0.5242898486864945
2015-04-21,-0.0005044609103073,-0.0005044609103073,-0.0003732843331500756,119366.53484016543,0.5608514339088904,0.43914856609110964,-0.00036917156758816305,0.0,0.0,0.004112765561912542,0.004112765561912542,0.49110989736600763,0.49110989736600763
2015-04-22,0.0067861216304394,0.0067861216304393,0.0053039094739796445,119999.64413518032,0.5750899792264244,0.42491002077357565,0.005511585647903281,13.187932947218531,0.0,0.09719350836852511,0.09719350836852511,11.601652302909462,24.789585250127995
2015-04-23,0.0069374639127659,0.0069374639127659,0.005084392415984937,120609.7694157421,0.5707438500396438,0.4292561499603562,0.005089831130553139,0.0,0.0,0.0054387145682019905,0.0054387145682019905,0.6526438127370598,0.6526438127370598
2015-04-24,0.0066580322332239,0.0066580322332238,0.0048163584056506335,121190.6692924712,0.5726850488284037,0.42731495117159635,0.004820096664489133,0.0,0.0,0.003738258838499977,0.003738258838499977,0.45087053652784215,0.45087053652784215
2015-04-27,-0.0006366538190553,-0.0006366538190551,-0.0007991681194389203,121093.8175731992,0.5699367992997834,0.43006320070021664,-0.0007968523955515002,0.0,0.0,0.002315723887420092,0.002315723887420092,0.2806441278130042,0.2806441278130042
2015-04-28,0.0028058863905879,0.0028058863905877,0.0015737082076108942,121284.38390780507,0.5696684279656461,0.4303315720343539,0.0015753868412809663,0.0,0.0,0.001678633670072119,0.001678633670072119,0.203272159415943,0.203272159415943
2015-04-29,-0.0042233964643523,-0.0042233964643522,-0.002873226549677364,120935.9063958999,0.5666195544304561,0.4333804455695439,-0.0028700040979796485,0.0,0.0,0.003222451697715262,0.003222451697715262,0.3908330688300561,0.3908330688300561
2015-04-30,-0.0074917426792939,-0.0074917426792939,-0.004317833705798626,120413.72526302238,0.5652186730230784,0.4347813269769216,-0.004316504901375999,0.0,0.0,0.0013288044226279776,0.0013288044226279776,0.16070016727339492,0.16070016727339492
2015-05-01,0.0068511042959287,0.0068511042959286,0.0037070259748095934,120860.10207029598,0.5704749551503153,0.4295250448496847,0.0037124410996679322,0.0,0.0,0.0054151248583390954,0.0054151248583390954,0.6520553569570068,0.6520553569570068
2015-05-04,0.0019140068370806,0.0019140068370806,0.0009244861468153525,120971.83556036266,0.5707193651676409,0.4292806348323591,0.0009260070905432055,0.0,0.0,0.0015209437278529978,0.0015209437278529978,0.18382141419148978,0.18382141419148978
2015-05-05,-0.006865547597997,-0.0068655475979969,-0.0030615728901791962,120601.47146813585,0.5704112891159075,0.42958871088409245,-0.0030579190898575087,0.0,0.0,0.0036538003216877203,0.0036538003216877203,0.44200693168560706,0.44200693168560706
2015-05-06,-0.0019016883500505,-0.0019016883500505,-0.0014232555970728068,120429.8247488536,0.569844874993235,0.430155125006765,-0.0014215694726566349,0.0,0.0,0.0016861244161719346,0.0016861244161719346,0.20334908566868679,0.20334908566868679
2015-05-07,0.0034720019711629,0.0034720019711629,0.002110111398381445,120683.94509476123,0.5700217861730912,0.4299782138269088,0.002110376538323732,0.0,0.0,0.00026513994228696586,0.00026513994228696586,0.03193075678354046,0.03193075678354046
2015-05-08,0.0187319570024697,0.0187319570024698,0.011174569426485231,122032.53621788479,0.5672398219865183,0.43276017801348166,0.011180851001179493,0.0,0.0,0.00628157469426091,0.00628157469426091,0.7580852155108252,0.7580852155108252
2015-05-11,-0.0049157923560756,-0.0049157923560758,-0.0038329289156499775,121564.79418116515,0.5670656512539851,0.4329343487460149,-0.0038290232302833817,0.0,0.0,0.0039056853665957285,0.0039056853665957285,0.4766206909547559,0.4766206909547559
2015-05-12,-0.0033920791059395,-0.0033920791059392,-0.0015853438163457479,121372.0721864247,0.5692188641737295,0.43078113582627053,-0.0015828467839087057,0.0,0.0,0.0024970324370421856,0.0024970324370421856,0.3035512342727265,0.3035512342727265
2015-05-13,-0.0009891362995587,-0.0009891362995589,-0.0011724326289179441,121229.77160875394,0.5675751408291725,0.4324248591708275,-0.0011685860002078748,0.0,0.0,0.0038466287100693782,0.0038466287100693782,0.46687329747291434,0.46687329747291434
2015-05-14,0.0113060514662308,0.0113060514662309,0.007157711041875597,122097.49928360198,0.5687412999200763,0.43125870007992373,0.007158144375704097,0.0,0.0,0.00043333382849999056,0.00043333382849999056,0.05253296105940081,0.05253296105940081
2015-05-15,0.0008496260171706,0.0008496260171705,0.0009496970665023019,122213.45492049892,0.5685182646483209,0.4314817353516791,0.0009518052029995656,0.0,0.0,0.0021081364972636786,0.0021081364972636786,0.2573981944643872,0.2573981944643872
2015-05-18,-0.0058308450806885,-0.0058308450806884,-0.004645940598622,121645.6584685859,0.5737725143965338,0.42622748560346624,-0.004634004041665786,0.0,0.0,0.011936556956214385,0.011936556956214385,1.4588078654742744,1.4588078654742744
2015-05-19,-0.0049971411774849,-0.0049971411774849,-0.0037223883281022143,121192.84608933814,0.5749164685974626,0.4250835314025374,-0.0037184576689716386,0.0,0.0,0.003930659130575526,0.003930659130575526,0.4781476181544192,0.4781476181544192
2015-05-20,0.0001916656514404,0.0001916656514404,0.00021492618808852592,121218.89360577172,0.5745117039796117,0.4254882960203883,0.00021543617697599712,0.0,0.0,0.0005099888874711842,0.0005099888874711842,0.06180700474656802,0.06180700474656802
2015-05-21,0.0011479992567753,0.0011479992567753,-9.197137841135484e-05,121207.74493703729,0.5746045452216942,0.42539545477830576,-8.826829735961606e-05,0.0,0.0,0.0037030810517387786,0.0037030810517387786,0.4488833880242723,0.4488833880242723
2015-05-22,-0.0087988477070716,-0.0087988477070715,-0.0066780607167151685,120398.31225701162,0.5649449455768633,0.43505505442313674,-0.006669780001195295,0.0,0.0,0.00828071551987332,0.00828071551987332,1.0036868546289717,1.0036868546289717
2015-05-26,-0.0164688382427817,-0.0164688382427816,-0.010905830895679893,119085.2686234114,0.5645393685889288,0.43546063141107116,-0.010898488124954614,0.0,0.0,0.007342770725278497,0.007342770725278497,0.8840572026137242,0.8840572026137242
2015-05-27,0.0084196039779407,0.0084196039779407,0.005218327957356149,119706.6946099782,0.5646699502627058,0.43533004973729417,0.005219103472809561,0.0,0.0,0.0007755154534115001,0.0007755154534115001,0.09235246609111518,0.09235246609111518
2015-05-28,-0.0025896207138604,-0.0025896207138603,-0.001948121088318815,119473.49147379558,0.5610853863620735,0.4389146136379265,-0.0019450205172937575,0.0,0.0,0.003100571025057548,0.003100571025057548,0.371159108813111,0.371159108813111
2015-05-29,-0.0115494960836964,-0.0115494960836966,-0.007865599492751401,118533.76083986205,0.559937570780429,0.44006242921957095,-0.00786125544742896,0.0,0.0,0.004344045322442084,0.004344045322442084,0.5189982617925658,0.5189982617925658
2015-06-01,0.0002498442961442,0.0002498442961442,0.0006342590186962875,118608.94194669471,0.5601820558710575,0.4398179441289425,0.0006363236910875874,0.0,0.0,0.0020646723912998424,0.0020646723912998424,0.24473338344300158,0.24473338344300158
2015-06-02,0.0083921120313166,0.0083921120313166,0.006767243346337108,119411.59751989956,0.5549976957875118,0.4450023042124882,0.006774483824501071,0.0,0.0,0.0072404781639631354,0.0072404781639631354,0.8587854542158143,0.8587854542158143
2015-06-03,0.0011683722699777,0.0011683722699775,-7.471655145034668e-05,119402.6754971297,0.5548274479418864,0.44517255205811357,-7.200578063245081e-05,0.0,0.0,0.002710770817895874,0.002710770817895874,0.32369747387527104,0.32369747387527104
2015-06-04,-0.0106445876670671,-0.0106445876670668,-0.006419681741418217,118636.1483213643,0.5508365714198105,0.44916342858018954,-0.006416206652485122,0.0,0.0,0.0034750889330948205,0.0034750889330948205,0.4149349162019875,0.4149349162019875
2015-06-05,-0.0016291246040108,-0.001629124604011,-0.0009711051450339379,118520.94014734241,0.5518805821211199,0.4481194178788801,-0.0009699884088561983,0.0,0.0,0.0011167361777395944,0.0011167361777395944,0.13248527881814798,0.13248527881814798
2015-06-08,-0.0017107415569777,-0.0017107415569779,-0.00015889311944218142,118502.10798544316,0.5446285549922805,0.45537144500771953,-0.00015084645430104898,0.0,0.0,0.008046665141132425,0.008046665141132425,0.9536983175778626,0.9536983175778626
2015-06-09,0.0001806510910167,0.0001806510910168,0.0003232479852956191,118540.41355310274,0.5474095873542477,0.4525904126457523,0.0003258016448305631,0.0,0.0,0.0025536595349440073,0.0025536595349440073,0.3026140379679913,0.3026140379679913
2015-06-10,0.0142286074869861,0.0142286074869858,0.008086150855151906,119498.94921952524,0.5431966381060676,0.45680336189393245,0.008091286046891159,0.0,0.0,0.005135191739253453,0.005135191739253453,0.6087277524455812,0.6087277524455812
2015-06-11,0.002866027678877,0.0028660276788771,0.0014590353295593332,119673.30240828176,0.5345580939815449,0.46544190601845514,0.0014675848969906273,0.0,0.0,0.008549567431293963,0.008549567431293963,1.0216643243211043,1.0216643243211043
2015-06-12,-0.0059554003373371,-0.0059554003373369,-0.003610687779845564,119241.19947770242,0.5743746345319453,0.42562536546805474,-0.003418266033269099,9.090023632307652,0.0,0.11646475826427018,0.11646475826427018,13.937722235667437,23.02774586797509
2015-06-15,-0.0052824829323111,-0.005282482932311,-0.003865952804487905,118780.2186281711,0.5737983834315692,0.4262016165684308,-0.003865243272946382,0.0,0.0,0.0007095315415228085,0.0007095315415228085,0.0846053920784429,0.0846053920784429
2015-06-16,0.0056323718224862,0.0056323718224861,0.0047295191047113366,119341.99194143483,0.5740123076738978,0.42598769232610223,0.004734857007705684,0.0,0.0,0.005337902994346667,0.005337902994346667,0.6340372846844663,0.6340372846844663
2015-06-17,0.0021247697362354,0.0021247697362352,0.0015377884526502814,119525.51467855863,0.5727781899589789,0.4272218100410211,0.0015393415901322142,0.0,0.0,0.0015531374819327225,0.0015531374819327225,0.18535452085275536,0.18535452085275536
2015-06-18,0.0091575953219074,0.0091575953219074,0.006740499603086889,120331.17636280821,0.5762992018867172,0.42370079811328276,0.006971682411734313,12.086016579892721,0.0,0.13006618419786015,0.13006618419786015,15.546227608525442,27.632244188418166
2015-06-19,-0.010536860446584,-0.0105368604465844,-0.006838968245110746,119508.23526876615,0.5782903270257391,0.4217096729742609,-0.006836205165091547,0.0,0.0,0.0027630800191988407,0.0027630800191988407,0.3324846690947672,0.3324846690947672
2015-06-22,0.0093689402150138,0.0093689402150142,0.005233919262101573,120133.73172331911,0.5737304268259642,0.4262695731740358,0.0054607148700832895,15.72394740566664,0.0,0.09522352535239333,0.09522352535239333,11.379995470935139,27.103942876601778
2015-06-23,0.0001881598342852,0.0001881598342851,0.00016308551023783507,120153.32379425401,0.573732937342849,0.426267062657151,0.00016346705291600793,0.0,0.0,0.0003815426781728622,0.0003815426781728622,0.045836145740615314,0.045836145740615314
2015-06-24,-0.0060987452038241,-0.0060987452038242,-0.004387791460148866,119626.11606620108,0.5732821090072101,0.4267178909927899,-0.0043873485402011435,0.0,0.0,0.00044291994772287626,0.00044291994772287626,0.05321830389368081,0.05321830389368081
2015-06-25,-0.0067517152511267,-0.0067517152511268,-0.005396621219210015,118980.53922986654,0.5790464977767841,0.4209535022232159,-0.0051655807240495065,11.922450962185744,0.0,0.13137621319395287,0.13137621319395287,15.716026127877786,27.638477090063528
2015-06-26,0.0028842361966565,0.0028842361966567,0.002572537279126613,119286.62110252594,0.5809126900180177,0.4190873099819823,0.0025824102441677132,0.0,0.0,0.009872965041100211,0.009872965041100211,1.1746907043877246,1.1746907043877246
2015-06-29,-0.0216731244302611,-0.0216731244302611,-0.012252377201304898,117825.07642570866,0.5860856086008698,0.4139143913991302,-0.01224755451178214,0.0,0.0,0.004822689522757626,0.004822689522757626,0.5752823377963107,0.5752823377963107
2015-06-30,0.0013657382711218,0.0013657382711217,0.0012780121063906463,117975.6582998171,0.5876244554060581,0.4123755445939419,0.0012795757994968815,0.0,0.0,0.001563693106235194,0.001563693106235194,0.1842422597485155,0.1842422597485155
2015-07-01,0.0025490399045724,0.0025490399045724,0.00012148959505554622,117989.99111477038,0.5916030388873587,0.40839696111264134,0.0001268357350314715,0.0,0.0,0.005346139975925288,0.005346139975925288,0.6307143830227542,0.6307143830227542
2015-07-02,0.0035751829410564,0.0035751829410565,0.0035275008385939797,118406.20090737342,0.590711876768439,0.40928812323156105,0.0035352198037512947,0.0,0.0,0.007718965157314859,0.007718965157314859,0.9107606303268024,0.9107606303268024
2015-07-06,-0.0118008374938184,-0.0118008374938184,-0.008472822084292782,117402.96623340822,0.5918354783013053,0.40816452169869466,-0.008468926096425513,0.0,0.0,0.003895987867269845,0.003895987867269845,0.4613091221446426,0.4613091221446426
2015-07-07,0.0012499550156761,0.001249955015676,0.0003473792540317572,117443.74958823952,0.5928729950252329,0.40712700497476706,0.00034880724316413295,0.0,0.0,0.0014279891323757516,0.0014279891323757516,0.16765015988998427,0.16765015988998427
2015-07-08,-0.0204618323014684,-0.0204618323014685,-0.01298018515633246,115919.30797313021,0.5890652705895285,0.4109347294104715,-0.012973810124420577,0.0,0.0,0.006375031911883406,0.006375031911883406,0.7487076514762706,0.7487076514762706
2015-07-09,0.0074471178113617,0.0074471178113616,0.004545022197744484,116446.16380101527,0.376950896479085,0.623049103520915,0.004758791749739106,20.16610566404889,0.0,0.03980279859817008,0.03980279859817008,4.613912868893753,24.78001853294264
2015-07-10,0.0124571536363888,0.0124571536363888,0.005721347750623387,117112.39279834693,0.37423237312811486,0.6257676268718851,0.005864371493038416,8.151948136856355,0.0,0.07301758789038036,0.07301758789038036,8.502617999838261,16.654566136694616
2015-07-13,0.010028709463616,0.010028709463616,0.0036725476537105024,117542.49364173893,0.3788112487956371,0.6211887512043629,0.003829847326526965,8.991840864186521,0.0,0.08052008827096249,0.08052008827096249,9.429900205746527,18.42174106993305
2015-07-14,0.0026416930056443,0.0026416930056441,0.0012547891134083507,117689.98468312343,0.3783849098492824,0.6216150901507176,0.0012554695476342142,0.0,0.0,0.0006804342258635407,0.0006804342258635407,0.07997993566718678,0.07997993566718678
2015-07-15,-0.0013656860143683,-0.0013656860143682,-0.000653703601908839,117613.05031622748,0.38407742790634525,0.6159225720936548,-0.0006478797797312731,0.0,0.0,0.005823822177565883,0.005823822177565883,0.6854055428749634,0.6854055428749634
2015-07-16,0.0034799468703077,0.0034799468703075,0.0016732856511171327,117809.85054570576,0.38140109084863083,0.6185989091513692,0.001676300541525501,0.0,0.0,0.003014890408368359,0.003014890408368359,0.3545904572973395,0.3545904572973395
2015-07-17,-0.0021937511913654,-0.0021937511913654,-0.00112423834811291,117677.40419393682,0.3821472616114444,0.6178527383885556,-0.0009530541920894819,9.005716321325803,0.0,0.094741343477529,0.094741343477529,11.161463515587066,20.16717983691287
2015-07-20,-0.0030971910568635,-0.0030971910568634,-0.001254924375371469,117529.72795098342,0.3687126628582762,0.6312873371417238,-0.0011041268672093666,9.652898760848114,0.0,0.06876902676443537,0.06876902676443537,8.09256055858212,17.745459319430235
2015-07-21,-0.0066608767502831,-0.0066608767502832,-0.0031363740780706246,117161.11075883526,0.3685660628832908,0.6314339371167093,-0.0031358362324087393,0.0,0.0,0.0005378456618850745,0.0005378456618850745,0.06321285432096943,0.06321285432096943
2015-07-22,-0.0035910608304604,-0.0035910608304604,-0.0018135454830644664,116948.63375562776,0.3640714356523571,0.6359285643476429,-0.0015994125800735243,14.567796476458396,0.0,0.08979303985628136,0.08979303985628136,10.520252287974289,25.088048764432685
2015-07-23,-0.0073909376382645,-0.0073909376382645,-0.00462571492191516,116407.66271536675,0.3618229556391163,0.6381770443608836,-0.004625415432929209,0.0,0.0,0.0002994889859514525,0.0002994889859514525,0.03502482773188077,0.03502482773188077
2015-07-24,-0.0116686297708024,-0.0116686297708023,-0.007353696817453902,115551.63605652952,0.3720867339439305,0.6279132660560696,-0.006815403404556635,33.4373167740858,0.0,0.25105015077761805,0.25105015077761805,29.224161276362928,62.66147805044873
2015-07-27,-0.0061050085194668,-0.0061050085194669,-0.002279615376299489,115288.22277021849,0.3719596577385732,0.6280403422614268,-0.0022794962522133927,0.0,0.0,0.00011912408609644443,0.00011912408609644443,0.013764983042183036,0.013764983042183036
2015-07-28,0.019598094339696,0.0195980943396961,0.007314743563446409,116131.52655566811,0.3715083325612549,0.6284916674387451,0.007315219917558931,0.0,0.0,0.00047635411252220294,0.00047635411252220294,0.05491801904196946,0.05491801904196946
2015-07-29,0.0112742024436467,0.0112742024436468,0.0041976588634002766,116619.00708743473,0.36634129891661815,0.6336587010833818,0.004202840116695591,0.0,0.0,0.005181253295314716,0.005181253295314716,0.6017068546564838,0.6017068546564838
2015-07-30,0.0002343224025611,0.0002343224025611,8.572585318745524e-05,116629.00435131518,0.3667491292288939,0.6332508707711061,8.613339214917127e-05,0.0,0.0,0.000407538961716039,0.000407538961716039,0.04752678906476854,0.04752678906476854
2015-07-31,-0.0012460623107608,-0.0012460623107609,-0.0004586061165235824,116575.5175765556,0.3668103793621773,0.6331896206378227,-0.00045854331340921503,0.0,0.0,6.28031143673668e-05,6.28031143673668e-05,0.007324664698827768,0.007324664698827768
2015-08-03,-0.0053706462048068,-0.0053706462048068,-0.0019767248167238175,116345.0798579396,0.3668250521792753,0.6331749478207247,-0.001976703413116716,0.0,0.0,2.140360710133946e-05,2.140360710133946e-05,0.0024951365758438884,0.0024951365758438884
2015-08-04,0.0004055960188493,0.0004055960188494,0.00014899948375535237,116362.4152147759,0.3671172023005429,0.6328827976994571,0.0001492911257377594,0.0,0.0,0.0002916419824070064,0.0002916419824070064,0.03393110973307099,0.03393110973307099
2015-08-05,0.0054385643958443,0.0054385643958444,0.0020017542126917606,116595.34416963106,0.36546869147668704,0.634531308523313,0.0020034095055909205,0.0,0.0,0.0016552928991597417,0.0016552928991597417,0.19261387963409604,0.19261387963409604
2015-08-06,-0.0048174090183846,-0.0048174090183846,-0.001767163578425053,116389.30112400054,0.36489166076795787,0.6351083392320421,-0.00176659255705255,0.0,0.0,0.0005710213725031946,0.0005710213725031946,0.06657843345522509,0.06657843345522509
2015-08-07,-0.0065849427851527,-0.0065849427851527,-0.002412247063846601,116108.54137410103,0.3661383997006824,0.6338616002993176,-0.0024109920691901543,0.0,0.0,0.0012549946564467218,0.0012549946564467218,0.14606795097818911,0.14606795097818911
2015-08-10,0.0204559060432978,0.0204559060432978,0.007514402102284822,116981.0276414958,0.36718855887484997,0.63281144112515,0.007515427042985841,0.0,0.0,0.0010249407010196544,0.0010249407010196544,0.11900436979034065,0.11900436979034065
2015-08-11,-0.0134277330230566,-0.0134277330230566,-0.004947913063739946,116402.21568661873,0.3679745288620586,0.6320254711379414,-0.004947110267484305,0.0,0.0,0.0008027962556408157,0.0008027962556408157,0.09391193097160759,0.09391193097160759
2015-08-12,0.0008715329136317,0.0008715329136315,0.00032111407681975347,116439.59407664872,0.3686579630616759,0.631342036938324,0.00032179641746824965,0.0,0.0,0.0006823406484961842,0.0006823406484961842,0.07942596333800013,0.07942596333800013
2015-08-13,-0.0011462947009572,-0.0011462947009572,-0.00042413057681207547,116390.20848444923,0.3687554536969045,0.6312445463030956,-0.0004240316435491445,0.0,0.0,9.893326293097041e-05,9.893326293097041e-05,0.011519748976360551,0.011519748976360551
2015-08-14,0.0059454494028226,0.0059454494028228,0.0021996990805847,116646.23191904153,0.36856064438456937,0.6314393556154306,0.002199901330099816,0.0,0.0,0.00020224951511587828,0.00020224951511587828,0.02353986323021584,0.02353986323021584
2015-08-17,0.0050880179735595,0.0050880179735592,0.0018815858301351582,116865.71181615906,0.36858803997270734,0.6314119600272927,0.0018816068942268125,0.0,0.0,2.1064091654403238e-05,2.1064091654403238e-05,0.002457046920283467,0.002457046920283467
2015-08-18,-0.0027322027954611,-0.002732202795461,-0.0010106474043432643,116747.60178785532,0.36877463197951754,0.6312253680204825,-0.0010104574028914546,0.0,0.0,0.00019000145180978286,0.00019000145180978286,0.02220465491185392,0.02220465491185392
2015-08-19,-0.0098785775838603,-0.0098785775838603,-0.0036555278172641474,116320.82768192094,0.3689876043613455,0.6310123956386545,-0.0036553023882532586,0.0,0.0,0.00022542901088863263,0.00022542901088863263,0.026318296394656184,0.026318296394656184
2015-08-20,-0.0202919299076771,-0.0202919299076772,-0.007514100566910284,115446.78128469274,0.3679347455797233,0.6320652544202767,-0.007513073841665727,0.0,0.0,0.0010267252445562433,0.0010267252445562433,0.11942953024870491,0.11942953024870491
2015-08-21,-0.0268779844072363,-0.0268779844072362,-0.009926119353500509,114300.84275468341,0.3656435217173924,0.6343564782826077,-0.009923863602320117,0.0,0.0,0.0022557511803910006,0.0022557511803910006,0.2604192131552873,0.2604192131552873
2015-08-24,-0.0366596583948247,-0.0366596583948248,-0.013452970412361574,112763.15689899668,0.36611185636133636,0.6338881436386636,-0.013452452162272635,0.0,0.0,0.0005182500889384889,0.0005182500889384889,0.05923642192335891,0.05923642192335891
2015-08-25,-0.0135495431244069,-0.0135495431244068,-0.004979146166191411,112201.6926586354,0.36607042995158623,0.6339295700484138,-0.004979123468631526,0.0,0.0,2.269755988422356e-05,2.269755988422356e-05,0.0025594485064490743,0.0025594485064490743
2015-08-26,0.0303093042416335,0.0303093042416335,0.01113507491289892,113451.06691174336,0.363953542993166,0.636046457006834,0.011137232459904244,0.0,0.0,0.002157547005324135,0.002157547005324135,0.24208042598793775,0.24208042598793775
2015-08-27,0.02639215900307,0.02639215900307,0.009637498352032018,114544.45138214156,0.3672057925523344,0.6327942074476656,0.009640716310084407,0.0,0.0,0.003217958052389604,0.003217958052389604,0.3650807743208363,0.3650807743208363
2015-08-28,0.0014227647346769,0.0014227647346769,0.000523154160601601,114604.37578845595,0.36836589713950985,0.6316341028604902,0.0005243124028875181,0.0,0.0,0.0011582422859171468,0.0011582422859171468,0.13267022720797714,0.13267022720797714
2015-08-31,-0.0082017378436787,-0.0082017378436788,-0.003032266499354136,114256.86477907322,0.3680984312479196,0.6319015687520804,-0.0030320098918935542,0.0,0.0,0.00025660746058202413,0.00025660746058202413,0.029408337842663692,0.029408337842663692
2015-09-01,-0.0271835967944149,-0.0271835967944149,-0.010042283182124431,113109.46498746006,0.36814151801752837,0.6318584819824716,-0.01004220312662074,0.0,0.0,8.005550369065673e-05,8.005550369065673e-05,0.009146890860003963,0.009146890860003963
2015-09-02,0.0206087766832494,0.0206087766832494,0.007613390141713595,113970.6114731301,0.3665794879020554,0.6334205120979446,0.007614979639069262,0.0,0.0,0.0015894973556672513,0.0015894973556672513,0.1797871954985053,0.1797871954985053
2015-09-03,0.0016452918351725,0.0016452918351727,0.0006042976182869812,114039.48364219803,0.36759765464324357,0.6324023453567564,0.0006053136052476837,0.0,0.0,0.0010159869607024616,0.0010159869607024616,0.11579265515998656,0.11579265515998656
2015-09-04,-0.0149941526838702,-0.0149941526838702,-0.005531840561440405,113408.63540098039,0.3676824307954533,0.6323175692045466,-0.005531735561853021,0.0,0.0,0.00010499958738427867,0.00010499958738427867,0.01197409872794699,0.01197409872794699
2015-09-08,0.0269944702295574,0.0269944702295574,0.009960073932990135,114538.19379421369,0.3659800725901978,0.6340199274098022,0.009961811753237548,0.0,0.0,0.0017378202474126162,0.0017378202474126162,0.19708382283125891,0.19708382283125891
2015-09-09,-0.0100201030845823,-0.0100201030845824,-0.003681523701169578,114116.51871907113,0.36470217254626236,0.6352978274537376,-0.0036802590347079526,0.0,0.0,0.0012646664616252602,0.0012646664616252602,0.14485261226667656,0.14485261226667656
2015-09-10,0.0009205996480099,0.0009205996480099,0.00033692652918812255,114154.96760164619,0.3647331829086279,0.6352668170913721,0.0003369563290275421,0.0,0.0,2.9799839419532307e-05,2.9799839419532307e-05,0.0034006539329443724,0.0034006539329443724
2015-09-11,0.0041239844881801,0.0041239844881801,0.0015095565062361012,114327.29097570844,0.36475925509444584,0.6352407449055542,0.0015095771775063447,0.0,0.0,2.0671270243438537e-05,2.0671270243438537e-05,0.0023597281849245992,0.0023597281849245992
2015-09-14,-0.0063446608655831,-0.0063446608655831,-0.002323045310822264,114061.7034985083,0.3652127694206633,0.6347872305793367,-0.0023225834337747987,0.0,0.0,0.0004618770474654623,0.0004618770474654623,0.052805151600585014,0.052805151600585014
2015-09-15,0.0153915264749673,0.0153915264749671,0.005641240703512073,114705.153022996,0.364978635596457,0.635021364403543,0.005641494842262654,0.0,0.0,0.0002541387505808438,0.0002541387505808438,0.028987498816233557,0.028987498816233557
2015-09-16,0.0085898959224239,0.0085898959224238,0.003145700673485684,115065.98110011271,0.36557434891202345,0.6344256510879765,0.003146285324989752,0.0,0.0,0.0005846515040680872,0.0005846515040680872,0.06706254023925472,0.06706254023925472
2015-09-17,-0.004410831911898,-0.0044108319118978,-0.0016182076726792669,114879.78044663214,0.36560006654047184,0.6343999334595282,-0.0016181762406091201,0.0,0.0,3.143207014676646e-05,3.143207014676646e-05,0.0036167619894452462,0.0036167619894452462
2015-09-18,-0.0218226089873162,-0.0218226089873163,-0.008007102484230512,113959.92627123006,0.3650906293523708,0.6349093706476292,-0.008006621952489317,0.0,0.0,0.0004805317411958673,0.0004805317411958673,0.05520338092621909,0.05520338092621909
2015-09-21,0.0045987273422125,0.0045987273422123,0.0016849814481231654,114151.94663282657,0.36515079910297227,0.6348492008970277,0.0016850355624183255,0.0,0.0,5.411429516001631e-05,5.411429516001631e-05,0.00616686108665504,0.00616686108665504
2015-09-22,-0.0154014386286934,-0.0154014386286934,-0.005736103516604541,113497.15925031876,0.3645640058850001,0.6354359941149998,-0.005571107645534261,10.441578652218919,0.0,0.07352499422396007,0.07352499422396007,8.393021216832372,18.834599869051292
2015-09-23,-0.0082421643944831,-0.008242164394483,-0.003785799247147149,113067.48179027555,0.36602670535370896,0.633973294646291,-0.0037835513208578555,0.0,0.0,0.002247926289293512,0.002247926289293512,0.25513324803892384,0.25513324803892384
2015-09-24,-0.0046496818793534,-0.0046496818793535,-0.0023929187143204513,112796.92049711851,0.3499999999999999,0.6500000000000001,-0.001968906491329447,29.422925702498546,0.0,0.1637877514044348,0.1637877514044348,18.51906859939111,47.94199430188966
2015-09-25,0.0008110646773045,0.0008110646773046,0.0007037039413362939,112876.29613464292,0.35000000000000003,0.6499999999999999,0.0007041238519765258,0.0,0.0,0.0004199106402318478,0.0004199106402318478,0.04736462710212587,0.04736462710212587
2015-09-28,-0.0085366143020617,-0.0085366143020618,-0.007301618169607776,112052.1165198682,0.35392990030068455,0.6460700996993154,-0.006886131027948057,23.7906092495162,0.0,0.20472004472080094,0.20472004472080094,23.10804039260247,46.89864964211867
2015-09-29,0.0049272772986581,0.0049272772986583,0.0017450001310281055,112247.64747787734,0.3539819930498511,0.6460180069501489,0.0017450510890424506,0.0,0.0,5.0958014345052655e-05,5.0958014345052655e-05,0.005709953361012956,0.005709953361012956
2015-09-30,0.0185932585149313,0.0185932585149309,0.006584935608755303,112986.79100875341,0.352960520543654,0.647039479456346,0.00658596128566716,0.0,0.0,0.0010256769118564863,0.0010256769118564863,0.11512982042826474,0.11512982042826474
2015-10-01,0.0058964400634557,0.0058964400634558,0.0020824529296718875,113222.08068270383,0.352874746964434,0.647125253035566,0.002082540024928692,0.0,0.0,8.709525680415114e-05,8.709525680415114e-05,0.009840613578384333,0.009840613578384333
2015-10-02,0.0198180336908295,0.0198180336908296,0.006997156846288097,114014.3133397038,0.35231123971177825,0.6476887602882218,0.006997724708321891,0.0,0.0,0.0005678620337941519,0.0005678620337941519,0.06429452100688575,0.06429452100688575
2015-10-05,0.0269810306215607,0.0269810306215606,0.009511546524978983,115098.76578554792,0.35241005065460096,0.647589949345399,0.009511639572207534,0.0,0.0,9.304722854993079e-05,9.304722854993079e-05,0.010608715871282842,0.010608715871282842
2015-10-06,0.0074805432386055,0.0074805432386057,0.002637775201186708,115402.37045562424,0.3524534806940478,0.6475465193059522,0.0026378170446714156,0.0,0.0,4.184348470767185e-05,4.184348470767185e-05,0.0048161334460194785,0.0048161334460194785
2015-10-07,0.0132006545898675,0.0132006545898674,0.004655241723148322,115939.59638551947,0.35228123937589906,0.6477187606241009,0.004655416728055701,0.0,0.0,0.0001750049073789206,0.0001750049073789206,0.020195981152894404,0.020195981152894404
2015-10-08,0.0139600846941776,0.0139600846941776,0.004920598851116383,116510.08863029296,0.35208590691519537,0.6479140930848046,0.004920797064485984,0.0,0.0,0.00019821336960010669,0.00019821336960010669,0.022980778069650164,0.022980778069650164
2015-10-09,0.0008463873094755,0.0008463873094753,0.00022362491013890073,116536.14318839317,0.34331974406563776,0.6566802559343623,0.0003670429833100949,9.722078032888708,0.0,0.059973985648966145,0.059973985648966145,6.987574383472964,16.709652416361674
2015-10-12,-0.005205579892529,-0.0052055798925289,-0.0022225068990831542,116277.14080616442,0.3433378068450932,0.6566621931549068,-0.0022220516873589996,0.0,0.0,0.0004552117241547315,0.0004552117241547315,0.05304861866713112,0.05304861866713112
2015-10-13,-0.0044533254737642,-0.0044533254737642,-0.0019041677908515698,116055.72961982901,0.3436610744556779,0.6563389255443222,-0.0019034683747559283,0.0,0.0,0.000699416095641426,0.000699416095641426,0.08132610383499586,0.08132610383499586
2015-10-14,0.0027702917703316,0.0027702917703314,0.0011862920123486959,116193.40560486431,0.34411318586694545,0.6558868141330545,0.001186510302656334,0.0,0.0,0.0002182903076382271,0.0002182903076382271,0.02533384092189138,0.02533384092189138
2015-10-15,0.0037660709263658,0.0037660709263657,0.0016136954821764642,116380.90637854756,0.34475892600245206,0.6552410739975479,0.001614024346009265,0.0,0.0,0.0003288638328007866,0.0003288638328007866,0.03821180871339208,0.03821180871339208
2015-10-16,-0.0007136178486611,-0.0007136178486611,-0.00030625686373222726,116345.26392716175,0.344828558463529,0.655171441536471,-0.00030612708738709464,0.0,0.0,0.00012977634513265505,0.00012977634513265505,0.015103488673033605,0.015103488673033605
2015-10-19,-0.0042324043379105,-0.0042324043379105,-0.001872709924993725,116127.38299667936,0.3361444347015936,0.6638555652984064,-0.0017320684969732553,7.675916976023934,0.0,0.07466609978682998,0.07466609978682998,8.68704708611053,16.362964062134463
2015-10-20,0.0017959719173965,0.0017959719173965,0.0005281845679183336,116188.71968829095,0.34619378367512577,0.6538062163248742,0.0006693612541834794,7.624376922844367,0.0,0.07552139699489345,0.07552139699489345,8.77010219327026,16.394479116114628
2015-10-21,-0.0084086768684247,-0.0084086768684246,-0.0036169470744010852,115768.47123853597,0.3472592698934115,0.6527407301065885,-0.0036151714772731276,0.0,0.0,0.001775597127957521,0.001775597127957521,0.20630435697959087,0.20630435697959087
2015-10-22,0.0183760879887926,0.0183760879887925,0.00793778268488956,116687.41620498936,0.34547446443816565,0.6545255355618343,0.007941099176227989,0.0,0.0,0.0033164913384280824,0.0033164913384280824,0.38394513212566517,0.38394513212566517
2015-10-23,0.0069904976711188,0.0069904976711189,0.002991528615351653,117036.48994961804,0.34540533423504055,0.6545946657649595,0.0029921708715512996,0.0,0.0,0.0006422561996464381,0.0006422561996464381,0.07494321647837866,0.07494321647837866
2015-10-26,-0.0065644649186773,-0.0065644649186772,-0.002832095743391804,116705.03140461021,0.3826052006020726,0.6173947993979274,-0.002722846887757808,8.568440733400227,0.0,0.03603715271049955,0.03603715271049955,4.217661861015232,12.786102594415457
2015-10-27,-0.0011907262051442,-0.0011907262051442,-0.0004557249164683423,116651.84601392191,0.38275207848905424,0.6172479215109458,-0.00045557803858136065,0.0,0.0,0.0001468778869816445,0.0001468778869816445,0.01714138841283561,0.01714138841283561
2015-10-28,0.0164514078252162,0.0164514078252163,0.0062958476017345045,117386.26825888656,0.3817891410508964,0.6182108589491035,0.006296810539172662,0.0,0.0,0.0009629374381578404,0.0009629374381578404,0.11232842975702885,0.11232842975702885
2015-10-29,1.6912041947980683e-05,1.6912041947729182e-05,6.336576014912529e-06,117387.0120858985,0.38166888309716873,0.6183311169028313,6.4568339686401385e-06,0.0,0.0,0.00012025795372760936,0.00012025795372760936,0.014116632416533919,0.014116632416533919
2015-10-30,-0.0012937262544333,-0.0012937262544333,-0.0004940998345561241,117329.01118264782,0.3813441031041039,0.6186558968958962,-0.0004937750545630593,0.0,0.0,0.0003247799930648498,0.0003247799930648498,0.03812495297116156,0.03812495297116156
2015-11-02,0.0119300304684097,0.0119300304684099,0.004548320176638598,117862.6610915149,0.3802175107622858,0.6197824892377142,0.004549446768980415,0.0,0.0,0.0011265923418180557,0.0011265923418180557,0.13218196547145605,0.13218196547145605
2015-11-03,0.0027110565455394,0.0027110565455393,0.001030381456850189,117984.10459195863,0.380627225192888,0.6193727748071121,0.0010307911712807913,0.0,0.0,0.000409714430602115,0.000409714430602115,0.048290033078360085,0.048290033078360085
2015-11-04,-0.0049662810793328,-0.0049662810793328,-0.0018903030799136606,117761.0788756676,0.3806285183521634,0.6193714816478366,-0.0018903017867543852,0.0,0.0,1.2931592753839816e-06,1.2931592753839816e-06,0.00015257223920096512,0.00015257223920096512
2015-11-05,-0.0035610944723433,-0.0035610944723433,-0.0013554775065766382,117601.45638210145,0.3806519122086758,0.6193480877913242,-0.0013554541127201258,0.0,0.0,2.3393856512343714e-05,2.3393856512343714e-05,0.0027548857819561586,0.0027548857819561586
2015-11-06,0.0021896770128093,0.0021896770128093,0.0008334165571785823,117699.46738299861,0.3805637273420007,0.6194362726579993,0.0008335047420452572,0.0,0.0,8.818486667494517e-05,8.818486667494517e-05,0.010370668751834997,0.010370668751834997
2015-11-09,-0.0079627437804282,-0.0079627437804283,-0.0030306390661050094,117342.76277908795,0.3802561141861287,0.6197438858138713,-0.0030303314529491372,0.0,0.0,0.0003076131558721329,0.0003076131558721329,0.036205904606153375,0.036205904606153375
2015-11-10,-0.0025804518031616,-0.0025804518031618,-0.0009816340598919268,117227.57512646218,0.38065759856315984,0.6193424014368402,-0.0009812325755148956,0.0,0.0,0.000401484377031247,0.000401484377031247,0.047111286013487526,0.047111286013487526
2015-11-11,-0.0029780326259277,-0.0029780326259276,-0.001133743817226685,117094.66908795407,0.3805245291648232,0.6194754708351768,-0.0011336107478283482,0.0,0.0,0.00013306939833662712,0.00013306939833662712,0.015599402890540078,0.015599402890540078
2015-11-12,-0.019379386601852,-0.019379386601852,-0.007374706986994591,116231.13021369131,0.3801495043430536,0.6198504956569464,-0.007374331962172822,0.0,0.0,0.0003750248217695428,0.0003750248217695428,0.04391340740487357,0.04391340740487357
2015-11-13,0.0058920706663241,0.0058920706663242,0.0022383427909986246,116491.29532609474,0.38167445670183164,0.6183255432981684,0.0022398677433574025,0.0,0.0,0.0015249523587779756,0.0015249523587779756,0.1772469361827986,0.1772469361827986
2015-11-16,0.0119532744676049,0.0119532744676049,0.004562135467497004,117022.74439615659,0.3815503859678371,0.6184496140321629,0.004562259538230999,0.0,0.0,0.000124070733994619,0.000124070733994619,0.014453160515092505,0.014453160515092505
2015-11-17,-0.0005939494715971,-0.0005939494715972,-0.00022664549793426908,116996.22171798327,0.3815265381668839,0.618473461833116,-0.00022662165013331598,0.0,0.0,2.3847800953102898e-05,2.3847800953102898e-05,0.00279073511534538,0.00279073511534538
2015-11-18,0.0179707036880238,0.017970703688024,0.00685573242067191,117798.31650831139,0.3809585923241089,0.6190414076758911,0.006856300366514686,0.0,0.0,0.0005679458427751972,0.0005679458427751972,0.06644751774513384,0.06644751774513384
2015-11-19,-0.0047461759278208,-0.004746175927821,-0.0018084998339377636,117585.27827246796,0.38055525877161855,0.6194447412283814,-0.0018080965003852733,0.0,0.0,0.0004033335524903371,0.0004033335524903371,0.04751201347467835,0.04751201347467835
2015-11-20,0.0010079789809538,0.0010079789809536,0.00038332566504072296,117630.35172746074,0.38082129566407374,0.6191787043359263,0.00038359170193317827,0.0,0.0,0.0002660368924553014,0.0002660368924553014,0.03128202203009925,0.03128202203009925
2015-11-23,0.0012770653277291,0.0012770653277292,0.0004862962285038597,117687.5549238634,0.3807838514144306,0.6192161485855694,0.0004863336727535028,0.0,0.0,3.7444249643081566e-05,3.7444249643081566e-05,0.004404580255686531,0.004404580255686531
2015-11-24,0.0071251061624133,0.0071251061624133,0.002713061944646255,118006.8485504858,0.38072042980024323,0.6192795701997568,0.0027131253662604424,0.0,0.0,6.342161418737557e-05,6.342161418737557e-05,0.007463934703036836,0.007463934703036836
2015-11-25,-0.0013182447360045,-0.0013182447360044,-0.000502425950246098,117947.55884746728,0.38126367757281626,0.6187363224271838,-0.0005018827024735249,0.0,0.0,0.00054324777257303,0.00054324777257303,0.06410695762341431,0.06410695762341431
2015-11-27,0.0003121535301229,0.0003121535301228,0.0001189651723047813,117961.5904991285,0.38131130812999364,0.6186886918700063,0.00011901280286195868,0.0,0.0,4.763055717738051e-05,4.763055717738051e-05,0.005617907945616743,0.005617907945616743
2015-11-30,-0.0020198952407814,-0.0020198952407814,-0.0007705036197639502,117870.70066665582,0.38160603134601107,0.618393968653989,-0.0007702088965479327,0.0,0.0,0.00029472321601747836,0.00029472321601747836,0.03476601931843997,0.03476601931843997
2015-12-01,0.0088211683840193,0.0088211683840195,0.003365898305933476,118267.44145834891,0.381293278418894,0.618706721581106,0.003366211058860593,0.0,0.0,0.00031275292711718805,0.00031275292711718805,0.036864406654850496,0.036864406654850496
2015-12-02,-0.0119637007652383,-0.0119637007652384,-0.004561956534234999,117727.91053100073,0.38157112585350383,0.6184288741464962,-0.004561678686800389,0.0,0.0,0.00027784743460984584,0.00027784743460984584,0.03286030520707237,0.03286030520707237
2015-12-03,-0.0129197309074672,-0.0129197309074672,-0.004931133823148296,117147.37844945275,0.3802335707917971,0.6197664292082029,-0.0049297962680865896,0.0,0.0,0.001337555061706741,0.001337555061706741,0.15746756263489836,0.15746756263489836
2015-12-04,0.0172499268239334,0.0172499268239335,0.006558645653242401,117915.70659390902,0.3798779518727411,0.6201220481272589,0.0065590012721614575,0.0,0.0,0.00035561891905599996,0.00035561891905599996,0.04165982409443853,0.04165982409443853
2015-12-07,-0.0149575252176489,-0.0149575252176489,-0.00568246553062924,117245.65465566934,0.38030943773664017,0.6196905622633598,-0.005682034044765341,0.0,0.0,0.00043148586389901716,0.00043148586389901716,0.05087896052693587,0.05087896052693587
2015-12-08,-0.0121781283799943,-0.0121781283799944,-0.0046337762720951945,116702.36452311964,0.3826285529515355,0.6173714470484645,-0.004631457156880299,0.0,0.0,0.0023191152148954175,0.0023191152148954175,0.2719061815923365,0.2719061815923365
2015-12-09,0.0141262151064081,0.0141262151064081,0.00539982651453161,117332.53704538012,0.38789528326698614,0.6121047167330138,0.005405093244847061,0.0,0.0,0.005266730315450608,0.005266730315450608,0.6146398811186818,0.6146398811186818
2015-12-10,-0.0025324811082103,-0.0025324811082102,-0.0009831055220109533,117217.18678029925,0.3886633284404423,0.6113366715595576,-0.0009823374768374972,0.0,0.0,0.0007680451734561334,0.0007680451734561334,0.09011668876706717,0.09011668876706717
2015-12-11,-0.0234439089092439,-0.0234439089092441,-0.009112076520902549,116149.09480479223,0.3889521810216247,0.6110478189783752,-0.009111787668321367,0.0,0.0,0.00028885258118249707,0.00028885258118249707,0.03385848696044032,0.03385848696044032
2015-12-14,-0.0081519564756672,-0.0081519564756671,-0.003171182418661409,115780.76483740383,0.38941334887894824,0.6105866511210518,-0.003170721250804086,0.0,0.0,0.00046116785732341903,0.00046116785732341903,0.05356422918118069,0.05356422918118069
2015-12-15,0.0083360833098413,0.0083360833098413,0.0032461068113449356,116156.60156676525,0.38946762467206625,0.6105323753279337,0.003397074132630759,17.47282783108737,0.0,5.4275793118008244e-05,5.4275793118008244e-05,0.0062840928393596935,17.47911192392673
2015-12-16,0.0118027587957909,0.0118027587957907,0.004596256015112772,116690.48704541156,0.38893120701086675,0.6110687929891332,0.004596792432773972,0.0,0.0,0.0005364176611994398,0.0005364176611994398,0.0623084525453194,0.0623084525453194
2015-12-17,-0.0163249400255184,-0.0163249400255184,-0.006349331339243518,115949.58047902252,0.38898391774950025,0.6110160822504997,-0.006349278628504885,0.0,0.0,5.271073863344356e-05,5.271073863344356e-05,0.006150841763659921,0.006150841763659921
2015-12-18,-0.0140545891447751,-0.0140545891447751,-0.005467107121246361,115315.67170188016,0.38888594439737567,0.6111140556026243,-0.005467009147894236,0.0,0.0,9.79733521245807e-05,9.79733521245807e-05,0.011359969076968684,0.011359969076968684
2015-12-21,0.0087264355599454,0.0087264355599454,0.0033928345749193625,115706.91869986035,0.3881323853645147,0.6118676146354853,0.0033935881339522233,0.0,0.0,0.0007535590328608954,0.0007535590328608954,0.08689716604137333,0.08689716604137333
2015-12-22,0.0107903823193526,0.0107903823193526,0.004187024946228293,116191.3864549079,0.3870605029873968,0.6129394970126032,0.0041880968286054105,0.0,0.0,0.0010718823771179165,0.0010718823771179165,0.12402420706499583,0.12402420706499583
2015-12-23,0.0182817040495193,0.0182817040495194,0.006861054409019073,116988.58187923438,0.36676108755414566,0.6332389124458544,0.007316039024747797,27.87587753195984,0.0,0.21507115585467315,0.21507115585467315,24.989415785214057,52.865293317173894
2015-12-24,0.0005559919782154,0.0005559919782154,0.000520018160216248,117049.41806634952,0.366771455582412,0.633228544417588,0.0005203240241671034,0.0,0.0,0.00030586395085548796,0.00030586395085548796,0.03578258985856338,0.03578258985856338
2015-12-28,-0.0018284226451283,-0.0018284226451283,-0.0017109623830428161,116849.15091508094,0.3669928108855293,0.6330071891144706,-0.0017097000375671002,0.0,0.0,0.0012623454757158085,0.0012623454757158085,0.14775680333122454,0.14775680333122454
2015-12-29,0.0045028261466266,0.0045028261466268,0.004222294898475567,117342.5224888809,0.3668660309140861,0.6331339690859139,0.004224982624751303,0.0,0.0,0.00268772627573606,0.00268772627573606,0.31405853321191135,0.31405853321191135
2015-12-30,-0.0027951815160842,-0.0027951815160842,-0.0026053468465842646,117036.80451794424,0.3669980253285344,0.6330019746714656,-0.002603632253414103,0.0,0.0,0.0017145931701615298,0.0017145931701615298,0.20119468762896092,0.20119468762896092
2015-12-31,-0.00417861953737,-0.0041786195373701,-0.0039128672355877425,116578.85504018811,0.36694299831480187,0.6330570016851982,-0.0039105352982060256,0.0,0.0,0.002331937381717282,0.002331937381717282,0.27292249949213226,0.27292249949213226
2016-01-04,-0.0080046624844074,-0.0080046624844075,-0.0075434332109290065,115699.45023338588,0.3667125325981946,0.6332874674018054,-0.007539024773873276,0.0,0.0,0.004408437055729985,0.004408437055729985,0.5139305444737396,0.5139305444737396
2016-01-05,0.0013584846378233,0.0013584846378235,0.0012940930462264542,115849.17608738512,0.36657267319317793,0.633427326806822,0.0012950286799222118,0.0,0.0,0.0009356336957576743,0.0009356336957576743,0.10825230421899394,0.10825230421899394
2016-01-06,-0.0044697784809774,-0.0044697784809774,-0.004252747028851228,115356.49884798462,0.3665529475616157,0.6334470524383843,-0.004250143383859725,0.0,0.0,0.002603644991502845,0.002603644991502845,0.3016301270896514,0.3016301270896514
2016-01-07,-0.0095479464691198,-0.0095479464691198,-0.009133968592749852,114302.83621053754,0.3743054757342614,0.6256945242657386,-0.008574389541185886,26.256964086242863,0.0,0.3319632314891551,0.3319632314891551,38.294116130851975,64.55108021709484
2016-01-08,-0.014673984591052,-0.0146739845910519,-0.005618283744020364,113660.65044396045,0.37432827578527317,0.6256717242147268,-0.0056181334930467015,0.0,0.0,0.00015025097366264182,0.00015025097366264182,0.01717411243303474,0.01717411243303474
2016-01-11,-0.0037865568649693,-0.0037865568649692,-0.0015164556735631737,113488.28910573383,0.36356842801607414,0.6364315719839259,-0.0013736652223202738,8.712251798472021,0.0,0.06613901766019711,0.06613901766019711,7.517403766982591,16.229655565454614
2016-01-12,0.0052462069437546,0.0052462069437547,0.002454997050988427,113766.90252081012,0.36289849560259774,0.6371015043974022,0.0024562129767728745,0.0,0.0,0.0012159257844473188,0.0012159257844473188,0.1379933369564735,0.1379933369564735
2016-01-13,-0.0228801446492752,-0.0228801446492752,-0.010679356480553475,112551.94521310201,0.3633813799191623,0.6366186200808377,-0.01067644474918831,0.0,0.0,0.0029117313651640104,0.0029117313651640104,0.3312586583873993,0.3312586583873993
2016-01-14,0.0122197856972199,0.0122197856972197,0.005704104375493155,113193.95325626232,0.3617777601722344,0.6382222398277656,0.006024052914444692,23.96894507496138,0.0,0.10698958004967721,0.10698958004967721,12.04188535212406,36.01083042708544
2016-01-15,-0.0159967695011113,-0.0159967695011112,-0.005807725806526515,112536.55381279315,0.3613904146094285,0.6386095853905716,-0.005807358870887337,0.0,0.0,0.000366935639178335,0.000366935639178335,0.04153489558920919,0.04153489558920919
2016-01-19,-0.008127284837137,-0.0081272848371371,-0.002949348130165971,112204.64433823005,0.36324635932522253,0.6367536406747775,-0.002947481741665843,0.0,0.0,0.0018663885001281217,0.0018663885001281217,0.21003692988024666,0.21003692988024666
2016-01-20,2.1737875204985713e-05,2.1737875205003304e-05,-8.397381333621204e-05,112195.22208637094,0.3651528888494927,0.6348471111505073,7.980724724992262e-05,10.105715545188295,0.0,0.07371602268337554,0.07371602268337554,8.271280107217052,18.37699565240535
2016-01-21,-0.0006431130098295,-0.0006431130098295,-0.00029375905767931384,112162.26372365472,0.3650730579236454,0.6349269420763546,-0.0002937381682543711,0.0,0.0,2.088942494276313e-05,2.088942494276313e-05,0.002343693670709886,0.002343693670709886
2016-01-22,0.0144653203772135,0.0144653203772133,0.006533350656926688,112895.05912303606,0.3651365103744003,0.6348634896255997,0.006698127358675548,8.20972779007602,0.0,0.091581604596549,0.091581604596549,10.272000086993598,18.481727877069616
2016-01-25,-0.0178453861278607,-0.0178453861278606,-0.006577779828506066,112152.46028039856,0.35369213039292624,0.6463078696070738,-0.006444014516313329,8.127033147356943,0.0,0.06177781149529829,0.06177781149529829,6.974409681253477,15.101442828610418
2016-01-26,0.0155558459600197,0.0155558459600198,0.006797653048663466,112914.83379393871,0.35,0.65,0.0069730145779374215,10.200000337242427,0.0,0.08441390037895938,0.08441390037895938,9.467226609364763,19.66722694660719
2016-01-27,-0.0082535825802476,-0.0082535825802477,-0.00481399298727982,112371.26257589483,0.35,0.65,-0.004812053681279405,0.0,0.0,0.0019393060004154721,0.0019393060004154721,0.21897641471250107,0.21897641471250107
2016-01-28,-0.0001198902938625,-0.0001198902938623,-7.031695577260284e-05,112363.36097079415,0.35,0.65,-7.02886253535588e-05,0.0,0.0,2.8330419044029905e-05,2.8330419044029905e-05,0.003183524957281816,0.003183524957281816
2016-01-29,0.019178143294098,0.0191781432940978,0.011149332900033436,113616.13748802418,0.3496238741284439,0.6503761258715561,0.011480652974341124,15.81829509129627,0.0,0.19054202215056296,0.19054202215056296,21.40994201500876,37.22823710630503
2016-02-01,-0.0041428466908314,-0.0041428466908313,-0.001449182260562263,113451.48699706294,0.34887972353482655,0.6511202764651735,-0.0014484381099686455,0.0,0.0,0.0007441505936174321,0.0007441505936174321,0.08454751615623297,0.08454751615623297
2016-02-02,-0.0212679262406506,-0.0212679262406506,-0.007420249555848219,112609.64865106267,0.34857839468389196,0.651421605316108,-0.007419948226997285,0.0,0.0,0.00030132885093447914,0.00030132885093447914,0.034186206213632976,0.034186206213632976
2016-02-03,0.0042043632010499,0.0042043632010499,0.0014644166774952483,112774.55609859417,0.3497118924786784,0.6502881075213216,0.0014655501752900348,0.0,0.0,0.0011334977947863867,0.0011334977947863867,0.12764278841764934,0.12764278841764934
2016-02-04,0.0065429559460432,0.0065429559460433,0.0022870493790442346,113032.47707709145,0.3508120197298917,0.6491879802701084,0.002288149506295448,0.0,0.0,0.0011001272512132787,0.0011001272512132787,0.12406636240754411,0.12406636240754411
2016-02-05,-0.0238045527077163,-0.0238045527077163,-0.008351888652767595,112088.44241439708,0.34984658112292766,0.6501534188770723,-0.008350923214160632,0.0,0.0,0.0009654386069640198,0.0009654386069640198,0.10912591721099967,0.10912591721099967
2016-02-08,-0.0147922187017472,-0.0147922187017471,-0.005175023112909926,111508.3821342125,0.34983060824189083,0.6501693917581092,-0.005175007140028889,0.0,0.0,1.597288103682981e-05,1.597288103682981e-05,0.0017903753562887135,0.0017903753562887135
2016-02-09,-0.0041286322143415,-0.0041286322143416,-0.0014447337329678712,111347.28221303453,0.3502424224595436,0.6497575775404564,-0.0014443219187502184,0.0,0.0,0.0004118142176527951,0.0004118142176527951,0.045920737150329634,0.045920737150329634
2016-02-10,-0.0006607240572211,-0.0006607240572211,-0.00023145808722075927,111321.50998407629,0.3502869153018713,0.6497130846981287,-0.00023141359437843162,0.0,0.0,4.449284232765916e-05,4.449284232765916e-05,0.004954157071117913,0.004954157071117913
2016-02-11,-0.0126357869336949,-0.0126357869336948,-0.0044272999874027915,110828.65626432611,0.35143607528898885,0.6485639247110111,-0.0044261508274156735,0.0,0.0,0.001149159987117565,0.001149159987117565,0.127926224979209,0.127926224979209
2016-02-12,0.0190210894373261,0.0190210894373259,0.00659726877071574,111559.82269719912,0.3522770020072158,0.6477229979927842,0.006755199245476036,9.749874606973256,0.0,0.0699579689516914,0.0699579689516914,7.753347693897405,17.503222300870664
2016-02-16,0.0183154952758728,0.0183154952758728,0.008030156299228233,112455.66551017184,0.3522537424275152,0.6477462575724848,0.008031730750940633,0.0,0.0,0.0015744517124009587,0.0015744517124009587,0.1756455538807525,0.1756455538807525
2016-02-17,0.0125904286772997,0.0125904286772998,0.00549504956394531,113073.61496589669,0.35175120536589666,0.6482487946341033,0.005496600476367743,0.0,0.0,0.001550912422433307,0.001550912422433307,0.1744088886127303,0.1744088886127303
2016-02-18,-0.0030071069623276,-0.0030071069623277,-0.001307398371265767,112925.78270585714,0.351151830601669,0.648848169398331,-0.001307049043966315,0.0,0.0,0.0003493272994520203,0.0003493272994520203,0.03949970055531424,0.03949970055531424
2016-02-19,0.0026166930299953,0.0026166930299953,0.001135368495755791,113053.99508189992,0.3505131172712391,0.6494868827287609,0.0011362240092483906,0.0,0.0,0.00085551349259961,0.00085551349259961,0.09660953076723248,0.09660953076723248
2016-02-22,0.0102105523876427,0.0102105523876429,0.004422554818045573,113553.98257254869,0.3510584029892608,0.6489415970107393,0.004422844914977761,0.0,0.0,0.00029009693218835406,0.00029009693218835406,0.032796617144896435,0.032796617144896435
2016-02-23,-0.0075933850065665,-0.0075933850065666,-0.0032869180911972756,113180.73993290347,0.350884853859354,0.649115146140646,-0.0032864661461767903,0.0,0.0,0.0004519450204853686,0.0004519450204853686,0.05132015697994571,0.05132015697994571
2016-02-24,0.0059418389029284,0.0059418389029284,0.002574433910229563,113472.11626777163,0.35082302380515135,0.6491769761948487,0.002574982927149931,0.0,0.0,0.000549016920368309,0.000549016920368309,0.062138141282969156,0.062138141282969156
2016-02-25,0.0082391736669613,0.0082391736669613,0.0035642065149180417,113876.55432383475,0.35071091423664486,0.6492890857633551,0.0035649876084007997,0.0,0.0,0.0007810934827582038,0.0007810934827582038,0.08863233049153758,0.08863233049153758
2016-02-26,0.0041212341573146,0.0041212341573145,0.0017787837114066661,114079.1160837771,0.35058323868333846,0.6494167613166615,0.001779243898700834,0.0,0.0,0.00046018729416797056,0.00046018729416797056,0.05240454340345742,0.05240454340345742
2016-02-29,-0.0041871111986906,-0.0041871111986904,-0.0018429579465717252,113868.87307025262,0.3710103462794094,0.6289896537205906,-0.001724818712291797,7.901864720371832,0.0,0.04887270249361159,0.04887270249361159,5.57535470109662,13.477219421468453
2016-03-01,0.0233938296888298,0.0233938296888299,0.008679216374088946,114857.16565790301,0.3708738667140129,0.6291261332859871,0.008679352853654341,0.0,0.0,0.00013647956539641903,0.00013647956539641903,0.015540774308808082,0.015540774308808082
2016-03-02,0.0084843045045324,0.0084843045045324,0.0031461868734033423,115218.5277648122,0.37129381128571914,0.6287061887142809,0.0031466068179750485,0.0,0.0,0.0004199445717061877,0.0004199445717061877,0.04823364323959473,0.04823364323959473
2016-03-03,0.0091021799657886,0.0091021799657887,0.0033794797597787585,115607.90644734491,0.37139714201317114,0.6286028579868288,0.0033795830905062104,0.0,0.0,0.0001033307274519446,0.0001033307274519446,0.011905614289880122,0.011905614289880122
2016-03-04,0.0049499006895279,0.0049499006895278,0.001838328724902578,115820.43178259292,0.37144738645025327,0.6285526135497468,0.0018383789693396603,0.0,0.0,5.024443708229186e-05,5.024443708229186e-05,0.005808654181709104,0.005808654181709104
2016-03-07,0.0071314469771748,0.0071314469771749,0.002648422764445549,116127.17325071387,0.37198196328491434,0.6280180367150856,0.0026489573412802098,0.0,0.0,0.0005345768346609048,0.0005345768346609048,0.06191491981139778,0.06191491981139778
2016-03-08,-0.0206325623345661,-0.0206325623345661,-0.007676420667528696,115235.7322179104,0.3734615860033225,0.6265384139966774,-0.007674941044810288,0.0,0.0,0.0014796227184082356,0.0014796227184082356,0.17182440376628538,0.17182440376628538
2016-03-09,0.0040003426122807,0.0040003426122805,0.0014939559384822645,115407.8893243827,0.37347994406004437,0.6265200559399556,0.0014939742965389864,0.0,0.0,1.8358056721901047e-05,1.8358056721901047e-05,0.002115504108446199,0.002115504108446199
2016-03-10,-0.0054421941004562,-0.0054421941004561,-0.002032727720366076,115173.29650860408,0.37365731622384657,0.6263426837761534,-0.002032550348202274,0.0,0.0,0.0001773721638021475,0.0001773721638021475,0.02047014704930452,0.02047014704930452
2016-03-11,0.020879804422992,0.020879804422992,0.007801116078946219,116071.7767638626,0.37443292125165417,0.6255670787483458,0.007801891683974027,0.0,0.0,0.0007756050278076021,0.0007756050278076021,0.08932898784124907,0.08932898784124907
2016-03-14,-0.001979658487477,-0.001979658487477,-0.0007413351557468805,115985.72867515753,0.37451876645185556,0.6254812335481444,-0.0007412493105466791,0.0,0.0,8.58452002014398e-05,8.58452002014398e-05,0.009964204914030614,0.009964204914030614
2016-03-15,-0.0096643296239772,-0.0096643296239773,-0.0036209463542788054,115565.75057376284,0.37599231137455036,0.6240076886254496,-0.0036194728093561107,0.0,0.0,0.0014735449226948025,0.0014735449226948025,0.17091018159433535,0.17091018159433535
2016-03-16,0.0045571163882147,0.004557116388215,0.0017131737792697758,115763.73478742743,0.3762592561125789,0.6237407438874212,0.0017134407240078041,0.0,0.0,0.0002669447380284074,0.0002669447380284074,0.03084966901196939,0.03084966901196939
2016-03-17,0.0160554240747377,0.0160554240747377,0.00604075303120842,116463.03491924859,0.37601036838817026,0.6239896316118297,0.006041001918932828,0.0,0.0,0.0002488877244085641,0.0002488877244085641,0.028812172520279344,0.028812172520279344
2016-03-18,0.008902621276243,0.0089026212762429,0.0033462061072425547,116852.74423796337,0.37473856993026405,0.6252614300697359,0.003347477905700461,0.0,0.0,0.0012717984579061477,0.0012717984579061477,0.1481175082133702,0.1481175082133702
2016-03-21,-0.0005552347548761,-0.0005552347548761,-0.00020817951456334166,116828.4178903925,0.3746269333847864,0.6253730666152135,-0.00020806787801786402,0.0,0.0,0.00011163654547763356,0.00011163654547763356,0.013045036696307681,0.013045036696307681
2016-03-22,-0.0024815034363,-0.0024815034363001,-0.0009301533470283082,116719.74954646373,0.37411160888141287,0.6258883911185871,-0.0009296380225249346,0.0,0.0,0.0005153245033736042,0.0005153245033736042,0.06020454642929042,0.06020454642929042
2016-03-23,-0.0139419641028488,-0.0139419641028485,-0.005217206637801415,116110.79849436741,0.3754676251992598,0.6245323748007402,-0.005215850621483569,0.0,0.0,0.0013560163178468756,0.0013560163178468756,0.15827388500000528,0.15827388500000528
2016-03-24,1.7721463095199397e-05,1.7721463094872476e-05,6.640432788141036e-06,116111.56952032077,0.37548102807440686,0.6245189719255931,6.653835663288153e-06,0.0,0.0,1.3402875147117136e-05,1.3402875147117136e-05,0.001556218535452083,0.001556218535452083
2016-03-28,0.001401404782183,0.0014014047821831,0.000525590645910727,116172.59667514267,0.37487076562259963,0.6251292343774004,0.0005262009083625342,0.0,0.0,0.0006102624518072308,0.0006102624518072308,0.07085853109865668,0.07085853109865668
2016-03-29,0.0184624689629633,0.0184624689629632,0.006916909191207189,116976.15197685138,0.3790014498449328,0.6209985501550672,0.006921039875429522,0.0,0.0,0.0041306842223331475,0.0041306842223331475,0.4798723121534841,0.4798723121534841
2016-03-30,0.0015035296390015,0.0015035296390015,0.0005697251222374818,117042.79622933526,0.37888665901598384,0.6211133409840162,0.0005698399130664308,0.0,0.0,0.00011479082894894076,0.00011479082894894076,0.013427789452680045,0.013427789452680045
2016-03-31,0.0008192116071683,0.0008192116071683,0.0003098524979891922,117079.06223211857,0.37835080813805344,0.6216491918619466,0.00031038834886712257,0.0,0.0,0.0005358508779303438,0.0005358508779303438,0.06271748511491164,0.06271748511491164
2016-04-01,0.0053141425533491,0.0053141425533494,0.002010535999088818,117314.45390147579,0.3784249386698191,0.6215750613301809,0.0020106101296205837,0.0,0.0,7.41305317655816e-05,7.41305317655816e-05,0.00867913314188257,0.00867913314188257
2016-04-04,-0.0083053116269804,-0.0083053116269805,-0.003143149114308285,116945.71707959982,0.37821286743539734,0.6217871325646027,-0.003142937043073863,0.0,0.0,0.00021207123442174014,0.00021207123442174014,0.0248790210543983,0.0248790210543983
2016-04-05,-0.0108269326275233,-0.0108269326275232,-0.004094915705730829,116466.83422601261,0.3781823962900059,0.6218176037099941,-0.004094885234585437,0.0,0.0,3.0471145391397496e-05,3.0471145391397496e-05,0.003563469948033724,0.003563469948033724
2016-04-06,0.0088911324745026,0.0088911324745026,0.0033623491098796502,116858.43638240294,0.37830307134964924,0.6216969286503508,0.0033624697849392936,0.0,0.0,0.00012067505964336032,0.00012067505964336032,0.014054642166697431,0.014054642166697431
2016-04-07,-0.0137126560001359,-0.0137126560001359,-0.005187683940516066,116252.21174866814,0.3781590120462175,0.6218409879537825,-0.005187539881212635,0.0,0.0,0.00014405930343175386,0.00014405930343175386,0.01683454494537289,0.01683454494537289
2016-04-08,0.003877011610704,0.0038770116107042,0.0014655381060273093,116422.58379489576,0.3775702376778913,0.6224297623221087,0.0014661268803956356,0.0,0.0,0.0005887743683262725,0.0005887743683262725,0.06844632253885416,0.06844632253885416
2016-04-11,-0.0010715142709714,-0.0010715142709713,-0.0004046703784370679,116375.47102385286,0.37766871814905234,0.6223312818509477,-0.00040457189796590676,0.0,0.0,9.8480471161122e-05,9.8480471161122e-05,0.011465350905916542,0.011465350905916542
2016-04-12,0.0101092715907913,0.0101092715907914,0.0038178543670743296,116819.77562412163,0.3775674421085524,0.6224325578914476,0.0038179556431148297,0.0,0.0,0.00010127604049997573,0.00010127604049997573,0.011786046916615474,0.011786046916615474
2016-04-13,0.0200106533381645,0.0200106533381645,0.0072721879805906844,117669.31099231067,0.38922236867326804,0.6107776313267319,0.007712959001099705,32.099078555086756,0.0,0.16599666502345223,0.16599666502345223,19.39169316239217,51.49077171747892
2016-04-14,0.0005190746017598,0.0005190746017596,0.0003400983206444547,117709.33012737054,0.3877343979717556,0.6122656020282444,0.000341725909337136,0.0,0.0,0.0016275886926812783,0.0016275886926812783,0.1915172400466817,0.1915172400466817
2016-04-15,0.0001373658460301,0.0001373658460302,8.70974494290741e-05,117719.58230979866,0.39072870490639444,0.6092712950936056,9.005496791288911e-05,0.0,0.0,0.002957518483815012,0.002957518483815012,0.34812751956918164,0.34812751956918164
2016-04-18,0.0030963377465702,0.0030963377465701,0.0020444884492158664,117960.25863607757,0.3906559409951596,0.6093440590048405,0.0020453942000805653,0.0,0.0,0.000905750864698858,0.000905750864698858,0.10662461346908852,0.10662461346908852
2016-04-19,0.0037640579480413,0.0037640579480412,0.0024084601890638027,118244.36122289424,0.37778315535537726,0.6222168446446228,0.002613062467773418,11.262207990949836,0.0,0.10912768310284238,0.10912768310284238,12.8727297231672,24.134937714117036
2016-04-20,-0.0008364830843108,-0.0008364830843107,-0.00039839233351780795,118197.25357590131,0.3783562408860839,0.6216437591139161,-0.0003977374513332432,0.0,0.0,0.0006548821845647864,0.0006548821845647864,0.07743612559011669,0.07743612559011669
2016-04-21,-0.0045942580831143,-0.0045942580831142,-0.002192399440064094,117938.11798334439,0.3738057275785709,0.6261942724214291,-0.0021883010386962226,0.0,0.0,0.004098401367871205,0.004098401367871205,0.48441978573409356,0.48441978573409356
2016-04-22,0.0033607461522728,0.0033607461522726,0.001505740834732379,118115.7022235634,0.356376363945977,0.6436236360540231,0.0016792388296181752,11.302594383757265,0.0,0.077663038579698,0.077663038579698,9.15943260695745,20.462026990714715
2016-04-25,-0.0041942689295326,-0.0041942689295327,-0.002527243318692103,117817.19510428628,0.35485337843038806,0.645146621569612,-0.002526756698358637,0.0,0.0,0.00048662033346573495,0.00048662033346573495,0.05747750240356987,0.05747750240356987
2016-04-26,0.0041628191047877,0.0041628191047877,0.002447384782844956,118105.539114742,0.36089527571636315,0.6391047242836368,0.0026252222357253958,10.787085317898262,0.0,0.08627963478478694,0.08627963478478694,10.165224564965808,20.95230988286407
2016-04-27,0.0006571423451537,0.0006571423451537,0.00021027711078042474,118130.3740062742,0.35686516768398785,0.6431348323160122,0.0003930212747741877,11.042361885372017,0.0,0.08924844848253588,0.08924844848253588,10.540736123184178,21.583098008556195
2016-04-28,-0.0062547556609933,-0.0062547556609934,-0.0038032740817662346,117681.09181654677,0.35687854085710036,0.6431214591428996,-0.0038016812526572917,0.0,0.0,0.001592829108943069,0.001592829108943069,0.18816149836752522,0.18816149836752522
2016-04-29,-0.0052023682713239,-0.0052023682713237,-0.0031773144638623948,117307.18198139496,0.3566570325545929,0.6433429674454071,-0.0031762094753623334,0.0,0.0,0.0011049885000612085,0.0011049885000612085,0.13003625313193137,0.13003625313193137
2016-05-02,0.0030470061750111,0.003047006175011,0.0017299949249285857,117510.12281088045,0.3721362285007167,0.6278637714992833,0.001987943668111186,14.296122157561122,0.0,0.1360796306859034,0.1360796306859034,15.963118000832287,30.25924015839341
2016-05-03,-0.0077158869757987,-0.0077158869757986,-0.007322506622676109,116649.6541583663,0.3660867966153887,0.6339132033846113,-0.006874457519337938,26.10525319852761,0.0,0.22589587454322638,0.22589587454322638,26.545051960045775,52.65030515857339
2016-05-04,-0.0070569747844175,-0.0070569747844175,-0.002632190601187469,116342.61003505888,0.36608121365654417,0.6339187863434559,-0.002632147156294327,0.0,0.0,4.344489314202565e-05,4.344489314202565e-05,0.0050678317599644725,0.0050678317599644725
2016-05-05,0.000190285892528,0.000190285892528,7.092251610291501e-05,116350.86134569255,0.36602280599055614,0.6339771940094439,7.098224567255769e-05,0.0,0.0,5.972956964267433e-05,5.972956964267433e-05,0.006949094028499551,0.006949094028499551
2016-05-06,0.0033424059415398,0.0033424059415399,0.00124616514234243,116495.85373338305,0.36559859811077106,0.634401401889229,0.0012466124885715485,0.0,0.0,0.0004473462291184138,0.0004473462291184138,0.052049119077674975,0.052049119077674975
2016-05-09,-0.0022091583891377,-0.0022091583891376,-0.000824092481856787,116399.85037615387,0.36673599282109537,0.6332640071789046,-0.0008229397787591246,0.0,0.0,0.001152703097662377,0.001152703097662377,0.13428513146329385,0.13428513146329385
2016-05-10,0.0151517884580416,0.0151517884580414,0.005661611850550102,117058.86114844577,0.36641987596928677,0.6335801240307133,0.00566203172088874,0.0,0.0,0.00041987033863803084,0.00041987033863803084,0.048872844594851854,0.048872844594851854
2016-05-11,-0.0102477907629562,-0.0102477907629561,-0.0038250918638154264,116611.10025107935,0.3663439369381271,0.6336560630618728,-0.0038250867430376255,0.0,0.0,5.120777801060153e-06,5.120777801060153e-06,0.0005994324175863439,0.0005994324175863439
2016-05-12,-0.0026175979321173,-0.0026175979321174,-0.0009776366302467578,116497.09696798051,0.3657191884513325,0.6342808115486676,-0.0009770300181200088,0.0,0.0,0.0006066121267489624,0.0006066121267489624,0.07073770752584371,0.07073770752584371
2016-05-13,-0.0075356159705243,-0.0075356159705242,-0.0028084327135593236,116169.92270982094,0.3660550096155667,0.6339449903844333,-0.0028080443716041958,0.0,0.0,0.00038834195512802837,0.00038834195512802837,0.04524071040328506,0.04524071040328506
2016-05-16,0.0124703195346513,0.0124703195346511,0.004651243562546991,116710.25731498656,0.36555519728827246,0.6344448027117275,0.0046518293096130805,0.0,0.0,0.00058574706608954,0.00058574706608954,0.06804619139512624,0.06804619139512624
2016-05-17,-0.0092824614485723,-0.0092824614485721,-0.003457274181168966,116306.75795569387,0.36564846556673586,0.6343515344332642,-0.0034571164500931317,0.0,0.0,0.00015773107583437452,0.00015773107583437452,0.01840883444719951,0.01840883444719951
2016-05-18,0.0037055698228014,0.0037055698228014,0.0013792490334346538,116467.17393918618,0.36710573374858146,0.6328942662514185,0.0013806806519310265,0.0,0.0,0.0014316184963727879,0.0014316184963727879,0.16650690594252424,0.16650690594252424
2016-05-19,-0.0060065616486773,-0.0060065616486773,-0.002246965594755732,116205.4762064264,0.3672463568360085,0.6327536431639915,-0.002246782979682515,0.0,0.0,0.00018261507321718146,0.00018261507321718146,0.021268661496302695,0.021268661496302695
2016-05-20,0.0105684739785618,0.0105684739785617,0.003954683460709977,116665.0320812239,0.3668482410934025,0.6331517589065975,0.00395515472454745,0.0,0.0,0.00047126383747324047,0.00047126383747324047,0.054763438652445845,0.054763438652445845
2016-05-23,-0.001481859725928,-0.001481859725928,-0.0005538973929175924,116600.41162410946,0.3668744322861157,0.6331255677138843,-0.000553860943213995,0.0,0.0,3.644970359741553e-05,3.644970359741553e-05,0.004252405839543585,0.004252405839543585
2016-05-24,0.0183239594260804,0.0183239594260804,0.00684850476675054,117398.95009892224,0.3660471892246483,0.6339528107753517,0.006849456591364383,0.0,0.0,0.0009518246138436287,0.0009518246138436287,0.11098314176812614,0.11098314176812614
2016-05-25,0.0095094554315053,0.0095094554315054,0.003490742623205228,117808.75961795209,0.3494194631647913,0.6505805368352087,0.0036174894318927366,8.463815631968952,0.0,0.05465233403643879,0.05465233403643879,6.416126636333508,14.87994226830246
2016-05-26,0.0011510843454094,0.0011510843454092,0.0005078390473523675,117868.58750620624,0.34863863449855104,0.651361365501449,0.0005087262685463507,0.0,0.0,0.0008872211939831469,0.0008872211939831469,0.104522428369913,0.104522428369913
2016-05-27,0.0041430437861502,0.0041430437861503,0.0018246758672747871,118083.65947333859,0.34730815626527567,0.6526918437347243,0.0018263867311565506,0.0,0.0,0.0017108638817633832,0.0017108638817633832,0.20165710915883503,0.20165710915883503
2016-05-31,0.0057357135554656,0.0057357135554656,0.0025149931031237835,118380.63906250567,0.3467300416701662,0.6532699583298338,0.002516092261323536,0.0,0.0,0.0010991581997523636,0.0010991581997523636,0.12979262256688598,0.12979262256688598
2016-06-01,-0.0016408981100245,-0.0016408981100244,-0.0007178844628910551,118295.6554410156,0.34692560241250586,0.6530743975874942,-0.0007175400665281642,0.0,0.0,0.0003443963628909486,0.0003443963628909486,0.040769861529833105,0.040769861529833105
2016-06-02,0.0022789630892625,0.0022789630892626,0.0009968033784441479,118413.57295001447,0.34638886600673724,0.6536111339932628,0.0009975465602860554,0.0,0.0,0.0007431818419074766,0.0007431818419074766,0.08791518310030617,0.08791518310030617
2016-06-03,-0.0021298777527836,-0.0021298777527837,-0.0009303518317256532,118303.40666551924,0.34625471269543556,0.6537452873045644,-0.0009302930469950364,0.0,0.0,5.878473061682618e-05,5.878473061682618e-05,0.006960909987242496,0.006960909987242496
2016-06-06,0.0042337294776855,0.0042337294776856,0.0018490453018406583,118522.15502380587,0.34614959625676633,0.6538504037432337,0.0018495323847374852,0.0,0.0,0.00048708289682704433,0.00048708289682704433,0.05762356602314898,0.05762356602314898
2016-06-07,0.0022555785295546,0.0022555785295544,0.000983829879393161,118638.76066128835,0.346202614798067,0.653797385201933,0.000983979615540947,0.0,0.0,0.00014973614778610242,0.00014973614778610242,0.017747050920571935,0.017747050920571935
2016-06-08,0.0014554187893691,0.0014554187893692,0.00048529333001775144,118696.33526051884,0.5828799837152977,0.4171200162847023,0.0007219965148849429,19.88809982656993,0.0,0.0690674162894151,0.0690674162894151,8.194072670653487,28.082172497223418
2016-06-09,-0.0046133390659859,-0.0046133390659859,-0.0033238036977394744,118301.8119424718,0.5835737305934898,0.4164262694065102,-0.003321760327798197,0.0,0.0,0.0020433699412776476,0.0020433699412776476,0.24254052361115835,0.24254052361115835
2016-06-10,-0.0174350267818133,-0.0174350267818133,-0.011096854456179452,116989.03395344388,0.5859249918488278,0.41407500815117215,-0.011093567944485239,0.0,0.0,0.0032865116942125856,0.0032865116942125856,0.3888002883954717,0.3888002883954717
2016-06-13,-0.0114923596446253,-0.0114923596446254,-0.006622683275299537,116214.25263488696,0.5858121548357622,0.4141878451642378,-0.006621852201923517,0.0,0.0,0.0008310733760204739,0.0008310733760204739,0.09722647140506245,0.09722647140506245
2016-06-14,0.0004883698035027,0.0004883698035028,8.980163163630407e-05,116224.68886439299,0.5856966827845267,0.4143033172154733,8.988648695831217e-05,0.0,0.0,8.485532200810383e-05,8.485532200810383e-05,0.009861397829264462,0.009861397829264462
2016-06-15,-0.005718251330581,-0.005718251330581,-0.004437913911788528,115708.89370078841,0.585336578187706,0.414663421812294,-0.004433972107273186,0.0,0.0,0.003941804515342245,0.003941804515342245,0.4581350033599118,0.4581350033599118
2016-06-16,-0.0044095842844028,-0.0044095842844028,-0.004222834092872697,115220.27423962014,0.5852583898663506,0.4147416101336494,-0.004215903371441904,0.0,0.0,0.006930721430793552,0.006930721430793552,0.8019461093054672,0.8019461093054672
2016-06-17,0.0017548439616812,0.0017548439616812,0.004155346473675099,115699.0543998776,0.5836863395815706,0.41631366041842943,0.004168263521523412,0.0,0.0,0.012917047848313415,0.012917047848313415,1.488305795448967,1.488305795448967
2016-06-20,0.0109472844303739,0.0109472844303739,0.0070835591862283545,116518.61549950979,0.583981482149627,0.416018517850373,0.007085090226298824,0.0,0.0,0.0015310400704697947,0.0015310400704697947,0.17713988840167721,0.17713988840167721
2016-06-21,0.004283846744052,0.004283846744052,0.0021392571010482204,116767.8787751214,0.5846532256728219,0.41534677432717815,0.002140749712531002,0.0,0.0,0.0014926114827813952,0.0014926114827813952,0.17391702345235857,0.17391702345235857
2016-06-22,-0.0025463601892039,-0.002546360189204,-0.002139739693843225,116518.0259099404,0.5848448196468128,0.4151551803531872,-0.002136887618203376,0.0,0.0,0.0028520756398486328,0.0028520756398486328,0.333030822571322,0.333030822571322
2016-06-23,0.017198421564565,0.0171984215645651,0.010319977476793085,117720.48931297136,0.5856988440972155,0.4143011559027845,0.010320573767841483,0.0,0.0,0.0005962910483980767,0.0005962910483980767,0.06947865582711261,0.06947865582711261
2016-06-24,-0.0455742308635519,-0.045574230863552,-0.027018685262544,114539.83646327151,0.5876116359733299,0.4123883640266701,-0.02701144087782872,0.0,0.0,0.007244384715281362,0.007244384715281362,0.8528125134543327,0.8528125134543327
2016-06-27,-0.0163359818574128,-0.0163359818574127,-0.009798852341469468,113417.47751855185,0.5874305569235411,0.41256944307645893,-0.009795892236926328,0.0,0.0,0.0029601045431398567,0.0029601045431398567,0.33904989028542626,0.33904989028542626
2016-06-28,0.0223777651866086,0.0223777651866086,0.01340201846005967,114937.50064594888,0.5889506975956788,0.41104930240432125,0.013405262523104988,0.0,0.0,0.003244063045316303,0.003244063045316303,0.36793344751092666,0.36793344751092666
2016-06-29,0.0191910063415001,0.0191910063415003,0.012005356015493743,116317.36626073455,0.5873028790535574,0.4126971209464426,0.01201221160562072,0.0,0.0,0.006855590126977713,0.006855590126977713,0.7879643946478617,0.7879643946478617
2016-06-30,0.0056536961919411,0.0056536961919407,0.0014825395170175691,116489.81135273149,0.342368107300165,0.657631892699835,0.0017268408607255764,19.680415698379658,0.0,0.07510549332858543,0.07510549332858543,8.736073175694226,28.416488874073885
2016-07-01,0.0039846884026391,0.003984688402639,0.001698563614360257,116687.67670773892,0.3422661497466344,0.6577338502533656,0.0016989990120442188,0.0,0.0,0.00043539768396167594,0.00043539768396167594,0.05071939406811184,0.05071939406811184
2016-07-05,-0.0084262803666865,-0.0084262803666864,-0.00358856677509647,116268.93518804233,0.3412379838254397,0.6587620161745603,-0.0035882488118158667,0.0,0.0,0.00031796328060348087,0.00031796328060348087,0.03710239649199105,0.03710239649199105
2016-07-06,0.0042604341903722,0.0042604341903722,0.0018087759209765996,116479.23963836806,0.33779598673801053,0.6622040132619895,0.0018125751492798791,0.0,0.0,0.0037992283032796054,0.0037992283032796054,0.44173222935859247,0.44173222935859247
2016-07-07,7.871297460182447e-05,7.871297460174326e-05,-0.00013395098035712873,116463.63713002723,0.5877717497306731,0.41222825026932686,0.00011594863911209446,19.548410001020333,0.0,0.08207220179623625,0.08207220179623625,9.559707660672304,29.10811766169264
2016-07-08,0.0138063142007105,0.0138063142007106,0.007278541599395615,117311.32255769505,0.5861755347342544,0.41382446526574557,0.00727931354658388,0.0,0.0,0.0007719471882642864,0.0007719471882642864,0.08990377721755667,0.08990377721755667
2016-07-11,0.0017753682734773,0.0017753682734773,-0.00014165223631144158,117294.70514651011,0.5845736492241053,0.41542635077589474,-0.00013504916582658417,0.0,0.0,0.006603070484857423,0.006603070484857423,0.774614931520305,0.774614931520305
2016-07-12,0.0173697068615883,0.0173697068615883,0.012367443027813597,118745.34072987374,0.5794112598809046,0.4205887401190954,0.012375790957405429,0.0,0.0,0.008347929591831707,0.008347929591831707,0.9791679400577267,0.9791679400577267
2016-07-13,-0.0095144376794881,-0.0095144376794882,-0.007334629321798458,117874.38767192948,0.5792076723907654,0.4207923276092346,-0.007327058198395773,0.0,0.0,0.007571123402685412,0.007571123402685412,0.8990356281598003,0.8990356281598003
2016-07-14,0.009447664595904,0.0094476645959042,0.0055786459639412785,118531.96714896754,0.5831798876016886,0.4168201123983114,0.005582508862892785,0.0,0.0,0.0038628989515064535,0.0038628989515064535,0.4553368485473616,0.4553368485473616
2016-07-15,0.0005256083336677,0.0005256083336678,0.0009209987456294009,118641.13494202873,0.496853814974645,0.503146185025355,0.0010979234849982132,12.11489115752384,0.0,0.07471694303402109,0.07471694303402109,8.856346237179867,20.971237394703707
2016-07-18,0.0010504139585558,0.0010504139585559,0.00027293247583923583,118673.51596072484,0.49822034890659117,0.5017796510934088,0.0002784168480289555,0.0,0.0,0.005484372189719698,0.005484372189719698,0.6506721410328442,0.6506721410328442
2016-07-19,-0.0040464413660397,-0.0040464413660397,-0.0026700054566080457,118356.65702555484,0.49495385462729724,0.5050461453727028,-0.0026673929823354784,0.0,0.0,0.0026124742725673255,0.0026124742725673255,0.3100315072825015,0.3100315072825015
2016-07-20,0.0079776203552539,0.0079776203552539,0.004745656292297307,118918.33703970345,0.49668853438411265,0.5033114656158874,0.004750038667788462,0.0,0.0,0.0043823754911554765,0.0043823754911554765,0.5186833129638863,0.5186833129638863
2016-07-21,-0.0064236457410858,-0.0064236457410861,-0.0044234522257257484,118392.30745704556,0.624267198487868,0.37573280151213195,-0.004244641090194102,12.65546302257692,0.0,0.07238967574995099,0.07238967574995099,8.60845985902752,21.26392288160444
2016-07-22,0.001318003118512,0.0013180031185119,0.0001697466868602,118412.40415898613,0.6263731227968892,0.37362687720311083,0.00017345227282573275,0.0,0.0,0.003705585965532746,0.003705585965532746,0.43871287293986594,0.43871287293986594
2016-07-25,-0.0050887995022727,-0.0050887995022725,-0.0050973481994739285,117808.81490385093,0.6237302532685582,0.37626974673144176,-0.0050966242318489716,0.0,0.0,0.0007239676249571622,0.0007239676249571622,0.08572674700444878,0.08572674700444878
2016-07-26,0.000301748481386,0.000301748481386,-0.0002436266179152935,117780.11354071529,0.62192003927946,0.37807996072053995,-0.00024224673046299765,0.0,0.0,0.0013798874522958488,0.0013798874522958488,0.1625629054556681,0.1625629054556681
2016-07-27,0.0027055179408697,0.0027055179408699,-6.834600589713374e-06,117779.30856068183,0.6180572294532801,0.3819427705467199,-4.6545084731110416e-06,0.0,0.0,0.002180092116602332,0.002180092116602332,0.256771497022641,0.256771497022641
2016-07-28,-0.0031087484809502,-0.0031087484809503,-0.003550546299990841,117361.12767245623,0.6189298041455967,0.38107019585440327,-0.0035480419951379317,0.0,0.0,0.0025043048529092594,0.0025043048529092594,0.2949552940008126,0.2949552940008126
2016-07-29,0.0034164638443154,0.0034164638443155,0.002486623975557985,117652.96066632507,0.3710269312781239,0.6289730687218761,0.002919360527744643,40.055562309279736,0.0,0.09143476765480679,0.09143476765480679,10.73088744043715,50.78644974971689
2016-08-01,-0.0083406507821744,-0.0083406507821744,-0.008340650782174436,116671.65840791835,0.3657367631152971,0.6342632368847029,-0.008340650782174436,0.0,0.0,0.0,0.0,0.0,0.0
2016-08-02,0.0002483401338884,0.0002483401338884,0.00024834013388842866,116700.63266318836,0.36589423702537366,0.6341057629746263,0.00024834013388842866,0.0,0.0,0.0,0.0,0.0,0.0
2016-08-03,0.0057589369090866,0.0057589369090866,0.005758936909086635,117372.70424394615,0.369525102184655,0.6304748978153449,0.005758936909086635,0.0,0.0,0.0,0.0,0.0,0.0
2016-08-04,0.0028168317619459,0.0028168317619457,0.0030206625492452213,117727.24757595947,0.5687140740698438,0.43128592593015624,0.003418762617292086,34.9626618814327,0.0,0.10022278808945052,0.10022278808945052,11.763419664926765,46.726081546359474
2016-08-05,0.0073112088556146,0.0073112088556147,0.003795852332201493,118174.12282323434,0.5680001498083317,0.4319998501916683,0.0037962071020433696,0.0,0.0,0.00035476984187679815,0.00035476984187679815,0.04176607700711381,0.04176607700711381
2016-08-08,0.0044570105541246,0.0044570105541244,0.004324674765166059,118685.18747010361,0.5725298665270429,0.42747013347295715,0.004327416616465786,0.0,0.0,0.0027418512997271216,0.0027418512997271216,0.3240158722569976,0.3240158722569976
2016-08-09,0.0008912743211813,0.0008912743211813,0.0001811641806041458,118706.68897484148,0.5722773506233275,0.4277226493766725,0.00018124041245169508,0.0,0.0,7.623184754927235e-05,7.623184754927235e-05,0.009047591117577747,0.009047591117577747
2016-08-10,-0.0054603779752353,-0.0054603779752352,-0.00534328167150978,118072.40569935662,0.5679061576748917,0.4320938423251083,-0.005341138935070184,0.0,0.0,0.0021427364395957983,0.0021427364395957983,0.25435714809015764,0.25435714809015764
2016-08-11,0.0133393109509152,0.0133393109509151,0.010491456499889302,119311.1572075887,0.5735727973808855,0.4264272026191145,0.010494242795434433,0.0,0.0,0.0027862955451316653,0.0027862955451316653,0.32898461800309603,0.32898461800309603
2016-08-12,0.0032475354236536,0.0032475354236536,0.00400350697739056,119788.82025794982,0.5929692541880383,0.40703074581196175,0.0042288277105643575,11.702915160434275,0.0,0.12723338380652485,0.12723338380652485,15.180362257393755,26.88327741782803
2016-08-15,0.0069724765760601,0.00697247657606,0.006069893829849695,120515.92567891853,0.592297997169981,0.407702002830019,0.0060744191139971565,0.0,0.0,0.004525284147461929,0.004525284147461929,0.5420784493564668,0.5420784493564668
2016-08-16,0.0008085772358419,0.0008085772358419,0.001228873708280304,120664.02453141443,0.5920380659215936,0.4079619340784064,0.0012332440519205877,0.0,0.0,0.004370343640283643,0.004370343640283643,0.5266960093437577,0.5266960093437577
2016-08-17,0.0013303460785267,0.0013303460785267,0.0012082868726904978,120809.82128826174,0.5915675998362306,0.40843240016376936,0.0012093751411755595,0.0,0.0,0.0010882684850616858,0.0010882684850616858,0.13131485517824845,0.13131485517824845
2016-08-18,0.0058145260977144,0.0058145260977141,0.005182760637726674,121435.94967468534,0.5851079038960072,0.4148920961039928,0.00541413234649116,12.232963818073944,0.0,0.1301136844778252,0.1301136844778252,15.719010968923337,27.951974786997283
2016-08-19,-0.0023825567156809,-0.0023825567156805,-0.0008826904604567311,121328.75932035099,0.5867695807455799,0.41323041925442006,-0.0008746028671118444,0.0,0.0,0.008087593344886694,0.008087593344886694,0.9821245784189807,0.9821245784189807
2016-08-22,-0.0061564164828273,-0.0061564164828274,-0.005998686311209007,120600.94615266002,0.5851517003086835,0.41484829969131654,-0.0059924962213640555,0.0,0.0,0.006190089844951039,0.006190089844951039,0.7510359209694134,0.7510359209694134
2016-08-23,0.0055178842000145,0.0055178842000142,0.0037667832712576167,121055.22377912569,0.5844335832001043,0.4155664167998957,0.003768251020831847,0.0,0.0,0.0014677495742303518,0.0014677495742303518,0.17701198736734433,0.17701198736734433
2016-08-24,-0.006706488257666,-0.0067064882576659,-0.00555319354348779,120382.98069202997,0.5853031722210269,0.4146968277789731,-0.005546689312167239,0.0,0.0,0.006504231320551338,0.006504231320551338,0.7873711780205405,0.7873711780205405
2016-08-25,0.0005465591525417,0.0005465591525418,0.0013776424052761244,120548.82539110482,0.5877987112686044,0.4122012887313956,0.001379079346369522,0.0,0.0,0.001436941093397715,0.001436941093397715,0.17298325190208158,0.17298325190208158
2016-08-26,-0.0027511859726185,-0.0027511859726188,-0.0013908574875433459,120381.15915469507,0.5897774662939901,0.4102225337060099,-0.0013891073977900245,0.0,0.0,0.0017500897533214098,0.0017500897533214098,0.21097126409190434,0.21097126409190434
2016-08-29,0.0020641845241085,0.0020641845241085,0.00019936061041576783,120405.15841606671,0.5875592637709002,0.4124407362290998,0.00020056406211532674,0.0,0.0,0.001203451699558907,0.001203451699558907,0.14487291057958906,0.14487291057958906
2016-08-30,-0.0022269056950604,-0.0022269056950602,-0.002143109675245982,120147.1169561157,0.5860602010363731,0.41393979896362687,-0.002142446481323118,0.0,0.0,0.0006631939228639152,0.0006631939228639152,0.07985196934300245,0.07985196934300245
2016-08-31,-0.0074815498221695,-0.0074815498221696,-0.006925910733791303,119314.98874915527,0.5805791520683743,0.4194208479316257,-0.006922987167330589,0.0,0.0,0.0029235664607148507,0.0029235664607148507,0.3512580814844844,0.3512580814844844
2016-09-01,-0.0029932065273838,-0.0029932065273838,-0.004091666161074362,118826.79164718138,0.5759084448603565,0.4240915551396435,-0.004089354074471774,0.0,0.0,0.002312086602588272,0.002312086602588272,0.27586658697489225,0.27586658697489225
2016-09-02,0.0109827930632049,0.0109827930632049,0.007038629663043453,119663.16942763349,0.5757807156118003,0.42421928438819967,0.007039464012369045,0.0,0.0,0.0008343493255914243,0.0008343493255914243,0.09914305347301848,0.09914305347301848
2016-09-06,0.0041453589207613,0.0041453589207613,0.0032498702528248368,120052.05920231508,0.5858458416079768,0.4141541583920232,0.003452886068181165,11.632076792467087,0.0,0.10580899016437476,0.10580899016437476,12.661439117006381,24.29351590947347
2016-09-07,0.0009813906903433,0.0009813906903431,0.001387715570448857,120218.65731413459,0.588356639686369,0.411643360313631,0.0013894126980128346,0.0,0.0,0.0016971275639775778,0.0016971275639775778,0.20374365878451695,0.20374365878451695
2016-09-08,0.0065247931669925,0.0065247931669925,0.006844055083329554,121041.44042683645,0.5945949041038671,0.40540509589613294,0.006847304450614406,0.0,0.0,0.0032493672848520365,0.0032493672848520365,0.39063457210538693,0.39063457210538693
2016-09-09,-0.0178681897371865,-0.0178681897371864,-0.014224306311413528,119319.7099018304,0.5837316348787337,0.4162683651212663,-0.014018474300714592,11.900546686632834,0.0,0.10751405740403766,0.10751405740403766,13.013656374318298,24.914203060951134
2016-09-12,0.008825208137587,0.008825208137587,0.004847532594363494,119898.11608472954,0.5830261832618779,0.41697381673812206,0.004847937085927089,0.0,0.0,0.00040449156359548776,0.00040449156359548776,0.04826381602595138,0.04826381602595138
2016-09-13,-0.0195916895464884,-0.0195916895464883,-0.012107064114905575,118446.50190603532,0.5818069621796218,0.4181930378203782,-0.012106542638478525,0.0,0.0,0.0005214764270507878,0.0005214764270507878,0.06252404118598535,0.06252404118598535
2016-09-14,-0.0053876779927519,-0.005387677992752,-0.0051410348694437185,117837.56430957276,0.5775232833734383,0.4224767166265617,-0.005138766224650426,0.0,0.0,0.00226864479329222,0.00226864479329222,0.26871303983280403,0.26871303983280403
2016-09-15,0.0074730595568148,0.0074730595568149,0.004151645374982436,118326.78408843778,0.5767605178767441,0.4232394821232559,0.004152245733994361,0.0,0.0,0.0006003590119246174,0.0006003590119246174,0.07074484367649866,0.07074484367649866
2016-09-16,-0.0104489153646358,-0.010448915364636,-0.006410888177577129,117568.2043072345,0.5769158237616663,0.4230841762383337,-0.006410344995649573,0.0,0.0,0.0005431819275555739,0.0005431819275555739,0.06427297066260984,0.06427297066260984
2016-09-19,0.0033753762482247,0.0033753762482247,0.0014973402974013874,117744.24391723683,0.5757125169601757,0.42428748303982433,0.0014980959032964303,0.0,0.0,0.0007556058950428853,0.0007556058950428853,0.08883522824415273,0.08883522824415273
2016-09-20,0.003183107644902,0.0031831076449021,0.0023741908540077365,118023.79122425722,0.5763352901617864,0.4236647098382136,0.0023742736273735807,0.0,0.0,8.277336584432433e-05,8.277336584432433e-05,0.009746087377824805,0.009746087377824805
2016-09-21,0.0147126205564718,0.0147126205564715,0.010202640771956909,119227.94556866275,0.5795048560992051,0.4204951439007949,0.01020411063675298,0.0,0.0,0.001469864796072255,0.001469864796072255,0.17347901581951725,0.17347901581951725
2016-09-22,0.0079573852043992,0.0079573852043994,0.005084206438926246,119834.12505722289,0.580533536613711,0.419466463386289,0.0050847654348350506,0.0,0.0,0.0005589959088041233,0.0005589959088041233,0.06664793378800317,0.06664793378800317
2016-09-23,-0.0107470113544647,-0.0107470113544648,-0.00827485661722121,118842.51485452421,0.5763698508729674,0.42363014912703256,-0.008272748773906635,0.0,0.0,0.0021078433145748803,0.0021078433145748803,0.25259155935979744,0.25259155935979744
2016-09-26,-0.0052149509987955,-0.0052149509987953,-0.0004901896477680114,118784.25948402782,0.5794991905007603,0.42050080949923974,-0.0004895896494110797,0.0,0.0,0.000599998356931653,0.000599998356931653,0.07130531364634009,0.07130531364634009
2016-09-27,0.0002197452266428,0.0002197452266428,-0.002345091434317877,118505.69953458004,0.5753951435549625,0.42460485644503754,-0.0023434576443702214,0.0,0.0,0.0016337899476556476,0.0016337899476556476,0.19406852908472466,0.19406852908472466
2016-09-28,0.0139369774349564,0.0139369774349565,0.011283642677522724,119842.8755033781,0.5786861236516008,0.42131387634839923,0.011283714083795214,0.0,0.0,7.14062724895858e-05,7.14062724895858e-05,0.008462050272535203,0.008462050272535203
2016-09-29,-0.0040472461797973,-0.0040472461797974,-9.585777472326715e-05,119831.3876320159,0.5836529430399156,0.41634705696008445,-9.314903049376956e-05,0.0,0.0,0.002708744229497589,0.002708744229497589,0.3246236974661734,0.3246236974661734
2016-09-30,0.0081625680996499,0.00816256809965,0.004580513889879141,120380.27696750783,0.5827862124827254,0.41721378751727456,0.004581199193644396,0.0,0.0,0.0006853037652544007,0.0006853037652544007,0.08212090113988013,0.08212090113988013
2016-10-03,0.0010061603585871,0.0010061603585871,0.0018307339250327084,120600.6612244571,0.3606311260942189,0.6393688739057811,0.0020545462027702615,22.81463997114453,0.0,0.03429086654074655,0.03429086654074655,4.127944011630916,26.942583982775446
2016-10-04,0.0006997007838906,0.0006997007838904,0.0003172246918452621,120638.91873205036,0.36047468256185095,0.639525317438149,0.0003174462021708912,0.0,0.0,0.00022151032562910654,0.00022151032562910654,0.026714291738915055,0.026714291738915055
2016-10-05,0.0049135692420472,0.0049135692420471,0.0022268950467761207,120907.56894262318,0.36189491519730516,0.6381050848026948,0.0022278608686345305,0.0,0.0,0.0009658218584096644,0.0009658218584096644,0.11651570468632134,0.11651570468632134
2016-10-06,-0.0026176605184398,-0.00261766051844,-0.0011909885940301406,120763.56940708059,0.36259099212498463,0.6374090078750154,-0.0011900491489296103,0.0,0.0,0.0009394451005304195,0.0009394451005304195,0.11358602326019127,0.11358602326019127
2016-10-07,-0.0044708948083269,-0.0044708948083269,-0.002093679867591023,120510.72915307457,0.36020019846457263,0.6397998015354274,-0.0019470809216930816,8.707763764801436,0.0,0.0744930632418189,0.0744930632418189,8.99604821314944,17.703811977950874
2016-10-10,0.0025864006856981,0.0025864006856985,0.0009361946103131235,120623.55064819257,0.3599257447925882,0.6400742552074118,0.000936473903331653,0.0,0.0,0.0002792930185295273,0.0002792930185295273,0.0336578053103565,0.0336578053103565
2016-10-11,-0.016236248206439,-0.0162362482064392,-0.005877874427552363,119914.54056447699,0.3562198522540728,0.6437801477459272,-0.005874199391673568,0.0,0.0,0.003675035878795761,0.003675035878795761,0.44329587645984536,0.44329587645984536
2016-10-12,-0.0006322391075891,-0.000632239107589,-0.0002274894788838553,119887.26126813338,0.3551345927959481,0.6448654072040518,-0.00022640540946609216,0.0,0.0,0.001084069417763151,0.001084069417763151,0.12999568617106833,0.12999568617106833
2016-10-13,-0.0040123323434849,-0.004012332343485,-0.0014337393571765477,119715.37418322916,0.35641909573734043,0.6435809042626596,-0.0014324472946218181,0.0,0.0,0.0012920625547296778,0.0012920625547296778,0.15490184107364877,0.15490184107364877
2016-10-14,-0.0009297256896659,-0.000929725689666,-0.0003332986041450407,119675.47321611918,0.3562487857501767,0.6437512142498233,-0.00033313005385817915,0.0,0.0,0.00016855028686154768,0.00016855028686154768,0.020178060660320796,0.020178060660320796
2016-10-17,-0.0052603842998069,-0.0052603842998067,-0.0018840109179515429,119450.003317969,0.3561850519001461,0.6438149480998538,-0.0018839571883969624,0.0,0.0,5.372955458035881e-05,5.372955458035881e-05,0.0064301098700957435,0.0064301098700957435
2016-10-18,0.0100652555607823,0.0100652555607821,0.0036028921190516287,119880.368793544,0.3548631446114974,0.6451368553885026,0.0036042329750177087,0.0,0.0,0.0013408559660800115,0.0013408559660800115,0.1601652495971759,0.1601652495971759
2016-10-19,0.0031057978661608,0.0031057978661607,0.0011074392002320681,120013.12901328427,0.3553878608250714,0.6446121391749287,0.0011079581095683742,0.0,0.0,0.000518909336306107,0.000518909336306107,0.062207042606789255,0.062207042606789255
2016-10-20,0.0005974570238327,0.0005974570238327,0.00021328869045235052,120038.7264564086,0.3555479545074346,0.6444520454925654,0.00021344766611020987,0.0,0.0,0.0001589756578593542,0.0001589756578593542,0.019079166136646418,0.019079166136646418
2016-10-21,-0.0008201286489125,-0.0008201286489124,-0.0002932133650597059,120003.52949748684,0.3554635139629626,0.6445364860370374,-0.0002931304611731104,0.0,0.0,8.290388659552215e-05,8.290388659552215e-05,0.009951676965213005,0.009951676965213005
2016-10-24,0.0006586048990031,0.0006586048990032,0.00023443578787551804,120031.66261947242,0.35637269718431686,0.6436273028156831,0.0002353437381824062,0.0,0.0,0.0009079503068881724,0.0009079503068881724,0.10895724143490702,0.10895724143490702
2016-10-25,-0.0035661387976617,-0.0035661387976619,-0.0012780001275723661,119878.26213933202,0.35593325131116504,0.644066748688835,-0.0012775673985491263,0.0,0.0,0.0004327290232398745,0.0004327290232398745,0.05194118412318246,0.05194118412318246
2016-10-26,-0.0027327003365837,-0.0027327003365839,-0.0009780314616636876,119761.01742739018,0.35615983025814757,0.6438401697418524,-0.0009777997278177528,0.0,0.0,0.0002317338459348945,0.0002317338459348945,0.02777985072953886,0.02777985072953886
2016-10-27,-0.0006446323905919,-0.0006446323905919,-0.00023091881302653885,119733.362355399,0.35604877290625564,0.6439512270937444,-0.00023080897327000624,0.0,0.0,0.00010983975653260822,0.00010983975653260822,0.013154520996321988,0.013154520996321988
2016-10-28,-0.0062478329367839,-0.0062478329367837,-0.0022637088058376567,119462.32088868252,0.37681952473829067,0.6231804752617094,-0.002091876304575721,17.84459800820426,0.0,0.02279636248520158,0.02279636248520158,2.729485129825665,20.574083138029927
2016-10-31,-0.0026989547654735,-0.0026989547654734,-0.0011219350699788516,119328.29192133645,0.2981090217048473,0.7018909782951527,-0.0008789633987091853,20.561569245726698,0.0,0.07085406052203658,0.07085406052203658,8.464390514349667,29.025959760076365
2016-11-01,-0.0031426963917987,-0.0031426963917987,-0.0015706694872188543,119140.86661425367,0.29751776782659284,0.7024822321734072,-0.0015706249842690246,0.0,0.0,4.450294982970697e-05,4.450294982970697e-05,0.005310460988639863,0.005310460988639863
2016-11-02,-0.0033031774284429,-0.003303177428443,-0.0016525484769016315,118943.98055659354,0.2983201670753337,0.7016798329246663,-0.001651075541186028,0.0,0.0,0.001472935715603604,0.001472935715603604,0.17548683762409928,0.17548683762409928
2016-11-03,-0.0022699670494998,-0.0022699670494998,-0.0011407172447534546,118808.299106813,0.2973996144335255,0.7026003855664744,-0.001140260829568486,0.0,0.0,0.0004564151849684805,0.0004564151849684805,0.05428783888662499,0.05428783888662499
2016-11-04,-0.0013769574351835,-0.0013769574351834,-0.0007905597519388964,118714.37404734285,0.3307601198303285,0.6692398801696715,-0.0004902141199230336,15.813944250011804,0.0,0.16724092157981413,0.16724092157981413,19.869609433953613,35.683553683965414
2016-11-07,0.0228387529463574,0.0228387529463575,0.007604230879870061,119617.10555635809,0.3346420334317687,0.6653579665682313,0.007608060085823931,0.0,0.0,0.0038292059538699956,0.0038292059538699956,0.4545817879120349,0.4545817879120349
2016-11-08,0.0031976405390641,0.0031976405390641,0.0010768827506148705,119745.91915401023,0.33400230638168904,0.665997693618311,0.0010775299188573728,0.0,0.0,0.0006471682425022348,0.0006471682425022348,0.07741239197611258,0.07741239197611258
2016-11-09,0.0239856874104573,0.0239856874104573,0.008054252331385235,120710.38300253027,0.34678816835079584,0.6532118316492042,0.008066983789396515,0.0,0.0,0.012731458011279633,0.012731458011279633,1.5245401417313669,1.5245401417313669
2016-11-10,0.0074125925654882,0.0074125925654882,0.002586741796642772,121022.62959553167,0.34811699746486946,0.6518830025351305,0.002588053300281768,0.0,0.0,0.0013115036389960393,0.0013115036389960393,0.15831210657242412,0.15831210657242412
2016-11-11,-0.0097786427574447,-0.0097786427574447,-0.0034306753227987693,120607.44024667806,0.3517153117418841,0.6482846882581159,-0.0034270538398800073,0.0,0.0,0.0036214829187621277,0.0036214829187621277,0.4382813858638939,0.4382813858638939
2016-11-14,-0.0029248394417201,-0.00292483944172,-0.0011075762674492547,120473.85830818304,0.357321280283134,0.642678719716866,-0.0009695899039630912,7.974909079974444,0.0,0.07186350188108019,0.07186350188108019,8.667273009039416,16.64218208901386
2016-11-15,0.0023020556070885,0.0023020556070884,0.0009390164532301062,120586.98524331854,0.35000000000000003,0.6499999999999999,0.001109594444607091,10.745695563597991,0.0,0.08138274425449658,0.08138274425449658,9.80449320004732,20.55018876364531
2016-11-16,-0.0025799815958832,-0.0025799815958832,-0.0014906530028476759,120407.23189166124,0.35,0.65,-0.0014900644134429604,0.0,0.0,0.0005885894047154625,0.0005885894047154625,0.07097622186079712,0.07097622186079712
2016-11-17,0.0024140248165649,0.0024140248165648,0.0013960145832616552,120575.32214331217,0.3499999999999999,0.6500000000000001,0.0013965649109820653,0.0,0.0,0.0005503277204101126,0.0005503277204101126,0.06626343744782974,0.06626343744782974
2016-11-18,-0.0068444189084316,-0.0068444189084315,-0.004132342647371438,120077.06359739882,0.532238295416982,0.467761704583018,-0.0037260405292010427,33.52156995916152,0.0,0.12828859630462955,0.12828859630462955,15.468438826744036,48.99000878590556
2016-11-21,0.0048722323933132,0.004872232393313,0.003191874418261526,120460.33450491533,0.5354093601181114,0.46459063988188865,0.0031944471397539575,0.0,0.0,0.0025727214924315613,0.0025727214924315613,0.30892484226509936,0.30892484226509936
2016-11-22,-0.0109708350291427,-0.0109708350291426,-0.004263203018155092,119946.787643286,0.5365660626656205,0.46343393733437954,-0.00426273069182443,0.0,0.0,0.00047232633066133904,0.00047232633066133904,0.05689658778694415,0.05689658778694415
2016-11-23,0.0021399941189663,0.0021399941189663,0.00032954456000579654,119986.31545464402,0.5356822772424352,0.4643177227575648,0.0005250458803175749,13.417567223850687,0.0,0.08363865614645148,0.08363865614645148,10.032188127568233,23.449755351418922
2016-11-25,0.0031804250533653,0.0031804250533653,0.0021461999345696037,120243.83007702202,0.5360363763031474,0.4639636236968526,0.0021462870220350597,0.0,0.0,8.708746545614352e-05,8.708746545614352e-05,0.01044930410236625,0.01044930410236625
2016-11-28,-0.0045399375361284,-0.0045399375361285,-0.0025500665712981448,119937.20030553774,0.5367777834519493,0.46322221654805074,-0.0023556925455132088,10.041801662751283,0.0,0.11086203472211792,0.11086203472211792,13.330475665119263,23.372277327870542
2016-11-29,0.0053442505074314,0.0053442505074315,0.0023206395430943644,120215.5313152548,0.5354687278840853,0.4645312721159147,0.002321404237162023,0.0,0.0,0.0007646940676587273,0.0007646940676587273,0.0917152655652412,0.0917152655652412
2016-11-30,-0.0099768915879111,-0.0099768915879111,-0.0055602145856456136,119547.10716461459,0.5357333041405887,0.46426669585941127,-0.005559730401429694,0.0,0.0,0.0004841842159199236,0.0004841842159199236,0.05820646277127367,0.05820646277127367
2016-12-01,-0.0099294061785397,-0.0099294061785398,-0.006555165395155116,118763.45610463822,0.536674937903504,0.46332506209649604,-0.006552977926646516,0.0,0.0,0.002187468508599904,0.002187468508599904,0.2615055322168124,0.2615055322168124
2016-12-02,0.0024046089078615,0.0024046089078616,0.0013083507098470718,118918.8403567366,0.35000000000000003,0.6499999999999999,0.0015158715656860059,23.449504479686667,0.0,0.01007371806764751,0.01007371806764751,1.1963895735375558,24.64589405322422
2016-12-05,-0.0016057512784902,-0.0016057512784902,-0.0008689949544772476,118815.50048447431,0.6052207262216541,0.3947792737783459,-0.000614038285417947,23.37705851651463,0.0,0.05837672893890106,0.05837672893890106,6.9420929092336605,30.31915142574829
2016-12-06,0.0036507324127359,0.0036507324127359,0.002514158096129543,119114.22143696304,0.6063089770300351,0.39369102296996494,0.0027542527319449383,16.30603246107475,0.0,0.10285637654294053,0.10285637654294053,12.220931856969022,28.526964318043774
2016-12-07,-0.0034726347013782,-0.0034726347013781,-0.0019405638157637011,118883.07268889961,0.5995037081028469,0.4004962918971531,-0.0016143811900680921,23.617632083939966,0.0,0.12790544435636192,0.12790544435636192,15.235357422056847,38.85298950599681
2016-12-08,0.00297048989806,0.0029704898980601,0.002970489898060117,119236.21365537234,0.6006898548551927,0.39931014514480734,0.002970489898060117,0.0,0.0,0.0,0.0,0.0,0.0
2016-12-09,0.0041317694865969,0.0041317694865967,0.004131769486596786,119728.87020465093,0.6023329235475031,0.3976670764524969,0.004131769486596786,0.0,0.0,0.0,0.0,0.0,0.0
2016-12-12,-0.0005885561438913,-0.0005885561438912,-0.0007585780728410176,119638.04650902766,0.7458616673257503,0.2541383326742497,-0.0001912863372454405,37.49350313251235,0.0,0.2541383326742498,0.2541383326742498,30.42769544678165,67.921198579294
2016-12-13,0.0081225749709461,0.008122574970946,0.0060653243522115945,120363.69006596987,0.7458782128776436,0.25412178712235645,0.006065333937670503,0.0,0.0,9.585458908069877e-06,9.585458908069877e-06,0.0011467855786540374,0.0011467855786540374
2016-12-14,-0.0088019553734394,-0.0088019553734392,-0.007491438371057701,119461.99289972757,0.7436597707606605,0.2563402292393395,-0.007490153109116325,0.0,0.0,0.0012852619413755535,0.0012852619413755535,0.15469886996531387,0.15469886996531387
2016-12-15,0.0044837504522434,0.0044837504522433,0.00282041489247001,119798.92528358608,0.7424511098022242,0.2575488901977758,0.002821112572279221,0.0,0.0,0.0006976798092109547,0.0006976798092109547,0.08334622041424236,0.08334622041424236
2016-12-16,-0.0011898893399197,-0.0011898893399194,-0.0014546999105240143,119624.65379769518,0.6072056045228338,0.3927943954771662,-0.001198041089653798,23.442028013015857,0.0,0.06098070474751918,0.06098070474751918,7.305422891788473,30.747450904804328
2016-12-19,-0.0036801595023092,-0.0036801595023092,-0.0029202157675329407,119275.32399748948,0.7415439779597355,0.2584560220402645,-0.002663222535788938,23.388988119888968,0.0,0.06147343396516337,0.06147343396516337,7.3537382558381434,30.74272637572711
2016-12-20,0.0007571022149424,0.0007571022149424,0.0009431863524688131,119387.82285527019,0.7424432567672667,0.25755674323273325,0.0009437036414284663,0.0,0.0,0.0005172889596532034,0.0005172889596532034,0.0616998082629601,0.0616998082629601
2016-12-21,-0.0045868161774241,-0.0045868161774243,-0.003136470673895162,119013.36645006444,0.7430815554193254,0.2569184445806746,-0.0031361029641615297,0.0,0.0,0.0003677097336322142,0.0003677097336322142,0.04390006454104138,0.04390006454104138
2016-12-22,-0.0039958478155578,-0.0039958478155579,-0.004333551990339187,118497.61583900779,0.7398501329969412,0.26014986700305875,-0.004331688481563118,0.0,0.0,0.0018635087760693377,0.0018635087760693377,0.22178245284925116,0.22178245284925116
2016-12-23,0.0044686626475831,0.0044686626475833,0.002505279579683804,118794.48549621047,0.7379826682843507,0.26201733171564934,0.0025063508126459896,0.0,0.0,0.0010712329621854766,0.0010712329621854766,0.12693855202713697,0.12693855202713697
2016-12-27,0.00346532727885,0.00346532727885,0.002936783299775198,119143.35915732113,0.7388670578225849,0.2611329421774151,0.0029372890637827534,0.0,0.0,0.0005057640075554651,0.0005057640075554651,0.060081975060052986,0.060081975060052986
2016-12-28,-0.0066626804008675,-0.0066626804008675,-0.004674569611128516,118586.41523123655,0.7394527642132054,0.2605472357867946,-0.0046742341730878385,0.0,0.0,0.00033543804067695293,0.00033543804067695293,0.0399652149554023,0.0399652149554023
2016-12-29,0.004121182972,0.0041211829720001,0.0036677314440606754,119021.35835521859,0.7409023294299154,0.2590976705700846,0.003668562416336219,0.0,0.0,0.0008309722755436348,0.0008309722755436348,0.09854202331326299,0.09854202331326299
2016-12-30,-0.0038058197440263,-0.0038058197440262,-0.0026114702467491583,118710.53761914627,0.0,1.0,-0.0018724403576769197,87.96034126248435,0.0,0.0,0.0,0.0,87.96034126248435
