date,cluster_id,members,member_count,pre_cap_exposure,normalized_cluster_risk,scale,post_cap_exposure,binding
2009-04-07,0,EFA;EWJ;EWU;VNQ,4,1.0,1.058905112609259,0.3305300879486372,0.3305300879486372,True
2009-04-08,0,EFA;EWJ;EWU;VNQ,4,0.9999999999999998,1.0623119731806778,0.329470069844042,0.3294700698440419,True
2009-04-09,0,EFA;EWJ;EWU;VNQ,4,1.0,1.0786268153347367,0.32448664823095685,0.32448664823095685,True
2009-04-13,0,EFA;EWJ;EWU;VNQ,4,1.0,1.0784226818433784,0.3245480699661612,0.3245480699661612,True
2009-04-14,0,EFA;EWJ;EWU;VNQ,4,1.0,1.0748376100562276,0.32563058523946753,0.32563058523946753,True
2009-04-15,0,EFA;EWJ;EWU;VNQ,4,1.0000000000000002,1.0891461752380096,0.3213526411397579,0.321352641139758,True
2009-04-16,0,EFA;EWJ;EWU;VNQ,4,0.9999999999999998,1.0971516715263228,0.319007853775669,0.3190078537756689,True
2009-04-17,0,EFA;EWJ;EWU;VNQ,4,1.0,1.1001897481144645,0.31812694182966134,0.31812694182966134,True
2009-04-20,0,EFA;EWJ;EWU;VNQ,4,0.9999999999999999,1.0945480144418762,0.31976669399785934,0.3197666939978593,True
2009-04-21,0,EFA;EWJ;EWU;VNQ,4,1.0,1.1064600764784003,0.31632411095569474,0.31632411095569474,True
2009-04-22,0,EFA;EWJ;EWU;VNQ,4,1.0,1.1223106256322868,0.3118566215149368,0.3118566215149368,True
2009-04-23,0,EFA;EWJ;EWU;VNQ,4,1.0,1.1256958314327166,0.3109188025992256,0.3109188025992256,True
2009-04-24,0,EFA;EWJ;EWU;VNQ,4,0.9999999999999999,1.1316897301159368,0.30927204752856063,0.3092720475285606,True
2009-04-27,0,EFA;EWJ;EWU;VNQ,4,1.0,1.1224752176436523,0.3118108930143998,0.3118108930143998,True
2009-04-28,0,EFA;EWJ;EWU;VNQ,4,0.9999999999999998,1.1266057449253712,0.31066768616840734,0.3106676861684073,True
2009-04-29,0,EFA;EWJ;EWU;VNQ,4,0.9999999999999999,1.1373260913509868,0.3077393569545636,0.30773935695456356,True
2009-04-30,0,EFA;EWJ;EWU;VNQ,4,1.0,1.1382350031093875,0.3074936186673957,0.3074936186673957,True
2009-05-01,0,EFA;EWJ;EWU;VNQ,4,1.0000000000000002,1.1329994731186381,0.3089145302394602,0.30891453023946025,True
2009-05-04,0,EFA;EWJ;EWU;VNQ,4,1.0,1.1462986846675678,0.30533054314853525,0.30533054314853525,True
2009-05-05,0,EFA;EWJ;EWU;VNQ,4,1.0,1.1387255510816547,0.307361154465658,0.307361154465658,True
2009-05-06,0,EFA;EWJ;EWU;VNQ,4,1.0,1.141349846504718,0.30665444173129186,0.30665444173129186,True
2009-05-07,0,EFA;EWJ;EWU;VNQ,4,1.0,1.142446790204902,0.3063600011841481,0.3063600011841481,True
2009-05-08,0,EFA;EWJ;EWU;VNQ,4,1.0,1.1507952729398303,0.3041375023255764,0.3041375023255764,True
2009-05-11,0,EFA;EWJ;EWU;VNQ,4,0.9999999999999999,1.1445852576058344,0.30578761841831353,0.3057876184183135,True
2009-05-12,0,EFA;EWJ;EWU;VNQ,4,1.0,1.1413985019828052,0.30664136968113226,0.30664136968113226,True
2009-05-13,0,EFA;EWJ;EWU;VNQ,4,1.0,1.1345766732363822,0.30848510132120405,0.30848510132120405,True
2009-05-14,0,EFA;EWJ;EWU;VNQ,4,1.0000000000000002,1.1341632801045076,0.3085975415883233,0.30859754158832337,True
2009-05-15,0,EFA;EWJ;EWU;VNQ,4,1.0000000000000002,1.1315888054053194,0.3092996310392403,0.30929963103924035,True
2009-05-18,0,EFA;EWJ;EWU;VNQ,4,1.0000000000000002,1.1443718724557168,0.30584463706621184,0.3058446370662119,True
2009-05-19,0,EFA;EWJ;EWU;VNQ,4,1.0,1.1346581807747003,0.3084629414658022,0.3084629414658022,True
2009-05-20,0,EFA;EWJ;EWU;VNQ,4,1.0,1.1320469400323538,0.30917445878171534,0.30917445878171534,True
2009-05-21,0,EFA;EWJ;EWU;VNQ,4,0.9999999999999998,1.1329956798123648,0.3089155644953239,0.30891556449532387,True
2009-05-22,0,EFA;EWJ;EWU;VNQ,4,1.0,1.1289259719206548,0.310029185885892,0.310029185885892,True
2009-05-26,0,EFA;EWJ;EWU;VNQ,4,1.0,1.1328494316879059,0.30895544474830366,0.30895544474830366,True
2009-05-27,0,EFA;EWJ;EWU;VNQ,4,1.0,1.12336580588649,0.31156369382616367,0.31156369382616367,True
2009-05-28,0,EFA;EWJ;EWU;VNQ,4,0.9999999999999998,1.1259388773026011,0.31085168747213965,0.3108516874721396,True
2009-05-29,0,EFA;EWJ;EWU;VNQ,4,1.0,1.1289411568096837,0.3100250158202026,0.3100250158202026,True
2009-06-01,0,EFA;EWJ;EWU;VNQ,4,0.9999999999999999,1.1298307265269467,0.3097809183114409,0.30978091831144083,True
2009-06-02,0,EFA;EWJ;EWU;VNQ,4,1.0,1.1230275760728283,0.3116575295719208,0.3116575295719208,True
2009-06-03,0,EFA;EWJ;EWU;VNQ,4,1.0,1.120459166885013,0.3123719367418221,0.3123719367418221,True
2009-06-04,0,EFA;EWJ;EWU;VNQ,4,1.0,1.122860407567677,0.31170392832548494,0.31170392832548494,True
2009-06-05,0,EFA;EWJ;EWU;VNQ,4,0.9999999999999999,1.1177459234288183,0.31313019592711505,0.313130195927115,True
2009-06-08,0,EFA;EWJ;EWU;VNQ,4,1.0,1.109958119444627,0.3153272126835958,0.3153272126835958,True
2009-06-09,0,EFA;EWJ;EWU;VNQ,4,1.0,1.1086027219749166,0.31571273736049793,0.31571273736049793,True
2009-06-10,0,EFA;EWJ;EWU;VNQ,4,1.0,1.1002428543264005,0.31811158656811256,0.31811158656811256,True
2009-06-11,0,EFA;EWJ;EWU;VNQ,4,1.0,1.0945697194903936,0.3197603531029087,0.3197603531029087,True
2009-06-12,0,EFA;EWJ;EWU;VNQ,4,0.9999999999999998,1.0973581898882736,0.3189478177910486,0.3189478177910485,True
2009-06-15,0,EFA;EWJ;EWU;VNQ,4,1.0000000000000002,1.0941300031468135,0.31988886054981525,0.3198888605498153,True
2009-06-16,0,EFA;EWJ;EWU;VNQ,4,1.0,1.092099938627669,0.32048349021959416,0.32048349021959416,True
2009-06-17,0,EFA;EWJ;EWU;VNQ,4,1.0,1.0881490672261867,0.3216471074980462,0.3216471074980462,True
2009-06-18,0,EFA;EWJ;EWU;VNQ,4,1.0000000000000002,1.0905663702081523,0.3209341582146869,0.32093415821468696,True
2009-06-19,0,EFA;EWJ;EWU;VNQ,4,1.0,1.0884041452075013,0.32157172640432513,0.32157172640432513,True
2009-06-22,0,EFA;EWJ;EWU;VNQ,4,0.9999999999999998,1.0831781849449877,0.3231231988094145,0.3231231988094144,True
2009-06-23,0,EFA;EWJ;EWU;VNQ,4,1.0,1.0826171292959323,0.32329065422012904,0.32329065422012904,True
2009-06-24,0,EFA;EWJ;EWU;VNQ,4,1.0,1.0850043431208654,0.3225793539160159,0.3225793539160159,True
2009-06-25,0,EFA;EWJ;EWU;VNQ,4,1.0,1.0843457453405327,0.32277527855295307,0.32277527855295307,True
2009-06-26,0,EFA;EWJ;EWU;VNQ,4,1.0,1.0881892059143068,0.3216352432993734,0.3216352432993734,True
2009-06-29,0,EFA;EWJ;EWU;VNQ,4,0.9999999999999998,1.0870435991726062,0.3219742062474766,0.3219742062474765,True
2009-06-30,0,EFA;EWJ;EWU;VNQ,4,0.9999999999999998,1.089291976969306,0.32130962808868857,0.3213096280886885,True
2009-07-01,0,EFA;EWJ;EWU;VNQ,4,1.0,1.0911460408789588,0.32076366213826146,0.32076366213826146,True
2009-07-02,0,EFA;EWJ;EWU;VNQ,4,0.9999999999999999,1.0880728846771572,0.3216696279531391,0.321669627953139,True
2009-07-17,0,XLB,1,0.20004000800160032,0.20004000800160032,1.0,0.20004000800160032,False
2009-07-20,0,XLB,1,0.20345321686273102,0.20345321686273102,1.0,0.20345321686273102,False
2009-07-21,0,XLB,1,0.205356573996322,0.205356573996322,1.0,0.205356573996322,False
2009-07-22,0,XLB,1,0.20583105802041074,0.2058310580204107,1.0,0.20583105802041074,False
2009-07-23,0,XLB,1,0.2113635223794735,0.21136352237947348,1.0,0.2113635223794735,False
2009-07-24,0,XLB,1,0.21270549071443565,0.21270549071443567,1.0,0.21270549071443565,False
2009-07-27,0,XLB,1,0.21305481168222262,0.21305481168222262,1.0,0.21305481168222262,False
2009-07-28,0,XLB,1,0.21165564853358665,0.21165564853358665,1.0,0.21165564853358665,False
2009-07-29,0,XLB,1,0.20813586829232458,0.20813586829232458,1.0,0.20813586829232458,False
2009-07-30,0,XLB,1,0.21311299104465942,0.21311299104465942,1.0,0.21311299104465942,False
2009-07-31,0,XLB,1,0.21485477873462494,0.2148547787346249,1.0,0.21485477873462494,False
2009-08-03,0,XLB,1,0.22077655159031875,0.22077655159031875,1.0,0.22077655159031875,False
2009-08-04,0,XLB,1,0.2201484769101476,0.22014847691014758,1.0,0.2201484769101476,False
2009-08-05,0,XLB,1,0.2215176353045147,0.2215176353045147,1.0,0.2215176353045147,False
2009-08-06,0,XLB,1,0.22009127043591617,0.2200912704359162,1.0,0.22009127043591617,False
2009-08-07,0,XLB,1,0.22111877994348053,0.2211187799434805,1.0,0.22111877994348053,False
2009-08-10,0,XLB,1,0.21883168888097274,0.21883168888097274,1.0,0.21883168888097274,False
2009-08-11,0,XLB,1,0.21843012311293955,0.21843012311293955,1.0,0.21843012311293955,False
2009-08-12,0,XLB,1,0.21997697376285058,0.21997697376285058,1.0,0.21997697376285058,False
2009-08-13,0,XLB,1,0.22310901130494548,0.22310901130494548,1.0,0.22310901130494548,False
2009-08-14,0,XLB,1,0.21871697539092752,0.21871697539092752,1.0,0.21871697539092752,False
2009-08-17,0,XLB,1,0.21218089532704937,0.21218089532704934,1.0,0.21218089532704937,False
2009-08-18,0,XLB,1,0.21468097093282745,0.21468097093282748,1.0,0.21468097093282745,False
2009-08-19,0,XLB,1,0.21687717273310295,0.21687717273310292,1.0,0.21687717273310295,False
2009-08-20,0,XLB,1,0.2172227549016106,0.21722275490161064,1.0,0.2172227549016106,False
2009-08-21,0,XLB,1,0.22168841476076823,0.22168841476076823,1.0,0.22168841476076823,False
2009-08-24,0,XLB,1,0.22031984184269368,0.22031984184269368,1.0,0.22031984184269368,False
2009-08-25,0,XLB,1,0.21946196420844077,0.21946196420844075,1.0,0.21946196420844077,False
2009-08-26,0,XLB,1,0.21883168888097274,0.21883168888097276,1.0,0.21883168888097274,False
2009-08-27,0,XLB,1,0.22003407128344443,0.22003407128344443,1.0,0.22003407128344443,False
2009-08-28,0,XLB,1,0.22111877994348053,0.22111877994348053,1.0,0.22111877994348053,False
2009-08-31,0,XLB,1,0.21883168888097274,0.21883168888097274,1.0,0.21883168888097274,False
2009-09-01,0,XLB,1,0.21375254045365383,0.21375254045365383,1.0,0.21375254045365383,False
2009-09-02,0,XLB,1,0.21531792741621308,0.21531792741621303,1.0,0.21531792741621308,False
2009-09-03,0,XLB,1,0.2177406435965047,0.21774064359650466,1.0,0.2177406435965047,False
2009-09-04,0,XLB,1,0.22009127043591617,0.22009127043591617,1.0,0.22009127043591617,False
2009-09-08,0,XLB,1,0.22242775023122552,0.22242775023122552,1.0,0.22242775023122552,False
2009-09-09,0,XLB,1,0.22322245436133112,0.22322245436133112,1.0,0.22322245436133112,False
2009-09-10,0,XLB,1,0.22418520555553959,0.22418520555553959,1.0,0.22418520555553959,False
2009-09-11,0,XLB,1,0.22441135287339914,0.22441135287339914,1.0,0.22441135287339914,False
2009-09-14,0,XLB,1,0.22660968142970472,0.22660968142970472,1.0,0.22660968142970472,False
2009-09-15,0,XLB,1,0.2304686787027091,0.2304686787027091,1.0,0.2304686787027091,False
2009-09-16,0,XLB,1,0.23290952694990152,0.23290952694990152,1.0,0.23290952694990152,False
2009-09-17,0,XLB,1,0.2320791451089422,0.2320791451089422,1.0,0.2320791451089422,False
2009-09-18,0,XLB,1,0.2319845482150126,0.23198454821501263,1.0,0.2319845482150126,False
2009-09-21,0,EWJ;XLB,2,0.4302853284151373,0.4082681636902937,0.8572796782300784,0.3688748678908525,True
2009-09-22,0,EWJ;XLB,2,0.43319048448533376,0.41133991703981515,0.8508777910949065,0.36859216256221317,True
2009-09-23,0,EWJ;XLB,2,0.4298491465687875,0.4076674296381508,0.8585429557388558,0.3690439568169914,True
2009-09-24,0,EWJ;XLB,2,0.4270886466008321,0.4041258767424359,0.8660667879554461,0.36988729233382134,True
2009-09-25,0,EWJ;XLB,2,0.42490903160285826,0.4020586546966151,0.8705197510649348,0.3698917044161627,True
2009-09-28,0,EWJ;XLB,2,0.42825833868314,0.40586445196519794,0.8623568738412493,0.3693115221432396,True
2009-09-29,0,EWJ;XLB,2,0.4259807279609171,0.40365026885390004,0.8670872460800501,0.3693624562908066,True
2009-09-30,0,EWJ,1,0.19905632598345174,0.14919917840681818,1.0,0.19905632598345174,False
2009-09-30,1,XLB,1,0.22661626545259764,0.2833762831717783,1.0,0.22661626545259764,False
2009-10-01,0,EWJ;XLB,2,0.41759530721019383,0.39425069793842765,0.8877600010099702,0.3707244103506805,True
2009-10-02,0,EWJ;XLB,2,0.4155313513657478,0.3923062550736539,0.8921601312074132,0.3707205049552593,True
2009-10-05,0,EWJ;FXI;XLB,3,0.8189333127133003,0.7454741064675929,0.46949987526523845,0.384489088169443,True
2009-10-06,0,EWJ;FXI;XLB,3,0.8220271137226594,0.7502821192593396,0.46649119180064097,0.38346840797292436,True
2009-10-07,0,EWJ;FXI;XLB,3,0.8231990363021787,0.7517820528303644,0.4655604622141407,0.3832489238350775,True
2009-10-08,0,EWJ,1,0.19425408688903098,0.11915743697903898,1.0,0.19425408688903098,False
2009-10-08,1,FXI;XLB,2,0.6314284224238224,0.6725988291929169,0.5203696242230774,0.32857617090045504,True
2009-10-09,0,EWJ,1,0.19391724732991117,0.11897511109468184,1.0,0.19391724732991117,False
2009-10-09,1,FXI;XLB,2,0.6320675311791801,0.6724326709454828,0.5204982076612635,0.32899001709964304,True
2009-10-12,0,EEM;FXI;XLB,3,0.8050311550700311,0.8264917918077708,0.42347667994917554,0.34091192080470667,True
2009-10-12,1,EWJ,1,0.19496884492996905,0.11770410013599229,1.0,0.19496884492996905,False
2009-10-13,0,EEM;FXI,2,0.5805594312457041,0.6308947805763616,0.5547676265133359,0.3220755777221115,True
2009-10-13,1,EWJ,1,0.1933403012634021,0.11513620718933427,1.0,0.1933403012634021,False
2009-10-14,0,EEM;FXI,2,0.5875762314231754,0.6387913473470219,0.5479097383732459,0.32193873923340977,True
2009-10-14,1,EWJ,1,0.19123648128917908,0.1128357203274616,1.0,0.19123648128917908,False
2009-10-15,0,EEM;FXI,2,0.5872354209915747,0.6362569398401811,0.5500922317451109,0.3230336432930351,True
2009-10-15,1,EWJ,1,0.19088161114658922,0.1142929275517558,1.0,0.19088161114658922,False
2009-10-16,0,EEM;FXI,2,0.5845160748739817,0.5897876351028307,0.5934339398942752,0.34687167724400414,True
2009-10-19,0,EEM;FXI,2,0.5912405918656723,0.6479694139188161,0.5401489522217655,0.3193579862072194,True
2009-10-19,1,EWJ,1,0.4001200320080019,0.24647300699141206,1.0,0.4001200320080019,False
2009-10-20,0,EEM;FXI,2,0.5898076392063436,0.6456790832630579,0.5420649500231767,0.31971404846967444,True
2009-10-20,1,EWJ,1,0.4014970618171812,0.24641031147912543,1.0,0.4014970618171812,False
2009-10-21,0,EEM;FXI,2,0.5890944629291639,0.645431662463535,0.5422727460628319,0.31944987210300685,True
2009-10-21,1,EWJ,1,0.4021692872356661,0.24569090237629704,1.0,0.4021692872356661,False
2009-10-22,0,EEM;FXI,2,0.5907939856919919,0.6388056262815432,0.5478974911935781,0.32369454257289704,True
2009-10-22,1,EWJ,1,0.4005230648406841,0.2525710861905901,1.0,0.4005230648406841,False
2009-10-23,0,EEM;FXI,2,0.5958927630909188,0.6413696498037397,0.5457071442452892,0.32518293802278,True
2009-10-23,1,EWJ,1,0.3953333697085674,0.2537226370158566,1.0,0.3953333697085674,False
2009-10-26,0,EEM;FXI,2,0.5941515772928566,0.6359401036570399,0.550366297057362,0.32700100348546046,True
2009-10-26,1,EWJ,1,0.3970099801476717,0.25078589760374864,1.0,0.3970099801476717,False
2009-10-27,0,EEM;FXI,2,0.5935423011450047,0.6322225004050931,0.553602568361201,0.32858654234489204,True
2009-10-27,1,EWJ,1,0.39756998722939985,0.24787969446296776,1.0,0.39756998722939985,False
2009-10-28,0,EEM;FXI,2,0.5860595219433617,0.6157291443677017,0.5684317580247373,0.33313484436540225,True
2009-10-28,1,EWJ,1,0.4047961695800962,0.23606565488932324,1.0,0.4047961695800962,False
2009-10-29,0,EEM;FXI,2,0.5895924821225841,0.605701384876259,0.5778424958884695,0.3406915914267918,True
2009-10-29,1,EWJ,1,0.40147883078342655,0.2320013909575594,1.0,0.40147883078342655,False
2009-10-30,0,EEM;FXI,2,0.5829803543085719,0.5938070719889913,0.5894170287121281,0.3436185482341021,True
2009-10-30,1,EWJ,1,0.40783561760762715,0.23052863550742106,1.0,0.40783561760762715,False
2009-11-02,0,EEM;FXI,2,0.5860422522498213,0.6032942145915694,0.5801481127031033,0.3399913066070098,True
2009-11-02,1,EWJ,1,0.40492440733930585,0.23003597627005606,1.0,0.40492440733930585,False
2009-11-03,0,EEM;FXI,2,0.5856309492129559,0.6037411154296702,0.5797186758614445,0.3395011984212157,True
2009-11-03,1,EWJ,1,0.40531754875545045,0.2306756302917418,1.0,0.40531754875545045,False
2009-11-04,0,EEM;FXI,2,0.5899864829414962,0.608185769819564,0.575482060528706,0.3395266368872565,True
2009-11-04,1,EWJ,1,0.4010389262942821,0.22722514368881647,1.0,0.4010389262942821,False
2009-11-05,0,EEM;FXI,2,0.5937005919117535,0.6119643149303415,0.5719287733956181,0.3395544512963416,True
2009-11-05,1,EWJ,1,0.39746902965941794,0.2318358936729296,1.0,0.39746902965941794,False
2009-11-06,0,EEM;FXI,2,0.5949239548776444,0.6137502684550119,0.5702645163497067,0.3392640213931546,True
2009-11-06,1,EWJ,1,0.39621854510297827,0.231281004937979,1.0,0.39621854510297827,False
2009-11-09,0,EEM;FXI,2,0.6006589961195395,0.6178545112634007,0.5664764011908131,0.34025914646468336,True
2009-11-09,1,EWJ,1,0.3907054899559727,0.2244277823935278,1.0,0.3907054899559727,False
2009-11-10,0,EEM;FXI,2,0.6008401586458606,0.6184382224821054,0.5659417339945013,0.3400405212375696,True
2009-11-10,1,EWJ,1,0.19534859326030615,0.11223275910494233,1.0,0.19534859326030615,False
2009-11-11,0,EEM;FXI,2,0.6018937708586091,0.6191586075485226,0.5652832662470432,0.3402404767247039,True
2009-11-11,1,EWJ,1,0.19472995633247722,0.11181220752531726,1.0,0.19472995633247722,False
2009-11-12,0,EEM;FXI,2,0.5991384377719225,0.6152537952355747,0.5688709321427077,0.34083244157783926,True
2009-11-12,1,EWJ,1,0.19440327345414643,0.10778121414963768,1.0,0.19440327345414643,False
2009-11-13,0,EEM;FXI,2,0.6020556396288568,0.6195025051383509,0.5649694667850228,0.34014305369603104,True
2009-11-13,1,EWJ,1,0.1939268467187416,0.10626883774326197,1.0,0.1939268467187416,False
2009-11-16,0,EEM;EWJ;FXI,3,0.9992655770042571,0.7900589774571286,0.4430049021485769,0.44267954916121216,True
2009-11-17,0,EEM;EWJ;FXI,3,0.8075708065846885,0.7027750373962391,0.49802565739491783,0.4021909818422835,True
2009-11-18,0,EEM;FXI,2,0.6071509410727642,0.6005301619443096,0.5828183531478596,0.3538587115882016,True
2009-11-19,0,EEM;FXI,2,0.6022860575238828,0.5955358866389477,0.5877059768392976,0.3539671157737629,True
2009-11-20,0,EEM;FXI,2,0.6017271229440847,0.5969270933306484,0.5863362610115752,0.35281443141628704,True
2009-11-23,0,EEM;FXI,2,0.6071269782053395,0.6215442277267251,0.5631135877170189,0.34188145089700106,True
2009-11-23,1,EWJ,1,0.39287302179466055,0.22248870609699128,1.0,0.39287302179466055,False
2009-11-24,0,EEM;FXI,2,0.607641892670191,0.6225312734718984,0.5622207508516426,0.34162888114594797,True
2009-11-24,1,EWJ,1,0.39235810732980897,0.22226384076850625,1.0,0.39235810732980897,False
2009-11-25,0,EEM;FXI,2,0.6049407260153612,0.6197687499106062,0.564726763087818,0.3416262180626495,True
2009-11-25,1,EWJ,1,0.3950592739846389,0.22677044083826228,1.0,0.3950592739846389,False
2009-11-27,0,EEM;EWJ;FXI,3,1.0000000000000002,0.7860320067552312,0.4452744888147911,0.4452744888147912,True
2009-11-30,0,EEM;FXI,2,0.5944846054461836,0.607956314050472,0.5756992598171179,0.3422443473280393,True
2009-11-30,1,EWJ,1,0.4055153945538161,0.2316936195083348,1.0,0.4055153945538161,False
2009-12-01,0,EEM;FXI,2,0.5929521648441328,0.6054700388836384,0.5780632855844158,0.34276387660419155,True
2009-12-01,1,EWJ,1,0.40704783515586723,0.23933087947537934,1.0,0.40704783515586723,False
2009-12-02,0,EEM;FXI,2,0.5945609200699529,0.607638070156883,0.5760007761028456,0.34246755140071483,True
2009-12-02,1,EWJ,1,0.4054390799300471,0.2394727799787441,1.0,0.4054390799300471,False
2009-12-03,0,EEM;FXI,2,0.5892682736494934,0.6034994389064856,0.5799508291742318,0.34174662390909183,True
2009-12-03,1,EWJ,1,0.41073172635050675,0.24537721677630192,1.0,0.41073172635050675,False
2009-12-04,0,EEM;FXI,2,0.5923787358248996,0.6050914143815188,0.5784249977464065,0.3426466689345367,True
2009-12-04,1,EWJ,1,0.4076212641751005,0.24320782383591324,1.0,0.4076212641751005,False
2009-12-07,0,EEM;FXI,2,0.5910952863388479,0.6058703634046954,0.5776813343916858,0.34146471376486126,True
2009-12-07,1,EWJ,1,0.4089047136611522,0.2437250500347098,1.0,0.4089047136611522,False
2009-12-08,0,EEM;FXI,2,0.5851968504437826,0.6001830111675479,0.5831554600639862,0.3412607385485398,True
2009-12-08,1,EWJ,1,0.4148031495562175,0.24525102090948045,1.0,0.4148031495562175,False
2009-12-09,0,EEM;FXI,2,0.5846362706160287,0.5994417028940231,0.5838766277191719,0.34135545412960006,True
2009-12-09,1,EWJ,1,0.41536372938397126,0.24344989456543442,1.0,0.41536372938397126,False
2009-12-10,0,EEM;FXI,2,0.586822166690339,0.6070120066561713,0.5765948550639622,0.3383586421511363,True
2009-12-10,1,EWJ,1,0.41317783330966124,0.24281665681760872,1.0,0.41317783330966124,False
2009-12-11,0,EEM;FXI,2,0.5858154066986552,0.6058302068990437,0.5777196250934454,0.3384370571319113,True
2009-12-11,1,EWJ,1,0.41418459330134466,0.2434053832669943,1.0,0.41418459330134466,False
2009-12-14,0,EEM;FXI,2,0.5867638555779052,0.6047875589746824,0.5787156081606032,0.33956940152742776,True
2009-12-14,1,EWJ,1,0.41323614442209483,0.24398246082664057,1.0,0.41323614442209483,False
2009-12-15,0,EEM;FXI,2,0.5860922457976185,0.604113374787114,0.5793614487071038,0.33955925260130826,True
2009-12-15,1,EWJ,1,0.41390775420238135,0.24189923792812842,1.0,0.41390775420238135,False
2009-12-16,0,EEM;FXI,2,0.5815256845198853,0.5989716040623095,0.5843348793603083,0.33980574070884784,True
2009-12-16,1,EWJ,1,0.4184743154801149,0.24660147719450945,1.0,0.4184743154801149,False
2009-12-17,0,EEM;FXI,2,0.5780670530954813,0.593963317620128,0.5892619790096938,0.3406329357073451,True
2009-12-17,1,EWJ,1,0.42193294690451866,0.24726188466983465,1.0,0.42193294690451866,False
2009-12-18,0,EEM;FXI,2,0.5777071430731388,0.5937839716324478,0.5894399591787061,0.3405236748302778,True
2009-12-18,1,EWJ,1,0.42229285692686147,0.24743052962284326,1.0,0.42229285692686147,False
2009-12-21,0,EEM;FXI,2,0.5787743324582446,0.5961064769214377,0.5871434274755034,0.33982354529438025,True
2009-12-21,1,EWJ,1,0.42122566754175533,0.24653927277152934,1.0,0.42122566754175533,False
2009-12-22,0,EEM;FXI,2,0.5773378211249465,0.5928560605347704,0.590362523551318,0.3408386130209428,True
2009-12-22,1,EWJ,1,0.4226621788750536,0.245670702093311,1.0,0.4226621788750536,False
2009-12-23,0,EEM;FXI,2,0.5791224191677937,0.5940001750279896,0.5892254156044782,0.34123364812001405,True
2009-12-23,1,EWJ,1,0.4208775808322062,0.2442201280412603,1.0,0.4208775808322062,False
2009-12-24,0,EEM;FXI,2,0.5806341333026848,0.5928831236604442,0.5903355754825834,0.3427689852280715,True
2009-12-24,1,EWJ,1,0.4193658666973152,0.2445786486357071,1.0,0.4193658666973152,False
2009-12-28,0,EEM;FXI,2,0.5810746510952743,0.5941030576215073,0.5891233776867361,0.3423246611413897,True
2009-12-28,1,EWJ,1,0.41892534890472577,0.24522616243322953,1.0,0.41892534890472577,False
2009-12-29,0,EEM;FXI,2,0.5792620489142282,0.5920721547611272,0.5911441657667692,0.34242738066575085,True
2009-12-29,1,EWJ,1,0.4207379510857718,0.24707683340493267,1.0,0.4207379510857718,False
2009-12-30,0,EEM;FXI,2,0.5821830270196938,0.5958246660229772,0.5874211323545686,0.34198661296951893,True
2009-12-30,1,EWJ,1,0.4178169729803061,0.2461439069547839,1.0,0.4178169729803061,False
2009-12-31,0,EEM,1,0.1813326608226075,0.2279366384838988,1.0,0.1813326608226075,False
2009-12-31,1,EWJ,1,0.4147477527153277,0.30815418642158204,1.0,0.4147477527153277,False
2010-01-04,0,EEM,1,0.18369303396115413,0.2295474442040317,1.0,0.18369303396115413,False
2010-01-04,1,EWJ,1,0.41872198183382386,0.3141984235981904,1.0,0.41872198183382386,False
2010-01-05,0,EEM,1,0.18431707256228846,0.22732437786917653,1.0,0.18431707256228846,False
2010-01-05,1,EWJ,1,0.41962196391592066,0.3217101987998096,1.0,0.41962196391592066,False
2010-01-06,0,EEM,1,0.18432377617060366,0.22738613087216444,1.0,0.18432377617060366,False
2010-01-06,1,EWJ,1,0.42042776258436565,0.3222059823294162,1.0,0.42042776258436565,False
2010-01-07,0,EEM;FXI,2,0.3842946953752655,0.37553169695200816,0.9320118723419742,0.3581672185677898,True
2010-01-07,1,EWJ,1,0.4188616446062892,0.25134157540486235,1.0,0.4188616446062892,False
2010-01-07,2,USO,1,0.19684366001844536,0.2458784570249398,1.0,0.19684366001844536,False
2010-01-08,0,EWJ,1,0.42056129171478207,0.2479810944292549,1.0,0.42056129171478207,False
2010-01-08,1,FXI,1,0.19909744604990773,0.19909744604990773,1.0,0.19909744604990773,False
2010-01-08,2,USO,1,0.19630602560344823,0.2406598941072917,1.0,0.19630602560344823,False
2010-01-11,0,EWJ,1,0.42337577948986455,0.24980611133313993,1.0,0.42337577948986455,False
2010-01-11,1,FXI,1,0.19897918963925434,0.19897918963925434,1.0,0.19897918963925434,False
2010-01-11,2,USO,1,0.19401131844378794,0.23820420864572078,1.0,0.19401131844378794,False
2010-01-12,0,EWJ,1,0.42897377804122977,0.2504272051136843,1.0,0.42897377804122977,False
2010-01-12,1,FXI,1,0.19537575024384213,0.19537575024384213,1.0,0.19537575024384213,False
2010-01-12,2,USO,1,0.19085559787569148,0.23370027238324675,1.0,0.19085559787569148,False
2010-01-13,0,EWJ,1,0.4322910078349623,0.2574978882589917,1.0,0.4322910078349623,False
2010-01-13,1,FXI,1,0.19337687583658886,0.19337687583658889,1.0,0.19337687583658886,False
2010-01-13,2,USO,1,0.1891888747419472,0.23500320192056157,1.0,0.1891888747419472,False
2010-01-14,0,EWJ,1,0.43683487501114154,0.26172583464845245,1.0,0.43683487501114154,False
2010-01-14,1,FXI,1,0.1910282114056566,0.19102821140565657,1.0,0.1910282114056566,False
2010-01-14,2,USO,1,0.18772286103093613,0.2328087336496611,1.0,0.18772286103093613,False
2010-01-15,0,EWJ,1,0.43911444347940964,0.26246973856651046,1.0,0.43911444347940964,False
2010-01-15,1,FXI,1,0.18928668327415593,0.18928668327415593,1.0,0.18928668327415593,False
2010-01-15,2,USO,1,0.18586834548440304,0.23060681844499228,1.0,0.18586834548440304,False
2010-01-19,0,EWJ,1,0.43513831504561706,0.256634028285745,1.0,0.43513831504561706,False
2010-01-19,1,FXI,1,0.19373106770305834,0.19373106770305834,1.0,0.19373106770305834,False
2010-01-19,2,USO,1,0.18690594135103672,0.22861861296591637,1.0,0.18690594135103672,False
2010-01-20,0,EWJ,1,0.43511865772971026,0.26107455012605113,1.0,0.43511865772971026,False
2010-01-20,1,FXI,1,0.1905288506219726,0.1905288506219726,1.0,0.1905288506219726,False
2010-01-20,2,USO,1,0.1859943806411603,0.2202225916321663,1.0,0.1859943806411603,False
2010-01-21,0,EWJ,1,0.44083806122551633,0.25991464805932685,1.0,0.44083806122551633,False
2010-01-21,1,FXI,1,0.18495039158220347,0.1849503915822035,1.0,0.18495039158220347,False
2010-01-21,2,USO,1,0.18430573458134422,0.2085499159921397,1.0,0.18430573458134422,False
2010-01-22,0,EWJ,1,0.44128083935237017,0.26060317165199004,1.0,0.44128083935237017,False
2010-01-22,1,FXI,1,0.18458726328899058,0.18458726328899058,1.0,0.18458726328899058,False
2010-01-22,2,USO,1,0.18197931991943606,0.2038896203473364,1.0,0.18197931991943606,False
2010-01-25,0,EWJ,1,0.44089237927466873,0.2630344481027324,1.0,0.44089237927466873,False
2010-01-25,1,FXI,1,0.1858892056405566,0.1858892056405566,1.0,0.1858892056405566,False
2010-01-25,2,USO,1,0.18273331710680424,0.20700146140406103,1.0,0.18273331710680424,False
2010-01-26,0,EWJ,1,0.4412840423097126,0.2626973067587959,1.0,0.4412840423097126,False
2010-01-26,1,FXI,1,0.18267072219039246,0.18267072219039246,1.0,0.18267072219039246,False
2010-01-26,2,USO,1,0.18332270407358886,0.2064392628204013,1.0,0.18332270407358886,False
2010-01-27,0,EWJ,1,0.4412156409861593,0.2642457532792736,1.0,0.4412156409861593,False
2010-01-27,1,FXI,1,0.18268107360594601,0.182681073605946,1.0,0.18268107360594601,False
2010-01-27,2,USO,1,0.18226364364883513,0.2067887865730359,1.0,0.18226364364883513,False
2010-01-28,0,EWJ,1,0.4382035333837759,0.2634327087043565,1.0,0.4382035333837759,False
2010-01-28,1,FXI,1,0.1841124904614384,0.1841124904614384,1.0,0.1841124904614384,False
2010-01-28,2,USO,1,0.1832385943231902,0.20790140216155967,1.0,0.1832385943231902,False
2010-01-29,0,EWJ,1,0.43627961541299864,0.3289944976876366,1.0,0.43627961541299864,False
2010-01-29,1,FXI,1,0.18518793670089828,0.23072733136517806,1.0,0.18518793670089828,False
2010-02-01,0,EWJ,1,0.43625178282888455,0.3270207941586327,1.0,0.43625178282888455,False
2010-02-01,1,FXI,1,0.1890477860915686,0.23638255329137173,1.0,0.1890477860915686,False
2010-02-02,0,EWJ,1,0.44032961144465543,0.33296537143140587,1.0,0.44032961144465543,False
2010-02-02,1,FXI,1,0.18856114528528428,0.23453744016393802,1.0,0.18856114528528428,False
2010-02-03,0,EWJ,1,0.4378862624903288,0.3317451693839988,1.0,0.4378862624903288,False
2010-02-03,1,FXI,1,0.18938434530904952,0.235290013401967,1.0,0.18938434530904952,False
2010-02-04,0,EWJ,1,0.43699689500034233,0.3278034125526338,1.0,0.43699689500034233,False
2010-02-04,1,FXI,1,0.18384831862139545,0.22978694743570396,1.0,0.18384831862139545,False
2010-02-05,0,EWJ,1,0.4374490877353744,0.32848139461153664,1.0,0.4374490877353744,False
2010-02-05,1,FXI,1,0.18223072630020487,0.2276240358714138,1.0,0.18223072630020487,False
2010-02-08,0,EWJ,1,0.43653909858114925,0.3278949277088539,1.0,0.43653909858114925,False
2010-02-08,1,FXI,1,0.18120712052976584,0.2263052513274424,1.0,0.18120712052976584,False
2010-02-09,0,EWJ,1,0.43531835486581666,0.3249603252148557,1.0,0.43531835486581666,False
2010-02-09,1,FXI,1,0.18582819089764568,0.2329376977030459,1.0,0.18582819089764568,False
2010-02-10,0,EWJ,1,0.4349611009536651,0.324575643226544,1.0,0.4349611009536651,False
2010-02-10,1,FXI,1,0.18649635951657495,0.233825847060501,1.0,0.18649635951657495,False
2010-02-11,0,EWJ,1,0.4340157453744383,0.32152596938898365,1.0,0.4340157453744383,False
2010-02-11,1,FXI,1,0.19017983239570158,0.23947133154324324,1.0,0.19017983239570158,False
2010-02-12,0,EWJ,1,0.43428735192134266,0.3201786507302943,1.0,0.43428735192134266,False
2010-02-12,1,FXI,1,0.18774864766425028,0.23707947491621129,1.0,0.18774864766425028,False
2010-02-12,2,SLV,1,0.20007559280008286,0.28329422390918607,1.0,0.20007559280008286,False
2010-02-12,3,TLT,1,0.17788840761432423,0.10198547519498825,1.0,0.17788840761432423,False
2010-02-16,0,EWJ,1,0.43201511300768625,0.31877075081920514,1.0,0.43201511300768625,False
2010-02-16,1,FXI,1,0.1879682209929267,0.237240435452861,1.0,0.1879682209929267,False
2010-02-16,2,SLV,1,0.2045163984930648,0.2926341973776221,1.0,0.2045163984930648,False
2010-02-16,3,TLT,1,0.17550026750632233,0.09826227518789693,1.0,0.17550026750632233,False
2010-02-17,0,EWJ,1,0.4330411646414937,0.31904847748254606,1.0,0.4330411646414937,False
2010-02-17,1,FXI,1,0.1890813947946484,0.2388547143871353,1.0,0.1890813947946484,False
2010-02-17,2,SLV,1,0.2039654601238063,0.2919835243371172,1.0,0.2039654601238063,False
2010-02-17,3,TLT,1,0.17391198044005168,0.09799303887650836,1.0,0.17391198044005168,False
2010-02-18,0,EWJ,1,0.43303445506371174,0.3191832065190717,1.0,0.43303445506371174,False
2010-02-18,1,FXI,1,0.18874485555692747,0.23836870698549867,1.0,0.18874485555692747,False
2010-02-18,2,SLV,1,0.20536162131467706,0.29422881837053444,1.0,0.20536162131467706,False
2010-02-18,3,TLT,1,0.17285906806468376,0.09735447091279681,1.0,0.17285906806468376,False
2010-02-19,0,EWJ,1,0.429537947165492,0.317657675170901,1.0,0.429537947165492,False
2010-02-19,1,FXI,1,0.18703138881707781,0.23574681149501586,1.0,0.18703138881707781,False
2010-02-19,2,SLV,1,0.20821620324387227,0.29669539443595616,1.0,0.20821620324387227,False
2010-02-19,3,TLT,1,0.17521446077355785,0.0982635817712281,1.0,0.17521446077355785,False
2010-02-22,0,EWJ,1,0.4329717529694025,0.32167977648236434,1.0,0.4329717529694025,False
2010-02-22,1,FXI,1,0.18685706783823447,0.23488720434868546,1.0,0.18685706783823447,False
2010-02-22,2,SLV,1,0.20642278238946793,0.2915565975422708,1.0,0.20642278238946793,False
2010-02-22,3,TLT,1,0.17374839680289503,0.09727316107217236,1.0,0.17374839680289503,False
2010-02-23,0,FXI,1,0.1855724042367653,0.1855724042367653,1.0,0.1855724042367653,False
2010-02-23,1,SLV,1,0.20339775789246367,0.2294376344329523,1.0,0.20339775789246367,False
2010-02-23,2,TLT,1,0.1775586694735327,0.08032859547456082,1.0,0.1775586694735327,False
2010-02-24,0,FXI,1,0.1879806914682816,0.1879806914682816,1.0,0.1879806914682816,False
2010-02-24,1,SLV,1,0.20317689690963772,0.22972470879042006,1.0,0.20317689690963772,False
2010-02-24,2,TLT,1,0.17722798151764088,0.08043973245923763,1.0,0.17722798151764088,False
2010-02-25,0,FXI,1,0.18614794769538606,0.18614794769538603,1.0,0.18614794769538606,False
2010-02-25,1,SLV,1,0.2048473631076097,0.22960995685162594,1.0,0.2048473631076097,False
2010-02-25,2,TLT,1,0.17798081007838618,0.07983605289505541,1.0,0.17798081007838618,False
2010-02-26,0,FXI,1,0.18757223385749747,0.18757223385749747,1.0,0.18757223385749747,False
2010-02-26,1,SLV,1,0.20715360841207145,0.22989672834274663,1.0,0.20715360841207145,False
2010-02-26,2,TLT,1,0.17753472083601093,0.07999418118108916,1.0,0.17753472083601093,False
2010-03-01,0,FXI;SLV;XLB,3,0.7981989887094637,0.7513397036432046,0.4658345596577279,0.37182867442471673,True
2010-03-01,1,TLT,1,0.17661402985872818,0.08418697219285701,1.0,0.17661402985872818,False
2010-03-02,0,FXI;SLV;XLB,3,0.8005020962722856,0.7576838697846087,0.46193407825812177,0.3697791979852325,True
2010-03-02,1,TLT,1,0.1745697099569688,0.08351783017285076,1.0,0.1745697099569688,False
2010-03-03,0,FXI;SLV;XLB,3,0.8020838722859649,0.7598239462089937,0.46063302130218803,0.36946631742884234,True
2010-03-03,1,TLT,1,0.17313090255242963,0.08282949251363711,1.0,0.17313090255242963,False
2010-03-04,0,FXI;SLV;XLB,3,0.8012433172004437,0.7567707001899515,0.46249147847842026,0.3705682063929871,True
2010-03-04,1,TLT,1,0.17398053705678013,0.08141939888283287,1.0,0.17398053705678013,False
2010-03-05,0,FXI;SLV;XLB,3,0.8055470292628719,0.7595662942408964,0.4607892723172857,0.37118742943139005,True
2010-03-05,1,TLT,1,0.16993170167679553,0.07978304514229292,1.0,0.16993170167679553,False
2010-03-08,0,FXI;SLV;XLB,3,0.806094227209625,0.7606118180135563,0.4601558793999201,0.370928998000844,True
2010-03-08,1,TLT,1,0.1693417382934846,0.07922529813631876,1.0,0.1693417382934846,False
2010-03-09,0,FXI;SLV;XLB,3,0.8057193075657632,0.759146915144192,0.46104382829971874,0.371471914095118,True
2010-03-09,1,TLT,1,0.1696739557759744,0.07952306794482114,1.0,0.1696739557759744,False
2010-03-10,0,FXI;SLV;XLB,3,0.8055488612159121,0.761149447292837,0.45983085351350783,0.3704162203997471,True
2010-03-10,1,TLT,1,0.16976762743413615,0.08040437656730919,1.0,0.16976762743413615,False
2010-03-11,0,FXI;SLV;XLB,3,0.8057204981820556,0.7611086661225295,0.45985549183545116,0.3705149959734139,True
2010-03-11,1,TLT,1,0.16969682064125255,0.07955064609503416,1.0,0.16969682064125255,False
2010-03-12,0,FXI;SLV;XLB,3,0.8049585863858275,0.7598618453724424,0.4606100465913633,0.37077201197929394,True
2010-03-12,1,TLT,1,0.17049584474864066,0.07975910352745474,1.0,0.17049584474864066,False
2010-03-15,0,FXI;SLV;XLB,3,0.8046279813966511,0.7590322743218414,0.4611134622868415,0.3710247943546821,True
2010-03-15,1,TLT,1,0.1707562951045114,0.0799423992872599,1.0,0.1707562951045114,False
2010-03-16,0,FXI;SLV;XLB,3,0.8056398492155261,0.7599744739909742,0.46054178393912315,0.3710308133701646,True
2010-03-16,1,TLT,1,0.17004128995009155,0.07991975485308352,1.0,0.17004128995009155,False
2010-03-17,0,FXI;SLV;XLB,3,0.8061522774021423,0.7586899043389819,0.4613215465216212,0.3718954153430833,True
2010-03-17,1,TLT,1,0.16968350653558154,0.08002450876879434,1.0,0.16968350653558154,False
2010-03-18,0,FXI;SLV;XLB,3,0.8058658973990457,0.7562151535130173,0.4628312436931022,0.3729799155430582,True
2010-03-18,1,TLT,1,0.1698645049119554,0.08080394153441943,1.0,0.1698645049119554,False
2010-03-19,0,FXI;SLV;XLB,3,0.8035118775620913,0.7547904672372439,0.4637048494810797,0.3725923542411893,True
2010-03-19,1,TLT,1,0.1719454364858337,0.08077907587713855,1.0,0.1719454364858337,False
2010-03-22,0,FXI;SLV;XLB,3,0.8044358573503518,0.7546095414732662,0.46381602771239216,0.3731102439056527,True
2010-03-22,1,TLT,1,0.17116026821529018,0.08003894338273021,1.0,0.17116026821529018,False
2010-03-23,0,FXI;SLV;XLB,3,0.8065232398573111,0.7564670307639205,0.46267713696200535,0.37315986351050145,True
2010-03-23,1,TLT,1,0.1692335162878052,0.07913575973753414,1.0,0.1692335162878052,False
2010-03-24,0,FXI;SLV;XLB,3,0.8073424165975946,0.7586077112272196,0.4613715294744313,0.37248480555521574,True
2010-03-24,1,TLT,1,0.16812522481043293,0.08036254845946991,1.0,0.16812522481043293,False
2010-03-25,0,FXI;SLV;XLB,3,0.806010066661947,0.756903184026232,0.4624105267178662,0.37270753946505336,True
2010-03-25,1,TLT,1,0.16914950090968003,0.08105798966821791,1.0,0.16914950090968003,False
2010-03-26,0,FXI;SLV;XLB,3,0.8076500218868272,0.7578149317091666,0.46185418808074186,0.373016545111934,True
2010-03-26,1,TLT,1,0.1677799278059578,0.0800265002730775,1.0,0.1677799278059578,False
2010-03-29,0,FXI;SLV;XLB,3,0.8107100593234413,0.7596928256512783,0.4607125250918987,0.37350427854830565,True
2010-03-29,1,TLT,1,0.1650298721770518,0.07899300029904531,1.0,0.1650298721770518,False
2010-03-30,0,FXI;SLV;XLB,3,0.8107410764829828,0.7544892883546016,0.46388995231898356,0.3760946393127323,True
2010-03-30,1,TLT,1,0.16506949123269768,0.07915700861108181,1.0,0.16506949123269768,False
2010-03-31,0,FXI;SLV;XLB,3,0.8097419348253725,0.754007816341695,0.46418616944600727,0.37587100696638814,True
2010-03-31,1,TLT,1,0.16608559651088425,0.0791422341991722,1.0,0.16608559651088425,False
2010-04-01,0,FXI;SLV;XLB,3,0.8133057138173125,0.7571522500638865,0.4622584162834726,0.3759574112234901,True
2010-04-01,1,TLT,1,0.16292386534469705,0.0769939745388664,1.0,0.16292386534469705,False
2010-04-05,0,FXI;SLV;XLB,3,0.817316474422575,0.761187946380609,0.45980759635543816,0.3758083235659452,True
2010-04-05,1,TLT,1,0.15908106716334633,0.07370176400741514,1.0,0.15908106716334633,False
2010-04-06,0,FXI;SLV;XLB,3,0.816969916199358,0.7613223173718467,0.45972644176284166,0.37558267260161776,True
2010-04-06,1,TLT,1,0.1594157505205553,0.07392156027398084,1.0,0.1594157505205553,False
2010-04-07,0,SLV;XLB,2,0.6225280209240576,0.6365769860137374,0.5498156667455254,0.3422756588921331,True
2010-04-07,1,TLT,1,0.16146251119984062,0.08200109888560067,1.0,0.16146251119984062,False
2010-04-08,0,SLV;XLB,2,0.6226106546293455,0.6390362955119397,0.5476997198095153,0.3410036810909114,True
2010-04-08,1,TLT,1,0.16146878766267303,0.08140694035729808,1.0,0.16146878766267303,False
2010-04-09,0,SLV;XLB,2,0.6239486379152592,0.6402758727118654,0.5466393704913284,0.3410748906489191,True
2010-04-09,1,TLT,1,0.1611139845950203,0.08116127515321421,1.0,0.1611139845950203,False
2010-04-12,0,SLV;XLB,2,0.6219827996623197,0.6403756688754796,0.5465541821952906,0.3399473004089764,True
2010-04-12,1,TLT,1,0.16244397600315272,0.08189659472213538,1.0,0.16244397600315272,False
2010-04-13,0,SLV;XLB,2,0.821424078517798,0.8330616662976186,0.42013696483659757,0.3451106191921666,True
2010-04-13,1,TLT,1,0.1630878108369222,0.0821818139217946,1.0,0.1630878108369222,False
2010-04-14,0,SLV;XLB,2,0.8236572796157455,0.8355576806028373,0.4188819133916432,0.3450151372643992,True
2010-04-14,1,TLT,1,0.16094960475248926,0.08129095828606185,1.0,0.16094960475248926,False
2010-04-15,0,SLV;XLB,2,0.8235085448674492,0.8372604191953823,0.4180300322047402,0.34425130353181854,True
2010-04-15,1,TLT,1,0.16110111916562395,0.08144780811660013,1.0,0.16110111916562395,False
2010-04-16,0,SLV;XLB,2,0.8192354895538247,0.8364973610380624,0.41841136183103184,0.3427774368445279,True
2010-04-16,1,TLT,1,0.16510569453915702,0.08338947157789248,1.0,0.16510569453915702,False
2010-04-19,0,SLV;XLB,2,0.8195329222962369,0.8406414038181115,0.41634875276227656,0.3412115100456619,True
2010-04-19,1,TLT,1,0.16479899735919756,0.08363280359655037,1.0,0.16479899735919756,False
2010-04-20,0,SLV;XLB,2,0.819621354159067,0.839431411646914,0.41694889557840226,0.34174021840909746,True
2010-04-20,1,TLT,1,0.16476913381410582,0.0838433140183796,1.0,0.16476913381410582,False
2010-04-21,0,SLV;XLB,2,0.6163348730702869,0.6416785406330259,0.5454444520689745,0.3361764371328236,True
2010-04-21,1,TLT,1,0.16561520991008344,0.08358772051145946,1.0,0.16561520991008344,False
2010-04-22,0,SLV;XLB,2,0.6175598594423122,0.6430355697237347,0.5442933742380214,0.3361337396898143,True
2010-04-22,1,TLT,1,0.16480676094738342,0.08475756433178598,1.0,0.16480676094738342,False
2010-04-23,0,SLV;XLB,2,0.62052929845766,0.6463069986813154,0.5415383102985396,0.3360403877774994,True
2010-04-23,1,TLT,1,0.1631973424032712,0.08459385822840522,1.0,0.1631973424032712,False
2010-04-26,0,SLV;XLB,2,0.6211666054658869,0.6536407071544379,0.5354623666627059,0.33261134065460307,True
2010-04-26,1,TLT,1,0.16302626435126452,0.08565393175051288,1.0,0.16302626435126452,False
2010-04-27,0,SLV;XLB,2,0.613928191504876,0.6386285319367235,0.5480494254438958,0.3364629926180573,True
2010-04-27,1,TLT,1,0.16755244334539285,0.08705634082179103,1.0,0.16755244334539285,False
2010-04-27,2,XLF,1,0.20004000800160035,0.1991092816539658,1.0,0.20004000800160035,False
2010-04-28,0,SLV;XLB,2,0.41245471776236853,0.44167741349675094,0.7924335483425725,0.32684295552706794,True
2010-04-28,1,TLT,1,0.16538165807478178,0.08553631385804682,1.0,0.16538165807478178,False
2010-04-28,2,XLF,1,0.20201646210201932,0.20138106447211604,1.0,0.20201646210201932,False
2010-04-29,0,SLV;XLB,2,0.4140621790789004,0.4442474075730707,0.787849279553604,0.32621858947770704,True
2010-04-29,1,TLT,1,0.16413683955335712,0.08418016221283042,1.0,0.16413683955335712,False
2010-04-29,2,XLF,1,0.20422238081605837,0.2039547837399958,1.0,0.20422238081605837,False
2010-04-30,0,SLV,1,0.21868549189196623,0.2842625066461247,1.0,0.21868549189196623,False
2010-04-30,1,TLT,1,0.16691299256867614,0.08655721210931769,1.0,0.16691299256867614,False
2010-04-30,2,XLF,1,0.20035041080666807,0.20035041080666807,1.0,0.20035041080666807,False
2010-05-03,0,SLV,1,0.2193860193177558,0.2835568287895123,1.0,0.2193860193177558,False
2010-05-03,1,TLT,1,0.16577610904256426,0.08542286481331678,1.0,0.16577610904256426,False
2010-05-03,2,XLF,1,0.20306846656106056,0.20306846656106056,1.0,0.20306846656106056,False
2010-05-04,0,SLV;XLB,2,0.41230669167266554,0.4503150996856358,0.7772335421226922,0.3204585904096346,True
2010-05-04,1,TLT,1,0.17095541130155312,0.09071369282939329,1.0,0.17095541130155312,False
2010-05-04,2,XLF,1,0.4001305071567132,0.3982290234310871,0.8788912394793518,0.3516711973884653,True
2010-05-05,0,SLV;XLB,2,0.4085219754480132,0.4471990068552614,0.7826493230859959,0.3197294475501414,True
2010-05-05,1,TLT,1,0.17343632122450844,0.09214743853741708,1.0,0.17343632122450844,False
2010-05-05,2,XLF,1,0.40129200057498765,0.3992330901365935,0.8766808379542163,0.35180500732840403,True
2010-05-06,0,SLV,1,0.214088956669036,0.2781160862927434,1.0,0.214088956669036,False
2010-05-06,1,TLT,1,0.18161753348407542,0.10027006878388128,1.0,0.18161753348407542,False
2010-05-06,2,XLB,1,0.19679288362705663,0.19643289944528358,1.0,0.19679288362705663,False
2010-05-06,3,XLF,1,0.3904863431060767,0.3912006418354098,0.8946815586955397,0.349360930099466,True
2010-05-07,0,TLT,1,0.17945935284547687,0.10046343470704665,1.0,0.17945935284547687,False
2010-05-07,1,XLB;XLF,2,0.58110472832092,0.5414906838577808,0.6463638441689706,0.37560508606227516,True
2010-05-10,0,TLT,1,0.17111350111458706,0.09387900939867225,1.0,0.17111350111458706,False
2010-05-10,1,XLB;XLF,2,0.5957563787424118,0.5634375866225414,0.6211868152034953,0.3700760075481661,True
2010-05-11,0,TLT,1,0.17146867314180403,0.09376996993082189,1.0,0.17146867314180403,False
2010-05-11,1,XLB;XLF,2,0.7945566135727591,0.7443950953209773,0.47018042192914067,0.373584963816229,True
2010-05-12,0,XLB;XLF,2,0.7983091560742668,0.7425849036069088,0.4713265759914698,0.37626432111512403,True
2010-05-13,0,XLB;XLF,2,0.7956200566670979,0.7407960021261888,0.4724647527733016,0.3759024333747006,True
2010-05-14,0,XLB;XLF,2,0.7914381484825053,0.7376689212139569,0.47446759641712544,0.3755117560233143,True
2010-05-17,0,XLB;XLF,2,0.7914915247596781,0.7377075508023472,0.4744427512221234,0.3755174165759751,True
2010-05-18,0,XLB;XLE;XLF,3,0.9878514059562751,0.8986697707444603,0.3894645301244072,0.3847330836534957,True
2010-05-19,0,XLB;XLE;XLF,3,0.9878299833343784,0.8988804050745641,0.3893732670376397,0.3846345878886441,True
2010-05-20,0,XLB;XLE;XLF,3,0.9872563014071627,0.9087482831626013,0.3851451567885657,0.38023698299596115,True
2010-05-21,0,XLB;XLE;XLF,3,0.9875909592107557,0.9131126528278533,0.3833042931954471,0.37854785458649237,True
2010-05-24,0,XLB;XLE;XLF,3,0.9873055224298533,0.9155940999737348,0.3822654602187151,0.3774127999081268,True
2010-05-25,0,XLB;XLE;XLF,3,0.9874399836126126,0.9174910791317807,0.38147509873469726,0.37668376524320923,True
2010-05-26,0,XLB;XLE;XLF,3,0.9873604256588888,0.9186558709862873,0.38099141479848486,0.3761758454878143,True
2010-05-27,0,XLB;XLE;XLF,3,0.9878678552866984,0.9248172356114968,0.37845315433440974,0.37386170589881923,True
2010-05-28,0,XLB;XLE;XLF,3,0.9876286331702397,0.9283316669306232,0.3770204254231871,0.37235616743796457,True
2010-06-01,0,XLB;XLE;XLF,3,0.9872397912662056,0.9284899132816046,0.37695616828294765,0.3721461288921659,True
2010-06-02,0,XLB;XLE;XLF,3,0.9876482213871303,0.9336070748952511,0.37489004679968746,0.37025948793744934,True
2010-06-03,0,XLB;XLE;XLF,3,0.9875944157222902,0.9332951859301665,0.3750153277081069,0.37036304345479104,True
2010-06-04,0,XLB;XLE;XLF,3,0.5913907029883292,0.5548783629800499,0.6307688735965072,0.373030847579395,True
2010-06-07,0,XLB;XLE;XLF,3,0.5876258338911219,0.550945973260166,0.6352710011272268,0.37330165178423447,True
2010-06-08,0,XLB;XLE;XLF,3,0.5924331096348907,0.5557481996291679,0.6297816173467466,0.37310348195562393,True
2010-06-09,0,SLV,1,0.2000400080016003,0.22237576158918912,1.0,0.2000400080016003,False
2010-06-09,1,XLB;XLE;XLF,3,0.7911640509045346,0.7384821269500412,0.4739451196273538,0.3749683407508115,True
2010-06-10,0,SLV,1,0.1949762388129563,0.21285581360622297,1.0,0.1949762388129563,False
2010-06-10,1,XLB;XLE;XLF,3,0.7964984815134064,0.7489115265342758,0.46734492339794603,0.37223952182946324,True
2010-06-11,0,SLV,1,0.1936763815131277,0.20972193007639423,1.0,0.1936763815131277,False
2010-06-11,1,XLB;XLE;XLF,3,0.7978504303631782,0.7509486919627156,0.4660771151824276,0.37185982693072844,True
2010-06-14,0,SLV,1,0.19488940241046618,0.21098900791555686,1.0,0.19488940241046618,False
2010-06-14,1,XLB;XLE;XLF,3,0.7965891148124904,0.7505967782003438,0.4662956332415546,0.37144602572481966,True
2010-06-15,0,SLV,1,0.19384520754517376,0.2089379319409218,1.0,0.19384520754517376,False
2010-06-15,1,XLB;XLE;XLF,3,0.7978327337968545,0.7533209322493996,0.46460941813326195,0.37068060221702626,True
2010-06-16,0,SLV,1,0.1930014632305206,0.20816564273229302,1.0,0.1930014632305206,False
2010-06-16,1,XLB;XLE;XLF,3,0.7986622894010603,0.7540440851152612,0.46416384255106236,0.3707101571490248,True
2010-06-17,0,SLV,1,0.19567150195543925,0.2115945172017528,1.0,0.19567150195543925,False
2010-06-17,1,XLB;XLE;XLF,3,0.7959921942779384,0.7519467065100853,0.465458518495826,0.3705013474828509,True
2010-06-18,0,SLV,1,0.19835260831473303,0.21477313822302513,1.0,0.19835260831473303,False
2010-06-18,1,XLB;XLE;XLF,3,0.7933861550985147,0.7496525481421333,0.4668829591354105,0.3704184758294603,True
2010-06-21,0,SLV,1,0.19443461666130624,0.2118116370084221,1.0,0.19443461666130624,False
2010-06-21,1,XLB;XLE;XLF,3,0.797281775296453,0.7533113408779525,0.46461533367078983,0.37042933805900125,True
2010-06-22,0,SLV,1,0.19894644201941342,0.21401971914110474,1.0,0.19894644201941342,False
2010-06-22,1,XLB;XLE;XLF,3,0.7926191429983933,0.7509415427850477,0.4660815523694969,0.3694251606064714,True
2010-06-23,0,SLV,1,0.1971945587698113,0.2118013172360337,1.0,0.1971945587698113,False
2010-06-23,1,XLB;XLE;XLF,3,0.7943349332284759,0.752513888881092,0.46510769458409956,0.3694512895215111,True
2010-06-24,0,SLV,1,0.20147311286947034,0.215309218735859,1.0,0.20147311286947034,False
2010-06-24,1,XLB;XLE;XLF,3,0.7899105093133609,0.7489635545157756,0.46731245851646824,0.36913502211522226,True
2010-06-25,0,SLV,1,0.20269327932951414,0.21415866734959432,1.0,0.20269327932951414,False
2010-06-25,1,XLB;XLE;XLF,3,0.7888285248074678,0.7433631539446424,0.47083312932949617,0.37140660283947013,True
2010-06-28,0,SLV,1,0.20200029713344142,0.21369920333025547,1.0,0.20200029713344142,False
2010-06-28,1,XLB;XLE;XLF,3,0.7894171806345202,0.7451081734412981,0.4697304532085824,0.3708132900300945,True
2010-06-29,0,SLV,1,0.2056143278198717,0.21382072638623592,1.0,0.2056143278198717,False
2010-06-29,1,XLB;XLE;XLF,3,0.7855291338539566,0.7420479443348498,0.4716676364001383,0.3705086698883436,True
2010-06-30,0,SLV,1,0.2079745300385801,0.21675023586400155,1.0,0.2079745300385801,False
2010-06-30,1,XLB;XLE;XLF,3,0.7831066244017875,0.7420532103949767,0.471664289160212,0.36936342933512223,True
2010-07-01,0,SLV,1,0.20191685233618673,0.21474030243917594,1.0,0.20191685233618673,False
2010-07-01,1,XLB;XLE;XLF,3,0.7890417725146281,0.748009382477823,0.4679085693291779,0.3691994069182783,True
2010-07-02,0,SLV,1,0.2031196813629984,0.21582296137771856,1.0,0.2031196813629984,False
2010-07-02,1,XLB;XLE;XLF,3,0.78779550116639,0.7464741583908217,0.46887088597212373,0.3693743745967385,True
2010-07-06,0,SLV,1,0.20185770615684331,0.2144721296812042,1.0,0.20185770615684331,False
2010-07-06,1,XLB;XLE;XLF,3,0.7890827879665453,0.7475651771744114,0.4681866018999209,0.36943798911577264,True
2010-07-07,0,SLV,1,0.197970314137201,0.2052576227706647,1.0,0.197970314137201,False
2010-07-07,1,XLB;XLE;XLF,3,0.793270499070273,0.7519897803020749,0.4654318571449265,0.3692133616005599,True
2010-07-08,0,SLV,1,0.1954837048253602,0.20238544033964187,1.0,0.1954837048253602,False
2010-07-08,1,XLB;XLE;XLF,3,0.7958474827414362,0.7555109938084118,0.463262616782987,0.36868638741495086,True
2010-07-09,0,SLV,1,0.19397001692273935,0.1999749928593348,1.0,0.19397001692273935,False
2010-07-09,1,XLB;XLE;XLF,3,0.7974865131447872,0.7575768529051781,0.46199933202527194,0.368438236372055,True
2010-07-12,0,SLV,1,0.19408096729931104,0.19935704614849803,1.0,0.19408096729931104,False
2010-07-12,1,XLB;XLE;XLF,3,0.7973173099700286,0.7570234778863638,0.4623370479568379,0.3686293313764301,True
2010-07-13,0,SLV,1,0.19237584677303704,0.19284386312588384,1.0,0.19237584677303704,False
2010-07-13,1,XLB;XLE;XLF,3,0.7991936933027388,0.7647532075723307,0.45766398432123845,0.3657621699213373,True
2010-07-14,0,SLV,1,0.19417612216019295,0.19602369756003402,1.0,0.19417612216019295,False
2010-07-14,1,XLB;XLE;XLF,3,0.7973808556729418,0.7638484916256603,0.45820604980853286,0.3653647320708465,True
2010-07-15,0,SLV,1,0.19428662314772718,0.196253865205772,1.0,0.19428662314772718,False
2010-07-15,1,XLB;XLE;XLF,3,0.7972608444432956,0.7609281331745044,0.4599645942118612,0.36671176079536627,True
2010-07-16,0,SLV,1,0.19495937738481733,0.1969308213331442,1.0,0.19495937738481733,False
2010-07-16,1,XLB;XLE;XLF,3,0.7963357435595054,0.7625335688283077,0.458996186276497,0.36551506928947153,True
2010-07-19,0,SLV,1,0.1926842579134245,0.1943549731166133,1.0,0.1926842579134245,False
2010-07-19,1,XLB;XLE;XLF,3,0.7986028506706236,0.7659771226441937,0.4569327068043252,0.36490776221857835,True
2010-07-20,0,SLV,1,0.1896572390053995,0.19009843031046164,1.0,0.1896572390053995,False
2010-07-20,1,XLB;XLE;XLF,3,0.8017964384552133,0.7715290789330895,0.45364459948029195,0.3637306241877398,True
2010-07-21,0,SLV,1,0.1909522004962209,0.19121072124049568,1.0,0.1909522004962209,False
2010-07-21,1,XLB;XLE;XLF,3,0.8004331814079394,0.7734645638423691,0.4525094184810378,0.3622035534518337,True
2010-07-22,0,SLV,1,0.19092880790987135,0.19157037366641155,1.0,0.19092880790987135,False
2010-07-22,1,XLB;XLE;XLF,3,0.8006521760241255,0.7739016467607455,0.45225385094471027,0.3620980298741728,True
2010-07-23,0,SLV,1,0.1888661480762529,0.18989957915721808,1.0,0.1888661480762529,False
2010-07-23,1,XLB;XLE;XLF,3,0.8028104888717326,0.7763096611449238,0.45085101669842664,0.36194792512398155,True
2010-07-26,0,SLV,1,0.18810399297430785,0.18910939148009145,1.0,0.18810399297430785,False
2010-07-26,1,XLB;XLE;XLF,3,0.8036342074099434,0.7771895636295678,0.4503405814734031,0.36190909625691137,True
2010-07-27,0,SLV,1,0.18465829043229626,0.18628541701955798,1.0,0.18465829043229626,False
2010-07-27,1,XLB;XLE;XLF,3,0.8070062194184308,0.7774120714911046,0.4502116867425113,0.36332363125606887,True
2010-07-28,0,SLV,1,0.18407393290349588,0.1821420813113657,1.0,0.18407393290349588,False
2010-07-28,1,XLB;XLE;XLF,3,0.8075491652285314,0.7899201281688608,0.44308277193967216,0.357811122607026,True
2010-07-29,0,SLV,1,0.18466902160984938,0.18288133530217285,1.0,0.18466902160984938,False
2010-07-29,1,XLB;XLE;XLF,3,0.806965992580127,0.7894754989605435,0.4433323142527218,0.35775410101379246,True
2010-07-30,0,SLV,1,0.18731750548425802,0.18731750548425802,1.0,0.18731750548425802,False
2010-07-30,1,XLB;XLE,2,0.40504455279207624,0.3962951077109689,0.883180218957602,0.35772733682248986,True
2010-08-02,0,SLV,1,0.18825660488986973,0.18615180539568435,1.0,0.18825660488986973,False
2010-08-02,1,XLB;XLE,2,0.4107298748253773,0.40084022202852354,0.8731658670099584,0.3586353072587922,True
2010-08-03,0,SLV,1,0.18950629364853966,0.18698834437836895,1.0,0.18950629364853966,False
2010-08-03,1,XLB;XLE,2,0.4081622925136128,0.3988193527895706,0.8775903113825843,0.3581992733816509,True
2010-08-04,0,SLV,1,0.18808386637057367,0.18434623374377515,1.0,0.18808386637057367,False
2010-08-04,1,XLB;XLE,2,0.41060024889001145,0.4012311194270773,0.8723151895589982,0.3581728339434622,True
2010-08-05,0,SLV,1,0.18817068312525745,0.18612960350148688,1.0,0.18817068312525745,False
2010-08-05,1,TLT,1,0.2000400080016003,0.10918227717517481,1.0,0.2000400080016003,False
2010-08-05,2,XLB;XLE,2,0.411198862257656,0.40614367289570086,0.861764009530394,0.35435638025349386,True
2010-08-06,0,SLV,1,0.18933007393005738,0.1858845669033017,1.0,0.18933007393005738,False
2010-08-06,1,TLT,1,0.20222919149266816,0.11238040045551048,1.0,0.20222919149266816,False
2010-08-06,2,XLB;XLE,2,0.4078429865338157,0.40500041392442787,0.8641966476244372,0.35245654171966195,True
2010-08-09,0,SLV,1,0.18813891900690297,0.18471574510710176,1.0,0.18813891900690297,False
2010-08-09,1,TLT,1,0.20144028852735735,0.11117546650740366,1.0,0.20144028852735735,False
2010-08-09,2,XLB;XLE,2,0.4098642064845526,0.40707146364623237,0.8597998908225347,0.35240119998748315,True
2010-08-10,0,SLV,1,0.1888786300300412,0.1853029289891564,1.0,0.1888786300300412,False
2010-08-10,1,TLT,1,0.20254543010538956,0.11166012139070894,1.0,0.20254543010538956,False
2010-08-10,2,XLB;XLE,2,0.40734286768409256,0.40482310207180866,0.8645751643341639,0.3521785267683239,True
2010-08-11,0,SLV,1,0.18703173683946814,0.18324838203228913,1.0,0.18703173683946814,False
2010-08-11,1,TLT,1,0.20835570851068794,0.11432707120644384,1.0,0.20835570851068794,False
2010-08-11,2,XLB;XLE,2,0.40034566887810413,0.3993732611143238,0.8763731428174147,0.3508521920480442,True
2010-08-12,0,IWM;XLB;XLE,3,0.6000646354630831,0.5932380584139874,0.5899823772866486,0.35402756015615594,True
2010-08-12,1,SLV,1,0.18852779776264833,0.18155067614371023,1.0,0.18852779776264833,False
2010-08-12,2,TLT,1,0.20760910525682627,0.11181544002045393,1.0,0.20760910525682627,False
2010-08-13,0,IWM;XLB,2,0.4012981542768491,0.41359896032464993,0.8462303670330102,0.3395906843833676,True
2010-08-13,1,SLV,1,0.1891825463840929,0.1840811374131649,1.0,0.1891825463840929,False
2010-08-13,2,TLT,1,0.21033367926480387,0.11486124369699861,1.0,0.21033367926480387,False
2010-08-16,0,IWM;XLB,2,0.39958636612054627,0.41144272500362683,0.8506651806686211,0.33991420832865227,True
2010-08-16,1,SLV,1,0.1899541623291359,0.1850791426569347,1.0,0.1899541623291359,False
2010-08-16,2,TLT,1,0.2133502992025358,0.11957406581414588,1.0,0.2133502992025358,False
2010-08-17,0,IWM;XLB,2,0.4044265905079709,0.4172812190679361,0.8387628870088633,0.339218014637617,True
2010-08-17,1,SLV,1,0.1896646840825184,0.18402274762603427,1.0,0.1896646840825184,False
2010-08-17,2,TLT,1,0.21040331362267026,0.1176828911289344,1.0,0.21040331362267026,False
2010-08-18,0,IWM;XLB,2,0.40543621901943006,0.4191904368246724,0.834942711601955,0.33851601608972703,True
2010-08-18,1,SLV,1,0.18845057985543137,0.18242321085863283,1.0,0.18845057985543137,False
2010-08-18,2,TLT,1,0.21078128717172695,0.1180600838748036,1.0,0.21078128717172695,False
2010-08-19,0,IWM;XLB;XLY,3,0.5952340744022763,0.6106153011560214,0.5731923182032573,0.3411835989802109,True
2010-08-19,1,SLV,1,0.18894199666388425,0.18894199666388428,1.0,0.18894199666388425,False
2010-08-19,2,TLT,1,0.21582392893383964,0.1259697863089901,1.0,0.21582392893383964,False
2010-08-20,0,IWM;XLB;XLY,3,0.5973030499100455,0.6162186733588011,0.5679801913373828,0.3392563005743099,True
2010-08-20,1,SLV,1,0.1862276396613965,0.1862276396613965,1.0,0.1862276396613965,False
2010-08-20,2,TLT,1,0.21646931042855802,0.12707839243538074,1.0,0.21646931042855802,False
2010-08-23,0,IWM;XLB;XLY,3,0.5944286293856957,0.6162782007449626,0.5679253291401786,0.3375910749942165,True
2010-08-23,1,SLV,1,0.18765246573627228,0.18765246573627228,1.0,0.18765246573627228,False
2010-08-23,2,TLT,1,0.21791890487803212,0.128316671767337,1.0,0.21791890487803212,False
2010-08-24,0,IWM;XLB;XLY,3,0.5857632701935135,0.605396728986669,0.5781332855660459,0.33864924396088747,True
2010-08-24,1,SLV,1,0.19222287432925717,0.19222287432925717,1.0,0.19222287432925717,False
2010-08-24,2,TLT,1,0.2220138554772293,0.13100553148403185,1.0,0.2220138554772293,False
2010-08-25,0,SLV,1,0.19604778282719734,0.19922891920146354,1.0,0.19604778282719734,False
2010-08-25,1,TLT,1,0.21900049021167162,0.12865547444236206,1.0,0.21900049021167162,False
2010-08-25,2,XLB;XLY,2,0.3906484596590494,0.39275429747826146,0.8911423815021963,0.3481233986707299,True
2010-08-26,0,SLV,1,0.196420114911348,0.19642011491134803,1.0,0.196420114911348,False
2010-08-26,1,TLT,1,0.2208840485809576,0.12787962192081467,1.0,0.2208840485809576,False
2010-08-26,2,XLB;XLF;XLY,3,0.5826958365076945,0.589789300687087,0.5934322640174388,0.3457905094922965,True
2010-08-27,0,SLV,1,0.1959994590788141,0.19599945907881414,1.0,0.1959994590788141,False
2010-08-27,1,TLT,1,0.2129100672203117,0.1282547985391259,1.0,0.2129100672203117,False
2010-08-27,2,XLB;XLF;XLY,3,0.5910904737008743,0.6029910234646441,0.5804398181402147,0.3430924470593489,True
2010-08-30,0,SLV,1,0.1966858676923012,0.1966858676923012,1.0,0.1966858676923012,False
2010-08-30,1,TLT,1,0.21857059365855494,0.13381761751823565,1.0,0.21857059365855494,False
2010-08-30,2,XLB;XLF;XLY,3,0.584743538649144,0.6012919431767643,0.5820799762439341,0.3403675050856877,True
2010-08-31,0,SLV,1,0.19818610818810897,0.19818610818810897,1.0,0.19818610818810897,False
2010-08-31,1,TLT,1,0.2191497035649892,0.13429907588873663,1.0,0.2191497035649892,False
2010-08-31,2,XLB;XLF;XLY,3,0.5826641882469019,0.5974630557504144,0.5858102800354735,0.3413306712835595,True
2010-09-01,0,SLV,1,0.19542763517483203,0.19542763517483203,1.0,0.19542763517483203,False
2010-09-01,1,TLT,1,0.21129637914896554,0.1320725170111995,1.0,0.21129637914896554,False
2010-09-01,2,XLB;XLF;XLY,3,0.5932759856762024,0.6192906500587434,0.5651627389607777,0.3352974810244177,True
2010-09-02,0,SLV,1,0.1969473536469671,0.19694735364696714,1.0,0.1969473536469671,False
2010-09-02,1,TLT,1,0.2071926294119044,0.12973551642729647,1.0,0.2071926294119044,False
2010-09-02,2,XLB;XLF;XLY,3,0.5958600169411286,0.6212031895605801,0.5634227349147695,0.3357210803713315,True
2010-09-03,0,TLT,1,0.20301895525008548,0.12760797569963808,1.0,0.20301895525008548,False
2010-09-03,1,XLF;XLY,2,0.39842384354036875,0.4171593049482239,0.8390080140809529,0.3342807977313051,True
2010-09-07,0,TLT,1,0.20792127376246075,0.1320184076251142,1.0,0.20792127376246075,False
2010-09-07,1,XLF;XLY,2,0.39208418965085234,0.4105951066287065,0.852421264524466,0.3342209007422301,True
2010-09-08,0,TLT,1,0.2059179237716511,0.13096724399700344,1.0,0.2059179237716511,False
2010-09-08,1,XLF;XLY,2,0.3947681240528126,0.4135289862965518,0.8463735592866188,0.3341213022474805,True
2010-09-09,0,TLT,1,0.2021328566372728,0.13071774844521292,1.0,0.2021328566372728,False
2010-09-09,1,XLF;XLY,2,0.39799948355601755,0.4173063216005657,0.8387124322909503,0.33380711490380954,True
2010-09-10,0,IWM;USO;XLF;XLY,4,0.7989141220683594,0.7222073601991037,0.4846253573260584,0.3871740418802129,True
2010-09-10,1,TLT,1,0.20108587793164062,0.11384056699088452,1.0,0.20108587793164062,False
2010-09-13,0,IWM;USO;XLF;XLY,4,0.8007366379418068,0.7231289754259211,0.48400771078748556,0.3875627070738816,True
2010-09-13,1,TLT,1,0.19926336205819323,0.11219682369848523,1.0,0.19926336205819323,False
2010-09-14,0,IWM;USO;XLF;XLY,4,0.798543972680899,0.7206321071211302,0.4856847156008952,0.3878406022663315,True
2010-09-14,1,TLT,1,0.20145602731910095,0.11212709188284802,1.0,0.20145602731910095,False
2010-09-15,0,IWM;USO;XLF;XLY,4,0.8009109687826591,0.7223299446155074,0.48454311303168146,0.3880758940751695,True
2010-09-15,1,TLT,1,0.1990890312173409,0.11155611056916587,1.0,0.1990890312173409,False
2010-09-16,0,IWM;USO;XLF;XLY,4,0.8015272339465944,0.7232095343974904,0.4839537967258504,0.3879021480476233,True
2010-09-16,1,TLT,1,0.1984727660534056,0.11171700253373656,1.0,0.1984727660534056,False
2010-09-17,0,IWM;USO;XLF;XLY,4,0.8005562929341847,0.7266872386786741,0.4816377409301977,0.3855781244162743,True
2010-09-17,1,TLT,1,0.1994437070658152,0.1129929909423182,1.0,0.1994437070658152,False
2010-09-20,0,IWM;XLF;XLY,3,0.6109554113806364,0.6110094556666956,0.5728225590520554,0.34996904221375735,True
2010-09-20,1,TLT,1,0.19710305412185852,0.11806356805910627,1.0,0.19710305412185852,False
2010-09-21,0,IWM;XLF;XLY,3,0.6077403148565772,0.6077718515288628,0.575873988108478,0.34998183885075923,True
2010-09-21,1,TLT,1,0.2000839168313387,0.12037520458203106,1.0,0.2000839168313387,False
2010-09-22,0,IWM;XLF;XLY,3,0.6038663824408123,0.6036282987644677,0.5798270238761088,0.35013804734948833,True
2010-09-22,1,TLT,1,0.20294389888613523,0.12214439870431665,1.0,0.20294389888613523,False
2010-09-23,0,IWM;XLF;XLY,3,0.6005819942595497,0.5993932425747014,0.583923833536345,0.35069414044093944,True
2010-09-23,1,TLT,1,0.20491231108484553,0.12176695996162823,1.0,0.20491231108484553,False
2010-09-24,0,IWM;XLF;XLY,3,0.800653348451604,0.8090847309330348,0.4325875728693838,0.3463526887164244,True
2010-09-24,1,TLT,1,0.19934665154839606,0.11845135748278135,1.0,0.19934665154839606,False
2010-09-27,0,IWM;XLF;XLY,3,0.7966447650610922,0.8047985897717509,0.43489141811153464,0.34645397160854874,True
2010-09-27,1,TLT,1,0.2033552349389078,0.12128417096693174,1.0,0.2033552349389078,False
2010-09-28,0,IWM;XLF;XLY,3,0.7964366826378892,0.8049581906799915,0.43480519119177624,0.3462948040665115,True
2010-09-28,1,TLT,1,0.2035633173621106,0.12159625367686239,1.0,0.2035633173621106,False
2010-09-29,0,IWM;XLF;XLY,3,0.7963373191698269,0.8046808804407274,0.4349550343588422,0.3463709260207403,True
2010-09-29,1,TLT,1,0.20366268083017322,0.1217833598203689,1.0,0.20366268083017322,False
2010-09-30,0,IWM;XLF;XLY,3,0.7961177381448471,0.8044599447708701,0.43507448975559443,0.3463705187087473,True
2010-09-30,1,TLT,1,0.20388226185515299,0.12189066768662146,1.0,0.20388226185515299,False
2010-10-01,0,IWM;XLF;XLY,3,0.797991061258626,0.8065165614937517,0.433965050081258,0.3463002308634959,True
2010-10-01,1,TLT,1,0.20200893874137396,0.12086371025888727,1.0,0.20200893874137396,False
2010-10-04,0,IWM;XLF;XLY,3,0.79636868821121,0.8046455887982629,0.434974111425534,0.34639976252178917,True
2010-10-04,1,TLT,1,0.2036313117887901,0.12222830896527959,1.0,0.2036313117887901,False
2010-10-05,0,IWM;XLF;XLY,3,0.8011253725800915,0.810514201350921,0.4318246360355426,0.3459456724332365,True
2010-10-05,1,TLT,1,0.19887462741990855,0.1188598659332295,1.0,0.19887462741990855,False
2010-10-06,0,IWM;XLF;XLY,3,0.7988206454533889,0.760736772008892,0.46008029699385816,0.3675216398050207,True
2010-10-07,0,IWM;XLF;XLY,3,0.798570774424031,0.7610353397186602,0.4598997993041796,0.36726253888779514,True
2010-10-08,0,IWM;XLF;XLY,3,0.9999311404913893,0.95975868140192,0.36467500297966027,0.3646498916381525,True
2010-10-11,0,IWM;XLF;XLY,3,0.9999311021214174,0.9600210113960566,0.3645753539196316,0.36455023545116305,True
2010-10-12,0,IWM;XLF;XLY,3,0.999931635717614,0.9586327022887144,0.3651033384990755,0.3650783784713423,True
2010-10-13,0,IWM;XLF;XLY,3,0.9999318999670207,0.9588144458795834,0.3650341330422092,0.3650092742057105,True
2010-10-14,0,IWM;XLF;XLY,3,0.999931167524919,0.9583385216894691,0.36521541405116414,0.36519027537027726,True
2010-10-15,0,IWM;XLF;XLY,3,0.9999305273055605,0.9570328890753516,0.36571365936875644,0.36568825225544677,True
2010-10-18,0,IWM;XLF;XLY,3,0.8121791977229434,0.7713168142149397,0.45376944149238646,0.3685421009424746,True
2010-10-19,0,IWM;XLF;XLY,3,0.8096593442176439,0.7699191938477272,0.4545931609405001,0.36806560057291116,True
2010-10-20,0,IWM;XLF;XLY,3,0.8112829602171234,0.770677582399499,0.4541458166076111,0.3684407624676456,True
2010-10-21,0,IWM;XLF;XLY,3,0.8113120348790047,0.7698220242421425,0.4546505412657689,0.36886345579317187,True
2010-10-22,0,IWM;XLF;XLY,3,1.0,0.9535069741296275,0.36706600947463874,0.36706600947463874,True
2010-10-25,0,IWM;XLF;XLY,3,1.0,0.9524524488910363,0.36747241335513764,0.36747241335513764,True
2010-10-26,0,IWM;XLF;XLY,3,0.8128160536084457,0.7683783890195757,0.45550474219685944,0.3702415669523837,True
2010-10-27,0,IWM;XLF;XLY,3,0.812521576735955,0.765908728866576,0.4569735097783057,0.37130083669163233,True
2010-10-28,0,IWM;XLF;XLY,3,0.8124551447824085,0.7631280342959695,0.458638635026553,0.37262331862330433,True
2010-10-29,0,IWM;XLF,2,1.0,0.9736049732316336,0.3594887142351627,0.3594887142351627,True
2010-11-01,0,IWM;XLF,2,1.0,0.9769157015384489,0.35827042133606746,0.35827042133606746,True
2010-11-02,0,IWM;XLF,2,1.0,0.9737349643037727,0.35944072343160893,0.35944072343160893,True
2010-11-03,0,IWM;XLF,2,0.8003081923680153,0.7772443436629374,0.4503088415549567,0.3603858549921824,True
2010-11-04,0,XLF,1,0.591748961439874,0.591748961439874,0.5914670287690273,0.35,True
2010-11-05,0,USO,1,0.2000400080016003,0.206151482665885,1.0,0.2000400080016003,False
2010-11-05,1,XLF,1,0.7975451736946548,0.7731791622584901,0.4526764520885879,0.36102991960847297,True
2010-11-08,0,USO,1,0.20076364960559195,0.2068263092994893,1.0,0.20076364960559195,False
2010-11-08,1,XLF,1,0.7968050471725068,0.7727431323145287,0.4529318804188866,0.36089840834310316,True
2010-11-09,0,USO,1,0.20172909533314712,0.20863173444493546,1.0,0.20172909533314712,False
2010-11-09,1,XLF,1,0.7957962595220701,0.7685662043982896,0.45539342999607296,0.36240038820180054,True
2010-11-10,0,USO,1,0.20419772065168007,0.21367548884204302,1.0,0.20419772065168007,False
2010-11-10,1,XLF,1,0.7933625426144142,0.7565388883355167,0.4626331909652988,0.3670358446820493,True
2010-11-11,0,USO,1,0.20493398302306104,0.2156452141437997,1.0,0.20493398302306104,False
2010-11-11,1,XLF,1,0.7926045418853198,0.7511776867086188,0.4659350326732544,0.36930222312030636,True
2010-11-12,0,USO,1,0.20164082755382673,0.21345710896456935,1.0,0.20164082755382673,False
2010-11-12,1,XLF,1,0.7958462719780489,0.749209171627562,0.4671592570599067,0.3717869531511618,True
2010-11-15,0,USO;XLF,2,0.9974968491598466,0.9135415848075155,0.3831243216735946,0.38216530370591417,True
2010-11-16,0,USO,1,0.1990321861809235,0.21059997065758487,1.0,0.1990321861809235,False
2010-11-16,1,XLF,1,0.7984160548001545,0.7520119780432483,0.46541811861921095,0.37159729810046077,True
2010-11-17,0,USO,1,0.19685028838021423,0.20946668402551502,1.0,0.19685028838021423,False
2010-11-17,1,XLF,1,0.80057360477411,0.7492637823495368,0.46712520776390937,0.373968111460408,True
2010-11-18,0,USO,1,0.19818513657613582,0.2111000942099577,1.0,0.19818513657613582,False
2010-11-18,1,XLF,1,0.7992775429655832,0.7471917216804931,0.46842060724765844,0.37439807203535486,True
2010-11-19,0,USO,1,0.1969298226015528,0.21106876835176722,1.0,0.1969298226015528,False
2010-11-19,1,XLF,1,0.8005288845345965,0.7430534127122548,0.47102939575023045,0.37707263676293695,True
2010-11-22,0,USO,1,0.19856015565136145,0.21228541819144758,1.0,0.19856015565136145,False
2010-11-22,1,XLF,1,0.6008442266034251,0.559311499512362,0.6257693616261223,0.37598990811836647,True
2010-11-23,0,USO,1,0.19999482730351736,0.21331731609147223,1.0,0.19999482730351736,False
2010-11-23,1,XLF,1,0.5973820878837193,0.5575879778296742,0.6277036340746107,0.3749789074956891,True
2010-11-24,0,USO,1,0.20329237552660484,0.21854450932028585,1.0,0.20329237552660484,False
2010-11-24,1,XLF,1,0.5971943074024263,0.5523894422237297,0.6336109513444365,0.3783888532507332,True
2010-11-26,0,USO,1,0.20455282968385005,0.21987043130587694,1.0,0.20455282968385005,False
2010-11-26,1,XLF,1,0.5940829112211798,0.5495959912474765,0.636831428128811,0.3783306687799056,True
2010-11-29,0,USO,1,0.20722183019190898,0.22282497395719397,1.0,0.20722183019190898,False
2010-11-29,1,XLF,1,0.7927781698080911,0.7330844987984323,0.4774347303396404,0.3784998317214796,True
2010-11-30,0,USO,1,0.20479979083865285,0.2220163477064013,1.0,0.20479979083865285,False
2010-11-30,1,XLF,1,0.7952002091613474,0.7283514610927632,0.4805372388144682,0.38212331281508144,True
2010-12-01,0,USO,1,0.20673182984647115,0.22437412050699354,1.0,0.20673182984647115,False
2010-12-01,1,XLF,1,0.793268170153529,0.7255714461416403,0.4823784092678804,0.3826554380415016,True
2010-12-02,0,USO,1,0.20505917025283169,0.22165101922282934,1.0,0.20505917025283169,False
2010-12-02,1,XLF,1,0.7949408297471683,0.7306201842915796,0.47904507365802557,0.3808124883400042,True
2010-12-03,0,USO,1,0.20684110742982562,0.22394622047617566,1.0,0.20684110742982562,False
2010-12-03,1,XLF,1,0.7931588925701747,0.7275671313883049,0.4810552661060274,0.38155326212970736,True
2010-12-06,0,USO,1,0.20667166836713183,0.2237114369816965,1.0,0.20667166836713183,False
2010-12-06,1,XLF,1,0.7933283316328682,0.7279196023512666,0.48082233102317684,0.38144997768244354,True
2010-12-07,0,USO,1,0.20465105561005495,0.22156280890631638,1.0,0.20465105561005495,False
2010-12-07,1,XLF,1,0.7953489443899451,0.7296236780732447,0.4796993443582632,0.3815283671598934,True
2010-12-08,0,USO,1,0.2026868272742334,0.21894840378128724,1.0,0.2026868272742334,False
2010-12-08,1,XLF,1,0.7973131727257666,0.7333446882774921,0.4772653372891993,0.3805299403060846,True
2010-12-09,0,USO,1,0.20063177403185972,0.21646613698279202,1.0,0.20063177403185972,False
2010-12-09,1,XLF,1,0.7993682259681404,0.736280080122346,0.4753625820514406,0.37998974390609463,True
2010-12-10,0,USO,1,0.19802543625709515,0.21396283815428765,1.0,0.19802543625709515,False
2010-12-10,1,XLF,1,0.8019745637429049,0.737430376009859,0.4746210779840736,0.38063403195946466,True
2010-12-13,0,USO,1,0.19909538215054046,0.2145198918160116,1.0,0.19909538215054046,False
2010-12-13,1,XLF,1,0.8009046178494597,0.7388561620505266,0.4737051918585275,0.37939267565875895,True
2010-12-14,0,USO,1,0.20056528674694254,0.21657237628255321,1.0,0.20056528674694254,False
2010-12-14,1,XLF,1,0.7994347132530575,0.7356319324205862,0.47578141265337687,0.38035617719568693,True
2010-12-15,0,USO,1,0.20229202443649805,0.21781165466587157,1.0,0.20229202443649805,False
2010-12-15,1,XLF,1,0.797707975563502,0.7365086631029457,0.47521504842242246,0.37908283423436223,True
2010-12-16,0,USO,1,0.2011488927873203,0.21658881450859002,1.0,0.2011488927873203,False
2010-12-16,1,XLF,1,0.7988511072126798,0.7375323577460611,0.4745554501088182,0.3790991467532411,True
2010-12-17,0,USO,1,0.2004276446131856,0.2171185381270877,1.0,0.2004276446131856,False
2010-12-17,1,XLF,1,0.7995723553868145,0.732986844859175,0.47749833773243733,0.38179447059401356,True
2010-12-20,0,USO,1,0.20133997465493653,0.2184334741021002,1.0,0.20133997465493653,False
2010-12-20,1,XLF,1,0.7986600253450634,0.7308548379991097,0.47889126787230263,0.38247131213642277,True
2010-12-21,0,USO,1,0.19958699356008963,0.2146190625983746,1.0,0.19958699356008963,False
2010-12-21,1,XLF,1,0.8004130064399104,0.7401292005799682,0.47289040849319086,0.37850763357863226,True
2010-12-22,0,USO,1,0.19923227086058412,0.21433583908568193,1.0,0.19923227086058412,False
2010-12-22,1,XLF,1,0.8007677291394159,0.7400624529445915,0.47293305937546937,0.3787095319910511,True
2010-12-23,0,USO,1,0.20184448030924262,0.21709597108971881,1.0,0.20184448030924262,False
2010-12-23,1,XLF,1,0.7981555196907576,0.7378464067970109,0.47435346540393003,0.3786078366965856,True
2010-12-27,0,USO,1,0.19932160755608191,0.21683975433283698,1.0,0.19932160755608191,False
2010-12-27,1,XLF,1,0.8006783924439181,0.7303076896797317,0.4792500543893884,0.3837251631271558,True
2010-12-28,0,USO,1,0.20014531684669826,0.21745645306917596,1.0,0.20014531684669826,False
2010-12-28,1,XLF,1,0.7998546831533018,0.730672982594906,0.479010457943871,0.38313875806581293,True
2010-12-29,0,USO,1,0.2000750101822271,0.21774683391390987,1.0,0.2000750101822271,False
2010-12-29,1,XLF,1,0.7999249898177728,0.7292708216347862,0.4799314460647345,0.3839091571065617,True
2010-12-30,0,USO,1,0.1976750609359449,0.21519656610691085,1.0,0.1976750609359449,False
2010-12-30,1,XLF,1,0.8023249390640551,0.7312085296290723,0.4786596241944115,0.3840405538142047,True
2010-12-31,0,USO,1,0.2011180722642059,0.21983101637777244,1.0,0.2011180722642059,False
2010-12-31,1,XLF,1,0.7988819277357941,0.7245503040345715,0.48305824737229,0.38590650386944914,True
2011-01-03,0,USO,1,0.1978563923143141,0.21540244299092542,1.0,0.1978563923143141,False
2011-01-03,1,XLF,1,0.8021436076856859,0.7310089214329708,0.47879032627113144,0.384058599640132,True
2011-01-04,0,USO,1,0.19408653687140792,0.21230009387117948,1.0,0.19408653687140792,False
2011-01-04,1,XLF,1,0.8059134631285921,0.7302845656574544,0.47926522955459827,0.386246300907466,True
2011-01-05,0,USO,1,0.1941078957882282,0.21620505194853942,1.0,0.1941078957882282,False
2011-01-05,1,XLF,1,0.603851888071385,0.5351096588373419,0.6540715425702865,0.3949623359148308,True
2011-01-06,0,XLF,1,0.6049341474951635,0.6049341474951636,0.578575372954621,0.3499999999999999,True
2011-01-07,0,XLF,1,0.6028784093413415,0.6028784093413415,0.5805482408673135,0.35,True
2011-01-10,0,XLF,1,0.6022870970659405,0.6022870970659405,0.5811182104100111,0.35000000000000003,True
2011-01-11,0,FXI,1,0.19650816848658703,0.19496920844930513,1.0,0.19650816848658703,False
2011-01-11,1,USO,1,0.20007931749719673,0.2549548022618114,1.0,0.20007931749719673,False
2011-01-11,2,XLF,1,0.6034125140162162,0.6034125140162162,0.5800343742798049,0.3499999999999999,True
2011-01-12,0,FXI,1,0.19761763927988527,0.19674629075885905,1.0,0.19761763927988527,False
2011-01-12,1,USO,1,0.19775982336161863,0.25072330159643347,1.0,0.19775982336161863,False
2011-01-12,2,XLF,1,0.6046225373584961,0.6046225373584961,0.5788735589134615,0.35,True
2011-01-13,0,FXI,1,0.19786002751430518,0.1977328620678904,1.0,0.19786002751430518,False
2011-01-13,1,USO,1,0.1968483476962849,0.25083302698329096,1.0,0.1968483476962849,False
2011-01-13,2,XLF,1,0.60529162478941,0.60529162478941,0.5782336739282824,0.35,True
2011-01-14,0,FXI,1,0.1956843379114384,0.19434049754504248,1.0,0.1956843379114384,False
2011-01-14,1,USO,1,0.19608777094748966,0.24702789440289794,1.0,0.19608777094748966,False
2011-01-14,2,XLF,1,0.608227891141072,0.608227891141072,0.575442206938881,0.35,True
2011-01-18,0,FXI,1,0.19541597492602655,0.194642573352504,1.0,0.19541597492602655,False
2011-01-18,1,USO,1,0.1963171317830451,0.24736008281157124,1.0,0.1963171317830451,False
2011-01-18,2,XLF,1,0.6082668932909284,0.6082668932909284,0.5754053095120504,0.35,True
2011-01-19,0,FXI,1,0.19872335183571121,0.19524737059079986,1.0,0.19872335183571121,False
2011-01-19,1,USO,1,0.19812267187867072,0.24492479042518298,1.0,0.19812267187867072,False
2011-01-19,2,XLF,1,0.603153976285618,0.603153976285618,0.5802830019548122,0.35,True
2011-01-20,0,FXI,1,0.19649081438673796,0.1944004370133101,1.0,0.19649081438673796,False
2011-01-20,1,USO,1,0.1941631288967069,0.24236522433506177,1.0,0.1941631288967069,False
2011-01-20,2,XLF,1,0.6093460567165553,0.6093460567165552,0.5743862557935725,0.35000000000000003,True
2011-01-21,0,FXI,1,0.1942291348571926,0.19143817892898873,1.0,0.1942291348571926,False
2011-01-21,1,USO,1,0.193306163726326,0.24063450185849486,1.0,0.193306163726326,False
2011-01-21,2,XLF,1,0.6124647014164812,0.6124647014164813,0.5714615049496492,0.3499999999999999,True
2011-01-24,0,FXI,1,0.1943757211267577,0.19186728130027983,1.0,0.1943757211267577,False
2011-01-24,1,USO,1,0.19116830488085654,0.23929655114939222,1.0,0.19116830488085654,False
2011-01-24,2,XLF,1,0.6144559739923858,0.6144559739923858,0.5696095649064957,0.3499999999999999,True
2011-01-25,0,FXI,1,0.19438522869939925,0.19199785380274043,1.0,0.19438522869939925,False
2011-01-25,1,USO,1,0.1888130806559952,0.23760363630499884,1.0,0.1888130806559952,False
2011-01-25,2,XLF,1,0.6168016906446058,0.6168016906446057,0.5674433214251128,0.35000000000000003,True
2011-01-26,0,FXI,1,0.19482038186323294,0.19266322526146554,1.0,0.19482038186323294,False
2011-01-26,1,USO,1,0.1911017939807602,0.24150039886827632,1.0,0.1911017939807602,False
2011-01-26,2,XLF,1,0.6140778241560069,0.6140778241560069,0.5699603311372505,0.35,True
2011-01-27,0,FXI,1,0.194940364946607,0.19294627368248066,1.0,0.194940364946607,False
2011-01-27,1,USO,1,0.18628121930022737,0.23722254156042344,1.0,0.18628121930022737,False
2011-01-27,2,XLF,1,0.4140996059708721,0.41409960597087214,0.8452072761079108,0.35,True
2011-01-28,0,FXI,1,0.19064438005756876,0.19024137500127375,1.0,0.19064438005756876,False
2011-01-28,1,USO,1,0.19551984930888497,0.254606062705741,1.0,0.19551984930888497,False
2011-01-28,2,XLF,1,0.40838114474013226,0.40838114474013226,0.8570425067560787,0.35,True
2011-01-31,0,FXI,1,0.19081117456651167,0.18889023239936403,1.0,0.19081117456651167,False
2011-01-31,1,USO,1,0.19859738580213576,0.26022212009342943,1.0,0.19859738580213576,False
2011-01-31,2,XLF,1,0.40747008413734437,0.4074700841373443,0.8589587643985831,0.35000000000000003,True
2011-02-01,0,FXI,1,0.19078188368192314,0.18975611072901055,1.0,0.19078188368192314,False
2011-02-01,1,USO,1,0.1944642618557743,0.2580270372236771,1.0,0.1944642618557743,False
2011-02-01,2,XLF,1,0.41303857640042546,0.4130385764004255,0.8473784774540962,0.3499999999999999,True
2011-02-02,0,FXI,1,0.19114552756237943,0.1905615029587068,1.0,0.19114552756237943,False
2011-02-02,1,USO,1,0.19562630296773795,0.2578846331653943,1.0,0.19562630296773795,False
2011-02-02,2,XLF;XLY,2,0.6111322049196645,0.5388617425724525,0.6495172552594803,0.39694091234009476,True
2011-02-03,0,FXI,1,0.19038071118408545,0.18987114976748284,1.0,0.19038071118408545,False
2011-02-03,1,USO,1,0.19488520758188121,0.25688454039384684,1.0,0.19488520758188121,False
2011-02-03,2,XLF;XLY,2,0.4081411831301623,0.3394964324192909,1.0,0.4081411831301623,False
2011-02-04,0,FXI,1,0.19155948279784832,0.19082975591723136,1.0,0.19155948279784832,False
2011-02-04,1,USO,1,0.19137881228375106,0.25416387072945607,1.0,0.19137881228375106,False
2011-02-04,2,XLF;XLY,2,0.41011094474690607,0.3413384648065782,1.0,0.41011094474690607,False
2011-02-07,0,FXI,1,0.19000486174411374,0.1890499254579339,1.0,0.19000486174411374,False
2011-02-07,1,USO,1,0.18812406164353104,0.25051197024184907,1.0,0.18812406164353104,False
2011-02-07,2,XLF;XLY,2,0.4146664853727715,0.3441030807356201,1.0,0.4146664853727715,False
2011-02-08,0,FXI,1,0.18967417127722438,0.18863937670431952,1.0,0.18967417127722438,False
2011-02-08,1,USO,1,0.18720921272262422,0.24909630565250493,1.0,0.18720921272262422,False
2011-02-08,2,XLF;XLY,2,0.416807106959862,0.34615919464337347,1.0,0.416807106959862,False
2011-02-09,0,EWZ;FXI,2,0.3860969731042785,0.3972732325135214,0.8810057445490932,0.3401536512578861,True
2011-02-09,1,XLF;XLV;XLY,3,0.6139030268957215,0.43965650578762094,0.796076017055619,0.48871347650953456,True
2011-02-10,0,EWZ;FXI,2,0.38533285240682397,0.3967535203787879,0.882159784406824,0.33992514600407037,True
2011-02-10,1,XLF;XLV;XLY,3,0.6146671475931762,0.44006869068946275,0.795330382290204,0.4888634574765101,True
2011-02-11,0,EWZ;FXI,2,0.38701284823647597,0.39787048871422237,0.8796832384605278,0.3404487156624959,True
2011-02-11,1,XLF;XLV;XLY,3,0.612987151763524,0.4389377171209665,0.797379642596409,0.48878347598938954,True
2011-02-14,0,EWZ;FXI,2,0.38894411372519855,0.40275549080893813,0.869013602513579,0.33799772544478596,True
2011-02-14,1,XLF;XLV;XLY,3,0.6110558862748015,0.4321169944617039,0.8099658298234751,0.4949343879950886,True
2011-02-15,0,EWZ;FXI,2,0.3889289359897557,0.4025911938777142,0.8693682458099453,0.33812246682614244,True
2011-02-15,1,XLF;XLV;XLY,3,0.6110710640102444,0.43139900074193477,0.8113138866758105,0.4957704399772743,True
2011-02-16,0,EWZ;FXI,2,0.39078112217525,0.40581757051967604,0.8624564962818194,0.33703171744434374,True
2011-02-16,1,XLF;XLV;XLY,3,0.6092188778247499,0.4296859415286644,0.814548408902625,0.49623826760559275,True
2011-02-17,0,EWZ;FXI,2,0.39214103095892394,0.40300837531359524,0.8684683034878679,0.34056205588488014,True
2011-02-17,1,XLF;XLV;XLY,3,0.6078589690410761,0.4280434287732646,0.8176740406997245,0.4970304993913854,True
2011-02-18,0,EWZ;FXI,2,0.39244785644382507,0.40455837665570543,0.865140904739845,0.33952269358702364,True
2011-02-18,1,XLF;XLV;XLY,3,0.607552143556175,0.42531186826694534,0.8229255426757192,0.4999701774397618,True
2011-02-22,0,EWZ;FXI,2,0.3901718603906012,0.4024958624498366,0.8695741562899191,0.3392833663072251,True
2011-02-22,1,XLF;XLV;XLY,3,0.609828139609399,0.4296803156577797,0.8145590739110298,0.4967410446451182,True
2011-02-23,0,EWZ;FXI,2,0.3936560383146962,0.409645489776555,0.854397298969191,0.3363386558589888,True
2011-02-23,1,XLF;XLV;XLY,3,0.6063439616853037,0.42341045578998854,0.8266210605191098,0.5012166886476642,True
2011-02-24,0,EWZ;FXI,2,0.594123712669121,0.6146130169359658,0.5694640210271777,0.33833207840415325,True
2011-02-24,1,XLF,1,0.20594050118926457,0.19937689123546062,1.0,0.20594050118926457,False
2011-02-24,2,XLV,1,0.19334742571112315,0.10733126544793992,1.0,0.19334742571112315,False
2011-02-25,0,EWZ;FXI,2,0.38495541772545566,0.37400629802274604,0.9358131182558694,0.36024632985114946,True
2011-02-25,1,XLV,1,0.193161856947164,0.10288391389540154,1.0,0.193161856947164,False
2011-02-28,0,EWZ;FXI,2,0.38641605684720837,0.3734246538791162,0.9372707355130891,0.36217646181525065,True
2011-02-28,1,XLV,1,0.19417076874073186,0.10369317776320335,1.0,0.19417076874073186,False
2011-03-01,0,EWZ;FXI,2,0.38437008749730095,0.3717118871438629,0.9415894732054674,0.361918828202523,True
2011-03-01,1,XLV,1,0.193755766291741,0.10395360208790969,1.0,0.193755766291741,False
2011-03-02,0,EWZ;FXI,2,0.38719709533398605,0.3753703684089826,0.9324124370378098,0.36102738727432315,True
2011-03-02,1,XLV,1,0.1932734028232189,0.10270251256900141,1.0,0.1932734028232189,False
2011-03-03,0,EWZ;FXI;XLB;XLI;XLV,5,0.9851299381238865,0.7933452112216599,0.44116986533647873,0.43460964214104864,True
2011-03-04,0,EWZ;FXI;XLB;XLI;XLV,5,0.985080381131319,0.7877409802812408,0.44430848306894266,0.43767956984143225,True
2011-03-07,0,EWZ;FXI;XLB;XLI;XLV,5,0.9849196344238507,0.7844779265181688,0.44615659430143806,0.43942838975516263,True
2011-03-08,0,EWZ;FXI,2,0.3928405672471875,0.4315130701806941,0.8110994178077597,0.3186327553854639,True
2011-03-08,1,XLI;XLV,2,0.3947821536203607,0.27886330468416914,1.0,0.3947821536203607,False
2011-03-09,0,EWZ;FXI,2,0.39308626430749916,0.43157392793989197,0.8109850418228849,0.3187870804994188,True
2011-03-09,1,XLI;XLV,2,0.394575029280964,0.2783766809013069,1.0,0.394575029280964,False
2011-03-10,0,EWZ;FXI;XLB;XLI;XLV,5,0.9844641736385061,0.7838427209091686,0.44651814791880656,0.4395811195054842,True
2011-03-11,0,EWZ;FXI;XLB;XLI;XLV,5,0.9845734883221252,0.7783356780899772,0.4496774461873496,0.44274049181246355,True
2011-03-14,0,EWZ;FXI;XLB;XLI;XLV,5,0.9845592102477545,0.7793889970653219,0.44906972168952225,0.44213573053281496,True
2011-03-15,0,EWZ;FXI;XLB;XLI;XLV,5,0.9844102952733775,0.7831223679708538,0.4469288763988239,0.4399613871819651,True
2011-03-16,0,EWZ;FXI;XLB;XLI;XLV,5,0.9840952323831837,0.7885887171244991,0.4438308492115332,0.43677182269364956,True
2011-03-17,0,FXI;IWM;XLB;XLI;XLV,5,0.987806450405965,0.8664559301866942,0.4039443759414122,0.3990188601601391,True
2011-03-18,0,FXI;IWM;XLB;XLI;XLV,5,0.9878604394543818,0.8615190480161039,0.4062591544620818,0.4013273468592777,True
2011-03-21,0,FXI;IWM;XLB;XLI;XLV,5,0.9880872214232304,0.8633166505705958,0.4054132394743839,0.40058364132043467,True
2011-03-22,0,FXI;IWM;XLB;XLI;XLV,5,0.9880526491015007,0.8624370249832055,0.4058267326902108,0.4009781783107694,True
2011-03-23,0,FXI;IWM;XLB;XLI;XLV,5,0.9881208706220856,0.8641403033896907,0.4050268210232578,0.40021545501479716,True
2011-03-24,0,FXI;IWM;XLB;XLI;XLV,5,0.988221643998077,0.8650151239721936,0.404617202983437,0.39985147752219574,True
2011-03-25,0,FXI;IWM;XLB;XLI;XLV,5,0.9882716374998729,0.8670097990552249,0.4036863255540973,0.3989517459916545,True
2011-03-28,0,FXI;IWM;XLB;XLI;XLV,5,0.9882353521520986,0.8664788322530225,0.40393369921101047,0.3991815614858928,True
2011-03-29,0,FXI;IWM;XLB;XLI;XLV,5,0.9883343545222194,0.8680101079850877,0.40322111088366835,0.3985172763549426,True
2011-03-30,0,FXI;IWM;XLB;XLI;XLV,5,0.9884486801656038,0.8672971302017829,0.4035525863190277,0.3988910213244588,True
2011-03-31,0,FXI;IWM;XLB;XLI;XLV,5,0.9885012129958993,0.8677423994906064,0.4033455092265419,0.39870752512688534,True
2011-04-01,0,FXI;IWM;XLB;XLI;XLV,5,0.9885782369112855,0.8690757560915658,0.40272668699680536,0.398126838188425,True
2011-04-04,0,FXI;IWM;XLB;XLI;XLV,5,0.9886557248627232,0.8709399947434191,0.40186465441067587,0.3973057912030945,True
2011-04-05,0,FXI;IWM;XLB;XLI;XLV,5,0.9886611058724915,0.8680568440166196,0.40319940152824707,0.3986275662020435,True
2011-04-06,0,FXI;IWM;XLB;XLI;XLV,5,0.9886568987375485,0.8672739093138235,0.4035633912669132,0.3989857308539543,True
2011-04-07,0,FXI;IWM;XLB;XLI;XLV,5,0.9886201661406003,0.8669911271326396,0.40369501952982967,0.3991010372777131,True
2011-04-08,0,IWM;XLB;XLI;XLV,4,0.7933823478361045,0.7192473952505498,0.4866197671499074,0.386075533364852,True
2011-04-11,0,IWM;XLB;XLI;XLV,4,0.7927261208232579,0.7111120358199425,0.4921868599740898,0.3901693802274402,True
2011-04-12,0,IWM;XLB;XLI;XLV,4,0.7912462684340283,0.7065860562885516,0.4953395228861818,0.39193554909158335,True
2011-04-13,0,IWM;XLB;XLI;XLV,4,0.7908960545578114,0.7075298484817859,0.49467877680500444,0.3912394928485622,True
2011-04-14,0,EWZ,1,0.20004000800160035,0.2560903083000321,1.0,0.20004000800160035,False
2011-04-14,1,IWM;XLB;XLI;XLV,4,0.7915939395019226,0.6620861246031899,0.5286321325790757,0.4184619923755732,True
2011-04-15,0,EWZ,1,0.20013606224947236,0.2554977472473137,1.0,0.20013606224947236,False
2011-04-15,1,IWM;XLB;XLI;XLV,4,0.7915600790854807,0.6596097595170552,0.5306167699159857,0.42001505235877995,True
2011-04-18,0,EWZ;IWM;XLB;XLI;XLV,5,0.9915700363094706,0.8553805464363265,0.4091746082584701,0.4057252811677646,True
2011-04-19,0,EWZ;IWM;XLB;XLI;XLV,5,0.991650883794016,0.855454567759383,0.40913920293479084,0.4057232521850646,True
2011-04-20,0,EWZ;IWM;XLB;XLI,4,0.7976962255656513,0.7271445030342362,0.4813348633449285,0.383959003723408,True
2011-04-21,0,EWZ;IWM;XLB;XLF;XLI,5,0.9990359484427321,0.9034497619891385,0.3874039428926295,0.3870304655181922,True
2011-04-25,0,EWZ;IWM;XLB;XLF;XLI,5,0.9990323300213853,0.9040870804093305,0.38713085009635967,0.3867562351949258,True
2011-04-26,0,EWZ;IWM;XLB;XLF;XLI,5,0.9990428045958377,0.902539737369611,0.3877945596279788,0.3874233644577438,True
2011-04-27,0,EWZ;IWM;XLB;XLF;XLI,5,0.9990443033509468,0.9035138402396904,0.387376467755214,0.38700625336305833,True
2011-04-28,0,EWZ,1,0.19464598291646318,0.24492314904869697,1.0,0.19464598291646318,False
2011-04-28,1,IWM;XLB;XLF;XLI,4,0.80439876964661,0.7242756682269634,0.48324141670643816,0.3887188010409436,True
2011-04-29,0,EWZ,1,0.19605090953188614,0.25138356548035556,1.0,0.19605090953188614,False
2011-04-29,1,IWM;XLB;XLF;XLI,4,0.8029978424147703,0.7327453704360448,0.47765569612772946,0.38355649340769193,True
2011-05-02,0,EWZ,1,0.19511137477703164,0.24936483240218865,1.0,0.19511137477703164,False
2011-05-02,1,IWM;XLB;XLF;XLI,4,0.8039303457653183,0.7302434571268152,0.4792922094462785,0.38531755166277004,True
2011-05-03,0,EWZ,1,0.1927708698949485,0.24637669442800644,1.0,0.1927708698949485,False
2011-05-03,1,IWM;XLB;XLF;XLI,4,0.8062628386528077,0.7258040611649242,0.4822238104292855,0.38879913826268914,True
2011-05-04,0,EWZ;IWM;XLB;XLF;XLI,5,0.9990184401076395,0.9153063043625563,0.38238565421413684,0.38201031979254624,True
2011-05-05,0,EWZ;IWM;XLB;XLF;XLI,5,0.999010214033078,0.9174045785448346,0.38151106740186724,0.38113345310112745,True
2011-05-06,0,EWZ;IWM;XLB;XLF;XLI,5,0.999018620228085,0.9182650564120767,0.3811535651455036,0.3807795087466765,True
2011-05-09,0,EWZ;IWM;XLB;XLF;XLI,5,0.999024790708672,0.9161535170539857,0.38203204319454215,0.3816594819964338,True
2011-05-10,0,EWZ;IWM;XLB;XLF;XLI,5,0.999034752264461,0.9097054177816539,0.38473993136534934,0.38436856201782754,True
2011-05-11,0,EWZ;IWM;XLB;XLF;XLI,5,0.9990155186029614,0.9129208001018558,0.3833848456086771,0.38300741036026886,True
2011-05-12,0,EWZ;XLB;XLF;XLI,4,0.7948452621797466,0.7108692483620124,0.49235495951818325,0.3913460068837289,True
2011-05-13,0,EWZ;XLB;XLF;XLI,4,0.992575653276575,0.8771388128297776,0.3990246411179195,0.39606214383106986,True
2011-05-16,0,EWZ;XLB;XLF;XLI,4,0.9925605062435104,0.8779069769026476,0.39867549661678103,0.3957095527488351,True
2011-05-17,0,EWZ,1,0.19202327868881813,0.24087106322399487,1.0,0.19202327868881813,False
2011-05-17,1,XLB;XLF;XLI,3,0.8005455475349974,0.6991622498346999,0.5005991099816232,0.4007523885957709,True
2011-05-18,0,EWZ,1,0.19035488538356293,0.2358405505926836,1.0,0.19035488538356293,False
2011-05-18,1,XLB;XLF;XLI,3,0.8022795169823291,0.6955035033739763,0.5032325477903494,0.4037331653710284,True
2011-05-19,0,EWZ,1,0.18834209545268943,0.23522442692863835,1.0,0.18834209545268943,False
2011-05-19,1,XLB;XLF;XLI,3,0.8042850620539896,0.6970156685632033,0.502140792217016,0.40386433822810225,True
2011-05-20,0,EWZ,1,0.19022981888941246,0.23631119385429158,1.0,0.19022981888941246,False
2011-05-20,1,XLB;XLF;XLI,3,0.8023255109700198,0.6972572289617927,0.5019668286855135,0.40274079231510496,True
2011-05-23,0,EWZ,1,0.19011341369533893,0.23567183486632903,1.0,0.19011341369533893,False
2011-05-23,1,XLB;XLF;XLI,3,0.8023426452151934,0.6994432874704041,0.5003979683124913,0.4014906295561528,True
2011-05-24,0,EWZ,1,0.19287822299026208,0.24253052917045426,1.0,0.19287822299026208,False
2011-05-24,1,XLB;XLF;XLI,3,0.7995985637598008,0.6933639875566456,0.5047853743217463,0.40362566031462177,True
2011-05-25,0,EWZ,1,0.191746248370562,0.2436807248249302,1.0,0.191746248370562,False
2011-05-25,1,XLB;XLF;XLI,3,0.8007643149025614,0.6907228456711766,0.5067155403842252,0.40575972254625525,True
2011-05-26,0,EWZ,1,0.19397279885256535,0.24826719911489356,1.0,0.19397279885256535,False
2011-05-26,1,XLB;XLF;XLI,3,0.7985890940450813,0.6893187468612758,0.5077476879798786,0.40548176614733583,True
2011-05-27,0,EWZ,1,0.1947906038340901,0.24938860532757617,1.0,0.1947906038340901,False
2011-05-27,1,XLB;XLF;XLI,3,0.7978333712803396,0.6885390448696456,0.5083226617399194,0.40555678291415553,True
2011-05-31,0,EWZ,1,0.1951399428251753,0.2336271284125086,1.0,0.1951399428251753,False
2011-05-31,1,XLB,1,0.20344125125513654,0.20344125125513654,1.0,0.20344125125513654,False
2011-05-31,2,XLF,1,0.3973564472419366,0.34790778687306323,1.0,0.3973564472419366,False
2011-06-01,0,EWZ,1,0.19570815637026992,0.22896599079798716,1.0,0.19570815637026992,False
2011-06-01,1,XLB,1,0.20188246734514956,0.20188246734514956,1.0,0.20188246734514956,False
2011-06-01,2,XLF,1,0.3933901825183448,0.3471829128109427,1.0,0.3933901825183448,False
2011-06-02,0,EWZ,1,0.19772700343293853,0.23160199143870805,1.0,0.19772700343293853,False
2011-06-02,1,XLB,1,0.20154629276290215,0.20154629276290215,1.0,0.20154629276290215,False
2011-06-02,2,XLF,1,0.3923802124358178,0.344376776354101,1.0,0.3923802124358178,False
2011-06-03,0,EWZ,1,0.1992779181326607,0.2322799266226899,1.0,0.1992779181326607,False
2011-06-03,1,XLB,1,0.1998771861175676,0.1998771861175676,1.0,0.1998771861175676,False
2011-06-03,2,XLF,1,0.3915650658314995,0.34191305504297137,1.0,0.3915650658314995,False
2011-06-06,0,EWZ,1,0.1973170582637092,0.24549702245401847,1.0,0.1973170582637092,False
2011-06-06,1,XLB,1,0.2007875742960466,0.21317560662845486,1.0,0.2007875742960466,False
2011-06-06,2,XLF;XLY,2,0.5897832656941403,0.49498421561464495,0.7070932546109348,0.4170317688547353,True
2011-06-07,0,EWZ,1,0.197799621220328,0.26308796236420207,1.0,0.197799621220328,False
2011-06-07,1,XLF;XLY,2,0.5888766215941033,0.5272360018058375,0.6638393410184699,0.39091946842021236,True
2011-06-08,0,EWZ,1,0.19818319069487467,0.26084265035984333,1.0,0.19818319069487467,False
2011-06-08,1,XLF;XLY,2,0.5872011316846051,0.526217146345196,0.6651246589566688,0.3905619524506929,True
2011-06-09,0,EWZ,1,0.19781903838494364,0.2590917273971336,1.0,0.19781903838494364,False
2011-06-09,1,XLF;XLY,2,0.5890978170220594,0.527736722329646,0.6632094853186579,0.3906952600295449,True
2011-06-10,0,EWZ,1,0.1963900555228686,0.2587034691133978,1.0,0.1963900555228686,False
2011-06-10,1,XLF;XLY,2,0.5884607427620454,0.529840304219838,0.6605763986100616,0.3887232781771538,True
2011-06-13,0,EWZ,1,0.19514061899510443,0.2755053642053047,1.0,0.19514061899510443,False
2011-06-13,1,XLF;XLK;XLY,3,0.790546075826553,0.7301889131447069,0.4793280118327925,0.3789308787881577,True
2011-06-14,0,EWZ,1,0.195240907657475,0.27415990323883593,1.0,0.195240907657475,False
2011-06-14,1,XLF;XLK;XLY,3,0.7905901520078251,0.728160574055378,0.48066321148195235,0.3800076014300861,True
2011-06-15,0,EWZ,1,0.19559035729876095,0.27229775217351526,1.0,0.19559035729876095,False
2011-06-15,1,XLF;XLK;XLY,3,0.7899709848233102,0.7313091195076997,0.47859378566974775,0.3780752041958469,True
2011-06-16,0,EWZ,1,0.1934239601255952,0.2703396236114662,1.0,0.1934239601255952,False
2011-06-16,1,XLF;XLK;XLY,3,0.7921192563347991,0.7332932544579825,0.4772988130904112,0.3780775808746588,True
2011-06-17,0,EWZ,1,0.19319360353211898,0.2696336618083088,1.0,0.19319360353211898,False
2011-06-17,1,XLF;XLK;XLY,3,0.7924320122965295,0.7337734719542759,0.4769864452415224,0.37797932864090794,True
2011-06-20,0,EWZ,1,0.1935783611562534,0.26996432157822725,1.0,0.1935783611562534,False
2011-06-20,1,XLF;XLK;XLY,3,0.7920913949710126,0.7325302786488249,0.4777959494665339,0.37845806012444627,True
2011-06-21,0,EWZ,1,0.1920967341822192,0.259935330925286,1.0,0.1920967341822192,False
2011-06-21,1,XLF;XLK;XLY,3,0.7937778645794581,0.7346367133491045,0.47642595808260063,0.37817637963702916,True
2011-06-22,0,EWZ,1,0.1933553170392086,0.25986552042844396,1.0,0.1933553170392086,False
2011-06-22,1,XLF;XLK;XLY,3,0.7924476363694892,0.7334736469790113,0.47718142491084675,0.3781412922900254,True
2011-06-23,0,EWZ,1,0.1916504533310579,0.25783852008110886,1.0,0.1916504533310579,False
2011-06-23,1,XLF;XLK;XLY,3,0.7940902440311178,0.7332636025587627,0.4773181142206653,0.3790336578019611,True
2011-06-24,0,EWZ,1,0.19260164465394697,0.2613202055484339,1.0,0.19260164465394697,False
2011-06-24,1,XLF;XLK;XLY,3,0.7930167839774732,0.7330900056623296,0.47743114392042924,0.37861091032246497,True
2011-06-27,0,EWZ,1,0.1927636836775877,0.26114936562802915,1.0,0.1927636836775877,False
2011-06-27,1,XLF;XLK;XLY,3,0.7930184028569888,0.7346452828797692,0.4764204006429051,0.3778101452063233,True
2011-06-28,0,EWZ,1,0.195220027465677,0.2671204555358963,1.0,0.195220027465677,False
2011-06-28,1,XLF;XLK;XLY,3,0.7907474821110022,0.7301702567772618,0.47934025900313737,0.37903710288116654,True
2011-06-29,0,EWZ,1,0.19443737732451843,0.26378272017746207,1.0,0.19443737732451843,False
2011-06-29,1,XLF;XLK;XLY,3,0.7916976666464104,0.7319337224601024,0.4781853728826908,0.37857824393567,True
2011-06-30,0,EWZ,1,0.19441081553373246,0.2634932246921747,1.0,0.19441081553373246,False
2011-06-30,1,XLF;XLK;XLY,3,0.791820620781883,0.7325167942550534,0.4778047448808856,0.37833564970411204,True
2011-07-01,0,EWZ,1,0.19334889424311325,0.2582280252989639,1.0,0.19334889424311325,False
2011-07-01,1,XLF;XLK;XLY,3,0.7931073165771847,0.7344843359315802,0.47652479825329275,0.3779353040251533,True
2011-07-05,0,EWZ,1,0.19322333629986174,0.2549543204360211,1.0,0.19322333629986174,False
2011-07-05,1,XLF;XLK;XLY,3,0.7931922082116447,0.7334716129634902,0.47718274819917517,0.378497637764605,True
2011-07-06,0,EWZ,1,0.19220058654441236,0.252218605643307,1.0,0.19220058654441236,False
2011-07-06,1,XLF;XLK;XLY,3,0.7941669378146973,0.7337958495315338,0.47697189923252525,0.37879531263715494,True
2011-07-07,0,EWZ,1,0.19054555625095862,0.24646108486968088,1.0,0.19054555625095862,False
2011-07-07,1,XLF;XLK;XLY,3,0.7959871653251664,0.7363371849085303,0.4753257164969577,0.3783531696805671,True
2011-07-08,0,EWZ,1,0.18906482143441777,0.24694544387197073,1.0,0.18906482143441777,False
2011-07-08,1,XLF;XLK;XLY,3,0.7973225305607697,0.7369872265333238,0.47490646703111383,0.37865362607292247,True
2011-07-11,0,EWZ,1,0.1879960040281153,0.2448116818549385,1.0,0.1879960040281153,False
2011-07-11,1,XLF;XLK;XLY,3,0.6063716732760848,0.552670313298698,0.6332889456482129,0.3840084776399544,True
2011-07-12,0,EWZ,1,0.1874011636506704,0.2461913835330911,1.0,0.1874011636506704,False
2011-07-12,1,XLF;XLK;XLY,3,0.8060863223422594,0.7477297095433794,0.46808358091553776,0.3773157722890012,True
2011-07-13,0,XLF;XLK;XLY,3,0.8040354887934831,0.7726419361560318,0.45299120280900584,0.36422100316968686,True
2011-07-14,0,XLF;XLK;XLY,3,0.8028126571878763,0.7709947191785546,0.4539590107347331,0.36444403966233074,True
2011-07-15,0,XLF;XLK;XLY,3,0.8031152700466886,0.7709999525756226,0.4539559293496463,0.36457893878893666,True
2011-07-18,0,XLF;XLK;XLY,3,0.8015319423006971,0.7691992018093669,0.4550186728960512,0.36471200066945747,True
2011-07-19,0,XLF;XLK;XLY,3,0.9999999999999999,0.970266896509349,0.3607254882745838,0.3607254882745837,True
2011-07-20,0,XLF;XLK;XLY,3,0.8077485916714143,0.7739180438089674,0.45224426901512244,0.3652996713884334,True
2011-07-21,0,XLF;XLK;XLY,3,0.8101808206678445,0.801193641571851,0.43684819978518513,0.35392603300923176,True
2011-07-22,0,XLF;XLK;XLY,3,0.8104736542058784,0.7994533943251327,0.4377991293607006,0.3548246601811191,True
2011-07-25,0,XLF;XLK;XLY,3,0.8095690010378009,0.7906152693099384,0.4426931955228812,0.35839068806569085,True
2011-07-26,0,XLF;XLK;XLY,3,1.0,0.991984137232527,0.3528282226129569,0.3528282226129569,True
2011-07-27,0,XLF;XLY,2,0.7926588252361275,0.7796728542915264,0.4489062278794331,0.3558294832320928,True
2011-07-28,0,XLF;XLY,2,0.7925270688983043,0.7797664959321811,0.44885231902864503,0.3557276127679786,True
2011-07-29,0,XLF;XLY,2,0.791994184330364,0.7777707708551264,0.45000405404177074,0.3564005937261692,True
2011-08-01,0,XLF;XLY,2,0.7913539156916785,0.7775178780352877,0.45015042082944257,0.35622829817363627,True
2011-08-02,0,SLV,1,0.20004000800160035,0.5319512582501682,0.6579550185693903,0.13161732717931396,True
2011-08-02,1,XLF;XLY,2,0.7864594751837433,0.7431133959311281,0.4709913748243586,0.37041562946043477,True
2011-08-03,0,SLV,1,0.202089058462182,0.5372879138526642,0.6514198272026969,0.13164481954299032,True
2011-08-03,1,XLF;XLY,2,0.7845176681669503,0.7414566284063303,0.47204379405479435,0.3703266965845474,True
2011-08-04,0,SLV,1,0.19813021521331056,0.5037297858679777,0.6948169630209863,0.13766423441720685,True
2011-08-04,1,XLF;XLY,2,0.7877124287519888,0.7506498952523265,0.4662626375007347,0.36728087462201187,True
2011-08-05,0,SLV,1,0.1991941564193918,0.2850513730877376,1.0,0.1991941564193918,False
2011-08-05,1,XLF,1,0.5816445223299924,0.33094249032610024,1.0,0.5816445223299924,False
2011-08-08,0,SLV,1,0.2136749302045763,0.28720092275610154,1.0,0.2136749302045763,False
2011-08-08,1,XLF,1,0.555255951377351,0.3641912115593768,0.9610336243463604,0.533619639392062,True
2011-08-09,0,IWM;XLF;XLI,3,0.9916655818981278,0.9276939711687546,0.3772795888271783,0.3741351829925902,True
2011-08-10,0,IWM;XLF;XLI,3,0.9911581228612418,0.9191567799962093,0.38078378750733194,0.3774169440417611,True
2011-08-12,0,IWM;XLF;XLI,3,0.39573648530406214,0.3754910244454653,0.9321128261771074,0.3688710537381647,True
2011-08-15,0,IWM;XLF;XLI,3,0.3978924434813925,0.3786506295045716,0.9243349217666473,0.3677858806169131,True
2011-08-16,0,IWM;XLF;XLI,3,0.49651230736616825,0.46309194409708054,0.7557894376297497,0.37525875756052574,True
2011-08-17,0,IWM;XLF;XLI,3,0.49651637310707764,0.4651728491039488,0.7524084878861621,0.37358313350021777,True
2011-08-18,0,IWM;XLF;XLI,3,0.4963231783263212,0.4643165106465697,0.7537961540773517,0.37412650300182854,True
2011-08-30,0,IWM;SPY;XLF;XLI,4,0.5,0.4699505610489413,0.7447591917302776,0.3723795958651388,True
2011-08-31,0,IWM;SPY;XLF;XLI,4,0.5,0.46962886715832236,0.7452693487898545,0.37263467439492726,True
2011-09-01,0,IWM;SPY;XLF;XLI,4,0.5,0.46935811961366236,0.7456992547355773,0.37284962736778865,True
2011-09-02,0,IWM;SPY;XLF;XLI,4,0.5000000000000001,0.4688019967246266,0.7465838508482064,0.3732919254241033,True
2011-09-08,0,IWM;SPY;XLF;XLI,4,0.5,0.4680700345658302,0.7477513494848074,0.3738756747424037,True
2011-09-16,0,IWM;SPY;XLF;XLI,4,0.49999999999999994,0.4831342420134803,0.7244363358336219,0.3622181679168109,True
2011-09-19,0,IWM;SPY;XLF;XLI,4,0.5,0.48377242497123907,0.7234806738329659,0.36174033691648294,True
2011-09-28,0,IWM;SPY;XLF;XLI,4,0.5,0.48457167303563115,0.7222873714581827,0.36114368572909133,True
2011-10-06,0,IWM;SPY;XLF;XLI,4,0.4017573818140094,0.37980436516706206,0.921527059980071,0.3702302988883549,True
2011-10-07,0,IWM;SPY;XLF;XLI,4,0.4003804958215159,0.37814792910478523,0.9255637094947955,0.37057765692192773,True
2011-10-10,0,IWM;SPY;XLF;XLI,4,0.4035309018666796,0.3826132783213211,0.9147617707769874,0.3691346423547986,True
2011-10-11,0,IWM;SPY;XLF;XLI,4,0.8074467610040272,0.7665303416483156,0.4566029300906397,0.36868255696663527,True
2011-10-12,0,IWM;SPY;XLB;XLF;XLI,5,1.0000000000000002,0.9472788310756828,0.3694793850745692,0.36947938507456923,True
2011-10-13,0,IWM;SPY;XLB;XLF;XLI,5,1.0,0.9474826381926843,0.36939990865439204,0.36939990865439204,True
2011-10-14,0,IWM;SPY;XLF;XLI,4,0.8081050507088879,0.7684038314149036,0.45548966011208714,0.3680834948822523,True
2011-10-17,0,IWM;SPY;XLF;XLI,4,0.8037916539336379,0.7634114918317376,0.4584683407898488,0.3685130259196834,True
2011-10-18,0,IWM;SPY;XLF;XLI,4,0.8084718351396537,0.7703048521115238,0.45436556584136306,0.36734176284003395,True
2011-10-19,0,IWM;SPY;XLB;XLF;XLI,5,0.9999999999999999,0.9413942938703177,0.37178895419161573,0.3717889541916157,True
2011-10-20,0,IWM;SPY;XLB;XLF;XLI,5,1.0,0.9415465843737605,0.3717288191670211,0.3717288191670211,True
2011-10-21,0,IWM;SPY;XLB;XLF;XLI,5,1.0000000000000002,0.9409882617464167,0.37194937942203593,0.371949379422036,True
2011-10-24,0,IWM;SPY;XLB;XLF;XLI,5,1.0,0.9423026385514616,0.371430563473781,0.371430563473781,True
2011-10-25,0,IWM;SPY;XLB;XLF;XLI,5,0.9999999999999999,0.9425265864172986,0.3713423101733486,0.37134231017334857,True
2011-10-26,0,IWM;SPY;XLB;XLF;XLI,5,1.0,0.9422510576620207,0.3714508963974469,0.3714508963974469,True
2011-10-27,0,IWM;SPY;XLB;XLF;XLI,5,1.0,0.9426317039412496,0.37130089995552923,0.37130089995552923,True
2011-10-28,0,IWM;SPY;XLB;XLF;XLI,5,1.0,0.9418473251097741,0.3716101226482825,0.3716101226482825,True
2011-10-31,0,IWM;SPY;XLB;XLF;XLI,5,1.0,0.9389675520202672,0.37274983490850744,0.37274983490850744,True
2011-11-01,0,IWM;SPY;XLB;XLF;XLI,5,1.0,0.9420780769873971,0.3715191007514361,0.3715191007514361,True
2011-11-02,0,IWM;SPY;XLB;XLF;XLI,5,1.0,0.9424942137863654,0.3713550649758517,0.3713550649758517,True
2011-11-03,0,IWM;SPY;XLB;XLF;XLI,5,1.0,0.9430323921623072,0.37114313666095233,0.37114313666095233,True
2011-11-04,0,IWM;SPY;XLB;XLF;XLI,5,1.0,0.9439937518699085,0.37076516587816716,0.37076516587816716,True
2011-11-07,0,IWM;SPY;XLB;XLF;XLI,5,1.0000000000000002,0.9457109639514963,0.3700919343660594,0.37009193436605947,True
2011-11-08,0,IWM;SPY;XLB;XLF;XLI,5,0.9999999999999999,0.9464280197476541,0.3698115363208714,0.3698115363208713,True
2011-11-09,0,IWM;SPY;XLB;XLF;XLI,5,1.0,0.9449223799345268,0.37040079421576544,0.37040079421576544,True
2011-11-10,0,IWM;SPY;XLB;XLF;XLI,5,0.9999999999999999,0.9437571780788128,0.3708581064384462,0.37085810643844613,True
2011-11-11,0,IWM;SPY;XLB;XLF;XLI,5,1.0,0.9446654858778214,0.37050152168390676,0.37050152168390676,True
2011-11-14,0,IWM;SPY;XLB;XLF;XLI,5,0.9999999999999998,0.9454866786175201,0.37017972639420577,0.3701797263942057,True
2011-11-15,0,IWM;SPY;XLB;XLF;XLI,5,1.0,0.9456118639056564,0.3701307199704502,0.3701307199704502,True
2011-11-16,0,IWM;SPY;XLB;XLF;XLI,5,0.9999999999999998,0.9447718784971099,0.3704597987788971,0.37045979877889706,True
2011-11-17,0,XLB;XLF,2,0.3879290989602281,0.37916718643645964,0.9230756577050281,0.35808790816563146,True
2011-11-18,0,XLB;XLF,2,0.38895629417434596,0.38003828924455013,0.920959834588612,0.35821312434500513,True
2011-11-21,0,XLB;XLF,2,0.38390257876545864,0.3750465204966912,0.9332175633478189,0.3582646291184454,True
2011-11-22,0,XLB;XLF,2,0.3819262550670419,0.3731313586191291,0.9380074655083057,0.3582496785265147,True
2011-11-23,0,EFA;XLB;XLF,3,0.7757774488818083,0.79398603324591,0.4408137994180553,0.3419734047444361,True
2011-11-25,0,EFA;XLB;XLF,3,0.7755511658342293,0.7939577288539693,0.4408295143183556,0.34188584376373776,True
2011-11-28,0,EFA;XLB;XLF,3,0.7814741468849036,0.7984579279379558,0.4383449493749616,0.34255524535410437,True
2011-11-29,0,EFA;XLB;XLF,3,0.7814238963482139,0.7987868475358254,0.4381644503533248,0.34239217203636857,True
2011-11-30,0,EFA;XLB;XLF,3,0.7908465148546127,0.8083910367964603,0.432958783643867,0.3424039451204445,True
2011-12-01,0,EFA;XLB;XLF;XLV,4,0.9899644419788015,0.9436273164966592,0.37090914377025574,0.3671868635373563,True
2011-12-02,0,EFA;XLB;XLF;XLV,4,0.9899746515822019,0.9464363683768807,0.3698082741687568,0.3661008173724304,True
2011-12-05,0,EFA;XLB;XLF;XLV,4,0.9901026334213784,0.9496772622017227,0.3685462566394012,0.3648986192362623,True
2011-12-06,0,EFA;XLB;XLF;XLV,4,0.9901218950380601,0.9495310544231294,0.36860300499875304,0.3649619058260889,True
2011-12-07,0,EFA;XLB;XLF;XLV,4,0.9901991935302172,0.9502511307197812,0.36832368695513945,0.36471381778105527,True
2011-12-08,0,EFA;XLB;XLF;XLV,4,0.9898768289927652,0.949367415481009,0.36866653973232066,0.36493446530596485,True
2011-12-09,0,EFA;XLB;XLF;XLV,4,0.7983449504171888,0.7373633648171789,0.47466421129666325,0.37894577623244863,True
2011-12-12,0,EFA;XLB;XLF;XLV,4,0.7947123752672102,0.7326535038831207,0.47771558880831483,0.37964649028402975,True
2011-12-13,0,EFA;XLB;XLF;XLV,4,0.7928152568076976,0.7298303249327027,0.4795635205104328,0.3802052756690823,True
2011-12-14,0,EFA;XLB;XLF;XLV,4,0.7916480661603461,0.7279221974350918,0.48082061686435823,0.3806407115106939,True
2011-12-15,0,EEM;EFA;XLB;XLF;XLV,5,0.9928115634046413,0.9193907454802404,0.3806868860934409,0.37795034255007365,True
2011-12-16,0,EEM;EFA;XLB;XLF;XLV,5,0.992826025888948,0.9208843626469232,0.38006943563900397,0.3773428273473276,True
2011-12-19,0,EEM;EFA;XLB;XLF;XLV,5,0.9927170308394236,0.9193852316730372,0.38068916917785683,0.37791662169896906,True
2011-12-20,0,EEM;EFA;XLB;XLF;XLV,5,0.9929609032083047,0.9203201372108883,0.38030244677760283,0.3776254610446167,True
2011-12-21,0,EEM;EFA;XLB;XLF;XLV,5,0.9929769806761414,0.9195331783101784,0.3806279188785697,0.3779547616490854,True
2011-12-22,0,EEM;EFA;XLB;XLF;XLV,5,0.9930608737908256,0.9206933207272484,0.3801482992442453,0.3775104022175865,True
2011-12-23,0,EEM;EFA;XLB;XLF;XLV,5,0.9931066378939861,0.9206109598380448,0.380182308563405,0.3775615742441772,True
2011-12-27,0,EEM;EFA;XLB;XLF;XLV,5,0.9930825024956969,0.9207293723675398,0.3801334143386987,0.3775038423937085,True
2011-12-28,0,EEM;EFA;XLB;XLF;XLV,5,0.9929634493348848,0.9185901590131098,0.38101866927904343,0.3783376121083067,True
2011-12-29,0,EEM;EFA;XLB;XLF;XLV,5,0.9930538281252556,0.9177732043486272,0.38135783256867484,0.3787088555178728,True
2011-12-30,0,EEM;EFA;XLB;XLF;XLV,5,0.9930506900844165,0.917661470377377,0.38140426649499276,0.37875377004399324,True
2012-01-03,0,EEM;EFA;XLB;XLF;XLV,5,0.993218218535161,0.9183162449701596,0.38113231897729644,0.3785475628808051,True
2012-01-04,0,EEM;EFA;XLB;XLF;XLV,5,0.9932025988072013,0.9181227407323156,0.3812126467108657,0.3786213914114033,True
2012-01-05,0,EEM;EFA;XLB;XLF;XLV,5,0.9932032521541585,0.9187114362661225,0.3809683717691479,0.3783790258089922,True
2012-01-06,0,EEM;EFA;XLB;XLF;XLV,5,0.9931598549183264,0.9181886726960776,0.38118527314467393,0.378577910573367,True
2012-01-09,0,EEM;EFA;XLB;XLF;XLV,5,0.9931914047897814,0.9188263510101284,0.380920725243917,0.37832719021854827,True
2012-01-10,0,EEM;EFA;XLB;XLF;XLV,5,0.9932988354968177,0.9192021242733496,0.38076500342803604,0.37821343450301004,True
2012-01-11,0,EEM;EFA;XLB;XLF;XLV,5,0.9933257663575571,0.9177641250287804,0.38136160529158214,0.378816308835609,True
2012-01-12,0,EEM;EFA;XLB;XLF;XLV,5,0.9933634610067215,0.9170753606368238,0.3816480248220358,0.3791152028235966,True
2012-01-13,0,EEM;EFA;XLB;XLF;XLV,5,0.993312949253441,0.9167791673721716,0.3817713277704919,0.3792184035281094,True
2012-01-17,0,EEM;EFA;XLB;XLF;XLV,5,0.9933574233102274,0.917412137109625,0.3815079241296076,0.3789737284858207,True
2012-01-18,0,EEM;EFA;XLF;XLV,4,0.7998680704526846,0.7250850150305288,0.4827020180320009,0.3860979317668735,True
2012-01-19,0,EEM;EFA;XLF;XLV,4,0.8010799131145978,0.7264902325787527,0.4817683491182511,0.3859349472530118,True
2012-01-20,0,EEM;EFA;XLF;XLV,4,0.8015162603539467,0.7271497156448186,0.48133141287090864,0.3857949540351722,True
2012-01-23,0,EEM;EFA;XLF;XLV,4,0.8020258777538566,0.727987778321981,0.4807773020678361,0.38559583769508726,True
2012-01-24,0,EEM;EFA;XLE;XLF;XLV,5,0.9999999999999999,0.9252388210167394,0.3782807120170196,0.37828071201701957,True
2012-01-25,0,EEM;EFA;XLE;XLF;XLV,5,1.0,0.9250207634179864,0.3783698851328881,0.3783698851328881,True
2012-01-26,0,EEM;EFA;XLE;XLF;XLV,5,1.0,0.9296448915042703,0.3764878430447356,0.3764878430447356,True
2012-01-27,0,EEM;EFA;XLE;XLF;XLV,5,0.9999999999999999,0.9304275509325939,0.37617114803746415,0.3761711480374641,True
2012-01-30,0,EEM;EFA;XLE;XLF;XLV,5,0.9999999999999999,0.9318142965851672,0.3756113222158641,0.375611322215864,True
2012-01-31,0,EEM;EFA;XLE;XLF;XLV,5,1.0,0.9215824419731246,0.3797815410313631,0.3797815410313631,True
2012-02-01,0,EEM;EFA;XLE;XLF;XLV,5,1.0,0.9074882864066862,0.38567990930865775,0.38567990930865775,True
2012-02-02,0,EEM;EFA;XLE;XLF;XLV,5,1.0,0.9038702597270528,0.3872237151664793,0.3872237151664793,True
2012-02-03,0,EFA;XLE;XLF;XLV,4,0.7921078228179912,0.720374242742797,0.48585857077203165,0.38485237469169487,True
2012-02-06,0,EFA;XLE;XLF;XLV,4,0.7919681039431028,0.7200965809254819,0.4860459128276561,0.3849328600114134,True
2012-02-07,0,EFA;XLE;XLF;XLV,4,0.792540085347671,0.7205098631230589,0.4857671184165622,0.3849899134889544,True
2012-02-08,0,EFA;XLE;XLF;XLV,4,0.792869432337014,0.7210206746598425,0.4854229737103173,0.38487703760904457,True
2012-02-09,0,EFA;XLE;XLF;XLV,4,0.7925949932144863,0.7218905842300855,0.4848380179016794,0.3842801855089066,True
2012-02-10,0,EFA;XLE;XLF;XLV,4,0.7908199011379907,0.7195025250112969,0.4864472157265948,0.3846921390497565,True
2012-02-13,0,EFA;XLE;XLF;XLV,4,0.7922927637994197,0.7210440196430001,0.48540725734510676,0.3845846574902508,True
2012-02-14,0,EFA;XLB;XLE;XLF;XLV,5,0.9920101546958748,0.8990216732197055,0.3893120827071162,0.38620153939125956,True
2012-02-15,0,EFA;XLB;XLE;XLF;XLV,5,0.9919973449636179,0.8978444836315641,0.3898225209162443,0.38670290575593874,True
2012-02-16,0,EFA;XLB;XLE;XLF;XLV,5,0.9921014392456817,0.9005891507940643,0.38863448409454987,0.38556483101070593,True
2012-02-17,0,EFA;XLB;XLE;XLF;XLV,5,0.9921200218866414,0.9017623018889767,0.38812888858497807,0.38507044143776625,True
2012-02-21,0,EFA;XLB;XLE;XLF;XLV,5,0.9921284451901942,0.8998208851339924,0.38896629960737295,0.38590453006084613,True
2012-02-22,0,EFA;XLB;XLE;XLF;XLV,5,0.9921037389288745,0.8996965126636762,0.389020069627453,0.3859482655957672,True
2012-02-23,0,XLB;XLE;XLV,3,0.5892680391329437,0.5034760584858651,0.6951671168884908,0.4096397638385828,True
2012-02-24,0,XLB;XLE;XLV,3,0.5899325053450706,0.503476630703069,0.6951663268089525,0.4101012128059355,True
2012-02-27,0,XLB;XLE;XLV,3,0.5898444851592515,0.5026201429628279,0.6963509220637917,0.4107387511148872,True
2012-02-28,0,XLB;XLE;XLV,3,0.5901364983773778,0.5030927988733358,0.6956967000597435,0.4105560145059539,True
2012-02-29,0,XLB;XLE;XLV;XLY,4,0.9875155419432272,0.9792600516614506,0.35741272137689717,0.35295061724791027,True
2012-03-01,0,XLB;XLE;XLY,3,0.799177073120531,0.736688877095114,0.4750987979893328,0.3796880668201974,True
2012-03-02,0,XLB;XLE;XLY,3,0.7984994676143516,0.7343056567381597,0.4766407514204997,0.38059738625257356,True
2012-03-05,0,XLB;XLE;XLY,3,0.796894805797272,0.7329223410557969,0.47754036191039606,0.38054943396494406,True
2012-03-06,0,XLB;XLE;XLY,3,0.7939061400957603,0.7300313293373764,0.47943147908142875,0.38062359499793835,True
2012-03-07,0,XLB;XLE;XLY,3,0.9951190475078283,0.9356604247630896,0.3740673333368999,0.37224152845400915,True
2012-03-08,0,XLB;XLE;XLY,3,0.995184404442077,0.9378020380304078,0.3732130938157029,0.3714158504989653,True
2012-03-09,0,XLB;XLE;XLY,3,0.9951898587364219,0.9374592682264901,0.373349554335453,0.37155369023840557,True
2012-03-12,0,XLB;XLE;XLY,3,0.9951662193641724,0.9381086186171916,0.3730911251150357,0.3712876844590555,True
2012-03-13,0,XLB;XLY,2,0.7998579702665781,0.8623901835330496,0.40584877551146986,0.3246213778157804,True
2012-03-14,0,XLB;XLE;XLY,3,1.0,0.9395212125382788,0.3725301731659837,0.3725301731659837,True
2012-03-15,0,XLB;XLE;XLY,3,1.0,0.9428840735721076,0.37120151862787143,0.37120151862787143,True
2012-03-16,0,XLB;XLE;XLY,3,1.0000000000000002,0.9435472968970262,0.3709405995343518,0.3709405995343519,True
2012-03-19,0,XLB;XLE;XLY,3,1.0,0.9462831223043968,0.36986816286829355,0.36986816286829355,True
2012-03-20,0,XLB;XLE;XLY,3,1.0,0.9421658801424779,0.37148447781517163,0.37148447781517163,True
2012-03-21,0,XLB;XLE;XLY,3,1.0,0.9344355978335682,0.37455764828678784,0.37455764828678784,True
2012-03-22,0,XLB;XLE;XLY,3,1.0,0.9309622965244876,0.3759550749870714,0.3759550749870714,True
2012-03-23,0,XLB;XLE;XLY,3,1.0,0.9251527934413281,0.37831588736611915,0.37831588736611915,True
2012-03-26,0,XLB;XLE;XLY,3,1.0,0.927613503040466,0.37731231687852185,0.37731231687852185,True
2012-03-27,0,XLB;XLE;XLY,3,1.0,0.921009377593631,0.380017846196597,0.380017846196597,True
2012-03-28,0,XLB;XLE;XLY,3,1.0,0.9207513301732071,0.38012434902935166,0.38012434902935166,True
2012-03-29,0,XLB;XLE;XLY,3,1.0,0.9172588120651021,0.38157169535609636,0.38157169535609636,True
2012-03-30,0,XLB;XLE;XLY,3,1.0000000000000002,0.9165253991684993,0.38187703288695657,0.3818770328869567,True
2012-04-02,0,XLB;XLE;XLY,3,0.9999999999999999,0.9187091074006194,0.3809693374982254,0.38096933749822537,True
2012-04-03,0,XLB;XLE;XLY,3,1.0000000000000002,0.9180584057942069,0.38123936101561756,0.3812393610156177,True
2012-04-04,0,XLB;XLE;XLY,3,0.9999999999999999,0.9176715874615334,0.3814000616148216,0.38140006161482154,True
2012-04-05,0,XLB;XLE;XLY,3,0.9999999999999998,0.9163020065309587,0.38197013376088756,0.38197013376088745,True
2012-04-09,0,XLB;XLY,2,0.6086697404408675,0.6304742750015131,0.5551376382472702,0.3378954821809222,True
2012-04-10,0,XLB;XLY,2,0.603379058682889,0.6229757580892149,0.5618196140946423,0.33899018990200924,True
2012-04-11,0,XLB;XLY,2,0.6061888828287813,0.6252437298696595,0.5597817031655195,0.33933344526989867,True
2012-04-12,0,XLB;XLE;XLY,3,0.9999999999999999,0.9196866718706233,0.3805643929666909,0.38056439296669087,True
2012-04-13,0,XLB;XLE;XLY,3,0.9999999999999999,0.9178631705827421,0.3813204530014953,0.38132045300149525,True
2012-04-16,0,XLB;XLE;XLY,3,1.0,0.9120924462642457,0.3837330321433231,0.3837330321433231,True
2012-04-17,0,XLB;XLE;XLY,3,1.0,0.9073362890646955,0.385744518563,0.385744518563,True
2012-04-18,0,XLB;XLE;XLY,3,1.0,0.9028151752519854,0.3876762482446213,0.3876762482446213,True
2012-04-19,0,XLB;XLE;XLY,3,0.9999999999999999,0.9070938622401858,0.3858476113327783,0.38584761133277823,True
2012-04-20,0,XLB;XLE;XLY,3,1.0,0.9065994213710628,0.3860580447654491,0.3860580447654491,True
2012-04-23,0,XLB;XLE;XLY,3,1.0,0.9065057873773787,0.3860979211314123,0.3860979211314123,True
2012-04-24,0,XLB;XLE;XLY,3,1.0,0.9085310302255708,0.38523725481682414,0.38523725481682414,True
2012-04-25,0,XLB;XLE;XLY,3,0.9999999999999999,0.9110873738099324,0.38415634994082976,0.3841563499408297,True
2012-04-26,0,XLB;XLE;XLY,3,0.9999999999999999,0.9143520718283678,0.3827847180355033,0.38278471803550324,True
2012-04-27,0,XLB;XLE;XLY,3,1.0,0.9190118098011786,0.38084385452643954,0.38084385452643954,True
2012-04-30,0,XLB;XLE;XLY,3,0.9999999999999998,0.9185752230276304,0.38102486462284224,0.38102486462284213,True
2012-05-01,0,XLB;XLE;XLY,3,0.9999999999999998,0.9153675471860173,0.38236007063605715,0.38236007063605704,True
2012-05-02,0,XLB;XLE;XLY,3,0.9999999999999999,0.9122573827164188,0.38366365307760936,0.3836636530776093,True
2012-05-03,0,IWM;XLB;XLE,3,0.9862199627754282,0.9553906031643784,0.3663423094603969,0.3612940987990971,True
2012-05-04,0,IWM;XLB;XLE,3,0.9859640903616917,0.955607814117801,0.3662590393561331,0.3611182605755168,True
2012-05-07,0,IWM;XLB;XLE,3,0.9859702713610883,0.9526108678445779,0.36741130278297834,0.3622566219060641,True
2012-05-08,0,IWM;XLB;XLE,3,0.9859201134108088,0.952881757603468,0.3673068533500553,0.3621352145114538,True
2012-05-09,0,IWM;XLB;XLE,3,0.9858153506405775,0.9534495230385418,0.367088127418206,0.36188111104677173,True
2012-05-10,0,IWM;XLB;XLE,3,0.9858124200847459,0.9477909633153273,0.3692797394646144,0.364040553649876,True
2012-05-11,0,IWM;XLB;XLE,3,0.9857604747427582,0.943592851323782,0.3709226914012534,0.36564092836856116,True
2012-05-14,0,IWM;XLB;XLE,3,0.9855580527317683,0.9432997692004502,0.3710379366430496,0.3656794263275372,True
2012-05-15,0,IWM;XLB;XLE,3,0.9853757453682265,0.9392861969054191,0.3726233826847591,0.3671740434546244,True
2012-05-16,0,IWM;XLB;XLE,3,0.985243836501605,0.9407445003087209,0.37204575725411276,0.36655578923118687,True
2012-05-17,0,IWM;XLB;XLE,3,0.9849626326582795,0.9491181306988706,0.36876336957369266,0.36321813932324243,True
2012-05-18,0,IWM;XLB;XLE,3,0.9848800171827818,0.9488332403921351,0.36887409199044446,0.363296722057832,True
2012-05-21,0,IWM;XLB;XLE,3,0.9852691939824549,0.9430813788061702,0.3711238583069668,0.365656904741764,True
2012-05-22,0,IWM;XLB;XLE,3,0.9851901932800671,0.9425784613497249,0.37132187329935123,0.36582266812490444,True
2012-05-23,0,IWM;XLB;XLE,3,0.9853220894133854,0.9351899509503346,0.3742555185118617,0.36876222947459747,True
2012-05-24,0,IWM;XLB;XLE,3,0.9853788403875015,0.9361410269604054,0.37387529220509574,0.3684088018825955,True
2012-05-25,0,IWM;XLB;XLE,3,0.985327891619289,0.9361536431773032,0.37387025361787923,0.3683847887364738,True
2012-05-29,0,IWM;XLB;XLE,3,0.9855646318379183,0.9420369632948669,0.37153531510678794,0.36617206604800645,True
2012-05-30,0,IWM;XLB;XLE,3,0.9852632307478748,0.9390448329990216,0.3727191585541312,0.36722648231867266,True
2012-05-31,0,IWM;XLB;XLE,3,0.9851981154292262,0.9390657166366979,0.3727108697499247,0.36719404647761356,True
2012-06-01,0,IWM;XLB;XLE,3,0.9848421629461668,0.9344763472845247,0.37454131505527954,0.3688640788317432,True
2012-06-04,0,IWM;XLB;XLE,3,0.7830142211591287,0.7386410408637787,0.47384315335457716,0.3710259276755198,True
2012-06-05,0,IWM;XLB;XLE,3,0.7847358491972857,0.7424251194308058,0.47142801454284583,0.36994646332767045,True
2012-06-06,0,IWM;XLB;XLE,3,0.7891101378972674,0.7502124293595969,0.4665345258259319,0.3681471240083374,True
2012-06-07,0,IWM;XLB;XLE,3,0.788999601764842,0.7467991650829289,0.46866683355374933,0.3697779450342977,True
2012-06-08,0,EWZ;IWM;XLB;XLE,4,0.9903255561846358,0.9679750275158879,0.3615795759712977,0.35808149467878014,True
2012-06-11,0,EWZ;IWM;XLB;XLE,4,0.7893013578224648,0.7786032998219082,0.4495228829367359,0.3548090218742346,True
2012-06-12,0,EWZ;IWM;XLB;XLE,4,0.7917617494597435,0.7801077422799457,0.4486559753619272,0.3552286399581271,True
2012-06-13,0,EWZ;IWM;XLB;XLE,4,0.7901518521026336,0.7728592778084611,0.45286381369771306,0.35783118114351,True
2012-06-14,0,EWZ;IWM;XLB;XLE,4,0.7917721920862368,0.7742502539718646,0.4520502230441872,0.3579207960327684,True
2012-06-15,0,EWZ;IWM;XLB;XLE,4,0.9942669843420089,0.9623708526655999,0.3636851625655129,0.3616001498339458,True
2012-06-18,0,EWZ;IWM;XLB;XLE,4,0.9942680815097911,0.9621408576722144,0.36377209969731816,0.36168698767284096,True
2012-06-19,0,EWZ;IWM;XLB;XLE,4,0.9943851315057465,0.968193576533278,0.3614979571060706,0.3594681936159787,True
2012-06-20,0,EWZ;IWM;XLB;XLE,4,0.9943627621794211,0.9667738654441711,0.3620288182275151,0.35998797568126345,True
2012-06-21,0,EWZ;IWM;XLB;XLE,4,0.9941811320787202,0.9591993244172315,0.36488766316911764,0.3627644300510321,True
2012-06-22,0,EWZ;IWM;XLB;XLE,4,0.9942110722790185,0.9583429192973869,0.36521373816441816,0.3630995422314749,True
2012-06-25,0,EWZ;IWM;XLB;XLE,4,0.9941009352666044,0.9569797088762686,0.3657339823965408,0.363576493959181,True
2012-06-26,0,EWZ;IWM;XLB;XLE,4,0.9941280248315678,0.9560190062951426,0.3661015081241469,0.3639517691593163,True
2012-06-27,0,IWM;XLB;XLE,3,0.799390470468016,0.7575928371778566,0.46198958441027616,0.36931007123305387,True
2012-06-28,0,IWM;XLB;XLE,3,0.7995359239183748,0.7575385721845334,0.4620226782521397,0.36940372892756657,True
2012-06-29,0,EWZ;IWM;XLB;XLE,4,1.0,0.9657262250800219,0.3624215547951991,0.3624215547951991,True
2012-07-02,0,EWZ;IWM;XLB;XLE,4,1.0,0.9629121318179457,0.36348072522381847,0.36348072522381847,True
2012-07-03,0,EWZ;IWM;XLB;XLE,4,1.0,0.9626640085393653,0.3635744111084504,0.3635744111084504,True
2012-07-05,0,EWZ;IWM;XLB;XLE,4,1.0000000000000004,0.9614978852401888,0.3640153612117073,0.36401536121170747,True
2012-07-06,0,EWZ;IWM;XLB;XLE,4,0.9999999999999999,0.9619037824001276,0.3638617566579116,0.36386175665791154,True
2012-07-09,0,EWZ;IWM;XLB;XLE,4,1.0,0.9613453444341427,0.3640731210967828,0.3640731210967828,True
2012-07-10,0,EWZ;IWM,2,0.6124350680248634,0.5489278190531772,0.6376065993589111,0.3904926410514765,True
2012-07-11,0,EWZ;IWM,2,0.6117051326289618,0.5482097437854211,0.638441771543915,0.39053810853813986,True
2012-07-12,0,EWZ;IWM,2,0.6105974321415119,0.5472561525473146,0.6395542532886183,0.39051018477321237,True
2012-07-13,0,EWZ;IWM,2,0.613920829396164,0.5508622545687886,0.6353675480524215,0.3900653720717497,True
2012-07-16,0,EWZ;IWM;XLB;XLI,4,1.0,0.9747276197518875,0.3590746716391302,0.3590746716391302,True
2012-07-17,0,EWZ;IWM;XLB;XLI,4,1.0,0.9734468381459614,0.35954711267706635,0.35954711267706635,True
2012-07-18,0,EWZ;IWM;XLB;XLI,4,1.0000000000000002,0.97426097423688,0.35924665901161473,0.3592466590116148,True
2012-07-19,0,EWZ;IWM;XLB;XLI,4,1.0,0.973619772955847,0.35948324974689294,0.35948324974689294,True
2012-07-20,0,EWZ;IWM;XLB;XLI,4,1.0,0.9748915020968301,0.3590143100511267,0.3590143100511267,True
2012-07-23,0,EWZ;IWM;XLB;XLI,4,1.0,0.9744174357754797,0.3591889750222462,0.3591889750222462,True
2012-07-24,0,EWZ;IWM;XLB;XLI,4,1.0,0.9704318423569042,0.3606641751881813,0.3606641751881813,True
2012-07-25,0,EWZ;IWM;XLB;XLI,4,1.0000000000000002,0.9707360469852079,0.3605511519706997,0.36055115197069976,True
2012-07-26,0,EWZ;IWM;XLB;XLI,4,0.9999999999999998,0.9776098125448189,0.35801604639064943,0.3580160463906494,True
2012-07-27,0,EWZ;IWM;XLB;XLI,4,0.9999999999999999,0.984437951891289,0.3555328188308716,0.35553281883087157,True
2012-07-30,0,EWZ;IWM;XLB;XLI,4,1.0,0.9843048839317846,0.3555808832339961,0.3555808832339961,True
2012-07-31,0,EWZ;IWM;XLB;XLI,4,0.7941908361724748,0.7893032892584351,0.4434290402220817,0.352167280237133,True
2012-08-01,0,EWZ;IWM;XLB;XLI,4,0.7934048946192711,0.7867151155596325,0.44488785467281416,0.3529762014540777,True
2012-08-02,0,EWZ;IWM;XLB;XLI,4,0.7920285399501985,0.7852015686127668,0.44574541619721014,0.3530430911801699,True
2012-08-03,0,EWZ;IWM;XLB;XLI,4,0.7958396130157092,0.7899883760021945,0.44304449360534354,0.35259235833961744,True
2012-08-06,0,EWZ;IWM;XLB;XLI,4,0.9972858834487083,0.9821798535621463,0.35635021297843605,0.355383036967335,True
2012-08-07,0,EWZ;IWM;XLB;XLI,4,0.997307638779455,0.9804619411389001,0.3569745905623237,0.35601348601797383,True
2012-08-08,0,EWZ;IWM;XLB;XLI,4,0.9973135187738944,0.9825189677601306,0.3562272195089551,0.35527022177151646,True
2012-08-09,0,EWZ;IWM;XLB;XLI,4,0.9973219537875704,0.9818567139207806,0.3564674916794826,0.3555128552635361,True
2012-08-10,0,EWZ;IWM;XLB;XLI,4,0.9973249792536327,0.9832068108278114,0.3559780059958264,0.3550257574445371,True
2012-08-13,0,EWZ;IWM;XLB;XLI,4,0.9973151452596442,0.9835250622394691,0.35586281777411566,0.3549073778008984,True
2012-08-14,0,EWZ;IWM;XLB;XLI,4,0.9973016312918314,0.9851126667654416,0.3552893103579756,0.35433060880055883,True
2012-08-15,0,EWZ;IWM;XLB;XLI,4,0.9973155550654148,0.9848742730230321,0.35537530991208555,0.3544213244615154,True
2012-08-16,0,EWZ;IWM;XLB;XLI,4,0.9973490774351317,0.9853241523123979,0.3552130526574489,0.3542714103608235,True
2012-08-17,0,EWZ;IWM;XLB;XLI,4,0.997357010821906,0.9845279228022098,0.3555003285268065,0.3545607450057013,True
2012-08-20,0,EWZ;IWM;XLB;XLI,4,0.9973526410397636,0.9876591726183777,0.3543732592207056,0.3534351059976395,True
2012-08-21,0,EWZ;IWM;XLB;XLI,4,0.9973463750706487,0.9872065667091421,0.3545357292007555,0.3535949243514026,True
2012-08-22,0,EWZ;IWM;XLB;XLI,4,0.9973451245345837,0.987729288648574,0.3543481032934391,0.35340735320778854,True
2012-08-23,0,EWZ;IWM;XLB;XLI,4,0.997315624147602,0.9880806045891626,0.35422211343327364,0.35327124814558797,True
2012-08-24,0,EWZ;IWM;XLB;XLI,4,0.9973208091627899,0.9838405269832521,0.3557487117075815,0.35479559301882524,True
2012-08-27,0,EWZ;IWM;XLB;XLI,4,0.9973139718962818,0.9824998496017746,0.3562341512233935,0.3552772962817033,True
2012-08-28,0,EWZ;IWM;XLB;XLI,4,0.9973144975612104,0.9823076296405758,0.3563038598489398,0.35534700496436533,True
2012-08-29,0,EWZ;IWM;XLB;XLI,4,0.9973102474344596,0.9836370023629534,0.35582231977773143,0.35486524578023276,True
2012-08-30,0,EWZ;IWM;XLB;XLI,4,0.9972860759308223,0.9831331094285192,0.35600469218603553,0.35503852248317164,True
2012-08-31,0,EWZ;IWM;XLB;XLI,4,0.9973028663758825,0.9785978877763777,0.35765456309668586,0.35668992094873875,True
2012-09-04,0,EWZ;IWM;XLB;XLI,4,0.9972942915144118,0.9739438724058448,0.35936362445140385,0.358391291243314,True
2012-09-05,0,EWZ;IWM;XLB;XLI,4,0.9973005309729892,0.9745110809426185,0.3591544589328367,0.3581849325950347,True
2012-09-06,0,EWZ;IWM;XLB;XLI,4,0.9973601981299977,0.9770101884898793,0.35823577289503933,0.35729010143184925,True
2012-09-07,0,EWZ;IWM;XLB;XLI,4,0.9973967482115622,0.9786620766556009,0.3576311051063316,0.35670010129236257,True
2012-09-10,0,EWZ;IWM;XLB;XLI,4,0.9973766082669894,0.9782166134010948,0.3577939642459238,0.35685533051799995,True
2012-09-11,0,EWZ;IWM;XLB;XLI,4,0.9973905359901906,0.9793808995612729,0.35736861945825904,0.3564360789075474,True
2012-09-12,0,EWZ;IWM;XLB;XLI,4,0.7908331460239217,0.7883120188502843,0.443986634265019,0.3511193467683773,True
2012-09-13,0,EWZ;IWM;XLB;XLI,4,0.7940587392577415,0.7939792145551084,0.44081758512546954,0.3500350558873725,True
2012-09-14,0,EWZ;IWM;XLB;XLI,4,0.7956241733848408,0.7957794187564554,0.43982037201582347,0.34993171992290273,True
2012-09-17,0,EWZ;IWM;XLB;XLI,4,0.7941817326905101,0.7928792364988975,0.44142914064125155,0.350574959774552,True
2012-09-18,0,EWJ;EWZ;IWM;XLB;XLI,5,0.9941505351175399,0.9488139502318537,0.3688815915011298,0.366723831585858,True
2012-09-19,0,EWJ;EWZ;XLB;XLI,4,0.7902845511461938,0.7635208052986729,0.45840270176146347,0.3622685734057607,True
2012-09-20,0,EWJ;EWZ;XLB;XLI,4,0.7892853173948642,0.7629710325464895,0.45873301222438445,0.3620712311530254,True
2012-09-21,0,EWJ;EWZ;XLB;XLI,4,0.7890579195435501,0.7627882375101729,0.45884294328192526,0.3620536582232751,True
2012-09-24,0,EWJ;EWZ;XLB;XLI,4,0.7888645524585207,0.7618836481218635,0.45938773047930986,0.3623946964094963,True
2012-09-25,0,EWJ;EWZ;XLB;XLI,4,0.9869354450459791,0.9321182173098763,0.37548885270165777,0.3705832579509147,True
2012-09-26,0,EWJ;XLB;XLI,3,0.6025184629778673,0.5538879426925165,0.6318967665167209,0.3807294685223389,True
2012-09-27,0,EWJ;XLB;XLI,3,0.6051809040602449,0.5593415489297636,0.6257357435178651,0.37868332296495116,True
2012-09-28,0,EWJ,1,0.1995003008090522,0.1836285268382372,1.0,0.1995003008090522,False
2012-09-28,1,XLB;XLI,2,0.40335276107194495,0.414346454831494,0.8447037398747327,0.3407135857662714,True
2012-10-01,0,EWJ,1,0.19866032214249477,0.18205721631874333,1.0,0.19866032214249477,False
2012-10-01,1,XLB;XLI,2,0.4045669174690898,0.41566221624611627,0.8420298654058148,0.3406574270641431,True
2012-10-02,0,EWJ,1,0.19832502552178152,0.17443510557769282,1.0,0.19832502552178152,False
2012-10-02,1,USO,1,0.20007948937232664,0.32314241127146753,1.0,0.20007948937232664,False
2012-10-02,2,XLB;XLI,2,0.6015954851058918,0.572412442669796,0.6114472256535177,0.36784389033367965,True
2012-10-03,0,EWJ,1,0.19905118075987016,0.1750995436963348,1.0,0.19905118075987016,False
2012-10-03,1,USO,1,0.19333898482725786,0.3202117467083228,1.0,0.19333898482725786,False
2012-10-03,2,XLB;XLI,2,0.6076098344128719,0.5772235482526391,0.6063508688436461,0.36842475101418876,True
2012-10-04,0,EWJ,1,0.19844800648807326,0.17524946286929913,1.0,0.19844800648807326,False
2012-10-04,1,USO,1,0.19820806897481844,0.3345729625910144,1.0,0.19820806897481844,False
2012-10-04,2,XLB;XLI,2,0.6033439245371083,0.5727791123989577,0.6110558021819318,0.3686768057996176,True
2012-10-05,0,EWJ,1,0.19867901619670403,0.17639780717789358,1.0,0.19867901619670403,False
2012-10-05,1,USO,1,0.19498921403039743,0.3319391404297347,1.0,0.19498921403039743,False
2012-10-05,2,XLB;XLI,2,0.6063317697728986,0.5749143532805513,0.6087863313950073,0.3691264937282851,True
2012-10-08,0,EWJ,1,0.19823046810767608,0.17623424723973538,1.0,0.19823046810767608,False
2012-10-08,1,USO,1,0.1948530840512633,0.3310901866614594,1.0,0.1948530840512633,False
2012-10-08,2,XLB;XLI,2,0.6069164478410606,0.575437102262658,0.6082332867028839,0.3691467858244077,True
2012-10-09,0,EWJ,1,0.1957976718819102,0.1755249742659949,1.0,0.1957976718819102,False
2012-10-09,1,USO,1,0.20133499156235085,0.34529933452959966,1.0,0.20133499156235085,False
2012-10-09,2,XLB;XLI,2,0.6028673365557389,0.5717723842442148,0.6121316972358503,0.369034205933921,True
2012-10-10,0,EWJ,1,0.19616242188411268,0.1877829177382314,1.0,0.19616242188411268,False
2012-10-10,1,USO,1,0.2012743193873728,0.3676030529096659,0.9521139643146771,0.19163609014665,True
2012-10-10,2,XLI,1,0.4003587317222102,0.40035873172221026,0.8742159774920264,0.35,True
2012-10-11,0,USO,1,0.2029776520624687,0.2629160739476458,1.0,0.2029776520624687,False
2012-10-11,1,XLI,1,0.39965580663875205,0.2816391772031039,1.0,0.39965580663875205,False
2012-10-12,0,USO,1,0.20151846398692558,0.2617009530982743,1.0,0.20151846398692558,False
2012-10-12,1,XLI,1,0.4006066789401762,0.2809674825297922,1.0,0.4006066789401762,False
2012-10-15,0,USO,1,0.20096628604983735,0.2607696305965211,1.0,0.20096628604983735,False
2012-10-15,1,XLI,1,0.4022490682328455,0.28254819653964125,1.0,0.4022490682328455,False
2012-10-16,0,EWJ,1,0.19447602864390515,0.18333301490540763,1.0,0.19447602864390515,False
2012-10-16,1,IWM;XLI,2,0.6047223127082721,0.5815538484514136,0.6018359278886984,0.3639436141837826,True
2012-10-16,2,USO,1,0.20080165864782257,0.36030824300116343,0.9713904880018797,0.19505682118549522,True
2012-10-17,0,EWJ,1,0.19454866149023617,0.18356305755233446,1.0,0.19454866149023617,False
2012-10-17,1,IWM;XLI,2,0.6058420415427487,0.5825296170078308,0.6008278202193023,0.36400675321734166,True
2012-10-17,2,USO,1,0.1996092969670151,0.3580145326609496,0.9776139459999529,0.19514083246620006,True
2012-10-18,0,EWJ,1,0.19558530867544424,0.18552954059666554,1.0,0.19558530867544424,False
2012-10-18,1,IWM;XLI,2,0.6052174167072274,0.5814264697738118,0.6019677778621911,0.36432138345874543,True
2012-10-18,2,USO,1,0.19919727461732836,0.35848104415400056,0.9763417221292259,0.1944846101433307,True
2012-10-19,0,EWJ;IWM;XLI,3,0.801564661668968,0.7260591781447835,0.48205437040864246,0.3863977483226509,True
2012-10-19,1,USO,1,0.19843533833103202,0.35339076665037256,0.990405050243638,0.1965313612298591,True
2012-10-22,0,EWJ;IWM;XLI,3,0.8039921528355756,0.7279867376333525,0.4807779893598501,0.3865417307013853,True
2012-10-22,1,USO,1,0.19600784716442446,0.349525994752608,1.0,0.19600784716442446,False
2012-10-23,0,EWJ;IWM;XLI,3,0.8066882167634365,0.7338136479953421,0.47696033040015307,0.38475827839739896,True
2012-10-23,1,USO,1,0.19331178323656364,0.34595087910242184,1.0,0.19331178323656364,False
2012-10-24,0,EWJ,1,0.19972625604842417,0.19370687817039955,1.0,0.19972625604842417,False
2012-10-24,1,IWM;XLI,2,0.6081066795256026,0.5854154718703463,0.5978659888878296,0.36356630130386886,True
2012-10-24,2,USO,1,0.19216706442597328,0.3416526876719725,1.0,0.19216706442597328,False
2012-10-25,0,EWJ,1,0.20015773381059265,0.19435100060299615,1.0,0.20015773381059265,False
2012-10-25,1,IWM;XLI,2,0.6078238314965441,0.5853480164492064,0.597934886878311,0.36343907392782765,True
2012-10-25,2,USO,1,0.1920184346928635,0.34122161041037813,1.0,0.1920184346928635,False
2012-10-26,0,EWJ,1,0.19939686787797062,0.19322265526416654,1.0,0.19939686787797062,False
2012-10-26,1,IWM;XLI,2,0.6082053842839348,0.5854462217905526,0.5978345866329886,0.3636062145013441,True
2012-10-26,2,USO,1,0.19239774783809463,0.3417258372452007,1.0,0.19239774783809463,False
2012-10-31,0,EWJ,1,0.1977396411988382,0.19186889214505498,1.0,0.1977396411988382,False
2012-10-31,1,IWM;XLI,2,0.6102585187096101,0.5870250936742342,0.5962266413677884,0.36385238697631245,True
2012-10-31,2,USO,1,0.1920018400915517,0.34157712183858197,1.0,0.1920018400915517,False
2012-11-01,0,EWJ,1,0.1971293524315732,0.19045437793663395,1.0,0.1971293524315732,False
2012-11-01,1,IWM;XLI,2,0.6116742309399815,0.5893120917591709,0.5939128093489578,0.36328116090392765,True
2012-11-01,2,USO,1,0.19119641662844536,0.33790224428832466,1.0,0.19119641662844536,False
2012-11-02,0,EWJ,1,0.1980648878427178,0.18976630543503528,1.0,0.1980648878427178,False
2012-11-02,1,IWM;XLI,2,0.6126374722427882,0.5895264694229299,0.5936968366197445,0.3637209292652599,True
2012-11-02,2,USO,1,0.18929763991449391,0.3340325359392005,1.0,0.18929763991449391,False
2012-11-05,0,EWJ,1,0.1970517816970838,0.18884848571717616,1.0,0.1970517816970838,False
2012-11-05,1,IWM;XLI,2,0.6130569361760252,0.5898235195138356,0.5933978358280607,0.36378665916623487,True
2012-11-05,2,USO,1,0.18989128212689108,0.3359624267846137,1.0,0.18989128212689108,False
2012-11-06,0,EWJ,1,0.195125992254383,0.18527708504205986,1.0,0.195125992254383,False
2012-11-06,1,IWM;XLI,2,0.6116130384147831,0.5886531336879978,0.5945776552775638,0.3636514463178483,True
2012-11-06,2,USO,1,0.193260969330834,0.34477630325329717,1.0,0.193260969330834,False
2012-11-07,0,EWJ,1,0.1976911579508623,0.18398486558688984,1.0,0.1976911579508623,False
2012-11-07,1,IWM;XLI,2,0.6123290810921124,0.5905654027992631,0.5926523943681936,0.3628982960505162,True
2012-11-07,2,USO,1,0.18997976095702546,0.3382444373689634,1.0,0.18997976095702546,False
2012-11-08,0,EWJ;IWM;XLI,3,0.8080460662138521,0.7368400029018244,0.4750013552760836,0.38382297657708775,True
2012-11-08,1,USO,1,0.1919539337861479,0.34616959358004956,1.0,0.1919539337861479,False
2012-11-09,0,EWJ;IWM;XLI,3,0.8062228902212457,0.7343963488302567,0.4765818900890213,0.3842312288546748,True
2012-11-09,1,USO,1,0.1937771097787543,0.3499590445478065,1.0,0.1937771097787543,False
2012-11-12,0,EWJ;IWM;XLI,3,0.8066366306388549,0.7365923819030699,0.47516103695742185,0.3832822978621992,True
2012-11-12,1,USO,1,0.19336336936114515,0.35399461846302593,0.9887155955071583,0.19118137888717524,True
2012-11-13,0,EWJ;IWM;XLI,3,0.8071326728976906,0.7372886365518624,0.47471232112958284,0.38315582461078707,True
2012-11-13,1,USO,1,0.19286732710230917,0.35183053849399415,0.9947971017472509,0.19186385802311617,True
2012-11-14,0,EWJ;IWM;XLI,3,0.8022385372537619,0.7335126303847743,0.4771560645334799,0.38279298325310057,True
2012-11-14,1,USO,1,0.19776146274623815,0.3549781557071276,0.985976163245282,0.19498808827631067,True
2012-11-15,0,EWJ;IWM;XLI,3,0.8040575381607328,0.7346221810997888,0.4764353827106359,0.38308146091498047,True
2012-11-15,1,USO,1,0.19594246183926708,0.3517251749817184,0.9950951052002232,0.1949813846771362,True
2012-11-16,0,EWJ;IWM;XLI,3,0.8031143276320495,0.734232755146816,0.47668807683472875,0.3828350243173379,True
2012-11-16,1,USO,1,0.19688567236795043,0.3541388374516913,0.9883129523960898,0.19458466014245834,True
2012-11-19,0,EWJ;IWM;XLI,3,0.8023561017599343,0.7330296908441613,0.4774704276943243,0.38310131107046663,True
2012-11-19,1,USO,1,0.1976438982400656,0.35507932054801533,0.9856952510211631,0.19481665188854266,True
2012-11-20,0,EWJ;IWM;XLI,3,0.8059141242439938,0.7361769543824278,0.4754291721799575,0.38315508493745737,True
2012-11-20,1,USO,1,0.1940858757560062,0.35000404126015966,0.9999884536757201,0.19408363477754656,True
2012-11-21,0,EWJ;IWM;XLI,3,0.8054374319753159,0.7358467907526859,0.4756424902553296,0.3831002658895969,True
2012-11-21,1,USO,1,0.19456256802468408,0.350337183110416,0.9990375468929036,0.19437531067656405,True
2012-11-23,0,EWJ;IWM;XLI,3,0.8063277584547062,0.7342644620879851,0.476667492533583,0.38435023078282937,True
2012-11-23,1,USO,1,0.1936722415452939,0.3537360360626682,0.9894383504031624,0.1916267431934584,True
2012-11-26,0,EWJ;IWM;XLI,3,0.80714358174933,0.7365203974584389,0.4752074772236707,0.3835606652403767,True
2012-11-26,1,USO,1,0.19285641825067018,0.3528408032067276,0.9919487678836758,0.19130368646221113,True
2012-11-27,0,EWJ;IWM;XLI,3,0.8077337534212589,0.7378317559309038,0.47436288447413566,0.3831589131600286,True
2012-11-27,1,USO,1,0.1922662465787413,0.35291184201640297,0.9917490951854553,0.19067987607917034,True
2012-11-28,0,EWJ;IWM;XLI,3,0.8096756459269987,0.7392178333833497,0.47347342582101115,0.3833599018808961,True
2012-11-28,1,USO,1,0.19032435407300133,0.3571297723687374,0.9800359059356835,0.18652470076555763,True
2012-11-29,0,EWJ;IWM;XLI,3,0.8091677148243003,0.7400105884816612,0.47296620541352374,0.38270898362358163,True
2012-11-29,1,USO,1,0.19083228517569986,0.35740897894289525,0.9792703055060096,0.18687639020441754,True
2012-11-30,0,EWJ;IWM;XLI,3,0.8069319881516558,0.7407123688994846,0.4725180983814452,0.38128996856457925,True
2012-11-30,1,USO,1,0.1930680118483442,0.363686655953451,0.9623669009313258,0.1858022642314635,True
2012-12-03,0,EWJ;IWM;XLI,3,0.8056773580155316,0.7434862334469236,0.470755185845665,0.379276794404246,True
2012-12-03,1,USO,1,0.19432264198446822,0.3650244223606275,0.9588399530544724,0.18632431291780857,True
2012-12-04,0,EWJ;IWM;XLI,3,0.80702663412789,0.7440288418190739,0.470411871593964,0.379634909386278,True
2012-12-04,1,USO,1,0.19297336587210995,0.3632526501975338,0.9635167143575495,0.18593306344361266,True
2012-12-05,0,EWJ;IWM;XLI,3,0.8086711468793437,0.74530518946093,0.46960628337117927,0.3797570517555176,True
2012-12-05,1,USO,1,0.19132885312065614,0.3611323808737474,0.9691736840467947,0.1854308894433944,True
2012-12-06,0,EWJ;IWM;XLI,3,0.8116108272037591,0.7481105633525338,0.4678452853700299,0.3797082990625487,True
2012-12-06,1,USO,1,0.18838917279624073,0.35649469992192334,0.9817817770549021,0.18495705684579625,True
2012-12-07,0,EWJ;IWM;XLI,3,0.8128830724487042,0.7485585621445932,0.46756528840878214,0.3800759082120953,True
2012-12-07,1,USO,1,0.18711692755129575,0.3556794374395105,0.9840321456860254,0.1841290717124781,True
2012-12-10,0,EWJ;IWM;XLI,3,0.8139909979383992,0.7493388721033307,0.4670783980785351,0.38019761136741564,True
2012-12-10,1,USO,1,0.18600900206160087,0.35298008976455025,0.9915573431732705,0.18443859189051234,True
2012-12-11,0,EWJ;IWM;XLI,3,0.814120132065439,0.7499906756773808,0.46667246853953886,0.3799274517187138,True
2012-12-11,1,USO,1,0.1858798679345611,0.35496062278563933,0.9860248645421296,0.18328217160128454,True
2012-12-12,0,EWJ;IWM;XLI,3,0.812702577735751,0.748574324127215,0.4675554433530369,0.379983514047395,True
2012-12-12,1,USO,1,0.187297422264249,0.35151119440757744,0.9957008640645872,0.1864922051855826,True
2012-12-13,0,EWJ;IWM;XLI,3,0.8130178732145623,0.7494437230891232,0.46701305143678984,0.37968995784258186,True
2012-12-13,1,USO,1,0.18698212678543766,0.35329399273075246,0.9906763409553276,0.18523876918784254,True
2012-12-14,0,EWJ;IWM;XLI,3,0.8119253945871743,0.7472650250654254,0.4683746572634741,0.38028527841327875,True
2012-12-14,1,USO,1,0.18807460541282583,0.35354268567668257,0.9899794683351973,0.18618999787394136,True
2012-12-17,0,EWJ;IWM;XLI,3,0.8125691497752059,0.7469972607932837,0.4685425481056153,0.3807232199476883,True
2012-12-17,1,USO,1,0.1874308502247941,0.3560200547306184,0.9830906864637907,0.18426152321198477,True
2012-12-18,0,EWJ;IWM;XLI,3,0.8138185481198106,0.7500433158907092,0.4666397161134083,0.3797600562624545,True
2012-12-18,1,USO,1,0.1861814518801895,0.3516172147833714,0.9954006382071829,0.18532513602388054,True
2012-12-19,0,EWJ;IWM;XLI,3,0.8117735608554115,0.7411055300823667,0.4722674245341293,0.38337420889008444,True
2012-12-19,1,USO,1,0.18822643914458842,0.35457364581232964,0.9871009989988077,0.1857985061176115,True
2012-12-20,0,EWJ;IWM;XLI,3,0.8125924655531579,0.7434873075173567,0.47075450577457134,0.3825315645176172,True
2012-12-20,1,USO,1,0.18740753444684224,0.35027918614011927,0.9992029610917058,0.18725816335018064,True
2012-12-21,0,EWJ,1,0.20502843633606,0.20933854790146506,1.0,0.20502843633606,False
2012-12-21,1,IWM;XLI,2,0.6084204441203822,0.568207530250365,0.6159721252651864,0.37477003401962045,True
2012-12-21,2,USO,1,0.18655111954355771,0.32915139195761023,1.0,0.18655111954355771,False
2012-12-24,0,EWJ,1,0.20565701205701936,0.2104313976025517,1.0,0.20565701205701936,False
2012-12-24,1,IWM;XLI,2,0.4013883678697603,0.37460680615884967,0.9343129762879553,0.3750223606317604,True
2012-12-24,2,USO,1,0.1864291487404951,0.3290290858973567,1.0,0.1864291487404951,False
2012-12-26,0,EWJ,1,0.20484607206050395,0.20939985754263185,1.0,0.20484607206050395,False
2012-12-26,1,IWM;XLI,2,0.39809975607694825,0.37195395871792286,0.9409766768080777,0.37460258551139314,True
2012-12-26,2,USO,1,0.19113163420439236,0.3309026173150571,1.0,0.19113163420439236,False
2012-12-27,0,EWJ,1,0.20506085025471454,0.20873586278426845,1.0,0.20506085025471454,False
2012-12-27,1,IWM;XLI,2,0.3976461602814804,0.3731905669747122,0.9378586464210291,0.3729358896361088,True
2012-12-27,2,USO,1,0.19136619743688138,0.3322093689718094,1.0,0.19136619743688138,False
2012-12-28,0,EWJ;IWM;XLI,3,0.6012105190432155,0.5407112677236269,0.6472955547486299,0.3891608964447899,True
2012-12-28,1,USO,1,0.1916360751070417,0.32710474997866784,1.0,0.1916360751070417,False
2012-12-31,0,EWJ;IWM;XLI;XLK,4,0.8040228196476067,0.7192844750954221,0.4865946814069191,0.39123322777031994,True
2012-12-31,1,USO,1,0.1913831147525923,0.3181542745381115,1.0,0.1913831147525923,False
2013-01-02,0,EWJ,1,0.20419734180446375,0.20419734180446375,1.0,0.20419734180446375,False
2013-01-02,1,IWM;XLK,2,0.40194849450915193,0.3922157838252686,0.8923659231315492,0.35868513935399576,True
2013-01-03,0,EWJ,1,0.20308617306300605,0.20308617306300605,1.0,0.20308617306300605,False
2013-01-03,1,IWM;XLK,2,0.4016418699838289,0.3901694463830699,0.8970461507033757,0.3602912934302994,True
2013-01-04,0,EWJ,1,0.2022967607292621,0.20211924334585715,1.0,0.2022967607292621,False
2013-01-04,1,IWM;XLK,2,0.4023703462617393,0.3938699462340392,0.8886181932551627,0.35755361011456094,True
2013-01-07,0,EWJ,1,0.20102963017830197,0.20102963017830194,1.0,0.20102963017830197,False
2013-01-07,1,IWM;XLK,2,0.4024947384969487,0.3912923425070637,0.8944718870742575,0.3600202282808255,True
2013-01-08,0,EWJ,1,0.19914324368569503,0.19693202328453313,1.0,0.19914324368569503,False
2013-01-08,1,IWM;XLE;XLK,3,0.8008567563143051,0.7657451866312538,0.4570711068257008,0.36604848401741996,True
2013-01-09,0,EWJ,1,0.20102018917136294,0.19951497009852937,1.0,0.20102018917136294,False
2013-01-09,1,IWM;XLE;XLK,3,0.7989798108286371,0.7604652127116669,0.4602445899556272,0.3677261354176507,True
2013-01-10,0,EWJ,1,0.2014714340662899,0.20145913875639354,1.0,0.2014714340662899,False
2013-01-10,1,IWM;XLE;XLK,3,0.79852856593371,0.7593292557501979,0.4609331161015374,0.36806826019191696,True
2013-01-11,0,EWJ,1,0.2018638414095763,0.20197965664561296,1.0,0.2018638414095763,False
2013-01-11,1,IWM;XLE;XLK,3,0.7981361585904236,0.7604727165720853,0.46024004855514555,0.3673342243832739,True
2013-01-14,0,EWJ,1,0.20333347657043765,0.20091596249550456,1.0,0.20333347657043765,False
2013-01-14,1,IWM;XLE;XLK,3,0.7966665234295623,0.7691813173833045,0.4550292526483521,0.36250657276611464,True
2013-01-15,0,EWJ,1,0.20300831468808408,0.1998620620600315,1.0,0.20300831468808408,False
2013-01-15,1,IWM;XLE;XLK,3,0.7969916853119159,0.7684951463932274,0.4554355374170578,0.362978336516959,True
2013-01-16,0,XLE;XLK,2,0.59707536828989,0.5505441246402603,0.6357346928889651,0.379581525891339,True
2013-01-17,0,XLE;XLK,2,0.5982366147797911,0.5516170900918103,0.6344981079932577,0.37958000021006877,True
2013-01-18,0,XLE;XLK,2,0.5988153416740651,0.5524513424078586,0.6335399575182953,0.3793734461254907,True
2013-01-22,0,XLE;XLK,2,0.600018039249038,0.5508541168614073,0.6353769342674416,0.38123762228321517,True
2013-01-23,0,QQQ;XLE;XLK,3,1.0,0.9664700535394259,0.36214262275196524,0.36214262275196524,True
2013-01-24,0,QQQ;XLE;XLK,3,0.9999999999999999,0.960698852965027,0.3643181200016914,0.36431812000169134,True
2013-01-25,0,QQQ;XLE;XLK,3,0.8014771669099336,0.7668200334885337,0.4564304331066144,0.3658185704177633,True
2013-01-28,0,QQQ;XLE;XLK,3,0.6034375025037813,0.5733009637028916,0.6104995842661526,0.36839834440916386,True
2013-01-29,0,QQQ;XLE;XLK,3,0.6048698444345602,0.5733872822918515,0.6104076787351059,0.3692171976781645,True
2013-01-30,0,QQQ;XLE;XLK,3,0.9999999999999999,0.9582488672490874,0.36524958386308315,0.3652495838630831,True
2013-01-31,0,QQQ;XLK,2,0.7928296339327395,0.7874752855609378,0.444458393066503,0.3523797850732492,True
2013-01-31,1,XLE,1,0.20717036606726047,0.22361937112465682,1.0,0.20717036606726047,False
2013-02-01,0,QQQ;XLE;XLK,3,1.0,0.956463411024312,0.3659314051806457,0.3659314051806457,True
2013-02-04,0,QQQ;XLE;XLK,3,1.0,0.9573684072916911,0.3655854917858825,0.3655854917858825,True
2013-02-05,0,QQQ;XLE;XLK,3,1.0000000000000004,0.9568719736743702,0.3657751607626323,0.36577516076263245,True
2013-02-06,0,QQQ;XLE;XLK,3,0.9999999999999998,0.9564621138968776,0.36593190144668475,0.3659319014466847,True
2013-02-07,0,QQQ;XLE;XLK,3,1.0,0.9563627163761744,0.3659699337989787,0.3659699337989787,True
2013-02-08,0,QQQ;XLE;XLK,3,1.0,0.9559526777273637,0.3661269099973372,0.3661269099973372,True
2013-02-11,0,QQQ;XLE;XLK,3,1.0,0.954995730618026,0.3664937850282297,0.3664937850282297,True
2013-02-12,0,QQQ;XLE;XLK,3,1.0,0.9543913915310126,0.3667258559808865,0.3667258559808865,True
2013-02-13,0,QQQ;XLE;XLK,3,0.9999999999999999,0.9539040374235802,0.3669132179640653,0.36691321796406523,True
2013-02-14,0,QQQ;XLE;XLK,3,1.0000000000000002,0.9528978826514383,0.36730063774108196,0.367300637741082,True
2013-02-15,0,QQQ;XLE;XLK,3,1.0,0.9537886998250469,0.36695758721423344,0.36695758721423344,True
2013-02-19,0,QQQ;XLE;XLK,3,1.0,0.9534133420387646,0.36710205801354245,0.36710205801354245,True
2013-02-20,0,XLE,1,0.20704639522955665,0.21677243803006488,1.0,0.20704639522955665,False
2013-02-20,1,XLK,1,0.5957052042362203,0.5677218418286633,0.6164990920071539,0.367251717515566,True
2013-02-21,0,QQQ;XLE;XLK,3,1.0,0.9533204887457608,0.3671378137067825,0.3671378137067825,True
2013-02-22,0,QQQ;XLE;XLK,3,1.0,0.955173052207383,0.3664257478696222,0.3664257478696222,True
2013-02-25,0,QQQ;XLE;XLK,3,1.0,0.9618658815592629,0.36387609406897925,0.36387609406897925,True
2013-02-26,0,QQQ;XLE;XLK,3,0.9999999999999999,0.9618123817314684,0.36389633430370794,0.3638963343037079,True
2013-02-27,0,QQQ;XLE;XLK,3,1.0,0.9608580760840705,0.3642577491011031,0.3642577491011031,True
2013-02-28,0,QQQ;XLE;XLK,3,1.0,0.9607558561683509,0.36429650441669575,0.36429650441669575,True
2013-03-01,0,QQQ;XLE;XLK,3,1.0,0.96005525290918,0.36456235090576555,0.36456235090576555,True
2013-03-04,0,QQQ;XLE;XLK,3,0.9999999999999999,0.9579160410058524,0.3653764891884316,0.3653764891884315,True
2013-03-05,0,QQQ;XLE;XLK,3,1.0,0.955385795568809,0.3663441529310368,0.3663441529310368,True
2013-03-06,0,QQQ;XLE;XLK,3,1.0,0.9579490224231364,0.3653639095686672,0.3653639095686672,True
2013-03-07,0,QQQ;XLE;XLK,3,1.0,0.9576063176179711,0.36549466472884057,0.36549466472884057,True
2013-03-08,0,QQQ;XLE;XLK,3,1.0,0.9568445118717515,0.3657856586493245,0.3657856586493245,True
2013-03-11,0,QQQ;XLE;XLK,3,1.0,0.95499506034999,0.3664940422537167,0.3664940422537167,True
2013-03-12,0,QQQ;XLE;XLK,3,0.9999999999999999,0.955658530464149,0.3662396021620926,0.36623960216209256,True
2013-03-13,0,QQQ;XLE;XLK,3,0.9999999999999999,0.9556375928549588,0.3662476263144673,0.3662476263144672,True
2013-03-14,0,QQQ;XLE;XLK,3,1.0,0.959457108089132,0.36478962639305973,0.36478962639305973,True
2013-03-15,0,QQQ;XLE;XLK,3,1.0,0.9596664021152537,0.36471006927880945,0.36471006927880945,True
2013-03-18,0,QQQ;XLE;XLK,3,0.800970974712649,0.7674870948718497,0.45603372661066155,0.3652697785051833,True
2013-03-19,0,QQQ;XLE;XLK,3,0.8003145031589333,0.767525043740763,0.45601117885895975,0.36495236004342785,True
2013-03-20,0,QQQ;XLE;XLK,3,0.8012938396654491,0.7679272500181058,0.4557723404030106,0.3652075686548365,True
2013-03-21,0,QQQ;XLK,2,0.9948664489060004,0.9883548065838131,0.35412384061727104,0.3523059277878589,True
2013-03-22,0,QQQ;XLK,2,0.9949053547450484,0.9881069681556215,0.3542126624744912,0.35240807461437174,True
2013-03-25,0,QQQ;XLK,2,0.9948908875141254,0.987977133311104,0.35425921127041765,0.3524492611108799,True
2013-03-26,0,QQQ;XLK,2,0.994920983444151,0.9881715667809688,0.35418950692959833,0.3523905725599949,True
2013-03-27,0,QQQ;XLK,2,0.9949155466667977,0.988006772054392,0.35424858401753107,0.35244742362374093,True
2013-03-28,0,QQQ;XLK,2,0.9949265441800516,0.9880691351685844,0.35422622521275593,0.3524290741088719,True
2013-04-01,0,QQQ;XLK,2,0.9948925506260078,0.9880956001271787,0.3542167376870732,0.35240759363191576,True
2013-04-02,0,QQQ;XLK,2,0.9949205362967457,0.9877474811091361,0.3543415768643489,0.3525417116861126,True
2013-04-03,0,QQQ;XLK,2,0.7950519564712814,0.7900628761989523,0.4430027160418857,0.3522101761111927,True
2013-04-04,0,QQQ;XLK,2,0.7951029901621571,0.790075213692802,0.4429957982912845,0.35222728385067215,True
2013-04-05,0,QQQ;XLK;XLY,3,0.9939897618279914,0.9388662044603175,0.3727900720435328,0.3705495149223909,True
2013-04-08,0,QQQ;XLK;XLY,3,0.9940263366581972,0.9389271103452123,0.37276589007139926,0.37053911213880525,True
2013-04-09,0,QQQ;XLK;XLY,3,0.9940556582109007,0.9378860925717272,0.3731796459848165,0.3709613386203477,True
2013-04-10,0,QQQ;XLK;XLY,3,0.9941554927177401,0.938698283768887,0.3728567592504218,0.37067759520574284,True
2013-04-11,0,QQQ;XLK;XLY,3,0.9941566092945059,0.9365294131112896,0.37372024316593333,0.3715364497705625,True
2013-04-12,0,QQQ;XLK;XLY,3,0.9941513155620076,0.9357363062423445,0.37403699916860356,0.37184937479233277,True
2013-04-15,0,QQQ;XLK;XLY,3,0.9940341430817126,0.946243035381644,0.3698838320736871,0.3676771580551476,True
2013-04-16,0,QQQ;XLK;XLY,3,0.994111028989703,0.949534121382162,0.3686018144250915,0.36643112902559927,True
2013-04-17,0,QQQ;XLK;XLY,3,0.9940033416319307,0.944378348285968,0.3706141724185487,0.36839172584019,True
2013-04-18,0,QQQ;XLK;XLY,3,0.9939316589074021,0.9485075607403323,0.3690007486359063,0.36676152622975966,True
2013-04-19,0,QQQ;XLK;XLY,3,0.9939820533242818,0.9523405380762651,0.3675155955316179,0.3653039062752138,True
2013-04-22,0,QQQ;XLK;XLY,3,0.9940300940393463,0.9532002064671843,0.36718414203579947,0.3649920872376024,True
2013-04-23,0,QQQ;XLK;XLY,3,0.9940899108892283,0.9527543751591367,0.3673559619619067,0.36518485549133856,True
2013-04-24,0,QQQ;XLK;XLY,3,0.9940936714697248,0.9525628079933501,0.36742983986253147,0.36525967851647695,True
2013-04-25,0,QQQ;XLK;XLY,3,0.9941239654996613,0.9532372977572452,0.36716985458235,0.3650123518493398,True
2013-04-26,0,QQQ;XLK;XLY,3,0.9941105554843388,0.9561952758665508,0.36603401923609474,0.3638782821889593,True
2013-04-29,0,QQQ;XLK;XLY,3,0.9941689290611002,0.9547775753484332,0.366577524479743,0.3644399849298954,True
2013-04-30,0,QQQ;XLK;XLY,3,0.9942136484071822,0.9523707791296193,0.36750392564529155,0.36537741871976714,True
2013-05-01,0,QQQ;XLK;XLY,3,0.9941763901115995,0.951139896536499,0.36797951728709666,0.3658365481314947,True
2013-05-02,0,QQQ;XLK;XLY,3,0.9942456944635361,0.9559825786935592,0.36611545837823545,0.3640087181691045,True
2013-05-03,0,QQQ;XLK;XLY,3,0.9943078589381559,0.9546354137896086,0.36663211414984886,0.3645451924383058,True
2013-05-06,0,QQQ;XLK;XLY,3,0.9943310905227319,0.9549974594251304,0.3664931215740466,0.36441550524380195,True
2013-05-07,0,QQQ;XLK;XLY,3,0.9943379611957278,0.9547402918321866,0.36659183968064796,0.3645161824590466,True
2013-05-08,0,QQQ;XLK;XLY,3,0.9943673727168543,0.9534056918978903,0.36710500364569354,0.3650372379863795,True
2013-05-09,0,QQQ;XLK;XLY,3,0.9943599269335395,0.9493781319277773,0.3686623782762944,0.36658309552596097,True
2013-05-10,0,QQQ;XLK;XLY,3,0.9943885931868246,0.9510295346413025,0.3680222193435966,0.365957096954572,True
2013-05-13,0,QQQ;XLK;XLY,3,0.9943859210885821,0.950187711381192,0.3683482703551705,0.3662803340985123,True
2013-05-14,0,QQQ;XLK;XLY,3,0.9944159708145239,0.9567254498158039,0.36583117974690094,0.3637883677622371,True
2013-05-15,0,QQQ;XLK;XLY,3,0.994433522216017,0.9580611818044152,0.3653211367366006,0.3632875847449369,True
2013-05-16,0,QQQ;XLK;XLY,3,0.9944297246344059,0.9576586570801494,0.3654746891414645,0.3634388944837917,True
2013-05-17,0,QQQ;XLK;XLY,3,0.9944835039107845,0.9588305366715256,0.36502800715440953,0.3630143315804881,True
2013-05-20,0,QQQ;XLK;XLY,3,0.79472994695427,0.7542168259953884,0.46405753350580914,0.3688004189868011,True
2013-05-21,0,QQQ;XLK;XLY,3,0.7947073499969187,0.7532621704279463,0.46464566221499826,0.3692573229064447,True
2013-05-22,0,QQQ;XLK;XLY,3,0.7930589753394837,0.750097442284494,0.4666060437881794,0.3700461109738638,True
2013-05-23,0,QQQ;XLK;XLY,3,0.7928511564575257,0.7502634640361339,0.4665027910557343,0.3698672773792024,True
2013-05-24,0,EEM,1,0.20004000800160032,0.2002815130335206,1.0,0.20004000800160032,False
2013-05-24,1,QQQ;XLK;XLY,3,0.7927340823000112,0.7494190182424811,0.4670284466770156,0.37022936708450366,True
2013-05-28,0,EEM,1,0.19989103403619166,0.2002391571663498,1.0,0.19989103403619166,False
2013-05-28,1,QQQ;XLK;XLY,3,0.7929275133061422,0.7494487382959013,0.4670099262503677,0.37030501951098893,True
2013-05-29,0,EEM,1,0.1986498501143545,0.19996305400865083,1.0,0.1986498501143545,False
2013-05-29,1,QQQ;XLK;XLY,3,0.7941214414616777,0.748326857871798,0.4677100605414344,0.3714185874632924,True
2013-05-30,0,EEM,1,0.19794902455639518,0.19912233552875847,1.0,0.19794902455639518,False
2013-05-30,1,QQQ;XLK;XLY,3,0.7948477694985548,0.7495849650144806,0.46692505364383696,0.37113433741179686,True
2013-05-31,0,EEM,1,0.19660235321644856,0.19888484639606333,1.0,0.19660235321644856,False
2013-05-31,1,QQQ;XLK;XLY,3,0.7961114766509868,0.7476825874714661,0.46811308149309694,0.37267019654711314,True
2013-06-03,0,EEM,1,0.19829105316476506,0.2024281837653597,1.0,0.19829105316476506,False
2013-06-03,1,QQQ;XLK;XLY,3,0.7944674067257746,0.7427304949533777,0.47123418572165937,0.3743802014908188,True
2013-06-04,0,EEM,1,0.19703443639009635,0.20209044258792477,1.0,0.19703443639009635,False
2013-06-04,1,QQQ;XLK;XLY,3,0.795681058440538,0.7439920404010075,0.4704351404234808,0.37431633045977836,True
2013-06-05,0,EEM;QQQ;XLK;XLY,4,0.9926172290933235,0.9066268240341347,0.38604637621754545,0.3831962842625787,True
2013-06-06,0,EEM;QQQ;XLK;XLY,4,0.9926582697788529,0.9056225090466516,0.3864744929633483,0.38363710149865676,True
2013-06-07,0,EEM,1,0.19389903540127276,0.1998490671880945,1.0,0.19389903540127276,False
2013-06-07,1,QQQ;XLK;XLY,3,0.7988249110299119,0.743616885097066,0.470672475322173,0.37598489822346326,True
2013-06-10,0,EEM,1,0.19171277162786884,0.19998564789288992,1.0,0.19171277162786884,False
2013-06-10,1,QQQ;XLK;XLY,3,0.8009946425177696,0.7438933994392934,0.4704975205638483,0.3768659932895366,True
2013-06-11,0,EEM;XLK;XLY,3,0.7931410832650241,0.7207737074122246,0.48558929994352323,0.3851408233791107,True
2013-06-12,0,EEM;XLK;XLY,3,0.791847640734086,0.7139291814793063,0.4902447036480256,0.3881991119660702,True
2013-06-13,0,XLK;XLY,2,0.602628429558668,0.5595613265654701,0.6254899747061935,0.3769380411618844,True
2013-06-14,0,XLK;XLY,2,0.6011605422776244,0.5585903715352107,0.6265772162131472,0.37667349907749986,True
2013-06-17,0,EEM;EWZ;XLK;XLY,4,1.0,0.8839107152172465,0.39596759488765493,0.39596759488765493,True
2013-06-18,0,EEM;EWZ,2,0.3945572677949615,0.40903115378609745,0.8556805435486028,0.33761497736784424,True
2013-06-18,1,XLY,1,0.20432068381802235,0.1864235708843868,1.0,0.20432068381802235,False
2013-06-19,0,EEM;EWZ;XLY,3,0.5925476225074487,0.5399954546577744,0.6481536038517486,0.3840618769819884,True
2013-06-20,0,EEM;EWZ;XLY,3,0.5841348209874655,0.5208964737253837,0.671918543615482,0.3924910181929881,True
2013-06-21,0,EWZ,1,0.1909634698473393,0.21823324601052782,1.0,0.1909634698473393,False
2013-06-21,1,XLY,1,0.2037478222554667,0.17465242766986666,1.0,0.2037478222554667,False
2013-06-24,0,DBA,1,0.20004000800160032,0.13655504292220852,1.0,0.20004000800160032,False
2013-06-24,1,DBC,1,0.20008002400640162,0.17443213511961458,1.0,0.20008002400640162,False
2013-06-24,2,EEM;EWZ;XLY,3,0.5916379515978812,0.6367925679903961,0.5496295302323293,0.32518168940436104,True
2013-06-25,0,DBA,1,0.19851101594793744,0.1382458548216032,1.0,0.19851101594793744,False
2013-06-25,1,DBC,1,0.19831438448556216,0.1760040282406158,1.0,0.19831438448556216,False
2013-06-25,2,EEM;EWZ;XLY,3,0.5950117639170831,0.6482869261747275,0.5398844028294769,0.3212375708388881,True
2013-06-26,0,DBA,1,0.19704960612281341,0.13619719309493147,1.0,0.19704960612281341,False
2013-06-26,1,DBC,1,0.19600042201168638,0.171962418838919,1.0,0.19600042201168638,False
2013-06-26,2,EEM;EWZ;XLY,3,0.5988600347540622,0.6563579520783187,0.533245615280116,0.3193394876991016,True
2013-06-27,0,DBA,1,0.19506818547469154,0.13364623741751552,1.0,0.19506818547469154,False
2013-06-27,1,DBC,1,0.1944136302755917,0.16991959852692823,1.0,0.1944136302755917,False
2013-06-27,2,EEM;EWZ;XLY,3,0.6024905643326799,0.6654828427006045,0.5259339197681798,0.31687022412282906,True
2013-06-28,0,DBA,1,0.19307106947811575,0.13416013245073194,1.0,0.19307106947811575,False
2013-06-28,1,DBC,1,0.19412373529516563,0.16992733249700723,1.0,0.19412373529516563,False
2013-06-28,2,EEM;EWZ;XLY,3,0.6047480803581762,0.6672661478042891,0.5245283327375629,0.3172075023165159,True
2013-07-01,0,DBA,1,0.19180633923493684,0.13281448509269625,1.0,0.19180633923493684,False
2013-07-01,1,DBC,1,0.19494113541486174,0.17103184751041986,1.0,0.19494113541486174,False
2013-07-01,2,EEM;EWZ;XLY,3,0.6052126728009918,0.6653500807265195,0.526038863056607,0.318365386307684,True
2013-07-02,0,DBA,1,0.1935137707057126,0.12423889546205578,1.0,0.1935137707057126,False
2013-07-02,1,DBC,1,0.197533822064585,0.161014420642419,1.0,0.197533822064585,False
2013-07-02,2,EEM;EWZ,2,0.3924038258499609,0.4679160187922551,0.7479974737846978,0.29351707043922126,True
2013-07-03,0,DBA,1,0.19453896981017343,0.12514032970025846,1.0,0.19453896981017343,False
2013-07-03,1,DBC,1,0.19941354411938747,0.16322171964016538,1.0,0.19941354411938747,False
2013-07-03,2,EEM;EWZ,2,0.3894007899578118,0.4623762332968109,0.7569593218588426,0.29476055789776284,True
2013-07-05,0,DBC,1,0.20026424833051745,0.13872280895845002,1.0,0.20026424833051745,False
2013-07-05,1,EEM;EWZ,2,0.388143752126074,0.3904548617645414,0.8963904263306697,0.34792834344587725,True
2013-07-08,0,EEM;EWZ,2,0.3879674585027969,0.3690331120920275,0.9484243785493126,0.3679577957278714,True
2013-07-09,0,DBC,1,0.20012004801600478,0.14316687616732726,1.0,0.20012004801600478,False
2013-07-09,1,EEM;EWZ;XLB,3,0.7913290139856706,0.7651227335911752,0.4574429495216306,0.36198787819964884,True
2013-07-10,0,DBC,1,0.2018039418445726,0.14446069023942498,1.0,0.2018039418445726,False
2013-07-10,1,EEM;EWZ;XLB,3,0.7895997709122156,0.7641771907144488,0.4580089595094772,0.3616437695044254,True
2013-07-11,0,DBC,1,0.19683089121838085,0.1345974706540716,1.0,0.19683089121838085,False
2013-07-11,1,EEM;EWZ;XLB,3,0.794826485505107,0.7762483581875684,0.4508866219275505,0.35837662906794493,True
2013-07-12,0,DBC,1,0.19900396313436844,0.1356581132141388,1.0,0.19900396313436844,False
2013-07-12,1,EEM;EWZ;XLB,3,0.7925935519024014,0.7749423142526739,0.45164652073171047,0.357972120071108,True
2013-07-15,0,DBC,1,0.19663745568495627,0.1339137594090179,1.0,0.19663745568495627,False
2013-07-15,1,EEM;EWZ;XLB,3,0.7950377035209435,0.7824277689763247,0.4473256367906218,0.35564074700005965,True
2013-07-16,0,DBC,1,0.19694080220113333,0.13404893767146092,1.0,0.19694080220113333,False
2013-07-16,1,EEM;EWZ;XLB,3,0.7947310910361515,0.781767574183968,0.4477033987567728,0.3558038105545632,True
2013-07-17,0,DBC,1,0.19514397563054778,0.132451384574062,1.0,0.19514397563054778,False
2013-07-17,1,EEM;EWZ;XLB,3,0.7965975772337144,0.785231133650357,0.4457286332661459,0.3550663493635066,True
2013-07-18,0,DBC,1,0.1965683649505864,0.13340185635225713,1.0,0.1965683649505864,False
2013-07-18,1,EEM;EWZ;XLB,3,0.7951478215703992,0.7827241737723004,0.44715624191494213,0.35555531166027265,True
2013-07-19,0,DBC,1,0.19706608278661458,0.13398049448130384,1.0,0.19706608278661458,False
2013-07-19,1,EEM;EWZ;XLB,3,0.794635460362854,0.7821074104263213,0.44750886557796127,0.3556064134150018,True
2013-07-22,0,DBC,1,0.19543704415782898,0.13261103858652862,1.0,0.19543704415782898,False
2013-07-22,1,EEM;EWZ;XLB,3,0.7963268186534616,0.7851277985548193,0.4457872981242585,0.354992380911413,True
2013-07-23,0,DBC,1,0.1941821583061758,0.1302065523587086,1.0,0.1941821583061758,False
2013-07-23,1,EEM;EWZ;XLB,3,0.7976470577325712,0.7878675310389479,0.4442371162807798,0.3543444287369661,True
2013-07-24,0,DBC,1,0.19482093589876928,0.13098484827227508,1.0,0.19482093589876928,False
2013-07-24,1,EEM;EWZ;XLB,3,0.7969152901550152,0.7894960760582317,0.4433207594234891,0.3532890916277115,True
2013-07-25,0,DBC,1,0.19343251403540507,0.1300121978963637,1.0,0.19343251403540507,False
2013-07-25,1,EEM;EWZ;XLB,3,0.798353142693021,0.7919298969086664,0.4419583114190291,0.35283880686068275,True
2013-07-26,0,DBC,1,0.19287324647408896,0.130378645894022,1.0,0.19287324647408896,False
2013-07-26,1,EEM;EWZ;XLB,3,0.7988854644172676,0.7919711692349828,0.44193527945984207,0.35305567097365087,True
2013-07-29,0,DBC,1,0.19397739827106125,0.13060957382387256,1.0,0.19397739827106125,False
2013-07-29,1,EEM;EWZ;XLB,3,0.7977309245945006,0.7894295140339169,0.4433581387292326,0.35368049793496753,True
2013-07-30,0,DBC,1,0.19414888116487855,0.13076794943196246,1.0,0.19414888116487855,False
2013-07-30,1,EEM;EWZ;XLB,3,0.7975231058730692,0.789316625391009,0.44342154813553836,0.3536389302800992,True
2013-07-31,0,DBC,1,0.19598934873871193,0.13265122406209026,1.0,0.19598934873871193,False
2013-07-31,1,EEM;EWZ;XLB,3,0.7956620495294866,0.7877203244877856,0.44432013383377805,0.35352866833339963,True
2013-08-01,0,DBC,1,0.19429531855452706,0.130733037473003,1.0,0.19429531855452706,False
2013-08-01,1,EEM;EWZ;XLB,3,0.7974473488353307,0.7904030775134864,0.44281204104247435,0.35311928816168286,True
2013-08-02,0,DBC,1,0.1934375288407382,0.13011708792124296,1.0,0.1934375288407382,False
2013-08-02,1,EEM;EWZ;XLB,3,0.7983098393130303,0.7907961587453936,0.44259193235748473,0.35332549440154726,True
2013-08-05,0,DBC,1,0.19381179019839284,0.13041673989019376,1.0,0.19381179019839284,False
2013-08-05,1,EEM;EWZ;XLB,3,0.7978778832775633,0.7907349666463351,0.44262618293512407,0.3531616419235043,True
2013-08-06,0,EEM;EWZ;XLB;XLE,4,0.9976135518432767,0.9242487795775471,0.3786859206457129,0.37778220632841086,True
2013-08-07,0,EEM;XLB;XLE,3,0.8130549535022071,0.8018751926723094,0.4364769021393449,0.3548797073736925,True
2013-08-08,0,EEM;XLB;XLE,3,0.6058597399285741,0.5842258843247483,0.5990833501061529,0.3629604826908527,True
2013-08-09,0,EEM;XLB;XLE,3,0.6062530401414625,0.5870031279654031,0.5962489522213046,0.36147773996532756,True
2013-08-12,0,EEM;XLB;XLE,3,0.6065563906907586,0.5884209100703203,0.5948123086893234,0.3607872070970334,True
2013-08-13,0,DBC;EEM;XLB;XLE;XLK,5,1.0000000000000002,0.8393677248138329,0.4169805314799637,0.41698053147996383,True
2013-08-14,0,DBC,1,0.20154336772726578,0.15649106926782946,1.0,0.20154336772726578,False
2013-08-14,1,EEM;XLB;XLE;XLK,4,0.7984566322727346,0.7289631508574075,0.4801340089527564,0.38336618382802484,True
2013-08-15,0,DBC,1,0.2047113592672601,0.16359155549902882,1.0,0.2047113592672601,False
2013-08-15,1,EEM;XLB;XLE;XLK,4,0.79528864073274,0.7321692030362977,0.47803157869595414,0.3801730844484312,True
2013-08-16,0,DBC,1,0.20566121594129902,0.16449777169506677,1.0,0.20566121594129902,False
2013-08-16,1,EEM;XLB;XLE;XLK,4,0.794338784058701,0.730749580524133,0.47896024757066724,0.3804567006677382,True
2013-08-19,0,DBC;EEM;XLB;XLE;XLK,5,1.0,0.8549749009215428,0.40936874243062477,0.40936874243062477,True
2013-08-20,0,DBC;EEM;XLB;XLE;XLK,5,0.9988543739841532,0.8525170300109673,0.4105489833974312,0.4100786478012716,True
2013-08-21,0,DBC;EEM;XLB;XLE;XLK,5,0.9988451766398034,0.8519419962388581,0.41082609091367156,0.4103516593469062,True
2013-08-22,0,DBC,1,0.20622082759939606,0.16364300807190213,1.0,0.20622082759939606,False
2013-08-22,1,EEM;XLB;XLE;XLK,4,0.7926351961304482,0.7356335416612745,0.47578037185416827,0.37712026835964624,True
2013-08-23,0,DBC;EEM;XLB;XLE;XLK,5,0.9988655886116696,0.850954026803897,0.4113030657068126,0.41083647882501956,True
2013-08-26,0,DBC,1,0.20775332540262895,0.16497967239094333,1.0,0.20775332540262895,False
2013-08-26,1,EEM;XLB;XLE;XLK,4,0.7911097244390577,0.735310222640459,0.47598957449982,0.37655998111841693,True
2013-08-27,0,DBC,1,0.2120421459550074,0.16655205779462698,1.0,0.2120421459550074,False
2013-08-27,1,EEM;XLB;XLE;XLK,4,0.7868086156377899,0.7301306713390653,0.47936624735692485,0.3771694934663844,True
2013-08-28,0,DBC,1,0.2115620412649466,0.16651552613236445,1.0,0.2115620412649466,False
2013-08-28,1,EEM;XLB;XLE;XLK,4,0.7872930198797371,0.7318784665495798,0.4782214752813606,0.37650042944560547,True
2013-08-29,0,DBC,1,0.20959068047542267,0.1663881803899991,1.0,0.20959068047542267,False
2013-08-29,1,EEM;XLB;XLE;XLK,4,0.7892631722490774,0.7345553935272953,0.4764787013805983,0.3760670913607718,True
2013-08-30,0,DBC,1,0.20905764491595438,0.16596788617341823,1.0,0.20905764491595438,False
2013-08-30,1,EEM;XLB;XLE;XLK,4,0.7897956920851216,0.7351561707353433,0.47608931806953464,0.3760132924590617,True
2013-09-03,0,DBC,1,0.20906863880253407,0.16584024718979312,1.0,0.20906863880253407,False
2013-09-03,1,EEM;XLB;XLE;XLK,4,0.7897906283023362,0.7350713451113322,0.47614425773458735,0.37605427247874923,True
2013-09-04,0,DBC,1,0.20593674631568973,0.16316970948731727,1.0,0.20593674631568973,False
2013-09-04,1,EEM;XLB;XLE;XLK,4,0.7929298826267417,0.7387002443632752,0.47380517695873176,0.37569428335382976,True
2013-09-05,0,DBC,1,0.20484827270473274,0.16227523304585859,1.0,0.20484827270473274,False
2013-09-05,1,EEM;XLB;XLE;XLK,4,0.7940217948695409,0.7405215709119133,0.4726398443316019,0.37528633752303897,True
2013-09-06,0,DBC,1,0.20519075362111963,0.1629658949827118,1.0,0.20519075362111963,False
2013-09-06,1,EEM;XLB;XLE;XLK,4,0.7936837929423737,0.7413863489071583,0.47208854130632166,0.3746890240686338,True
2013-09-09,0,DBC,1,0.20154605793668917,0.15854715264487573,1.0,0.20154605793668917,False
2013-09-09,1,EEM;XLB;XLE;XLK,4,0.7973413851390025,0.7473974758613807,0.46829165377715865,0.3733883158717139,True
2013-09-10,0,DBC,1,0.19916542224810463,0.15683381080982875,1.0,0.19916542224810463,False
2013-09-10,1,EEM;XLB;XLE;XLK,4,0.7997251105640933,0.7490011459353304,0.4672890046956208,0.37370275094559047,True
2013-09-11,0,DBC,1,0.19900057169838195,0.15860385475238353,1.0,0.19900057169838195,False
2013-09-11,1,EEM;XLB;XLE;XLK,4,0.7998925658736669,0.7542887290826286,0.4640132969051155,0.37116078666093244,True
2013-09-12,0,DBC,1,0.20090129692517428,0.1594718359956686,1.0,0.20090129692517428,False
2013-09-12,1,EEM;XLB;XLE;XLK,4,0.797986767071378,0.7489856411580671,0.4672986780612199,0.3728981613628015,True
2013-09-13,0,DBC,1,0.199848964535748,0.15897609337244775,1.0,0.199848964535748,False
2013-09-13,1,EEM;XLB;XLE;XLK,4,0.7990415642823366,0.7512113917746097,0.4659141272780545,0.37228475308149633,True
2013-09-16,0,DBC,1,0.19699941386467648,0.15687511516060362,1.0,0.19699941386467648,False
2013-09-16,1,EEM;XLB;XLE;XLK,4,0.8018930588796062,0.7499575580256584,0.46669307650077096,0.37423793867313726,True
2013-09-17,0,DBC,1,0.19519814361118676,0.15609835947189363,1.0,0.19519814361118676,False
2013-09-17,1,EEM;XLB;XLE;XLK,4,0.8036929445767536,0.7507996921110519,0.4661696104534776,0.37465722689755354,True
2013-09-18,0,DBC,1,0.1950438275385133,0.15705184862087884,1.0,0.1950438275385133,False
2013-09-18,1,EEM;XLB;XLE;XLK,4,0.8038717304962448,0.7555776516864113,0.4632217472536642,0.3723708675682972,True
2013-09-19,0,DBC,1,0.19487835976428458,0.15755413755830144,1.0,0.19487835976428458,False
2013-09-19,1,EEM;XLB;XLE;XLK,4,0.8040339827161723,0.7559743922715386,0.4629786452796716,0.37225056407675233,True
2013-09-20,0,DBC,1,0.1954127193489948,0.15829239210284435,1.0,0.1954127193489948,False
2013-09-20,1,EEM;XLB;XLE;XLK,4,0.8034865576732277,0.7589572993627163,0.46115901420789956,0.37053506886588433,True
2013-09-23,0,DBC,1,0.1945279352534144,0.15496767807966733,1.0,0.1945279352534144,False
2013-09-23,1,EEM;XLB;XLE,3,0.6145310762526045,0.6363888387210762,0.5499782188251136,0.33797870673008745,True
2013-09-24,0,DBC,1,0.19480045130032467,0.15538434913636096,1.0,0.19480045130032467,False
2013-09-24,1,EEM;XLB;XLE,3,0.6139168510936344,0.6364292003485125,0.5499433398221482,0.3376194834635297,True
2013-09-25,0,DBC,1,0.19529936906920264,0.15647038750856002,1.0,0.19529936906920264,False
2013-09-25,1,EEM;XLB;XLE;XLK,4,0.8047006309307974,0.7567519226801277,0.462502954416598,0.3721764192263942,True
2013-09-26,0,DBC,1,0.1958737001316476,0.1573165763151388,1.0,0.1958737001316476,False
2013-09-26,1,EEM;XLB;XLE;XLK,4,0.8041262998683525,0.7554034613056609,0.4633285627193844,0.37257468276286043,True
2013-09-27,0,DBC,1,0.19641904693784076,0.15718577805529815,1.0,0.19641904693784076,False
2013-09-27,1,EEM;XLB;XLE;XLK,4,0.8035809530621594,0.7530618437918987,0.46476926547976727,0.37347972930823115,True
2013-09-30,0,DBC,1,0.1968919046710436,0.15782323087244648,1.0,0.1968919046710436,False
2013-09-30,1,EEM;XLB;XLE;XLK,4,0.8031080953289564,0.7518818191796381,0.46549868752229884,0.3738457643141625,True
2013-10-01,0,DBC,1,0.1943034810276715,0.15601758762664086,1.0,0.1943034810276715,False
2013-10-01,1,EEM;XLB;XLE;XLK,4,0.8056965189723285,0.7584605684076032,0.46146103644495196,0.3717975507050606,True
2013-10-02,0,DBC,1,0.19546822131773198,0.15812593653211238,1.0,0.19546822131773198,False
2013-10-02,1,EEM;XLB;XLE;XLK,4,0.804531778682268,0.7591973583624566,0.4610131952446846,0.3708997659662018,True
2013-10-03,0,DBC,1,0.19643194679631337,0.17671252712650662,1.0,0.19643194679631337,False
2013-10-03,1,EEM;XLK,2,0.4007420147554207,0.4866186887921148,0.7192489891187085,0.28823328901023093,True
2013-10-03,2,XLE,1,0.19754689744720894,0.21737824483628296,1.0,0.19754689744720894,False
2013-10-04,0,DBC,1,0.1958440434018897,0.1756436328772501,1.0,0.1958440434018897,False
2013-10-04,1,EEM,1,0.21139133194104318,0.3532161690175407,0.9908946155367507,0.20946653259152162,True
2013-10-04,2,XLE,1,0.19833637145740474,0.21879385413501332,1.0,0.19833637145740474,False
2013-10-04,3,XLK,1,0.19039614816743108,0.16957147156880062,1.0,0.19039614816743108,False
2013-10-07,0,DBC,1,0.19778121534293028,0.17833799971971556,1.0,0.19778121534293028,False
2013-10-07,1,EEM,1,0.21019539910107987,0.35651354521463374,0.9817298801067645,0.20635510395849666,True
2013-10-07,2,XLE,1,0.19727567038570099,0.21666918756008377,1.0,0.19727567038570099,False
2013-10-07,3,XLK,1,0.1901206554358531,0.1666344919855078,1.0,0.1901206554358531,False
2013-10-08,0,DBC,1,0.1997569144403438,0.1788966237201915,1.0,0.1997569144403438,False
2013-10-08,1,EEM;XLK,2,0.39785040986518827,0.4889846044545554,0.7157689563466161,0.28476897265127926,True
2013-10-08,2,XLE,1,0.1964328147363704,0.21694597511361596,1.0,0.1964328147363704,False
2013-10-09,0,DBC,1,0.19831688985325147,0.16135854487659745,1.0,0.19831688985325147,False
2013-10-09,1,EEM;XLE;XLF;XLK,4,0.7959515127246458,0.777703545042183,0.4500429530394076,0.3582123692627832,True
2013-10-10,0,DBC,1,0.19690161008608004,0.1602955386290654,1.0,0.19690161008608004,False
2013-10-10,1,EEM;XLE;XLF;XLK,4,0.7974791268916995,0.7889815180392366,0.443609884385903,0.3537696232805977,True
2013-10-11,0,DBC,1,0.1949397922364966,0.15869558943109593,1.0,0.1949397922364966,False
2013-10-11,1,EEM;XLE;XLF;XLK,4,0.7994671473802243,0.7882635105833302,0.4440139563748082,0.35497457109997527,True
2013-10-14,0,DBC,1,0.19406443064839504,0.15752594003530804,1.0,0.19406443064839504,False
2013-10-14,1,EEM;XLE;XLF;XLK,4,0.8003654943654774,0.793689871672043,0.44097828697582514,0.35294380465984765,True
2013-10-15,0,DBC,1,0.19458371477434291,0.15571143011624441,1.0,0.19458371477434291,False
2013-10-15,1,EEM;XLE;XLF;XLK,4,0.7998120104938058,0.7935705292198925,0.44104460424464376,0.35275277163835345,True
2013-10-16,0,DBC,1,0.19370659338201804,0.15377636428336183,1.0,0.19370659338201804,False
2013-10-16,1,EEM;XLE;XLF;XLK,4,0.8007569016194215,0.7920410024549881,0.4418963146038523,0.3538515237192219,True
2013-10-17,0,DBC,1,0.19218666191208894,0.1512854812337409,1.0,0.19218666191208894,False
2013-10-17,1,EEM;XLE;XLF;XLK,4,0.8022908219328442,0.7945925522824788,0.44047732261599964,0.35339091320436894,True
2013-10-18,0,DBC,1,0.19193184133023178,0.15006969021810326,1.0,0.19193184133023178,False
2013-10-18,1,EEM;XLE;XLF;XLK,4,0.8025844677847214,0.7896922338617495,0.4432106395277962,0.3557139752419423,True
2013-10-21,0,DBC,1,0.19169099372467843,0.147657031923247,1.0,0.19169099372467843,False
2013-10-21,1,EEM,1,0.20986593129970474,0.3219537724806304,1.0,0.20986593129970474,False
2013-10-21,2,XLE;XLF;XLK,3,0.5929537235947603,0.5247757091007721,0.6669516022373472,0.3954714360041265,True
2013-10-22,0,DBC,1,0.19085102896311493,0.14584962008703098,1.0,0.19085102896311493,False
2013-10-22,1,EEM,1,0.2112177345578972,0.32645935373933094,1.0,0.2112177345578972,False
2013-10-22,2,XLE;XLF;XLK,3,0.5924596733707683,0.5240791379759004,0.6678380699368625,0.39566712477935784,True
2013-10-23,0,DBC,1,0.19050979626517048,0.14721267808074376,1.0,0.19050979626517048,False
2013-10-23,1,EEM,1,0.20911058090440107,0.32718033223231063,1.0,0.20911058090440107,False
2013-10-23,2,XLE;XLF;XLK,3,0.5948330648538,0.5254570007541504,0.6660868529635543,0.39621048420713345,True
2013-10-24,0,DBC,1,0.19032885402302496,0.14721755999607117,1.0,0.19032885402302496,False
2013-10-24,1,EEM,1,0.20839014592178504,0.3264358899757212,1.0,0.20839014592178504,False
2013-10-24,2,XLE;XLF;XLK,3,0.59574185976594,0.5253265467232989,0.6662522619180574,0.39691436158832766,True
2013-10-25,0,DBC,1,0.190037893969879,0.1471653586650451,1.0,0.190037893969879,False
2013-10-25,1,EEM,1,0.20840292815436523,0.32662569942543335,1.0,0.20840292815436523,False
2013-10-25,2,XLE;XLF;XLK,3,0.596045615352238,0.5264679033582289,0.6648078596385896,0.39625580978928737,True
2013-10-28,0,DBC,1,0.19034320298608345,0.1473277273750652,1.0,0.19034320298608345,False
2013-10-28,1,EEM,1,0.2091496707037846,0.3276204814217905,1.0,0.2091496707037846,False
2013-10-28,2,XLE;XLF;XLK,3,0.5950059780601918,0.5243560051876095,0.6674854422135842,0.39715782838523334,True
2013-10-29,0,DBC,1,0.18918382133366834,0.146218519990578,1.0,0.18918382133366834,False
2013-10-29,1,EEM,1,0.20911635019151242,0.3265942923433104,1.0,0.20911635019151242,False
2013-10-29,2,XLE;XLF;XLK,3,0.5962174044923991,0.5243549630748222,0.6674867687865427,0.3979672288189306,True
2013-10-30,0,DBC,1,0.19035994220148358,0.14683722190911772,1.0,0.19035994220148358,False
2013-10-30,1,EEM,1,0.20860123450547172,0.3252021578115841,1.0,0.20860123450547172,False
2013-10-30,2,XLE;XLF;XLK,3,0.5955393094641488,0.5239916497917411,0.6679495754161473,0.3977902289002037,True
2013-10-31,0,DBC,1,0.1901581405914939,0.15558216054180418,1.0,0.1901581405914939,False
2013-10-31,1,EEM,1,0.20800486535308535,0.3425391608512254,1.0,0.20800486535308535,False
2013-10-31,2,XLF;XLK,2,0.39682066203681,0.37242317389180024,0.9397911422710906,0.3729285432523441,True
2013-11-01,0,DBC,1,0.18811762748910815,0.15702075196656765,1.0,0.18811762748910815,False
2013-11-01,1,EEM,1,0.2084603999003228,0.34569341280439536,1.0,0.2084603999003228,False
2013-11-01,2,XLF;XLK,2,0.3980534002720137,0.374013576539931,0.9357949067996807,0.37249634460884506,True
2013-11-04,0,DBC,1,0.18705834544239705,0.15660869091197088,1.0,0.18705834544239705,False
2013-11-04,1,EEM;XLF;XLK,3,0.6078423406138735,0.6737490057996254,0.5194812860385739,0.31576272081079193,True
2013-11-05,0,DBC,1,0.1877305343781266,0.15738421319068577,1.0,0.1877305343781266,False
2013-11-05,1,EEM;XLF;XLK,3,0.6058624919967937,0.6737575424510112,0.5194747041001748,0.31473023875542894,True
2013-11-06,0,DBC,1,0.1872133614141572,0.1571964066241703,1.0,0.1872133614141572,False
2013-11-06,1,EEM;XLF;XLK,3,0.8073512840232212,0.8834334029966492,0.3961815331102298,0.31985766946283234,True
2013-11-07,0,EEM;XLF;XLK,3,0.8064893085437028,0.7794374199413655,0.4490418230450487,0.3621474293748051,True
2013-11-08,0,EEM;XLF;XLK,3,0.8085243394434154,0.7686547604641625,0.45534096450355394,0.3681542525467636,True
2013-11-11,0,EEM,1,0.20173940831543177,0.29357485693768903,1.0,0.20173940831543177,False
2013-11-11,1,XLF;XLK,2,0.606668882307273,0.5300091980526827,0.6603658979616617,0.40062344123023996,True
2013-11-12,0,EEM,1,0.20155991704998544,0.2923521142051755,1.0,0.20155991704998544,False
2013-11-12,1,XLF;XLK,2,0.6059849391595861,0.5279151431151136,0.6629853387700253,0.4017591301782513,True
2013-11-13,0,EEM,1,0.2008230476826507,0.30254090455130006,1.0,0.2008230476826507,False
2013-11-13,1,XLE;XLF;XLK,3,0.7991769523173493,0.7113560528591867,0.4920180247194476,0.39320946548049035,True
2013-11-14,0,XLE;XLF;XLK,3,0.7975897211782716,0.7433276751382142,0.47085560205318744,0.375549588356829,True
2013-11-15,0,XLE;XLF;XLK,3,0.7982759220298636,0.7439068809004749,0.470488993967009,0.37558003546391705,True
2013-11-18,0,XLE;XLF;XLK,3,0.7977899600676368,0.739821535279774,0.4730870666905398,0.3774241120435612,True
2013-11-19,0,XLE;XLF;XLK,3,0.7978346531934186,0.7462756962236562,0.4689955759930124,0.37418092272163267,True
2013-11-20,0,XLE;XLF;XLK,3,0.9975764860078153,0.9654618229015219,0.36252080786388624,0.36164223361357,True
2013-11-21,0,XLE;XLF;XLK,3,0.997605664956454,0.9691371495994997,0.36114599481057874,0.3602812902993675,True
2013-11-22,0,XLE;XLF;XLK,3,0.9976139744871931,0.9642084045547957,0.3629920651455072,0.36212595681712356,True
2013-11-25,0,XLE;XLF;XLK,3,0.9976118920995269,0.9560173977518204,0.3661021241068032,0.3652278327318438,True
2013-11-26,0,XLE;XLF;XLK,3,0.9976110207610581,0.9509884882006717,0.3680381038704489,0.36715886848116286,True
2013-11-27,0,XLE;XLF;XLK,3,0.9976157247574636,0.9485172113461854,0.3689969942698895,0.3681172038718815,True
2013-11-29,0,XLE;XLF;XLK,3,0.9976112464704673,0.9466032241876466,0.3697430888219951,0.36885986371355123,True
2013-12-02,0,XLE;XLF;XLK,3,0.9976093786976747,0.9433750472978115,0.3710083290866495,0.37012138867179484,True
2013-12-03,0,XLE;XLF;XLK,3,0.9975964501424159,0.942402541190976,0.37139118869276605,0.3704985314540756,True
2013-12-04,0,XLE;XLF,2,0.799387192345989,0.8136805952501748,0.430144213888238,0.34385177544399115,True
2013-12-04,1,XLK,1,0.1982116576018965,0.16715927168187125,1.0,0.1982116576018965,False
2013-12-05,0,XLE;XLF,2,0.7986057606297884,0.8203841810603627,0.4266293866705451,0.3407086858490508,True
2013-12-05,1,XLK,1,0.19897616014538427,0.1688521017600559,1.0,0.19897616014538427,False
2013-12-06,0,XLE;XLF,2,0.7993033392725291,0.8264687822002272,0.42348846990715017,0.33849574814019906,True
2013-12-06,1,XLK,1,0.1983033685440786,0.16830164473839948,1.0,0.1983033685440786,False
2013-12-09,0,XLE;XLF,2,0.7993714545889002,0.8232206340366193,0.425159411133554,0.3398602969099893,True
2013-12-09,1,XLK,1,0.19824350965164536,0.16699267589614397,1.0,0.19824350965164536,False
2013-12-10,0,XLE;XLF,2,0.7991178797720672,0.8444707963661756,0.41446075045588027,0.3312029961530429,True
2013-12-10,1,XLK,1,0.19848933170866978,0.16892998424239525,1.0,0.19848933170866978,False
2013-12-11,0,XLF,1,0.6118948732426536,0.7002780985571279,0.49980143705929053,0.30582593697589067,True
2013-12-11,1,XLK,1,0.19924676229366015,0.1704671920520304,1.0,0.19924676229366015,False
2013-12-12,0,XLE;XLF,2,0.8017795985368856,0.8412432249419557,0.4160508989824546,0.3335811227570628,True
2013-12-12,1,XLK,1,0.19822040146311445,0.16779307732396428,1.0,0.19822040146311445,False
2013-12-13,0,XLE;XLF,2,0.8022818574421996,0.834530961239295,0.41939726176275477,0.3364748141731953,True
2013-12-13,1,XLK,1,0.1977181425578006,0.16838731448497005,1.0,0.1977181425578006,False
2013-12-16,0,XLE;XLF,2,0.8017791267164764,0.8298919620908182,0.42174164347635673,0.33814364660644486,True
2013-12-16,1,XLK,1,0.1982208732835235,0.16935955030148214,1.0,0.1982208732835235,False
2013-12-17,0,XLE;XLF,2,0.8008064033500744,0.8239451870300981,0.4247855385399742,0.34017097931332113,True
2013-12-17,1,XLK,1,0.19919359664992556,0.16943571186628018,1.0,0.19919359664992556,False
2013-12-18,0,XLE;XLF,2,0.8029167455258701,0.837090029725517,0.41811512211507934,0.33571163310379126,True
2013-12-18,1,XLK,1,0.19708325447412994,0.16572254588539626,1.0,0.19708325447412994,False
2013-12-19,0,XLE;XLF,2,0.8025825695228428,0.8383041900656132,0.41750954384780764,0.3350858825016835,True
2013-12-19,1,XLK,1,0.19741743047715737,0.16614819391554284,1.0,0.19741743047715737,False
2013-12-20,0,XLE;XLF,2,0.8023110240418257,0.7930062235948793,0.4413584529177711,0.35410675232997285,True
2013-12-23,0,XLE;XLF,2,0.8029099477190091,0.7936493835118402,0.441000783559203,0.35408391607156176,True
2013-12-24,0,XLE;XLF,2,0.8033368807564645,0.791016897417268,0.44246842405361675,0.3554512036124611,True
2013-12-26,0,XLE;XLF,2,0.8038764196017916,0.7903331840683856,0.4428512013102,0.3559976381255958,True
2013-12-27,0,XLE;XLF,2,0.804159748412167,0.8316865149606646,0.42083163993172784,0.3384158656913779,True
2013-12-27,1,XLP,1,0.1958402515878328,0.17040223775756366,1.0,0.1958402515878328,False
2013-12-30,0,XLE;XLF,2,0.8032676101003946,0.8282010501623382,0.42260270007070794,0.33946306090777145,True
2013-12-30,1,XLP,1,0.19673238989960562,0.17104999028426493,1.0,0.19673238989960562,False
2013-12-31,0,XLE;XLF,2,0.8041242949897032,0.8248227935742657,0.424333569254699,0.34121693221739924,True
2013-12-31,1,XLP,1,0.1958757050102968,0.16599264383127704,1.0,0.1958757050102968,False
2014-01-02,0,XLE;XLF,2,0.8048835561264671,0.8157025236118451,0.4290779908957946,0.34535781916780706,True
2014-01-02,1,XLP,1,0.19511644387353297,0.16566551283545822,1.0,0.19511644387353297,False
2014-01-03,0,XLE;XLF,2,0.8058712879345014,0.8165367054994247,0.428639640622067,0.34542837924788694,True
2014-01-03,1,XLP,1,0.19412871206549864,0.16469218805560645,1.0,0.19412871206549864,False
2014-01-06,0,XLE;XLF,2,0.8066218920488858,0.8184645818694305,0.4276299888268536,0.3449357106843605,True
2014-01-06,1,XLP,1,0.19337810795111426,0.1646185355234804,1.0,0.19337810795111426,False
2014-01-07,0,XLE;XLF,2,0.5965855773791556,0.5930007837928052,0.5902184441669982,0.3521158112931956,True
2014-01-07,1,XLP,1,0.1939377431699261,0.16508387541287836,1.0,0.1939377431699261,False
2014-01-08,0,XLE;XLF,2,0.5974564279914168,0.5898759947677931,0.5933450472718064,0.3544978125094118,True
2014-01-08,1,XLP,1,0.1927586658789942,0.16545765062469941,1.0,0.1927586658789942,False
2014-01-09,0,XLE;XLF,2,0.5972221472366142,0.596514689937402,0.5867416274974365,0.35041509464712467,True
2014-01-09,1,XLP,1,0.1933945706868038,0.16799725072925048,1.0,0.1933945706868038,False
2014-01-10,0,XLF,1,0.4102549768573061,0.4553121903200249,0.7687033368335597,0.315364369662786,True
2014-01-10,1,XLP,1,0.19376690497156063,0.17248600091966265,1.0,0.19376690497156063,False
2014-01-13,0,XLE;XLF,2,0.8058470574430383,0.7799364762307746,0.44875449561156167,0.3616274898029118,True
2014-01-13,1,XLP,1,0.1941529425569617,0.16426051590035637,1.0,0.1941529425569617,False
2014-01-14,0,XLE;XLF,2,0.8066870767826764,0.7798014340187411,0.44883220872813673,0.36206714242481264,True
2014-01-14,1,XLP,1,0.19331292321732385,0.16286715431758575,1.0,0.19331292321732385,False
2014-01-15,0,XLE;XLF,2,0.8073579864800255,0.7825706714492116,0.4472439522322615,0.36108597673960735,True
2014-01-15,1,XLP,1,0.1926420135199746,0.16221589113029758,1.0,0.1926420135199746,False
2014-01-16,0,XLE;XLF,2,0.8069276822029816,0.782687163199594,0.44717738638923615,0.36083981193265346,True
2014-01-16,1,XLP,1,0.19307231779701842,0.162628867000069,1.0,0.19307231779701842,False
2014-01-17,0,XLE;XLF,2,0.807767408676545,0.7839193644227683,0.4464744920004868,0.36064754344341,True
2014-01-17,1,XLP,1,0.1922325913234551,0.16372688783981837,1.0,0.1922325913234551,False
2014-01-21,0,XLE;XLF,2,0.8078816997993137,0.7816167833548399,0.44778977045213514,0.36176116090561544,True
2014-01-21,1,XLP,1,0.1921183002006864,0.16317407483835814,1.0,0.1921183002006864,False
2014-01-22,0,XLE;XLF,2,0.603413417515606,0.5801184214790409,0.6033250919832153,0.36405445562650923,True
2014-01-22,1,XLP,1,0.1917675032730731,0.16276844640644636,1.0,0.1917675032730731,False
2014-01-23,0,XLE;XLF,2,0.6012859383088002,0.5797797932831948,0.6036774721278387,0.3629827752642721,True
2014-01-23,1,XLP,1,0.1919201489533142,0.16447303660710444,1.0,0.1919201489533142,False
2014-01-24,0,XLE;XLF,2,0.5971197767383463,0.5785721201486898,0.6049375485117602,0.3612201739079848,True
2014-01-24,1,XLP,1,0.19300845355456853,0.16185514847847943,1.0,0.19300845355456853,False
2014-01-27,0,XLE;XLF,2,0.5965264400146641,0.5783532929103438,0.6051664342373805,0.36099777863199295,True
2014-01-27,1,XLP,1,0.19287921178594047,0.16193035153852153,1.0,0.19287921178594047,False
2014-01-28,0,XLE;XLF;XLY,3,0.7980751358278455,0.7571729843102333,0.4622457579080713,0.3689068460283294,True
2014-01-28,1,XLP,1,0.19302810248712296,0.1634412469551661,1.0,0.19302810248712296,False
2014-01-29,0,XLE;XLF;XLY,3,0.7992226111426552,0.7567251652306406,0.46251930830571,0.3696558892879843,True
2014-01-29,1,XLP,1,0.19178036669276116,0.1656034028448731,1.0,0.19178036669276116,False
2014-01-30,0,XLE;XLF;XLY,3,0.800486188106903,0.7560648158979353,0.4629232740903633,0.370563687062562,True
2014-01-30,1,XLP,1,0.19058591844851341,0.16305273448179028,1.0,0.19058591844851341,False
2014-01-31,0,XLE;XLF;XLY,3,0.7991531164014467,0.7548735484915352,0.4636538142042537,0.3705303905527467,True
2014-01-31,1,XLP,1,0.19181722213071126,0.16220174519284355,1.0,0.19181722213071126,False
2014-02-03,0,XLE;XLF;XLY,3,0.7989592970109318,0.7558517801031929,0.46305374838465835,0.36996109728768356,True
2014-02-03,1,XLP,1,0.19181203995056612,0.163506817517938,1.0,0.19181203995056612,False
2014-02-04,0,XLE;XLF;XLY,3,0.7998510400775618,0.7565318261197967,0.4626375096407081,0.3700410932650134,True
2014-02-04,1,XLP,1,0.19100716146003432,0.16201901479537553,1.0,0.19100716146003432,False
2014-02-05,0,XLE;XLF;XLY,3,0.7989615789029031,0.7561708926491733,0.46285833454102954,0.3698060257732691,True
2014-02-05,1,XLP,1,0.19186254833973382,0.1623496602833335,1.0,0.19186254833973382,False
2014-02-06,0,XLE;XLF;XLY,3,0.7999695066292735,0.7578811480576916,0.4618138357141946,0.3694369863108566,True
2014-02-06,1,XLP,1,0.1909930678242504,0.15832467614504375,1.0,0.1909930678242504,False
2014-02-07,0,XLE;XLF;XLY,3,0.8003872128647367,0.7590811212430952,0.4610837896045009,0.3690455692586571,True
2014-02-07,1,XLP,1,0.19067421573747131,0.1577472685458993,1.0,0.19067421573747131,False
2014-02-10,0,XLE;XLF;XLY,3,0.7994144248480448,0.7563741199168058,0.4627339709064831,0.36991621120985807,True
2014-02-10,1,XLP,1,0.1916368580691138,0.1596669421191085,1.0,0.1916368580691138,False
2014-02-11,0,XLE;XLF;XLY,3,0.7993749798476927,0.7569898263896241,0.4623576008534814,0.3695970978646792,True
2014-02-11,1,XLP,1,0.19177333017706408,0.16112083155286272,1.0,0.19177333017706408,False
2014-02-12,0,XLE;XLF;XLY,3,0.7998890128444799,0.7575547912371835,0.4620127864657887,0.3695589516876472,True
2014-02-12,1,XLP,1,0.19124528328554588,0.16064247513674845,1.0,0.19124528328554588,False
2014-02-13,0,XLE;XLF;XLY,3,0.7997639693167953,0.7566180173996735,0.4625848075927025,0.36995866186598575,True
2014-02-13,1,XLP,1,0.19140759127492735,0.16217162197397764,1.0,0.19140759127492735,False
2014-02-14,0,XLE;XLF,2,0.5987899485240544,0.5828002355657026,0.6005488306988551,0.35960260342034855,True
2014-02-14,1,XLP,1,0.19106243220927357,0.1637112560750546,1.0,0.19106243220927357,False
2014-02-18,0,XLE;XLF,2,0.6003186539268648,0.5836533901646176,0.5996709792112809,0.35999367503912105,True
2014-02-18,1,XLP,1,0.18976100524552122,0.16097476559399462,1.0,0.18976100524552122,False
2014-02-19,0,XLE;XLF,2,0.7998228401192985,0.7765664473133869,0.45070193440736683,0.3604817012249619,True
2014-02-19,1,XLP,1,0.18989416861092911,0.16118607874273155,1.0,0.18989416861092911,False
2014-02-20,0,XLE;XLF,2,0.6029156180293817,0.5865576475282124,0.5967017930375984,0.3597608303285038,True
2014-02-20,1,XLP,1,0.18988379174915146,0.16269908225561183,1.0,0.18988379174915146,False
2014-02-21,0,XLE;XLF,2,0.602039644714609,0.5868652784060087,0.5963890059242197,0.3590498252383161,True
2014-02-21,1,XLP,1,0.1900880494384656,0.16332728096849028,1.0,0.1900880494384656,False
2014-02-24,0,XLE;XLF,2,0.6046035532799288,0.5868651153247622,0.5963891716520164,0.3605790123184825,True
2014-02-24,1,XLP,1,0.18921850873132415,0.16050101773239311,1.0,0.18921850873132415,False
2014-02-25,0,XLE;XLF,2,0.6036151866040951,0.5860197054237479,0.5972495408612868,0.3605088930561957,True
2014-02-25,1,XLP,1,0.19006985028443998,0.16178253479810273,1.0,0.19006985028443998,False
2014-02-26,0,EWJ,1,0.2000400080016003,0.2364956518421897,1.0,0.2000400080016003,False
2014-02-26,1,XLE;XLF,2,0.6027269903570216,0.5624968245856884,0.622225734799117,0.3750322444581581,True
2014-02-26,2,XLP,1,0.19049696168329697,0.15546442644925376,1.0,0.19049696168329697,False
2014-02-27,0,EWJ,1,0.19958010548495603,0.23581971724526976,1.0,0.19958010548495603,False
2014-02-27,1,XLE;XLF,2,0.6027779215064577,0.562315205405451,0.6224267041607677,0.37518507502414244,True
2014-02-27,2,XLP,1,0.19092141956122824,0.15593041890733078,1.0,0.19092141956122824,False
2014-02-28,0,EWJ,1,0.19953851584719287,0.2356470967700234,1.0,0.19953851584719287,False
2014-02-28,1,XLE;XLF,2,0.6025725276436246,0.5622266228561887,0.622524771633815,0.3751163251641581,True
2014-02-28,2,XLP,1,0.1912045271737432,0.15647750427264984,1.0,0.1912045271737432,False
2014-03-03,0,EWJ,1,0.19683071201235366,0.23219195455254965,1.0,0.19683071201235366,False
2014-03-03,1,XLE;XLF,2,0.6043668312255545,0.5634664906863993,0.6211549502680092,0.37540544899354356,True
2014-03-03,2,XLP,1,0.19205174672745678,0.15761646276024158,1.0,0.19205174672745678,False
2014-03-04,0,EWJ,1,0.19865825365551792,0.2376191883316527,1.0,0.19865825365551792,False
2014-03-04,1,XLE;XLF;XLP,3,0.7946982504404535,0.6840052356632914,0.5116919896974167,0.4066407289769316,True
2014-03-05,0,EWJ,1,0.19732115237854994,0.23585197546998535,1.0,0.19732115237854994,False
2014-03-05,1,XLE;XLF;XLP,3,0.7960054718499581,0.6817428204283679,0.5133900783584052,0.40866131156676927,True
2014-03-06,0,EWJ,1,0.19964630564344812,0.24195969534204734,1.0,0.19964630564344812,False
2014-03-06,1,XLE;XLF;XLP,3,0.7937284252161098,0.6802850325823528,0.5144902257681676,0.40836551668804844,True
2014-03-07,0,EWJ,1,0.19811268388098308,0.24026256601830245,1.0,0.19811268388098308,False
2014-03-07,1,XLE;XLF;XLP,3,0.795267758237219,0.681484308204617,0.5135848262186424,0.40843745341155147,True
2014-03-10,0,EWJ,1,0.19725071979486478,0.23850052028543023,1.0,0.19725071979486478,False
2014-03-10,1,XLE;XLF;XLP,3,0.7961300888702102,0.6831383805836467,0.5123412912343962,0.4078903177223181,True
2014-03-11,0,EWJ,1,0.1967920522727326,0.2376438145301649,1.0,0.1967920522727326,False
2014-03-11,1,XLE;XLF,2,0.6041732759419285,0.5630808793990291,0.6215803320715697,0.37554222548875205,True
2014-03-11,2,XLP,1,0.1923617818576127,0.15555152429994354,1.0,0.1923617818576127,False
2014-03-12,0,EWJ,1,0.19525711567038517,0.22892363221658124,1.0,0.19525711567038517,False
2014-03-12,1,XLE;XLF,2,0.6049419983703321,0.5629582693511249,0.6217157097690665,0.37610194388592855,True
2014-03-12,2,XLP,1,0.19311593211992178,0.15527953046571336,1.0,0.19311593211992178,False
2014-03-13,0,EWJ,1,0.1940316105060479,0.22837508930691544,1.0,0.1940316105060479,False
2014-03-13,1,XLE;XLF,2,0.6050025760715368,0.5634255311498468,0.621200106579684,0.3758276647366221,True
2014-03-13,2,XLP,1,0.19420982103356413,0.1552355165657081,1.0,0.19420982103356413,False
2014-03-14,0,EWJ,1,0.19237025907479363,0.22738519218027997,1.0,0.19237025907479363,False
2014-03-14,1,XLE;XLF,2,0.6059469105155448,0.56327876027854,0.6213619697411027,0.37651236587647463,True
2014-03-14,2,XLP,1,0.19490581296305673,0.15529717174457172,1.0,0.19490581296305673,False
2014-03-17,0,EWJ,1,0.1930081553518894,0.2300124187630512,1.0,0.1930081553518894,False
2014-03-17,1,XLE;XLF,2,0.6056802753452537,0.56396915838728,0.6206013126690405,0.37588597393701034,True
2014-03-17,2,XLP,1,0.19458519152270526,0.15567513788216236,1.0,0.19458519152270526,False
2014-03-18,0,EWJ,1,0.19194672383982173,0.22853328619711202,1.0,0.19194672383982173,False
2014-03-18,1,XLE;XLF,2,0.607262211105,0.566451419840203,0.617881759566841,0.37521624351600785,True
2014-03-18,2,XLP,1,0.1940956782249048,0.15480872399069487,1.0,0.1940956782249048,False
2014-03-19,0,EWJ,1,0.191998833798661,0.22847592339044678,1.0,0.191998833798661,False
2014-03-19,1,XLE;XLF;XLP,3,0.8012677279105692,0.6855440750469933,0.5105433957342682,0.4090819466997437,True
2014-03-20,0,EWJ,1,0.18871186000347243,0.22238999243451643,1.0,0.18871186000347243,False
2014-03-20,1,XLE;XLF;XLP,3,0.8045730964707135,0.6862087798836127,0.5100488513996617,0.41037158372195665,True
2014-03-21,0,EWJ,1,0.18781982019104632,0.22124828283683756,1.0,0.18781982019104632,False
2014-03-21,1,XLE;XLF;XLP,3,0.8054661630361132,0.6864498010816432,0.509869766803782,0.4106828447155601,True
2014-03-24,0,EWJ,1,0.18858926671926324,0.22256589560530704,1.0,0.18858926671926324,False
2014-03-24,1,XLE;XLF,2,0.6110850152245515,0.5684144131645695,0.6157479330114499,0.376274335018788,True
2014-03-24,2,XLP,1,0.1936088907799776,0.15117541103559437,1.0,0.1936088907799776,False
2014-03-25,0,EWJ,1,0.188378071622361,0.22239059266375738,1.0,0.188378071622361,False
2014-03-25,1,XLE;XLF,2,0.611027195428574,0.5678413650143629,0.6163693270058745,0.3766184212285971,True
2014-03-25,2,XLP,1,0.19391600790974425,0.15159698048080336,1.0,0.19391600790974425,False
2014-03-26,0,EWJ,1,0.19034169669244855,0.22415233473607526,1.0,0.19034169669244855,False
2014-03-26,1,XLE;XLF,2,0.6088948398888392,0.5654730975814762,0.6189507537970367,0.37687592013232296,True
2014-03-26,2,XLP,1,0.19406397936355663,0.15109910847125738,1.0,0.19406397936355663,False
2014-03-27,0,EWJ,1,0.1922149606582575,0.21965938331817134,1.0,0.1922149606582575,False
2014-03-27,1,XLE;XLF,2,0.6082681973390834,0.541910292172278,0.6458633560861249,0.39285813933387775,True
2014-03-28,0,EWJ,1,0.19274031967284663,0.22175324239908645,1.0,0.19274031967284663,False
2014-03-28,1,XLE;XLF,2,0.609316494385969,0.5441838496811492,0.643164989562027,0.3918910367517226,True
2014-03-31,0,EWJ,1,0.1923345025311137,0.21898893162315244,1.0,0.1923345025311137,False
2014-03-31,1,XLE;XLF,2,0.6101390833691126,0.5434177245248112,0.6440717411381008,0.3929733417619492,True
2014-04-01,0,EWJ,1,0.1922114529476023,0.2210386068903333,1.0,0.1922114529476023,False
2014-04-01,1,XLE;XLF,2,0.6109097241031337,0.5446223008398482,0.6426472060734089,0.39259942735795594,True
2014-04-02,0,EWJ,1,0.19324565461440207,0.2255312321612611,1.0,0.19324565461440207,False
2014-04-02,1,XLE;XLF;XLY,3,0.8067543453855979,0.7266413717582221,0.48166814277739295,0.38858786721947236,True
2014-04-03,0,EWJ,1,0.19217637491440506,0.22946272067209914,1.0,0.19217637491440506,False
2014-04-03,1,XLE;XLF;XLY,3,0.8078236250855952,0.7258218137231826,0.482212015928037,0.38954225876681964,True
2014-04-04,0,EWJ,1,0.1927927372160043,0.229147867645872,1.0,0.1927927372160043,False
2014-04-04,1,XLE;XLF;XLY,3,0.8072072627839956,0.7225170753655336,0.48441761715171794,0.3910254187853837,True
2014-04-07,0,EWJ,1,0.1939558394868077,0.2270142819049226,1.0,0.1939558394868077,False
2014-04-07,1,XLE;XLF;XLY,3,0.8060441605131925,0.7232363110068215,0.4839358791496004,0.39007368945135346,True
2014-04-08,0,EWJ,1,0.1893974945144301,0.22568595758712023,1.0,0.1893974945144301,False
2014-04-08,1,XLE;XLF;XLY,3,0.8106025054855697,0.7294046203570133,0.4798434095861492,0.38896227005127093,True
2014-04-09,0,EWJ,1,0.19053219124487492,0.23094554445611698,1.0,0.19053219124487492,False
2014-04-09,1,XLE;XLF;XLY,3,0.8094678087551254,0.7263993620675309,0.4818286169797898,0.39002475478214305,True
2014-04-10,0,EWJ,1,0.1890633397765296,0.22732477893107905,1.0,0.1890633397765296,False
2014-04-10,1,XLF;XLY,2,0.396283562663591,0.37670872452882875,0.929099798359502,0.3681869781639274,True
2014-04-11,0,EWJ,1,0.18946710882662082,0.22595230230165148,1.0,0.18946710882662082,False
2014-04-11,1,XLF;XLY,2,0.3934552613763556,0.3745549603939543,0.9344423035590622,0.36766124078795465,True
2014-04-14,0,EWJ,1,0.19099990715924178,0.22896528722689988,1.0,0.19099990715924178,False
2014-04-14,1,XLF;XLY,2,0.39430790378655745,0.37559946266221955,0.9318437186230977,0.36743334334694433,True
2014-04-15,0,EWJ,1,0.19045361533023464,0.22705730764173068,1.0,0.19045361533023464,False
2014-04-15,1,XLF;XLY,2,0.3956622627608868,0.3755349785725048,0.9320037279361588,0.3687587038968025,True
2014-04-16,0,EWJ,1,0.19265601232150878,0.22985538428953114,1.0,0.19265601232150878,False
2014-04-16,1,XLF;XLY,2,0.7970791585089281,0.7670340636803732,0.45630307253974406,0.36370966908501756,True
2014-04-17,0,EWJ,1,0.19285863894339964,0.22919079495666264,1.0,0.19285863894339964,False
2014-04-17,1,XLF;XLY,2,0.7968933090814978,0.7643393799864209,0.4579117721321882,0.36490682736179225,True
2014-04-21,0,EWJ,1,0.19258979613411162,0.22714626427536552,1.0,0.19258979613411162,False
2014-04-21,1,XLF;XLY,2,0.7971764375618753,0.7634122282437131,0.4584678985365497,0.365479806091846,True
2014-04-22,0,EWJ,1,0.1902362724308359,0.22425834018507598,1.0,0.1902362724308359,False
2014-04-22,1,XLF;XLY,2,0.7995821674370083,0.7669811529425424,0.4563345509302493,0.3648769693092026,True
2014-04-23,0,EWJ,1,0.19109400207426006,0.22481576211029747,1.0,0.19109400207426006,False
2014-04-23,1,XLF;XLY,2,0.7987060967025554,0.7655878765157096,0.45716502407652493,0.365140491929091,True
2014-04-24,0,EWJ,1,0.18993938750036762,0.22376371412173557,1.0,0.18993938750036762,False
2014-04-24,1,XLF;XLY,2,0.799885774195821,0.7670542375785837,0.45629107154778337,0.3649807370236394,True
2014-04-25,0,EWJ,1,0.19123158132702558,0.2241197089238989,1.0,0.19123158132702558,False
2014-04-25,1,XLF;XLY,2,0.7984592877759883,0.771359776182946,0.45374416816490737,0.3622962453454602,True
2014-04-28,0,EWJ,1,0.19259509409073267,0.22503768175946032,1.0,0.19259509409073267,False
2014-04-28,1,XLF;XLY,2,0.7970784951732443,0.7703772512139094,0.45432286512678455,0.36213098565805424,True
2014-04-29,0,EWJ,1,0.19211560459437935,0.2244412926871366,1.0,0.19211560459437935,False
2014-04-29,1,XLF;XLY,2,0.797611503808878,0.7716171685969295,0.4535928103264248,0.3617908435613548,True
2014-04-30,0,EWJ,1,0.1911610463569015,0.2225832248210339,1.0,0.1911610463569015,False
2014-04-30,1,XLF;XLY,2,0.7985894325391011,0.772246076900591,0.45322340957007473,0.3619394254620026,True
2014-05-01,0,EWJ,1,0.19259133116294042,0.22390699476658302,1.0,0.19259133116294042,False
2014-05-01,1,XLF;XLY,2,0.7972113053104897,0.7710317899207334,0.45393718466002814,0.3618838555117898,True
2014-05-02,0,EWJ,1,0.19204721120225826,0.22341404980330215,1.0,0.19204721120225826,False
2014-05-02,1,XLF;XLY,2,0.7977660794786207,0.7667513305625554,0.45647133046800137,0.36415734370184727,True
2014-05-05,0,EWJ,1,0.19168446610654244,0.22784901083377765,1.0,0.19168446610654244,False
2014-05-05,1,XLF;XLY,2,0.7981207559124055,0.7714663533870706,0.4536814839212997,0.3620926088907296,True
2014-05-06,0,EWJ,1,0.19347234243977404,0.22728911670069268,1.0,0.19347234243977404,False
2014-05-06,1,XLF;XLY,2,0.7962100792706257,0.7703408976038443,0.4543443053441401,0.3617535153742152,True
2014-05-07,0,EWJ,1,0.19239275095002356,0.22438846797645778,1.0,0.19239275095002356,False
2014-05-07,1,XLF;XLY,2,0.7973009868391534,0.7701425616829076,0.4544613132861838,0.362342453563292,True
2014-05-08,0,EWJ,1,0.19147833397526734,0.20629077383310052,1.0,0.19147833397526734,False
2014-05-08,1,FXI,1,0.20004000800160027,0.3086609941411335,1.0,0.20004000800160027,False
2014-05-08,2,XLF;XLY,2,0.5986009042630701,0.5265251669632312,0.6647355567420418,0.3979113053616016,True
2014-05-09,0,EWJ,1,0.1924932109138694,0.20772571392004807,1.0,0.1924932109138694,False
2014-05-09,1,FXI,1,0.1986713312551776,0.3066087388988697,1.0,0.1986713312551776,False
2014-05-09,2,XLF;XLY,2,0.5989825793810512,0.5264013794434481,0.6648918746566486,0.3982586500913419,True
2014-05-12,0,EWJ,1,0.19049070400622425,0.2043133050721791,1.0,0.19049070400622425,False
2014-05-12,1,FXI,1,0.20063170059426513,0.30103348851439327,1.0,0.20063170059426513,False
2014-05-12,2,XLF;XLY,2,0.599135962241492,0.5320401406760725,0.6578451008513173,0.39413865750440535,True
2014-05-13,0,EWJ,1,0.19269756540064703,0.20746749699285855,1.0,0.19269756540064703,False
2014-05-13,1,FXI,1,0.2008289401373164,0.2911861902072444,1.0,0.2008289401373164,False
2014-05-13,2,XLF;XLY,2,0.5967498130255325,0.5267144532426347,0.6644966695811745,0.39653826332865494,True
2014-05-14,0,EWJ,1,0.19256385565359488,0.2069897511118872,1.0,0.19256385565359488,False
2014-05-14,1,FXI,1,0.20403935490107178,0.29637945556076856,1.0,0.20403935490107178,False
2014-05-14,2,XLF;XLY,2,0.5936279873829311,0.5262398659681172,0.6650959431895361,0.39481956617215663,True
2014-05-15,0,EWJ,1,0.19230188496442888,0.20635911113414052,1.0,0.19230188496442888,False
2014-05-15,1,FXI,1,0.20433943079815436,0.2951942653275838,1.0,0.20433943079815436,False
2014-05-15,2,XLF;XLY,2,0.5935067551660621,0.5252438627014172,0.6663571435178535,0.39548746603100715,True
2014-05-16,0,EWJ,1,0.19156979105792388,0.19156979105792385,1.0,0.19156979105792388,False
2014-05-16,1,FXI,1,0.20548141574557446,0.27759479490126937,1.0,0.20548141574557446,False
2014-05-16,2,XLY,1,0.39183334585880747,0.33419867593450386,1.0,0.39183334585880747,False
2014-05-19,0,EWJ,1,0.191735802223949,0.191735802223949,1.0,0.191735802223949,False
2014-05-19,1,FXI,1,0.20409267600908873,0.27552618846430255,1.0,0.20409267600908873,False
2014-05-19,2,XLY,1,0.3932514576871023,0.33512699948680325,1.0,0.3932514576871023,False
2014-05-20,0,EWJ,1,0.19083859982523696,0.19083859982523696,1.0,0.19083859982523696,False
2014-05-20,1,FXI,1,0.20432266359285997,0.27285465945296444,1.0,0.20432266359285997,False
2014-05-20,2,XLY,1,0.39243365049324236,0.33491284462921606,1.0,0.39243365049324236,False
2014-05-21,0,EWJ,1,0.19120713702349518,0.1912071370234952,1.0,0.19120713702349518,False
2014-05-21,1,FXI,1,0.20512361778096685,0.2734426371493106,1.0,0.20512361778096685,False
2014-05-21,2,XLY,1,0.3933307422882037,0.335908843614079,1.0,0.3933307422882037,False
2014-05-22,0,EWJ,1,0.1920285529915127,0.1905073048407043,1.0,0.1920285529915127,False
2014-05-22,1,FXI,1,0.20575053366798118,0.2688751798106741,1.0,0.20575053366798118,False
2014-05-22,2,IWM;XLY,2,0.5932788423915585,0.5155597244003299,0.6788738208887444,0.4027614745868085,True
2014-05-23,0,FXI,1,0.20428160175730786,0.2636110471100846,1.0,0.20428160175730786,False
2014-05-23,1,IWM;XLY,2,0.5944604767236688,0.5123041445232104,0.6831879143311185,0.40612821324512566,True
2014-05-27,0,FXI,1,0.20242894305969755,0.25995107026301323,1.0,0.20242894305969755,False
2014-05-27,1,IWM;XLY,2,0.5970902015379016,0.5133568438404968,0.6817869561874336,0.4070883110758672,True
2014-05-28,0,FXI,1,0.2046905709470512,0.26337532802410074,1.0,0.2046905709470512,False
2014-05-28,1,IWM;XLY,2,0.5950264670471515,0.5098712452647401,0.6864478106002422,0.40845461555371426,True
2014-05-29,0,FXI,1,0.20453092758488353,0.26298157952922574,1.0,0.20453092758488353,False
2014-05-29,1,IWM;XLY,2,0.5957244209544973,0.510596912183707,0.6854722221157381,0.40835254260029064,True
2014-05-30,0,FXI,1,0.20552668001852187,0.26404260461768725,1.0,0.20552668001852187,False
2014-05-30,1,IWM;XLY,2,0.7944733199814782,0.6722743317228506,0.5206207994034937,0.41361933495350484,True
2014-06-02,0,FXI,1,0.20653507802768126,0.2636270017889529,1.0,0.20653507802768126,False
2014-06-02,1,IWM;XLY,2,0.7934649219723187,0.6696987745918332,0.5226230258720681,0.4146830384445176,True
2014-06-03,0,FXI,1,0.2083139926059334,0.26613981451637875,1.0,0.2083139926059334,False
2014-06-03,1,IWM;XLY,2,0.7916860073940666,0.6681726506175538,0.5238167106608075,0.41469836026934764,True
2014-06-04,0,FXI,1,0.20618941867380733,0.2645242756590521,1.0,0.20618941867380733,False
2014-06-04,1,IWM;XLY,2,0.7938105813261926,0.6723509682320329,0.5205614575380705,0.4132271932243059,True
2014-06-05,0,FXI,1,0.20585514553201797,0.25647862980732417,1.0,0.20585514553201797,False
2014-06-05,1,IWM;XLY,2,0.794144854467982,0.6679491678443685,0.5239919695229707,0.4161255263792108,True
2014-06-06,0,FXI,1,0.20387778879212243,0.25268335446762874,1.0,0.20387778879212243,False
2014-06-06,1,IWM;XLY,2,0.7961222112078773,0.6689461183807961,0.5232110485179066,0.4165399368744677,True
2014-06-09,0,FXI,1,0.20508613619766766,0.2539046587048758,1.0,0.20508613619766766,False
2014-06-09,1,IWM;XLY,2,0.7949138638023324,0.6665058252757521,0.5251266931616017,0.41743048864683063,True
2014-06-10,0,FXI,1,0.2061413582460492,0.25653912248563143,1.0,0.2061413582460492,False
2014-06-10,1,IWM;XLY,2,0.7938586417539508,0.6669215651969691,0.5247993441277172,0.4166164945225938,True
2014-06-11,0,FXI,1,0.2060169947947374,0.25526118902356654,1.0,0.2060169947947374,False
2014-06-11,1,IWM;XLY,2,0.7939830052052625,0.6666280869197255,0.5250303833089867,0.41686520156374013,True
2014-06-12,0,FXI,1,0.2074047417185234,0.2558102845961092,1.0,0.2074047417185234,False
2014-06-12,1,IWM;XLY,2,0.7925952582814768,0.6663095100898226,0.5252814115662522,0.41633555607081235,True
2014-06-13,0,FXI,1,0.20976425522508868,0.25735317126475177,1.0,0.20976425522508868,False
2014-06-13,1,IWM;XLY,2,0.7902357447749112,0.6656352066749122,0.5258135334342908,0.4155166492061745,True
2014-06-16,0,FXI,1,0.2089739603652542,0.2586121178872128,1.0,0.2089739603652542,False
2014-06-16,1,IWM;XLY,2,0.7910260396347459,0.6713446767436838,0.5213417371500635,0.4123948896341134,True
2014-06-17,0,FXI,1,0.20806235969081974,0.25826113829089964,1.0,0.20806235969081974,False
2014-06-17,1,IWM;XLY,2,0.7919376403091803,0.6736416825537218,0.5195640487583517,0.41146232676317296,True
2014-06-18,0,FXI,1,0.20810921716275918,0.2562001706708879,1.0,0.20810921716275918,False
2014-06-18,1,IWM;XLY,2,0.7918907828372409,0.6745027204347431,0.5189007981678879,0.41091275927603793,True
2014-06-19,0,FXI,1,0.2068558796082238,0.2547687765163702,1.0,0.2068558796082238,False
2014-06-19,1,IWM;XLY,2,0.793144120391776,0.6746428068602119,0.5187930508425639,0.41147765797589125,True
2014-06-20,0,FXI,1,0.20673741936203385,0.253116915695024,1.0,0.20673741936203385,False
2014-06-20,1,IWM;XLY,2,0.7932625806379661,0.6742641123574025,0.5190844263923658,0.41177025164898645,True
2014-06-23,0,FXI,1,0.2046311914825499,0.2512784875520815,1.0,0.2046311914825499,False
2014-06-23,1,IWM;XLY,2,0.7953688085174501,0.675541643308164,0.5181027749614828,0.41208278681069915,True
2014-06-24,0,FXI,1,0.20484375580211,0.24971668723873192,1.0,0.20484375580211,False
2014-06-24,1,IWM;XLY,2,0.7951562441978901,0.6725282318663155,0.5204242489995166,0.41381859122396314,True
2014-06-25,0,FXI,1,0.20378021846121236,0.24188772060395305,1.0,0.20378021846121236,False
2014-06-25,1,IWM;XLY,2,0.7962197815387875,0.6760292825274252,0.5177290526402621,0.4122261131895129,True
2014-06-26,0,FXI,1,0.20534612281897638,0.24346814462600977,1.0,0.20534612281897638,False
2014-06-26,1,IWM;XLY,2,0.7946538771810236,0.6751366538647174,0.5184135656040566,0.41195934989050254,True
2014-06-27,0,FXI,1,0.20512516296953415,0.24125910428677655,1.0,0.20512516296953415,False
2014-06-27,1,IWM;XLY,2,0.7948748370304658,0.6748608233217961,0.5186254526929449,0.41224232218915613,True
2014-06-30,0,FXI,1,0.2043064428058716,0.24095508653009604,1.0,0.2043064428058716,False
2014-06-30,1,IWM;XLY,2,0.6032642519750168,0.5178555076767085,0.6758642030674339,0.4077247129001663,True
2014-07-01,0,FXI,1,0.20424375344959222,0.23940980956379457,1.0,0.20424375344959222,False
2014-07-01,1,IWM;XLY,2,0.6048292887972849,0.5200812133454926,0.672971818667661,0.4070330664653768,True
2014-07-02,0,FXI,1,0.20732319444085903,0.24265757226464815,1.0,0.20732319444085903,False
2014-07-02,1,IWM;XLY,2,0.602439431476507,0.5175684461971026,0.6762390608849278,0.4073930753817229,True
2014-07-03,0,FXI,1,0.20819844167613313,0.24218490169854637,1.0,0.20819844167613313,False
2014-07-03,1,IWM;XLY,2,0.6027992590176114,0.5186661101601635,0.674807921982642,0.40677371535035073,True
2014-07-07,0,FXI,1,0.2091417826449799,0.2637477437784,1.0,0.2091417826449799,False
2014-07-07,1,IWM;XLF;XLY,3,0.7908582173550203,0.7057399147994805,0.4959334064298238,0.3922130097358932,True
2014-07-08,0,FXI,1,0.20996031963690706,0.2630470796965801,1.0,0.20996031963690706,False
2014-07-08,1,IWM;XLF;XLY,3,0.7900396803630928,0.705265634986459,0.49626691368099896,0.392070553859315,True
2014-07-09,0,FXI,1,0.20801666267953445,0.26015666839961604,1.0,0.20801666267953445,False
2014-07-09,1,IWM;XLF;XLY,3,0.7919833373204657,0.7057650036082889,0.4959157767962319,0.3927570319369509,True
2014-07-10,0,FXI,1,0.20850317451453984,0.25932401689257784,1.0,0.20850317451453984,False
2014-07-10,1,IWM;XLF;XLY,3,0.7914968254854602,0.7052544477159433,0.49627478583583523,0.3927999175575402,True
2014-07-11,0,FXI,1,0.2089130799191566,0.2600509021149357,1.0,0.2089130799191566,False
2014-07-11,1,IWM;XLF;XLY,3,0.7910869200808435,0.7045896131623844,0.49674305930952833,0.39296693686071055,True
2014-07-14,0,FXI,1,0.21047310611512335,0.26324425866029527,1.0,0.21047310611512335,False
2014-07-14,1,IWM;XLF;XLY,3,0.7895268938848767,0.7037942055525253,0.49730446377464377,0.3926352485990787,True
2014-07-15,0,FXI,1,0.2109362561191155,0.2590158625701134,1.0,0.2109362561191155,False
2014-07-15,1,IWM;XLF;XLY,3,0.5892874658024168,0.5284966055554794,0.6622559091597768,0.3902591064214404,True
2014-07-16,0,FXI,1,0.2115337185438879,0.2430333126496639,1.0,0.2115337185438879,False
2014-07-16,1,IWM;XLF;XLY,3,0.588748219085601,0.5258401029953949,0.6656015735701033,0.39187174105997197,True
2014-07-17,0,FXI,1,0.210717592211662,0.24318657362667723,1.0,0.210717592211662,False
2014-07-17,1,IWM;XLF;XLY,3,0.5874531449878795,0.522209485559388,0.6702291124127742,0.3937281999493192,True
2014-07-18,0,FXI,1,0.21040592032834235,0.24261829222719655,1.0,0.21040592032834235,False
2014-07-18,1,IWM;XLF;XLY,3,0.5894862758040372,0.5250331004494284,0.6666246369998385,0.39296607462425304,True
2014-07-21,0,FXI,1,0.2107850599141498,0.24270194096738468,1.0,0.2107850599141498,False
2014-07-21,1,IWM;XLF;XLY,3,0.7888292059834893,0.7344088828631384,0.4765737563460607,0.37593529781103197,True
2014-07-22,0,FXI,1,0.21349700294807136,0.252505095908611,1.0,0.21349700294807136,False
2014-07-22,1,IWM;XLF;XLY,3,0.7861208999573501,0.732255142805138,0.47797547540494256,0.3757465108828757,True
2014-07-23,0,FXI,1,0.21556364484925392,0.25927359083615387,1.0,0.21556364484925392,False
2014-07-23,1,IWM;XLF;XLY,3,0.7840556266607845,0.729984866596939,0.479461994372073,0.37592487445742523,True
2014-07-24,0,FXI,1,0.21780794662192654,0.26514374558070547,1.0,0.21780794662192654,False
2014-07-24,1,IWM;XLF;XLY,3,0.7818124429905863,0.72819036590241,0.4806435465075982,0.3757731053027648,True
2014-07-25,0,FXI,1,0.21960722774167424,0.2718307511925376,1.0,0.21960722774167424,False
2014-07-25,1,IWM;XLF;XLY,3,0.7800106925639814,0.7209104404332173,0.485497199610085,0.3786930069057359,True
2014-07-28,0,FXI,1,0.2237676544937247,0.3176763354536585,1.0,0.2237676544937247,False
2014-07-28,1,IWM;XLF;XLI;XLY,4,0.7762323455062752,0.7396601646500028,0.47319027943814607,0.36730560047904187,True
2014-07-29,0,IWM;XLF;XLI;XLY,4,0.7760449182843887,0.7567817484715056,0.462484726550165,0.3589089218234006,True
2014-07-30,0,IWM;XLF;XLI;XLY,4,0.7766835615060622,0.7627851986314059,0.4588447712776444,0.35637719113435534,True
2014-07-31,0,IWM;XLF;XLI;XLY,4,0.7730630729792667,0.7651483115857215,0.4574276577499689,0.3536204307658992,True
2014-08-01,0,IWM;XLF;XLI;XLY,4,0.7722918590724446,0.7664765268559468,0.45663498846557593,0.3526554841596039,True
2014-08-04,0,IWM;XLF;XLI;XLY,4,0.9738005411930967,1.0195474377604865,0.34328956852542497,0.3342955676160035,True
2014-08-05,0,IWM;XLF;XLI;XLY,4,0.9736574265753386,1.017623661393638,0.3439385435679376,0.3348783172304281,True
2014-08-06,0,IWM;XLF;XLI;XLY,4,0.9736735964761598,1.0149547110475687,0.3448429729822656,0.3357644977231738,True
2014-08-07,0,IWM;XLF;XLI;XLY,4,0.9735792990294918,1.0142675947661544,0.34507658709208255,0.33595942177259913,True
2014-08-08,0,IWM;XLF;XLI;XLY,4,0.9738789080182826,1.0093647997353232,0.34675273012470553,0.3376951701662065,True
2014-08-11,0,IWM;XLF;XLI;XLY,4,0.9740248331340259,1.0094975906634904,0.3467071177158166,0.3377013424795273,True
2014-08-12,0,IWM;XLF;XLI;XLY,4,0.9739396080588875,1.0092097753200735,0.3468059947090748,0.3377680945594289,True
2014-08-13,0,IWM;XLF;XLI;XLY,4,0.9741095243151299,1.008476314784574,0.34705822523433816,0.33807272269267435,True
2014-08-14,0,IWM;XLF;XLI;XLY,4,0.9742153809156611,1.0061934125625953,0.3478456483914085,0.33887658084749117,True
2014-08-15,0,IWM;XLF;XLI;XLY,4,0.9741517899780976,1.0085207444255044,0.3470429358390388,0.3380724971468537,True
2014-08-18,0,IWM;XLF;XLI;XLY,4,0.9744739930837742,1.0093876702256028,0.3467448734753946,0.33789386143689587,True
2014-08-19,0,IWM;XLF;XLI;XLY,4,0.9745662460622093,1.008211338313676,0.34714943851495106,0.3383201251161196,True
2014-08-20,0,IWM;XLF;XLI;XLY,4,0.9746118054264016,1.0036005092742608,0.34874434275954824,0.3398903535291271,True
2014-08-21,0,IWM;XLF;XLI;XLY,4,0.974680423729276,1.0056275755105568,0.34804137090443754,0.3392291108684553,True
2014-08-22,0,IWM;XLF;XLI;XLY,4,0.9746563393265408,0.9915328769444686,0.35298879960346685,0.3440427712447849,True
2014-08-25,0,IWM;XLF;XLI;XLY,4,0.9747777382289887,0.9925578050337233,0.35262429878137763,0.34373031641069446,True
2014-08-26,0,IWM;XLF;XLI;XLY,4,0.9748624290792237,0.9946573030301495,0.35187998814642085,0.3430345799887883,True
2014-08-27,0,IWM;XLF;XLI;XLY,4,0.9748294958864356,0.9949902596013356,0.3517622374918877,0.3429082046461015,True
2014-08-28,0,IWM;XLF;XLI;XLY,4,0.9747497958993349,0.995848331128515,0.35145914197935446,0.3425847269113311,True
2014-08-29,0,IWM;XLF;XLI;XLY,4,0.9748230187984548,0.9952941849021568,0.3516548225732948,0.3428012157159342,True
2014-09-02,0,IWM;XLF;XLI;XLY,4,0.9749216037906919,0.9965219772941937,0.3512215565484441,0.34241348319607234,True
2014-09-03,0,IWM;XLF;XLI;XLY,4,0.9748312006635318,0.999721671445068,0.3500974421151493,0.34128590984634233,True
2014-09-04,0,IWM;XLF;XLI;XLY,4,0.9748165360704989,0.9997157253873532,0.3500995244066885,0.34128280566205715,True
2014-09-05,0,IWM;XLF;XLI;XLY,4,0.9748868861105622,1.0028048197538857,0.34902105883964446,0.3402560532391923,True
2014-09-08,0,IWM;XLF;XLI;XLY,4,0.9748796126189607,0.9981480121545739,0.350649398423887,0.34184094970055057,True
2014-09-09,0,IWM;XLF;XLI;XLY,4,0.9746472181162731,1.0034949343772737,0.34878103317700865,0.33993846371769104,True
2014-09-10,0,IWM;XLF;XLI;XLY,4,0.9747515696344942,1.00359098672017,0.3487476518136467,0.3399423210116962,True
2014-09-11,0,IWM;XLF;XLI;XLY,4,0.9748324291064064,1.0058113433715257,0.3479777816253135,0.33922002613686303,True
2014-09-12,0,IWM;XLF;XLI;XLY,4,0.9746905098699307,1.0071157284502212,0.3475270915871705,0.3387313580927133,True
2014-09-15,0,IWM;XLY,2,0.5848859414438581,0.5889765634238195,0.5942511497662849,0.34756914318514864,True
2014-09-16,0,IWM;XLY,2,0.9861044496771644,1.0305231660450223,0.33963331590423357,0.3349139240717748,True
2014-09-17,0,IWM;XLY,2,0.9861321751838066,1.0313460014447349,0.33936234736908016,0.33465612978655357,True
2014-09-18,0,IWM;XLY,2,0.9862106270827619,1.0334723888546313,0.33866410343859815,0.33399413782260123,True
2014-09-19,0,IWM;XLY,2,0.9860716012241844,1.0305392181753303,0.3396280256269227,0.33489755105054797,True
2014-09-22,0,IWM;XLY,2,0.5922140974760477,0.59498766704895,0.5882474871049811,0.34836845466842936,True
2014-09-23,0,IWM;XLY,2,0.9903610950504691,1.035173883315435,0.33810744807338716,0.33484846251867934,True
2014-09-24,0,IWM;XLY,2,0.9904509263398945,1.0328657572186413,0.33886301056441215,0.33562718271584746,True
2014-09-25,0,IWM;XLY,2,0.9902929195671196,1.0298650653212749,0.339850347181953,0.33655139252671545,True
2014-09-26,0,IWM;XLY,2,0.9903810525772949,1.0352188546694243,0.3380927602132645,0.33484066372877586,True
2014-09-29,0,IWM;XLY,2,0.9903651758230092,1.0358116837926639,0.3378992585973366,0.3346436586512157,True
2014-09-30,0,IWM;XLY,2,0.9902369267160555,1.0365874801731452,0.33764637012742826,0.3343499038718163,True
2014-10-01,0,IWM;XLY,2,0.7917464328271775,0.815446343806562,0.42921278960694687,0.339827695095102,True
2014-10-02,0,IWM;XLY,2,0.7931110003842106,0.8189983931618267,0.4273512657928294,0.3389369899284096,True
2014-10-03,0,IWM;XLY,2,0.7945505269840223,0.8190314412141414,0.4273340220995131,0.33953847245736996,True
2014-10-06,0,IWM;XLY,2,0.7932710299023784,0.8177732157746285,0.4279915180010702,0.3395132722741913,True
2014-10-07,0,DBC,1,0.2000800240064016,0.14982857078674822,1.0,0.2000800240064016,False
2014-10-07,1,IWM;XLY,2,0.7929442194194597,0.936005458706633,0.3739294431932352,0.2965051904508131,True
2014-10-08,0,DBC,1,0.1965957909281916,0.1441441360945572,1.0,0.1965957909281916,False
2014-10-08,1,IWM;XLY,2,0.7965230382891642,0.9402049621729855,0.3722592563126725,0.2965130738694346,True
2014-10-09,0,DBC,1,0.198847898870651,0.1420143661026835,1.0,0.198847898870651,False
2014-10-09,1,IWM;XLY,2,0.7941092094315063,0.9326038096739273,0.37529334146980686,0.2980238986994967,True
2014-10-10,0,DBC,1,0.20008649194347844,0.1428952552487489,1.0,0.20008649194347844,False
2014-10-10,1,IWM;XLY,2,0.7928016504415694,0.9310345088202973,0.37592591540294334,0.2980346861752113,True
2014-10-13,0,DBC,1,0.2013668113860679,0.1396336491692159,1.0,0.2013668113860679,False
2014-10-13,1,IWM;XLY,2,0.7914758234312831,0.904526824497883,0.3869426428500785,0.30625574687044277,True
2014-10-14,0,DBC,1,0.19727578373001262,0.1392716226922801,1.0,0.19727578373001262,False
2014-10-14,1,IWM;XLY,2,0.7956051139631564,0.9141574583630391,0.38286620843933933,0.30461031339802214,True
2014-10-15,0,DBC,1,0.19441082820650799,0.14189256829783814,1.0,0.19441082820650799,False
2014-10-15,1,IWM;XLY,2,0.7984840428536719,0.9201649342512271,0.3803665918706282,0.3037166540433318,True
2014-10-16,0,IWM;XLY,2,0.798507202772281,0.8187093261933674,0.42750215345334297,0.34136354873315533,True
2014-10-17,0,IWM;XLY,2,0.7985652798549223,0.8148915946882882,0.42950498235766166,0.34298776643552953,True
2014-10-20,0,IWM;XLY,2,0.8005166518773026,0.8153590367786038,0.4292587488608853,0.3436287764271558,True
2014-10-21,0,DBC,1,0.19661987498091332,0.14121639625915336,1.0,0.19661987498091332,False
2014-10-21,1,IWM;XLY,2,0.8033801250190867,0.9073300784943484,0.38574715893999767,0.30990160077497286,True
2014-10-22,0,DBC,1,0.1969324109531963,0.14587127608252679,1.0,0.1969324109531963,False
2014-10-22,1,IWM,1,0.6091005146013249,0.7670296405147029,0.4563057038645053,0.27793603903938996,True
2014-10-23,0,DBC,1,0.19667651475806655,0.14643250356661727,1.0,0.19667651475806655,False
2014-10-23,1,IWM,1,0.6118670005379485,0.7681777449118967,0.4556237177115069,0.27878111753008866,True
2014-10-24,0,DBC,1,0.19547816146321706,0.14685480178165225,1.0,0.19547816146321706,False
2014-10-24,1,IWM,1,0.6130297162418353,0.7655151098284906,0.45720848028514494,0.2802823849325632,True
2014-10-27,0,DBC,1,0.19511675058207,0.1464100187921016,1.0,0.19511675058207,False
2014-10-27,1,IWM,1,0.6132262251960702,0.7663050622928196,0.45673716281187554,0.28008320625788935,True
2014-10-28,0,DBC,1,0.19306595144727698,0.11373665965479356,1.0,0.19306595144727698,False
2014-10-28,1,IWM,1,0.6190115131514189,0.619011513151419,0.5654175933144316,0.3499999999999999,True
2014-10-28,2,XLE,1,0.18792253540130396,0.19723251339937414,1.0,0.18792253540130396,False
2014-10-29,0,DBC,1,0.19504532714732262,0.11740309015850062,1.0,0.19504532714732262,False
2014-10-29,1,IWM,1,0.6166824035961445,0.6166824035961445,0.5675530839845553,0.35,True
2014-10-29,2,XLE,1,0.18827226925653306,0.19829286640821422,1.0,0.18827226925653306,False
2014-10-30,0,DBC,1,0.19283637805749176,0.1188476008114515,1.0,0.19283637805749176,False
2014-10-30,1,IWM,1,0.6201179265208387,0.6201179265208389,0.5644087761882148,0.3499999999999999,True
2014-10-30,2,XLE,1,0.1870456954216695,0.20039482786292603,1.0,0.1870456954216695,False
2014-10-31,0,DBC,1,0.19020526556698875,0.14427646111635373,1.0,0.19020526556698875,False
2014-10-31,1,IWM,1,0.6214898949413481,0.7715608604728139,0.4536259133019258,0.28192392120068693,True
2014-11-03,0,DBC,1,0.18902463749935736,0.14471238100854697,1.0,0.18902463749935736,False
2014-11-03,1,IWM,1,0.6221473582896074,0.7679947656980884,0.455732272708732,0.2835326295530566,True
2014-11-04,0,DBC,1,0.18737885487132136,0.13824307457352666,1.0,0.18737885487132136,False
2014-11-04,1,IWM,1,0.622879297267234,0.7275423823492404,0.48107163031498873,0.29964955902580276,True
2014-11-04,2,XLB,1,0.18974184786144477,0.18974184786144477,1.0,0.18974184786144477,False
2014-11-05,0,DBC,1,0.18724296300869184,0.1376410500816708,1.0,0.18724296300869184,False
2014-11-05,1,IWM,1,0.6218444576037502,0.7217431085316047,0.4849370861497788,0.3015554393087523,True
2014-11-05,2,XLB,1,0.1909125793875581,0.1909125793875581,1.0,0.1909125793875581,False
2014-11-06,0,DBC,1,0.18659294657651185,0.13684852318404161,1.0,0.18659294657651185,False
2014-11-06,1,IWM,1,0.6217873372075639,0.7166204621314906,0.48840358110759546,0.30368316217953023,True
2014-11-06,2,XLB,1,0.19161971621592436,0.19161971621592433,1.0,0.19161971621592436,False
2014-11-07,0,DBC,1,0.18693661302174616,0.13758317343223975,1.0,0.18693661302174616,False
2014-11-07,1,IWM,1,0.6210562922941645,0.7079619456292761,0.4943768548024152,0.3070358564396385,True
2014-11-07,2,XLB,1,0.1920070946840894,0.1920070946840894,1.0,0.1920070946840894,False
2014-11-10,0,DBC,1,0.18481541736592316,0.13693891338149644,1.0,0.18481541736592316,False
2014-11-10,1,IWM,1,0.6230128327453643,0.7107118745870025,0.492463982261991,0.3068113806141059,True
2014-11-10,2,XLB,1,0.19217174988871252,0.19217174988871252,1.0,0.19217174988871252,False
2014-11-11,0,DBC,1,0.18532218444606818,0.1377503731267809,1.0,0.18532218444606818,False
2014-11-11,1,IWM,1,0.6220043292465426,0.7055997357626514,0.49603193178877897,0.3085340090171462,True
2014-11-11,2,XLB,1,0.19267348630738942,0.19267348630738945,1.0,0.19267348630738942,False
2014-11-12,0,DBC,1,0.18423412243365833,0.13729462508359952,1.0,0.18423412243365833,False
2014-11-12,1,IWM,1,0.6231383316287367,0.7065503416509092,0.49536456125999184,0.30868064625155245,True
2014-11-12,2,XLB,1,0.19262754593760517,0.19262754593760514,1.0,0.19262754593760517,False
2014-11-13,0,DBC,1,0.1824286547763738,0.1394399005013884,1.0,0.1824286547763738,False
2014-11-13,1,IWM,1,0.6232284348334446,0.702751798776835,0.49804212612360105,0.3103940147451329,True
2014-11-13,2,XLB,1,0.19434291039018162,0.19434291039018162,1.0,0.19434291039018162,False
2014-11-14,0,DBC,1,0.18412452684251776,0.14285641211732455,1.0,0.18412452684251776,False
2014-11-14,1,IWM,1,0.6212183521492087,0.699253609941928,0.5005337048300215,0.3109407233096444,True
2014-11-14,2,XLB,1,0.1946571210082736,0.1946571210082736,1.0,0.1946571210082736,False
2014-11-17,0,DBC,1,0.18445984647496458,0.14402414187340204,1.0,0.18445984647496458,False
2014-11-17,1,IWM,1,0.61975391104417,0.7040571279553127,0.49711875088382723,0.3080912901136444,True
2014-11-17,2,XLB,1,0.19578624248086535,0.19578624248086532,1.0,0.19578624248086535,False
2014-11-18,0,DBC,1,0.18260695142942468,0.1410162703963566,1.0,0.18260695142942468,False
2014-11-18,1,IWM,1,0.620246548494729,0.6988464822773301,0.5008253012299002,0.3106351644866786,True
2014-11-18,2,XLB,1,0.19714650007584616,0.19714650007584616,1.0,0.19714650007584616,False
2014-11-19,0,DBC,1,0.18310218238596634,0.14168103611511085,1.0,0.18310218238596634,False
2014-11-19,1,IWM,1,0.6184761388225731,0.7003171298999656,0.49977358122026017,0.3090980347986362,True
2014-11-19,2,XLB,1,0.19842167879146053,0.19842167879146055,1.0,0.19842167879146053,False
2014-11-20,0,DBC,1,0.18290796372346907,0.1428058481436704,1.0,0.18290796372346907,False
2014-11-20,1,IWM,1,0.6195132765652048,0.7043472203038491,0.49691400762398563,0.3078448250342825,True
2014-11-20,2,XLB,1,0.19757875971132613,0.19757875971132613,1.0,0.19757875971132613,False
2014-11-21,0,DBC,1,0.18392420898512382,0.1444768299921318,1.0,0.18392420898512382,False
2014-11-21,1,IWM,1,0.6171058736795307,0.6953191083576454,0.5033660024484375,0.31063011672151586,True
2014-11-21,2,XLB,1,0.19896991733534553,0.19896991733534553,1.0,0.19896991733534553,False
2014-11-24,0,DBC,1,0.18143732849775057,0.14311796761998208,1.0,0.18143732849775057,False
2014-11-24,1,IWM,1,0.6214513292593175,0.6902791415323726,0.5070412517797132,0.315101459907811,True
2014-11-24,2,XLB,1,0.19711134224293217,0.19711134224293217,1.0,0.19711134224293217,False
2014-11-25,0,DBC,1,0.1807890482759111,0.14233179651051356,1.0,0.1807890482759111,False
2014-11-25,1,IWM,1,0.6225924966660268,0.6889198935169459,0.5080416508416457,0.31630291980783004,True
2014-11-25,2,XLB,1,0.19661845505806205,0.19661845505806205,1.0,0.19661845505806205,False
2014-11-26,0,DBC,1,0.18004501279699878,0.14134737149421184,1.0,0.18004501279699878,False
2014-11-26,1,IWM,1,0.6235318789100387,0.6881034180456497,0.508644472358631,0.3171560435469824,True
2014-11-26,2,XLB,1,0.1964231082929624,0.19642310829296242,1.0,0.1964231082929624,False
2014-11-28,0,DBC,1,0.17565768879883156,0.1570250983717689,1.0,0.17565768879883156,False
2014-11-28,1,IWM,1,0.6280603708321444,0.6797523780623437,0.5148933807303278,0.32338412764050617,True
2014-11-28,2,XLB,1,0.19628194036902397,0.196281940369024,1.0,0.19628194036902397,False
2014-12-01,0,DBC,1,0.18079171444058167,0.16571185253050086,1.0,0.18079171444058167,False
2014-12-01,1,IWM,1,0.6235103536485209,0.6755174384954071,0.5181213393684724,0.32305401954248153,True
2014-12-02,0,DBC,1,0.17632686580600143,0.16179395522827558,1.0,0.17632686580600143,False
2014-12-02,1,IWM,1,0.6286914858914465,0.6805084174955639,0.5143213382842271,0.3233494463915881,True
2014-12-03,0,DBC,1,0.1744479343140003,0.1473745841227845,1.0,0.1744479343140003,False
2014-12-03,1,IWM,1,0.6317005056733281,0.631700505673328,0.5540600282200753,0.35000000000000003,True
2014-12-03,2,XLE,1,0.19385156001267165,0.2609417661698623,1.0,0.19385156001267165,False
2014-12-04,0,DBC,1,0.17484263076854237,0.1474317894993177,1.0,0.17484263076854237,False
2014-12-04,1,IWM,1,0.6319787949102809,0.6319787949102808,0.553816050188342,0.35000000000000003,True
2014-12-04,2,XLE,1,0.1931785743211768,0.2599838201466404,1.0,0.1931785743211768,False
2014-12-05,0,DBC,1,0.17405826547274958,0.14661647683194678,1.0,0.17405826547274958,False
2014-12-05,1,IWM,1,0.6354546685342207,0.6354546685342207,0.550786731659918,0.35,True
2014-12-05,2,XLE,1,0.19048706599302978,0.25698834035840723,1.0,0.19048706599302978,False
2014-12-08,0,DBC,1,0.17432424468399266,0.15998288991488457,1.0,0.17432424468399266,False
2014-12-08,1,IWM,1,0.6395747039157272,0.6921914110572379,0.5056404838445159,0.3233948627426613,True
2014-12-09,0,DBC,1,0.1734803491947991,0.15779295087719553,1.0,0.1734803491947991,False
2014-12-09,1,IWM,1,0.6426185174394107,0.700728918393354,0.4994798856061019,0.32097502357899965,True
2014-12-10,0,DBC,1,0.1736561391466162,0.14343979558227288,1.0,0.1736561391466162,False
2014-12-10,1,IWM,1,0.639538990570393,0.639538990570393,0.5472692129182639,0.35,True
2014-12-10,2,XLE,1,0.18680487028299067,0.2559055219605974,1.0,0.18680487028299067,False
2014-12-11,0,DBC,1,0.17192285188235526,0.14230402410501575,1.0,0.17192285188235526,False
2014-12-11,1,IWM,1,0.6415506578831423,0.6415506578831423,0.5455531776007501,0.3499999999999999,True
2014-12-11,2,XLE,1,0.1865264902345025,0.2551977379364845,1.0,0.1865264902345025,False
2014-12-12,0,DBC,1,0.1726973105145458,0.14286040028756367,1.0,0.1726973105145458,False
2014-12-12,1,IWM,1,0.6418904224858653,0.6418904224858654,0.5452644061030636,0.34999999999999987,True
2014-12-12,2,XLE,1,0.185412266999589,0.2528061860674165,1.0,0.185412266999589,False
2014-12-15,0,DBC,1,0.17180030311488154,0.1433601919307655,1.0,0.17180030311488154,False
2014-12-15,1,IWM,1,0.6424124059958674,0.6424124059958674,0.5448213588861662,0.35,True
2014-12-15,2,XLE,1,0.18578729088925117,0.2527103784189585,1.0,0.18578729088925117,False
2014-12-16,0,DBC,1,0.17084909359552294,0.14263311045215538,1.0,0.17084909359552294,False
2014-12-16,1,IWM,1,0.6416698715196614,0.6416698715196614,0.5454518211539181,0.3499999999999999,True
2014-12-16,2,XLE,1,0.18748103488481577,0.25569918919736273,1.0,0.18748103488481577,False
2014-12-17,0,DBC,1,0.16706939271126886,0.13493384811459513,1.0,0.16706939271126886,False
2014-12-17,1,IWM,1,0.643097794244114,0.643097794244114,0.5442407097840911,0.35,True
2014-12-17,2,XLE,1,0.18983281304461713,0.2600455475910658,1.0,0.18983281304461713,False
2014-12-18,0,DBC,1,0.1645254452085576,0.13172999491537488,1.0,0.1645254452085576,False
2014-12-18,1,IWM,1,0.21555825847386786,0.21555825847386786,1.0,0.21555825847386786,False
2014-12-18,2,XLE,1,0.19113523791175513,0.26213325428924106,1.0,0.19113523791175513,False
2014-12-19,0,DBC,1,0.16546340140401164,0.135450411933365,1.0,0.16546340140401164,False
2014-12-19,1,IWM,1,0.2141152748264857,0.21411527482648576,1.0,0.2141152748264857,False
2014-12-19,2,XLE,1,0.19547786536059497,0.2753723342429654,1.0,0.19547786536059497,False
2014-12-22,0,DBC,1,0.1630280736683252,0.13516653884798394,1.0,0.1630280736683252,False
2014-12-22,1,IWM,1,0.216340584407128,0.216340584407128,1.0,0.216340584407128,False
2014-12-22,2,XLE,1,0.19417651904447272,0.2736110925191257,1.0,0.19417651904447272,False
2014-12-23,0,DBC,1,0.16396873564147718,0.13739231346460493,1.0,0.16396873564147718,False
2014-12-23,1,IWM,1,0.21568965418213792,0.2156896541821379,1.0,0.21568965418213792,False
2014-12-23,2,XLE,1,0.1957018449479277,0.27701028934349403,1.0,0.1957018449479277,False
2014-12-24,0,DBC,1,0.16236303452270776,0.13874728598516312,1.0,0.16236303452270776,False
2014-12-24,1,EEM,1,0.20008002400640157,0.2000800240064015,1.0,0.20008002400640157,False
2014-12-24,2,IWM;XLB;XLE,3,0.6120071596715462,0.624033572034309,0.5608672604889232,0.3432547790445871,True
2014-12-26,0,DBC,1,0.16162932393387638,0.1383103669107712,1.0,0.16162932393387638,False
2014-12-26,1,EEM,1,0.2009683481418717,0.20171960554409635,1.0,0.2009683481418717,False
2014-12-26,2,IWM;XLB;XLE,3,0.6119409323167205,0.624060480474945,0.5608430768338837,0.3432028353211049,True
2014-12-29,0,DBC,1,0.1602649539378968,0.1372919803587501,1.0,0.1602649539378968,False
2014-12-29,1,EEM,1,0.19997433159753045,0.20049767518634676,1.0,0.19997433159753045,False
2014-12-29,2,IWM;XLB;XLE,3,0.6142700581164737,0.6259752375768911,0.5591275484871046,0.3434553117036952,True
2014-12-30,0,DBC,1,0.16062153710880428,0.13794649761954694,1.0,0.16062153710880428,False
2014-12-30,1,EEM,1,0.20104454604499106,0.20214669717877423,1.0,0.20104454604499106,False
2014-12-30,2,IWM;XLB;XLE,3,0.6127590583517866,0.6255412652113479,0.5595154460061841,0.34284815782802924,True
2014-12-31,0,DBC,1,0.1603390560707488,0.13737828834668678,1.0,0.1603390560707488,False
2014-12-31,1,EEM,1,0.20236835316681578,0.20317730303161147,1.0,0.20236835316681578,False
2014-12-31,2,IWM;XLB;XLE,3,0.6115689886856056,0.624585577243023,0.5603715691690024,0.34270587384485274,True
2015-01-02,0,DBC,1,0.15916816898709293,0.13658174337501114,1.0,0.15916816898709293,False
2015-01-02,1,EEM,1,0.20062407705863658,0.20195145111707052,1.0,0.20062407705863658,False
2015-01-02,2,IWM;XLB;XLE,3,0.6143638330717345,0.626939711664302,0.5582673955536721,0.3429792970113282,True
2015-01-05,0,DBC,1,0.1604570465107265,0.1368163471828977,1.0,0.1604570465107265,False
2015-01-05,1,EEM,1,0.20152332489164243,0.20285810050596162,1.0,0.20152332489164243,False
2015-01-05,2,XLB;XLE,2,0.3918264212977257,0.45703447784181783,0.7658065572049401,0.30006324271594376,True
2015-01-06,0,DBC,1,0.16008451931838352,0.1374493479291297,1.0,0.16008451931838352,False
2015-01-06,1,XLB;XLE,2,0.39002727711205487,0.4568055889020479,0.7661902754763579,0.29883510689377907,True
2015-01-07,0,DBC,1,0.15883037536586064,0.13558494833504803,1.0,0.15883037536586064,False
2015-01-07,1,XLB;XLE,2,0.3920304863075992,0.4563607626137561,0.766937100366415,0.30066272442398567,True
2015-01-08,0,DBC,1,0.15792736808180757,0.13229758751213616,1.0,0.15792736808180757,False
2015-01-08,1,XLB;XLE,2,0.39724718954523885,0.4601636027793805,0.7605990519154618,0.30214583574419046,True
2015-01-09,0,DBC,1,0.1581737737749653,0.13266186281461298,1.0,0.1581737737749653,False
2015-01-09,1,EEM,1,0.2000800240064016,0.20008002400640162,1.0,0.2000800240064016,False
2015-01-09,2,TIP,1,0.20004000800160032,0.056126597864877725,1.0,0.20004000800160032,False
2015-01-09,3,XLB;XLE,2,0.3959530026833795,0.4609377123749531,0.7593216840441338,0.3006557007998752,True
2015-01-12,0,DBC,1,0.1564399445346502,0.1340097296779385,1.0,0.1564399445346502,False
2015-01-12,1,EEM,1,0.2006887905321693,0.2006887905321693,1.0,0.2006887905321693,False
2015-01-12,2,TIP,1,0.20224357501005508,0.056841743371351845,1.0,0.20224357501005508,False
2015-01-12,3,XLB;XLE,2,0.3943582506396691,0.46094935674658516,0.7593025022755775,0.29943720650372013,True
2015-01-13,0,DBC,1,0.15630709768709036,0.14382182995277656,1.0,0.15630709768709036,False
2015-01-13,1,EEM,1,0.20308856961655292,0.21931057874449095,1.0,0.20308856961655292,False
2015-01-13,2,TIP,1,0.2025677143480587,0.0613306803483985,1.0,0.2025677143480587,False
2015-01-13,3,XLB,1,0.20415058689038654,0.22211476195755714,1.0,0.20415058689038654,False
2015-01-14,0,DBC,1,0.15812307918537036,0.14633187874086656,1.0,0.15812307918537036,False
2015-01-14,1,EEM,1,0.2020745741091474,0.21714322708715708,1.0,0.2020745741091474,False
2015-01-14,2,TIP,1,0.20389436031836258,0.06244964568015089,1.0,0.20389436031836258,False
2015-01-14,3,XLB,1,0.2018793789387207,0.2197066465495703,1.0,0.2018793789387207,False
2015-01-15,0,DBC,1,0.15602395655910928,0.1446270057063943,1.0,0.15602395655910928,False
2015-01-15,1,EEM,1,0.2026366339777613,0.21743846191069935,1.0,0.2026366339777613,False
2015-01-15,2,TIP,1,0.2056087189457612,0.06419396462547192,1.0,0.2056087189457612,False
2015-01-15,3,XLB,1,0.20159043737634053,0.21904996735873938,1.0,0.20159043737634053,False
2015-01-16,0,DBC,1,0.15797819048302159,0.14833636968980138,1.0,0.15797819048302159,False
2015-01-16,1,EEM,1,0.40305321005539985,0.4276525981709636,0.8184213108886099,0.3298673365314026,True
2015-01-16,2,TIP,1,0.2031270526826619,0.06348288201551354,1.0,0.2031270526826619,False
2015-01-16,3,XLB,1,0.20346648301209563,0.22048221967898862,1.0,0.20346648301209563,False
2015-01-20,0,EEM,1,0.4032904083453364,0.40329040834533647,0.8678609576558437,0.3499999999999999,True
2015-01-20,1,TIP,1,0.20403876365796336,0.06025461331544744,1.0,0.20403876365796336,False
2015-01-20,2,XLB,1,0.20423685921596732,0.208446390599921,1.0,0.20423685921596732,False
2015-01-21,0,EEM,1,0.40808329886641487,0.40808329886641487,0.8576680324145578,0.35,True
2015-01-21,1,TIP,1,0.2011741938764055,0.05761324240922057,1.0,0.2011741938764055,False
2015-01-21,2,XLB,1,0.2041853785950576,0.20499847091541468,1.0,0.2041853785950576,False
2015-01-22,0,EEM,1,0.4115901005015608,0.4149337570238824,0.8435081361188335,0.3471795985190349,True
2015-01-22,1,TIP,1,0.1991514174888919,0.05729133815987048,1.0,0.1991514174888919,False
2015-01-22,2,XLB,1,0.20462589111012366,0.20462589111012364,1.0,0.20462589111012366,False
2015-01-23,0,EEM,1,0.41056513588576604,0.4105651358857661,0.8524834902137977,0.3499999999999999,True
2015-01-23,1,TIP,1,0.2013818461650944,0.05801547271067549,1.0,0.2013818461650944,False
2015-01-23,2,XLB,1,0.20247944648366653,0.20255859361869044,1.0,0.20247944648366653,False
2015-01-26,0,EEM;EWZ,2,0.5958195095556771,0.7924413390228009,0.4416730712605207,0.26315743270239306,True
2015-01-26,1,TIP,1,0.20093413066266433,0.058123041380073674,1.0,0.20093413066266433,False
2015-01-26,2,XLB,1,0.20324635978165853,0.20318459079357842,1.0,0.20324635978165853,False
2015-01-27,0,EEM;EWZ,2,0.5962738001855394,0.7964291667214688,0.43946155493122935,0.2620394113942903,True
2015-01-27,1,TIP,1,0.20171577432717586,0.05885483541827115,1.0,0.20171577432717586,False
2015-01-27,2,XLB,1,0.20201042548728468,0.2024546697918342,1.0,0.20201042548728468,False
2015-01-28,0,EEM;EWZ,2,0.594123281269693,0.7895872987100813,0.44326954166028465,0.26335675457812124,True
2015-01-28,1,TIP,1,0.2050303775532571,0.05983418456661012,1.0,0.2050303775532571,False
2015-01-28,2,XLB,1,0.20084634117704978,0.20203271272305184,1.0,0.20084634117704978,False
2015-01-29,0,EEM;EWZ,2,0.5927617013775802,0.7861453857659972,0.44521027069181374,0.2639035975260525,True
2015-01-29,1,TIP,1,0.20427609876988256,0.05906023471389231,1.0,0.20427609876988256,False
2015-01-29,2,XLB,1,0.20296219985253755,0.20457117412492293,1.0,0.20296219985253755,False
2015-01-30,0,EEM;EWZ,2,0.5841116804186512,0.7800160494206153,0.4487087160065167,0.2620960021250618,True
2015-01-30,1,TIP,1,0.20977738246911629,0.06141154156309813,1.0,0.20977738246911629,False
2015-01-30,2,XLB,1,0.20611093711223255,0.20502490214043015,1.0,0.20611093711223255,False
2015-02-02,0,EEM;EWZ,2,0.5869688800847496,0.7796842456156758,0.44889966928038066,0.2634901361479195,True
2015-02-02,1,TIP,1,0.20733794490061042,0.06044216884806861,1.0,0.20733794490061042,False
2015-02-02,2,XLB,1,0.20569317501464002,0.20431035778882423,1.0,0.20569317501464002,False
2015-02-03,0,EEM;EWZ,2,0.5900872625547773,0.7817193572742642,0.44773101336571275,0.26420036803784985,True
2015-02-03,1,TIP,1,0.20306855392618867,0.05860659076895033,1.0,0.20306855392618867,False
2015-02-03,2,XLB,1,0.20684418351903402,0.2058344597727181,1.0,0.20684418351903402,False
2015-02-04,0,EEM;EWZ,2,0.5888171583174773,0.779421261539594,0.44905113225759785,0.2644090116351644,True
2015-02-04,1,TIP,1,0.2045829960265504,0.05895212342736778,1.0,0.2045829960265504,False
2015-02-04,2,XLB,1,0.20659984565597245,0.20570619922059702,1.0,0.20659984565597245,False
2015-02-05,0,EEM;EWZ,2,0.5879985945656169,0.7710873864991691,0.4539044550956056,0.26689518166328824,True
2015-02-05,1,TIP,1,0.20208506151119643,0.058043686799194374,1.0,0.20208506151119643,False
2015-02-05,2,XLB,1,0.20991634392318656,0.21095203368840865,1.0,0.20991634392318656,False
2015-02-06,0,EEM;EWZ,2,0.5840493508064193,0.7659303366101333,0.4569606180492022,0.26688755231573663,True
2015-02-06,1,TIP,1,0.20345331320055854,0.05946412909613271,1.0,0.20345331320055854,False
2015-02-06,2,XLB,1,0.2124973359930219,0.21258821910251818,1.0,0.2124973359930219,False
2015-02-09,0,EEM;EWZ,2,0.5850933078431221,0.7700647793415163,0.4545072173009725,0.2659291312091987,True
2015-02-09,1,TIP,1,0.20288503011320289,0.0592276457567147,1.0,0.20288503011320289,False
2015-02-09,2,XLB,1,0.21202166204367495,0.21217135449437025,1.0,0.21202166204367495,False
2015-02-10,0,EEM;EWZ,2,0.5819528993409262,0.7613812383872981,0.4596908649093381,0.2675184316345273,True
2015-02-10,1,TIP,1,0.20329869098099623,0.059509599767604345,1.0,0.20329869098099623,False
2015-02-10,2,XLB,1,0.21474840967807746,0.2151668949537054,1.0,0.21474840967807746,False
2015-02-11,0,EEM;EWZ,2,0.5796845720990441,0.7573780750417833,0.4621205861823912,0.2678841742592989,True
2015-02-11,1,TIP,1,0.2043742726357458,0.059662703072376776,1.0,0.2043742726357458,False
2015-02-11,2,XLB,1,0.2159411552652101,0.21622077319831945,1.0,0.2159411552652101,False
2015-02-12,0,EEM;EWZ,2,0.5841370649455486,0.7677847228964965,0.45585694734796484,0.2662829392588777,True
2015-02-12,1,TIP,1,0.20027798128008853,0.05767738406557943,1.0,0.20027798128008853,False
2015-02-12,2,XLB,1,0.2155849537743629,0.21516246703055542,1.0,0.2155849537743629,False
2015-02-13,0,EEM;EWZ,2,0.5864453552172381,0.7718760773815796,0.4534406626349896,0.2659181704689163,True
2015-02-13,1,TIP,1,0.19808917524549463,0.05694863227134141,1.0,0.19808917524549463,False
2015-02-13,2,XLB,1,0.21546546953726725,0.21470909978180316,1.0,0.21546546953726725,False
2015-02-17,0,EEM;EWZ,2,0.5871818314631642,0.7738848024791448,0.45226369464650656,0.26556102452683295,True
2015-02-17,1,TIP,1,0.19709389998513982,0.05722470464314017,1.0,0.19709389998513982,False
2015-02-17,2,XLB,1,0.21572426855169596,0.21514592552573014,1.0,0.21572426855169596,False
2015-02-18,0,EEM;EWZ,2,0.5863536592613061,0.7718080358795808,0.4534806373208166,0.26590003109721005,True
2015-02-18,1,TIP,1,0.19764091542376086,0.05783880572631023,1.0,0.19764091542376086,False
2015-02-18,2,XLB,1,0.21600542531493283,0.21560366058991515,1.0,0.21600542531493283,False
2015-02-19,0,EEM;EWZ,2,0.5845328973635533,0.7667734848273154,0.4564581417142029,0.2668148001013864,True
2015-02-19,1,TIP,1,0.19814735929180202,0.057924035580517466,1.0,0.19814735929180202,False
2015-02-19,2,XLB,1,0.21731974334464488,0.21701589638480728,1.0,0.21731974334464488,False
2015-02-20,0,EEM;EWZ,2,0.585030368145031,0.7656733097114612,0.4571140139805776,0.2674255798833101,True
2015-02-20,1,TIP,1,0.19761989442463482,0.0577242281107762,1.0,0.19761989442463482,False
2015-02-20,2,XLB,1,0.2173497374303341,0.21716757435097078,1.0,0.2173497374303341,False
2015-02-23,0,EEM;EWZ,2,0.5830118147899178,0.7630999365896675,0.4586555223214509,0.26740158843204676,True
2015-02-23,1,TIP,1,0.19889545935917693,0.05809279596619302,1.0,0.19889545935917693,False
2015-02-23,2,XLB,1,0.21809272585090536,0.2176015514962528,1.0,0.21809272585090536,False
2015-02-24,0,EEM;EWZ,2,0.5863327039782087,0.7728063147057037,0.4528948500288656,0.26554706203523004,True
2015-02-24,1,TIP,1,0.19749549900109556,0.057699695590483296,1.0,0.19749549900109556,False
2015-02-24,2,XLB,1,0.21617179702069556,0.21488794401183492,1.0,0.21617179702069556,False
2015-02-25,0,EEM;EWZ,2,0.5848597162163599,0.769377235468821,0.45491338171284346,0.26606051133159825,True
2015-02-25,1,TIP,1,0.19867090470666862,0.058200209229369894,1.0,0.19867090470666862,False
2015-02-25,2,XLB,1,0.21646937907697153,0.21588188431273977,1.0,0.21646937907697153,False
2015-02-26,0,EEM;EWZ,2,0.5853284569315644,0.7680531282817107,0.45569764266571033,0.2667327980088717,True
2015-02-26,1,TIP,1,0.19903330670460675,0.05796973402981923,1.0,0.19903330670460675,False
2015-02-26,2,XLB,1,0.21563823636382878,0.21522277365942144,1.0,0.21563823636382878,False
2015-02-27,0,EEM;EWZ,2,0.5857821468288903,0.7714141849480792,0.4537121650460149,0.2657764860830384,True
2015-02-27,1,TIP,1,0.1996559079023256,0.058981339820274585,1.0,0.1996559079023256,False
2015-02-27,2,XLB,1,0.21456194526878425,0.2144224970614985,1.0,0.21456194526878425,False
2015-03-02,0,EEM;EWZ,2,0.5838092528929235,0.7631903634361542,0.4586011783798941,0.26773561132578033,True
2015-03-02,1,TIP,1,0.19907323382013473,0.0602308095126982,1.0,0.19907323382013473,False
2015-03-02,2,XLB,1,0.21711751328694165,0.21748489494808884,1.0,0.21711751328694165,False
2015-03-03,0,EEM;EWZ,2,0.5824559855544451,0.7607338754172221,0.4600820488085187,0.2679775431746741,True
2015-03-03,1,TIP,1,0.20043214934087708,0.06063213042118106,1.0,0.20043214934087708,False
2015-03-03,2,XLB,1,0.2171118651046777,0.21765778189811608,1.0,0.2171118651046777,False
2015-03-04,0,EEM;EWZ,2,0.5788279630463196,0.7549452983011815,0.46360974866336513,0.2683502864672318,True
2015-03-04,1,TIP,1,0.2026433981804677,0.06089019699855332,1.0,0.2026433981804677,False
2015-03-04,2,XLB,1,0.21852863877321288,0.21879975494052162,1.0,0.21852863877321288,False
2015-03-05,0,EEM;EWZ,2,0.5783194750452633,0.7528062916616063,0.4649270388368757,0.2688763610344907,True
2015-03-05,1,TIP,1,0.20315419594223358,0.06112929159980482,1.0,0.20315419594223358,False
2015-03-05,2,XLB,1,0.2185263290125031,0.21899314615282456,1.0,0.2185263290125031,False
2015-03-06,0,EEM;EWZ,2,0.5768258114254834,0.744970622941012,0.4698171836874077,0.2710026782021243,True
2015-03-06,1,TIP,1,0.20407985461406994,0.06370075053432184,1.0,0.20407985461406994,False
2015-03-06,2,XLB,1,0.21909433396044653,0.2197434500241165,1.0,0.21909433396044653,False
2015-03-09,0,EEM;EWZ,2,0.5735650754422771,0.7382194802038242,0.4741137417605996,0.2719350840611386,True
2015-03-09,1,TIP,1,0.20534304739398787,0.06411947298284135,1.0,0.20534304739398787,False
2015-03-09,2,XLB,1,0.22109187716373507,0.2217792147836915,1.0,0.22109187716373507,False
2015-03-10,0,EEM;EWZ,2,0.5707252774740488,0.7293107519305058,0.4799051694679398,0.27389401100582034,True
2015-03-10,1,TIP,1,0.20848122850264703,0.06462313583946828,1.0,0.20848122850264703,False
2015-03-10,2,XLB,1,0.22079349402330406,0.22131193406276173,1.0,0.22079349402330406,False
2015-03-11,0,EEM;EWZ,2,0.5723401877151801,0.7312342705886272,0.4786427743850925,0.2739464953400785,True
2015-03-11,1,TIP,1,0.20800698964906417,0.06358463285221422,1.0,0.20800698964906417,False
2015-03-11,2,XLB,1,0.2196528226357556,0.22004004528552815,1.0,0.2196528226357556,False
2015-03-12,0,EEM;EWZ,2,0.571557460829441,0.7266564199423107,0.48165816800708444,0.27529531949388947,True
2015-03-12,1,TIP,1,0.20682217712766834,0.06302733221926872,1.0,0.20682217712766834,False
2015-03-12,2,XLB,1,0.22162036204289062,0.22223722561230147,1.0,0.22162036204289062,False
2015-03-13,0,EEM;EWZ,2,0.5685815384371065,0.7210954729076029,0.4853726214487648,0.27597391181859,True
2015-03-13,1,TIP,1,0.2089441960648147,0.06353108937310127,1.0,0.2089441960648147,False
2015-03-13,2,XLB,1,0.22247426549807856,0.2231240629400272,1.0,0.22247426549807856,False
2015-03-16,0,EEM;EWZ,2,0.5712138119292349,0.7224318022264699,0.48447479598950577,0.276738695000804,True
2015-03-16,1,TIP,1,0.2079948954834807,0.06332167536820262,1.0,0.2079948954834807,False
2015-03-16,2,XLB,1,0.22079129258728417,0.22160572280135493,1.0,0.22079129258728417,False
2015-03-17,0,EEM,1,0.41458628036911976,0.4145862803691198,0.844215104485328,0.3499999999999999,True
2015-03-17,1,TIP,1,0.20669615163812094,0.06262193851209859,1.0,0.20669615163812094,False
2015-03-17,2,XLB,1,0.37871756799275913,0.38116746247281885,0.918231576560548,0.34775042952916774,True
2015-03-18,0,EEM,1,0.41678274305491303,0.4177677746731087,0.8377860170614283,0.34917475428391226,True
2015-03-18,1,TIP,1,0.20592814419165092,0.06655538462360842,1.0,0.20592814419165092,False
2015-03-18,2,XLB,1,0.37728911275343624,0.3772891127534362,0.9276705533475862,0.35000000000000003,True
2015-03-19,0,EEM,1,0.415408925968394,0.41540892596839396,0.8425432823430218,0.35000000000000003,True
2015-03-19,1,TIP,1,0.2086548363114005,0.06741754041934783,1.0,0.2086548363114005,False
2015-03-19,2,XLB,1,0.3759362377202055,0.37799123067664725,0.9259474072280994,0.34809718460011074,True
2015-03-20,0,EEM,1,0.4177500341359703,0.41894338890283545,0.8354350713508327,0.34900302957519713,True
2015-03-20,1,TIP,1,0.20736167903428254,0.06636358620587819,1.0,0.20736167903428254,False
2015-03-20,2,XLB,1,0.3748882868297472,0.37488828682974723,0.9336114578553102,0.3499999999999999,True
2015-03-23,0,EEM,1,0.4185153748331746,0.4185153748331745,0.8362894675960575,0.35000000000000003,True
2015-03-23,1,TIP,1,0.2070305197390229,0.06689279056634764,1.0,0.2070305197390229,False
2015-03-23,2,XLB,1,0.3744541054278024,0.37784334389247853,0.9263098203460696,0.3468605151266758,True
2015-03-24,0,EEM,1,0.4195727737121326,0.4195727737121326,0.8341818676731722,0.35,True
2015-03-24,1,TIP,1,0.2077306078440334,0.06750313288404397,1.0,0.2077306078440334,False
2015-03-24,2,XLB,1,0.372696618443834,0.3743040096487986,0.9350687969610516,0.34849697863972795,True
2015-03-25,0,EEM,1,0.4175526525227151,0.4193392637421073,0.8346463836385453,0.34850881140676626,True
2015-03-25,1,TIP,1,0.21000627607843267,0.0678785861642579,1.0,0.21000627607843267,False
2015-03-25,2,XLB,1,0.15935089073590045,0.15935089073590042,1.0,0.15935089073590045,False
2015-03-26,0,EEM,1,0.4155954818267129,0.418152330512333,0.8370155430466435,0.34785987790891754,True
2015-03-26,1,TIP,1,0.20986066626622815,0.06831999374503786,1.0,0.20986066626622815,False
2015-03-26,2,XLB,1,0.16045822261194856,0.16045822261194856,1.0,0.16045822261194856,False
2015-03-27,0,EEM,1,0.41626265613227575,0.41801270444605637,0.8372951259072718,0.3485346930767692,True
2015-03-27,1,TIP,1,0.20970380944929679,0.06822668517553407,1.0,0.20970380944929679,False
2015-03-27,2,XLB,1,0.16020192515050558,0.16020192515050555,1.0,0.16020192515050558,False
2015-03-30,0,EEM,1,0.4202600544807147,0.4223302528704193,0.8287353264919624,0.34828435346160497,True
2015-03-30,1,TIP,1,0.20709569446389628,0.06717333435818962,1.0,0.20709569446389628,False
2015-03-30,2,XLB,1,0.1608386206555941,0.16083862065559412,1.0,0.1608386206555941,False
2015-03-31,0,EEM;EWZ,2,0.6203112855868704,0.8139964248223966,0.4299773184831437,0.2667197832014741,True
2015-03-31,1,TIP,1,0.20804198147947192,0.06737759535390618,1.0,0.20804198147947192,False
2015-03-31,2,XLB,1,0.15960042748248648,0.15883792239047023,1.0,0.15960042748248648,False
2015-04-01,0,EEM;EWZ,2,0.6231100008248269,0.8258331413872418,0.42381442746662706,0.26408300824830355,True
2015-04-01,1,TIP,1,0.2069800340200071,0.06788894851694578,1.0,0.2069800340200071,False
2015-04-01,2,XLB,1,0.15801728633263296,0.15703518436934366,1.0,0.15801728633263296,False
2015-04-02,0,EEM;EWZ,2,0.62814848984362,0.848970128582485,0.4122642107377685,0.2589631413915012,True
2015-04-02,1,TIP,1,0.20378701161471385,0.06781434034623243,1.0,0.20378701161471385,False
2015-04-02,2,XLB,1,0.15631216151645283,0.15377291128385479,1.0,0.15631216151645283,False
2015-04-06,0,EEM;EWZ,2,0.6298524996918275,0.8488762202034876,0.41230981816889634,0.25969436962116227,True
2015-04-06,1,TIP,1,0.20253752082654394,0.0681551753776928,1.0,0.20253752082654394,False
2015-04-06,2,XLB,1,0.15597560335671956,0.15373838572550594,1.0,0.15597560335671956,False
2015-04-07,0,EEM;EWZ,2,0.6285556200315519,0.8481284207263343,0.41267335399544935,0.25938815589110975,True
2015-04-07,1,TIP,1,0.20358678289427057,0.06907672450201541,1.0,0.20358678289427057,False
2015-04-07,2,XLB,1,0.15618842905729208,0.15218014269762623,1.0,0.15618842905729208,False
2015-04-08,0,EEM;EWZ,2,0.6335662380812377,0.8571525240424047,0.408328728181736,0.25870329621459875,True
2015-04-08,1,TIP,1,0.20037902689022788,0.06755140876538279,1.0,0.20037902689022788,False
2015-04-08,2,XLB,1,0.15454133751239132,0.14958433557682135,1.0,0.15454133751239132,False
2015-04-09,0,EEM;EWZ,2,0.4199795566477845,0.6248217544552301,0.5601597535686927,0.2352556449557118,True
2015-04-09,1,XLB,1,0.15451240958642948,0.1451386445766878,1.0,0.15451240958642948,False
2015-04-10,0,EEM,1,0.2119635301250107,0.21857037315800298,1.0,0.2119635301250107,False
2015-04-10,1,XLB,1,0.15464644890035711,0.14982616301017712,1.0,0.15464644890035711,False
2015-04-13,0,EEM,1,0.21111999887596786,0.21798996874776186,1.0,0.21111999887596786,False
2015-04-13,1,XLB,1,0.15431088622291278,0.1492895185415684,1.0,0.15431088622291278,False
2015-04-14,0,EEM,1,0.211723174212453,0.219442902420682,1.0,0.211723174212453,False
2015-04-14,1,XLB,1,0.15471860744218394,0.1490773468543806,1.0,0.15471860744218394,False
2015-04-15,0,EEM;EWU;EWZ;XLB;XLI,5,0.9687836608371561,1.040267468076558,0.33645193254687256,0.3259491349084951,True
2015-04-16,0,EWU;XLB;XLI,3,0.5551067086526218,0.48355780631665507,0.7238017780459622,0.4017872227280096,True
2015-04-16,1,EWZ,1,0.1999722569624337,0.4539461137414083,0.7710166237911191,0.15418193441506575,True
2015-04-17,0,EWU;XLB;XLI,3,0.5548713829793985,0.48262206234862104,0.7252051393936861,0.4023955786391421,True
2015-04-17,1,EWZ,1,0.19771389159219102,0.44450356981965966,0.7873952511607479,0.15567897932820213,True
2015-04-20,0,EWU;XLB;XLI,3,0.5566823730080823,0.48425518711742405,0.7227594237728436,0.4023474311398208,True
2015-04-20,1,EWZ,1,0.19681438475637134,0.4359493322061586,0.8028455926949016,0.15801156138061137,True
2015-04-21,0,EWU;XLB;XLI,3,0.5565156872094418,0.4863917987336861,0.7195845014476392,0.40046006332839645,True
2015-04-21,1,EWZ,1,0.19685665654303433,0.42957317180280596,0.8147622406938072,0.16039137058049388,True
2015-04-22,0,EWU;XLB;XLF;XLI,4,0.7546995188961718,0.63801073213822,0.5485801137341608,0.4140131479111784,True
2015-04-22,1,EWZ,1,0.20057523713252476,0.4358251427170895,0.8030743655998712,0.16107683131524606,True
2015-04-23,0,EWU;XLB;XLF;XLI,4,0.7513787193082211,0.6389011738099187,0.5478155532456878,0.4116169488148695,True
2015-04-23,1,EWZ,1,0.2042041787622214,0.44914757980374853,0.779253892791607,0.15912690122477421,True
2015-04-24,0,EWU;XLB;XLF;XLI,4,0.7479895053423614,0.6352840304915784,0.5509346736280658,0.4120933540030123,True
2015-04-24,1,EWZ,1,0.20788716726410425,0.4530776552395672,0.7724945071831795,0.1605916948253914,True
2015-04-27,0,EWU;XLB;XLF;XLI,4,0.7498436837234669,0.6385917809018355,0.5480809657551826,0.41097505034058146,True
2015-04-27,1,EWZ,1,0.20600487970228729,0.45357897964689425,0.7716406970015911,0.1589617489592019,True
2015-04-28,0,EWU;XLB;XLF;XLI,4,0.750376207599503,0.6400884605619523,0.54679942158733,0.41030527628830243,True
2015-04-28,1,EWZ,1,0.2055958931096772,0.4515382748835111,0.775128088732442,0.15936315167734355,True
2015-04-29,0,EWU;XLB;XLF;XLI,4,0.7517833566345974,0.6446403377497346,0.5429384100004593,0.4081720603159965,True
2015-04-29,1,EWZ,1,0.20400200814050148,0.4506268985080759,0.7766957568639845,0.15844749411445952,True
2015-04-30,0,EWU;XLB;XLF;XLI,4,0.750982777126614,0.6459056020550723,0.5418748480991773,0.4069386782805823,True
2015-04-30,1,EWZ,1,0.20446884264704973,0.45213607090961944,0.7741032457239269,0.15827999474249607,True
2015-05-01,0,EWU;XLB;XLF;XLI,4,0.7526772113464395,0.6444311986761526,0.5431146113332204,0.40878999109979364,True
2015-05-01,1,EWZ,1,0.2030775372591271,0.4396026461587672,0.7961735514066804,0.1616849640505217,True
2015-05-04,0,EWU;XLB;XLF;XLI,4,0.7535974107858431,0.6453070003492819,0.5423775037471426,0.4087342824923355,True
2015-05-04,1,EWZ,1,0.2022418617540127,0.4369825322482956,0.800947347252609,0.16198508267530534,True
2015-05-05,0,EWU;XLB;XLF;XLI,4,0.7493012960072025,0.6433445389806043,0.5440319747713781,0.40764386376555134,True
2015-05-05,1,EWZ,1,0.20623269301781177,0.4434636869193194,0.7892416229869943,0.16276742535035632,True
2015-05-06,0,EWU;XLB;XLF;XLI,4,0.750404845184884,0.6448570497144955,0.542755949019956,0.40728669389749494,True
2015-05-06,1,EWZ,1,0.2050444222309885,0.4414760751941425,0.7927949432958168,0.16255818109574005,True
2015-05-07,0,EWU;XLB;XLF;XLI,4,0.7503680016569892,0.6446112184530461,0.5429629363881358,0.4074220135513764,True
2015-05-07,1,EWZ,1,0.20523541079835117,0.44177425725274283,0.7922598346416595,0.16259977262171477,True
2015-05-08,0,EWU;XLB;XLF;XLI,4,0.7509808519260385,0.6522554454524535,0.5365995829397999,0.4029760119392879,True
2015-05-08,1,EWZ,1,0.2054389037913608,0.43773254928338723,0.7995749929334376,0.16426381004723048,True
2015-05-11,0,EWU;XLB;XLF;XLI,4,0.7543027988051996,0.654709340733691,0.5345883710896461,0.40324150452163265,True
2015-05-11,1,EWZ,1,0.20190166716076488,0.43135023081620305,0.8114056165861514,0.16382414673235235,True
2015-05-12,0,EWU;XLB;XLF;XLI,4,0.7526309545228242,0.6512226451161347,0.5374505979250511,0.40450195652519383,True
2015-05-12,1,EWZ,1,0.2034244478918525,0.43224801739277535,0.8097203131459636,0.16471690764853555,True
2015-05-13,0,EWU;XLB;XLF;XLI,4,0.7547278436455374,0.6551670976655792,0.534214860982919,0.403186830073039,True
2015-05-13,1,EWZ,1,0.20128404853494594,0.4285549055354746,0.8166981534435567,0.16438831075613358,True
2015-05-14,0,EWU;XLB;XLF;XLI,4,0.7535553986221992,0.6544725796133787,0.5347817630598948,0.4029876846384815,True
2015-05-14,1,EWZ,1,0.20294826537176075,0.42853902618921424,0.8167284158746917,0.1657536152815947,True
2015-05-15,0,EWU;XLB;XLF;XLI,4,0.7520017964599993,0.6533216620081347,0.5357238560316435,0.40286530214227395,True
2015-05-15,1,EWZ,1,0.2045387917808821,0.43215995681752734,0.8098853086191461,0.16565296250604697,True
2015-05-18,0,EWU;XLB;XLF;XLI,4,0.7560883145243672,0.6576694150715877,0.5321822666208406,0.4023767929891087,True
2015-05-18,1,EWZ,1,0.20019738238739657,0.4088146615342137,0.8561336784901695,0.1713957214074249,True
2015-05-19,0,EWU;XLB;XLF;XLI,4,0.7581489686648258,0.6592471327892477,0.5309086419825055,0.4025078393742798,True
2015-05-19,1,EWZ,1,0.19791718461239421,0.401783918394634,0.871115004797749,0.17240862922318276,True
2015-05-20,0,EWU;XLB;XLF;XLI,4,0.7578612304952246,0.6594937271774738,0.5307101274457048,0.40220463022227926,True
2015-05-20,1,EWZ,1,0.19821334177771552,0.4026222958199838,0.8693010884734715,0.17230707375733234,True
2015-05-21,0,EWU;XLB;XLF;XLI,4,0.7601966006684566,0.6618423137416082,0.5288268711943439,0.402012389824076,True
2015-05-21,1,EWZ,1,0.19592834013982638,0.39732349880535506,0.8808942865256042,0.17259215539761827,True
2015-05-22,0,EWU;XLB;XLF;XLI,4,0.7638469266770536,0.6754809913922227,0.5181492957760673,0.3957867471384286,True
2015-05-22,1,EWZ,1,0.19188853721922883,0.39703064141566513,0.8815440509881777,0.1691581984384347,True
2015-05-26,0,EWU;XLB;XLF;XLI,4,0.7665101655552774,0.680731865057417,0.5141525143243866,0.3941031288754477,True
2015-05-26,1,EWZ,1,0.18848410628392628,0.38706226627784596,0.9042472761960179,0.17043623971348107,True
2015-05-27,0,EWU;XLB;XLF;XLI,4,0.7661968323426653,0.6803483947084725,0.5144423103253944,0.39416406859435965,True
2015-05-27,1,EWZ,1,0.18917320609841523,0.3883186989597972,0.9013215200235197,0.17050588166834618,True
2015-05-28,0,EWU;XLB;XLF;XLI,4,0.7671778942999117,0.6850744900559985,0.510893348212967,0.39194608309385554,True
2015-05-28,1,EWZ,1,0.1880762693966185,0.38918626845961246,0.8993123045817866,0.16913930326821794,True
2015-05-29,0,EWU;XLB;XLF;XLI,4,0.7695643651233076,0.6886606077848212,0.5082329322216161,0.39111795381988507,True
2015-05-29,1,EWZ,1,0.18516696828571574,0.38389163574010104,0.9117156181984489,0.16881961696054393,True
2015-06-01,0,EWU;XLB;XLF;XLI,4,0.7683598687082759,0.6870658161923505,0.5094126235819222,0.3914122165737441,True
2015-06-01,1,EWZ,1,0.18638277199382672,0.3865262328236261,0.9055012836857228,0.16876983929731348,True
2015-06-02,0,EWU;XLB;XLF;XLI,4,0.7640298622326708,0.6890573678980608,0.507940291049582,0.3880815505930349,True
2015-06-02,1,EWZ,1,0.1910894224603337,0.4006880088393619,0.8734975648854941,0.16691614519447692,True
2015-06-03,0,EWU;XLB;XLF;XLI,4,0.7661235407200772,0.6909762963692657,0.5065296766894533,0.3880643093851199,True
2015-06-03,1,EWZ,1,0.18904812016126255,0.39677138862386274,0.8821200571289131,0.16676313855676653,True
2015-06-04,0,EWU;XLB;XLF;XLI,4,0.7663640405743508,0.6950421323493015,0.5035665950450662,0.38591533047700477,True
2015-06-04,1,EWZ,1,0.1883253070960145,0.3996686970507566,0.8757253259580425,0.16492124094280575,True
2015-06-05,0,EWU;XLB;XLF;XLI,4,0.7663854745480472,0.6941747760511805,0.5041957905629734,0.3864083302157322,True
2015-06-05,1,EWZ,1,0.1882299359709515,0.39813610337219296,0.8790963618609752,0.16547225190538778,True
2015-06-08,0,EWU;XLB;XLF;XLI,4,0.7640835064237699,0.6961475595174053,0.502766971190178,0.3841559502610497,True
2015-06-08,1,EWZ,1,0.1904541297401358,0.41539143407494344,0.8425787613541742,0.16047260473123082,True
2015-06-09,0,EWU;XLB;XLF;XLI,4,0.763434752817123,0.6939308719257832,0.5043730062458338,0.3850558813509174,True
2015-06-09,1,EWZ,1,0.19111109468902193,0.4119948031231616,0.8495252788306922,0.16235370600333018,True
2015-06-10,0,EWU;XLB;XLF;XLI,4,0.7641403965527371,0.7027249747560496,0.4980611371063085,0.38058863481592176,True
2015-06-10,1,EWZ,1,0.19104312700564527,0.4112042033544111,0.8511586144909611,0.16260800329014574,True
2015-06-11,0,EWU;XLB;XLF;XLI,4,0.7647011242767461,0.716439356184571,0.4885270427687561,0.3735771788448618,True
2015-06-11,1,EWZ,1,0.19061047746796086,0.414419728308428,0.8445543879598216,0.16098091513668306,True
2015-06-12,0,EWU;XLF;XLI,3,0.6086872444772373,0.5282621458609323,0.6625498395869146,0.40328563618699464,True
2015-06-12,1,EWZ,1,0.19009989059435844,0.38889094185867695,0.8999952488664291,0.1710889983449506,True
2015-06-15,0,EWU;XLF;XLI,3,0.6081559414401305,0.5285574586896141,0.6621796632436345,0.40270849650244117,True
2015-06-15,1,EWZ,1,0.18956264551955615,0.38778987538479154,0.9025506394479901,0.17108988692912808,True
2015-06-16,0,EWU;XLF;XLI,3,0.606192082665554,0.5258996917335212,0.6655261554656864,0.40343668625014373,True
2015-06-16,1,EWZ,1,0.19265944726906506,0.39531326916087955,0.8853737713963794,0.17057562142375401,True
2015-06-17,0,EWU;XLF;XLI,3,0.6064585468501731,0.5273545042266533,0.6636901689372362,0.4025005754124222,True
2015-06-17,1,EWZ,1,0.19281947107735065,0.39633403989589433,0.8830934635135933,0.1702776145465567,True
2015-06-18,0,EWU;XLF;XLI,3,0.8054941826204475,0.6940749020865361,0.5042683418573786,0.40618521584577755,True
2015-06-18,1,EWZ,1,0.19450581737955264,0.40018482705155106,0.8745958775566312,0.1701139860409397,True
2015-06-19,0,EWU;XLF;XLI,3,0.8075787018791059,0.6933647268349565,0.504784836110233,0.40765348267415913,True
2015-06-19,1,EWZ,1,0.19242129812089395,0.39468295723724367,0.8867877205795213,0.17063684435158005,True
2015-06-22,0,EWU;XLF;XLI,3,0.6101678555383809,0.5309952392794448,0.6591396195471478,0.4021858081594675,True
2015-06-22,1,EWZ,1,0.19227084065222713,0.39228741042065957,0.8922029886829309,0.17154461866649662,True
2015-06-23,0,EWU;XLF;XLI,3,0.6100719851582588,0.5307784061170021,0.6594088907280221,0.4022868909974498,True
2015-06-23,1,EWZ,1,0.19240387714136611,0.39278454321314954,0.8910737605325473,0.1714460463453993,True
2015-06-24,0,EWU;XLF;XLI,3,0.609267936048451,0.5302197356224166,0.6601036824650452,0.40218000819346017,True
2015-06-24,1,EWZ,1,0.1919958849325557,0.39273953625819163,0.8911758753259459,0.1711021008137499,True
2015-06-25,0,EWU;XLF;XLI,3,0.8103580864159443,0.6972224463071323,0.5019918705339875,0.4067931716022826,True
2015-06-25,1,EWZ,1,0.18964191358405563,0.38533171595873006,0.9083083107477345,0.17225332617450143,True
2015-06-26,0,EWU;XLF;XLI,3,0.8081192411349234,0.6880387340110292,0.5086922911441633,0.4110840282906067,True
2015-06-26,1,EWZ,1,0.19188075886507658,0.39544718141023444,0.8850739528648003,0.1698286617274109,True
2015-06-29,0,EWU;XLF;XLI,3,0.8071887253959432,0.6858724983180144,0.5102989270721824,0.4119075405143123,True
2015-06-29,1,EWZ,1,0.19281127460405678,0.3874422701593166,0.9033603892938158,0.17417806808655756,True
2015-06-30,0,EWU;XLF;XLI,3,0.8059714023626967,0.6836914807047128,0.5119268118409763,0.4125983704465361,True
2015-06-30,1,EWZ,1,0.19402859763730332,0.38799936128812795,0.9020633406148582,0.17502608495952202,True
2015-07-01,0,EWU;XLF;XLI,3,0.8094767303537018,0.6785105014532815,0.5158357892034764,0.41755706804385145,True
2015-07-01,1,EWZ,1,0.19052326964629812,0.38313523750665995,0.9135155572682505,0.17404597084350718,True
2015-07-02,0,EWU;XLF;XLI,3,0.805918411110087,0.6741219378330874,0.5191939029977986,0.41842792536203044,True
2015-07-02,1,EWZ,1,0.19408158888991298,0.3942825524777393,0.8876882778620049,0.17228395140640848,True
2015-07-06,0,EWU;XLF;XLI,3,0.8100322333724406,0.6751304393134835,0.518418337582146,0.41993556381289354,True
2015-07-06,1,EWZ,1,0.18996776662755946,0.38678738449359706,0.9048899060093154,0.17189991448841185,True
2015-07-07,0,EWU;XLF;XLI,3,0.8110425855958585,0.6750193648495839,0.5185036433406488,0.42052853553587266,True
2015-07-07,1,EWZ,1,0.18895741440414152,0.3837378656523182,0.9120809576741481,0.17234445948936025,True
2015-07-08,0,EWU;XLF;XLI,3,0.8132280327307666,0.6825648553023187,0.5127717861257001,0.41700039087084445,True
2015-07-08,1,EWZ,1,0.18677196726923334,0.37991592852131184,0.9212564510318138,0.17206487971868398,True
2015-07-09,0,EWU;XLF;XLI,3,0.8127469302203236,0.7546378805147543,0.46379860995217687,0.376950896479085,True
2015-07-10,0,EWU;XLB;XLF;XLI,4,1.0,0.9352477902284013,0.37423237312811486,0.37423237312811486,True
2015-07-13,0,XLB;XLF;XLI,3,0.7970747106439064,0.7364515959130629,0.4752518725498383,0.37881124879563705,True
2015-07-14,0,XLB;XLF;XLI,3,0.7976093645699301,0.7377759269276127,0.47439878047734185,0.3783849098492824,True
2015-07-15,0,XLB;XLF;XLI,3,0.7973325845150343,0.7265889227114656,0.4817029121416813,0.38407742790634525,True
2015-07-16,0,XLB;XLF;XLI,3,0.7980354105559828,0.7323324458068908,0.47792502162643724,0.38140109084863083,True
2015-07-17,0,XLB;XLF;XLI,3,0.9978314244064126,0.9138911451819898,0.38297777787342707,0.3821472616114444,True
2015-07-20,0,XLB;XLI,2,0.7831880945138576,0.7434402468168373,0.47078430512550673,0.36871266285827614,True
2015-07-21,0,XLB;XLI,2,0.7817342532761214,0.7423553500998332,0.47147232111000664,0.3685660628832908,True
2015-07-22,0,XLB;XLI,2,0.5817486701029042,0.5592639646974134,0.6258225490880063,0.3640714356523571,True
2015-07-23,0,XLB;XLI,2,0.5786343831055284,0.5597268800405556,0.6253049701215714,0.3618229556391163,True
2015-07-24,0,XLB;XLI,2,0.9965327552096679,0.937379466949612,0.3733813384444593,0.37208673394393055,True
2015-07-27,0,XLB;XLI,2,0.9965114576287711,0.9376796728187239,0.3732617973341344,0.3719596577385732,True
2015-07-28,0,XLB;XLI,2,0.9965785122681223,0.9388819811634554,0.3727838077862381,0.3715083325612548,True
2015-07-29,0,XLB;XLI,2,0.9966166567646939,0.9521608153358537,0.3675849650214236,0.36634129891661815,True
2015-07-30,0,XLB;XLI,2,0.9966174493720837,0.9511027552093456,0.36799388718305426,0.36674912922889386,True
2015-07-31,0,XLB;XLI,2,0.9966132292446903,0.9509399129931182,0.368056903719986,0.3668103793621773,True
2015-08-03,0,XLB;XLI,2,0.9965949418822329,0.950884427294544,0.3680783804566238,0.36682505217927536,True
2015-08-04,0,XLB;XLI,2,0.9965963224003168,0.9501290341457667,0.3683710184845312,0.3671172023005429,True
2015-08-05,0,XLB;XLI,2,0.9966147333907681,0.9544323900287351,0.36671010294344947,0.36546869147668704,True
2015-08-06,0,XLB;XLI,2,0.9965983462332348,0.9559259875863464,0.3661371325239606,0.36489166076795787,True
2015-08-07,0,XLB;XLI,2,0.9965757980593708,0.9526494069071273,0.3673964393011175,0.36613839970068235,True
2015-08-10,0,XLB;XLI,2,0.9966444390979066,0.9499902577388273,0.36842483083255206,0.36718855887484997,True
2015-08-11,0,XLB;XLI,2,0.9965987682662361,0.9479176995534375,0.3692303669030385,0.3679745288620586,True
2015-08-12,0,XLB;XLI,2,0.9966017299704164,0.9461632202185477,0.3699150342360126,0.3686579630616759,True
2015-08-13,0,XLB;XLI,2,0.9965978300810664,0.945909374441616,0.3700143052357527,0.3687554536969045,True
2015-08-14,0,XLB;XLI,2,0.9966179379598037,0.9464284469883981,0.369811369378979,0.36856064438456937,True
2015-08-17,0,XLB;XLI,2,0.9966350588409011,0.9463743604381315,0.3698325045893728,0.36858803997270734,True
2015-08-18,0,XLB;XLI,2,0.996625839951384,0.9458867658835017,0.37002314930697217,0.3687746319795175,True
2015-08-19,0,XLB;XLI,2,0.9965921754925953,0.9453088865305764,0.37024934916728836,0.3689876043613454,True
2015-08-20,0,XLB;XLI,2,0.9965215918788098,0.9479467795520008,0.3692190400872608,0.3679347455797232,True
2015-08-21,0,XLB;XLI,2,0.9964255169799328,0.9537949128838283,0.36695519683761385,0.3656435217173924,True
2015-08-24,0,XLB;XLI,2,0.9962894909870468,0.9524447673208196,0.3674753770599557,0.36611185636133636,True
2015-08-25,0,XLB;XLI,2,0.9962385247154677,0.9525038220009411,0.36745259380140755,0.3660704299515863,True
2015-08-26,0,XLB;XLI,2,0.9963491785728354,0.9581503442241263,0.3652871411150164,0.363953542993166,True
2015-08-27,0,XLB;XLI,2,0.9964430540557612,0.949753723914395,0.36851658612874977,0.3672057925523344,True
2015-08-28,0,XLB;XLI,2,0.9964481075630616,0.9467674406216495,0.36967895703108383,0.36836589713950985,True
2015-08-31,0,XLB;XLI,2,0.9964187349661049,0.9474274477503841,0.36942142728823857,0.3680984312479196,True
2015-09-01,0,XLB;XLI,2,0.9963186629850256,0.9472214215951479,0.36950177859215855,0.36814151801752837,True
2015-09-02,0,XLB;XLI,2,0.9963929988658946,0.9513285961494947,0.36790652716277633,0.3665794879020554,True
2015-09-03,0,XLB;XLI,2,0.9963989236873498,0.9486992609597225,0.36892618599273835,0.3675976546432435,True
2015-09-04,0,XLB;XLI,2,0.996344106664481,0.9484283395813551,0.3690315708559417,0.3676824307954534,True
2015-09-08,0,XLB;XLI,2,0.9964402015380844,0.9529318579288963,0.3672875422180664,0.3659800725901978,True
2015-09-09,0,XLB;XLI,2,0.9964041709604334,0.9562363103058124,0.3660183118209212,0.3647021725462624,True
2015-09-10,0,XLB;XLI,2,0.9964074782347061,0.9561581828147324,0.3660482191029022,0.36473318290862794,True
2015-09-11,0,XLB;XLI,2,0.9964222328907668,0.9561039963782914,0.3660689645956874,0.3647592550944459,True
2015-09-14,0,XLB;XLI,2,0.9963993882301787,0.9548948313986066,0.36653251069268555,0.36521276942066333,True
2015-09-15,0,XLB;XLI,2,0.9964539670896002,0.9555597354661863,0.36627746755072976,0.364978635596457,True
2015-09-16,0,XLB;XLI,2,0.9964841677229407,0.9540315389769364,0.366864181843847,0.36557434891202345,True
2015-09-17,0,XLB;XLI,2,0.9964685912726323,0.9539495171476212,0.3668957253068543,0.3656000665404718,True
2015-09-18,0,XLB;XLI,2,0.9963898074522949,0.9552051040776421,0.3664134524678491,0.3650906293523708,True
2015-09-21,0,XLB;XLI,2,0.9964063337435669,0.9550635454364795,0.3664677619331018,0.36515079910297227,True
2015-09-22,0,XLB;XLI,2,0.7941735723923481,0.7624470486672322,0.4590482717610419,0.3645640058850001,True
2015-09-23,0,XLB;XLI,2,0.7924630184726649,0.7577645357799907,0.4618849041803389,0.36602670535370896,True
2015-09-24,0,XLI,1,0.40315725175304756,0.4031572517530476,0.8681475986804055,0.3499999999999999,True
2015-09-25,0,XLI,1,0.40364093752361263,0.4036409375236126,0.8671072913151316,0.35000000000000003,True
2015-09-28,0,XLB;XLI,2,0.9993465371978852,0.9882501809598687,0.35416133155680435,0.35392990030068455,True
2015-09-29,0,XLB;XLI,2,0.999349741203293,0.9881079159071637,0.3542123227286074,0.3539819930498511,True
2015-09-30,0,XLB;XLI,2,0.9993616109361892,0.990979283713987,0.3531859906175554,0.352960520543654,True
2015-10-01,0,XLB;XLI,2,0.999365353093634,0.9912238736030202,0.35309884005091374,0.352874746964434,True
2015-10-02,0,XLB;XLI,2,0.999377686130859,0.9928215473112731,0.35253062440864474,0.3523112397117783,True
2015-10-05,0,XLB;XLI,2,0.9993940356729234,0.9925594115031419,0.3526237280546829,0.352410050654601,True
2015-10-06,0,XLB;XLI,2,0.9993985349581753,0.9924415742655157,0.35266559672193026,0.3524534806940478,True
2015-10-07,0,XLB;XLI,2,0.9994063712463075,0.9929345955404807,0.3524904878648988,0.35228123937589906,True
2015-10-08,0,XLB;XLI,2,0.99941454425805,0.9934935867074347,0.3522921583821642,0.3520859069151954,True
2015-10-09,0,XLB;XLI,2,0.804291982307764,0.8199417559681573,0.42685958783344646,0.34331974406563776,True
2015-10-12,0,XLB;XLI,2,0.803267877526803,0.8188546426558471,0.42742628760682255,0.3433378068450932,True
2015-10-13,0,XLB;XLI,2,0.8023878462887553,0.8171881166520762,0.42829795596381026,0.34366107445567784,True
2015-10-14,0,XLB;XLI,2,0.802933777223922,0.8166697283638364,0.4285698218559053,0.3441131858669454,True
2015-10-15,0,XLB;XLI,2,0.8036731580355098,0.8158907111528355,0.42897902282213474,0.34475892600245206,True
2015-10-16,0,XLB;XLI,2,0.8035329556459849,0.8155836504064957,0.4291405300064024,0.344828558463529,True
2015-10-19,0,IWM;XLB;XLI,3,1.0000000000000002,1.0412190828347534,0.3361444347015936,0.33614443470159366,True
2015-10-20,0,IWM;XLB,2,0.8052264405939579,0.8140794765753468,0.42993345253263593,0.34619378367512577,True
2015-10-21,0,IWM;XLB,2,0.8035747642577977,0.8099169464261012,0.43214307534178115,0.3472592698934115,True
2015-10-22,0,IWM;XLB,2,0.8071191595532002,0.8176920001975473,0.4280340273788211,0.3454744644381656,True
2015-10-23,0,IWM;XLB,2,0.8084581325316597,0.8192124392425645,0.42723960627795937,0.34540533423504055,True
2015-10-26,0,IWM;XLB;XLV,3,1.0,0.9147810836058563,0.3826052006020726,0.3826052006020726,True
2015-10-27,0,IWM;XLB;XLV,3,1.0,0.914430044068354,0.38275207848905424,0.38275207848905424,True
2015-10-28,0,IWM;XLB;XLV,3,1.0,0.9167363928596948,0.3817891410508964,0.3817891410508964,True
2015-10-29,0,IWM;XLB;XLV,3,0.9999999999999999,0.9170252422985548,0.3816688830971688,0.38166888309716873,True
2015-10-30,0,IWM;XLB;XLV,3,0.9999999999999998,0.9178062467756392,0.38134410310410394,0.3813441031041038,True
2015-11-02,0,IWM;XLB;XLV,3,1.0,0.9205257256518676,0.3802175107622859,0.3802175107622859,True
2015-11-03,0,IWM;XLB;XLV,3,0.9999999999999999,0.9195348541414312,0.380627225192888,0.38062722519288794,True
2015-11-04,0,IWM;XLB;XLV,3,1.0,0.9195317300848556,0.3806285183521634,0.3806285183521634,True
2015-11-05,0,IWM;XLB;XLV,3,1.0,0.9194752181045864,0.3806519122086757,0.3806519122086757,True
2015-11-06,0,IWM;XLB;XLV,3,1.0,0.9196882804478785,0.3805637273420008,0.3805637273420008,True
2015-11-09,0,IWM;XLB;XLV,3,1.0,0.9204322743083657,0.38025611418612865,0.38025611418612865,True
2015-11-10,0,IWM;XLB;XLV,3,0.9999999999999998,0.9194614827632999,0.3806575985631599,0.3806575985631598,True
2015-11-11,0,IWM;XLB;XLV,3,0.9999999999999999,0.9197830183725116,0.38052452916482327,0.3805245291648232,True
2015-11-12,0,IWM;XLB;XLV,3,0.9999999999999998,0.9206904020691652,0.3801495043430537,0.3801495043430536,True
2015-11-13,0,IWM;XLB;XLV,3,0.9999999999999999,0.9170118509487363,0.3816744567018317,0.38167445670183164,True
2015-11-16,0,IWM;XLB;XLV,3,1.0,0.9173100404870337,0.3815503859678371,0.3815503859678371,True
2015-11-17,0,IWM;XLB;XLV,3,0.9999999999999998,0.9173673781164499,0.381526538166884,0.38152653816688387,True
2015-11-18,0,IWM;XLB;XLV,3,1.0000000000000002,0.9187350201625847,0.3809585923241088,0.3809585923241089,True
2015-11-19,0,IWM;XLB;XLV,3,1.0000000000000002,0.919708746450524,0.38055525877161844,0.38055525877161855,True
2015-11-20,0,IWM;XLB;XLV,3,0.9999999999999999,0.919066249668817,0.38082129566407374,0.3808212956640737,True
2015-11-23,0,IWM;XLB;XLV,3,0.9999999999999999,0.919156625733777,0.38078385141443066,0.3807838514144306,True
2015-11-24,0,IWM;XLB;XLV,3,1.0,0.9193097417536492,0.3807204298002433,0.3807204298002433,True
2015-11-25,0,IWM;XLB;XLV,3,0.9999999999999999,0.9179998530889547,0.3812636775728163,0.38126367757281626,True
2015-11-27,0,IWM;XLB;XLV,3,0.9999999999999999,0.9178851834120815,0.3813113081299937,0.38131130812999364,True
2015-11-30,0,IWM;XLB;XLV,3,0.9999999999999998,0.9171762793304666,0.3816060313460112,0.38160603134601107,True
2015-12-01,0,IWM;XLB;XLV,3,1.0,0.9179285862350954,0.381293278418894,0.381293278418894,True
2015-12-02,0,IWM;XLB;XLV,3,1.0,0.9172601810923583,0.38157112585350383,0.38157112585350383,True
2015-12-03,0,IWM;XLB;XLV,3,0.9999999999999999,0.9204868451545748,0.3802335707917971,0.38023357079179704,True
2015-12-04,0,IWM;XLB;XLV,3,1.0,0.9213485496448338,0.3798779518727411,0.3798779518727411,True
2015-12-07,0,IWM;XLB;XLV,3,1.0,0.9203032196176287,0.3803094377366401,0.3803094377366401,True
2015-12-08,0,IWM;XLB;XLV,3,1.0,0.9147252532518964,0.3826285529515355,0.3826285529515355,True
2015-12-09,0,IWM;XLB;XLV,3,1.0,0.9023053775033839,0.38789528326698614,0.38789528326698614,True
2015-12-10,0,IWM;XLB;XLV,3,1.0,0.9005223142723975,0.38866332844044227,0.38866332844044227,True
2015-12-11,0,IWM;XLB;XLV,3,0.9999999999999999,0.8998535477566607,0.38895218102162477,0.3889521810216247,True
2015-12-14,0,IWM;XLB;XLV,3,1.0,0.8987878844101975,0.3894133488789482,0.3894133488789482,True
2015-12-15,0,IWM;XLB;XLV,3,1.0000000000000002,0.8986626302884658,0.3894676246720662,0.3894676246720663,True
2015-12-16,0,IWM;XLB;XLV,3,1.0,0.8999020744309185,0.38893120701086675,0.38893120701086675,True
2015-12-17,0,IWM;XLB;XLV,3,1.0000000000000002,0.8997801297929101,0.3889839177495002,0.3889839177495003,True
2015-12-18,0,IWM;XLB;XLV,3,1.0,0.9000068144462409,0.3888859443973756,0.3888859443973756,True
2015-12-21,0,IWM;XLB;XLV,3,1.0,0.901754177691968,0.3881323853645147,0.3881323853645147,True
2015-12-22,0,IWM;XLB;XLV,3,1.0,0.9042513955793532,0.3870605029873968,0.3870605029873968,True
2015-12-23,0,IWM;XLV,2,0.391902378384528,0.37399232658326853,0.9358480779473246,0.36676108755414566,True
2015-12-24,0,IWM;XLV,2,0.3922402879091331,0.374304212278999,0.9350682907600218,0.366771455582412,True
2015-12-28,0,IWM;XLV,2,0.391127010747577,0.3730167177698514,0.9382957474199519,0.3669928108855293,True
2015-12-29,0,IWM;XLV,2,0.39385637013275454,0.37574950507954274,0.9314716194394139,0.3668660309140861,True
2015-12-30,0,IWM;XLV,2,0.3921573395636153,0.3739940255111603,0.9358438267072149,0.3669980253285344,True
2015-12-31,0,IWM;XLV,2,0.38960673835502646,0.37161727857053545,0.9418291887457747,0.36694299831480187,True
2016-01-04,0,IWM;XLV,2,0.38468132000128563,0.36714987907973345,0.9532891604847592,0.3667125325981946,True
2016-01-05,0,IWM;XLV,2,0.38551608695734374,0.3680869860257259,0.9508621964035918,0.366572673193178,True
2016-01-06,0,IWM;XLV,2,0.3827571481405653,0.36547244467780193,0.9576645383171298,0.3665529475616157,True
2016-01-07,0,IWM;XLF;XLI;XLV,4,0.9776472542115276,0.9141638612227071,0.3828635268209684,0.3743054757342613,True
2016-01-08,0,IWM;XLF;XLI;XLV,4,0.9773143655613366,0.9137969265850612,0.38301726545303727,0.37432827578527317,True
2016-01-11,0,IWM;XLI;XLV,3,0.7765430887405925,0.7475623847271771,0.46818835076584614,0.36356842801607414,True
2016-01-12,0,IWM;XLI;XLV,3,0.7777092719018733,0.7500671633087562,0.46662487990549006,0.36289849560259774,True
2016-01-13,0,IWM;XLI;XLV,3,0.7725041335708625,0.7440569651916388,0.47039409127747933,0.36338137991916236,True
2016-01-14,0,IWM;XLI;XLV,3,0.9965417272756343,0.9640990766829364,0.36303322808295213,0.3617777601722344,True
2016-01-15,0,IWM;XLI;XLV,3,0.9964855067369929,0.965077969029365,0.36266499830269183,0.36139041460942856,True
2016-01-19,0,IWM;XLI;XLV,3,0.9964567094050668,0.9601193221582185,0.3645380234752981,0.3632463593252226,True
2016-01-20,0,IWM;XLI;XLV,3,0.7994690468437938,0.7662931745575223,0.4567442483121413,0.36515288884949265,True
2016-01-21,0,IWM;XLI;XLV,3,0.7993399997871043,0.7663370217366188,0.4567181149709494,0.36507305792364536,True
2016-01-22,0,IWM;XLI;XLV,3,0.9999999999999999,0.9585456125467162,0.36513651037440037,0.3651365103744003,True
2016-01-25,0,IWM;XLI,2,0.7994662560539549,0.7911207673974315,0.4424103302854799,0.35369213039292624,True
2016-01-26,0,IWM,1,0.6003162255493953,0.6003162255493953,0.5830260537763879,0.35,True
2016-01-27,0,IWM,1,0.596989948811239,0.596989948811239,0.5862745272293785,0.35,True
2016-01-28,0,IWM,1,0.5969416260243393,0.5969416260243393,0.586321986508157,0.35,True
2016-01-29,0,IWM;XLI,2,1.0,1.0010758014523284,0.3496238741284439,0.3496238741284439,True
2016-02-01,0,IWM;XLI,2,1.0000000000000002,1.0032110678540527,0.3488797235348265,0.34887972353482655,True
2016-02-02,0,IWM;XLI,2,1.0,1.0040782944031776,0.348578394683892,0.348578394683892,True
2016-02-03,0,IWM;XLI,2,1.0,1.00082384250441,0.3497118924786784,0.3497118924786784,True
2016-02-04,0,IWM;XLI,2,1.0,0.9976853138312738,0.3508120197298917,0.3508120197298917,True
2016-02-05,0,IWM;XLI,2,1.0,1.000438531874686,0.34984658112292766,0.34984658112292766,True
2016-02-08,0,IWM;XLI,2,1.0,1.0004842107983645,0.34983060824189083,0.34983060824189083,True
2016-02-09,0,IWM;XLI,2,1.0000000000000002,0.9993078438133186,0.3502424224595436,0.3502424224595437,True
2016-02-10,0,IWM;XLI,2,1.0,0.999180913447412,0.3502869153018713,0.3502869153018713,True
2016-02-11,0,IWM;XLI,2,1.0,0.9959136941538856,0.35143607528898885,0.35143607528898885,True
2016-02-12,0,IWM;XLI,2,0.8033296889722292,0.7981372316053748,0.4385210790079412,0.35227700200721573,True
2016-02-16,0,IWM;XLI,2,0.8068670152421764,0.8017046274330872,0.43656976400477626,0.35225374242751517,True
2016-02-17,0,IWM;XLI,2,0.8092684077508965,0.8052394373977464,0.4346533263833651,0.3517512053658966,True
2016-02-18,0,IWM;XLI,2,0.8086931275227289,0.8060404929343115,0.43422136116990756,0.351151830601669,True
2016-02-19,0,IWM;XLI,2,0.8091924124072533,0.8080078330517237,0.4331641175780472,0.35051311727123907,True
2016-02-22,0,IWM;XLI,2,0.8111209716214396,0.8086755299122932,0.4328064681739041,0.3510584029892608,True
2016-02-23,0,IWM;XLI,2,0.8096757664399383,0.8076339435488114,0.43336464842236644,0.350884853859354,True
2016-02-24,0,IWM;XLI,2,0.8107999625827,0.8088978420685343,0.43268751849426496,0.35082302380515135,True
2016-02-25,0,IWM;XLI,2,0.8123460758530336,0.8106993965882507,0.43172599051256333,0.35071091423664486,True
2016-02-26,0,IWM;XLI,2,0.8131162674749622,0.8117635477527522,0.43116003541785464,0.35058323868333846,True
2016-02-29,0,IWM;XLF;XLI,3,1.0,0.9433699181435053,0.3710103462794094,0.3710103462794094,True
2016-03-01,0,IWM;XLF;XLI,3,1.0,0.9437170731414485,0.37087386671401296,0.37087386671401296,True
2016-03-02,0,IWM;XLF;XLI,3,0.9999999999999999,0.9426497004838762,0.37129381128571914,0.3712938112857191,True
2016-03-03,0,IWM;XLF;XLI,3,1.0,0.9423874349242777,0.3713971420131711,0.3713971420131711,True
2016-03-04,0,IWM;XLF;XLI,3,0.9999999999999998,0.9422599613495308,0.3714473864502534,0.3714473864502533,True
2016-03-07,0,IWM;XLF;XLI,3,1.0,0.9409058356195686,0.3719819632849143,0.3719819632849143,True
2016-03-08,0,IWM;XLF;XLI,3,1.0,0.9371780475352187,0.3734615860033225,0.3734615860033225,True
2016-03-09,0,IWM;XLF;XLI,3,0.9999999999999998,0.9371319814263719,0.3734799440600444,0.37347994406004437,True
2016-03-10,0,IWM;XLF;XLI,3,1.0,0.9366871323090212,0.37365731622384657,0.37365731622384657,True
2016-03-11,0,IWM;XLF;XLI,3,1.0,0.9347468668887879,0.37443292125165417,0.37443292125165417,True
2016-03-14,0,IWM;XLF;XLI,3,0.9999999999999999,0.9345326091823292,0.3745187664518556,0.37451876645185556,True
2016-03-15,0,IWM;XLF;XLI,3,0.9999999999999998,0.9308700987008807,0.3759923113745504,0.3759923113745503,True
2016-03-16,0,IWM;XLF;XLI,3,1.0000000000000002,0.9302096740851422,0.3762592561125788,0.37625925611257893,True
2016-03-17,0,IWM;XLF;XLI,3,0.9999999999999999,0.9308253958536623,0.37601036838817026,0.3760103683881702,True
2016-03-18,0,IWM;XLF;XLI,3,0.9999999999999999,0.9339844576583942,0.3747385699302641,0.37473856993026405,True
2016-03-21,0,IWM;XLF;XLI,3,0.9999999999999999,0.934262779340823,0.3746269333847865,0.3746269333847864,True
2016-03-22,0,IWM;XLF;XLI,3,1.0,0.9355496907633896,0.37411160888141287,0.37411160888141287,True
2016-03-23,0,IWM;XLF;XLI,3,1.0,0.9321709157061301,0.37546762519925975,0.37546762519925975,True
2016-03-24,0,IWM;XLF;XLI,3,1.0,0.9321376416670579,0.37548102807440686,0.37548102807440686,True
2016-03-28,0,IWM;XLF;XLI,3,1.0,0.9336550942261573,0.37487076562259963,0.37487076562259963,True
2016-03-29,0,IWM;XLF;XLI,3,1.0,0.9234793168817728,0.3790014498449328,0.3790014498449328,True
2016-03-30,0,IWM;XLF;XLI,3,0.9999999999999999,0.9237591022840284,0.37888665901598384,0.3788866590159838,True
2016-03-31,0,IWM;XLF;XLI,3,0.9999999999999998,0.9250674043024409,0.3783508081380535,0.3783508081380534,True
2016-04-01,0,IWM;XLF;XLI,3,1.0,0.924886190720585,0.3784249386698191,0.3784249386698191,True
2016-04-04,0,IWM;XLF;XLI,3,0.9999999999999999,0.9254047922094655,0.37821286743539734,0.3782128674353973,True
2016-04-05,0,IWM;XLF;XLI,3,0.9999999999999998,0.9254793544954045,0.37818239629000594,0.37818239629000583,True
2016-04-06,0,IWM;XLF;XLI,3,0.9999999999999998,0.925184135437563,0.3783030713496493,0.3783030713496492,True
2016-04-07,0,IWM;XLF;XLI,3,0.9999999999999998,0.925536583423335,0.37815901204621755,0.37815901204621744,True
2016-04-08,0,IWM;XLF;XLI,3,0.9999999999999999,0.9269798439425416,0.3775702376778913,0.3775702376778912,True
2016-04-11,0,IWM;XLF;XLI,3,0.9999999999999999,0.9267381257186025,0.3776687181490524,0.37766871814905234,True
2016-04-12,0,IWM;XLF;XLI,3,0.9999999999999999,0.9269867074486081,0.3775674421085524,0.37756744210855236,True
2016-04-13,0,IWM;XLF;XLI,3,0.5912207429835471,0.5316427746678305,0.6583367943233676,0.389222368673268,True
2016-04-14,0,IWM;XLF;XLI,3,0.5914328198298859,0.5338744460725896,0.6555848525336823,0.38773439797175563,True
2016-04-15,0,IWM;XLF;XLI,3,0.5914889352979014,0.5298334234334302,0.6605849773159412,0.3907287049063944,True
2016-04-18,0,IWM;XLF;XLI,3,0.5927499190956992,0.5310618626584902,0.6590569284111338,0.3906559409951596,True
2016-04-19,0,FXI;IWM;XLF;XLI,4,0.7945171316732395,0.7360862763297253,0.4754877400311966,0.37778315535537726,True
2016-04-20,0,FXI;IWM;XLF;XLI,4,0.7943451048322259,0.7348122130618854,0.4763121703456543,0.37835624088608383,True
2016-04-21,0,FXI;IWM;XLF;XLI,4,0.7933959123324549,0.7428686850658043,0.47114652567296805,0.3738057275785709,True
2016-04-22,0,FXI;IWM;XLF,3,0.5915640043576152,0.5809796116460507,0.6024307789534444,0.35637636394597694,True
2016-04-25,0,FXI;IWM;XLF,3,0.5898436985260913,0.5817763251889978,0.601605780170408,0.3548533784303881,True
2016-04-26,0,FXI;IWM;QQQ;XLF,4,0.7917840748641677,0.7678804485660761,0.4558001192159309,0.36089527571636315,True
2016-04-27,0,FXI;QQQ;XLF,3,0.5871361325262645,0.5758411439195583,0.6078065169460919,0.35686516768398785,True
2016-04-28,0,FXI;QQQ;XLF,3,0.5845375162038097,0.5732710355180857,0.6105314560043879,0.35687854085710036,True
2016-04-29,0,FXI;QQQ;XLF,3,0.5823648242163241,0.5714949373513722,0.6124288722872964,0.3566570325545929,True
2016-05-02,0,FXI;XLF,2,0.38544328737015654,0.36251549902321584,0.9654759615604342,0.37213622850071665,True
2016-05-03,0,FXI;QQQ;XLF;XLK,4,0.9815048852588143,0.9383750329610893,0.3729852006990824,0.36608679661538873,True
2016-05-04,0,FXI;QQQ;XLF;XLK,4,0.9813734380810317,0.9382636707782913,0.37302947018046045,0.36608121365654417,True
2016-05-05,0,FXI;QQQ;XLF;XLK,4,0.9813769817786757,0.9384167816892774,0.3729686071576347,0.36602280599055614,True
2016-05-06,0,FXI;QQQ;XLF;XLK,4,0.9814390201081472,0.9395650279101313,0.3725128007142867,0.36559859811077106,True
2016-05-09,0,FXI;QQQ;XLF;XLK,4,0.9813979251784999,0.9366118421325477,0.3736873529199608,0.36673599282109537,True
2016-05-10,0,FXI;QQQ;XLF;XLK,4,0.98167557301972,0.9376850795771277,0.373259645080245,0.3664198759692868,True
2016-05-11,0,FXI;QQQ;XLF;XLK,4,0.9814858438210454,0.937698186596122,0.37325442770718426,0.3663439369381271,True
2016-05-12,0,FXI;QQQ;XLF;XLK,4,0.9814372540155418,0.9392535304478581,0.37263634221647457,0.3657191884513325,True
2016-05-13,0,FXI;QQQ;XLF;XLK,4,0.9812963101919162,0.9382570912712489,0.37303208604134647,0.3660550096155667,True
2016-05-16,0,FXI;QQQ;XLF;XLK,4,0.9815266784149483,0.9397605067404494,0.3724353146249694,0.36555519728827246,True
2016-05-17,0,FXI;QQQ;XLF;XLK,4,0.9813535938688819,0.9393551189165867,0.3725960427018011,0.36564846556673586,True
2016-05-18,0,FXI;QQQ;XLF;XLK,4,0.981422434335589,0.9356918741364754,0.37405476062620024,0.36710573374858146,True
2016-05-19,0,FXI;QQQ;XLF;XLK,4,0.981310172735924,0.9352265967091475,0.37424085374771354,0.3672463568360085,True
2016-05-20,0,FXI;QQQ;XLF;XLK,4,0.9815056300039768,0.9364280157852172,0.3737607099532543,0.36684824109340247,True
2016-05-23,0,FXI;QQQ;XLF;XLK,4,0.9814781832697135,0.9363349798017527,0.37379784751190687,0.3668744322861157,True
2016-05-24,0,FXI;QQQ;XLF;XLK,4,0.9818114691706502,0.938769711461531,0.37282838988818645,0.36604718922464835,True
2016-05-25,0,FXI;QQQ;XLK,3,0.7906241507433353,0.7919377193641411,0.44195394592521786,0.3494194631647913,True
2016-05-26,0,FXI;QQQ;XLK,3,0.7908648829027012,0.7939530551858441,0.44083210929653005,0.348638634498551,True
2016-05-27,0,FXI;QQQ;XLK,3,0.7917277638963182,0.79786412258069,0.4386711848477729,0.34730815626527567,True
2016-05-31,0,FXI;QQQ;XLK,3,0.7929155410347315,0.8003934070014989,0.4372849612932213,0.3467300416701662,True
2016-06-01,0,FXI;QQQ;XLK,3,0.7925751780363994,0.7995988488128373,0.43771948961612966,0.34692560241250586,True
2016-06-02,0,FXI;QQQ;XLK,3,0.7930468167023402,0.8013143985996952,0.4367823673350041,0.34638886600673724,True
2016-06-03,0,FXI;QQQ;XLK,3,0.7926050908994062,0.8011783569825448,0.4368565338162591,0.34625471269543556,True
2016-06-06,0,FXI;QQQ;XLK,3,0.7934794430690328,0.8023057316182924,0.4362426768334706,0.34614959625676633,True
2016-06-07,0,FXI;QQQ;XLK,3,0.7939442180666523,0.8026527369974092,0.4360540790146582,0.346202614798067,True
2016-06-08,0,FXI;QQQ;XLK,3,0.7944437196892773,0.6692260869796948,0.5229921648446132,0.4154878408075022,True
2016-06-08,1,USO,1,0.20004000800160035,0.4182633759526327,0.83679332239607,0.16739214290779558,True
2016-06-09,0,FXI;QQQ;XLK,3,0.7964012526596169,0.6698001477310553,0.5225439277456466,0.4161546386263093,True
2016-06-09,1,USO,1,0.1980569086503345,0.41405025683215385,0.8453080132779187,0.1674190919671805,True
2016-06-10,0,FXI;QQQ;XLK,3,0.7990413410550328,0.6687196438771479,0.5233882437948829,0.41820884421430166,True
2016-06-10,1,USO,1,0.1953184836475543,0.4076021912070857,0.8586803691204388,0.1677161476345263,True
2016-06-13,0,FXI;QQQ;XLK,3,0.7985360675266417,0.668235885484874,0.5237671421163484,0.4182469539652566,True
2016-06-13,1,USO,1,0.19575818467014897,0.40888778981920487,0.8559805616958068,0.16756520087050558,True
2016-06-14,0,FXI;QQQ;XLK,3,0.7991335591752894,0.6682392514821096,0.523764503841586,0.41855779212460614,True
2016-06-14,1,USO,1,0.19516347817624954,0.40868535797974653,0.856404549774316,0.16713889065992055,True
2016-06-15,0,FXI;QQQ;XLK,3,0.8023290895348154,0.6708019466168872,0.5217635425257557,0.4186260680271495,True
2016-06-15,1,USO,1,0.1919351492927674,0.40295781104485345,0.8685772813100806,0.16671051016055635,True
2016-06-16,0,FXI;QQQ;XLK,3,0.8070001488067136,0.6751043742223077,0.5184383531852915,0.4183798281676378,True
2016-06-16,1,USO,1,0.1872386856759441,0.39270197033994425,0.8912611253185739,0.16687856169871268,True
2016-06-17,0,FXI;QQQ;XLK,3,0.7986135129030016,0.6684772123178595,0.523578057038653,0.41813651141056685,True
2016-06-17,1,USO,1,0.1956354138158766,0.4136059553310356,0.846216055375393,0.16554982817100375,True
2016-06-20,0,FXI;QQQ;XLK,3,0.7966451122998188,0.6675662220854913,0.5242925546870727,0.4176751011066419,True
2016-06-20,1,USO,1,0.19766609129141263,0.4159980604358936,0.8413500765682919,0.16630638104298498,True
2016-06-21,0,FXI;QQQ;XLK,3,0.7978430464636677,0.6679346532837327,0.5240033561356834,0.4180724340164798,True
2016-06-21,1,USO,1,0.19649242310779677,0.4128468078697029,0.8477720871962324,0.16658079165634207,True
2016-06-22,0,FXI;QQQ;XLK,3,0.7998121839032882,0.6695407335931751,0.5227463878436203,0.41809893008876126,True
2016-06-22,1,USO,1,0.1945088249111063,0.4082744642121222,0.857266448626468,0.16674588955805156,True
2016-06-23,0,FXI;QQQ;XLK,3,0.7992877904883643,0.6688434136130125,0.5232913905952092,0.4182604193704284,True
2016-06-23,1,USO,1,0.19512923664694082,0.40788267649954374,0.8580898875228193,0.16743842472678705,True
2016-06-24,0,FXI;QQQ;XLK,3,0.7996017865876127,0.6728617802280259,0.5201662663636335,0.4159258759069694,True
2016-06-24,1,USO,1,0.19454865125131296,0.3966084776724662,0.8824823968816995,0.1716857600663605,True
2016-06-27,0,FXI;QQQ;XLK,3,0.7999170264771955,0.6752483635365168,0.5183278018874788,0.41461923402629297,True
2016-06-27,1,USO,1,0.19413626605644835,0.3931900524837596,0.8901547681307539,0.17281132289724813,True
2016-06-28,0,FXI;QQQ;XLK,3,0.7995450052623136,0.6768637448945116,0.5170907773388675,0.4134373482884987,True
2016-06-28,1,USO,1,0.19463844857554374,0.3881383226424102,0.9017403837302949,0.17551334930718007,True
2016-06-29,0,FXI;QQQ;XLK,3,0.7979915636369437,0.6731836634449193,0.5199175485170362,0.41488981750339626,True
2016-06-29,1,USO,1,0.19630141370886164,0.3984935606407793,0.8783077935743768,0.1724130615501612,True
2016-06-30,0,FXI;QQQ;XLK,3,0.8029611653222953,0.8208603601515074,0.42638190000477055,0.342368107300165,True
2016-07-01,0,FXI;QQQ;XLK,3,0.8037431875667371,0.8219045788097956,0.4258401875639102,0.3422661497466344,True
2016-07-05,0,FXI;QQQ;XLK,3,0.8020754195604952,0.8226704240222532,0.42544376190012695,0.34123798382543974,True
2016-07-06,0,FXI;QQQ;XLK,3,0.8029150868628312,0.8319230880026589,0.42071196850697495,0.3377959867380105,True
2016-07-07,0,FXI;QQQ;XLK,3,0.803127471310294,0.6693405579681845,0.522902722438398,0.4199575412132191,True
2016-07-07,1,USO,1,0.1968725286897062,0.4106051904075239,0.8524003304795695,0.1678142085174541,True
2016-07-08,0,FXI;QQQ;XLK,3,0.8056290609669063,0.6701603194277167,0.5222630911643388,0.42075032371240007,True
2016-07-08,1,USO,1,0.19437093903309371,0.41124220571552017,0.8510799600226711,0.16542521102185442,True
2016-07-11,0,FXI;QQQ;XLK,3,0.8091983515829076,0.6757820335164006,0.5179184746578585,0.41909877594747297,True
2016-07-11,1,USO,1,0.19080164841709227,0.4035692889417839,0.8672612351592703,0.16547487327663227,True
2016-07-12,0,FXI;QQQ;XLK,3,0.8029466608775677,0.6749692372289663,0.5185421508051208,0.4163616885132439,True
2016-07-12,1,USO,1,0.1970533391224323,0.4229920269911886,0.8274387640107714,0.16304957136766077,True
2016-07-13,0,FXI;QQQ;XLK,3,0.8088765206495909,0.6797851757289837,0.5148685386154077,0.41646507210717054,True
2016-07-13,1,USO,1,0.19112347935040894,0.41103692368239864,0.8515050104609072,0.16274260028359494,True
2016-07-14,0,FXI;QQQ;XLK,3,0.8085517897646181,0.6761591326585427,0.5176296275461955,0.418530361787669,True
2016-07-14,1,USO,1,0.19144821023538194,0.4069666963880084,0.8600212329568719,0.16464952581401962,True
2016-07-15,0,QQQ;XLK,2,0.6093875224141279,0.5919437332236552,0.5912724138389667,0.3603140313411488,True
2016-07-15,1,USO,1,0.1934600277400778,0.49590681856343755,0.7057777527921351,0.13653978363349623,True
2016-07-18,0,QQQ;XLK,2,0.6127868152526532,0.595125802071338,0.5881109486125847,0.3603866352155226,True
2016-07-18,1,USO,1,0.190267609283096,0.4831449539141219,0.7244202742148722,0.13783371369106856,True
2016-07-19,0,QQQ;XLK,2,0.6133323621879487,0.5962874915937344,0.5869651886618205,0.36000474568404933,True
2016-07-19,1,USO,1,0.1889218957973539,0.48998221660642,0.7143116385408305,0.1349491089432479,True
2016-07-20,0,QQQ;XLK,2,0.6158671454147853,0.5991405840007105,0.5841700751815286,0.35977115663878856,True
2016-07-20,1,USO,1,0.18795216761222094,0.480459527837575,0.728469266860541,0.13691737774532411,True
2016-07-21,0,EWU;QQQ;XLK,3,0.8150638268393122,0.6445565202306255,0.5430090131968074,0.44258700430442843,True
2016-07-21,1,USO,1,0.18493617316068772,0.35627251994725534,0.9823940394050488,0.1816801941834396,True
2016-07-22,0,EWU;QQQ;XLK,3,0.816539705864203,0.6452486325952654,0.5424265660079883,0.4429128286610925,True
2016-07-22,1,USO,1,0.18346029413579681,0.3447754117057612,1.0,0.18346029413579681,False
2016-07-25,0,EWU;QQQ;XLK,3,0.8207333538359243,0.6462996502997073,0.5415444675510735,0.44446360710448246,True
2016-07-25,1,USO,1,0.17926664616407575,0.3383410419913261,1.0,0.17926664616407575,False
2016-07-26,0,EWU;QQQ;XLK,3,0.8216719978402919,0.648310102930152,0.5398651022375144,0.44359203711975187,True
2016-07-26,1,USO,1,0.17832800215970815,0.32136032056385644,1.0,0.17832800215970815,False
2016-07-27,0,EWU;QQQ;XLK,3,0.8253290073776256,0.651497788128984,0.5372236197534208,0.4433862368309058,True
2016-07-27,1,USO,1,0.17467099262237432,0.3140362412823257,1.0,0.17467099262237432,False
2016-07-28,0,EWU;QQQ;XLK,3,0.8288549655514704,0.647854187044528,0.5402450227213611,0.4477847696970671,True
2016-07-28,1,USO,1,0.17114503444852958,0.314327069581993,1.0,0.17114503444852958,False
2016-07-29,0,EWU,1,0.19887716756439133,0.16332859948556405,1.0,0.19887716756439133,False
2016-07-29,1,USO,1,0.1721497637137326,0.20292090587187034,1.0,0.1721497637137326,False
2016-08-01,0,EWU,1,0.19836441509167535,0.16396828456838444,1.0,0.19836441509167535,False
2016-08-01,1,USO,1,0.16737234802362175,0.19639449459133929,1.0,0.16737234802362175,False
2016-08-02,0,EWU,1,0.19998602109427488,0.16584340759308586,1.0,0.19998602109427488,False
2016-08-02,1,USO,1,0.16590821593109878,0.19423289613730688,1.0,0.16590821593109878,False
2016-08-03,0,EWU,1,0.19820192846770157,0.16324640017834285,1.0,0.19820192846770157,False
2016-08-03,1,USO,1,0.17132317371695344,0.20153827854355247,1.0,0.17132317371695344,False
2016-08-04,0,EFA;EWU;XLF;XLY,4,0.7986498125282993,0.7072570267906741,0.4948695972498114,0.3952275110695168,True
2016-08-04,1,USO,1,0.17348656300032694,0.3213496134710795,1.0,0.17348656300032694,False
2016-08-05,0,EFA;EWU;XLF;XLY,4,0.7997611940429461,0.7078915716572919,0.4944260025311387,0.3954227301501842,True
2016-08-05,1,USO,1,0.17257741965814746,0.3223505133135423,1.0,0.17257741965814746,False
2016-08-08,0,EFA;EWU;XLF;XLY,4,0.7964676595845188,0.7029968519292098,0.4978685168212449,0.3965361723734325,True
2016-08-08,1,USO,1,0.17599369415361021,0.3251446137531768,1.0,0.17599369415361021,False
2016-08-09,0,EFA;EWU;XLF;XLY,4,0.7971712011766315,0.7028618499449909,0.49796414477097106,0.39696267542996905,True
2016-08-09,1,USO,1,0.1753146751933585,0.3232984452897792,1.0,0.1753146751933585,False
2016-08-10,0,EFA;EWU;XLF;XLY,4,0.8013091409569778,0.7066565633566794,0.49529010009822866,0.39688048463420716,True
2016-08-10,1,USO,1,0.17102567304068453,0.3171024370688433,1.0,0.17102567304068453,False
2016-08-11,0,EFA;EWU;XLF;XLY,4,0.7963237671642959,0.7016994483997245,0.49878904821458797,0.3971975738945343,True
2016-08-11,1,USO,1,0.1763752234863512,0.32813059931090793,1.0,0.1763752234863512,False
2016-08-12,0,EFA;XLF;XLY,3,0.596171220421917,0.49872793316017106,0.7017854359635282,0.41838427983270365,True
2016-08-12,1,USO,1,0.18079775393633313,0.3624550973609203,0.965636854187988,0.17458497435533463,True
2016-08-15,0,EFA;XLF;XLY,3,0.5945215089973133,0.4975785753778985,0.7034064915961941,0.41819028882227527,True
2016-08-15,1,USO,1,0.18399177629117122,0.3698694464078763,0.9462798384650428,0.1741077083477058,True
2016-08-16,0,EFA;XLF;XLY,3,0.5921153806888083,0.4955815458523221,0.7062409868350832,0.41817615077789494,True
2016-08-16,1,USO,1,0.18657684902484484,0.3755963294475561,0.931851492038795,0.17386191514369867,True
2016-08-17,0,EFA;XLF;XLY,3,0.591462876229408,0.49546494736056895,0.7064071875609224,0.41781362694391,True
2016-08-17,1,USO,1,0.18752337825389365,0.37773629745742365,0.9265723266624915,0.1737539728923207,True
2016-08-18,0,EFA;EWU;XLF;XLY,4,0.7888056545468924,0.6954619304805693,0.5032626297145373,0.39697640804096596,True
2016-08-18,1,USO,1,0.19169830914289798,0.35663570257109806,0.9813936111184067,0.18813149585504133,True
2016-08-19,0,EFA;EWU;XLF;XLY,4,0.787621072279518,0.6874591708447028,0.5091211447073197,0.40099454191455486,True
2016-08-19,1,USO,1,0.19283633006298204,0.36330346609930114,0.9633819455615517,0.18577503883102517,True
2016-08-22,0,EFA;EWU;XLF;XLY,4,0.79263629082141,0.6921010383663829,0.5057065090180052,0.4008413315522755,True
2016-08-22,1,USO,1,0.18770005386943212,0.3564369128962378,0.9819409475748891,0.1843103687564079,True
2016-08-23,0,EFA;EWU;XLF;XLY,4,0.7917322534498459,0.691916870366123,0.5058411132753562,0.40049072450107653,True
2016-08-23,1,USO,1,0.18871199759915216,0.3590745497098896,0.9747279507355191,0.1839428586990278,True
2016-08-24,0,EFA;EWU;XLF;XLY,4,0.7949515370274319,0.695372351279905,0.5033274609722239,0.40012093872798415,True
2016-08-24,1,USO,1,0.18536067812365753,0.3503372657275869,0.9990373112980531,0.18518223349304266,True
2016-08-25,0,EFA;EWU;XLF;XLY,4,0.7928376923137608,0.6931898080368202,0.504912212992908,0.40031343377033124,True
2016-08-25,1,USO,1,0.18748527749827312,0.3489462447026166,1.0,0.18748527749827312,False
2016-08-26,0,EFA;EWU;XLF;XLY,4,0.7922661779364607,0.690170345640834,0.5071211798806271,0.4017749589346528,True
2016-08-26,1,USO,1,0.18800250735933724,0.3448212224191432,1.0,0.18800250735933724,False
2016-08-29,0,EFA;EWU;XLF;XLY,4,0.7944074669425214,0.6922382439913825,0.5056062750620827,0.40165740024231283,True
2016-08-29,1,USO,1,0.1859018635285874,0.33451736243389557,1.0,0.1859018635285874,False
2016-08-30,0,EFA;EWU;XLF;XLY,4,0.7960092706092949,0.6933808112522731,0.504773126570789,0.40180408830478703,True
2016-08-30,1,USO,1,0.18425611273158604,0.3315784403962951,1.0,0.18425611273158604,False
2016-08-31,0,EFA;EWU;XLF;XLY,4,0.8008731505296349,0.6984318072060919,0.5011226527613206,0.4013356777187271,True
2016-08-31,1,USO,1,0.17924347434964719,0.3307295334765627,1.0,0.17924347434964719,False
2016-09-01,0,EFA;EWU;XLF;XLY,4,0.8054813511110258,0.7024554867146298,0.4982522118760051,0.4013328648159417,True
2016-09-01,1,USO,1,0.1745755800444149,0.3215981833379556,1.0,0.1745755800444149,False
2016-09-02,0,EFA;EWU;XLF;XLY,4,0.8045048267986911,0.703920676059128,0.49721511514544664,0.4000119600917788,True
2016-09-02,1,USO,1,0.17576875552002158,0.3234805457663398,1.0,0.17576875552002158,False
2016-09-06,0,EFA;EWU;XLF,3,0.608246984112824,0.5214755600546035,0.6711723938957975,0.4082385844069032,True
2016-09-06,1,USO,1,0.17760725720107362,0.27630260515421523,1.0,0.17760725720107362,False
2016-09-07,0,EFA;EWU;XLF,3,0.6064110193192581,0.5193101501013127,0.6739710362520706,0.4087034630852748,True
2016-09-07,1,USO,1,0.17965317660109417,0.27787676447081217,1.0,0.17965317660109417,False
2016-09-08,0,EFA;EWU;XLF,3,0.6014971642035325,0.5151807816076852,0.67937316859488,0.4086410343457887,True
2016-09-08,1,USO,1,0.18595386975807848,0.29155606535947654,1.0,0.18595386975807848,False
2016-09-09,0,EFA;EWU;XLF;XLY,4,0.8008789908707421,0.6993939256242468,0.5004332854158063,0.40078650462194104,True
2016-09-09,1,USO,1,0.18294513025679268,0.33228854803719376,1.0,0.18294513025679268,False
2016-09-12,0,EFA;EWU;XLF;XLY,4,0.8017646918439414,0.70009971684984,0.4999287838236182,0.4008252473062596,True
2016-09-12,1,USO,1,0.1822009359556183,0.3304476730492874,1.0,0.1822009359556183,False
2016-09-13,0,EFA;EWU;XLF;XLY,4,0.8025192377393056,0.7010108793655341,0.4992789845384076,0.4006809900910174,True
2016-09-13,1,USO,1,0.18112597208860443,0.3231933105214703,1.0,0.18112597208860443,False
2016-09-14,0,EFA;EWU;XLF;XLY,4,0.8063665744938169,0.7049834315392242,0.49646556832666006,0.40033323968569484,True
2016-09-14,1,USO,1,0.1771900436877434,0.3183805297349282,1.0,0.1771900436877434,False
2016-09-15,0,EFA;EWU;XLF;XLY,4,0.8069313369865196,0.706041504339709,0.49572156572766984,0.4000132658056795,True
2016-09-15,1,USO,1,0.1767472520710646,0.31727486466851934,1.0,0.1767472520710646,False
2016-09-16,0,EFA;EWU;XLF;XLY,4,0.8073587481174641,0.7050845699672182,0.4963943545329217,0.4007683246482763,True
2016-09-16,1,USO,1,0.17614749911339003,0.31501116946951757,1.0,0.17614749911339003,False
2016-09-19,0,EFA;EWU;XLF;XLY,4,0.8083579153198732,0.7064147934004532,0.4954596127796429,0.40050869971174374,True
2016-09-19,1,USO,1,0.175203817248432,0.313416915784056,1.0,0.175203817248432,False
2016-09-20,0,EFA;EWU;XLF;XLY,4,0.8073910133625649,0.7062686536448548,0.49556213233271496,0.40011241220822424,True
2016-09-20,1,USO,1,0.1762228779535622,0.31596297198730616,1.0,0.1762228779535622,False
2016-09-21,0,EFA;EWU;XLF;XLY,4,0.8044925115568411,0.7036743012888711,0.49738920315681473,0.4001458892688818,True
2016-09-21,1,USO,1,0.17935896683032337,0.31894884722853495,1.0,0.17935896683032337,False
2016-09-22,0,EFA;EWU;XLF;XLY,4,0.8038116685415951,0.7026918232099015,0.49808463460012575,0.4003662412128578,True
2016-09-22,1,USO,1,0.18016729540085305,0.31801117609173485,1.0,0.18016729540085305,False
2016-09-23,0,EFA;EWU;XLF;XLY,4,0.8075608936011704,0.7063935693940453,0.49547449915241315,0.40012582929211515,True
2016-09-23,1,USO,1,0.17624402158085228,0.3165692880854052,1.0,0.17624402158085228,False
2016-09-26,0,EFA;EWU;XLF;XLY,4,0.8023793109338768,0.7053290812659712,0.4962222731151208,0.39815848557215267,True
2016-09-26,1,USO,1,0.18134070492860765,0.32157090593621984,1.0,0.18134070492860765,False
2016-09-27,0,EFA;EWU;XLF;XLY,4,0.8072898767032066,0.7082174796991481,0.4941984772088378,0.39896142773283516,True
2016-09-27,1,USO,1,0.1764337158221273,0.3163543311120676,1.0,0.1764337158221273,False
2016-09-28,0,EFA;EWU;XLF;XLY,4,0.8013669052850851,0.7080898088047621,0.494287582800819,0.3961057105499376,True
2016-09-28,1,USO,1,0.18258041310166315,0.3284662834467947,1.0,0.18258041310166315,False
2016-09-29,0,EFA;EWU;XLF;XLY,4,0.7967727757979878,0.7032529282676683,0.49768722735667714,0.3965436336201839,True
2016-09-29,1,USO,1,0.18710930941973167,0.33457445285831183,1.0,0.18710930941973167,False
2016-09-30,0,EFA;EWU;XLF;XLY,4,0.797393753770447,0.704469439017321,0.49682779779378683,0.3961673826602923,True
2016-09-30,1,USO,1,0.18661882982243316,0.3318215878197782,1.0,0.18661882982243316,False
2016-10-03,0,EFA;EWU;XLF;XLY,4,0.7948870703061619,0.7714544155416887,0.45368850440014924,0.3606311260942189,True
2016-10-04,0,EFA;EWU;XLF;XLY,4,0.7950304876346375,0.7719284713549297,0.45340988574454505,0.3604746825618509,True
2016-10-05,0,EFA;EWU;XLF;XLY,4,0.7960326951103267,0.7698683556709144,0.4546231799526125,0.36189491519730516,True
2016-10-06,0,EFA;EWU;XLF;XLY,4,0.7954973766673112,0.7678736865519994,0.45580413306205725,0.36259099212498463,True
2016-10-07,0,EFA;EWU;XLF;XLV;XLY,5,0.9948190088192758,0.9666475881217268,0.362076111605552,0.3602001984645727,True
2016-10-10,0,EFA;EWU;XLF;XLV;XLY,5,0.9948323743697497,0.967397681513619,0.3617953678081796,0.3599257447925882,True
2016-10-11,0,EFA;EWU;XLF;XLV;XLY,5,0.9947470867666866,0.977378094357344,0.3581009253436723,0.35621985225407277,True
2016-10-12,0,EFA;EWU;XLF;XLV;XLY,5,0.994743763568456,0.9803615989867936,0.35701112769178833,0.3551345927959481,True
2016-10-13,0,EFA;EWU;XLF;XLV;XLY,5,0.9947225888409726,0.9768076690001714,0.35831004516810216,0.35641909573734043,True
2016-10-14,0,EFA;EWU;XLF;XLV;XLY,5,0.9947176777302574,0.9772698213482048,0.3581405998162852,0.3562487857501767,True
2016-10-17,0,EFA;EWU;XLF;XLV;XLY,5,0.9946897437416079,0.9774172398654216,0.3580865834208027,0.3561850519001461,True
2016-10-18,0,EFA;EWU;XLF;XLV;XLY,5,0.9947426602101623,0.9811104262594548,0.3567386408626774,0.3548631446114975,True
2016-10-19,0,EFA;EWU;XLF;XLV;XLY,5,0.9947589378896808,0.9796778861638213,0.3572602841639248,0.3553878608250714,True
2016-10-20,0,EFA;EWU;XLF;XLV;XLY,5,0.9947620673293454,0.9792398441656359,0.357420096910189,0.3555479545074346,True
2016-10-21,0,EFA;EWU;XLF;XLV;XLY,5,0.9947577680247183,0.9794682298811921,0.3573367561319007,0.3554635139629626,True
2016-10-24,0,EFA;EWU;XLF;XLV;XLY,5,0.9947612183120029,0.9769727848402722,0.35824948804200557,0.3563726971843168,True
2016-10-25,0,EFA;EWU;XLF;XLV;XLY,5,0.9947424692275351,0.9781605482126419,0.35781447190805493,0.35593325131116504,True
2016-10-26,0,EFA;EWU;XLF;XLV;XLY,5,0.9947280626024343,0.9775241123023519,0.358047433915107,0.3561598302581475,True
2016-10-27,0,EFA;EWU;XLF;XLV;XLY,5,0.9947246619486549,0.9778256749495803,0.3579370116437647,0.3560487729062556,True
2016-10-28,0,EFA;EWU;XLV;XLY,4,0.9890655359368905,0.918670384233238,0.3809853958578681,0.3768195247382907,True
2016-10-31,0,EWU;XLV;XLY,3,0.5964925785963496,0.7003223227354197,0.4997698754380977,0.2981090217048474,True
2016-11-01,0,EWU;XLV;XLY,3,0.5952204794576672,0.7002175679524668,0.4998446426065094,0.29751776782659284,True
2016-11-02,0,EWU;XLV;XLY,3,0.5938789897032384,0.6967602909113546,0.5023248376313235,0.29832016707533365,True
2016-11-03,0,EWU;XLV;XLY,3,0.5929550109905228,0.697829599550711,0.5015551077588901,0.2973996144335255,True
2016-11-04,0,EWU;XLV;XLY,3,0.9929139065802197,1.0506703996882867,0.33312064383258355,0.3307601198303285,True
2016-11-07,0,EWU;XLV;XLY,3,0.9930721304806175,1.0386479011731333,0.3369765630919598,0.33464203343176874,True
2016-11-08,0,EWU;XLV;XLY,3,0.993094212706023,1.0406604020569228,0.33632489456522574,0.33400230638168904,True
2016-11-09,0,EWU;XLV;XLY,3,0.9932559728335254,1.0024551649065399,0.3491427968577836,0.3467881683507958,True
2016-11-10,0,EWU;XLV;XLY,3,0.9933055957248855,0.9986784932522407,0.3504631394035627,0.34811699746486946,True
2016-11-11,0,EWU;XLV;XLY,3,0.9932394870842252,0.9883954689314164,0.3541092720491681,0.3517153117418841,True
2016-11-14,0,XLV;XLY,2,0.8061290706966238,0.7896120111297382,0.44325566869130717,0.357321280283134,True
2016-11-15,0,XLV,1,0.6060097472381663,0.6060097472381663,0.5775484661675705,0.35000000000000003,True
2016-11-16,0,XLV,1,0.6049906303342271,0.6049906303342271,0.5785213562838857,0.35,True
2016-11-17,0,XLV,1,0.6059418963755451,0.6059418963755452,0.5776131376515351,0.3499999999999999,True
2016-11-18,0,XLK,1,0.19629813675803556,0.18808262400308579,1.0,0.19629813675803556,False
2016-11-18,1,XLV,1,0.8037018632419644,0.8373385702310893,0.41799101635006103,0.33594015865894644,True
2016-11-21,0,XLK,1,0.19732620200360185,0.19037079741540644,1.0,0.19732620200360185,False
2016-11-21,1,XLV,1,0.802673797996398,0.830966649937604,0.42119620567959126,0.33808315811450956,True
2016-11-22,0,XLK,1,0.20014067712307307,0.19206508994698104,1.0,0.20014067712307307,False
2016-11-22,1,XLV,1,0.7998593228769271,0.8321332902850143,0.42060569392689645,0.3364253855425474,True
2016-11-23,0,XLK,1,0.1989225565798999,0.19110157902813443,1.0,0.1989225565798999,False
2016-11-23,1,XLV,1,0.6018013264463262,0.6254621658487642,0.5595862053862893,0.3367597206625353,True
2016-11-25,0,XLK,1,0.1991215849060943,0.19138803463648024,1.0,0.1991215849060943,False
2016-11-25,1,XLV,1,0.6022340715669942,0.6256238385213608,0.5594415980490964,0.3369147913970531,True
2016-11-28,0,XLK,1,0.20019643192459133,0.1922151057658991,1.0,0.20019643192459133,False
2016-11-28,1,XLV,1,0.7998035680754085,0.8316897164863861,0.42083001997263375,0.3365813515273579,True
2016-11-29,0,XLK,1,0.1992565325531156,0.19108517473795314,1.0,0.1992565325531156,False
2016-11-29,1,XLV,1,0.8007434674468844,0.8335813438608894,0.4198750398838209,0.33621219533096963,True
2016-11-30,0,XLK,1,0.19887797969896426,0.19111741803000035,1.0,0.19887797969896426,False
2016-11-30,1,XLV,1,0.8011220203010357,0.8323831828104391,0.42047942249177617,0.33685532444162447,True
2016-12-01,0,XLK,1,0.19672821178038344,0.1909103513912217,1.0,0.19672821178038344,False
2016-12-01,1,XLV,1,0.8032717882196164,0.827027014153511,0.4232026209666638,0.33994672612312055,True
2016-12-02,0,XLV,1,0.8032234799394802,0.8032234799394801,0.43574423400368123,0.35000000000000003,True
2016-12-05,0,INDA,1,0.19689610629481216,0.22502052006828857,1.0,0.19689610629481216,False
2016-12-05,1,XLV,1,0.8031038937051879,0.6883894555444072,0.5084331219501399,0.408324619926842,True
2016-12-06,0,INDA,1,0.19779214183972688,0.2261243161076038,1.0,0.19779214183972688,False
2016-12-06,1,XLV,1,0.6011812477420435,0.5150667453195504,0.6795235824880481,0.4085168351903082,True
2016-12-07,0,INDA,1,0.20039339181384325,0.2295129348900784,1.0,0.20039339181384325,False
2016-12-07,1,XLV,1,0.39911031628900373,0.3411148407787947,1.0,0.39911031628900373,False
2016-12-08,0,INDA,1,0.2019995090422527,0.23183985182128822,1.0,0.2019995090422527,False
2016-12-08,1,XLV,1,0.39869034581293994,0.3397938829544,1.0,0.39869034581293994,False
2016-12-09,0,INDA,1,0.20043815864664188,0.2293704008703623,1.0,0.20043815864664188,False
2016-12-09,1,XLV,1,0.40189476490086123,0.3438832726527423,1.0,0.40189476490086123,False
2016-12-12,0,INDA,1,0.19843740815176023,0.2659415052903642,1.0,0.19843740815176023,False
2016-12-12,1,XLV,1,0.6041383326742498,0.6041383326742498,0.5793375143912931,0.35,True
2016-12-12,2,XLY,1,0.19742425917399012,0.1781804265034937,1.0,0.19742425917399012,False
2016-12-13,0,INDA,1,0.19828802833404285,0.2648691575045066,1.0,0.19828802833404285,False
2016-12-13,1,XLV,1,0.6041217871223563,0.6041217871223564,0.5793533811570883,0.34999999999999987,True
2016-12-13,2,XLY,1,0.1975901845436008,0.17912819750010867,1.0,0.1975901845436008,False
2016-12-14,0,INDA,1,0.1956618199624933,0.26011252793922746,1.0,0.1956618199624933,False
2016-12-14,1,XLV,1,0.6063402292393397,0.6063402292393397,0.5772336769392304,0.35,True
2016-12-14,2,XLY,1,0.19799795079816712,0.1705760127275752,1.0,0.19799795079816712,False
2016-12-15,0,INDA,1,0.19580747253876826,0.2626345550005263,1.0,0.19580747253876826,False
2016-12-15,1,XLV,1,0.6075488901977758,0.6075488901977758,0.5760853252255373,0.35,True
2016-12-15,2,XLY,1,0.19664363726345585,0.16607058441107056,1.0,0.19664363726345585,False
2016-12-16,0,INDA,1,0.19553061467292174,0.22482398680538018,1.0,0.19553061467292174,False
2016-12-16,1,XLV,1,0.6087540677504606,0.5175537231210955,0.6762582981518,0.4116749898499121,True
2016-12-19,0,INDA,1,0.1953019783211747,0.2669300347454436,1.0,0.1953019783211747,False
2016-12-19,1,XLV,1,0.6084560220402644,0.6084560220402644,0.5752264540440999,0.35,True
2016-12-19,2,XLY,1,0.19624199963856087,0.1650070862825762,1.0,0.19624199963856087,False
2016-12-20,0,INDA,1,0.1947886960058187,0.2674464815954034,1.0,0.1947886960058187,False
2016-12-20,1,XLV,1,0.6075567432327332,0.6075567432327331,0.5760778789775156,0.35000000000000003,True
2016-12-20,2,XLY,1,0.19765456076144802,0.16726872473658055,1.0,0.19765456076144802,False
2016-12-21,0,INDA,1,0.19461127837686532,0.2660820003903833,1.0,0.19461127837686532,False
2016-12-21,1,XLV,1,0.6069184445806742,0.6069184445806743,0.5766837424784779,0.34999999999999987,True
2016-12-21,2,XLY,1,0.19847027704246026,0.16671353794681987,1.0,0.19847027704246026,False
2016-12-22,0,INDA,1,0.1927306325474236,0.26359934986469874,1.0,0.1927306325474236,False
2016-12-22,1,XLV,1,0.6101498670030585,0.6101498670030585,0.5736295604211703,0.35,True
2016-12-22,2,XLY,1,0.19711950044951762,0.1663412213769485,1.0,0.19711950044951762,False
2016-12-23,0,INDA,1,0.19216759437687322,0.2639912499158852,1.0,0.19216759437687322,False
2016-12-23,1,XLV,1,0.6120173317156492,0.6120173317156492,0.5718792293330253,0.3499999999999999,True
2016-12-23,2,XLY,1,0.1958150739074776,0.16514303052961118,1.0,0.1958150739074776,False
2016-12-27,0,INDA,1,0.1929708422224436,0.26561594785669873,1.0,0.1929708422224436,False
2016-12-27,1,XLV,1,0.6111329421774153,0.6111329421774152,0.5727068135993119,0.35000000000000003,True
2016-12-27,2,XLY,1,0.19589621560014123,0.16512598222331634,1.0,0.19589621560014123,False
2016-12-28,0,INDA,1,0.19360066562112502,0.26536846871508213,1.0,0.19360066562112502,False
2016-12-28,1,XLV,1,0.6105472357867948,0.6105472357867948,0.5732562191506198,0.35,True
2016-12-28,2,XLY,1,0.19585209859208036,0.1626752431157811,1.0,0.19585209859208036,False
2016-12-29,0,INDA,1,0.19611511268225287,0.27101659334447853,1.0,0.19611511268225287,False
2016-12-29,1,XLV,1,0.6090976705700846,0.6090976705700845,0.5746204868464162,0.35000000000000003,True
2016-12-29,2,XLY,1,0.1947872167476625,0.16136238275672724,1.0,0.1947872167476625,False
