date,d1_shadow_nav,d1_shadow_drawdown,d1_decision_multiplier,hard_stop_target,decision_multiplier,executed_multiplier,applied_return_multiplier,controlled_return,nav,raw_long_exposure,controlled_long_exposure,cash_exposure,alpha_turnover,overlay_turnover,alpha_cost,overlay_cost,total_cost
2008-01-02,100000.0,0.0,1.0,1.0,1.0,1.0,1.0,0.0,100000.0,0.0,0.0,1.0,0.0,0.0,0.0,0.0,0.0
2008-01-03,100000.0,0.0,1.0,1.0,1.0,1.0,1.0,0.0,100000.0,0.0,0.0,1.0,0.0,0.0,0.0,0.0,0.0
2008-01-04,100000.0,0.0,1.0,1.0,1.0,1.0,1.0,0.0,100000.0,0.0,0.0,1.0,0.0,0.0,0.0,0.0,0.0
2008-01-07,100000.0,0.0,1.0,1.0,1.0,1.0,1.0,0.0,100000.0,0.0,0.0,1.0,0.0,0.0,0.0,0.0,0.0
2008-01-08,100000.0,0.0,1.0,1.0,1.0,1.0,1.0,0.0,100000.0,0.0,0.0,1.0,0.0,0.0,0.0,0.0,0.0
2008-01-09,100000.0,0.0,1.0,1.0,1.0,1.0,1.0,0.0,100000.0,0.0,0.0,1.0,0.0,0.0,0.0,0.0,0.0
2008-01-10,100000.0,0.0,1.0,1.0,1.0,1.0,1.0,0.0,100000.0,0.0,0.0,1.0,0.0,0.0,0.0,0.0,0.0
2008-01-11,100000.0,0.0,1.0,1.0,1.0,1.0,1.0,0.0,100000.0,0.0,0.0,1.0,0.0,0.0,0.0,0.0,0.0
2008-01-14,100000.0,0.0,1.0,1.0,1.0,1.0,1.0,0.0,100000.0,0.0,0.0,1.0,0.0,0.0,0.0,0.0,0.0
2008-01-15,100000.0,0.0,1.0,1.0,1.0,1.0,1.0,0.0,100000.0,0.0,0.0,1.0,0.0,0.0,0.0,0.0,0.0
2008-01-16,100000.0,0.0,1.0,1.0,1.0,1.0,1.0,0.0,100000.0,0.0,0.0,1.0,0.0,0.0,0.0,0.0,0.0
2008-01-17,100000.0,0.0,1.0,1.0,1.0,1.0,1.0,0.0,100000.0,0.0,0.0,1.0,0.0,0.0,0.0,0.0,0.0
2008-01-18,100000.0,0.0,1.0,1.0,1.0,1.0,1.0,0.0,100000.0,0.0,0.0,1.0,0.0,0.0,0.0,0.0,0.0
2008-01-22,100000.0,0.0,1.0,1.0,1.0,1.0,1.0,0.0,100000.0,0.0,0.0,1.0,0.0,0.0,0.0,0.0,0.0
2008-01-23,100000.0,0.0,1.0,1.0,1.0,1.0,1.0,0.0,100000.0,0.0,0.0,1.0,0.0,0.0,0.0,0.0,0.0
2008-01-24,100000.0,0.0,1.0,1.0,1.0,1.0,1.0,0.0,100000.0,0.0,0.0,1.0,0.0,0.0,0.0,0.0,0.0
2008-01-25,100000.0,0.0,1.0,1.0,1.0,1.0,1.0,0.0,100000.0,0.0,0.0,1.0,0.0,0.0,0.0,0.0,0.0
2008-01-28,100000.0,0.0,1.0,1.0,1.0,1.0,1.0,0.0,100000.0,0.0,0.0,1.0,0.0,0.0,0.0,0.0,0.0
2008-01-29,100000.0,0.0,1.0,1.0,1.0,1.0,1.0,0.0,100000.0,0.0,0.0,1.0,0.0,0.0,0.0,0.0,0.0
2008-01-30,100000.0,0.0,1.0,1.0,1.0,1.0,1.0,0.0,100000.0,0.0,0.0,1.0,0.0,0.0,0.0,0.0,0.0
2008-01-31,100000.0,0.0,1.0,1.0,1.0,1.0,1.0,0.0,100000.0,0.0,0.0,1.0,0.0,0.0,0.0,0.0,0.0
2008-02-01,100000.0,0.0,1.0,1.0,1.0,1.0,1.0,0.0,100000.0,0.0,0.0,1.0,0.0,0.0,0.0,0.0,0.0
2008-02-04,100000.0,0.0,1.0,1.0,1.0,1.0,1.0,0.0,100000.0,0.0,0.0,1.0,0.0,0.0,0.0,0.0,0.0
2008-02-05,100000.0,0.0,1.0,1.0,1.0,1.0,1.0,0.0,100000.0,0.0,0.0,1.0,0.0,0.0,0.0,0.0,0.0
2008-02-06,100000.0,0.0,1.0,1.0,1.0,1.0,1.0,0.0,100000.0,0.0,0.0,1.0,0.0,0.0,0.0,0.0,0.0
2008-02-07,100000.0,0.0,1.0,1.0,1.0,1.0,1.0,0.0,100000.0,0.0,0.0,1.0,0.0,0.0,0.0,0.0,0.0
2008-02-08,100000.0,0.0,1.0,1.0,1.0,1.0,1.0,0.0,100000.0,0.0,0.0,1.0,0.0,0.0,0.0,0.0,0.0
2008-02-11,100000.0,0.0,1.0,1.0,1.0,1.0,1.0,0.0,100000.0,0.0,0.0,1.0,0.0,0.0,0.0,0.0,0.0
2008-02-12,100000.0,0.0,1.0,1.0,1.0,1.0,1.0,0.0,100000.0,0.0,0.0,1.0,0.0,0.0,0.0,0.0,0.0
2008-02-13,100000.0,0.0,1.0,1.0,1.0,1.0,1.0,0.0,100000.0,0.0,0.0,1.0,0.0,0.0,0.0,0.0,0.0
2008-02-14,100000.0,0.0,1.0,1.0,1.0,1.0,1.0,0.0,100000.0,0.0,0.0,1.0,0.0,0.0,0.0,0.0,0.0
2008-02-15,100000.0,0.0,1.0,1.0,1.0,1.0,1.0,0.0,100000.0,0.0,0.0,1.0,0.0,0.0,0.0,0.0,0.0
2008-02-19,100000.0,0.0,1.0,1.0,1.0,1.0,1.0,0.0,100000.0,0.0,0.0,1.0,0.0,0.0,0.0,0.0,0.0
2008-02-20,100000.0,0.0,1.0,1.0,1.0,1.0,1.0,0.0,100000.0,0.0,0.0,1.0,0.0,0.0,0.0,0.0,0.0
2008-02-21,100000.0,0.0,1.0,1.0,1.0,1.0,1.0,0.0,100000.0,0.0,0.0,1.0,0.0,0.0,0.0,0.0,0.0
2008-02-22,100000.0,0.0,1.0,1.0,1.0,1.0,1.0,0.0,100000.0,0.0,0.0,1.0,0.0,0.0,0.0,0.0,0.0
2008-02-25,100000.0,0.0,1.0,1.0,1.0,1.0,1.0,0.0,100000.0,0.0,0.0,1.0,0.0,0.0,0.0,0.0,0.0
2008-02-26,100000.0,0.0,1.0,1.0,1.0,1.0,1.0,0.0,100000.0,0.0,0.0,1.0,0.0,0.0,0.0,0.0,0.0
2008-02-27,100000.0,0.0,1.0,1.0,1.0,1.0,1.0,0.0,100000.0,0.0,0.0,1.0,0.0,0.0,0.0,0.0,0.0
2008-02-28,100000.0,0.0,1.0,1.0,1.0,1.0,1.0,0.0,100000.0,0.0,0.0,1.0,0.0,0.0,0.0,0.0,0.0
2008-02-29,100000.0,0.0,1.0,1.0,1.0,1.0,1.0,0.0,100000.0,0.0,0.0,1.0,0.0,0.0,0.0,0.0,0.0
2008-03-03,100000.0,0.0,1.0,1.0,1.0,1.0,1.0,0.0,100000.0,0.0,0.0,1.0,0.0,0.0,0.0,0.0,0.0
2008-03-04,100000.0,0.0,1.0,1.0,1.0,1.0,1.0,0.0,100000.0,0.0,0.0,1.0,0.0,0.0,0.0,0.0,0.0
2008-03-05,100000.0,0.0,1.0,1.0,1.0,1.0,1.0,0.0,100000.0,0.0,0.0,1.0,0.0,0.0,0.0,0.0,0.0
2008-03-06,100000.0,0.0,1.0,1.0,1.0,1.0,1.0,0.0,100000.0,0.0,0.0,1.0,0.0,0.0,0.0,0.0,0.0
2008-03-07,100000.0,0.0,1.0,1.0,1.0,1.0,1.0,0.0,100000.0,0.0,0.0,1.0,0.0,0.0,0.0,0.0,0.0
2008-03-10,100000.0,0.0,1.0,1.0,1.0,1.0,1.0,0.0,100000.0,0.0,0.0,1.0,0.0,0.0,0.0,0.0,0.0
2008-03-11,100000.0,0.0,1.0,1.0,1.0,1.0,1.0,0.0,100000.0,0.0,0.0,1.0,0.0,0.0,0.0,0.0,0.0
2008-03-12,100000.0,0.0,1.0,1.0,1.0,1.0,1.0,0.0,100000.0,0.0,0.0,1.0,0.0,0.0,0.0,0.0,0.0
2008-03-13,100000.0,0.0,1.0,1.0,1.0,1.0,1.0,0.0,100000.0,0.0,0.0,1.0,0.0,0.0,0.0,0.0,0.0
2008-03-14,100000.0,0.0,1.0,1.0,1.0,1.0,1.0,0.0,100000.0,0.0,0.0,1.0,0.0,0.0,0.0,0.0,0.0
2008-03-17,100000.0,0.0,1.0,1.0,1.0,1.0,1.0,0.0,100000.0,0.0,0.0,1.0,0.0,0.0,0.0,0.0,0.0
2008-03-18,100000.0,0.0,1.0,1.0,1.0,1.0,1.0,0.0,100000.0,0.0,0.0,1.0,0.0,0.0,0.0,0.0,0.0
2008-03-19,100000.0,0.0,1.0,1.0,1.0,1.0,1.0,0.0,100000.0,0.0,0.0,1.0,0.0,0.0,0.0,0.0,0.0
2008-03-20,100000.0,0.0,1.0,1.0,1.0,1.0,1.0,0.0,100000.0,0.0,0.0,1.0,0.0,0.0,0.0,0.0,0.0
2008-03-24,100000.0,0.0,1.0,1.0,1.0,1.0,1.0,0.0,100000.0,0.0,0.0,1.0,0.0,0.0,0.0,0.0,0.0
2008-03-25,100000.0,0.0,1.0,1.0,1.0,1.0,1.0,0.0,100000.0,0.0,0.0,1.0,0.0,0.0,0.0,0.0,0.0
2008-03-26,100000.0,0.0,1.0,1.0,1.0,1.0,1.0,0.0,100000.0,0.0,0.0,1.0,0.0,0.0,0.0,0.0,0.0
2008-03-27,100000.0,0.0,1.0,1.0,1.0,1.0,1.0,0.0,100000.0,0.0,0.0,1.0,0.0,0.0,0.0,0.0,0.0
2008-03-28,100000.0,0.0,1.0,1.0,1.0,1.0,1.0,0.0,100000.0,0.0,0.0,1.0,0.0,0.0,0.0,0.0,0.0
2008-03-31,100000.0,0.0,1.0,1.0,1.0,1.0,1.0,0.0,100000.0,0.0,0.0,1.0,0.0,0.0,0.0,0.0,0.0
2008-04-01,100000.0,0.0,1.0,1.0,1.0,1.0,1.0,0.0,100000.0,0.0,0.0,1.0,0.0,0.0,0.0,0.0,0.0
2008-04-02,100000.0,0.0,1.0,1.0,1.0,1.0,1.0,0.0,100000.0,0.0,0.0,1.0,0.0,0.0,0.0,0.0,0.0
2008-04-03,100000.0,0.0,1.0,1.0,1.0,1.0,1.0,0.0,100000.0,0.0,0.0,1.0,0.0,0.0,0.0,0.0,0.0
2008-04-04,100000.0,0.0,1.0,1.0,1.0,1.0,1.0,0.0,100000.0,0.0,0.0,1.0,0.0,0.0,0.0,0.0,0.0
2008-04-07,100000.0,0.0,1.0,1.0,1.0,1.0,1.0,0.0,100000.0,0.0,0.0,1.0,0.0,0.0,0.0,0.0,0.0
2008-04-08,100000.0,0.0,1.0,1.0,1.0,1.0,1.0,0.0,100000.0,0.0,0.0,1.0,0.0,0.0,0.0,0.0,0.0
2008-04-09,100000.0,0.0,1.0,1.0,1.0,1.0,1.0,0.0,100000.0,0.0,0.0,1.0,0.0,0.0,0.0,0.0,0.0
2008-04-10,100000.0,0.0,1.0,1.0,1.0,1.0,1.0,0.0,100000.0,0.0,0.0,1.0,0.0,0.0,0.0,0.0,0.0
2008-04-11,100000.0,0.0,1.0,1.0,1.0,1.0,1.0,0.0,100000.0,0.0,0.0,1.0,0.0,0.0,0.0,0.0,0.0
2008-04-14,100000.0,0.0,1.0,1.0,1.0,1.0,1.0,0.0,100000.0,0.0,0.0,1.0,0.0,0.0,0.0,0.0,0.0
2008-04-15,100000.0,0.0,1.0,1.0,1.0,1.0,1.0,0.0,100000.0,0.0,0.0,1.0,0.0,0.0,0.0,0.0,0.0
2008-04-16,100000.0,0.0,1.0,1.0,1.0,1.0,1.0,0.0,100000.0,0.0,0.0,1.0,0.0,0.0,0.0,0.0,0.0
2008-04-17,100000.0,0.0,1.0,1.0,1.0,1.0,1.0,0.0,100000.0,0.0,0.0,1.0,0.0,0.0,0.0,0.0,0.0
2008-04-18,100000.0,0.0,1.0,1.0,1.0,1.0,1.0,0.0,100000.0,0.0,0.0,1.0,0.0,0.0,0.0,0.0,0.0
2008-04-21,100000.0,0.0,1.0,1.0,1.0,1.0,1.0,0.0,100000.0,0.0,0.0,1.0,0.0,0.0,0.0,0.0,0.0
2008-04-22,100000.0,0.0,1.0,1.0,1.0,1.0,1.0,0.0,100000.0,0.0,0.0,1.0,0.0,0.0,0.0,0.0,0.0
2008-04-23,100000.0,0.0,1.0,1.0,1.0,1.0,1.0,0.0,100000.0,0.0,0.0,1.0,0.0,0.0,0.0,0.0,0.0
2008-04-24,100000.0,0.0,1.0,1.0,1.0,1.0,1.0,0.0,100000.0,0.0,0.0,1.0,0.0,0.0,0.0,0.0,0.0
2008-04-25,100000.0,0.0,1.0,1.0,1.0,1.0,1.0,0.0,100000.0,0.0,0.0,1.0,0.0,0.0,0.0,0.0,0.0
2008-04-28,100000.0,0.0,1.0,1.0,1.0,1.0,1.0,0.0,100000.0,0.0,0.0,1.0,0.0,0.0,0.0,0.0,0.0
2008-04-29,100000.0,0.0,1.0,1.0,1.0,1.0,1.0,0.0,100000.0,0.0,0.0,1.0,0.0,0.0,0.0,0.0,0.0
2008-04-30,100000.0,0.0,1.0,1.0,1.0,1.0,1.0,0.0,100000.0,0.0,0.0,1.0,0.0,0.0,0.0,0.0,0.0
2008-05-01,100000.0,0.0,1.0,1.0,1.0,1.0,1.0,0.0,100000.0,0.0,0.0,1.0,0.0,0.0,0.0,0.0,0.0
2008-05-02,100000.0,0.0,1.0,1.0,1.0,1.0,1.0,0.0,100000.0,0.0,0.0,1.0,0.0,0.0,0.0,0.0,0.0
2008-05-05,100000.0,0.0,1.0,1.0,1.0,1.0,1.0,0.0,100000.0,0.0,0.0,1.0,0.0,0.0,0.0,0.0,0.0
2008-05-06,100000.0,0.0,1.0,1.0,1.0,1.0,1.0,0.0,100000.0,0.0,0.0,1.0,0.0,0.0,0.0,0.0,0.0
2008-05-07,100000.0,0.0,1.0,1.0,1.0,1.0,1.0,0.0,100000.0,0.0,0.0,1.0,0.0,0.0,0.0,0.0,0.0
2008-05-08,100000.0,0.0,1.0,1.0,1.0,1.0,1.0,0.0,100000.0,0.0,0.0,1.0,0.0,0.0,0.0,0.0,0.0
2008-05-09,100000.0,0.0,1.0,1.0,1.0,1.0,1.0,0.0,100000.0,0.0,0.0,1.0,0.0,0.0,0.0,0.0,0.0
2008-05-12,100000.0,0.0,1.0,1.0,1.0,1.0,1.0,0.0,100000.0,0.0,0.0,1.0,0.0,0.0,0.0,0.0,0.0
2008-05-13,100000.0,0.0,1.0,1.0,1.0,1.0,1.0,0.0,100000.0,0.0,0.0,1.0,0.0,0.0,0.0,0.0,0.0
2008-05-14,100000.0,0.0,1.0,1.0,1.0,1.0,1.0,0.0,100000.0,0.0,0.0,1.0,0.0,0.0,0.0,0.0,0.0
2008-05-15,100000.0,0.0,1.0,1.0,1.0,1.0,1.0,0.0,100000.0,0.0,0.0,1.0,0.0,0.0,0.0,0.0,0.0
2008-05-16,100000.0,0.0,1.0,1.0,1.0,1.0,1.0,0.0,100000.0,0.0,0.0,1.0,0.0,0.0,0.0,0.0,0.0
2008-05-19,100000.0,0.0,1.0,1.0,1.0,1.0,1.0,0.0,100000.0,0.0,0.0,1.0,0.0,0.0,0.0,0.0,0.0
2008-05-20,100000.0,0.0,1.0,1.0,1.0,1.0,1.0,0.0,100000.0,0.0,0.0,1.0,0.0,0.0,0.0,0.0,0.0
2008-05-21,100000.0,0.0,1.0,1.0,1.0,1.0,1.0,0.0,100000.0,0.0,0.0,1.0,0.0,0.0,0.0,0.0,0.0
2008-05-22,100000.0,0.0,1.0,1.0,1.0,1.0,1.0,0.0,100000.0,0.0,0.0,1.0,0.0,0.0,0.0,0.0,0.0
2008-05-23,100000.0,0.0,1.0,1.0,1.0,1.0,1.0,0.0,100000.0,0.0,0.0,1.0,0.0,0.0,0.0,0.0,0.0
2008-05-27,100000.0,0.0,1.0,1.0,1.0,1.0,1.0,0.0,100000.0,0.0,0.0,1.0,0.0,0.0,0.0,0.0,0.0
2008-05-28,100000.0,0.0,1.0,1.0,1.0,1.0,1.0,0.0,100000.0,0.0,0.0,1.0,0.0,0.0,0.0,0.0,0.0
2008-05-29,100000.0,0.0,1.0,1.0,1.0,1.0,1.0,0.0,100000.0,0.0,0.0,1.0,0.0,0.0,0.0,0.0,0.0
2008-05-30,100000.0,0.0,1.0,1.0,1.0,1.0,1.0,0.0,100000.0,0.0,0.0,1.0,0.0,0.0,0.0,0.0,0.0
2008-06-02,100000.0,0.0,1.0,1.0,1.0,1.0,1.0,0.0,100000.0,0.0,0.0,1.0,0.0,0.0,0.0,0.0,0.0
2008-06-03,100000.0,0.0,1.0,1.0,1.0,1.0,1.0,0.0,100000.0,0.0,0.0,1.0,0.0,0.0,0.0,0.0,0.0
2008-06-04,100000.0,0.0,1.0,1.0,1.0,1.0,1.0,0.0,100000.0,0.0,0.0,1.0,0.0,0.0,0.0,0.0,0.0
2008-06-05,100000.0,0.0,1.0,1.0,1.0,1.0,1.0,0.0,100000.0,0.0,0.0,1.0,0.0,0.0,0.0,0.0,0.0
2008-06-06,100000.0,0.0,1.0,1.0,1.0,1.0,1.0,0.0,100000.0,0.0,0.0,1.0,0.0,0.0,0.0,0.0,0.0
2008-06-09,100000.0,0.0,1.0,1.0,1.0,1.0,1.0,0.0,100000.0,0.0,0.0,1.0,0.0,0.0,0.0,0.0,0.0
2008-06-10,100000.0,0.0,1.0,1.0,1.0,1.0,1.0,0.0,100000.0,0.0,0.0,1.0,0.0,0.0,0.0,0.0,0.0
2008-06-11,100000.0,0.0,1.0,1.0,1.0,1.0,1.0,0.0,100000.0,0.0,0.0,1.0,0.0,0.0,0.0,0.0,0.0
2008-06-12,100000.0,0.0,1.0,1.0,1.0,1.0,1.0,0.0,100000.0,0.0,0.0,1.0,0.0,0.0,0.0,0.0,0.0
2008-06-13,100000.0,0.0,1.0,1.0,1.0,1.0,1.0,0.0,100000.0,0.0,0.0,1.0,0.0,0.0,0.0,0.0,0.0
2008-06-16,100000.0,0.0,1.0,1.0,1.0,1.0,1.0,0.0,100000.0,0.0,0.0,1.0,0.0,0.0,0.0,0.0,0.0
2008-06-17,100000.0,0.0,1.0,1.0,1.0,1.0,1.0,0.0,100000.0,0.0,0.0,1.0,0.0,0.0,0.0,0.0,0.0
2008-06-18,100000.0,0.0,1.0,1.0,1.0,1.0,1.0,0.0,100000.0,0.0,0.0,1.0,0.0,0.0,0.0,0.0,0.0
2008-06-19,100000.0,0.0,1.0,1.0,1.0,1.0,1.0,0.0,100000.0,0.0,0.0,1.0,0.0,0.0,0.0,0.0,0.0
2008-06-20,100000.0,0.0,1.0,1.0,1.0,1.0,1.0,0.0,100000.0,0.0,0.0,1.0,0.0,0.0,0.0,0.0,0.0
2008-06-23,100000.0,0.0,1.0,1.0,1.0,1.0,1.0,0.0,100000.0,0.0,0.0,1.0,0.0,0.0,0.0,0.0,0.0
2008-06-24,100000.0,0.0,1.0,1.0,1.0,1.0,1.0,0.0,100000.0,0.0,0.0,1.0,0.0,0.0,0.0,0.0,0.0
2008-06-25,100000.0,0.0,1.0,1.0,1.0,1.0,1.0,0.0,100000.0,0.0,0.0,1.0,0.0,0.0,0.0,0.0,0.0
2008-06-26,100000.0,0.0,1.0,1.0,1.0,1.0,1.0,0.0,100000.0,0.0,0.0,1.0,0.0,0.0,0.0,0.0,0.0
2008-06-27,100000.0,0.0,1.0,1.0,1.0,1.0,1.0,0.0,100000.0,0.0,0.0,1.0,0.0,0.0,0.0,0.0,0.0
2008-06-30,100000.0,0.0,1.0,1.0,1.0,1.0,1.0,0.0,100000.0,0.0,0.0,1.0,0.0,0.0,0.0,0.0,0.0
2008-07-01,100000.0,0.0,1.0,1.0,1.0,1.0,1.0,0.0,100000.0,0.0,0.0,1.0,0.0,0.0,0.0,0.0,0.0
2008-07-02,100000.0,0.0,1.0,1.0,1.0,1.0,1.0,0.0,100000.0,0.0,0.0,1.0,0.0,0.0,0.0,0.0,0.0
2008-07-03,100000.0,0.0,1.0,1.0,1.0,1.0,1.0,0.0,100000.0,0.0,0.0,1.0,0.0,0.0,0.0,0.0,0.0
2008-07-07,100000.0,0.0,1.0,1.0,1.0,1.0,1.0,0.0,100000.0,0.0,0.0,1.0,0.0,0.0,0.0,0.0,0.0
2008-07-08,100000.0,0.0,1.0,1.0,1.0,1.0,1.0,0.0,100000.0,0.0,0.0,1.0,0.0,0.0,0.0,0.0,0.0
2008-07-09,100000.0,0.0,1.0,1.0,1.0,1.0,1.0,0.0,100000.0,0.0,0.0,1.0,0.0,0.0,0.0,0.0,0.0
2008-07-10,100000.0,0.0,1.0,1.0,1.0,1.0,1.0,0.0,100000.0,0.0,0.0,1.0,0.0,0.0,0.0,0.0,0.0
2008-07-11,100000.0,0.0,1.0,1.0,1.0,1.0,1.0,0.0,100000.0,0.0,0.0,1.0,0.0,0.0,0.0,0.0,0.0
2008-07-14,100000.0,0.0,1.0,1.0,1.0,1.0,1.0,0.0,100000.0,0.0,0.0,1.0,0.0,0.0,0.0,0.0,0.0
2008-07-15,100000.0,0.0,1.0,1.0,1.0,1.0,1.0,0.0,100000.0,0.0,0.0,1.0,0.0,0.0,0.0,0.0,0.0
2008-07-16,100000.0,0.0,1.0,1.0,1.0,1.0,1.0,0.0,100000.0,0.0,0.0,1.0,0.0,0.0,0.0,0.0,0.0
2008-07-17,100000.0,0.0,1.0,1.0,1.0,1.0,1.0,0.0,100000.0,0.0,0.0,1.0,0.0,0.0,0.0,0.0,0.0
2008-07-18,100000.0,0.0,1.0,1.0,1.0,1.0,1.0,0.0,100000.0,0.0,0.0,1.0,0.0,0.0,0.0,0.0,0.0
2008-07-21,100000.0,0.0,1.0,1.0,1.0,1.0,1.0,0.0,100000.0,0.0,0.0,1.0,0.0,0.0,0.0,0.0,0.0
2008-07-22,100000.0,0.0,1.0,1.0,1.0,1.0,1.0,0.0,100000.0,0.0,0.0,1.0,0.0,0.0,0.0,0.0,0.0
2008-07-23,100000.0,0.0,1.0,1.0,1.0,1.0,1.0,0.0,100000.0,0.0,0.0,1.0,0.0,0.0,0.0,0.0,0.0
2008-07-24,100000.0,0.0,1.0,1.0,1.0,1.0,1.0,0.0,100000.0,0.0,0.0,1.0,0.0,0.0,0.0,0.0,0.0
2008-07-25,100000.0,0.0,1.0,1.0,1.0,1.0,1.0,0.0,100000.0,0.0,0.0,1.0,0.0,0.0,0.0,0.0,0.0
2008-07-28,100000.0,0.0,1.0,1.0,1.0,1.0,1.0,0.0,100000.0,0.0,0.0,1.0,0.0,0.0,0.0,0.0,0.0
2008-07-29,100000.0,0.0,1.0,1.0,1.0,1.0,1.0,0.0,100000.0,0.0,0.0,1.0,0.0,0.0,0.0,0.0,0.0
2008-07-30,100000.0,0.0,1.0,1.0,1.0,1.0,1.0,0.0,100000.0,0.0,0.0,1.0,0.0,0.0,0.0,0.0,0.0
2008-07-31,100000.0,0.0,1.0,1.0,1.0,1.0,1.0,0.0,100000.0,0.0,0.0,1.0,0.0,0.0,0.0,0.0,0.0
2008-08-01,100000.0,0.0,1.0,1.0,1.0,1.0,1.0,0.0,100000.0,0.0,0.0,1.0,0.0,0.0,0.0,0.0,0.0
2008-08-04,100000.0,0.0,1.0,1.0,1.0,1.0,1.0,0.0,100000.0,0.0,0.0,1.0,0.0,0.0,0.0,0.0,0.0
2008-08-05,100000.0,0.0,1.0,1.0,1.0,1.0,1.0,0.0,100000.0,0.0,0.0,1.0,0.0,0.0,0.0,0.0,0.0
2008-08-06,100000.0,0.0,1.0,1.0,1.0,1.0,1.0,0.0,100000.0,0.0,0.0,1.0,0.0,0.0,0.0,0.0,0.0
2008-08-07,100000.0,0.0,1.0,1.0,1.0,1.0,1.0,0.0,100000.0,0.0,0.0,1.0,0.0,0.0,0.0,0.0,0.0
2008-08-08,100000.0,0.0,1.0,1.0,1.0,1.0,1.0,0.0,100000.0,0.0,0.0,1.0,0.0,0.0,0.0,0.0,0.0
2008-08-11,100000.0,0.0,1.0,1.0,1.0,1.0,1.0,0.0,100000.0,0.0,0.0,1.0,0.0,0.0,0.0,0.0,0.0
2008-08-12,100000.0,0.0,1.0,1.0,1.0,1.0,1.0,0.0,100000.0,0.0,0.0,1.0,0.0,0.0,0.0,0.0,0.0
2008-08-13,100000.0,0.0,1.0,1.0,1.0,1.0,1.0,0.0,100000.0,0.0,0.0,1.0,0.0,0.0,0.0,0.0,0.0
2008-08-14,100000.0,0.0,1.0,1.0,1.0,1.0,1.0,0.0,100000.0,0.0,0.0,1.0,0.0,0.0,0.0,0.0,0.0
2008-08-15,100000.0,0.0,1.0,1.0,1.0,1.0,1.0,0.0,100000.0,0.0,0.0,1.0,0.0,0.0,0.0,0.0,0.0
2008-08-18,100000.0,0.0,1.0,1.0,1.0,1.0,1.0,0.0,100000.0,0.0,0.0,1.0,0.0,0.0,0.0,0.0,0.0
2008-08-19,100000.0,0.0,1.0,1.0,1.0,1.0,1.0,0.0,100000.0,0.0,0.0,1.0,0.0,0.0,0.0,0.0,0.0
2008-08-20,100000.0,0.0,1.0,1.0,1.0,1.0,1.0,0.0,100000.0,0.0,0.0,1.0,0.0,0.0,0.0,0.0,0.0
2008-08-21,100000.0,0.0,1.0,1.0,1.0,1.0,1.0,0.0,100000.0,0.0,0.0,1.0,0.0,0.0,0.0,0.0,0.0
2008-08-22,100000.0,0.0,1.0,1.0,1.0,1.0,1.0,0.0,100000.0,0.0,0.0,1.0,0.0,0.0,0.0,0.0,0.0
2008-08-25,100000.0,0.0,1.0,1.0,1.0,1.0,1.0,0.0,100000.0,0.0,0.0,1.0,0.0,0.0,0.0,0.0,0.0
2008-08-26,100000.0,0.0,1.0,1.0,1.0,1.0,1.0,0.0,100000.0,0.0,0.0,1.0,0.0,0.0,0.0,0.0,0.0
2008-08-27,100000.0,0.0,1.0,1.0,1.0,1.0,1.0,0.0,100000.0,0.0,0.0,1.0,0.0,0.0,0.0,0.0,0.0
2008-08-28,100000.0,0.0,1.0,1.0,1.0,1.0,1.0,0.0,100000.0,0.0,0.0,1.0,0.0,0.0,0.0,0.0,0.0
2008-08-29,100000.0,0.0,1.0,1.0,1.0,1.0,1.0,0.0,100000.0,0.0,0.0,1.0,0.0,0.0,0.0,0.0,0.0
2008-09-02,100000.0,0.0,1.0,1.0,1.0,1.0,1.0,0.0,100000.0,0.0,0.0,1.0,0.0,0.0,0.0,0.0,0.0
2008-09-03,100000.0,0.0,1.0,1.0,1.0,1.0,1.0,0.0,100000.0,0.0,0.0,1.0,0.0,0.0,0.0,0.0,0.0
2008-09-04,100000.0,0.0,1.0,1.0,1.0,1.0,1.0,0.0,100000.0,0.0,0.0,1.0,0.0,0.0,0.0,0.0,0.0
2008-09-05,100000.0,0.0,1.0,1.0,1.0,1.0,1.0,0.0,100000.0,0.0,0.0,1.0,0.0,0.0,0.0,0.0,0.0
2008-09-08,100000.0,0.0,1.0,1.0,1.0,1.0,1.0,0.0,100000.0,0.0,0.0,1.0,0.0,0.0,0.0,0.0,0.0
2008-09-09,100000.0,0.0,1.0,1.0,1.0,1.0,1.0,0.0,100000.0,0.0,0.0,1.0,0.0,0.0,0.0,0.0,0.0
2008-09-10,100000.0,0.0,1.0,1.0,1.0,1.0,1.0,0.0,100000.0,0.0,0.0,1.0,0.0,0.0,0.0,0.0,0.0
2008-09-11,100000.0,0.0,1.0,1.0,1.0,1.0,1.0,0.0,100000.0,0.0,0.0,1.0,0.0,0.0,0.0,0.0,0.0
2008-09-12,100000.0,0.0,1.0,1.0,1.0,1.0,1.0,0.0,100000.0,0.0,0.0,1.0,0.0,0.0,0.0,0.0,0.0
2008-09-15,100000.0,0.0,1.0,1.0,1.0,1.0,1.0,0.0,100000.0,0.0,0.0,1.0,0.0,0.0,0.0,0.0,0.0
2008-09-16,100000.0,0.0,1.0,1.0,1.0,1.0,1.0,0.0,100000.0,0.0,0.0,1.0,0.0,0.0,0.0,0.0,0.0
2008-09-17,100000.0,0.0,1.0,1.0,1.0,1.0,1.0,0.0,100000.0,0.0,0.0,1.0,0.0,0.0,0.0,0.0,0.0
2008-09-18,100000.0,0.0,1.0,1.0,1.0,1.0,1.0,0.0,100000.0,0.0,0.0,1.0,0.0,0.0,0.0,0.0,0.0
2008-09-19,100000.0,0.0,1.0,1.0,1.0,1.0,1.0,0.0,100000.0,0.0,0.0,1.0,0.0,0.0,0.0,0.0,0.0
2008-09-22,100000.0,0.0,1.0,1.0,1.0,1.0,1.0,0.0,100000.0,0.0,0.0,1.0,0.0,0.0,0.0,0.0,0.0
2008-09-23,100000.0,0.0,1.0,1.0,1.0,1.0,1.0,0.0,100000.0,0.0,0.0,1.0,0.0,0.0,0.0,0.0,0.0
2008-09-24,100000.0,0.0,1.0,1.0,1.0,1.0,1.0,0.0,100000.0,0.0,0.0,1.0,0.0,0.0,0.0,0.0,0.0
2008-09-25,100000.0,0.0,1.0,1.0,1.0,1.0,1.0,0.0,100000.0,0.0,0.0,1.0,0.0,0.0,0.0,0.0,0.0
2008-09-26,100000.0,0.0,1.0,1.0,1.0,1.0,1.0,0.0,100000.0,0.0,0.0,1.0,0.0,0.0,0.0,0.0,0.0
2008-09-29,100000.0,0.0,1.0,1.0,1.0,1.0,1.0,0.0,100000.0,0.0,0.0,1.0,0.0,0.0,0.0,0.0,0.0
2008-09-30,100000.0,0.0,1.0,1.0,1.0,1.0,1.0,0.0,100000.0,0.0,0.0,1.0,0.0,0.0,0.0,0.0,0.0
2008-10-01,100000.0,0.0,1.0,1.0,1.0,1.0,1.0,0.0,100000.0,0.0,0.0,1.0,0.0,0.0,0.0,0.0,0.0
2008-10-02,100000.0,0.0,1.0,1.0,1.0,1.0,1.0,0.0,100000.0,0.0,0.0,1.0,0.0,0.0,0.0,0.0,0.0
2008-10-03,100000.0,0.0,1.0,1.0,1.0,1.0,1.0,0.0,100000.0,0.0,0.0,1.0,0.0,0.0,0.0,0.0,0.0
2008-10-06,100000.0,0.0,1.0,1.0,1.0,1.0,1.0,0.0,100000.0,0.0,0.0,1.0,0.0,0.0,0.0,0.0,0.0
2008-10-07,100000.0,0.0,1.0,1.0,1.0,1.0,1.0,0.0,100000.0,0.0,0.0,1.0,0.0,0.0,0.0,0.0,0.0
2008-10-08,100000.0,0.0,1.0,1.0,1.0,1.0,1.0,0.0,100000.0,0.0,0.0,1.0,0.0,0.0,0.0,0.0,0.0
2008-10-09,100000.0,0.0,1.0,1.0,1.0,1.0,1.0,0.0,100000.0,0.0,0.0,1.0,0.0,0.0,0.0,0.0,0.0
2008-10-10,100000.0,0.0,1.0,1.0,1.0,1.0,1.0,0.0,100000.0,0.0,0.0,1.0,0.0,0.0,0.0,0.0,0.0
2008-10-13,100000.0,0.0,1.0,1.0,1.0,1.0,1.0,0.0,100000.0,0.0,0.0,1.0,0.0,0.0,0.0,0.0,0.0
2008-10-14,100000.0,0.0,1.0,1.0,1.0,1.0,1.0,0.0,100000.0,0.0,0.0,1.0,0.0,0.0,0.0,0.0,0.0
2008-10-15,100000.0,0.0,1.0,1.0,1.0,1.0,1.0,0.0,100000.0,0.0,0.0,1.0,0.0,0.0,0.0,0.0,0.0
2008-10-16,100000.0,0.0,1.0,1.0,1.0,1.0,1.0,0.0,100000.0,0.0,0.0,1.0,0.0,0.0,0.0,0.0,0.0
2008-10-17,100000.0,0.0,1.0,1.0,1.0,1.0,1.0,0.0,100000.0,0.0,0.0,1.0,0.0,0.0,0.0,0.0,0.0
2008-10-20,100000.0,0.0,1.0,1.0,1.0,1.0,1.0,0.0,100000.0,0.0,0.0,1.0,0.0,0.0,0.0,0.0,0.0
2008-10-21,100000.0,0.0,1.0,1.0,1.0,1.0,1.0,0.0,100000.0,0.0,0.0,1.0,0.0,0.0,0.0,0.0,0.0
2008-10-22,100000.0,0.0,1.0,1.0,1.0,1.0,1.0,0.0,100000.0,0.0,0.0,1.0,0.0,0.0,0.0,0.0,0.0
2008-10-23,100000.0,0.0,1.0,1.0,1.0,1.0,1.0,0.0,100000.0,0.0,0.0,1.0,0.0,0.0,0.0,0.0,0.0
2008-10-24,100000.0,0.0,1.0,1.0,1.0,1.0,1.0,0.0,100000.0,0.0,0.0,1.0,0.0,0.0,0.0,0.0,0.0
2008-10-27,100000.0,0.0,1.0,1.0,1.0,1.0,1.0,0.0,100000.0,0.0,0.0,1.0,0.0,0.0,0.0,0.0,0.0
2008-10-28,100000.0,0.0,1.0,1.0,1.0,1.0,1.0,0.0,100000.0,0.0,0.0,1.0,0.0,0.0,0.0,0.0,0.0
2008-10-29,100000.0,0.0,1.0,1.0,1.0,1.0,1.0,0.0,100000.0,0.0,0.0,1.0,0.0,0.0,0.0,0.0,0.0
2008-10-30,100000.0,0.0,1.0,1.0,1.0,1.0,1.0,0.0,100000.0,0.0,0.0,1.0,0.0,0.0,0.0,0.0,0.0
2008-10-31,100000.0,0.0,1.0,1.0,1.0,1.0,1.0,0.0,100000.0,0.0,0.0,1.0,0.0,0.0,0.0,0.0,0.0
2008-11-03,100000.0,0.0,1.0,1.0,1.0,1.0,1.0,0.0,100000.0,0.0,0.0,1.0,0.0,0.0,0.0,0.0,0.0
2008-11-04,100000.0,0.0,1.0,1.0,1.0,1.0,1.0,0.0,100000.0,0.0,0.0,1.0,0.0,0.0,0.0,0.0,0.0
2008-11-05,100000.0,0.0,1.0,1.0,1.0,1.0,1.0,0.0,100000.0,0.0,0.0,1.0,0.0,0.0,0.0,0.0,0.0
2008-11-06,100000.0,0.0,1.0,1.0,1.0,1.0,1.0,0.0,100000.0,0.0,0.0,1.0,0.0,0.0,0.0,0.0,0.0
2008-11-07,100000.0,0.0,1.0,1.0,1.0,1.0,1.0,0.0,100000.0,0.0,0.0,1.0,0.0,0.0,0.0,0.0,0.0
2008-11-10,100000.0,0.0,1.0,1.0,1.0,1.0,1.0,0.0,100000.0,0.0,0.0,1.0,0.0,0.0,0.0,0.0,0.0
2008-11-11,100000.0,0.0,1.0,1.0,1.0,1.0,1.0,0.0,100000.0,0.0,0.0,1.0,0.0,0.0,0.0,0.0,0.0
2008-11-12,100000.0,0.0,1.0,1.0,1.0,1.0,1.0,0.0,100000.0,0.0,0.0,1.0,0.0,0.0,0.0,0.0,0.0
2008-11-13,100000.0,0.0,1.0,1.0,1.0,1.0,1.0,0.0,100000.0,0.0,0.0,1.0,0.0,0.0,0.0,0.0,0.0
2008-11-14,100000.0,0.0,1.0,1.0,1.0,1.0,1.0,0.0,100000.0,0.0,0.0,1.0,0.0,0.0,0.0,0.0,0.0
2008-11-17,100000.0,0.0,1.0,1.0,1.0,1.0,1.0,0.0,100000.0,0.0,0.0,1.0,0.0,0.0,0.0,0.0,0.0
2008-11-18,100000.0,0.0,1.0,1.0,1.0,1.0,1.0,0.0,100000.0,0.0,0.0,1.0,0.0,0.0,0.0,0.0,0.0
2008-11-19,100000.0,0.0,1.0,1.0,1.0,1.0,1.0,0.0,100000.0,0.0,0.0,1.0,0.0,0.0,0.0,0.0,0.0
2008-11-20,100000.0,0.0,1.0,1.0,1.0,1.0,1.0,0.0,100000.0,0.0,0.0,1.0,0.0,0.0,0.0,0.0,0.0
2008-11-21,100000.0,0.0,1.0,1.0,1.0,1.0,1.0,0.0,100000.0,0.0,0.0,1.0,0.0,0.0,0.0,0.0,0.0
2008-11-24,100000.0,0.0,1.0,1.0,1.0,1.0,1.0,0.0,100000.0,0.0,0.0,1.0,0.0,0.0,0.0,0.0,0.0
2008-11-25,100000.0,0.0,1.0,1.0,1.0,1.0,1.0,0.0,100000.0,0.0,0.0,1.0,0.0,0.0,0.0,0.0,0.0
2008-11-26,100000.0,0.0,1.0,1.0,1.0,1.0,1.0,0.0,100000.0,0.0,0.0,1.0,0.0,0.0,0.0,0.0,0.0
2008-11-28,100000.0,0.0,1.0,1.0,1.0,1.0,1.0,0.0,100000.0,0.0,0.0,1.0,0.0,0.0,0.0,0.0,0.0
2008-12-01,100000.0,0.0,1.0,1.0,1.0,1.0,1.0,0.0,100000.0,0.0,0.0,1.0,0.0,0.0,0.0,0.0,0.0
2008-12-02,100000.0,0.0,1.0,1.0,1.0,1.0,1.0,0.0,100000.0,0.0,0.0,1.0,0.0,0.0,0.0,0.0,0.0
2008-12-03,100000.0,0.0,1.0,1.0,1.0,1.0,1.0,0.0,100000.0,0.0,0.0,1.0,0.0,0.0,0.0,0.0,0.0
2008-12-04,100000.0,0.0,1.0,1.0,1.0,1.0,1.0,0.0,100000.0,0.0,0.0,1.0,0.0,0.0,0.0,0.0,0.0
2008-12-05,100000.0,0.0,1.0,1.0,1.0,1.0,1.0,0.0,100000.0,0.0,0.0,1.0,0.0,0.0,0.0,0.0,0.0
2008-12-08,100000.0,0.0,1.0,1.0,1.0,1.0,1.0,0.0,100000.0,0.0,0.0,1.0,0.0,0.0,0.0,0.0,0.0
2008-12-09,100000.0,0.0,1.0,1.0,1.0,1.0,1.0,0.0,100000.0,0.0,0.0,1.0,0.0,0.0,0.0,0.0,0.0
2008-12-10,100000.0,0.0,1.0,1.0,1.0,1.0,1.0,0.0,100000.0,0.0,0.0,1.0,0.0,0.0,0.0,0.0,0.0
2008-12-11,100000.0,0.0,1.0,1.0,1.0,1.0,1.0,0.0,100000.0,0.0,0.0,1.0,0.0,0.0,0.0,0.0,0.0
2008-12-12,100000.0,0.0,1.0,1.0,1.0,1.0,1.0,0.0,100000.0,0.0,0.0,1.0,0.0,0.0,0.0,0.0,0.0
2008-12-15,100000.0,0.0,1.0,1.0,1.0,1.0,1.0,0.0,100000.0,0.0,0.0,1.0,0.0,0.0,0.0,0.0,0.0
2008-12-16,100000.0,0.0,1.0,1.0,1.0,1.0,1.0,0.0,100000.0,0.0,0.0,1.0,0.0,0.0,0.0,0.0,0.0
2008-12-17,100000.0,0.0,1.0,1.0,1.0,1.0,1.0,0.0,100000.0,0.0,0.0,1.0,0.0,0.0,0.0,0.0,0.0
2008-12-18,100000.0,0.0,1.0,1.0,1.0,1.0,1.0,0.0,100000.0,0.0,0.0,1.0,0.0,0.0,0.0,0.0,0.0
2008-12-19,100000.0,0.0,1.0,1.0,1.0,1.0,1.0,0.0,100000.0,0.0,0.0,1.0,0.0,0.0,0.0,0.0,0.0
2008-12-22,100000.0,0.0,1.0,1.0,1.0,1.0,1.0,0.0,100000.0,0.0,0.0,1.0,0.0,0.0,0.0,0.0,0.0
2008-12-23,100000.0,0.0,1.0,1.0,1.0,1.0,1.0,0.0,100000.0,0.0,0.0,1.0,0.0,0.0,0.0,0.0,0.0
2008-12-24,100000.0,0.0,1.0,1.0,1.0,1.0,1.0,0.0,100000.0,0.0,0.0,1.0,0.0,0.0,0.0,0.0,0.0
2008-12-26,100000.0,0.0,1.0,1.0,1.0,1.0,1.0,0.0,100000.0,0.0,0.0,1.0,0.0,0.0,0.0,0.0,0.0
2008-12-29,100000.0,0.0,1.0,1.0,1.0,1.0,1.0,0.0,100000.0,0.0,0.0,1.0,0.0,0.0,0.0,0.0,0.0
2008-12-30,100000.0,0.0,1.0,1.0,1.0,1.0,1.0,0.0,100000.0,0.0,0.0,1.0,0.0,0.0,0.0,0.0,0.0
2008-12-31,100000.0,0.0,1.0,1.0,1.0,1.0,1.0,0.0,100000.0,0.0,0.0,1.0,0.0,0.0,0.0,0.0,0.0
2009-01-02,100000.0,0.0,1.0,1.0,1.0,1.0,1.0,0.0,100000.0,0.0,0.0,1.0,0.0,0.0,0.0,0.0,0.0
2009-01-05,100000.0,0.0,1.0,1.0,1.0,1.0,1.0,0.0,100000.0,0.0,0.0,1.0,0.0,0.0,0.0,0.0,0.0
2009-01-06,100000.0,0.0,1.0,1.0,1.0,1.0,1.0,0.0,100000.0,0.0,0.0,1.0,0.0,0.0,0.0,0.0,0.0
2009-01-07,100000.0,0.0,1.0,1.0,1.0,1.0,1.0,0.0,100000.0,0.0,0.0,1.0,0.0,0.0,0.0,0.0,0.0
2009-01-08,100000.0,0.0,1.0,1.0,1.0,1.0,1.0,0.0,100000.0,0.0,0.0,1.0,0.0,0.0,0.0,0.0,0.0
2009-01-09,100000.0,0.0,1.0,1.0,1.0,1.0,1.0,0.0,100000.0,0.0,0.0,1.0,0.0,0.0,0.0,0.0,0.0
2009-01-12,100000.0,0.0,1.0,1.0,1.0,1.0,1.0,0.0,100000.0,0.0,0.0,1.0,0.0,0.0,0.0,0.0,0.0
2009-01-13,100000.0,0.0,1.0,1.0,1.0,1.0,1.0,0.0,100000.0,0.0,0.0,1.0,0.0,0.0,0.0,0.0,0.0
2009-01-14,100000.0,0.0,1.0,1.0,1.0,1.0,1.0,0.0,100000.0,0.0,0.0,1.0,0.0,0.0,0.0,0.0,0.0
2009-01-15,100000.0,0.0,1.0,1.0,1.0,1.0,1.0,0.0,100000.0,0.0,0.0,1.0,0.0,0.0,0.0,0.0,0.0
2009-01-16,100000.0,0.0,1.0,1.0,1.0,1.0,1.0,0.0,100000.0,0.0,0.0,1.0,0.0,0.0,0.0,0.0,0.0
2009-01-20,100000.0,0.0,1.0,1.0,1.0,1.0,1.0,0.0,100000.0,0.0,0.0,1.0,0.0,0.0,0.0,0.0,0.0
2009-01-21,100000.0,0.0,1.0,1.0,1.0,1.0,1.0,0.0,100000.0,0.0,0.0,1.0,0.0,0.0,0.0,0.0,0.0
2009-01-22,100000.0,0.0,1.0,1.0,1.0,1.0,1.0,0.0,100000.0,0.0,0.0,1.0,0.0,0.0,0.0,0.0,0.0
2009-01-23,100000.0,0.0,1.0,1.0,1.0,1.0,1.0,0.0,100000.0,0.0,0.0,1.0,0.0,0.0,0.0,0.0,0.0
2009-01-26,100000.0,0.0,1.0,1.0,1.0,1.0,1.0,0.0,100000.0,0.0,0.0,1.0,0.0,0.0,0.0,0.0,0.0
2009-01-27,100000.0,0.0,1.0,1.0,1.0,1.0,1.0,0.0,100000.0,0.0,0.0,1.0,0.0,0.0,0.0,0.0,0.0
2009-01-28,100000.0,0.0,1.0,1.0,1.0,1.0,1.0,0.0,100000.0,0.0,0.0,1.0,0.0,0.0,0.0,0.0,0.0
2009-01-29,100000.0,0.0,1.0,1.0,1.0,1.0,1.0,0.0,100000.0,0.0,0.0,1.0,0.0,0.0,0.0,0.0,0.0
2009-01-30,100000.0,0.0,1.0,1.0,1.0,1.0,1.0,0.0,100000.0,0.0,0.0,1.0,0.0,0.0,0.0,0.0,0.0
2009-02-02,100000.0,0.0,1.0,1.0,1.0,1.0,1.0,0.0,100000.0,0.0,0.0,1.0,0.0,0.0,0.0,0.0,0.0
2009-02-03,100000.0,0.0,1.0,1.0,1.0,1.0,1.0,0.0,100000.0,0.0,0.0,1.0,0.0,0.0,0.0,0.0,0.0
2009-02-04,100000.0,0.0,1.0,1.0,1.0,1.0,1.0,0.0,100000.0,0.0,0.0,1.0,0.0,0.0,0.0,0.0,0.0
2009-02-05,100000.0,0.0,1.0,1.0,1.0,1.0,1.0,0.0,100000.0,0.0,0.0,1.0,0.0,0.0,0.0,0.0,0.0
2009-02-06,100000.0,0.0,1.0,1.0,1.0,1.0,1.0,0.0,100000.0,0.0,0.0,1.0,0.0,0.0,0.0,0.0,0.0
2009-02-09,100000.0,0.0,1.0,1.0,1.0,1.0,1.0,0.0,100000.0,0.0,0.0,1.0,0.0,0.0,0.0,0.0,0.0
2009-02-10,100000.0,0.0,1.0,1.0,1.0,1.0,1.0,0.0,100000.0,0.0,0.0,1.0,0.0,0.0,0.0,0.0,0.0
2009-02-11,100000.0,0.0,1.0,1.0,1.0,1.0,1.0,0.0,100000.0,0.0,0.0,1.0,0.0,0.0,0.0,0.0,0.0
2009-02-12,100000.0,0.0,1.0,1.0,1.0,1.0,1.0,0.0,100000.0,0.0,0.0,1.0,0.0,0.0,0.0,0.0,0.0
2009-02-13,100000.0,0.0,1.0,1.0,1.0,1.0,1.0,0.0,100000.0,0.0,0.0,1.0,0.0,0.0,0.0,0.0,0.0
2009-02-17,100000.0,0.0,1.0,1.0,1.0,1.0,1.0,0.0,100000.0,0.0,0.0,1.0,0.0,0.0,0.0,0.0,0.0
2009-02-18,100000.0,0.0,1.0,1.0,1.0,1.0,1.0,0.0,100000.0,0.0,0.0,1.0,0.0,0.0,0.0,0.0,0.0
2009-02-19,100000.0,0.0,1.0,1.0,1.0,1.0,1.0,0.0,100000.0,0.0,0.0,1.0,0.0,0.0,0.0,0.0,0.0
2009-02-20,100000.0,0.0,1.0,1.0,1.0,1.0,1.0,0.0,100000.0,0.0,0.0,1.0,0.0,0.0,0.0,0.0,0.0
2009-02-23,100000.0,0.0,1.0,1.0,1.0,1.0,1.0,0.0,100000.0,0.0,0.0,1.0,0.0,0.0,0.0,0.0,0.0
2009-02-24,100000.0,0.0,1.0,1.0,1.0,1.0,1.0,0.0,100000.0,0.0,0.0,1.0,0.0,0.0,0.0,0.0,0.0
2009-02-25,100000.0,0.0,1.0,1.0,1.0,1.0,1.0,0.0,100000.0,0.0,0.0,1.0,0.0,0.0,0.0,0.0,0.0
2009-02-26,100000.0,0.0,1.0,1.0,1.0,1.0,1.0,0.0,100000.0,0.0,0.0,1.0,0.0,0.0,0.0,0.0,0.0
2009-02-27,100000.0,0.0,1.0,1.0,1.0,1.0,1.0,0.0,100000.0,0.0,0.0,1.0,0.0,0.0,0.0,0.0,0.0
2009-03-02,100000.0,0.0,1.0,1.0,1.0,1.0,1.0,0.0,100000.0,0.0,0.0,1.0,0.0,0.0,0.0,0.0,0.0
2009-03-03,100000.0,0.0,1.0,1.0,1.0,1.0,1.0,0.0,100000.0,0.0,0.0,1.0,0.0,0.0,0.0,0.0,0.0
2009-03-04,100000.0,0.0,1.0,1.0,1.0,1.0,1.0,0.0,100000.0,0.0,0.0,1.0,0.0,0.0,0.0,0.0,0.0
2009-03-05,100000.0,0.0,1.0,1.0,1.0,1.0,1.0,0.0,100000.0,0.0,0.0,1.0,0.0,0.0,0.0,0.0,0.0
2009-03-06,100000.0,0.0,1.0,1.0,1.0,1.0,1.0,0.0,100000.0,0.0,0.0,1.0,0.0,0.0,0.0,0.0,0.0
2009-03-09,100000.0,0.0,1.0,1.0,1.0,1.0,1.0,0.0,100000.0,0.0,0.0,1.0,0.0,0.0,0.0,0.0,0.0
2009-03-10,100000.0,0.0,1.0,1.0,1.0,1.0,1.0,0.0,100000.0,0.0,0.0,1.0,0.0,0.0,0.0,0.0,0.0
2009-03-11,100000.0,0.0,1.0,1.0,1.0,1.0,1.0,0.0,100000.0,0.0,0.0,1.0,0.0,0.0,0.0,0.0,0.0
2009-03-12,100000.0,0.0,1.0,1.0,1.0,1.0,1.0,0.0,100000.0,0.0,0.0,1.0,0.0,0.0,0.0,0.0,0.0
2009-03-13,100000.0,0.0,1.0,1.0,1.0,1.0,1.0,0.0,100000.0,0.0,0.0,1.0,0.0,0.0,0.0,0.0,0.0
2009-03-16,100000.0,0.0,1.0,1.0,1.0,1.0,1.0,0.0,100000.0,0.0,0.0,1.0,0.0,0.0,0.0,0.0,0.0
2009-03-17,100000.0,0.0,1.0,1.0,1.0,1.0,1.0,0.0,100000.0,0.0,0.0,1.0,0.0,0.0,0.0,0.0,0.0
2009-03-18,100000.0,0.0,1.0,1.0,1.0,1.0,1.0,0.0,100000.0,0.0,0.0,1.0,0.0,0.0,0.0,0.0,0.0
2009-03-19,100000.0,0.0,1.0,1.0,1.0,1.0,1.0,0.0,100000.0,0.0,0.0,1.0,0.0,0.0,0.0,0.0,0.0
2009-03-20,100000.0,0.0,1.0,1.0,1.0,1.0,1.0,0.0,100000.0,0.0,0.0,1.0,0.0,0.0,0.0,0.0,0.0
2009-03-23,100000.0,0.0,1.0,1.0,1.0,1.0,1.0,0.0,100000.0,0.0,0.0,1.0,0.0,0.0,0.0,0.0,0.0
2009-03-24,100000.0,0.0,1.0,1.0,1.0,1.0,1.0,0.0,100000.0,0.0,0.0,1.0,0.0,0.0,0.0,0.0,0.0
2009-03-25,100000.0,0.0,1.0,1.0,1.0,1.0,1.0,0.0,100000.0,0.0,0.0,1.0,0.0,0.0,0.0,0.0,0.0
2009-03-26,100000.0,0.0,1.0,1.0,1.0,1.0,1.0,0.0,100000.0,0.0,0.0,1.0,0.0,0.0,0.0,0.0,0.0
2009-03-27,100000.0,0.0,1.0,1.0,1.0,1.0,1.0,0.0,100000.0,0.0,0.0,1.0,0.0,0.0,0.0,0.0,0.0
2009-03-30,100000.0,0.0,1.0,1.0,1.0,1.0,1.0,0.0,100000.0,0.0,0.0,1.0,0.0,0.0,0.0,0.0,0.0
2009-03-31,100000.0,0.0,1.0,1.0,1.0,1.0,1.0,0.0,100000.0,0.0,0.0,1.0,0.0,0.0,0.0,0.0,0.0
2009-04-01,100000.0,0.0,1.0,1.0,1.0,1.0,1.0,0.0,100000.0,0.0,0.0,1.0,0.0,0.0,0.0,0.0,0.0
2009-04-02,100000.0,0.0,1.0,1.0,1.0,1.0,1.0,0.0,100000.0,0.0,0.0,1.0,0.0,0.0,0.0,0.0,0.0
2009-04-03,100000.0,0.0,1.0,1.0,1.0,1.0,1.0,0.0,100000.0,0.0,0.0,1.0,0.0,0.0,0.0,0.0,0.0
2009-04-06,100000.0,0.0,1.0,1.0,1.0,1.0,1.0,0.0,100000.0,0.0,0.0,1.0,0.0,0.0,0.0,0.0,0.0
2009-04-07,99900.0999000999,-0.0009990009990009652,1.0,1.0,1.0,1.0,1.0,-0.0009990009990009988,99900.0999000999,1.0,1.0,0.0,0.9990009990009988,0.0,99.90009990009987,0.0,99.90009990009987
2009-04-08,100542.65991112414,0.0,1.0,1.0,1.0,1.0,1.0,0.0064320257103527,100542.65991112414,1.0,1.0,0.0,0.0,0.0,0.0,0.0,0.0
2009-04-09,105566.51566554556,0.0,1.0,1.0,1.0,1.0,1.0,0.0499674044715179,105566.51566554555,1.0,1.0,0.0,0.0,0.0,0.0,0.0,0.0
2009-04-13,106371.62458945002,0.0,1.0,1.0,1.0,1.0,1.0,0.0076265558148684,106371.62458945002,1.0,1.0,0.0,0.0,0.0,0.0,0.0,0.0
2009-04-14,103505.25614384504,-0.02694673938343961,1.0,1.0,1.0,1.0,1.0,-0.0269467393834394,103505.25614384505,1.0,1.0,0.0,0.0,0.0,0.0,0.0,0.0
2009-04-15,106701.72601137486,0.0,1.0,1.0,1.0,1.0,1.0,0.0308821985145138,106701.72601137486,1.0,1.0,0.0,0.0,0.0,0.0,0.0,0.0
2009-04-16,108008.53821577536,0.0,1.0,1.0,1.0,1.0,1.0,0.0122473389442752,108008.53821577536,1.0,1.0,0.0,0.0,0.0,0.0,0.0,0.0
2009-04-17,108387.03257900797,0.0,1.0,1.0,1.0,1.0,1.0,0.0035043003959229,108387.03257900797,1.0,1.0,0.0,0.0,0.0,0.0,0.0,0.0
2009-04-20,102396.61870318413,-0.055268732183964664,1.0,1.0,1.0,1.0,1.0,-0.0552687321839646,102396.61870318413,1.0,1.0,0.0,0.0,0.0,0.0,0.0,0.0
2009-04-21,106164.11390938,-0.02050908320612599,1.0,1.0,1.0,1.0,1.0,0.0367931603006995,106164.11390937999,1.0,1.0,0.0,0.0,0.0,0.0,0.0,0.0
2009-04-22,104365.5816965025,-0.03710269380771225,1.0,1.0,1.0,1.0,1.0,-0.0169410561313844,104365.5816965025,1.0,1.0,0.0,0.0,0.0,0.0,0.0,0.0
2009-04-23,107355.65534592248,-0.00951568844117645,1.0,1.0,1.0,1.0,1.0,0.028649997449496,107355.65534592247,1.0,1.0,0.0,0.0,0.0,0.0,0.0,0.0
2009-04-24,109677.00690128008,0.0,1.0,1.0,1.0,1.0,1.0,0.0216230020475188,109677.00690128007,1.0,1.0,0.0,0.0,0.0,0.0,0.0,0.0
2009-04-27,107889.01160230422,-0.016302371385692793,1.0,1.0,1.0,1.0,1.0,-0.0163023713856927,107889.01160230422,1.0,1.0,0.0,0.0,0.0,0.0,0.0,0.0
2009-04-28,107025.1035006403,-0.024179210169609666,1.0,1.0,1.0,1.0,1.0,-0.0080073780344603,107025.1035006403,1.0,1.0,0.0,0.0,0.0,0.0,0.0,0.0
2009-04-29,109981.89936188924,0.0,1.0,1.0,1.0,1.0,1.0,0.0276271245206623,109981.89936188924,1.0,1.0,0.0,0.0,0.0,0.0,0.0,0.0
2009-04-30,110438.457203165,0.0,1.0,1.0,1.0,1.0,1.0,0.0041512089164189,110438.457203165,1.0,1.0,0.0,0.0,0.0,0.0,0.0,0.0
2009-05-01,111388.0242793352,0.0,1.0,1.0,1.0,1.0,1.0,0.0085981559342445,111388.02427933521,1.0,1.0,0.0,0.0,0.0,0.0,0.0,0.0
2009-05-04,116001.28779211915,0.0,1.0,1.0,1.0,1.0,1.0,0.0414161535104973,116001.28779211915,1.0,1.0,0.0,0.0,0.0,0.0,0.0,0.0
2009-05-05,114630.08809420285,-0.011820555823255807,1.0,1.0,1.0,1.0,1.0,-0.0118205558232559,114630.08809420283,1.0,1.0,0.0,0.0,0.0,0.0,0.0,0.0
2009-05-06,118152.4338110586,0.0,1.0,1.0,1.0,1.0,1.0,0.0307279334371715,118152.4338110586,1.0,1.0,0.0,0.0,0.0,0.0,0.0,0.0
2009-05-07,114928.23906335712,-0.027288432778772798,1.0,1.0,1.0,1.0,1.0,-0.0272884327787729,114928.23906335712,1.0,1.0,0.0,0.0,0.0,0.0,0.0,0.0
2009-05-08,120522.11381441636,0.0,1.0,1.0,1.0,1.0,1.0,0.0486727613391471,120522.11381441636,1.0,1.0,0.0,0.0,0.0,0.0,0.0,0.0
2009-05-11,117015.19988274718,-0.029097680256995995,1.0,1.0,1.0,1.0,1.0,-0.029097680256996,117015.19988274718,1.0,1.0,0.0,0.0,0.0,0.0,0.0,0.0
2009-05-12,118202.52678902376,-0.019246152859253463,1.0,1.0,1.0,1.0,1.0,0.0101467750127021,118202.52678902376,1.0,1.0,0.0,0.0,0.0,0.0,0.0,0.0
2009-05-13,113517.77966348385,-0.05811658897484984,1.0,1.0,1.0,1.0,1.0,-0.0396332231873655,113517.77966348385,1.0,1.0,0.0,0.0,0.0,0.0,0.0,0.0
2009-05-14,115052.55412699138,-0.04538220841236795,1.0,1.0,1.0,1.0,1.0,0.0135201240550799,115052.55412699138,1.0,1.0,0.0,0.0,0.0,0.0,0.0,0.0
2009-05-15,113864.32754559928,-0.05524120062372073,1.0,1.0,1.0,1.0,1.0,-0.0103276853817654,113864.32754559927,1.0,1.0,0.0,0.0,0.0,0.0,0.0,0.0
2009-05-18,118832.8812192846,-0.014015955592455831,1.0,1.0,1.0,1.0,1.0,0.0436357354474829,118832.8812192846,1.0,1.0,0.0,0.0,0.0,0.0,0.0,0.0
2009-05-19,119014.98444604228,-0.012505002780608399,1.0,1.0,1.0,1.0,1.0,0.0015324313009096,119014.98444604228,1.0,1.0,0.0,0.0,0.0,0.0,0.0,0.0
2009-05-20,119603.82277930282,-0.007619274223214734,1.0,1.0,1.0,1.0,1.0,0.0049475982877391,119603.82277930282,1.0,1.0,0.0,0.0,0.0,0.0,0.0,0.0
2009-05-21,118828.4159610959,-0.014053004877830677,1.0,1.0,1.0,1.0,1.0,-0.0064831273799477,118828.4159610959,1.0,1.0,0.0,0.0,0.0,0.0,0.0,0.0
2009-05-22,118328.85795667113,-0.01819795378898248,1.0,1.0,1.0,1.0,1.0,-0.0042040281390971,118328.85795667111,1.0,1.0,0.0,0.0,0.0,0.0,0.0,0.0
2009-05-26,121755.43196689796,0.0,1.0,1.0,1.0,1.0,1.0,0.0289580586629303,121755.43196689796,1.0,1.0,0.0,0.0,0.0,0.0,0.0,0.0
2009-05-27,119790.39788959244,-0.016139190223888877,1.0,1.0,1.0,1.0,1.0,-0.0161391902238887,119790.39788959245,1.0,1.0,0.0,0.0,0.0,0.0,0.0,0.0
2009-05-28,120512.9753940305,-0.010204526835445482,1.0,1.0,1.0,1.0,1.0,0.0060320152296682,120512.9753940305,1.0,1.0,0.0,0.0,0.0,0.0,0.0,0.0
2009-05-29,123434.939078515,0.0,1.0,1.0,1.0,1.0,1.0,0.0242460504765633,123434.93907851499,1.0,1.0,0.0,0.0,0.0,0.0,0.0,0.0
2009-06-01,127140.58144644817,0.0,1.0,1.0,1.0,1.0,1.0,0.0300210167039987,127140.58144644815,1.0,1.0,0.0,0.0,0.0,0.0,0.0,0.0
2009-06-02,127164.0385180948,0.0,1.0,1.0,1.0,1.0,1.0,0.0001844971242051,127164.03851809479,1.0,1.0,0.0,0.0,0.0,0.0,0.0,0.0
2009-06-03,123595.04759989447,-0.028066039422713684,1.0,1.0,1.0,1.0,1.0,-0.0280660394227135,123595.04759989447,1.0,1.0,0.0,0.0,0.0,0.0,0.0,0.0
2009-06-04,124676.31542253276,-0.01956310230905456,1.0,1.0,1.0,1.0,1.0,0.0087484720758277,124676.31542253277,1.0,1.0,0.0,0.0,0.0,0.0,0.0,0.0
2009-06-05,123662.73261725626,-0.02753377402637558,1.0,1.0,1.0,1.0,1.0,-0.0081297141469205,123662.73261725626,1.0,1.0,0.0,0.0,0.0,0.0,0.0,0.0
2009-06-08,123616.2229748488,-0.027899519271253448,1.0,1.0,1.0,1.0,1.0,-0.0003761007170318,123616.2229748488,1.0,1.0,0.0,0.0,0.0,0.0,0.0,0.0
2009-06-09,124370.18931008888,-0.021970434727962562,1.0,1.0,1.0,1.0,1.0,0.0060992507059003,124370.18931008887,1.0,1.0,0.0,0.0,0.0,0.0,0.0,0.0
2009-06-10,124390.789936249,-0.021808434319669612,1.0,1.0,1.0,1.0,1.0,0.000165639581916,124390.78993624901,1.0,1.0,0.0,0.0,0.0,0.0,0.0,0.0
2009-06-11,125493.06868709592,-0.013140270240482477,1.0,1.0,1.0,1.0,1.0,0.0088614177256359,125493.06868709593,1.0,1.0,0.0,0.0,0.0,0.0,0.0,0.0
2009-06-12,125847.05831698586,-0.010356545895021663,1.0,1.0,1.0,1.0,1.0,0.0028207902921919,125847.05831698586,1.0,1.0,0.0,0.0,0.0,0.0,0.0,0.0
2009-06-15,121668.41457001532,-0.043216808872403756,1.0,1.0,1.0,1.0,1.0,-0.0332041432104458,121668.41457001533,1.0,1.0,0.0,0.0,0.0,0.0,0.0,0.0
2009-06-16,120539.78281710915,-0.052092209229758435,1.0,1.0,1.0,1.0,1.0,-0.009276292100089,120539.78281710915,1.0,1.0,0.0,0.0,0.0,0.0,0.0,0.0
2009-06-17,120412.88561453068,-0.05309011086969739,1.0,1.0,1.0,1.0,1.0,-0.0010527412578055,120412.88561453068,1.0,1.0,0.0,0.0,0.0,0.0,0.0,0.0
2009-06-18,120041.65912972904,-0.05600938340246475,1.0,1.0,1.0,1.0,1.0,-0.0030829465044963,120041.65912972904,1.0,1.0,0.0,0.0,0.0,0.0,0.0,0.0
2009-06-19,122209.23158302442,-0.03896390042980069,1.0,1.0,1.0,1.0,1.0,0.0180568351771352,122209.23158302442,1.0,1.0,0.0,0.0,0.0,0.0,0.0,0.0
2009-06-22,117760.65518586924,-0.07394687556173762,1.0,1.0,1.0,1.0,1.0,-0.0364013122374718,117760.65518586924,1.0,1.0,0.0,0.0,0.0,0.0,0.0,0.0
2009-06-23,118928.68652974923,-0.06476164239761639,1.0,1.0,1.0,1.0,1.0,0.0099186892433336,118928.68652974923,1.0,1.0,0.0,0.0,0.0,0.0,0.0,0.0
2009-06-24,119807.94500092586,-0.05784727823127611,1.0,1.0,1.0,1.0,1.0,0.0073931571669775,119807.94500092586,1.0,1.0,0.0,0.0,0.0,0.0,0.0,0.0
2009-06-25,121392.16426872271,-0.0453892021410659,1.0,1.0,1.0,1.0,1.0,0.0132229900761976,121392.16426872273,1.0,1.0,0.0,0.0,0.0,0.0,0.0,0.0
2009-06-26,121397.9955173736,-0.04534334602703527,1.0,1.0,1.0,1.0,1.0,4.803645017771307e-05,121397.99551737361,1.0,1.0,0.0,0.0,0.0,0.0,0.0,0.0
2009-06-29,122140.65999416869,-0.03950313769888114,1.0,1.0,1.0,1.0,1.0,0.0061176008189425,122140.65999416867,1.0,1.0,0.0,0.0,0.0,0.0,0.0,0.0
2009-06-30,121524.3870341315,-0.04434942102881401,1.0,1.0,1.0,1.0,1.0,-0.0050456003763743,121524.3870341315,1.0,1.0,0.0,0.0,0.0,0.0,0.0,0.0
2009-07-01,123072.44875899784,-0.03217568273843985,1.0,1.0,1.0,1.0,1.0,0.0127386919008408,123072.44875899784,1.0,1.0,0.0,0.0,0.0,0.0,0.0,0.0
2009-07-02,119330.1754620735,-0.061604390260903696,1.0,1.0,1.0,1.0,1.0,-0.0304070759512758,119330.1754620735,1.0,1.0,0.0,0.0,0.0,0.0,0.0,0.0
2009-07-06,119905.2477881885,-0.05708210288456217,1.0,1.0,1.0,1.0,1.0,0.0048191693667438956,119905.2477881885,0.0,0.0,1.0,1.005824994361105,0.0,120.02527306124975,0.0,120.02527306124975
2009-07-07,119905.2477881885,-0.05708210288456217,1.0,1.0,1.0,1.0,1.0,0.0,119905.2477881885,0.0,0.0,1.0,0.0,0.0,0.0,0.0,0.0
2009-07-08,119905.2477881885,-0.05708210288456217,1.0,1.0,1.0,1.0,1.0,0.0,119905.2477881885,0.0,0.0,1.0,0.0,0.0,0.0,0.0,0.0
2009-07-09,119905.2477881885,-0.05708210288456217,1.0,1.0,1.0,1.0,1.0,0.0,119905.2477881885,0.0,0.0,1.0,0.0,0.0,0.0,0.0,0.0
2009-07-10,119905.2477881885,-0.05708210288456217,1.0,1.0,1.0,1.0,1.0,0.0,119905.2477881885,0.0,0.0,1.0,0.0,0.0,0.0,0.0,0.0
2009-07-13,119905.2477881885,-0.05708210288456217,1.0,1.0,1.0,1.0,1.0,0.0,119905.2477881885,0.0,0.0,1.0,0.0,0.0,0.0,0.0,0.0
2009-07-14,119905.2477881885,-0.05708210288456217,1.0,1.0,1.0,1.0,1.0,0.0,119905.2477881885,0.0,0.0,1.0,0.0,0.0,0.0,0.0,0.0
2009-07-15,119905.2477881885,-0.05708210288456217,1.0,1.0,1.0,1.0,1.0,0.0,119905.2477881885,0.0,0.0,1.0,0.0,0.0,0.0,0.0,0.0
2009-07-16,119905.2477881885,-0.05708210288456217,1.0,1.0,1.0,1.0,1.0,0.0,119905.2477881885,0.0,0.0,1.0,0.0,0.0,0.0,0.0,0.0
2009-07-17,119881.26673863086,-0.057270686463985254,1.0,1.0,1.0,1.0,1.0,-0.0002,119881.26673863086,0.2000400080016003,0.2000400080016003,0.7999599919983997,0.2,0.0,23.9810495576377,0.0,23.9810495576377
2009-07-20,120394.95885386896,-0.053231084378172255,1.0,1.0,1.0,1.0,1.0,0.0042850074011817,120394.95885386896,0.203453216862731,0.203453216862731,0.796546783137269,0.0,0.0,0.0,0.0,0.0
2009-07-21,120683.332980281,-0.05096335106478733,1.0,1.0,1.0,1.0,1.0,0.0023952342287194,120683.332980281,0.2053565739963219,0.2053565739963219,0.7946434260036781,0.0,0.0,0.0,0.0,0.0
2009-07-22,120755.43642130724,-0.05039633981013947,1.0,1.0,1.0,1.0,1.0,0.0005974598086221,120755.43642130725,0.2058310580204107,0.2058310580204107,0.7941689419795893,0.0,0.0,0.0,0.0,0.0
2009-07-23,121602.56328789562,-0.04373465403434651,1.0,1.0,1.0,1.0,1.0,0.0070152275681634,121602.56328789562,0.2113635223794734,0.2113635223794734,0.7886364776205266,0.0,0.0,0.0,0.0,0.0
2009-07-24,121809.8386943133,-0.04210466957621539,1.0,1.0,1.0,1.0,1.0,0.0017045315560245,121809.8386943133,0.2127054907144355,0.2127054907144355,0.7872945092855645,0.0,0.0,0.0,0.0,0.0
2009-07-27,121863.90946235452,-0.04167946470956174,1.0,1.0,1.0,1.0,1.0,0.0004438949153927,121863.90946235451,0.2130548116822226,0.2130548116822226,0.7869451883177774,0.0,0.0,0.0,0.0,0.0
2009-07-28,121647.62391283383,-0.043380303657751584,1.0,1.0,1.0,1.0,1.0,-0.001774812169369,121647.62391283383,0.2116556485335866,0.2116556485335866,0.7883443514664135,0.0,0.0,0.0,0.0,0.0
2009-07-29,121106.90880035424,-0.04763241076901359,1.0,1.0,1.0,1.0,1.0,-0.0044449295028322,121106.90880035424,0.2081358682923245,0.2081358682923245,0.7918641317076756,0.0,0.0,0.0,0.0,0.0
2009-07-30,121872.9196054575,-0.04160861021950324,1.0,1.0,1.0,1.0,1.0,0.0063250793261187,121872.9196054575,0.2131129910446594,0.2131129910446594,0.7868870089553406,0.0,0.0,0.0,0.0,0.0
2009-07-31,122143.28583244263,-0.039482488478358224,1.0,1.0,1.0,1.0,1.0,0.002218427423093,122143.28583244265,0.2148547787346249,0.2148547787346249,0.7851452212653751,0.0,0.0,0.0,0.0,0.0
2009-08-03,123071.52380580446,-0.03218295643943392,1.0,1.0,1.0,1.0,1.0,0.0075995824660815,123071.52380580446,0.2207765515903187,0.2207765515903187,0.7792234484096813,0.0,0.0,0.0,0.0,0.0
2009-08-04,122972.40479960412,-0.03296241427480484,1.0,1.0,1.0,1.0,1.0,-0.0008053772565354,122972.40479960412,0.2201484769101475,0.2201484769101475,0.7798515230898525,0.0,0.0,0.0,0.0,0.0
2009-08-05,123188.68291705736,-0.0312616337713415,1.0,1.0,1.0,1.0,1.0,0.0017587532569252,123188.68291705736,0.2215176353045146,0.2215176353045146,0.7784823646954854,0.0,0.0,0.0,0.0,0.0
2009-08-06,122963.38474707789,-0.03303334669116531,1.0,1.0,1.0,1.0,1.0,-0.0018288869126978,122963.38474707787,0.2200912704359161,0.2200912704359161,0.7799087295640839,0.0,0.0,0.0,0.0,0.0
2009-08-07,123125.5995285573,-0.03175771260962945,1.0,1.0,1.0,1.0,1.0,0.0013192120712447,123125.5995285573,0.2211187799434805,0.2211187799434805,0.7788812200565195,0.0,0.0,0.0,0.0,0.0
2009-08-10,122765.1145290515,-0.0345925156223893,1.0,1.0,1.0,1.0,1.0,-0.0029277826941438,122765.1145290515,0.2188316888809726,0.2188316888809726,0.7811683111190274,0.0,0.0,0.0,0.0,0.0
2009-08-11,122702.03857261893,-0.03508853601595041,1.0,1.0,1.0,1.0,1.0,-0.0005137938141022,122702.03857261893,0.2184301231129395,0.2184301231129395,0.7815698768870605,0.0,0.0,0.0,0.0,0.0
2009-08-12,122945.36693822766,-0.03317503618970752,1.0,1.0,1.0,1.0,1.0,0.0019830833166209,122945.36693822766,0.2199769737628505,0.2199769737628505,0.7800230262371495,0.0,0.0,0.0,0.0,0.0
2009-08-13,123441.02142576904,-0.029277279455040328,1.0,1.0,1.0,1.0,1.0,0.0040315019580234,123441.02142576905,0.2231090113049454,0.2231090113049454,0.7768909886950546,0.0,0.0,0.0,0.0,0.0
2009-08-14,122747.0892881339,-0.03473426356565734,1.0,1.0,1.0,1.0,1.0,-0.0056215683378191,122747.0892881339,0.2187169753909275,0.2187169753909275,0.7812830246090725,0.0,0.0,0.0,0.0,0.0
2009-08-17,121728.72758753983,-0.04274251583934685,1.0,1.0,1.0,1.0,1.0,-0.0082964223958385,121728.72758753983,0.2121808953270493,0.2121808953270493,0.7878191046729507,0.0,0.0,0.0,0.0,0.0
2009-08-18,122116.25292577784,-0.03969507143010953,1.0,1.0,1.0,1.0,1.0,0.0031835158874829,122116.25292577784,0.2146809709328274,0.2146809709328274,0.7853190290671725,0.0,0.0,0.0,0.0,0.0
2009-08-19,122458.71763907764,-0.03700197739746702,1.0,1.0,1.0,1.0,1.0,0.0028044155064924,122458.71763907763,0.2168771727331029,0.2168771727331029,0.7831228272668971,0.0,0.0,0.0,0.0,0.0
2009-08-20,122512.78097505138,-0.0365768309755401,1.0,1.0,1.0,1.0,1.0,0.0004414821338657,122512.78097505138,0.2172227549016105,0.2172227549016105,0.7827772450983895,0.0,0.0,0.0,0.0,0.0
2009-08-21,123215.71334636628,-0.031049070301166215,1.0,1.0,1.0,1.0,1.0,0.0057376248071458,123215.71334636628,0.2216884147607681,0.2216884147607681,0.7783115852392319,0.0,0.0,0.0,0.0,0.0
2009-08-24,122999.43275155724,-0.03274987028620491,1.0,1.0,1.0,1.0,1.0,-0.0017553004315372,122999.43275155725,0.2203198418426936,0.2203198418426936,0.7796801581573064,0.0,0.0,0.0,0.0,0.0
2009-08-25,122864.24592203094,-0.03381296037914072,1.0,1.0,1.0,1.0,1.0,-0.0010990849835817,122864.24592203094,0.2194619642084407,0.2194619642084407,0.7805380357915593,0.0,0.0,0.0,0.0,0.0
2009-08-26,122765.1145290515,-0.0345925156223893,1.0,1.0,1.0,1.0,1.0,-0.0008068367834393,122765.1145290515,0.2188316888809726,0.2188316888809726,0.7811683111190274,0.0,0.0,0.0,0.0,0.0
2009-08-27,122954.3671719074,-0.03310425962595065,1.0,1.0,1.0,1.0,1.0,0.0015415832387066,122954.36717190739,0.2200340712834444,0.2200340712834444,0.7799659287165556,0.0,0.0,0.0,0.0,0.0
2009-08-28,123125.59952855729,-0.03175771260962956,1.0,1.0,1.0,1.0,1.0,0.0013926496519679,123125.59952855729,0.2211187799434805,0.2211187799434805,0.7788812200565195,0.0,0.0,0.0,0.0,0.0
2009-08-31,122765.11452905148,-0.03459251562238941,1.0,1.0,1.0,1.0,1.0,-0.0029277826941438,122765.11452905148,0.2188316888809726,0.2188316888809726,0.7811683111190274,0.0,0.0,0.0,0.0,0.0
2009-09-01,121972.05347579272,-0.04082903549467953,1.0,1.0,1.0,1.0,1.0,-0.0064599870761419,121972.05347579272,0.2137525404536538,0.2137525404536538,0.7862474595463462,0.0,0.0,0.0,0.0,0.0
2009-09-02,122215.37936404564,-0.03891555515001199,1.0,1.0,1.0,1.0,1.0,0.0019949314725705,122215.37936404563,0.215317927416213,0.215317927416213,0.784682072583787,0.0,0.0,0.0,0.0,0.0
2009-09-03,122593.88960446902,-0.035939004193984325,1.0,1.0,1.0,1.0,1.0,0.0030970753631253,122593.88960446902,0.2177406435965046,0.2177406435965046,0.7822593564034954,0.0,0.0,0.0,0.0,0.0
2009-09-04,122963.38474707775,-0.03303334669116631,1.0,1.0,1.0,1.0,1.0,0.0030139768287057,122963.38474707777,0.2200912704359161,0.2200912704359161,0.7799087295640839,0.0,0.0,0.0,0.0,0.0
2009-09-08,123332.86998026328,-0.030127767114649928,1.0,1.0,1.0,1.0,1.0,0.0030048394808381,123332.86998026329,0.2224277502312254,0.2224277502312254,0.7775722497687746,0.0,0.0,0.0,0.0,0.0
2009-09-09,123459.04914404242,-0.02913551203019693,1.0,1.0,1.0,1.0,1.0,0.0010230781445312,123459.04914404242,0.223222454361331,0.223222454361331,0.776777545638669,0.0,0.0,0.0,0.0,0.0
2009-09-10,123612.2562597747,-0.027930712957144,1.0,1.0,1.0,1.0,1.0,0.0012409549303553,123612.2562597747,0.2241852055555395,0.2241852055555395,0.7758147944444604,0.0,0.0,0.0,0.0,0.0
2009-09-11,123648.29930954248,-0.02764727551533419,1.0,1.0,1.0,1.0,1.0,0.0002915815215931,123648.29930954249,0.224411352873399,0.224411352873399,0.775588647126601,0.0,0.0,0.0,0.0,0.0
2009-09-14,123999.76425652202,-0.024883404918934926,1.0,1.0,1.0,1.0,1.0,0.0028424567821969,123999.76425652202,0.2266096814297047,0.2266096814297047,0.7733903185702953,0.0,0.0,0.0,0.0,0.0
2009-09-15,124621.59047577508,-0.019993451544541352,1.0,1.0,1.0,1.0,1.0,0.0050147371084243,124621.59047577508,0.230468678702709,0.230468678702709,0.769531321297291,0.0,0.0,0.0,0.0,0.0
2009-09-16,125018.13091182774,-0.016875113682094267,1.0,1.0,1.0,1.0,1.0,0.0031819561485193,125018.13091182774,0.2329095269499014,0.2329095269499014,0.7670904730500986,0.0,0.0,0.0,0.0,0.0
2009-09-17,124882.94408230144,-0.01793820377503008,1.0,1.0,1.0,1.0,1.0,-0.0010813377910892,124882.94408230144,0.2320791451089421,0.2320791451089421,0.7679208548910579,0.0,0.0,0.0,0.0,0.0
2009-09-18,124867.56218003956,-0.01805916487725001,1.0,1.0,1.0,1.0,1.0,-0.0001231705608393,124867.56218003956,0.2319845482150125,0.2319845482150125,0.7680154517849875,0.0,0.0,0.0,0.0,0.0
2009-09-21,124553.06103130813,-0.020532357396113587,1.0,1.0,1.0,1.0,1.0,-0.0025186777353590657,124553.06103130813,0.4302853284151372,0.4302853284151372,0.5697146715848628,0.1995361716872656,0.0,24.915595325326695,0.0,24.915595325326695
2009-09-22,125191.4520099566,-0.015512141098424803,1.0,1.0,1.0,1.0,1.0,0.0051254539500076,125191.45200995659,0.4331904844853337,0.4331904844853337,0.5668095155146663,0.0,0.0,0.0,0.0,0.0
2009-09-23,124457.77434743808,-0.021281678391109282,1.0,1.0,1.0,1.0,1.0,-0.0058604453478195,124457.77434743808,0.4298491465687875,0.4298491465687875,0.5701508534312125,0.0,0.0,0.0,0.0,0.0
2009-09-24,123858.09050445004,-0.025997507252605412,1.0,1.0,1.0,1.0,1.0,-0.0048183719026982,123858.09050445003,0.427088646600832,0.427088646600832,0.572911353399168,0.0,0.0,0.0,0.0,0.0
2009-09-25,123388.6639849616,-0.02968901095883314,1.0,1.0,1.0,1.0,1.0,-0.0037900351731287,123388.6639849616,0.4249090316028582,0.4249090316028582,0.5750909683971418,0.0,0.0,0.0,0.0,0.0
2009-09-28,124111.48436673936,-0.024004853785145275,1.0,1.0,1.0,1.0,1.0,0.0058580777069268,124111.48436673937,0.4282583386831398,0.4282583386831398,0.5717416613168602,0.0,0.0,0.0,0.0,0.0
2009-09-29,123619.0311316058,-0.027877436323985316,1.0,1.0,1.0,1.0,1.0,-0.0039678297108946,123619.03113160579,0.425980727960917,0.425980727960917,0.574019272039083,0.0,0.0,0.0,0.0,0.0
2009-09-30,123552.70739693388,-0.02839899678592739,1.0,1.0,1.0,1.0,1.0,-0.000536517185621,123552.70739693387,0.4256725914360493,0.4256725914360493,0.5743274085639507,0.0,0.0,0.0,0.0,0.0
2009-10-01,121839.17323954483,-0.04187398686455113,1.0,1.0,1.0,1.0,1.0,-0.0138688515491935,121839.17323954485,0.4175953072101938,0.4175953072101938,0.5824046927898062,0.0,0.0,0.0,0.0,0.0
2009-10-02,121408.91804231943,-0.04525745283684468,1.0,1.0,1.0,1.0,1.0,-0.0035313371371908,121408.91804231943,0.4155313513657478,0.4155313513657478,0.5844686486342522,0.0,0.0,0.0,0.0,0.0
2009-10-05,122010.50894220646,-0.04052662714982136,1.0,1.0,1.0,1.0,1.0,0.004955079985782785,122010.50894220646,0.8189333127133004,0.8189333127133004,0.1810666872866996,0.4021026587705155,0.0,48.818848743268255,0.0,48.818848743268255
2009-10-06,124131.4850280219,-0.023847571415730018,1.0,1.0,1.0,1.0,1.0,0.017383552484156,124131.4850280219,0.8220271137226592,0.8220271137226592,0.17797288627734076,0.0,0.0,0.0,0.0,0.0
2009-10-07,124954.28874521334,-0.017377159444075252,1.0,1.0,1.0,1.0,1.0,0.0066284852469598,124954.28874521334,0.8231990363021785,0.8231990363021785,0.1768009636978215,0.0,0.0,0.0,0.0,0.0
2009-10-08,126734.49222590552,-0.003377891243428577,1.0,1.0,1.0,1.0,1.0,0.014246837772188,126734.49222590553,0.8256825093128531,0.8256825093128531,0.17431749068714686,0.0,0.0,0.0,0.0,0.0
2009-10-09,126954.63350304532,-0.0016467313989849686,1.0,1.0,1.0,1.0,1.0,0.0017370273338642,126954.63350304532,0.8259847785090914,0.8259847785090914,0.17401522149090864,0.0,0.0,0.0,0.0,0.0
2009-10-12,126523.68527728236,-0.0050356472496060345,1.0,1.0,1.0,1.0,1.0,-0.003394505689724398,126523.68527728235,1.0,1.0,0.0,0.1738413801107979,0.0,22.069968699629943,0.0,22.069968699629943
2009-10-13,126949.56684736864,-0.0016865748620876753,1.0,1.0,1.0,1.0,1.0,0.00336602248940938,126949.56684736864,0.7738997325091063,0.7738997325091063,0.22610026749089374,0.2270884144906202,0.0,28.732063085128278,0.0,28.732063085128278
2009-10-14,129769.3523620802,0.0,1.0,1.0,1.0,1.0,1.0,0.0222118561310395,129769.35236208019,0.7788127127123543,0.7788127127123543,0.2211872872876457,0.0,0.0,0.0,0.0,0.0
2009-10-15,129362.48013374496,-0.003135349147771027,1.0,1.0,1.0,1.0,1.0,-0.0031353491477709,129362.48013374495,0.7781170321381639,0.7781170321381639,0.22188296786183614,0.0,0.0,0.0,0.0,0.0
2009-10-16,127385.53547234206,-0.018369644652975192,1.0,1.0,1.0,1.0,1.0,-0.015282210571094117,127385.53547234206,0.5845160748739816,0.5845160748739816,0.4154839251260184,0.1874388833148164,0.0,24.247558819104285,0.0,24.247558819104285
2009-10-19,129354.53933951176,-0.0031965407472408502,1.0,1.0,1.0,1.0,1.0,0.01545704431722704,129354.53933951176,0.9913606238736744,0.9913606238736744,0.008639376126325593,0.4063047050749599,0.0,51.757342420905786,0.0,51.757342420905786
2009-10-20,128522.60997869245,-0.009607371545703014,1.0,1.0,1.0,1.0,1.0,-0.0064313889954474,128522.60997869245,0.991304701023525,0.991304701023525,0.00869529897647503,0.0,0.0,0.0,0.0,0.0
2009-10-21,127920.16484037344,-0.014249801575237808,1.0,1.0,1.0,1.0,1.0,-0.0046874642400968,127920.16484037343,0.99126375016483,0.99126375016483,0.008736249835169962,0.0,0.0,0.0,0.0,0.0
2009-10-22,128705.40398826652,-0.008198764611578424,1.0,1.0,1.0,1.0,1.0,0.0061385095060888,128705.40398826651,0.9913170505326762,0.9913170505326762,0.008682949467323842,0.0,0.0,0.0,0.0,0.0
2009-10-23,127371.71573968812,-0.018476139232800004,1.0,1.0,1.0,1.0,1.0,-0.0103623329499045,127371.71573968812,0.991226132799486,0.991226132799486,0.008773867200513985,0.0,0.0,0.0,0.0,0.0
2009-10-26,126441.1135199407,-0.025647341082916886,1.0,1.0,1.0,1.0,1.0,-0.0073061920721028,126441.1135199407,0.9911615574405284,0.9911615574405284,0.008838442559471638,0.0,0.0,0.0,0.0,0.0
2009-10-27,125740.186684639,-0.031048669074028257,1.0,1.0,1.0,1.0,1.0,-0.0055435041323893,125740.186684639,0.9911122883744043,0.9911122883744043,0.008887711625595651,0.0,0.0,0.0,0.0,0.0
2009-10-28,122211.81315880774,-0.05823824397447519,1.0,1.0,1.0,1.0,1.0,-0.0280608262073012,122211.81315880774,0.990855691523458,0.990855691523458,0.009144308476542018,0.0,0.0,0.0,0.0,0.0
2009-10-29,125163.1406989173,-0.03549537374826939,1.0,1.0,1.0,1.0,1.0,0.0241492820033237,125163.1406989173,0.9910713129060104,0.9910713129060104,0.00892868709398964,0.0,0.0,0.0,0.0,0.0
2009-10-30,121683.26455498749,-0.06231122880640605,1.0,1.0,1.0,1.0,1.0,-0.0278027231060041,121683.26455498749,0.9908159719161987,0.9908159719161987,0.009184028083801254,0.0,0.0,0.0,0.0,0.0
2009-11-02,123713.09705726836,-0.04666938067097526,1.0,1.0,1.0,1.0,1.0,0.0166812791364882,123713.09705726836,0.9909666595891272,0.9909666595891272,0.009033340410872781,0.0,0.0,0.0,0.0,0.0
2009-11-03,123464.86970901654,-0.04858221558718279,1.0,1.0,1.0,1.0,1.0,-0.0020064759039774,123464.86970901654,0.9909484979684062,0.9909484979684062,0.009051502031593772,0.0,0.0,0.0,0.0,0.0
2009-11-04,124522.95022262902,-0.04042866858742389,1.0,1.0,1.0,1.0,1.0,0.0085698913067838,124522.95022262902,0.9910254092357784,0.9910254092357784,0.00897459076422158,0.0,0.0,0.0,0.0,0.0
2009-11-05,126556.58282471453,-0.0247575369598938,1.0,1.0,1.0,1.0,1.0,0.0163313878963649,126556.58282471451,0.9911696215711712,0.9911696215711712,0.008830378428828833,0.0,0.0,0.0,0.0,0.0
2009-11-06,126169.06763271672,-0.02774372117784818,1.0,1.0,1.0,1.0,1.0,-0.0030619915878617,126169.06763271672,0.9911424999806224,0.9911424999806224,0.008857500019377573,0.0,0.0,0.0,0.0,0.0
2009-11-09,129412.39268141428,-0.0027507240667268285,1.0,1.0,1.0,1.0,1.0,0.0257061822644123,129412.39268141429,0.9913644860755122,0.9913644860755122,0.008635513924487803,0.0,0.0,0.0,0.0,0.0
2009-11-10,128496.96911288972,-0.009804959538060265,1.0,1.0,1.0,1.0,1.0,-0.007073693249595796,128496.96911288972,0.7961887519061668,0.7961887519061668,0.20381124809383322,0.1939279638833957,0.0,25.096681813985143,0.0,25.096681813985143
2009-11-11,128771.79471068057,-0.007687159049821424,1.0,1.0,1.0,1.0,1.0,0.0021387710518634,128771.79471068057,0.7966237271910864,0.7966237271910864,0.20337627280891357,0.0,0.0,0.0,0.0,0.0
2009-11-12,126849.4852238629,-0.022500437006654272,1.0,1.0,1.0,1.0,1.0,-0.0149280321139939,126849.4852238629,0.7935417112260689,0.7935417112260689,0.20645828877393113,0.0,0.0,0.0,0.0,0.0
2009-11-13,128367.05625083232,-0.010806065420864708,1.0,1.0,1.0,1.0,1.0,0.0119635568429091,128367.05625083233,0.7959824863475984,0.7959824863475984,0.20401751365240162,0.0,0.0,0.0,0.0,0.0
2009-11-16,130310.71817313688,0.0,1.0,1.0,1.0,1.0,1.0,0.015141438769979997,130310.71817313689,0.9992655770042568,0.9992655770042568,0.0007344229957432225,0.2030689015343028,0.0,26.06735710604859,0.0,26.06735710604859
2009-11-17,129464.307255603,-0.006495328468755002,1.0,1.0,1.0,1.0,1.0,-0.006495328468754976,129464.30725560301,0.8075708065846885,0.8075708065846885,0.1924291934153115,0.1906355151164748,0.0,24.84185088413374,0.0,24.84185088413374
2009-11-18,128264.20639597278,-0.01570486147152539,1.0,1.0,1.0,1.0,1.0,-0.009269743028561874,128264.20639597278,0.6071509410727643,0.6071509410727643,0.39284905892723565,0.1969752309175739,0.0,25.501261817256143,0.0,25.501261817256143
2009-11-19,126695.26359321052,-0.02774487494668476,1.0,1.0,1.0,1.0,1.0,-0.0122321171809903,126695.26359321053,0.6022860575238828,0.6022860575238828,0.39771394247611724,0.0,0.0,0.0,0.0,0.0
2009-11-20,126517.45996158406,-0.029109333942223592,1.0,1.0,1.0,1.0,1.0,-0.0014033960432598,126517.45996158406,0.6017271229440848,0.6017271229440848,0.3982728770559152,0.0,0.0,0.0,0.0,0.0
2009-11-23,128128.2548038495,-0.016748149345533148,1.0,1.0,1.0,1.0,1.0,0.012731798779034438,128128.2548038495,1.0,1.0,0.0,0.3978750020538614,0.0,50.338134642064574,0.0,50.338134642064574
2009-11-24,126660.3115020276,-0.02801309610050018,1.0,1.0,1.0,1.0,1.0,-0.0114568274114807,126660.31150202759,1.0,1.0,0.0,0.0,0.0,0.0,0.0,0.0
2009-11-25,127960.81593362108,-0.018033069516151468,1.0,1.0,1.0,1.0,1.0,0.0102676554018475,127960.81593362108,1.0,1.0,0.0,0.0,0.0,0.0,0.0,0.0
2009-11-27,124170.13672992482,-0.04712261224017955,1.0,1.0,1.0,1.0,1.0,-0.0296237498646666,124170.13672992482,1.0,1.0,0.0,0.0,0.0,0.0,0.0,0.0
2009-11-30,126112.45401689073,-0.03221733572727414,1.0,1.0,1.0,1.0,1.0,0.0156423866327093,126112.45401689071,1.0,1.0,0.0,0.0,0.0,0.0,0.0,0.0
2009-12-01,129974.53233296127,-0.0025798786537952756,1.0,1.0,1.0,1.0,1.0,0.0306240834513721,129974.53233296127,1.0,1.0,0.0,0.0,0.0,0.0,0.0,0.0
2009-12-02,129962.49930197382,-0.002672219722558822,1.0,1.0,1.0,1.0,1.0,-9.257991370683544e-05,129962.49930197382,1.0,1.0,0.0,0.0,0.0,0.0,0.0,0.0
2009-12-03,130111.17245367228,-0.001531307034924545,1.0,1.0,1.0,1.0,1.0,0.0011439696258306,130111.17245367229,1.0,1.0,0.0,0.0,0.0,0.0,0.0,0.0
2009-12-04,131104.02026629538,0.0,1.0,1.0,1.0,1.0,1.0,0.0076307652440578,131104.02026629538,1.0,1.0,0.0,0.0,0.0,0.0,0.0,0.0
2009-12-07,129645.9794174108,-0.0111212520098396,1.0,1.0,1.0,1.0,1.0,-0.0111212520098394,129645.97941741081,1.0,1.0,0.0,0.0,0.0,0.0,0.0,0.0
2009-12-08,128189.28102970896,-0.022232264355174447,1.0,1.0,1.0,1.0,1.0,-0.0112359704037703,128189.28102970897,1.0,1.0,0.0,0.0,0.0,0.0,0.0,0.0
2009-12-09,128402.650440569,-0.020604782524894505,1.0,1.0,1.0,1.0,1.0,0.001664487148583,128402.650440569,1.0,1.0,0.0,0.0,0.0,0.0,0.0,0.0
2009-12-10,128046.2012875633,-0.02332360954699264,1.0,1.0,1.0,1.0,1.0,-0.0027760264432445,128046.2012875633,1.0,1.0,0.0,0.0,0.0,0.0,0.0,0.0
2009-12-11,128509.892475596,-0.01978679056088628,1.0,1.0,1.0,1.0,1.0,0.0036212803142153,128509.89247559599,1.0,1.0,0.0,0.0,0.0,0.0,0.0,0.0
2009-12-14,128934.302672089,-0.01654958856180988,1.0,1.0,1.0,1.0,1.0,0.0033025488413167,128934.302672089,1.0,1.0,0.0,0.0,0.0,0.0,0.0,0.0
2009-12-15,127691.12915912944,-0.026031933271258634,1.0,1.0,1.0,1.0,1.0,-0.0096419144261498,127691.12915912943,1.0,1.0,0.0,0.0,0.0,0.0,0.0,0.0
2009-12-16,128215.21953347303,-0.022034417609427148,1.0,1.0,1.0,1.0,1.0,0.0041043600898107,128215.21953347303,1.0,1.0,0.0,0.0,0.0,0.0,0.0,0.0
2009-12-17,125389.24110967916,-0.043589656099092156,1.0,1.0,1.0,1.0,1.0,-0.0220408968145634,125389.24110967915,1.0,1.0,0.0,0.0,0.0,0.0,0.0,0.0
2009-12-18,125029.04533154628,-0.04633706062109888,1.0,1.0,1.0,1.0,1.0,-0.0028726210873052,125029.04533154628,1.0,1.0,0.0,0.0,0.0,0.0,0.0,0.0
2009-12-21,124964.7876632536,-0.04682718798837682,1.0,1.0,1.0,1.0,1.0,-0.0005139419254324,124964.7876632536,1.0,1.0,0.0,0.0,0.0,0.0,0.0,0.0
2009-12-22,125536.18695331748,-0.04246882209766456,1.0,1.0,1.0,1.0,1.0,0.0045724823828264,125536.18695331748,1.0,1.0,0.0,0.0,0.0,0.0,0.0,0.0
2009-12-23,126453.23473411014,-0.035474011572937836,1.0,1.0,1.0,1.0,1.0,0.0073050472779908,126453.23473411014,1.0,1.0,0.0,0.0,0.0,0.0,0.0,0.0
2009-12-24,127810.03582231916,-0.025124968992450092,1.0,1.0,1.0,1.0,1.0,0.0107296669085766,127810.03582231917,1.0,1.0,0.0,0.0,0.0,0.0,0.0,0.0
2009-12-28,127429.08800035989,-0.0280306603754108,1.0,1.0,1.0,1.0,1.0,-0.0029805783208517,127429.08800035989,1.0,1.0,0.0,0.0,0.0,0.0,0.0,0.0
2009-12-29,127393.22969777696,-0.028304170695766295,1.0,1.0,1.0,1.0,1.0,-0.0002813980947804,127393.22969777697,1.0,1.0,0.0,0.0,0.0,0.0,0.0,0.0
2009-12-30,126862.77206809724,-0.032350252796088275,1.0,1.0,1.0,1.0,1.0,-0.0041639389388131,126862.77206809724,1.0,1.0,0.0,0.0,0.0,0.0,0.0,0.0
2009-12-31,126760.45183419932,-0.03313070356861292,1.0,1.0,1.0,1.0,1.0,-0.0008065426305125863,126760.45183419931,0.5960804135379352,0.5960804135379352,0.40391958646206483,0.4039978059021863,0.0,51.25228156618045,0.0,51.25228156618045
2010-01-04,128780.08807850628,-0.01772586517994479,1.0,1.0,1.0,1.0,1.0,0.0159326999476828,128780.08807850629,0.602415015794978,0.602415015794978,0.397584984205022,0.0,0.0,0.0,0.0,0.0
2010-01-05,129275.62673516855,-0.013946128634446442,1.0,1.0,1.0,1.0,1.0,0.0038479446943707,129275.62673516857,0.603939036478209,0.603939036478209,0.396060963521791,0.0,0.0,0.0,0.0,0.0
2010-01-06,129541.37537520392,-0.011919122601408039,1.0,1.0,1.0,1.0,1.0,0.002055674737356,129541.37537520392,0.6047515387549693,0.6047515387549693,0.39524846124503066,0.0,0.0,0.0,0.0,0.0
2010-01-07,128865.98573088212,-0.01707067815973462,1.0,1.0,1.0,1.0,1.0,-0.0052136982671799935,128865.98573088211,1.0,1.0,0.0,0.3948536076373933,0.0,51.14987940520905,0.0,51.14987940520905
2010-01-08,129885.31941731618,-0.009295678702329724,1.0,1.0,1.0,1.0,1.0,0.0079100290169883,129885.31941731618,0.815964763368138,0.815964763368138,0.18403523663186205,0.1856766373310995,0.0,23.92740289686765,0.0,23.92740289686765
2010-01-11,130169.32009943984,-0.00712945464949899,1.0,1.0,1.0,1.0,1.0,0.0021865495145851,130169.32009943985,0.8163662875729069,0.8163662875729069,0.18363371242709314,0.0,0.0,0.0,0.0,0.0
2010-01-12,129351.3991885172,-0.013368171885334235,1.0,1.0,1.0,1.0,1.0,-0.0062835152730139,129351.39918851719,0.8152051261607633,0.8152051261607633,0.18479487383923665,0.0,0.0,0.0,0.0,0.0
2010-01-13,129108.01004206634,-0.015224630184297872,1.0,1.0,1.0,1.0,1.0,-0.0018816120117583,129108.01004206634,0.8148567584134982,0.8148567584134982,0.18514324158650175,0.0,0.0,0.0,0.0,0.0
2010-01-14,129618.51422464772,-0.01133074362350095,1.0,1.0,1.0,1.0,1.0,0.0039540860587585,129618.51422464773,0.8155859474477344,0.8155859474477344,0.18441405255226562,0.0,0.0,0.0,0.0,0.0
2010-01-15,128699.76617197406,-0.018338523024983178,1.0,1.0,1.0,1.0,1.0,-0.0070880927633638,128699.76617197406,0.8142694722379685,0.8142694722379685,0.18573052776203147,0.0,0.0,0.0,0.0,0.0
2010-01-19,129751.75761421124,-0.010314425517520043,1.0,1.0,1.0,1.0,1.0,0.0081739965310542,129751.75761421125,0.8157753240997121,0.8157753240997121,0.1842246759002879,0.0,0.0,0.0,0.0,0.0
2010-01-20,126904.41290878384,-0.03203263598615358,1.0,1.0,1.0,1.0,1.0,-0.0219445559565625,126904.41290878385,0.8116418889928432,0.8116418889928432,0.18835811100715683,0.0,0.0,0.0,0.0,0.0
2010-01-21,125870.16250493783,-0.03992141317044784,1.0,1.0,1.0,1.0,1.0,-0.0081498379775762,125870.16250493783,0.810094187389064,0.810094187389064,0.18990581261093598,0.0,0.0,0.0,0.0,0.0
2010-01-22,124398.41199389474,-0.05114723605561733,1.0,1.0,1.0,1.0,1.0,-0.0116926083334909,124398.41199389474,0.8078474225607967,0.8078474225607967,0.19215257743920333,0.0,0.0,0.0,0.0,0.0
2010-01-25,125487.3780033712,-0.04284111388434764,1.0,1.0,1.0,1.0,1.0,0.0087538578027018,125487.3780033712,0.8095149020220296,0.8095149020220296,0.19048509797797042,0.0,0.0,0.0,0.0,0.0
2010-01-26,124030.51847163528,-0.05395335536082391,1.0,1.0,1.0,1.0,1.0,-0.0116096101051438,124030.51847163527,0.8072774685736939,0.8072774685736939,0.19272253142630613,0.0,0.0,0.0,0.0,0.0
2010-01-27,123315.72260994228,-0.05940548307011251,1.0,1.0,1.0,1.0,1.0,-0.0057630643691653,123315.72260994228,0.8061603582409405,0.8061603582409405,0.19383964175905954,0.0,0.0,0.0,0.0,0.0
2010-01-28,122931.56704885385,-0.06233564158323934,1.0,1.0,1.0,1.0,1.0,-0.0031152196407553,122931.56704885385,0.8055546181684045,0.8055546181684045,0.19444538183159554,0.0,0.0,0.0,0.0,0.0
2010-01-29,121741.60514242944,-0.07141211310567919,1.0,1.0,1.0,1.0,1.0,-0.009679872590833485,121741.60514242944,0.6214675521138969,0.6214675521138969,0.3785324478861031,0.1806035237111849,0.0,22.201874184360793,0.0,22.201874184360793
2010-02-01,122986.64207932015,-0.0619155550721282,1.0,1.0,1.0,1.0,1.0,0.0102268812328712,122986.64207932017,0.6252995689204531,0.6252995689204531,0.37470043107954687,0.0,0.0,0.0,0.0,0.0
2010-02-02,124176.77177232692,-0.05283780375230296,1.0,1.0,1.0,1.0,1.0,0.009676902083717,124176.77177232692,0.6288907567299398,0.6288907567299398,0.37110924327006023,0.0,0.0,0.0,0.0,0.0
2010-02-03,123637.01057238584,-0.05695484912470816,1.0,1.0,1.0,1.0,1.0,-0.0043467163160813,123637.01057238583,0.6272706077993783,0.6272706077993783,0.37272939220062173,0.0,0.0,0.0,0.0,0.0
2010-02-04,121541.78045420356,-0.072936282141991,1.0,1.0,1.0,1.0,1.0,-0.0169466255167627,121541.78045420356,0.6208452136217377,0.6208452136217377,0.3791547863782623,0.0,0.0,0.0,0.0,0.0
2010-02-05,121169.34494888558,-0.07577704556451226,1.0,1.0,1.0,1.0,1.0,-0.0030642590879134,121169.34494888558,0.6196798140355794,0.6196798140355794,0.38032018596442063,0.0,0.0,0.0,0.0,0.0
2010-02-08,120556.42117381364,-0.08045214075859541,1.0,1.0,1.0,1.0,1.0,-0.0050584062770207,120556.42117381365,0.6177462191109151,0.6177462191109151,0.3822537808890849,0.0,0.0,0.0,0.0,0.0
2010-02-09,121638.4522532956,-0.07219891498196274,1.0,1.0,1.0,1.0,1.0,0.0089753085646256,121638.45225329559,0.6211465457634623,0.6211465457634623,0.3788534542365377,0.0,0.0,0.0,0.0,0.0
2010-02-10,121738.35960786192,-0.07143686852172926,1.0,1.0,1.0,1.0,1.0,0.0008213468086415,121738.35960786193,0.6214574604702401,0.6214574604702401,0.3785425395297599,0.0,0.0,0.0,0.0,0.0
2010-02-11,122625.34733016133,-0.06467134202988112,1.0,1.0,1.0,1.0,1.0,0.0072860167095772,122625.34733016133,0.6241955777701399,0.6241955777701399,0.3758044222298601,0.0,0.0,0.0,0.0,0.0
2010-02-12,121802.8982733217,-0.07094459783980278,1.0,1.0,1.0,1.0,1.0,-0.006707006950408324,121802.8982733217,1.0,1.0,0.0,0.3754289932366235,0.0,46.03711069345375,0.0,46.03711069345375
2010-02-16,123692.99598152042,-0.0565278186719359,1.0,1.0,1.0,1.0,1.0,0.0155176743328177,123692.99598152042,1.0,1.0,0.0,0.0,0.0,0.0,0.0,0.0
2010-02-17,123399.91668333764,-0.05876329015166237,1.0,1.0,1.0,1.0,1.0,-0.0023694090021601,123399.91668333765,1.0,1.0,0.0,0.0,0.0,0.0,0.0,0.0
2010-02-18,123651.10194612904,-0.05684736673237134,1.0,1.0,1.0,1.0,1.0,0.0020355383499647,123651.10194612903,1.0,1.0,0.0,0.0,0.0,0.0,0.0,0.0
2010-02-19,122647.0691844629,-0.06450565790930685,1.0,1.0,1.0,1.0,1.0,-0.0081198852728667,122647.0691844629,1.0,1.0,0.0,0.0,0.0,0.0,0.0,0.0
2010-02-22,123170.37409363146,-0.06051413340757428,1.0,1.0,1.0,1.0,1.0,0.004266754294646,123170.37409363146,1.0,1.0,0.0,0.0,0.0,0.0,0.0,0.0
2010-02-23,122407.83507428992,-0.06633042353958307,1.0,1.0,1.0,1.0,1.0,-0.00619092882483132,122407.83507428993,0.5665288316027615,0.5665288316027615,0.43347116839723854,0.4312187980441189,0.0,53.11338067130023,0.0,53.11338067130023
2010-02-24,122934.41458338102,-0.062313921924899485,1.0,1.0,1.0,1.0,1.0,0.0043018448024303,122934.41458338102,0.5683855698955603,0.5683855698955603,0.4316144301044397,0.0,0.0,0.0,0.0,0.0
2010-02-25,123102.8484990891,-0.061029186984155714,1.0,1.0,1.0,1.0,1.0,0.0013701119924709,123102.8484990891,0.568976120881382,0.568976120881382,0.43102387911861795,0.0,0.0,0.0,0.0,0.0
2010-02-26,124048.10666014392,-0.05381920090489711,1.0,1.0,1.0,1.0,1.0,0.0076786051060534,124048.10666014392,0.5722605631055799,0.5722605631055799,0.42773943689442007,0.0,0.0,0.0,0.0,0.0
2010-03-01,124640.30578463756,-0.049302183628914475,1.0,1.0,1.0,1.0,1.0,0.004773947305105574,124640.30578463756,0.974813018568192,0.974813018568192,0.025186981431807975,0.4020301839565253,0.0,49.87108314003633,0.0,49.87108314003633
2010-03-02,125934.23720641514,-0.03943268138825562,1.0,1.0,1.0,1.0,1.0,0.0103813241922987,125934.23720641514,0.9750718062292544,0.9750718062292544,0.02492819377074562,0.0,0.0,0.0,0.0,0.0
2010-03-03,126660.66364067614,-0.03389184112427679,1.0,1.0,1.0,1.0,1.0,0.0057682997918218,126660.66364067614,0.9752147748383944,0.9752147748383944,0.02478522516160564,0.0,0.0,0.0,0.0,0.0
2010-03-04,126707.07946444231,-0.03353780298210618,1.0,1.0,1.0,1.0,1.0,0.0003664580812389,126707.07946444233,0.9752238542572238,0.9752238542572238,0.0247761457427762,0.0,0.0,0.0,0.0,0.0
2010-03-05,128024.08634432848,-0.02349229196565461,1.0,1.0,1.0,1.0,1.0,0.0103941065128548,128024.08634432849,0.9754787309396672,0.9754787309396672,0.024521269060332807,0.0,0.0,0.0,0.0,0.0
2010-03-08,127801.19926349822,-0.025192370120218688,1.0,1.0,1.0,1.0,1.0,-0.0017409777112628,127801.19926349822,0.9754359655031096,0.9754359655031096,0.024564034496890375,0.0,0.0,0.0,0.0,0.0
2010-03-09,127579.41498099614,-0.026884036646169562,1.0,1.0,1.0,1.0,1.0,-0.0017353849868405,127579.41498099614,0.9753932633417376,0.9753932633417376,0.024606736658262407,0.0,0.0,0.0,0.0,0.0
2010-03-10,127182.5966307944,-0.029910780977851603,1.0,1.0,1.0,1.0,1.0,-0.0031103634568388,127182.59663079439,0.9753164886500484,0.9753164886500484,0.024683511349951615,0.0,0.0,0.0,0.0,0.0
2010-03-11,127704.2583308241,-0.025931790105030883,1.0,1.0,1.0,1.0,1.0,0.0041016751807961,127704.2583308241,0.975417318823308,0.975417318823308,0.024582681176692045,0.0,0.0,0.0,0.0,0.0
2010-03-12,127897.34410518984,-0.024459022344182957,1.0,1.0,1.0,1.0,1.0,0.0015119760052599,127897.34410518983,0.9754544311344684,0.9754544311344684,0.02454556886553161,0.0,0.0,0.0,0.0,0.0
2010-03-15,127532.8376027951,-0.027239307049826356,1.0,1.0,1.0,1.0,1.0,-0.0028499927417957,127532.8376027951,0.9753842765011624,0.9753842765011624,0.02461572349883756,0.0,0.0,0.0,0.0,0.0
2010-03-16,129089.6431716964,-0.015364724060386803,1.0,1.0,1.0,1.0,1.0,0.012207095820686,129089.6431716964,0.9756811391656176,0.9756811391656176,0.024318860834382394,0.0,0.0,0.0,0.0,0.0
2010-03-17,129915.78370934472,-0.009063311365564153,1.0,1.0,1.0,1.0,1.0,0.0063997429797641,129915.78370934473,0.9758357839377236,0.9758357839377236,0.024164216062276367,0.0,0.0,0.0,0.0,0.0
2010-03-18,129351.6731377698,-0.013366082328873263,1.0,1.0,1.0,1.0,1.0,-0.0043421249941192,129351.6731377698,0.9757304023110012,0.9757304023110012,0.024269597688998834,0.0,0.0,0.0,0.0,0.0
2010-03-19,127912.36760241976,-0.024344430150904706,1.0,1.0,1.0,1.0,1.0,-0.0111270731984818,127912.36760241975,0.975457314047925,0.975457314047925,0.024542685952074983,0.0,0.0,0.0,0.0,0.0
2010-03-22,128639.9450995674,-0.01879481011888895,1.0,1.0,1.0,1.0,1.0,0.005688093425095,128639.9450995674,0.975596125565642,0.975596125565642,0.024403874434357986,0.0,0.0,0.0,0.0,0.0
2010-03-23,129492.28602591265,-0.01229355314283287,1.0,1.0,1.0,1.0,1.0,0.0066257873919761,129492.28602591263,0.9757567561451164,0.9757567561451164,0.024243243854883634,0.0,0.0,0.0,0.0,0.0
2010-03-24,127966.21473158368,-0.023933709495240985,1.0,1.0,1.0,1.0,1.0,-0.0117850363227316,127966.21473158369,0.9754676414080276,0.9754676414080276,0.024532358591972447,0.0,0.0,0.0,0.0,0.0
2010-03-25,126379.16334607716,-0.03603899339334682,1.0,1.0,1.0,1.0,1.0,-0.0124021124547244,126379.16334607717,0.9751595675716268,0.9751595675716268,0.024840432428373194,0.0,0.0,0.0,0.0,0.0
2010-03-26,127769.90800587328,-0.02543104516284045,1.0,1.0,1.0,1.0,1.0,0.0110045408038323,127769.90800587327,0.9754299496927848,0.9754299496927848,0.024570050307215152,0.0,0.0,0.0,0.0,0.0
2010-03-29,129402.48159300808,-0.01297853925326753,1.0,1.0,1.0,1.0,1.0,0.0127774498128289,129402.48159300807,0.9757399315004932,0.9757399315004932,0.024260068499506793,0.0,0.0,0.0,0.0,0.0
2010-03-30,129780.35327797035,-0.010096311201109098,1.0,1.0,1.0,1.0,1.0,0.0029201270355138,129780.35327797037,0.9758105677156804,0.9758105677156804,0.02418943228431958,0.0,0.0,0.0,0.0,0.0
2010-03-31,129871.4298122654,-0.009401622097677698,1.0,1.0,1.0,1.0,1.0,0.0007017744365357,129871.4298122654,0.9758275313362564,0.9758275313362564,0.024172468663743563,0.0,0.0,0.0,0.0,0.0
2010-04-01,132068.04746322412,0.0,1.0,1.0,1.0,1.0,1.0,0.0169137866129144,132068.04746322412,0.9762295791620096,0.9762295791620096,0.023770420837990414,0.0,0.0,0.0,0.0,0.0
2010-04-05,133007.88470323008,0.0,1.0,1.0,1.0,1.0,1.0,0.0071163105539791,133007.88470323008,0.9763975415859214,0.9763975415859214,0.023602458414078598,0.0,0.0,0.0,0.0,0.0
2010-04-06,132940.99944374984,-0.0005028668761215549,1.0,1.0,1.0,1.0,1.0,-0.0005028668761214,132940.99944374984,0.9763856667199132,0.9763856667199132,0.023614333280086774,0.0,0.0,0.0,0.0,0.0
2010-04-07,132933.80562404922,-0.0005569525396644792,1.0,1.0,1.0,1.0,1.0,-5.411287511548039e-05,132933.80562404922,0.7839905321238981,0.7839905321238981,0.21600946787610187,0.1925760217243804,0.0,25.60124879694041,0.0,25.60124879694041
2010-04-08,132988.544122006,-0.00014540928357176242,1.0,1.0,1.0,1.0,1.0,0.0004117725938845,132988.544122006,0.7840794422920186,0.7840794422920186,0.21592055770798135,0.0,0.0,0.0,0.0,0.0
2010-04-09,133596.86877620593,0.0,1.0,1.0,1.0,1.0,1.0,0.0045742635819958,133596.86877620593,0.7850626225102796,0.7850626225102796,0.21493737748972042,0.0,0.0,0.0,0.0,0.0
2010-04-12,133202.81637127625,-0.0029495631786833343,1.0,1.0,1.0,1.0,1.0,-0.0029495631786832,133202.81637127625,0.7844267756654724,0.7844267756654724,0.21557322433452764,0.0,0.0,0.0,0.0,0.0
2010-04-13,133107.15112315828,-0.003665637207919792,1.0,1.0,1.0,1.0,1.0,-0.0007181923830445495,133107.15112315828,0.98451188935472,0.98451188935472,0.015488110645279995,0.1998963407915493,0.0,26.626755575746813,0.0,26.626755575746813
2010-04-14,133928.59077984153,0.0,1.0,1.0,1.0,1.0,1.0,0.0061712661547628,133928.59077984153,0.9846068843682348,0.9846068843682348,0.015393115631765153,0.0,0.0,0.0,0.0,0.0
2010-04-15,133952.77976411313,0.0,1.0,1.0,1.0,1.0,1.0,0.0001806110564648,133952.77976411313,0.984609664033073,0.984609664033073,0.01539033596692696,0.0,0.0,0.0,0.0,0.0
2010-04-16,131656.0777337875,-0.017145609328675815,1.0,1.0,1.0,1.0,1.0,-0.0171456093286757,131656.0777337875,0.9843411840929818,0.9843411840929818,0.01565881590701823,0.0,0.0,0.0,0.0,0.0
2010-04-19,131578.23032152848,-0.017726764959758,1.0,1.0,1.0,1.0,1.0,-0.0005912937222422,131578.23032152848,0.9843319196554344,0.9843319196554344,0.01566808034456557,0.0,0.0,0.0,0.0,0.0
2010-04-20,132071.92388399685,-0.014041185882281981,1.0,1.0,1.0,1.0,1.0,0.0037520915219937,132071.92388399685,0.9843904879731727,0.9843904879731727,0.015609512026827255,0.0,0.0,0.0,0.0,0.0
2010-04-21,132478.0301410344,-0.011009473828581418,1.0,1.0,1.0,1.0,1.0,0.0030748871152529006,132478.0301410344,0.7819500829803704,0.7819500829803704,0.2180499170196296,0.2033141980711991,0.0,26.85209729219527,0.0,26.85209729219527
2010-04-22,132731.5852508537,-0.009116604488610958,1.0,1.0,1.0,1.0,1.0,0.0019139408213526,132731.5852508537,0.7823666203896956,0.7823666203896956,0.21763337961030438,0.0,0.0,0.0,0.0,0.0
2010-04-23,133566.25889646276,-0.0028855009080888117,1.0,1.0,1.0,1.0,1.0,0.0062884327346169,133566.25889646276,0.7837266408609312,0.7837266408609312,0.21627335913906875,0.0,0.0,0.0,0.0,0.0
2010-04-26,133854.81496696314,-0.0007313382919152955,1.0,1.0,1.0,1.0,1.0,0.0021603964420688,133854.81496696314,0.7841928698171514,0.7841928698171514,0.21580713018284858,0.0,0.0,0.0,0.0,0.0
2010-04-27,132072.5221355844,-0.014036719744374149,1.0,1.0,1.0,1.0,1.0,-0.013315119309070972,132072.5221355844,0.9815206428518692,0.9815206428518692,0.01847935714813076,0.1973764514284715,0.0,26.41978838479384,0.0,26.41978838479384
2010-04-28,132665.1155012658,-0.009612822258073916,1.0,1.0,1.0,1.0,1.0,0.004486878542934435,132665.1155012658,0.7798528379391696,0.7798528379391696,0.2201471620608304,0.2028584369273654,0.0,26.792025401479528,0.0,26.792025401479528
2010-04-29,134231.25531657392,0.0,1.0,1.0,1.0,1.0,1.0,0.0118052120136522,134231.25531657392,0.782421399448316,0.782421399448316,0.217578600551684,0.0,0.0,0.0,0.0,0.0
2010-04-30,133520.38654714497,-0.005295851310877064,1.0,1.0,1.0,1.0,1.0,-0.005295851310876958,133520.38654714497,0.5859488952673105,0.5859488952673105,0.41405110473268947,0.1944742253205573,0.0,26.104519391496655,0.0,26.104519391496655
2010-05-03,134260.2506945013,0.0,1.0,1.0,1.0,1.0,1.0,0.005541207350348,134260.2506945013,0.5882305949213806,0.5882305949213806,0.41176940507861937,0.0,0.0,0.0,0.0,0.0
2010-05-04,132535.6347872889,-0.01284532017697948,1.0,1.0,1.0,1.0,1.0,-0.012845320176979735,132535.6347872889,0.983392610130932,0.983392610130932,0.016607389869067957,0.3949803620876357,0.0,53.030162433290876,0.0,53.030162433290876
2010-05-05,131409.55341011332,-0.021232622981425253,1.0,1.0,1.0,1.0,1.0,-0.0084964423264948,131409.55341011332,0.9832502972475096,0.9832502972475096,0.016749702752490436,0.0,0.0,0.0,0.0,0.0
2010-05-06,129366.07106751918,-0.03645293079422618,1.0,1.0,1.0,1.0,1.0,-0.0155504854066179,129366.07106751918,0.9829857168862448,0.9829857168862448,0.01701428311375519,0.0,0.0,0.0,0.0,0.0
2010-05-07,129285.11900327347,-0.037055879647866496,1.0,1.0,1.0,1.0,1.0,-0.000625759625979922,129285.11900327349,0.760564081166397,0.760564081166397,0.23943591883360305,0.2224943006895219,0.0,28.783213515118682,0.0,28.783213515118682
2010-05-10,132782.07569692208,-0.011009773852893256,1.0,1.0,1.0,1.0,1.0,0.0270484083598211,132782.07569692208,0.766869879856999,0.766869879856999,0.23313012014300105,0.0,0.0,0.0,0.0,0.0
2010-05-11,132167.16610387363,-0.015589756311347291,1.0,1.0,1.0,1.0,1.0,-0.004630968372960218,132167.16610387363,0.9660252867145632,0.9660252867145632,0.033974713285436775,0.1991136290512181,0.0,26.43872096496771,0.0,26.43872096496771
2010-05-12,133660.1767887897,-0.004469482982547346,1.0,1.0,1.0,1.0,1.0,0.011296381158257126,133660.1767887897,0.7983091560742669,0.7983091560742669,0.2016908439257331,0.1701646719613734,0.0,22.49018246413001,0.0,22.49018246413001
2010-05-13,131901.56243405637,-0.017568031105587245,1.0,1.0,1.0,1.0,1.0,-0.0131573546959488,131901.56243405637,0.7956200566670979,0.7956200566670979,0.2043799433329021,0.0,0.0,0.0,0.0,0.0
2010-05-14,129256.78238684213,-0.03726693702549522,1.0,1.0,1.0,1.0,1.0,-0.0200511654176689,129256.78238684213,0.7914381484825053,0.7914381484825053,0.20856185151749473,0.0,0.0,0.0,0.0,0.0
2010-05-17,129289.8709499579,-0.037020486099442196,1.0,1.0,1.0,1.0,1.0,0.000255990923685,129289.8709499579,0.7914915247596782,0.7914915247596782,0.2085084752403218,0.0,0.0,0.0,0.0,0.0
2010-05-18,126927.85073236188,-0.05461333435778937,1.0,1.0,1.0,1.0,1.0,-0.018269182266492028,126927.85073236188,0.9878514059562752,0.9878514059562752,0.012148594043724814,0.1963854406348285,0.0,25.390648276127607,0.0,25.390648276127607
2010-05-19,126704.4223321304,-0.056277478429290206,1.0,1.0,1.0,1.0,1.0,-0.0017602787642138,126704.4223321304,0.9878299833343784,0.9878299833343784,0.012170016665621564,0.0,0.0,0.0,0.0,0.0
2010-05-20,121000.58080914232,-0.0987609498475488,1.0,1.0,1.0,1.0,1.0,-0.0450169095758679,121000.58080914231,0.9872563014071628,0.9872563014071628,0.012743698592837194,0.0,0.0,0.0,0.0,0.0
2010-05-21,124263.82970120528,-0.07445555137567927,1.0,1.0,1.0,1.0,1.0,0.0269688696553464,124263.82970120528,0.9875909592107556,0.9875909592107556,0.01240904078924443,0.0,0.0,0.0,0.0,0.0
2010-05-24,121469.74326980178,-0.09526652422095738,1.0,1.0,1.0,1.0,1.0,-0.0224851144385454,121469.74326980178,0.9873055224298534,0.9873055224298534,0.012694477570146634,0.0,0.0,0.0,0.0,0.0
2010-05-25,122770.13690351824,-0.08558090523104944,1.0,1.0,1.0,1.0,1.0,0.0107054942137161,122770.13690351823,0.9874399836126128,0.9874399836126128,0.01256001638738724,0.0,0.0,0.0,0.0,0.0
2010-05-26,121997.37821664772,-0.09133658260296851,1.0,1.0,1.0,1.0,1.0,-0.0062943538743287,121997.37821664772,0.9873604256588888,0.9873604256588888,0.012639574341111182,0.0,0.0,0.0,0.0,0.0
2010-05-27,127099.94546136136,-0.053331534807220415,1.0,1.0,1.0,1.0,1.0,0.0418252205031187,127099.94546136136,0.9878678552866984,0.9878678552866984,0.012132144713301596,0.0,0.0,0.0,0.0,0.0
2010-05-28,124642.24467748964,-0.07163703305527624,1.0,1.0,1.0,1.0,1.0,-0.0193367571870349,124642.24467748964,0.9876286331702396,0.9876286331702396,0.012371366829760366,0.0,0.0,0.0,0.0,0.0
2010-06-01,120844.02093722051,-0.09992704235156213,1.0,1.0,1.0,1.0,1.0,-0.0304730049598912,120844.02093722051,0.9872397912662056,0.9872397912662056,0.012760208733794354,0.0,0.0,0.0,0.0,0.0
2010-06-02,124839.91008252802,-0.07016477746200944,1.0,1.0,1.0,1.0,1.0,0.0330665027058592,124839.91008252802,0.9876482213871302,0.9876482213871302,0.012351778612869846,0.0,0.0,0.0,0.0,0.0
2010-06-03,124298.4527670028,-0.07419767113474107,1.0,1.0,1.0,1.0,1.0,-0.0043372132771265,124298.4527670028,0.9875944157222905,0.9875944157222905,0.012405584277709547,0.0,0.0,0.0,0.0,0.0
2010-06-04,119477.99302919816,-0.11010151991253925,1.0,1.0,1.0,1.0,1.0,-0.03878133339954409,119477.99302919817,0.5913907029883293,0.5913907029883293,0.4086092970116707,0.3807380373937919,0.0,47.32514895759359,0.0,47.32514895759359
2010-06-07,118387.1899655717,-0.11822606204607433,1.0,1.0,1.0,1.0,1.0,-0.0091297404314441,118387.1899655717,0.5876258338911219,0.5876258338911219,0.4123741661088781,0.0,0.0,0.0,0.0,0.0
2010-06-08,119783.57392155156,-0.1078254859354485,1.0,1.0,1.0,1.0,1.0,0.0117950595531994,119783.57392155155,0.5924331096348907,0.5924331096348907,0.4075668903651093,0.0,0.0,0.0,0.0,0.0
2010-06-09,119271.68161467442,-0.11163817289401756,1.0,1.0,1.0,1.0,1.0,-0.004273476655591981,119271.68161467442,0.9912040589061348,0.9912040589061348,0.008795941093865167,0.3984101283917809,0.0,47.72298906531174,0.0,47.72298906531174
2010-06-10,123058.3307305535,-0.08343437395656961,1.0,1.0,1.0,1.0,1.0,0.0317480986653011,123058.3307305535,0.9914747203263626,0.9914747203263626,0.008525279673637365,0.0,0.0,0.0,0.0,0.0
2010-06-11,123814.86995611816,-0.07779950271469993,1.0,1.0,1.0,1.0,1.0,0.0061478099131799,123814.86995611817,0.991526811876306,0.991526811876306,0.00847318812369402,0.0,0.0,0.0,0.0,0.0
2010-06-14,123113.16153512732,-0.08302598201412803,1.0,1.0,1.0,1.0,1.0,-0.0056674002180799,123113.16153512732,0.9914785172229568,0.9914785172229568,0.008521482777043232,0.0,0.0,0.0,0.0,0.0
2010-06-15,126063.36109443284,-0.06105224411296417,1.0,1.0,1.0,1.0,1.0,0.0239633157212337,126063.36109443284,0.9916779413420284,0.9916779413420284,0.008322058657971643,0.0,0.0,0.0,0.0,0.0
2010-06-16,125848.79494139734,-0.06265038021002634,1.0,1.0,1.0,1.0,1.0,-0.0017020500736512,125848.79494139734,0.9916637526315808,0.9916637526315808,0.008336247368419203,0.0,0.0,0.0,0.0,0.0
2010-06-17,125847.94352737554,-0.06265672172970471,1.0,1.0,1.0,1.0,1.0,-6.765372860366972e-06,125847.94352737554,0.9916636962333776,0.9916636962333776,0.008336303766622422,0.0,0.0,0.0,0.0,0.0
2010-06-18,126991.48301009712,-0.054139387099341074,1.0,1.0,1.0,1.0,1.0,0.0090866759572661,126991.48301009713,0.9917387634132478,0.9917387634132478,0.008261236586752152,0.0,0.0,0.0,0.0,0.0
2010-06-21,126648.51841120423,-0.05669386317933345,1.0,1.0,1.0,1.0,1.0,-0.002700689768822,126648.51841120423,0.9917163919577592,0.9917163919577592,0.00828360804224082,0.0,0.0,0.0,0.0,0.0
2010-06-22,124384.048907222,-0.07356013217755586,1.0,1.0,1.0,1.0,1.0,-0.0178799525836532,124384.048907222,0.9915655850178068,0.9915655850178068,0.008434414982193217,0.0,0.0,0.0,0.0,0.0
2010-06-23,123854.04575933354,-0.07750771267995216,1.0,1.0,1.0,1.0,1.0,-0.0042610218315354,123854.04575933354,0.9915294919982872,0.9915294919982872,0.008470508001712784,0.0,0.0,0.0,0.0,0.0
2010-06-24,121757.27526229092,-0.09312492243635029,1.0,1.0,1.0,1.0,1.0,-0.0169293662083267,121757.27526229092,0.9913836221828312,0.9913836221828312,0.008616377817168841,0.0,0.0,0.0,0.0,0.0
2010-06-25,123741.73734593004,-0.07834421054750829,1.0,1.0,1.0,1.0,1.0,0.0162985093035645,123741.73734593004,0.991521804136982,0.991521804136982,0.008478195863018012,0.0,0.0,0.0,0.0,0.0
2010-06-28,122237.57274203438,-0.08954756072833192,1.0,1.0,1.0,1.0,1.0,-0.0121556771074796,122237.57274203438,0.9914174777679616,0.9914174777679616,0.00858252223203837,0.0,0.0,0.0,0.0,0.0
2010-06-29,118455.61403474452,-0.11771642446667996,1.0,1.0,1.0,1.0,1.0,-0.0309394126736398,118455.61403474452,0.9911434616738282,0.9911434616738282,0.008856538326171837,0.0,0.0,0.0,0.0,0.0
2010-06-30,117628.08074593058,-0.1238800751714364,1.0,1.0,1.0,1.0,1.0,-0.0069860200004637,117628.08074593058,0.9910811544403676,0.9910811544403676,0.008918845559632405,0.0,0.0,0.0,0.0,0.0
2010-07-01,116033.97363104243,-0.13575333703890757,1.0,1.0,1.0,1.0,1.0,-0.0135520966148492,116033.97363104245,0.9909586248508148,0.9909586248508148,0.009041375149185238,0.0,0.0,0.0,0.0,0.0
2010-07-02,115479.11546298646,-0.1398860432210114,1.0,1.0,1.0,1.0,1.0,-0.0047818595769226,115479.11546298646,0.9909151825293884,0.9909151825293884,0.009084817470611628,0.0,0.0,0.0,0.0,0.0
2010-07-06,115801.75562967376,-0.13748294800095673,1.0,1.0,1.0,1.0,1.0,0.0027939265502142,115801.75562967375,0.9909404941233888,0.9909404941233888,0.009059505876611196,0.0,0.0,0.0,0.0,0.0
2010-07-07,119772.15585173976,-0.10791053024121089,1.0,1.0,1.0,1.0,1.0,0.0342861833180066,119772.15585173975,0.991240813207474,0.991240813207474,0.008759186792525964,0.0,0.0,0.0,0.0,0.0
2010-07-08,121020.8080671572,-0.0986102927624456,1.0,1.0,1.0,1.0,1.0,0.0104252295246577,121020.80806715721,0.9913311875667964,0.9913311875667964,0.00866881243320361,0.0,0.0,0.0,0.0,0.0
2010-07-09,122796.32209640388,-0.08538587213115445,1.0,1.0,1.0,1.0,1.0,0.0146711467028167,122796.32209640388,0.9914565300675268,0.9914565300675268,0.008543469932473235,0.0,0.0,0.0,0.0,0.0
2010-07-12,121964.71782442257,-0.09157984441766209,1.0,1.0,1.0,1.0,1.0,-0.0067722245893362,121964.71782442255,0.9913982772693396,0.9913982772693396,0.0086017227306604,0.0,0.0,0.0,0.0,0.0
2010-07-13,124442.40232189374,-0.07312550305709853,1.0,1.0,1.0,1.0,1.0,0.0203147643160048,124442.40232189374,0.9915695400757756,0.9915695400757756,0.00843045992422442,0.0,0.0,0.0,0.0,0.0
2010-07-14,124257.24638816548,-0.07450458534519555,1.0,1.0,1.0,1.0,1.0,-0.0014878845978024,124257.24638816547,0.9915569778331348,0.9915569778331348,0.00844302216686521,0.0,0.0,0.0,0.0,0.0
2010-07-15,124117.44018096552,-0.0755458928541326,1.0,1.0,1.0,1.0,1.0,-0.0011251352437283,124117.44018096551,0.9915474675910226,0.9915474675910226,0.008452532408977365,0.0,0.0,0.0,0.0,0.0
2010-07-16,120519.38676444862,-0.10234498936933278,1.0,1.0,1.0,1.0,1.0,-0.0289891042811619,120519.38676444862,0.9912951209443228,0.9912951209443228,0.008704879055677184,0.0,0.0,0.0,0.0,0.0
2010-07-19,120408.5573393238,-0.1031704714055387,1.0,1.0,1.0,1.0,1.0,-0.0009195983160902,120408.5573393238,0.9912871085840482,0.9912871085840482,0.008712891415951773,0.0,0.0,0.0,0.0,0.0
2010-07-20,122755.33491907612,-0.08569115368035263,1.0,1.0,1.0,1.0,1.0,0.0194901228916716,122755.33491907611,0.9914536774606127,0.9914536774606127,0.008546322539387252,0.0,0.0,0.0,0.0,0.0
2010-07-21,121782.14680875516,-0.09293967366513478,1.0,1.0,1.0,1.0,1.0,-0.007927868153042,121782.14680875516,0.99138538190416,0.99138538190416,0.008614618095839965,0.0,0.0,0.0,0.0,0.0
2010-07-22,124611.55524875651,-0.07186561469857256,1.0,1.0,1.0,1.0,1.0,0.0232333598490806,124611.55524875653,0.9915809839339969,0.9915809839339969,0.008419016066003149,0.0,0.0,0.0,0.0,0.0
2010-07-23,126043.60510203076,-0.06119939110769923,1.0,1.0,1.0,1.0,1.0,0.0114921112284929,126043.60510203075,0.9916766369479856,0.9916766369479856,0.00832336305201442,0.0,0.0,0.0,0.0,0.0
2010-07-26,126982.82873493136,-0.05420384605216588,1.0,1.0,1.0,1.0,1.0,0.0074515770327285,126982.82873493135,0.9917382003842512,0.9917382003842512,0.0082617996157488,0.0,0.0,0.0,0.0,0.0
2010-07-27,125860.22739651705,-0.06256522875931347,1.0,1.0,1.0,1.0,1.0,-0.0088405759235185,125860.22739651703,0.9916645098507272,0.9916645098507272,0.008335490149272817,0.0,0.0,0.0,0.0,0.0
2010-07-28,125238.02978520875,-0.06719949398740444,1.0,1.0,1.0,1.0,1.0,-0.004943560203082,125238.02978520877,0.9916230981320272,0.9916230981320272,0.008376901867972797,0.0,0.0,0.0,0.0,0.0
2010-07-29,125416.43338973632,-0.06587070453851895,1.0,1.0,1.0,1.0,1.0,0.0014245162179053,125416.43338973631,0.9916350141899763,0.9916350141899763,0.00836498581002365,0.0,0.0,0.0,0.0,0.0
2010-07-30,126081.60882452763,-0.060916330989009726,1.0,1.0,1.0,1.0,1.0,0.005303734262034605,126081.60882452763,0.5923620582763344,0.5923620582763344,0.40763794172366563,0.4018367960276947,0.0,50.39693776255244,0.0,50.39693776255244
2010-08-02,128164.37578948366,-0.04540342263242403,1.0,1.0,1.0,1.0,1.0,0.0165191972435463,128164.37578948366,0.5989864797152471,0.5989864797152471,0.4010135202847529,0.0,0.0,0.0,0.0,0.0
2010-08-03,127744.555216742,-0.048530338980114496,1.0,1.0,1.0,1.0,1.0,-0.0032756416918165,127744.555216742,0.5976685861621523,0.5976685861621523,0.40233141383784765,0.0,0.0,0.0,0.0,0.0
2010-08-04,128067.81257565063,-0.04612264677608169,1.0,1.0,1.0,1.0,1.0,0.0025304981363801,128067.81257565065,0.5986841152605852,0.5986841152605852,0.4013158847394148,0.0,0.0,0.0,0.0,0.0
2010-08-05,128222.89770769834,-0.044967538460362944,1.0,1.0,1.0,1.0,1.0,0.001210961044220824,128222.89770769834,0.7994095533845139,0.7994095533845139,0.20059044661548608,0.2002822486585758,0.0,25.649709483436354,0.0,25.649709483436354
2010-08-06,128218.23060519496,-0.04500230007058814,1.0,1.0,1.0,1.0,1.0,-3.639835463720614e-05,128218.23060519497,0.7994022519565411,0.7994022519565411,0.20059774804345887,0.0,0.0,0.0,0.0,0.0
2010-08-09,128244.5460052438,-0.04480629715898388,1.0,1.0,1.0,1.0,1.0,0.000205239145203,128244.54600524381,0.7994434140188128,0.7994434140188128,0.2005565859811872,0.0,0.0,0.0,0.0,0.0
2010-08-10,127813.42569004589,-0.048017376484158825,1.0,1.0,1.0,1.0,1.0,-0.0033617048726603,127813.42569004589,0.7987669278195233,0.7987669278195233,0.2012330721804767,0.0,0.0,0.0,0.0,0.0
2010-08-11,125915.11453432744,-0.062156417234484174,1.0,1.0,1.0,1.0,1.0,-0.0148522046527565,125915.11453432744,0.7957331142282601,0.7957331142282601,0.2042668857717399,0.0,0.0,0.0,0.0,0.0
2010-08-12,126056.04881714706,-0.06110670756918413,1.0,1.0,1.0,1.0,1.0,0.0011192801066086176,126056.04881714706,0.9962015384825578,0.9962015384825578,0.003798461517442231,0.2002639088030824,0.0,25.21625301403223,0.0,25.21625301403223
2010-08-13,125974.83023898152,-0.061711641477361745,1.0,1.0,1.0,1.0,1.0,-0.0006443052826711519,125974.83023898152,0.8008143799257459,0.8008143799257459,0.1991856200742541,0.1954542764860519,0.0,24.638193818245917,0.0,24.638193818245917
2010-08-16,127301.91282335208,-0.051827237288438965,1.0,1.0,1.0,1.0,1.0,0.0105345058362294,127301.91282335208,0.802890827652218,0.802890827652218,0.19710917234778202,0.0,0.0,0.0,0.0,0.0
2010-08-17,128346.18973237756,-0.04404923223017598,1.0,1.0,1.0,1.0,1.0,0.0082031517505518,128346.18973237756,0.8044945882131596,0.8044945882131596,0.19550541178684044,0.0,0.0,0.0,0.0,0.0
2010-08-18,128460.18946440656,-0.043200137047951226,1.0,1.0,1.0,1.0,1.0,0.0008882206185217,128460.18946440656,0.8046680860465882,0.8046680860465882,0.19533191395341176,0.0,0.0,0.0,0.0,0.0
2010-08-19,127415.0547898138,-0.050984530933606,1.0,1.0,1.0,1.0,1.0,-0.008135864340153036,127415.05478981379,1.0,1.0,0.0,0.1951367771762355,0.0,25.067307367532898,0.0,25.067307367532898
2010-08-20,126891.62030535968,-0.054883186579983034,1.0,1.0,1.0,1.0,1.0,-0.0041081054771556,126891.62030535967,1.0,1.0,0.0,0.0,0.0,0.0,0.0,0.0
2010-08-23,126071.3299401844,-0.060992890389800825,1.0,1.0,1.0,1.0,1.0,-0.0064644959470238,126071.3299401844,1.0,1.0,0.0,0.0,0.0,0.0,0.0,0.0
2010-08-24,125729.54081434892,-0.06353861128684579,1.0,1.0,1.0,1.0,1.0,-0.002711077340087,125729.54081434893,1.0,1.0,0.0,0.0,0.0,0.0,0.0,0.0
2010-08-25,127045.43214112316,-0.0537375620562105,1.0,1.0,1.0,1.0,1.0,0.010466047344571745,127045.43214112316,0.8056967326979184,0.8056967326979184,0.19430326730208158,0.1965333878847549,0.0,24.710052613438556,0.0,24.710052613438556
2010-08-26,127146.57654904063,-0.05298421616720561,1.0,1.0,1.0,1.0,1.0,0.0007961278592459623,127146.57654904065,1.0,1.0,0.0,0.1941091581439376,0.0,24.660681878946175,0.0,24.660681878946175
2010-08-27,128173.4251723128,-0.04533602083045862,1.0,1.0,1.0,1.0,1.0,0.0080761012301114,128173.42517231281,1.0,1.0,0.0,0.0,0.0,0.0,0.0,0.0
2010-08-30,127247.98617678577,-0.05222889486234761,1.0,1.0,1.0,1.0,1.0,-0.0072202096049388,127247.98617678577,1.0,1.0,0.0,0.0,0.0,0.0,0.0,0.0
2010-08-31,128318.31561464608,-0.0442568448153402,1.0,1.0,1.0,1.0,1.0,0.0084113664193734,128318.31561464608,1.0,1.0,0.0,0.0,0.0,0.0,0.0,0.0
2010-09-01,130335.75556108302,-0.029230506520862676,1.0,1.0,1.0,1.0,1.0,0.0157221510956824,130335.75556108302,1.0,1.0,0.0,0.0,0.0,0.0,0.0,0.0
2010-09-02,131512.833230277,-0.020463372070381736,1.0,1.0,1.0,1.0,1.0,0.0090311186222598,131512.833230277,1.0,1.0,0.0,0.0,0.0,0.0,0.0,0.0
2010-09-03,132552.8796111874,-0.012716876919877662,1.0,1.0,1.0,1.0,1.0,0.00790832617140334,132552.8796111874,0.6014427987904543,0.6014427987904543,0.39855720120954574,0.4021112327874599,0.0,52.88278749759831,0.0,52.88278749759831
2010-09-07,132076.56574742091,-0.01626456777627494,1.0,1.0,1.0,1.0,1.0,-0.003593387523256,132076.56574742091,0.6000054634133131,0.6000054634133131,0.39999453658668693,0.0,0.0,0.0,0.0,0.0
2010-09-08,132301.67496595997,-0.014587904598792334,1.0,1.0,1.0,1.0,1.0,0.0017043842506441,132301.67496595997,0.6006860478244637,0.6006860478244637,0.39931395217553634,0.0,0.0,0.0,0.0,0.0
2010-09-09,132118.47323596498,-0.015952431545877,1.0,1.0,1.0,1.0,1.0,-0.0013847272156014,132118.47323596498,0.6001323401932904,0.6001323401932904,0.3998676598067096,0.0,0.0,0.0,0.0,0.0
2010-09-10,132199.1866537183,-0.015351260184019777,1.0,1.0,1.0,1.0,1.0,0.0006109169730499056,132199.18665371827,1.0,1.0,0.0,0.3994681916150945,0.0,52.7771275825182,0.0,52.7771275825182
2010-09-13,134060.17800197686,-0.0014901856021384274,1.0,1.0,1.0,1.0,1.0,0.0140771769884884,134060.17800197686,1.0,1.0,0.0,0.0,0.0,0.0,0.0,0.0
2010-09-14,133877.8236386714,-0.0028484011749694282,1.0,1.0,1.0,1.0,1.0,-0.0013602425867492,133877.8236386714,1.0,1.0,0.0,0.0,0.0,0.0,0.0,0.0
2010-09-15,133459.83187875545,-0.005961696120820981,1.0,1.0,1.0,1.0,1.0,-0.0031221881903614,133459.83187875545,1.0,1.0,0.0,0.0,0.0,0.0,0.0,0.0
2010-09-16,132552.10761920823,-0.012722626886641386,1.0,1.0,1.0,1.0,1.0,-0.0068014791174909,132552.10761920825,1.0,1.0,0.0,0.0,0.0,0.0,0.0,0.0
2010-09-17,132440.97886318652,-0.013550338405477813,1.0,1.0,1.0,1.0,1.0,-0.0008383778878942,132440.97886318652,1.0,1.0,0.0,0.0,0.0,0.0,0.0,0.0
2010-09-20,134791.37462613094,0.0,1.0,1.0,1.0,1.0,1.0,0.017746741100217858,134791.37462613094,0.8080584655024949,0.8080584655024949,0.19194153449750506,0.195543414631242,0.0,25.89796124401165,0.0,25.89796124401165
2010-09-21,134627.08389307786,-0.0012188519740878867,1.0,1.0,1.0,1.0,1.0,-0.001218851974088,134627.08389307786,0.807824231687916,0.807824231687916,0.19217576831208405,0.0,0.0,0.0,0.0,0.0
2010-09-22,133920.49773907795,-0.006460924443188798,1.0,1.0,1.0,1.0,1.0,-0.0052484695766052,133920.49773907795,0.8068102813269474,0.8068102813269474,0.19318971867305257,0.0,0.0,0.0,0.0,0.0
2010-09-23,133014.4257656681,-0.013182956738823526,1.0,1.0,1.0,1.0,1.0,-0.0067657452645911,133014.4257656681,0.8054943053443953,0.8054943053443953,0.19450569465560474,0.0,0.0,0.0,0.0,0.0
2010-09-24,134890.4597335445,0.0,1.0,1.0,1.0,1.0,1.0,0.014103988774731766,134890.4597335445,1.0,1.0,0.0,0.1943113832723323,0.0,25.84621706570194,0.0,25.84621706570194
2010-09-27,134531.11146451771,-0.0026640006249264436,1.0,1.0,1.0,1.0,1.0,-0.0026640006249263,134531.11146451771,1.0,1.0,0.0,0.0,0.0,0.0,0.0,0.0
2010-09-28,135312.54443436017,0.0,1.0,1.0,1.0,1.0,1.0,0.0058085669651852,135312.54443436017,1.0,1.0,0.0,0.0,0.0,0.0,0.0,0.0
2010-09-29,134685.2251178705,-0.004636076567121172,1.0,1.0,1.0,1.0,1.0,-0.0046360765671213,134685.2251178705,1.0,1.0,0.0,0.0,0.0,0.0,0.0,0.0
2010-09-30,134450.94234834868,-0.0063674960042559015,1.0,1.0,1.0,1.0,1.0,-0.0017394838172989,134450.94234834868,1.0,1.0,0.0,0.0,0.0,0.0,0.0,0.0
2010-10-01,135042.01911127372,-0.0019992627011583552,1.0,1.0,1.0,1.0,1.0,0.0043962262562179,135042.01911127372,1.0,1.0,0.0,0.0,0.0,0.0,0.0,0.0
2010-10-04,134311.83358348464,-0.00739555120376123,1.0,1.0,1.0,1.0,1.0,-0.0054070987133821,134311.83358348464,1.0,1.0,0.0,0.0,0.0,0.0,0.0,0.0
2010-10-05,136698.20885265074,0.0,1.0,1.0,1.0,1.0,1.0,0.0177674238039702,136698.20885265074,1.0,1.0,0.0,0.0,0.0,0.0,0.0,0.0
2010-10-06,136693.41226518733,-3.508888304881719e-05,1.0,1.0,1.0,1.0,1.0,-3.508888304882456e-05,136693.41226518733,0.7988206454533888,0.7988206454533888,0.20117935454661118,0.2013736690568245,0.0,27.527419870154375,0.0,27.527419870154375
2010-10-07,136523.84539359016,-0.001275535799072025,1.0,1.0,1.0,1.0,1.0,-0.0012404904434471,136523.84539359016,0.7985707744240309,0.7985707744240309,0.2014292255759691,0.0,0.0,0.0,0.0,0.0
2010-10-08,137287.41667558558,0.0,1.0,1.0,1.0,1.0,1.0,0.005592951764536669,137287.41667558558,0.9999311404913892,0.9999311404913892,6.885950861079682e-05,0.2011588221173308,0.0,27.462975930303184,0.0,27.462975930303184
2010-10-11,137210.95983251504,-0.0005569107855762923,1.0,1.0,1.0,1.0,1.0,-0.0005569107855761,137210.95983251504,0.9999311021214172,0.9999311021214172,6.88978785827743e-05,0.0,0.0,0.0,0.0,0.0
2010-10-12,138281.91741067465,0.0,1.0,1.0,1.0,1.0,1.0,0.0078051897564659,138281.91741067465,0.999931635717614,0.999931635717614,6.83642823859909e-05,0.0,0.0,0.0,0.0,0.0
2010-10-13,138818.4944581133,0.0,1.0,1.0,1.0,1.0,1.0,0.0038803124622945,138818.4944581133,0.9999318999670206,0.9999318999670206,6.810003297941236e-05,0.0,0.0,0.0,0.0,0.0
2010-10-14,137341.33546154544,-0.010640938027271063,1.0,1.0,1.0,1.0,1.0,-0.010640938027271,137341.33546154544,0.9999311675249192,0.9999311675249192,6.883247508082668e-05,0.0,0.0,0.0,0.0,0.0
2010-10-15,136075.6787541964,-0.019758287356621107,1.0,1.0,1.0,1.0,1.0,-0.0092154099353684,136075.6787541964,0.9999305273055604,0.9999305273055604,6.947269443957627e-05,0.0,0.0,0.0,0.0,0.0
2010-10-18,138088.34126555987,-0.005259768847109547,1.0,1.0,1.0,1.0,1.0,0.014790758567510963,138088.34126555987,0.8121791977229434,0.8121791977229434,0.18782080227705655,0.190720061784838,0.0,25.95236185941411,0.0,25.95236185941411
2010-10-19,136260.23791397267,-0.018428787562687177,1.0,1.0,1.0,1.0,1.0,-0.013238650959472,136260.23791397267,0.8096593442176437,0.8096593442176437,0.19034065578235626,0.0,0.0,0.0,0.0,0.0
2010-10-20,137432.5448907277,-0.009983897122611385,1.0,1.0,1.0,1.0,1.0,0.0086034414345817,137432.5448907277,0.8112829602171233,0.8112829602171233,0.18871703978287668,0.0,0.0,0.0,0.0,0.0
2010-10-21,137453.7216773428,-0.009831346940463281,1.0,1.0,1.0,1.0,1.0,0.0001540885867462,137453.7216773428,0.8113120348790048,0.8113120348790048,0.18868796512099517,0.0,0.0,0.0,0.0,0.0
2010-10-22,137732.5545388141,-0.00782273229181929,1.0,1.0,1.0,1.0,1.0,0.00202855810718456,137732.5545388141,1.0,1.0,0.0,0.1884994656553397,0.0,25.909953088516904,0.0,25.909953088516904
2010-10-25,137812.1706709923,-0.007249205453850105,1.0,1.0,1.0,1.0,1.0,0.0005780487586596,137812.1706709923,1.0,1.0,0.0,0.0,0.0,0.0,0.0,0.0
2010-10-26,137997.12772113836,-0.005916839396516993,1.0,1.0,1.0,1.0,1.0,0.001342095181039274,137997.12772113836,0.8128160536084458,0.8128160536084458,0.18718394639155422,0.1876227878518261,0.0,25.85670366120324,0.0,25.85670366120324
2010-10-27,137780.3723106941,-0.007478269746920785,1.0,1.0,1.0,1.0,1.0,-0.0015707240724768,137780.3723106941,0.812521576735955,0.812521576735955,0.18747842326404496,0.0,0.0,0.0,0.0,0.0
2010-10-28,137731.56788317548,-0.00782983981479346,1.0,1.0,1.0,1.0,1.0,-0.000354219013203,137731.56788317548,0.8124551447824084,0.8124551447824084,0.18754485521759157,0.0,0.0,0.0,0.0,0.0
2010-10-29,137657.6909770146,-0.00836202327096236,1.0,1.0,1.0,1.0,1.0,-0.0005363832511042411,137657.6909770146,1.0,1.0,0.0,0.6033702877400027,0.0,83.1031357445533,0.0,83.1031357445533
2010-11-01,137457.9369063585,-0.009800981901336936,1.0,1.0,1.0,1.0,1.0,-0.0014510927013114,137457.9369063585,1.0,1.0,0.0,0.0,0.0,0.0,0.0,0.0
2010-11-02,138359.25103937986,-0.0033082293575227295,1.0,1.0,1.0,1.0,1.0,0.0065570177561694,138359.25103937986,1.0,1.0,0.0,0.0,0.0,0.0,0.0,0.0
2010-11-03,139490.16871133368,0.0,1.0,1.0,1.0,1.0,1.0,0.008173777058333038,139490.16871133368,0.8003081923680152,0.8003081923680152,0.1996918076319848,0.2015255695174616,0.0,27.882926863720474,0.0,27.882926863720474
2010-11-04,142934.1387394064,0.0,1.0,1.0,1.0,1.0,1.0,0.024689697201526667,142934.1387394064,0.591748961439874,0.591748961439874,0.408251038560126,0.2188576831355351,0.0,30.528495144347403,0.0,30.528495144347403
2010-11-05,144819.92103161776,0.0,1.0,1.0,1.0,1.0,1.0,0.01319336520192331,144819.92103161776,0.9975851816962552,0.9975851816962552,0.0024148183037447923,0.4053989617148887,0.0,57.94535143856721,0.0,57.94535143856721
2010-11-08,143838.0013252969,-0.006780280636297764,1.0,1.0,1.0,1.0,1.0,-0.0067802806362977,143838.0013252969,0.9975686967780988,0.9975686967780988,0.0024313032219012154,0.0,0.0,0.0,0.0,0.0
2010-11-09,141318.7651535885,-0.024175927269459607,1.0,1.0,1.0,1.0,1.0,-0.0175143991747429,141318.76515358847,0.9975253548552172,0.9975253548552172,0.0024746451447827944,0.0,0.0,0.0,0.0,0.0
2010-11-10,143340.79214119248,-0.010213573380573493,1.0,1.0,1.0,1.0,1.0,0.0143082695734457,143340.79214119248,0.997560263266094,0.997560263266094,0.0024397367339059617,0.0,0.0,0.0,0.0,0.0
2010-11-11,142074.8872270719,-0.01895480804706806,1.0,1.0,1.0,1.0,1.0,-0.0088314351777382,142074.8872270719,0.9975385249083808,0.9975385249083808,0.002461475091619203,0.0,0.0,0.0,0.0,0.0
2010-11-12,139167.38863719456,-0.039031456129499764,1.0,1.0,1.0,1.0,1.0,-0.0204645496936444,139167.38863719456,0.9974870995318758,0.9974870995318758,0.002512900468124246,0.0,0.0,0.0,0.0,0.0
2010-11-15,139709.43757932278,-0.03528853914496499,1.0,1.0,1.0,1.0,1.0,0.0038949422521774,139709.43757932278,0.9974968491598466,0.9974968491598466,0.002503150840153401,0.0,0.0,0.0,0.0,0.0
2010-11-16,137048.12776631318,-0.05366522236680282,1.0,1.0,1.0,1.0,1.0,-0.0190488907486911,137048.12776631318,0.9974482409810782,0.9974482409810782,0.0025517590189217954,0.0,0.0,0.0,0.0,0.0
2010-11-17,135752.8305322748,-0.06260941474594095,1.0,1.0,1.0,1.0,1.0,-0.0094514040808134,135752.8305322748,0.9974238931543244,0.9974238931543244,0.002576106845675552,0.0,0.0,0.0,0.0,0.0
2010-11-18,137827.9968195007,-0.0482801272249731,1.0,1.0,1.0,1.0,1.0,0.0152863574121388,137827.9968195007,0.9974626795417189,0.9974626795417189,0.002537320458281145,0.0,0.0,0.0,0.0,0.0
2010-11-19,137612.55187413268,-0.04976780201331232,1.0,1.0,1.0,1.0,1.0,-0.0015631435582,137612.55187413268,0.9974587071361491,0.9974587071361491,0.0025412928638508525,0.0,0.0,0.0,0.0,0.0
2010-11-22,135823.86347138998,-0.06211892325409929,1.0,1.0,1.0,1.0,1.0,-0.012998003295358681,135823.86347138998,0.7994043822547864,0.7994043822547864,0.20059561774521362,0.1956426250058818,0.0,26.922880882413402,0.0,26.922880882413402
2010-11-23,134464.796164572,-0.07150345610798237,1.0,1.0,1.0,1.0,1.0,-0.0100061010788746,134464.796164572,0.7973769151872365,0.7973769151872365,0.20262308481276348,0.0,0.0,0.0,0.0,0.0
2010-11-24,136560.66771669924,-0.05703119609570373,1.0,1.0,1.0,1.0,1.0,0.0155867677779552,136560.66771669924,0.8004866829290312,0.8004866829290312,0.19951331707096875,0.0,0.0,0.0,0.0,0.0
2010-11-26,135305.4008692529,-0.06569897355687426,1.0,1.0,1.0,1.0,1.0,-0.0091920087125706,135305.4008692529,0.79863574090503,0.79863574090503,0.20136425909497002,0.0,0.0,0.0,0.0,0.0
2010-11-29,136570.33566800426,-0.056964437660564804,1.0,1.0,1.0,1.0,1.0,0.009348738414172428,136570.33566800426,1.0,1.0,0.0,0.2011630959989711,0.0,27.218453344240785,0.0,27.218453344240785
2010-11-30,135405.23524021858,-0.06500960450975335,1.0,1.0,1.0,1.0,1.0,-0.008531138347774,135405.23524021858,1.0,1.0,0.0,0.0,0.0,0.0,0.0,0.0
2010-12-01,138457.27231057573,-0.04393489981017806,1.0,1.0,1.0,1.0,1.0,0.0225400226582274,138457.27231057573,1.0,1.0,0.0,0.0,0.0,0.0,0.0,0.0
2010-12-02,141725.48954929144,-0.021367443513870876,1.0,1.0,1.0,1.0,1.0,0.0236045184494515,141725.48954929144,1.0,1.0,0.0,0.0,0.0,0.0,0.0,0.0
2010-12-03,142513.328897266,-0.015927312471384125,1.0,1.0,1.0,1.0,1.0,0.0055589107540217,142513.328897266,1.0,1.0,0.0,0.0,0.0,0.0,0.0,0.0
2010-12-06,142295.09262030298,-0.017434261759910474,1.0,1.0,1.0,1.0,1.0,-0.001531339409806,142295.09262030298,1.0,1.0,0.0,0.0,0.0,0.0,0.0,0.0
2010-12-07,142120.90796366884,-0.01863702899934372,1.0,1.0,1.0,1.0,1.0,-0.0012241086704158,142120.90796366884,1.0,1.0,0.0,0.0,0.0,0.0,0.0,0.0
2010-12-08,144105.59407580853,-0.00493251861153321,1.0,1.0,1.0,1.0,1.0,0.0139647722532637,144105.59407580853,1.0,1.0,0.0,0.0,0.0,0.0,0.0,0.0
2010-12-09,145504.95031296767,0.0,1.0,1.0,1.0,1.0,1.0,0.0097106309170966,145504.95031296767,1.0,1.0,0.0,0.0,0.0,0.0,0.0,0.0
2010-12-10,146332.06679933285,0.0,1.0,1.0,1.0,1.0,1.0,0.0056844559898901,146332.06679933285,1.0,1.0,0.0,0.0,0.0,0.0,0.0,0.0
2010-12-13,146434.5586745345,0.0,1.0,1.0,1.0,1.0,1.0,0.0007004061204315,146434.5586745345,1.0,1.0,0.0,0.0,0.0,0.0,0.0,0.0
2010-12-14,145399.7400644322,-0.007066764973166495,1.0,1.0,1.0,1.0,1.0,-0.0070667649731666,145399.7400644322,1.0,1.0,0.0,0.0,0.0,0.0,0.0,0.0
2010-12-15,144500.95707286644,-0.013204544194828194,1.0,1.0,1.0,1.0,1.0,-0.0061814621619508,144500.95707286644,1.0,1.0,0.0,0.0,0.0,0.0,0.0,0.0
2010-12-16,144480.59289782998,-0.013343610923480131,1.0,1.0,1.0,1.0,1.0,-0.0001409276135533,144480.59289782998,1.0,1.0,0.0,0.0,0.0,0.0,0.0,0.0
2010-12-17,145154.07809523254,-0.008744387874640602,1.0,1.0,1.0,1.0,1.0,0.0046614232672677,145154.07809523254,1.0,1.0,0.0,0.0,0.0,0.0,0.0,0.0
2010-12-20,145413.52896362974,-0.006972600731321221,1.0,1.0,1.0,1.0,1.0,0.0017874170109568,145413.52896362974,1.0,1.0,0.0,0.0,0.0,0.0,0.0,0.0
2010-12-21,147615.95885137364,0.0,1.0,1.0,1.0,1.0,1.0,0.0151459764675319,147615.95885137364,1.0,1.0,0.0,0.0,0.0,0.0,0.0,0.0
2010-12-22,149230.50107254306,0.0,1.0,1.0,1.0,1.0,1.0,0.0109374503524719,149230.50107254306,1.0,1.0,0.0,0.0,0.0,0.0,0.0,0.0
2010-12-23,148595.3172547463,-0.004256394056386559,1.0,1.0,1.0,1.0,1.0,-0.0042563940563867,148595.3172547463,1.0,1.0,0.0,0.0,0.0,0.0,0.0,0.0
2010-12-27,149433.83816682833,0.0,1.0,1.0,1.0,1.0,1.0,0.0056429834235252,149433.83816682833,1.0,1.0,0.0,0.0,0.0,0.0,0.0,0.0
2010-12-28,149587.72867147002,0.0,1.0,1.0,1.0,1.0,1.0,0.0010298236766821,149587.72867147002,1.0,1.0,0.0,0.0,0.0,0.0,0.0,0.0
2010-12-29,149294.17094016867,-0.0019624452748130405,1.0,1.0,1.0,1.0,1.0,-0.0019624452748132,149294.17094016867,1.0,1.0,0.0,0.0,0.0,0.0,0.0,0.0
2010-12-30,148381.98270174672,-0.008060460443058193,1.0,1.0,1.0,1.0,1.0,-0.0061100057200995,148381.98270174672,1.0,1.0,0.0,0.0,0.0,0.0,0.0,0.0
2010-12-31,149208.540007461,-0.0025348915140077644,1.0,1.0,1.0,1.0,1.0,0.0055704694779263,149208.540007461,1.0,1.0,0.0,0.0,0.0,0.0,0.0,0.0
2011-01-03,151862.699367735,0.0,1.0,1.0,1.0,1.0,1.0,0.017788253675971,151862.699367735,1.0,1.0,0.0,0.0,0.0,0.0,0.0,0.0
2011-01-04,150966.89441691004,-0.005898781956033661,1.0,1.0,1.0,1.0,1.0,-0.0058987819560335,150966.89441691004,1.0,1.0,0.0,0.0,0.0,0.0,0.0,0.0
2011-01-05,152694.45048224035,0.0,1.0,1.0,1.0,1.0,1.0,0.01144327749472995,152694.45048224035,0.7979597838596133,0.7979597838596133,0.2020402161403867,0.2045567751739503,0.0,30.88130107994937,0.0,30.88130107994937
2011-01-06,151403.33503704425,-0.008455549243070015,1.0,1.0,1.0,1.0,1.0,-0.008455549243070145,151403.33503704425,0.6049341474951634,0.6049341474951634,0.3950658525048366,0.1898750126069466,0.0,28.992860710326177,0.0,28.992860710326177
2011-01-07,150619.58109423966,-0.013588374570574269,1.0,1.0,1.0,1.0,1.0,-0.0051765962923658,150619.58109423966,0.6028784093413414,0.6028784093413414,0.3971215906586586,0.0,0.0,0.0,0.0,0.0
2011-01-10,150395.64265382272,-0.015054953347404032,1.0,1.0,1.0,1.0,1.0,-0.0014867817237975,150395.64265382272,0.6022870970659405,0.6022870970659405,0.3977129029340595,0.0,0.0,0.0,0.0,0.0
2011-01-11,150671.75644022523,-0.013246676847960326,1.0,1.0,1.0,1.0,1.0,0.0018359161311477872,150671.75644022523,1.0,1.0,0.0,0.3973155873467128,0.0,59.7545330953899,0.0,59.7545330953899
2011-01-12,152870.24743299538,0.0,1.0,1.0,1.0,1.0,1.0,0.014591261459425,152870.24743299538,1.0,1.0,0.0,0.0,0.0,0.0,0.0,0.0
2011-01-13,152238.8595007746,-0.004130221170064785,1.0,1.0,1.0,1.0,1.0,-0.0041302211700647,152238.8595007746,1.0,1.0,0.0,0.0,0.0,0.0,0.0,0.0
2011-01-14,153896.97437155433,0.0,1.0,1.0,1.0,1.0,1.0,0.0108915350273711,153896.97437155433,1.0,1.0,0.0,0.0,0.0,0.0,0.0,0.0
2011-01-18,152966.7612998166,-0.0060443883028649115,1.0,1.0,1.0,1.0,1.0,-0.0060443883028649,152966.7612998166,1.0,1.0,0.0,0.0,0.0,0.0,0.0,0.0
2011-01-19,150829.16422236807,-0.019934181043609334,1.0,1.0,1.0,1.0,1.0,-0.013974258585882,150829.16422236807,1.0,1.0,0.0,0.0,0.0,0.0,0.0,0.0
2011-01-20,150031.41653877342,-0.025117828654956265,1.0,1.0,1.0,1.0,1.0,-0.0052890811117836,150031.41653877342,1.0,1.0,0.0,0.0,0.0,0.0,0.0,0.0
2011-01-21,150455.86530977645,-0.022359822704960952,1.0,1.0,1.0,1.0,1.0,0.0028290659436207,150455.86530977645,1.0,1.0,0.0,0.0,0.0,0.0,0.0,0.0
2011-01-24,149785.99274407097,-0.026712556528617593,1.0,1.0,1.0,1.0,1.0,-0.0044522861526619,149785.99274407097,1.0,1.0,0.0,0.0,0.0,0.0,0.0,0.0
2011-01-25,148944.08575017913,-0.032183144870784886,1.0,1.0,1.0,1.0,1.0,-0.0056207324761692,148944.08575017913,1.0,1.0,0.0,0.0,0.0,0.0,0.0,0.0
2011-01-26,149513.52829391035,-0.028482990621121695,1.0,1.0,1.0,1.0,1.0,0.0038231967443563,149513.52829391035,1.0,1.0,0.0,0.0,0.0,0.0,0.0,0.0
2011-01-27,149594.89193740796,-0.02795430158204304,1.0,1.0,1.0,1.0,1.0,0.0005441891742242661,149594.89193740796,0.7953211902177064,0.7953211902177064,0.20467880978229358,0.2049951889637338,0.0,30.649553985244722,0.0,30.649553985244722
2011-01-28,149030.00746814025,-0.03162483813140948,1.0,1.0,1.0,1.0,1.0,-0.0037760946376703,149030.00746814025,0.7945453741065858,0.7945453741065858,0.20545462589341423,0.0,0.0,0.0,0.0,0.0
2011-01-31,150741.9264547134,-0.020501039281147215,1.0,1.0,1.0,1.0,1.0,0.0114870757618334,150741.9264547134,0.7968786445059918,0.7968786445059918,0.20312135549400823,0.0,0.0,0.0,0.0,0.0
2011-02-01,151792.68881094363,-0.013673339383075356,1.0,1.0,1.0,1.0,1.0,0.006970604535467,151792.68881094365,0.7982847219381229,0.7982847219381229,0.20171527806187706,0.0,0.0,0.0,0.0,0.0
2011-02-02,151327.01313962624,-0.016699231693297678,1.0,1.0,1.0,1.0,1.0,-0.003067839926713413,151327.01313962624,0.9979040354497816,0.9979040354497816,0.002095964550218432,0.1994263172781128,0.0,30.27145691930911,0.0,30.27145691930911
2011-02-03,151544.39509689316,-0.01528671557233685,1.0,1.0,1.0,1.0,1.0,0.0014365046448536118,151544.39509689316,0.7934071018961288,0.7934071018961288,0.20659289810387116,0.2049987039152881,0.0,31.021841560995167,0.0,31.021841560995167
2011-02-04,151282.3424689097,-0.016989495169230096,1.0,1.0,1.0,1.0,1.0,-0.0017292135932571,151282.3424689097,0.7930492398285053,0.7930492398285053,0.20695076017149472,0.0,0.0,0.0,0.0,0.0
2011-02-07,151097.01762479212,-0.01819370886397198,1.0,1.0,1.0,1.0,1.0,-0.0012250262726837,151097.01762479212,0.7927954087604162,0.7927954087604162,0.2072045912395838,0.0,0.0,0.0,0.0,0.0
2011-02-08,151752.55818359402,-0.013934102322135544,1.0,1.0,1.0,1.0,1.0,0.0043385406880085,151752.55818359402,0.7936904909597107,0.7936904909597107,0.20630950904028933,0.0,0.0,0.0,0.0,0.0
2011-02-09,150810.46707406838,-0.020055672374910904,1.0,1.0,1.0,1.0,1.0,-0.006208073990989375,150810.46707406838,1.0,1.0,0.0,0.5787185840262754,0.0,87.8220255943745,0.0,87.8220255943745
2011-02-10,150703.4478571117,-0.020751067572858717,1.0,1.0,1.0,1.0,1.0,-0.0007096272495736,150703.4478571117,1.0,1.0,0.0,0.0,0.0,0.0,0.0,0.0
2011-02-11,152451.79695735764,-0.009390551179437656,1.0,1.0,1.0,1.0,1.0,0.0116012548160387,152451.79695735764,1.0,1.0,0.0,0.0,0.0,0.0,0.0,0.0
2011-02-14,152916.6166522528,-0.006370220878642141,1.0,1.0,1.0,1.0,1.0,0.0030489617319838,152916.6166522528,1.0,1.0,0.0,0.0,0.0,0.0,0.0,0.0
2011-02-15,152813.2465584071,-0.007041904609058736,1.0,1.0,1.0,1.0,1.0,-0.000675989935618,152813.2465584071,1.0,1.0,0.0,0.0,0.0,0.0,0.0,0.0
2011-02-16,154232.83341725214,0.0,1.0,1.0,1.0,1.0,1.0,0.0092896845713076,154232.83341725214,1.0,1.0,0.0,0.0,0.0,0.0,0.0,0.0
2011-02-17,154738.61481375902,0.0,1.0,1.0,1.0,1.0,1.0,0.0032793367358983,154738.61481375902,1.0,1.0,0.0,0.0,0.0,0.0,0.0,0.0
2011-02-18,155339.044230921,0.0,1.0,1.0,1.0,1.0,1.0,0.0038802817117412,155339.044230921,1.0,1.0,0.0,0.0,0.0,0.0,0.0,0.0
2011-02-22,151111.09416750586,-0.02721756197450287,1.0,1.0,1.0,1.0,1.0,-0.027217561974503,151111.09416750586,1.0,1.0,0.0,0.0,0.0,0.0,0.0,0.0
2011-02-23,150539.32499668482,-0.030898344057667115,1.0,1.0,1.0,1.0,1.0,-0.0037837669958714,150539.32499668482,1.0,1.0,0.0,0.0,0.0,0.0,0.0,0.0
2011-02-24,150891.4949079975,-0.028631239138512732,1.0,1.0,1.0,1.0,1.0,0.002339388138749805,150891.4949079975,0.9934116395695088,0.9934116395695088,0.006588360430491158,0.4080277593692948,0.0,61.424223475363384,0.0,61.424223475363384
2011-02-25,151977.2034646512,-0.021641956038252808,1.0,1.0,1.0,1.0,1.0,0.0071952932623253595,151977.2034646512,0.5781172746726196,0.5781172746726196,0.42188272532738036,0.41874868351144,0.0,63.18561484579711,0.0,63.18561484579711
2011-02-28,152872.0619593804,-0.015881276235183206,1.0,1.0,1.0,1.0,1.0,0.0058881100212989,152872.0619593804,0.5805868255879402,0.5805868255879402,0.41941317441205983,0.0,0.0,0.0,0.0,0.0
2011-03-01,151980.29403119514,-0.02162206041858261,1.0,1.0,1.0,1.0,1.0,-0.005833426440092,151980.29403119514,0.5781258537890418,0.5781258537890418,0.4218741462109582,0.0,0.0,0.0,0.0,0.0
2011-03-02,152829.6734881982,-0.016154153356270573,1.0,1.0,1.0,1.0,1.0,0.0055887472939665,152829.6734881982,0.5804704981572049,0.5804704981572049,0.41952950184279514,0.0,0.0,0.0,0.0,0.0
2011-03-03,154352.59338643783,-0.006350308445420505,1.0,1.0,1.0,1.0,1.0,0.00996481811077896,154352.59338643783,0.9851299381238864,0.9851299381238864,0.014870061876113616,0.4041071553494407,0.0,61.759564606299605,0.0,61.759564606299605
2011-03-04,153839.89595156585,-0.009650814364008609,1.0,1.0,1.0,1.0,1.0,-0.0033215990973887,153839.89595156585,0.9850803811313188,0.9850803811313188,0.014919618868681206,0.0,0.0,0.0,0.0,0.0
2011-03-07,152200.0645677309,-0.020207280653303128,1.0,1.0,1.0,1.0,1.0,-0.010659337577498,152200.0645677309,0.9849196344238508,0.9849196344238508,0.015080365576149224,0.0,0.0,0.0,0.0,0.0
2011-03-08,153873.55631155154,-0.009434124734222782,1.0,1.0,1.0,1.0,1.0,0.010995341878293902,153873.55631155154,0.7876227208675483,0.7876227208675483,0.21237727913245175,0.1998319062537994,0.0,30.414429034521024,0.0,30.414429034521024
2011-03-09,153901.50845388146,-0.009254181935756889,1.0,1.0,1.0,1.0,1.0,0.0001816565691985,153901.50845388146,0.787661293588463,0.787661293588463,0.21233870641153696,0.0,0.0,0.0,0.0,0.0
2011-03-10,151449.9585049946,-0.025036112106786357,1.0,1.0,1.0,1.0,1.0,-0.015929343211223166,151449.9585049946,0.984464173638506,0.984464173638506,0.015535826361493976,0.196853502058167,0.0,30.29605091118116,0.0,30.29605091118116
2011-03-11,152523.15668769757,-0.018127364933682943,1.0,1.0,1.0,1.0,1.0,0.0070861569940117,152523.15668769757,0.9845734883221252,0.9845734883221252,0.015426511677874788,0.0,0.0,0.0,0.0,0.0
2011-03-14,152382.11876091917,-0.01903530103871487,1.0,1.0,1.0,1.0,1.0,-0.0009246984513124,152382.11876091917,0.9845592102477544,0.9845592102477544,0.01544078975224561,0.0,0.0,0.0,0.0,0.0
2011-03-15,150926.54409105453,-0.02840560891637145,1.0,1.0,1.0,1.0,1.0,-0.0095521356554201,150926.54409105453,0.9844102952733776,0.9844102952733776,0.015589704726622355,0.0,0.0,0.0,0.0,0.0
2011-03-16,147936.7894254138,-0.04765224893815678,1.0,1.0,1.0,1.0,1.0,-0.0198093362810786,147936.7894254138,0.984095232383184,0.984095232383184,0.01590476761681603,0.0,0.0,0.0,0.0,0.0
2011-03-17,149425.41934586954,-0.03806914684154028,1.0,1.0,1.0,1.0,1.0,0.010062607997899457,149425.41934586954,0.9878064504059648,0.9878064504059648,0.01219354959403518,0.4009182635224432,0.0,59.310560727522244,0.0,59.310560727522244
2011-03-18,150089.96862419456,-0.03379108988802171,1.0,1.0,1.0,1.0,1.0,0.00444736431883,150089.96862419456,0.9878604394543818,0.9878604394543818,0.012139560545618155,0.0,0.0,0.0,0.0,0.0
2011-03-21,152947.21123721078,-0.01539750038731158,1.0,1.0,1.0,1.0,1.0,0.0190368659491854,152947.21123721078,0.98808722142323,0.98808722142323,0.011912778576769978,0.0,0.0,0.0,0.0,0.0
2011-03-22,152504.6244044107,-0.018246667092252533,1.0,1.0,1.0,1.0,1.0,-0.0028937228029198,152504.6244044107,0.9880526491015008,0.9880526491015008,0.011947350898499187,0.0,0.0,0.0,0.0,0.0
2011-03-23,153380.454361485,-0.0126084841009092,1.0,1.0,1.0,1.0,1.0,0.0057429731097976,153380.454361485,0.988120870622086,0.988120870622086,0.011879129377914022,0.0,0.0,0.0,0.0,0.0
2011-03-24,154692.7483857568,-0.004160549901436439,1.0,1.0,1.0,1.0,1.0,0.0085558099937493,154692.7483857568,0.988221643998077,0.988221643998077,0.011778356001923007,0.0,0.0,0.0,0.0,0.0
2011-03-25,155352.14411931756,0.0,1.0,1.0,1.0,1.0,1.0,0.0042626156716566,155352.14411931756,0.9882716374998728,0.9882716374998728,0.01172836250012721,0.0,0.0,0.0,0.0,0.0
2011-03-28,154872.99619668184,-0.0030842697753029613,1.0,1.0,1.0,1.0,1.0,-0.0030842697753029,154872.99619668184,0.9882353521520986,0.9882353521520986,0.011764647847901433,0.0,0.0,0.0,0.0,0.0
2011-03-29,156187.3507020003,0.0,1.0,1.0,1.0,1.0,1.0,0.0084866602803324,156187.3507020003,0.9883343545222192,0.9883343545222192,0.011665645477780817,0.0,0.0,0.0,0.0,0.0
2011-03-30,157733.16707740375,0.0,1.0,1.0,1.0,1.0,1.0,0.009897193136676,157733.16707740375,0.9884486801656038,0.9884486801656038,0.011551319834396168,0.0,0.0,0.0,0.0,0.0
2011-03-31,158453.77958158508,0.0,1.0,1.0,1.0,1.0,1.0,0.0045685540811319,158453.77958158508,0.9885012129958994,0.9885012129958994,0.011498787004100564,0.0,0.0,0.0,0.0,0.0
2011-04-01,159522.330068609,0.0,1.0,1.0,1.0,1.0,1.0,0.0067436099652881,159522.330068609,0.9885782369112855,0.9885782369112855,0.011421763088714454,0.0,0.0,0.0,0.0,0.0
2011-04-04,160611.95972021658,0.0,1.0,1.0,1.0,1.0,1.0,0.0068305775820786,160611.95972021658,0.9886557248627234,0.9886557248627234,0.01134427513727665,0.0,0.0,0.0,0.0,0.0
2011-04-05,160688.18007419695,0.0,1.0,1.0,1.0,1.0,1.0,0.0004745621316939,160688.18007419695,0.9886611058724916,0.9886611058724916,0.011338894127508437,0.0,0.0,0.0,0.0,0.0
2011-04-06,160628.5811301635,-0.00037089812085688845,1.0,1.0,1.0,1.0,1.0,-0.0003708981208569,160628.5811301635,0.9886568987375486,0.9886568987375486,0.011343101262451416,0.0,0.0,0.0,0.0,0.0
2011-04-07,160110.09333834547,-0.0035975685055649187,1.0,1.0,1.0,1.0,1.0,-0.0032278675947333,160110.09333834547,0.9886201661406004,0.9886201661406004,0.011379833859399557,0.0,0.0,0.0,0.0,0.0
2011-04-08,159230.56377412268,-0.009071085996500972,1.0,1.0,1.0,1.0,1.0,-0.005493279941847039,159230.56377412268,0.7933823478361046,0.7933823478361046,0.20661765216389538,0.1942971068070393,0.0,31.108927906245555,0.0,31.108927906245555
2011-04-11,158726.4414137248,-0.012208356952990163,1.0,1.0,1.0,1.0,1.0,-0.0031659899233478,158726.4414137248,0.7927261208232579,0.7927261208232579,0.20727387917674212,0.0,0.0,0.0,0.0,0.0
2011-04-12,157601.23181005465,-0.01921079859587005,1.0,1.0,1.0,1.0,1.0,-0.0070889865207605,157601.23181005463,0.7912462684340281,0.7912462684340281,0.20875373156597188,0.0,0.0,0.0,0.0,0.0
2011-04-13,157337.27630136255,-0.02085345525282034,1.0,1.0,1.0,1.0,1.0,-0.0016748315077272,157337.27630136255,0.7908960545578115,0.7908960545578115,0.20910394544218847,0.0,0.0,0.0,0.0,0.0
2011-04-14,157712.76659660248,-0.01851669162112979,1.0,1.0,1.0,1.0,1.0,0.0023865310501545306,157712.76659660248,0.9916339475035229,0.9916339475035229,0.00836605249647715,0.2005174096919693,0.0,31.54886309193889,0.0,31.54886309193889
2011-04-15,158893.99590405112,-0.011165626303797693,1.0,1.0,1.0,1.0,1.0,0.0074897507217661,158893.99590405112,0.9916961413349528,0.9916961413349528,0.008303858665047237,0.0,0.0,0.0,0.0,0.0
2011-04-18,156517.07802657818,-0.025957740299832777,1.0,1.0,1.0,1.0,1.0,-0.0149591421875265,156517.07802657818,0.9915700363094704,0.9915700363094704,0.008429963690529618,0.0,0.0,0.0,0.0,0.0
2011-04-19,158032.68898882644,-0.01652574000243423,1.0,1.0,1.0,1.0,1.0,0.0096833583999754,158032.68898882644,0.991650883794016,0.991650883794016,0.008349116205983997,0.0,0.0,0.0,0.0,0.0
2011-04-20,160439.97091994053,-0.0015446634229213663,1.0,1.0,1.0,1.0,1.0,0.015232810037702427,160439.97091994053,0.7976962255656515,0.7976962255656515,0.20230377443434855,0.1972335467409742,0.0,31.16934775027955,0.0,31.16934775027955
2011-04-21,161316.8506860063,0.0,1.0,1.0,1.0,1.0,1.0,0.005465469490164455,161316.8506860063,0.999035948442732,0.999035948442732,0.0009640515572679753,0.2011333205621452,0.0,32.269824102021666,0.0,32.269824102021666
2011-04-25,160713.63641973145,-0.003739313430120017,1.0,1.0,1.0,1.0,1.0,-0.0037393134301201,160713.63641973145,0.9990323300213853,0.9990323300213853,0.0009676699786147491,0.0,0.0,0.0,0.0,0.0
2011-04-26,162472.32324886552,0.0,1.0,1.0,1.0,1.0,1.0,0.0109429844804267,162472.32324886552,0.9990428045958376,0.9990428045958376,0.000957195404162392,0.0,0.0,0.0,0.0,0.0
2011-04-27,162727.1177224171,0.0,1.0,1.0,1.0,1.0,1.0,0.001568233090145,162727.1177224171,0.9990443033509468,0.9990443033509468,0.0009556966490531504,0.0,0.0,0.0,0.0,0.0
2011-04-28,162803.64134523162,0.0,1.0,1.0,1.0,1.0,1.0,0.000470257347918,162803.64134523162,0.9990447525630732,0.9990447525630732,0.000955247436926765,0.0,0.0,0.0,0.0,0.0
2011-04-29,163488.1254902711,0.0,1.0,1.0,1.0,1.0,1.0,0.0042043540266277,163488.1254902711,0.9990487519466564,0.9990487519466564,0.0009512480533435674,0.0,0.0,0.0,0.0,0.0
2011-05-02,162288.52645840409,-0.0073375300393814236,1.0,1.0,1.0,1.0,1.0,-0.0073375300393813,162288.52645840409,0.99904172054235,0.99904172054235,0.0009582794576500353,0.0,0.0,0.0,0.0,0.0
2011-05-03,160942.91298578095,-0.015568179626853862,1.0,1.0,1.0,1.0,1.0,-0.0082914886343985,160942.91298578095,0.999033708547756,0.999033708547756,0.000966291452244028,0.0,0.0,0.0,0.0,0.0
2011-05-04,158439.40072104734,-0.03088129339108614,1.0,1.0,1.0,1.0,1.0,-0.0155552811757221,158439.40072104734,0.9990184401076396,0.9990184401076396,0.000981559892360373,0.0,0.0,0.0,0.0,0.0
2011-05-05,157122.61672189375,-0.03893560311666888,1.0,1.0,1.0,1.0,1.0,-0.0083109630127418,157122.61672189375,0.999010214033078,0.999010214033078,0.0009897859669220077,0.0,0.0,0.0,0.0,0.0
2011-05-06,158468.48036609666,-0.03070342331665643,1.0,1.0,1.0,1.0,1.0,0.0085656901105785,158468.48036609666,0.999018620228085,0.999018620228085,0.0009813797719150363,0.0,0.0,0.0,0.0,0.0
2011-05-09,159471.1642929546,-0.024570354484586332,1.0,1.0,1.0,1.0,1.0,0.0063273398251913,159471.1642929546,0.999024790708672,0.999024790708672,0.0009752092913279942,0.0,0.0,0.0,0.0,0.0
2011-05-10,161116.93961189626,-0.014503719283979088,1.0,1.0,1.0,1.0,1.0,0.0103202063284514,161116.93961189626,0.9990347522644608,0.9990347522644608,0.0009652477355391875,0.0,0.0,0.0,0.0,0.0
2011-05-11,157969.22276564088,-0.03375720840935725,1.0,1.0,1.0,1.0,1.0,-0.0195368460562726,157969.22276564088,0.9990155186029616,0.9990155186029616,0.0009844813970384392,0.0,0.0,0.0,0.0,0.0
2011-05-12,158278.28175412177,-0.03186680207217474,1.0,1.0,1.0,1.0,1.0,0.0019564506495001774,158278.28175412177,0.7948452621797465,0.7948452621797465,0.2051547378202535,0.2047764079512226,0.0,32.34837000479445,0.0,32.34837000479445
2011-05-13,156365.4637938892,-0.04356684422811952,1.0,1.0,1.0,1.0,1.0,-0.012085157477284343,156365.4637938892,0.9925756532765748,0.9925756532765748,0.007424346723425179,0.1976224930031437,0.0,31.279348628503538,0.0,31.279348628503538
2011-05-16,156047.0990062076,-0.04551417090231613,1.0,1.0,1.0,1.0,1.0,-0.0020360300795146,156047.0990062076,0.9925605062435104,0.9925605062435104,0.007439493756489557,0.0,0.0,0.0,0.0,0.0
2011-05-17,156221.8101392709,-0.04444552366852239,1.0,1.0,1.0,1.0,1.0,0.001119605133168,156221.8101392709,0.9925688262238156,0.9925688262238156,0.007431173776184408,0.0,0.0,0.0,0.0,0.0
2011-05-18,157612.65771553366,-0.035938192802186686,1.0,1.0,1.0,1.0,1.0,0.0089030307293381,157612.65771553366,0.992634402365892,0.992634402365892,0.007365597634108045,0.0,0.0,0.0,0.0,0.0
2011-05-19,157457.7810154842,-0.03688551970794829,1.0,1.0,1.0,1.0,1.0,-0.0009826412567002,157457.7810154842,0.992627157506679,0.992627157506679,0.007372842493321041,0.0,0.0,0.0,0.0,0.0
2011-05-20,155938.5972588521,-0.04617783835235345,1.0,1.0,1.0,1.0,1.0,-0.0096481974205055,155938.5972588521,0.9925553298594322,0.9925553298594322,0.007444670140567822,0.0,0.0,0.0,0.0,0.0
2011-05-23,153886.59654245732,-0.05872921301789069,1.0,1.0,1.0,1.0,1.0,-0.0131590302366804,153886.59654245732,0.992456058910532,0.992456058910532,0.007543941089467987,0.0,0.0,0.0,0.0,0.0
2011-05-24,154310.58248743578,-0.056135838461133236,1.0,1.0,1.0,1.0,1.0,0.0027551843663103,154310.58248743578,0.9924767867500628,0.9924767867500628,0.007523213249937211,0.0,0.0,0.0,0.0,0.0
2011-05-25,155006.50597780402,-0.05187911652318633,1.0,1.0,1.0,1.0,1.0,0.0045098882989757,155006.50597780402,0.9925105632731231,0.9925105632731231,0.0074894367268768525,0.0,0.0,0.0,0.0,0.0
2011-05-26,156076.1901919503,-0.045336230237479125,1.0,1.0,1.0,1.0,1.0,0.0069008988196886,156076.1901919503,0.9925618928976466,0.9925618928976466,0.007438107102353375,0.0,0.0,0.0,0.0,0.0
2011-05-27,157389.84572111568,-0.037301056274685385,1.0,1.0,1.0,1.0,1.0,0.0084167580432979,157389.84572111568,0.9926239751144298,0.9926239751144298,0.007376024885570209,0.0,0.0,0.0,0.0,0.0
2011-05-31,158967.85356572704,-0.02764893114401179,1.0,1.0,1.0,1.0,1.0,0.010026109609431072,158967.85356572704,0.7959376413222484,0.7959376413222484,0.20406235867775158,0.1989312165840276,0.0,31.309753487273955,0.0,31.309753487273955
2011-06-01,155197.97281794812,-0.050707980457065815,1.0,1.0,1.0,1.0,1.0,-0.0237147364276402,155197.97281794812,0.7909808062337643,0.7909808062337643,0.20901919376623568,0.0,0.0,0.0,0.0,0.0
2011-06-02,155699.07100192658,-0.04764293715513934,1.0,1.0,1.0,1.0,1.0,0.0032287675855551,155699.07100192658,0.7916535086316585,0.7916535086316585,0.2083464913683415,0.0,0.0,0.0,0.0,0.0
2011-06-03,155004.6899657262,-0.05189022443743019,1.0,1.0,1.0,1.0,1.0,-0.0044597635151709,155004.6899657262,0.7907201700817278,0.7907201700817278,0.2092798299182722,0.0,0.0,0.0,0.0,0.0
2011-06-06,152762.0755894421,-0.06560751656221842,1.0,1.0,1.0,1.0,1.0,-0.014468042075242802,152762.0755894421,0.9878878982538958,0.9878878982538958,0.01211210174610422,0.1971458207491012,0.0,30.558526823253075,0.0,30.558526823253075
2011-06-07,152848.05926175392,-0.06508158434509881,1.0,1.0,1.0,1.0,1.0,0.0005628600683777552,152848.05926175392,0.7866762428144313,0.7866762428144313,0.21332375718556873,0.2015332601241448,0.0,30.786639116871314,0.0,30.786639116871314
2011-06-08,151927.96091016894,-0.07070950593772696,1.0,1.0,1.0,1.0,1.0,-0.0060196927329598,151927.96091016894,0.7853843223794799,0.7853843223794799,0.21461567762052014,0.0,0.0,0.0,0.0,0.0
2011-06-09,153020.65464877425,-0.06402587839396179,1.0,1.0,1.0,1.0,1.0,0.007192183269355,153020.65464877425,0.7869168554070031,0.7869168554070031,0.21308314459299693,0.0,0.0,0.0,0.0,0.0
2011-06-10,151551.21199761116,-0.07301394799691607,1.0,1.0,1.0,1.0,1.0,-0.0096029039644084,151551.21199761116,0.784850798284914,0.784850798284914,0.215149201715086,0.0,0.0,0.0,0.0,0.0
2011-06-13,151972.09363433954,-0.07043956141399921,1.0,1.0,1.0,1.0,1.0,0.002777157841106643,151972.09363433954,0.9856866948216576,0.9856866948216576,0.014313305178342395,0.200595550678357,0.0,30.40049882663324,0.0,30.40049882663324
2011-06-14,153520.51059547512,-0.0609684334253936,1.0,1.0,1.0,1.0,1.0,0.0101888243038964,153520.51059547512,0.9858310596653002,0.9858310596653002,0.014168940334699842,0.0,0.0,0.0,0.0,0.0
2011-06-15,150652.71115710936,-0.0785097651261869,1.0,1.0,1.0,1.0,1.0,-0.0186802364533711,150652.71115710936,0.9855613421220712,0.9855613421220712,0.014438657877928751,0.0,0.0,0.0,0.0,0.0
2011-06-16,150463.82542982034,-0.07966511342272264,1.0,1.0,1.0,1.0,1.0,-0.0012537824632444,150463.82542982034,0.9855432164603942,0.9855432164603942,0.014456783539605778,0.0,0.0,0.0,0.0,0.0
2011-06-17,151326.3405826604,-0.07438940822851647,1.0,1.0,1.0,1.0,1.0,0.0057323755419361,151326.3405826604,0.9856256158286484,0.9856256158286484,0.014374384171351617,0.0,0.0,0.0,0.0,0.0
2011-06-20,151792.4589489181,-0.07153832430508233,1.0,1.0,1.0,1.0,1.0,0.0030802196396409,151792.4589489181,0.9856697561272662,0.9856697561272662,0.01433024387273385,0.0,0.0,0.0,0.0,0.0
2011-06-21,153993.71090985453,-0.05807403168850678,1.0,1.0,1.0,1.0,1.0,0.0145017214700844,153993.71090985453,0.9858745987616776,0.9858745987616776,0.0141254012383224,0.0,0.0,0.0,0.0,0.0
2011-06-22,153216.58211029402,-0.06282745825835723,1.0,1.0,1.0,1.0,1.0,-0.0050464969963313,153216.58211029402,0.9858029534086976,0.9858029534086976,0.014197046591302387,0.0,0.0,0.0,0.0,0.0
2011-06-23,152547.63925200072,-0.06691914905417051,1.0,1.0,1.0,1.0,1.0,-0.0043659951754553,152547.63925200072,0.9857406973621756,0.9857406973621756,0.014259302637824378,0.0,0.0,0.0,0.0,0.0
2011-06-24,151250.7151709642,-0.07485198256820891,1.0,1.0,1.0,1.0,1.0,-0.0085017643497851,151250.7151709642,0.9856184286314202,0.9856184286314202,0.01438157136857976,0.0,0.0,0.0,0.0,0.0
2011-06-27,152991.71429548055,-0.0642028964691701,1.0,1.0,1.0,1.0,1.0,0.0115106835861797,152991.71429548055,0.9857820865345764,0.9857820865345764,0.01421791346542356,0.0,0.0,0.0,0.0,0.0
2011-06-28,155013.32188083505,-0.05183742601501895,1.0,1.0,1.0,1.0,1.0,0.0132138370673465,155013.32188083505,0.9859675095766792,0.9859675095766792,0.014032490423320776,0.0,0.0,0.0,0.0,0.0
2011-06-29,156886.3940295999,-0.04038049516363229,1.0,1.0,1.0,1.0,1.0,0.0120832979129676,156886.39402959993,0.9861350439709288,0.9861350439709288,0.01386495602907123,0.0,0.0,0.0,0.0,0.0
2011-06-30,157984.74006747204,-0.0336622944712065,1.0,1.0,1.0,1.0,1.0,0.0070009005220992,157984.74006747204,0.9862314363156154,0.9862314363156154,0.013768563684384616,0.0,0.0,0.0,0.0,0.0
2011-07-01,160606.67557052188,-0.017624826947573613,1.0,1.0,1.0,1.0,1.0,0.0165961313854115,160606.67557052188,0.986456210820298,0.986456210820298,0.013543789179702004,0.0,0.0,0.0,0.0,0.0
2011-07-05,160125.88481168184,-0.020565656793155584,1.0,1.0,1.0,1.0,1.0,-0.0029935913755274,160125.88481168184,0.9864155445115064,0.9864155445115064,0.01358445548849363,0.0,0.0,0.0,0.0,0.0
2011-07-06,159561.84423725758,-0.024015696805130826,1.0,1.0,1.0,1.0,1.0,-0.0035224821713716,159561.84423725758,0.9863675243591096,0.9863675243591096,0.013632475640890429,0.0,0.0,0.0,0.0,0.0
2011-07-07,161519.1196258116,-0.012043724023104496,1.0,1.0,1.0,1.0,1.0,0.0122665628359353,161519.1196258116,0.9865327215761251,0.9865327215761251,0.013467278423874851,0.0,0.0,0.0,0.0,0.0
2011-07-08,159794.25560779416,-0.02259411728772176,1.0,1.0,1.0,1.0,1.0,-0.0106790082933427,159794.25560779416,0.9863873519951876,0.9863873519951876,0.013612648004812433,0.0,0.0,0.0,0.0,0.0
2011-07-11,156025.29054909508,-0.04564756564916472,1.0,1.0,1.0,1.0,1.0,-0.023586361376780565,156025.29054909508,0.7943676773042,0.7943676773042,0.2056323226958,0.187356913330468,0.0,29.938558498616157,0.0,29.938558498616157
2011-07-12,155179.9048193187,-0.05081849612036082,1.0,1.0,1.0,1.0,1.0,-0.0054182608909186265,155179.9048193187,0.9934874859929296,0.9934874859929296,0.006512514007070425,0.1989561390496262,0.0,31.042189401744093,0.0,31.042189401744093
2011-07-13,155926.3411324585,-0.04625280481463834,1.0,1.0,1.0,1.0,1.0,0.004810135139655594,155926.3411324585,0.8040354887934831,0.8040354887934831,0.19596451120651692,0.1905851981791056,0.0,29.574992913404607,0.0,29.574992913404607
2011-07-14,154959.3842509254,-0.05216734373685905,1.0,1.0,1.0,1.0,1.0,-0.0062013696628185,154959.3842509254,0.8028126571878762,0.8028126571878762,0.1971873428121238,0.0,0.0,0.0,0.0,0.0
2011-07-15,155197.55763430093,-0.0507105199910286,1.0,1.0,1.0,1.0,1.0,0.0015370052257683,155197.55763430093,0.8031152700466885,0.8031152700466885,0.19688472995331152,0.0,0.0,0.0,0.0,0.0
2011-07-18,153959.43094549756,-0.05828371030739221,1.0,1.0,1.0,1.0,1.0,-0.0079777459624772,153959.43094549756,0.8015319423006971,0.8015319423006971,0.19846805769930287,0.0,0.0,0.0,0.0,0.0
2011-07-19,156040.50036225616,-0.045554532512259716,1.0,1.0,1.0,1.0,1.0,0.013516998627354608,156040.50036225616,1.0,1.0,0.0,0.1982697879113915,0.0,30.525503720522337,0.0,30.525503720522337
2011-07-20,156788.80572551844,-0.040977408877021726,1.0,1.0,1.0,1.0,1.0,0.004795584233100059,156788.80572551844,0.8077485916714143,0.8077485916714143,0.19225140832858567,0.1933667328840415,0.0,30.173041752640568,0.0,30.173041752640568
2011-07-21,158797.8033460063,-0.028689069192024852,1.0,1.0,1.0,1.0,1.0,0.01281339959949,158797.8033460063,0.8101808206678446,0.8101808206678446,0.18981917933215542,0.0,0.0,0.0,0.0,0.0
2011-07-22,159043.15879984022,-0.027188315219232262,1.0,1.0,1.0,1.0,1.0,0.0015450809058067,159043.15879984022,0.8104736542058784,0.8104736542058784,0.18952634579412164,0.0,0.0,0.0,0.0,0.0
2011-07-25,158287.61533132195,-0.03180971182679948,1.0,1.0,1.0,1.0,1.0,-0.0047505562277542,158287.61533132195,0.8095690010378009,0.8095690010378009,0.19043099896219906,0.0,0.0,0.0,0.0,0.0
2011-07-26,158266.9124817749,-0.03193634395671696,1.0,1.0,1.0,1.0,1.0,-0.00013079260499123692,158266.9124817749,1.0,1.0,0.0,0.1902407582039949,0.0,30.112755954932982,0.0,30.112755954932982
2011-07-27,154594.5694327851,-0.05439878909135365,1.0,1.0,1.0,1.0,1.0,-0.023203479434860987,154594.5694327851,0.7926588252361275,0.7926588252361275,0.20734117476387248,0.2027328709501891,0.0,32.08590554385255,0.0,32.08590554385255
2011-07-28,154496.3936649504,-0.05499929611619292,1.0,1.0,1.0,1.0,1.0,-0.0006350531470473,154496.3936649504,0.7925270688983044,0.7925270688983044,0.20747293110169562,0.0,0.0,0.0,0.0,0.0
2011-07-29,154100.5934623385,-0.05742026829031843,1.0,1.0,1.0,1.0,1.0,-0.0025618734083221,154100.5934623385,0.791994184330364,0.791994184330364,0.20800581566963605,0.0,0.0,0.0,0.0,0.0
2011-08-01,153627.70763021833,-0.06031274644860707,1.0,1.0,1.0,1.0,1.0,-0.0030686827447924,153627.70763021833,0.7913539156916785,0.7913539156916785,0.20864608430832154,0.0,0.0,0.0,0.0,0.0
2011-08-02,149966.00979633405,-0.08271007850500878,1.0,1.0,1.0,1.0,1.0,-0.023834879074665284,149966.00979633405,0.9864994831853436,0.9864994831853436,0.01350051681465636,0.195272078600787,0.0,29.999201799626732,0.0,29.999201799626732
2011-08-03,151166.8268704364,-0.07536509812492731,1.0,1.0,1.0,1.0,1.0,0.0080072616170369,151166.8268704364,0.9866067266291326,0.9866067266291326,0.013393273370867376,0.0,0.0,0.0,0.0,0.0
2011-08-04,143008.2447541656,-0.12526830725283622,1.0,1.0,1.0,1.0,1.0,-0.0539707175520951,143008.24475416561,0.9858426439652992,0.9858426439652992,0.014157356034700808,0.0,0.0,0.0,0.0,0.0
2011-08-05,141147.59570881433,-0.1366492503015837,1.0,1.0,1.0,1.0,1.0,-0.013010781640945164,141147.59570881433,0.7808386787493843,0.7808386787493843,0.21916132125061571,0.2023548599809631,0.0,28.93841334335249,0.0,28.93841334335249
2011-08-08,133873.76806848997,-0.181140724031015,1.0,0.0,0.0,1.0,1.0,-0.0515334859499145,133873.76806848997,0.7689308815819272,0.7689308815819272,0.23106911841807276,0.0,0.0,0.0,0.0,0.0
2011-08-09,138240.6192917512,-0.15443021395472745,1.0,0.0,0.0,0.0,1.0,0.03264569878043687,138244.17077545598,0.991665581898128,0.0,1.0,0.0,0.991665581898128,0.0,132.75800811253413,132.75800811253413
2011-08-10,130306.61948340856,-0.20295973121813737,0.0,0.0,0.0,0.0,0.0,-0.0,138244.17077545598,0.991158122861242,0.0,1.0,0.0,0.0,0.0,0.0,0.0
2011-08-11,136826.27716909186,-0.16308125278961527,0.5,0.5,0.5,0.0,0.0,0.0,138244.17077545598,0.7909622817395943,0.0,1.0,0.0,0.0,0.0,0.0,0.0
2011-08-12,136772.13001906773,-0.16341245207312138,0.5,0.0,0.0,0.5,0.0,-0.00039573648530406207,138189.4625131995,0.7914729706081242,0.3957364853040621,0.6042635146959379,0.0,0.3957364853040621,0.0,54.70826225645348,54.70826225645348
2011-08-15,138216.07306402634,-0.15458035469217402,0.5,0.5,0.5,0.0,0.5,0.010159397588905208,139593.3842054682,0.7957848869627852,0.0,1.0,0.0,0.3978924434813926,0.0,54.984542902757255,54.984542902757255
2011-08-16,137215.4418008148,-0.16070086809466633,0.5,0.5,0.5,0.5,0.0,-0.0005950840985689767,139510.3144022621,0.9930246147323366,0.4965123073661683,0.5034876926338316,0.0985717912028084,0.4965123073661683,13.759969921194827,69.30983328490905,83.06980320610387
2011-08-17,137295.5138711431,-0.16021109509073594,0.5,0.5,0.5,0.5,0.5,0.0005835499946468,139591.7256454847,0.9930327462141556,0.4965163731070778,0.5034836268929221,0.0,0.0,0.0,0.0,0.0
2011-08-18,133688.48869351868,-0.1822740135247667,0.0,0.0,0.0,0.5,0.5,-0.02627198133370745,135924.3744349865,0.9926463566526424,0.4963231783263212,0.5036768216736788,0.0,0.0,0.0,0.0,0.0
2011-08-19,132468.5294592103,-0.1897360798408979,0.0,0.0,0.0,0.0,0.5,-0.009125387280763982,134684.0118773717,0.588616823289363,0.0,1.0,0.0,0.2943084116446815,0.0,40.00368674375783,40.00368674375783
2011-08-22,132468.5294592103,-0.1897360798408979,0.0,0.0,0.0,0.0,0.0,-0.0,134684.0118773717,0.5869378073925112,0.0,1.0,0.0,0.0,0.0,0.0,0.0
2011-08-23,132468.5294592103,-0.1897360798408979,0.0,0.0,0.0,0.0,0.0,0.0,134684.0118773717,1.0,0.0,1.0,0.0,0.0,0.0,0.0,0.0
2011-08-24,132468.5294592103,-0.1897360798408979,0.0,0.0,0.0,0.0,0.0,0.0,134684.0118773717,1.0,0.0,1.0,0.0,0.0,0.0,0.0,0.0
2011-08-25,132468.5294592103,-0.1897360798408979,0.0,0.0,0.0,0.0,0.0,-0.0,134684.0118773717,1.0,0.0,1.0,0.0,0.0,0.0,0.0,0.0
2011-08-26,132468.5294592103,-0.1897360798408979,0.0,0.0,0.0,0.0,0.0,0.0,134684.0118773717,1.0,0.0,1.0,0.0,0.0,0.0,0.0,0.0
2011-08-29,132468.5294592103,-0.1897360798408979,0.5,0.0,0.0,0.0,0.0,0.0,134684.0118773717,1.0,0.0,1.0,0.0,0.0,0.0,0.0,0.0
2011-08-30,132402.29519448068,-0.19014121180097743,0.5,0.0,0.0,0.0,0.0,0.0,134684.0118773717,1.0,0.0,1.0,0.0,0.0,0.0,0.0,0.0
2011-08-31,132784.32029799998,-0.18780449711681513,0.5,0.0,0.0,0.0,0.0,0.0,134684.0118773717,1.0,0.0,1.0,0.0,0.0,0.0,0.0,0.0
2011-09-01,131627.4163938648,-0.19488087590986702,0.5,0.0,0.0,0.0,0.0,-0.0,134684.0118773717,1.0,0.0,1.0,0.0,0.0,0.0,0.0,0.0
2011-09-02,129419.19570917418,-0.20838779378582029,0.0,0.0,0.0,0.0,0.0,-0.0,134684.0118773717,1.0,0.0,1.0,0.0,0.0,0.0,0.0,0.0
2011-09-06,128729.03324905598,-0.2126092775055004,0.0,0.0,0.0,0.0,0.0,-0.0,134684.0118773717,1.0,0.0,1.0,0.0,0.0,0.0,0.0,0.0
2011-09-07,128729.03324905598,-0.2126092775055004,0.5,0.0,0.0,0.0,0.0,0.0,134684.0118773717,1.0,0.0,1.0,0.0,0.0,0.0,0.0,0.0
2011-09-08,128664.66873243146,-0.21300297286674763,0.0,0.0,0.0,0.0,0.0,-0.0,134684.0118773717,1.0,0.0,1.0,0.0,0.0,0.0,0.0,0.0
2011-09-09,126802.19442947794,-0.22439508038139622,0.0,0.0,0.0,0.0,0.0,-0.0,134684.0118773717,0.7955631043012079,0.0,1.0,0.0,0.0,0.0,0.0,0.0
2011-09-12,126802.19442947794,-0.22439508038139622,0.0,0.0,0.0,0.0,0.0,0.0,134684.0118773717,0.7967100708448865,0.0,1.0,0.0,0.0,0.0,0.0,0.0
2011-09-13,126802.19442947794,-0.22439508038139622,0.0,0.0,0.0,0.0,0.0,0.0,134684.0118773717,0.7987304362807863,0.0,1.0,0.0,0.0,0.0,0.0,0.0
2011-09-14,126802.19442947794,-0.22439508038139622,0.0,0.0,0.0,0.0,0.0,0.0,134684.0118773717,1.0,0.0,1.0,0.0,0.0,0.0,0.0,0.0
2011-09-15,126802.19442947794,-0.22439508038139622,0.5,0.0,0.0,0.0,0.0,0.0,134684.0118773717,1.0,0.0,1.0,0.0,0.0,0.0,0.0,0.0
2011-09-16,126738.79333226322,-0.2247828828412054,0.5,0.0,0.0,0.0,0.0,0.0,134684.0118773717,1.0,0.0,1.0,0.0,0.0,0.0,0.0,0.0
2011-09-19,125583.91690605816,-0.231846860256946,0.0,0.0,0.0,0.0,0.0,-0.0,134684.0118773717,1.0,0.0,1.0,0.0,0.0,0.0,0.0,0.0
2011-09-20,125139.40425871724,-0.23456578951255957,0.0,0.0,0.0,0.0,0.0,-0.0,134684.0118773717,1.0,0.0,1.0,0.0,0.0,0.0,0.0,0.0
2011-09-21,125139.40425871724,-0.23456578951255957,0.0,0.0,0.0,0.0,0.0,-0.0,134684.0118773717,1.0,0.0,1.0,0.0,0.0,0.0,0.0,0.0
2011-09-22,125139.40425871724,-0.23456578951255957,0.0,0.0,0.0,0.0,0.0,-0.0,134684.0118773717,1.0,0.0,1.0,0.0,0.0,0.0,0.0,0.0
2011-09-23,125139.40425871724,-0.23456578951255957,0.0,0.0,0.0,0.0,0.0,0.0,134684.0118773717,1.0,0.0,1.0,0.0,0.0,0.0,0.0,0.0
2011-09-26,125139.40425871724,-0.23456578951255957,0.0,0.0,0.0,0.0,0.0,0.0,134684.0118773717,1.0,0.0,1.0,0.0,0.0,0.0,0.0,0.0
2011-09-27,125139.40425871724,-0.23456578951255957,0.5,0.0,0.0,0.0,0.0,0.0,134684.0118773717,1.0,0.0,1.0,0.0,0.0,0.0,0.0,0.0
2011-09-28,125076.83455658788,-0.2349485066178033,0.0,0.0,0.0,0.0,0.0,-0.0,134684.0118773717,1.0,0.0,1.0,0.0,0.0,0.0,0.0,0.0
2011-09-29,126195.91215956188,-0.22810349815239894,0.0,0.0,0.0,0.0,0.0,0.0,134684.0118773717,1.0,0.0,1.0,0.0,0.0,0.0,0.0,0.0
2011-09-30,126195.91215956188,-0.22810349815239894,0.0,0.0,0.0,0.0,0.0,-0.0,134684.0118773717,1.0,0.0,1.0,0.0,0.0,0.0,0.0,0.0
2011-10-03,126195.91215956188,-0.22810349815239894,0.0,0.0,0.0,0.0,0.0,-0.0,134684.0118773717,1.0,0.0,1.0,0.0,0.0,0.0,0.0,0.0
2011-10-04,126195.91215956188,-0.22810349815239894,0.0,0.0,0.0,0.0,0.0,0.0,134684.0118773717,1.0,0.0,1.0,0.0,0.0,0.0,0.0,0.0
2011-10-05,126195.91215956188,-0.22810349815239894,0.5,0.0,0.0,0.0,0.0,0.0,134684.0118773717,1.0,0.0,1.0,0.0,0.0,0.0,0.0,0.0
2011-10-06,126132.5009129178,-0.2284913626927374,0.5,0.0,0.0,0.0,0.0,0.0,134684.0118773717,0.8035147636280188,0.0,1.0,0.0,0.0,0.0,0.0,0.0
2011-10-07,125260.83388778384,-0.23382304670660692,0.5,0.0,0.0,0.0,0.0,-0.0,134684.0118773717,0.8007609916430319,0.0,1.0,0.0,0.0,0.0,0.0,0.0
2011-10-10,127306.16496238847,-0.2213124679200983,1.0,0.0,0.0,0.0,0.0,0.0,134684.0118773717,0.8070618037333595,0.0,1.0,0.0,0.0,0.0,0.0,0.0
2011-10-11,127382.02532802075,-0.2208484564488995,1.0,0.0,0.0,0.0,0.0,0.0,134684.0118773717,0.8074467610040272,0.0,1.0,0.0,0.0,0.0,0.0,0.0
2011-10-12,128929.91334240026,-0.21138056384362514,1.0,0.0,0.0,0.0,0.0,0.0,134684.0118773717,1.0,0.0,1.0,0.0,0.0,0.0,0.0,0.0
2011-10-13,127894.50244294686,-0.21771381218412933,1.0,0.0,0.0,0.0,0.0,-0.0,134684.0118773717,1.0,0.0,1.0,0.0,0.0,0.0,0.0,0.0
2011-10-14,130247.91904166542,-0.20331878140338555,1.0,0.0,0.0,0.0,0.0,0.0,134684.0118773717,0.8081050507088879,0.0,1.0,0.0,0.0,0.0,0.0,0.0
2011-10-17,127384.58032422204,-0.2208328284258022,1.0,0.0,0.0,0.0,0.0,-0.0,134684.0118773717,0.8037916539336379,0.0,1.0,0.0,0.0,0.0,0.0,0.0
2011-10-18,130497.34924363565,-0.20179310361350178,1.0,0.0,0.0,0.0,0.0,0.0,134684.0118773717,0.8084718351396535,0.0,1.0,0.0,0.0,0.0,0.0,0.0
2011-10-19,128958.22879904076,-0.21120736804389595,1.0,0.0,0.0,0.0,0.0,-0.0,134684.0118773717,1.0,0.0,1.0,0.0,0.0,0.0,0.0,0.0
2011-10-20,129986.72812211116,-0.20491639541217666,1.0,0.0,0.0,0.0,0.0,0.0,134684.0118773717,1.0,0.0,1.0,0.0,0.0,0.0,0.0,0.0
2011-10-21,132898.39303519024,-0.1871067538596325,1.0,0.5,0.5,0.0,0.0,0.0,134684.0118773717,1.0,0.0,1.0,0.0,0.0,0.0,0.0,0.0
2011-10-24,135790.30774006183,-0.16941791746127466,1.0,0.5,0.5,0.5,0.0,-0.0005,134616.66987143303,1.0,0.5,0.5,0.0,0.5,0.0,67.34200593868584,67.34200593868584
2011-10-25,132447.71999302562,-0.18986336410770488,1.0,0.5,0.5,0.5,0.5,-0.0123079025398293,132959.82101841905,1.0,0.5,0.5,0.0,0.0,0.0,0.0,0.0
2011-10-26,134296.27920583103,-0.17855637035961514,1.0,0.5,0.5,0.5,0.5,0.0069784486018436,133887.6742955064,1.0,0.5,0.5,0.0,0.0,0.0,0.0,0.0
2011-10-27,140870.8292247846,-0.1383421346208562,1.0,1.0,1.0,0.5,0.5,0.02447778172944395,137164.9475631747,1.0,0.5,0.5,0.0,0.0,0.0,0.0,0.0
2011-10-28,140934.60923419555,-0.13795201448693395,1.0,1.0,1.0,1.0,0.5,-0.0002736223682293,137127.4161653844,1.0,1.0,0.0,0.0,0.5,0.0,68.58247378158735,68.58247378158735
2011-10-31,136506.2940066213,-0.16503847849950093,1.0,1.0,1.0,1.0,1.0,-0.0314210629428546,132818.72699086086,1.0,1.0,0.0,0.0,0.0,0.0,0.0,0.0
2011-11-01,131926.0402830312,-0.19305429744570712,1.0,0.0,0.0,1.0,1.0,-0.0335534251876175,128362.20377125843,1.0,1.0,0.0,0.0,0.0,0.0,0.0,0.0
2011-11-02,134955.42980387603,-0.17452457541384558,1.0,0.0,0.0,0.0,1.0,0.021962786682186698,131181.39547074196,1.0,0.0,1.0,0.0,1.0,0.0,128.36220377125844,128.36220377125844
2011-11-03,137802.1494394958,-0.15711218153457773,1.0,0.0,0.0,0.0,0.0,0.0,131181.39547074196,1.0,0.0,1.0,0.0,0.0,0.0,0.0,0.0
2011-11-04,136854.38096920578,-0.16290935161924192,1.0,0.0,0.0,0.0,0.0,-0.0,131181.39547074196,1.0,0.0,1.0,0.0,0.0,0.0,0.0,0.0
2011-11-07,137409.64403181136,-0.15951300059411122,1.0,0.0,0.0,0.0,0.0,0.0,131181.39547074196,1.0,0.0,1.0,0.0,0.0,0.0,0.0,0.0
2011-11-08,139313.05878460634,-0.14787047458748548,1.0,0.5,0.5,0.0,0.0,0.0,131181.39547074196,1.0,0.0,1.0,0.0,0.0,0.0,0.0,0.0
2011-11-09,133009.49885014183,-0.18642715823384381,1.0,0.0,0.0,0.5,0.0,-0.0005,131115.8047730066,1.0,0.5,0.5,0.0,0.5,0.0,65.59069773537098,65.59069773537098
2011-11-10,134229.93375528316,-0.17896218240467288,1.0,0.0,0.0,0.0,0.5,0.0040877734887054505,131651.77648370797,1.0,0.0,1.0,0.0,0.5,0.0,65.5579023865033,65.5579023865033
2011-11-11,137350.3974120983,-0.1598753915600324,1.0,0.0,0.0,0.0,0.0,0.0,131651.77648370797,1.0,0.0,1.0,0.0,0.0,0.0,0.0,0.0
2011-11-14,135685.48195360476,-0.17005910033705074,1.0,0.0,0.0,0.0,0.0,-0.0,131651.77648370797,1.0,0.0,1.0,0.0,0.0,0.0,0.0,0.0
2011-11-15,136505.83519609962,-0.1650412848838808,1.0,0.0,0.0,0.0,0.0,0.0,131651.77648370797,1.0,0.0,1.0,0.0,0.0,0.0,0.0,0.0
2011-11-16,133927.13837563165,-0.18081427642522319,1.0,0.0,0.0,0.0,0.0,-0.0,131651.77648370797,1.0,0.0,1.0,0.0,0.0,0.0,0.0,0.0
2011-11-17,131292.57781130722,-0.19692896705748697,1.0,0.0,0.0,0.0,0.0,-0.0,131651.77648370797,0.387929098960228,0.0,1.0,0.0,0.0,0.0,0.0,0.0
2011-11-18,131513.28724058566,-0.19557896424464305,1.0,0.0,0.0,0.0,0.0,0.0,131651.77648370797,0.3889562941743459,0.0,1.0,0.0,0.0,0.0,0.0,0.0
2011-11-21,130434.5118662798,-0.20217745799500442,1.0,0.0,0.0,0.0,0.0,-0.0,131651.77648370797,0.3839025787654587,0.0,1.0,0.0,0.0,0.0,0.0,0.0
2011-11-22,130017.44057178452,-0.20472853803977564,1.0,0.0,0.0,0.0,0.0,-0.0,131651.77648370797,0.3819262550670419,0.0,1.0,0.0,0.0,0.0,0.0,0.0
2011-11-23,128629.53980024606,-0.21321784432655588,1.0,0.0,0.0,0.0,0.0,-0.0,131651.77648370797,0.7757774488818086,0.0,1.0,0.0,0.0,0.0,0.0,0.0
2011-11-25,128499.8590897942,-0.21401105612749227,1.0,0.0,0.0,0.0,0.0,-0.0,131651.77648370797,0.7755511658342293,0.0,1.0,0.0,0.0,0.0,0.0,0.0
2011-11-28,131982.7523930515,-0.19270740919403628,1.0,0.0,0.0,0.0,0.0,0.0,131651.77648370797,0.7814741468849036,0.0,1.0,0.0,0.0,0.0,0.0,0.0
2011-11-29,131952.40962441967,-0.19289300535608667,1.0,0.0,0.0,0.0,0.0,-0.0,131651.77648370797,0.7814238963482137,0.0,1.0,0.0,0.0,0.0,0.0,0.0
2011-11-30,137897.02592391247,-0.15653185507886636,1.0,0.5,0.5,0.0,0.0,0.0,131651.77648370797,0.7908465148546127,0.0,1.0,0.0,0.0,0.0,0.0,0.0
2011-12-01,137161.14820729842,-0.16103296312207926,1.0,0.5,0.5,0.5,0.0,-0.0005944684753196284,131573.5136528686,0.9899644419788016,0.4949822209894008,0.5050177790105992,0.0994862543302275,0.4949822209894008,13.097542118284439,65.16528872110595,78.26283083939039
2011-12-02,137300.83022798848,-0.16017857678502156,1.0,0.5,0.5,0.5,0.5,0.00050918945530755,131640.5094986184,0.9899746515822018,0.4949873257911009,0.5050126742088992,0.0,0.0,0.0,0.0,0.0
2011-12-05,139076.2532795131,-0.14931893149763176,1.0,0.5,0.5,0.5,0.5,0.00646544907476705,132491.62450895814,0.9901026334213786,0.4950513167106893,0.5049486832893106,0.0,0.0,0.0,0.0,0.0
2011-12-06,139347.44228697097,-0.14766016266261928,1.0,0.5,0.5,0.5,0.5,0.0009749651758047,132620.79922894016,0.9901218950380604,0.4950609475190302,0.5049390524809698,0.0,0.0,0.0,0.0,0.0
2011-12-07,140446.46890360097,-0.14093779910664717,1.0,0.5,0.5,0.5,0.5,0.00394347610043205,133143.78618111965,0.9901991935302172,0.4950995967651086,0.5049004032348914,0.0,0.0,0.0,0.0,0.0
2011-12-08,135974.05991707672,-0.16829396930623985,1.0,0.5,0.5,0.5,0.5,-0.015922112607879,131023.85582450451,0.9898768289927652,0.4949384144963826,0.5050615855036173,0.0,0.0,0.0,0.0,0.0
2011-12-09,138542.02556888893,-0.15258661659110329,1.0,0.5,0.5,0.5,0.5,0.009442851281260099,132261.09460935259,0.7983449504171887,0.39917247520859434,0.6008275247914057,0.0977679058369508,0.0,12.80992799864438,0.0,12.80992799864438
2011-12-12,136090.51725237787,-0.167581640291812,1.0,0.5,0.5,0.5,0.5,-0.0088475258913118,131090.9111503831,0.7947123752672103,0.39735618763360514,0.6026438123663949,0.0,0.0,0.0,0.0,0.0
2011-12-13,134844.38383315943,-0.1752038049932637,1.0,0.0,0.0,0.5,0.5,-0.00457832567756175,130490.73426576832,0.7928152568076975,0.39640762840384874,0.6035923715961513,0.0,0.0,0.0,0.0,0.0
2011-12-14,134088.98357957182,-0.17982432560491235,1.0,0.0,0.0,0.0,0.5,-0.003196831505969173,130073.57737523047,0.791648066160346,0.0,1.0,0.0,0.395824033080173,0.0,51.651368716669545,51.651368716669545
2011-12-15,134685.93326805468,-0.17617299198852454,1.0,0.0,0.0,0.0,0.0,0.0,130073.57737523047,0.9928115634046414,0.0,1.0,0.0,0.0,0.0,0.0,0.0
2011-12-16,134957.45546287124,-0.17451218516232658,1.0,0.5,0.5,0.0,0.0,0.0,130073.57737523047,0.992826025888948,0.0,1.0,0.0,0.0,0.0,0.0,0.0
2011-12-19,132937.71677971675,-0.18686622419175247,1.0,0.0,0.0,0.5,0.0,-0.0004963585154197118,130009.01424746915,0.9927170308394236,0.4963585154197118,0.5036414845802881,0.0,0.4963585154197118,0.0,64.56312776130041,64.56312776130041
2011-12-20,137543.39800049053,-0.1586948740893387,1.0,0.5,0.5,0.0,0.5,0.016826222737309396,132196.57487905512,0.9929609032083048,0.0,1.0,0.0,0.4964804516041524,0.0,64.54693410619417,64.54693410619417
2011-12-21,137858.26963269408,-0.15676891383222946,1.0,0.5,0.5,0.5,0.0,-0.0004964884903380708,132130.94080116553,0.9929769806761416,0.4964884903380708,0.5035115096619291,0.0,0.4964884903380708,0.0,65.63407788956582,65.63407788956582
2011-12-22,139524.95781155556,-0.14657436194129925,1.0,0.5,0.5,0.5,0.5,0.0060449336238666,132929.66356796763,0.9930608737908256,0.4965304368954128,0.5034695631045871,0.0,0.0,0.0,0.0,0.0
2011-12-23,140451.2452261084,-0.14090858400314576,1.0,0.5,0.5,0.5,0.5,0.00331943269892945,133370.91463987282,0.9931066378939862,0.4965533189469931,0.5034466810530069,0.0,0.0,0.0,0.0,0.0
2011-12-27,139961.20576579278,-0.14390598493881668,1.0,0.5,0.5,0.5,0.5,-0.0017445180337373,133138.24667410753,0.993082502495697,0.4965412512478485,0.5034587487521516,0.0,0.0,0.0,0.0,0.0
2011-12-28,137593.16711581947,-0.158390453721317,1.0,0.5,0.5,0.5,0.5,-0.00845962506902065,132011.9470248978,0.9929634493348848,0.4964817246674424,0.5035182753325576,0.0,0.0,0.0,0.0,0.0
2011-12-29,139383.4343639401,-0.14744001164638376,1.0,0.5,0.5,0.5,0.5,0.00650565462532625,132870.7711586586,0.9930538281252554,0.4965269140626277,0.5034730859373723,0.0,0.0,0.0,0.0,0.0
2011-12-30,139320.49417065282,-0.14782499491717804,1.0,0.5,0.5,0.5,0.5,-0.0002257807521191,132840.77149601176,0.9930506900844164,0.4965253450422082,0.5034746549577918,0.0,0.0,0.0,0.0,0.0
2012-01-03,142762.08937191035,-0.12677395410955472,1.0,1.0,1.0,0.5,0.5,0.01235136015610855,134481.5357081743,0.993218218535161,0.4966091092675805,0.5033908907324195,0.0,0.0,0.0,0.0,0.0
2012-01-04,142434.03679185847,-0.12878053764012076,1.0,1.0,1.0,1.0,0.5,-0.0016455498105075006,134260.239642573,0.9932025988072012,0.9932025988072012,0.006797401192798813,0.0,0.4966012994036006,0.0,66.78370537847108,66.78370537847108
2012-01-05,142447.72846420083,-0.12869679044257165,1.0,1.0,1.0,1.0,1.0,9.612640806057484e-05,134273.14559715518,0.9932032521541584,0.9932032521541584,0.006796747845841611,0.0,0.0,0.0,0.0,0.0
2012-01-06,141543.97019707577,-0.134224765421885,1.0,1.0,1.0,1.0,1.0,-0.0063444905501054,133421.2508937811,0.9931598549183264,0.9931598549183264,0.006840145081673632,0.0,0.0,0.0,0.0,0.0
2012-01-09,142199.8608657217,-0.13021291033039717,1.0,1.0,1.0,1.0,1.0,0.004633829810855,134039.50226357425,0.9931914047897814,0.9931914047897814,0.006808595210218593,0.0,0.0,0.0,0.0,0.0
2012-01-10,144479.55890716563,-0.11626879032408166,1.0,1.0,1.0,1.0,1.0,0.0160316474823883,136188.37631257868,0.993298835496818,0.993298835496818,0.006701164503182033,0.0,0.0,0.0,0.0,0.0
2012-01-11,145062.54102751936,-0.11270289146380985,1.0,1.0,1.0,1.0,1.0,0.00403504914303,136737.90310370942,0.9933257663575572,0.9933257663575572,0.006674233642442795,0.0,0.0,0.0,0.0,0.0
2012-01-12,145886.47675613343,-0.1076631631890912,1.0,1.0,1.0,1.0,1.0,0.0056798655447364,137514.55600820767,0.9933634610067216,0.9933634610067216,0.006636538993278429,0.0,0.0,0.0,0.0,0.0
2012-01-13,144784.4989186488,-0.11440357833655213,1.0,1.0,1.0,1.0,1.0,-0.0075536668098903,136475.81687061166,0.993312949253441,0.993312949253441,0.0066870507465589535,0.0,0.0,0.0,0.0,0.0
2012-01-17,145753.87485925198,-0.10847424287138496,1.0,1.0,1.0,1.0,1.0,0.0066953019683955,137389.56367594385,0.9933574233102274,0.9933574233102274,0.006642576689772639,0.0,0.0,0.0,0.0,0.0
2012-01-18,147877.03728210536,-0.09548759679855001,1.0,1.0,1.0,1.0,1.0,0.014566764862365543,139390.8851445543,0.7998680704526846,0.7998680704526846,0.2001319295473154,0.1966012288455556,0.0,27.010957049245274,0.0,27.010957049245274
2012-01-19,148777.92017081543,-0.08997720950890131,1.0,1.0,1.0,1.0,1.0,0.0060921080464403,140240.06947754388,0.8010799131145978,0.8010799131145978,0.1989200868854022,0.0,0.0,0.0,0.0,0.0
2012-01-20,149104.99398985162,-0.08797661271904056,1.0,1.0,1.0,1.0,1.0,0.0021984029529428,140548.3736604042,0.8015162603539467,0.8015162603539467,0.19848373964605326,0.0,0.0,0.0,0.0,0.0
2012-01-23,149488.81435227348,-0.08562891706058928,1.0,1.0,1.0,1.0,1.0,0.0025741616840009,140910.16789862947,0.8020258777538566,0.8020258777538566,0.1979741222461434,0.0,0.0,0.0,0.0,0.0
2012-01-24,149305.37751080617,-0.086750936417758,1.0,1.0,1.0,1.0,1.0,-0.001227094095716343,140737.25786357466,1.0,1.0,0.0,0.1977763459002432,0.0,27.86869810718069,0.0,27.86869810718069
2012-01-25,150590.09090202357,-0.07889279144628203,1.0,1.0,1.0,1.0,1.0,0.0086046022764615,141948.24599297054,1.0,1.0,0.0,0.0,0.0,0.0,0.0,0.0
2012-01-26,149674.42025020637,-0.08449363033945101,1.0,1.0,1.0,1.0,1.0,-0.0060805504952711,141085.1225154951,1.0,1.0,0.0,0.0,0.0,0.0,0.0,0.0
2012-01-27,149949.98461980623,-0.08280809893603258,1.0,1.0,1.0,1.0,1.0,0.0018410919456992,141344.87319821637,1.0,1.0,0.0,0.0,0.0,0.0,0.0,0.0
2012-01-30,148691.29368542103,-0.09050707359006704,1.0,1.0,1.0,1.0,1.0,-0.0083940717805111,140158.4141867833,1.0,1.0,0.0,0.0,0.0,0.0,0.0,0.0
2012-01-31,149076.03451151284,-0.08815374777549767,1.0,1.0,1.0,1.0,1.0,0.0025875141479757,140521.07606644946,1.0,1.0,0.0,0.0,0.0,0.0,0.0,0.0
2012-02-01,151097.6071905568,-0.07578849083110717,1.0,1.0,1.0,1.0,1.0,0.0135606818739723,142426.6376755748,1.0,1.0,0.0,0.0,0.0,0.0,0.0,0.0
2012-02-02,151509.64660696287,-0.07326818903444499,1.0,1.0,1.0,1.0,1.0,0.0027269751259955,142815.0315737953,1.0,1.0,0.0,0.0,0.0,0.0,0.0,0.0
2012-02-03,154016.1514811568,-0.057936770519018355,1.0,1.0,1.0,1.0,1.0,0.016543533235848392,145177.6967952151,0.7921078228179912,0.7921078228179912,0.2078921771820088,0.2115429913160083,0.0,30.211518984010844,0.0,30.211518984010844
2012-02-06,153912.7107886119,-0.05856948125708994,1.0,1.0,1.0,1.0,1.0,-0.0006716223691484,145080.192206546,0.7919681039431029,0.7919681039431029,0.2080318960568971,0.0,0.0,0.0,0.0,0.0
2012-02-07,154337.05883023384,-0.05597389188110691,1.0,1.0,1.0,1.0,1.0,0.0027570695067852,145480.18838051718,0.7925400853476711,0.7925400853476711,0.20745991465232894,0.0,0.0,0.0,0.0,0.0
2012-02-08,154582.46174803236,-0.054472847587751616,1.0,1.0,1.0,1.0,1.0,0.0015900453180752,145711.50847292432,0.792869432337014,0.792869432337014,0.207130567662986,0.0,0.0,0.0,0.0,0.0
2012-02-09,154377.91762531435,-0.05572397284290165,1.0,1.0,1.0,1.0,1.0,-0.0013232039417992,145518.70243054745,0.7925949932144863,0.7925949932144863,0.20740500678551366,0.0,0.0,0.0,0.0,0.0
2012-02-10,153067.87417541913,-0.06373705297313514,1.0,1.0,1.0,1.0,1.0,-0.008485951035269,144283.83784700595,0.7908199011379907,0.7908199011379907,0.20918009886200928,0.0,0.0,0.0,0.0,0.0
2012-02-13,154153.28631926747,-0.057097964411850444,1.0,1.0,1.0,1.0,1.0,0.0070910512718328,145306.96193887587,0.7922927637994197,0.7922927637994197,0.2077072362005803,0.0,0.0,0.0,0.0,0.0
2012-02-14,153766.36151069385,-0.05946464888763914,1.0,1.0,1.0,1.0,1.0,-0.00251000038865387,144942.24140793516,0.9920101546958748,0.9920101546958748,0.007989845304125165,0.19953790750377,0.0,28.994247131013243,0.0,28.994247131013243
2012-02-15,153520.2299565942,-0.060970149995817735,1.0,1.0,1.0,1.0,1.0,-0.001600685297366,144710.2344931462,0.9919973449636182,0.9919973449636182,0.008002655036381756,0.0,0.0,0.0,0.0,0.0
2012-02-16,155543.4565438975,-0.0485947766698589,1.0,1.0,1.0,1.0,1.0,0.0131788923705712,146617.35509845152,0.9921014392456818,0.9921014392456818,0.007898560754318162,0.0,0.0,0.0,0.0,0.0
2012-02-17,155910.26063459198,-0.046351163627049274,1.0,1.0,1.0,1.0,1.0,0.0023582097173658,146963.10956997913,0.9921200218866414,0.9921200218866414,0.00787997811335861,0.0,0.0,0.0,0.0,0.0
2012-02-21,156077.09926864217,-0.045330669731545425,1.0,1.0,1.0,1.0,1.0,0.0010700939974773,147120.37391138056,0.9921284451901942,0.9921284451901942,0.007871554809805836,0.0,0.0,0.0,0.0,0.0
2012-02-22,155588.7565497518,-0.048317692290070324,1.0,1.0,1.0,1.0,1.0,-0.0031288556820872,146660.05549351714,0.9921037389288744,0.9921037389288744,0.007896261071125621,0.0,0.0,0.0,0.0,0.0
2012-02-23,156277.83098946672,-0.04410286361276716,1.0,1.0,1.0,1.0,1.0,0.004428818990494157,147309.58633243374,0.5892680391329437,0.5892680391329437,0.4107319608670563,0.4050598171213431,0.0,59.40609525721009,0.0,59.40609525721009
2012-02-24,156531.0608595503,-0.04255394457461559,1.0,1.0,1.0,1.0,1.0,0.0016203825486974,147548.28421538265,0.5899325053450706,0.5899325053450706,0.4100674946549294,0.0,0.0,0.0,0.0,0.0
2012-02-27,156497.46898387198,-0.042759414394381356,1.0,1.0,1.0,1.0,1.0,-0.0002146019805518,147516.620061363,0.5898444851592515,0.5898444851592515,0.4101555148407485,0.0,0.0,0.0,0.0,0.0
2012-02-28,156608.96788378787,-0.04207741440458679,1.0,1.0,1.0,1.0,1.0,0.00071246455703,147621.72042472957,0.5901364983773777,0.5901364983773777,0.4098635016226223,0.0,0.0,0.0,0.0,0.0
2012-02-29,155417.877653502,-0.04936289906418534,1.0,1.0,1.0,1.0,1.0,-0.007605504629656546,146498.98274660142,0.9875155419432272,0.9875155419432272,0.012484458056772785,0.3970769172521466,0.0,58.61717766570988,0.0,58.61717766570988
2012-03-01,156787.4691706376,-0.040985584118353846,1.0,1.0,1.0,1.0,1.0,0.008812316432405877,147789.97813959006,0.7991770731205311,0.7991770731205311,0.2008229268794689,0.1902984824837235,0.0,27.87853410208745,0.0,27.87853410208745
2012-03-02,156260.2246460096,-0.04421055549194386,1.0,1.0,1.0,1.0,1.0,-0.0033627975973908,147292.9903561838,0.7984994676143516,0.7984994676143516,0.20150053238564836,0.0,0.0,0.0,0.0,0.0
2012-03-05,155025.66825269812,-0.05176190755258603,1.0,1.0,1.0,1.0,1.0,-0.0079006439169547,146129.28088791616,0.7968948057972719,0.7968948057972719,0.2031051942027281,0.0,0.0,0.0,0.0,0.0
2012-03-06,152777.56684018625,-0.06551276196950606,1.0,1.0,1.0,1.0,1.0,-0.0145014786122216,144010.19024650072,0.7939061400957603,0.7939061400957603,0.20609385990423967,0.0,0.0,0.0,0.0,0.0
2012-03-07,153502.16886544344,-0.061080623408468315,1.0,1.0,1.0,1.0,1.0,0.0047428561682432546,144693.20986560118,0.9951190475078284,0.9951190475078284,0.004880952492171575,0.2009887689874461,0.0,28.9444308592921,0.0,28.9444308592921
2012-03-08,155585.4898247875,-0.04833767371046083,1.0,1.0,1.0,1.0,1.0,0.0135719317501648,146656.9762346094,0.995184404442077,0.995184404442077,0.004815595557922991,0.0,0.0,0.0,0.0,0.0
2012-03-09,155761.91064297032,-0.04725856892744518,1.0,1.0,1.0,1.0,1.0,0.0011339156265888,146823.2728717101,0.995189858736422,0.995189858736422,0.004810141263578038,0.0,0.0,0.0,0.0,0.0
2012-03-12,155000.16449324714,-0.05191790517855732,1.0,1.0,1.0,1.0,1.0,-0.0048904520147368,146105.24070108437,0.9951662193641726,0.9951662193641726,0.0048337806358274005,0.0,0.0,0.0,0.0,0.0
2012-03-13,157344.974371707,-0.03757551871208942,1.0,1.0,1.0,1.0,1.0,0.01512778961316534,148315.49004379127,0.7998579702665781,0.7998579702665781,0.20014202973342188,0.1985344901062596,0.0,29.006929464442123,0.0,29.006929464442123
2012-03-14,156853.98513649337,-0.04057872909046545,1.0,1.0,1.0,1.0,1.0,-0.0031204634096144517,147852.6769840306,1.0,1.0,0.0,0.5929822046853517,0.0,87.94844627515566,0.0,87.94844627515566
2012-03-15,157696.6529764741,-0.03542442300582638,1.0,1.0,1.0,1.0,1.0,0.0053723074950724,148646.98702875842,1.0,1.0,0.0,0.0,0.0,0.0,0.0,0.0
2012-03-16,158206.3191814416,-0.03230697209959643,1.0,1.0,1.0,1.0,1.0,0.0032319405348666,149127.40525152246,1.0,1.0,0.0,0.0,0.0,0.0,0.0,0.0
2012-03-19,159101.91262602605,-0.02682893849991619,1.0,1.0,1.0,1.0,1.0,0.0056609208103586,149971.6036833056,1.0,1.0,0.0,0.0,0.0,0.0,0.0,0.0
2012-03-20,158137.2035247876,-0.03272972853188616,1.0,1.0,1.0,1.0,1.0,-0.0060634663990874,149062.25590355461,1.0,1.0,0.0,0.0,0.0,0.0,0.0,0.0
2012-03-21,157805.62324497887,-0.034757889774877815,1.0,1.0,1.0,1.0,1.0,-0.0020967885634625,148749.70387013213,1.0,1.0,0.0,0.0,0.0,0.0,0.0,0.0
2012-03-22,155497.9570764867,-0.048873081086613146,1.0,1.0,1.0,1.0,1.0,-0.0146234723518674,146574.46668823878,1.0,1.0,0.0,0.0,0.0,0.0,0.0,0.0
2012-03-23,156857.80482008492,-0.04055536541447935,1.0,1.0,1.0,1.0,1.0,0.0087451164578922,147856.27746918087,1.0,1.0,0.0,0.0,0.0,0.0,0.0,0.0
2012-03-26,158820.78873049945,-0.02854847558974183,1.0,1.0,1.0,1.0,1.0,0.0125144165613314,149706.612516638,1.0,1.0,0.0,0.0,0.0,0.0,0.0,0.0
2012-03-27,158255.8581197499,-0.03200395964435088,1.0,1.0,1.0,1.0,1.0,-0.0035570318927718,149174.1013213575,1.0,1.0,0.0,0.0,0.0,0.0,0.0,0.0
2012-03-28,156268.8618914365,-0.044157724465830994,1.0,1.0,1.0,1.0,1.0,-0.0125555935301293,147301.13193994423,1.0,1.0,0.0,0.0,0.0,0.0,0.0,0.0
2012-03-29,156388.72960460145,-0.04342453535619095,1.0,1.0,1.0,1.0,1.0,0.0007670607676673,147414.12085928835,1.0,1.0,0.0,0.0,0.0,0.0,0.0,0.0
2012-03-30,157110.78815419678,-0.039007954351117924,1.0,1.0,1.0,1.0,1.0,0.0046170753571624,148094.74296400553,1.0,1.0,0.0,0.0,0.0,0.0,0.0,0.0
2012-04-02,158817.57277737928,-0.02856814645642125,1.0,1.0,1.0,1.0,1.0,0.0108635736809324,149703.58111595374,1.0,1.0,0.0,0.0,0.0,0.0,0.0,0.0
2012-04-03,157772.37998499608,-0.034961227233687775,1.0,1.0,1.0,1.0,1.0,-0.0065810903296468,148718.36832595803,1.0,1.0,0.0,0.0,0.0,0.0,0.0,0.0
2012-04-04,155755.22758712323,-0.04729944685559473,1.0,1.0,1.0,1.0,1.0,-0.0127852061182362,146816.9733333429,1.0,1.0,0.0,0.0,0.0,0.0,0.0,0.0
2012-04-05,155274.8033327795,-0.05023803492064849,1.0,1.0,1.0,1.0,1.0,-0.0030844823752383,146364.11896671038,1.0,1.0,0.0,0.0,0.0,0.0,0.0,0.0
2012-04-09,153192.1763538296,-0.06297673978196172,1.0,1.0,1.0,1.0,1.0,-0.013412523695080576,144401.00675295977,0.6086697404408675,0.6086697404408675,0.3913302595591325,0.386468001181375,0.0,56.565048501737536,0.0,56.565048501737536
2012-04-10,151148.6860373357,-0.07547605929135026,1.0,1.0,1.0,1.0,1.0,-0.0133393908561886,142474.7852838549,0.603379058682889,0.603379058682889,0.396620941317111,0.0,0.0,0.0,0.0,0.0
2012-04-11,152227.12493641567,-0.06887962364291444,1.0,1.0,1.0,1.0,1.0,0.0071349538481173,143491.33630137565,0.6061888828287813,0.6061888828287813,0.39381111717121875,0.0,0.0,0.0,0.0,0.0
2012-04-12,154218.5586885461,-0.05669871603168286,1.0,1.0,1.0,1.0,1.0,0.013081990170689152,145368.48855244927,1.0,1.0,0.0,0.3934176994717471,0.0,56.452031421814,0.0,56.452031421814
2012-04-13,152595.85867661118,-0.066624207605268,1.0,1.0,1.0,1.0,1.0,-0.0105220799995418,143838.90968648792,1.0,1.0,0.0,0.0,0.0,0.0,0.0,0.0
2012-04-16,152550.93786948506,-0.06689897255832744,1.0,1.0,1.0,1.0,1.0,-0.0002943776293518,143796.56672924588,1.0,1.0,0.0,0.0,0.0,0.0,0.0,0.0
2012-04-17,154602.48041974683,-0.054350400335668736,1.0,1.0,1.0,1.0,1.0,0.0134482460672708,145730.37834224952,1.0,1.0,0.0,0.0,0.0,0.0,0.0,0.0
2012-04-18,154341.87823622755,-0.055944413250905045,1.0,1.0,1.0,1.0,1.0,-0.0016856274414987,145484.73121745582,1.0,1.0,0.0,0.0,0.0,0.0,0.0,0.0
2012-04-19,153718.1557589053,-0.05975950670464558,1.0,1.0,1.0,1.0,1.0,-0.0040411745953203,144896.80201765284,1.0,1.0,0.0,0.0,0.0,0.0,0.0,0.0
2012-04-20,153648.08646623397,-0.06018809619676446,1.0,1.0,1.0,1.0,1.0,-0.0004558296469627,144830.75375954312,1.0,1.0,0.0,0.0,0.0,0.0,0.0,0.0
2012-04-23,152149.0864163344,-0.06935695812728282,1.0,1.0,1.0,1.0,1.0,-0.009756060647257,143417.7761422771,1.0,1.0,0.0,0.0,0.0,0.0,0.0,0.0
2012-04-24,152266.4031389656,-0.06863937253946495,1.0,1.0,1.0,1.0,1.0,0.0007710642593684,143528.3604636185,1.0,1.0,0.0,0.0,0.0,0.0,0.0,0.0
2012-04-25,154999.87947052176,-0.05191964856343323,1.0,1.0,1.0,1.0,1.0,0.0179519334219871,146104.97203482836,1.0,1.0,0.0,0.0,0.0,0.0,0.0,0.0
2012-04-26,155631.92047671584,-0.04805367356189294,1.0,1.0,1.0,1.0,1.0,0.0040776870817778,146700.74239187827,1.0,1.0,0.0,0.0,0.0,0.0,0.0,0.0
2012-04-27,156471.59879265784,-0.04291765335599751,1.0,1.0,1.0,1.0,1.0,0.0053952833928284,147492.23447102075,1.0,1.0,0.0,0.0,0.0,0.0,0.0,0.0
2012-04-30,155830.5247087286,-0.046838880552203754,1.0,1.0,1.0,1.0,1.0,-0.0040970635493968,146887.94941335046,1.0,1.0,0.0,0.0,0.0,0.0,0.0,0.0
2012-05-01,157046.65310402462,-0.039400246145887885,1.0,1.0,1.0,1.0,1.0,0.0078041731398206,148034.28840272545,1.0,1.0,0.0,0.0,0.0,0.0,0.0,0.0
2012-05-02,156256.58883071225,-0.04423279450952655,1.0,1.0,1.0,1.0,1.0,-0.0050307616093482,147289.56318776184,1.0,1.0,0.0,0.0,0.0,0.0,0.0,0.0
2012-05-03,154364.05498968175,-0.05580876576343341,1.0,1.0,1.0,1.0,1.0,-0.012111705849926501,145505.6353236675,0.986219962775428,0.986219962775428,0.013780037224571995,0.4092567587588016,0.0,60.27924922922312,0.0,60.27924922922312
2012-05-04,151550.0226709958,-0.07302122269415667,1.0,1.0,1.0,1.0,1.0,-0.0182298419076518,142853.0905950446,0.9859640903616916,0.9859640903616916,0.014035909638308364,0.0,0.0,0.0,0.0,0.0
2012-05-07,151616.7902203037,-0.07261282881779607,1.0,1.0,1.0,1.0,1.0,0.0004405644296924,142916.02658543238,0.9859702713610882,0.9859702713610882,0.014029728638911831,0.0,0.0,0.0,0.0,0.0
2012-05-08,151076.67312651628,-0.0759165372196613,1.0,1.0,1.0,1.0,1.0,-0.0035623831173488,142406.90494512586,0.9859201134108088,0.9859201134108088,0.014079886589191237,0.0,0.0,0.0,0.0,0.0
2012-05-09,149960.8746042536,-0.0827414886888681,1.0,1.0,1.0,1.0,1.0,-0.0073856439857414,141355.13824408985,0.9858153506405772,0.9858153506405772,0.014184649359422763,0.0,0.0,0.0,0.0,0.0
2012-05-10,149929.89901023553,-0.08293095562370001,1.0,1.0,1.0,1.0,1.0,-0.0002065578378349,141325.9402323673,0.985812420084746,0.985812420084746,0.01418757991525399,0.0,0.0,0.0,0.0,0.0
2012-05-11,149382.95943622728,-0.0862763947641152,1.0,1.0,1.0,1.0,1.0,-0.0036479686681501,140810.38763040278,0.9857604747427582,0.9857604747427582,0.014239525257241814,0.0,0.0,0.0,0.0,0.0
2012-05-14,147289.16983188552,-0.09908337752242169,1.0,1.0,1.0,1.0,1.0,-0.0140162546802108,138836.75337575586,0.9855580527317684,0.9855580527317684,0.014441947268231559,0.0,0.0,0.0,0.0,0.0
2012-05-15,145453.04888716317,-0.11031429071086374,1.0,1.0,1.0,1.0,1.0,-0.0124660960939496,137106.00106680172,0.9853757453682264,0.9853757453682264,0.014624254631773637,0.0,0.0,0.0,0.0,0.0
2012-05-16,144152.80937521876,-0.11826740356260901,1.0,1.0,1.0,1.0,1.0,-0.0089392386195569,135880.37780709236,0.9852438365016052,0.9852438365016052,0.014756163498394814,0.0,0.0,0.0,0.0,0.0
2012-05-17,141457.10319864465,-0.13475610063764232,1.0,1.0,1.0,1.0,1.0,-0.0187003374284396,133339.36889219587,0.9849626326582795,0.9849626326582795,0.015037367341720453,0.0,0.0,0.0,0.0,0.0
2012-05-18,140684.18262164545,-0.13948378697376818,1.0,1.0,1.0,1.0,1.0,-0.0054639926841553,132610.80355605902,0.9848800171827816,0.9848800171827816,0.01511998281721838,0.0,0.0,0.0,0.0,0.0
2012-05-21,144400.95276254133,-0.11674959677035146,1.0,1.0,1.0,1.0,1.0,0.0264192467954394,136114.28110294807,0.9852691939824548,0.9852691939824548,0.014730806017545173,0.0,0.0,0.0,0.0,0.0
2012-05-22,143630.66744353378,-0.1214611641499248,1.0,1.0,1.0,1.0,1.0,-0.0053343506692388,135388.19979645358,0.9851901932800672,0.9851901932800672,0.014809806719932816,0.0,0.0,0.0,0.0,0.0
2012-05-23,144921.33681707768,-0.11356658850613777,1.0,1.0,1.0,1.0,1.0,0.0089860292130949,136604.80211493286,0.9853220894133856,0.9853220894133856,0.014677910586614384,0.0,0.0,0.0,0.0,0.0
2012-05-24,145483.8385099987,-0.11012596129707186,1.0,1.0,1.0,1.0,1.0,0.00388142771296,137135.02377958514,0.9853788403875012,0.9853788403875012,0.014621159612498769,0.0,0.0,0.0,0.0,0.0
2012-05-25,144978.64715136593,-0.11321604112469097,1.0,1.0,1.0,1.0,1.0,-0.0034724912664303,136658.82360718882,0.9853278916192892,0.9853278916192892,0.014672108380710758,0.0,0.0,0.0,0.0,0.0
2012-05-29,147356.29878018552,-0.09867277309412648,1.0,1.0,1.0,1.0,1.0,0.01640001252279,138900.0300256965,0.9855646318379184,0.9855646318379184,0.014435368162081574,0.0,0.0,0.0,0.0,0.0
2012-05-30,144342.52090816636,-0.11710700410008712,1.0,1.0,1.0,1.0,1.0,-0.0204523179325702,136059.2024507674,0.9852632307478748,0.9852632307478748,0.014736769252125193,0.0,0.0,0.0,0.0,0.0
2012-05-31,143707.5403285947,-0.1209909594495504,1.0,1.0,1.0,1.0,1.0,-0.0043991235262939,135460.66121229742,0.9851981154292262,0.9851981154292262,0.014801884570773804,0.0,0.0,0.0,0.0,0.0
2012-06-01,140332.84672074963,-0.14163278647964805,1.0,1.0,1.0,1.0,1.0,-0.0234830656771987,132279.62960837228,0.9848421629461668,0.9848421629461668,0.015157837053833223,0.0,0.0,0.0,0.0,0.0
2012-06-04,140292.0358052351,-0.14188241265520152,1.0,1.0,1.0,1.0,1.0,-0.000290815133222103,132241.16069026515,0.7830142211591288,0.7830142211591288,0.21698577884087122,0.2019668058447017,0.0,26.716094270323193,0.0,26.716094270323193
2012-06-05,141414.05589762738,-0.13501940600546747,1.0,1.0,1.0,1.0,1.0,0.0079977461724912,133298.7919270215,0.7847358491972858,0.7847358491972858,0.21526415080271422,0.0,0.0,0.0,0.0,0.0
2012-06-06,144347.27374206894,-0.11707793266821209,1.0,1.0,1.0,1.0,1.0,0.0207420530146239,136063.68253595708,0.7891101378972674,0.7891101378972674,0.21088986210273264,0.0,0.0,0.0,0.0,0.0
2012-06-07,144271.65497784363,-0.11754046634763704,1.0,1.0,1.0,1.0,1.0,-0.0005238669374554,135992.4032712881,0.788999601764842,0.788999601764842,0.21100039823515804,0.0,0.0,0.0,0.0,0.0
2012-06-08,145017.9851315523,-0.11297542438223096,1.0,1.0,1.0,1.0,1.0,0.005173089293411753,136695.9041166361,0.9903255561846358,0.9903255561846358,0.009674443815364198,0.2010748328252474,0.0,27.34464975327788,0.0,27.34464975327788
2012-06-11,142221.51002516065,-0.13008048995201182,1.0,1.0,1.0,1.0,1.0,-0.019283643362268916,134059.90905256796,0.7893013578224647,0.7893013578224647,0.2106986421775353,0.1971583192087138,0.0,26.950734698351486,0.0,26.950734698351486
2012-06-12,143901.89589566842,-0.11980215404554395,1.0,1.0,1.0,1.0,1.0,0.011815272318586,135643.86338502893,0.7917617494597436,0.7917617494597436,0.20823825054025635,0.0,0.0,0.0,0.0,0.0
2012-06-13,142797.92007216546,-0.12655479017854954,1.0,1.0,1.0,1.0,1.0,-0.0076717253558867,134603.2409189276,0.7901518521026336,0.7901518521026336,0.2098481478973664,0.0,0.0,0.0,0.0,0.0
2012-06-14,143909.11257707872,-0.11975801211542736,1.0,1.0,1.0,1.0,1.0,0.0077815734595554,135650.66592603247,0.7917721920862367,0.7917721920862367,0.20822780791376327,0.0,0.0,0.0,0.0,0.0
2012-06-15,145484.45567183552,-0.11012218633277415,1.0,1.0,1.0,1.0,1.0,0.010946791808705095,137135.60552463695,0.994266984342009,0.994266984342009,0.005733015657991003,0.2022298043226055,0.0,27.43260762645268,0.0,27.43260762645268
2012-06-18,145512.30339120142,-0.10995185151926767,1.0,1.0,1.0,1.0,1.0,0.0001914137097144,137161.85515962433,0.994268081509791,0.994268081509791,0.0057319184902090425,0.0,0.0,0.0,0.0,0.0
2012-06-19,148545.7162914051,-0.09139751987525979,1.0,1.0,1.0,1.0,1.0,0.020846435864935,140021.19097632496,0.9943851315057464,0.9943851315057464,0.005614868494253633,0.0,0.0,0.0,0.0,0.0
2012-06-20,147956.26668723254,-0.09500297808456337,1.0,1.0,1.0,1.0,1.0,-0.0039681359980532,139465.5678479215,0.9943627621794212,0.9943627621794212,0.005637237820578789,0.0,0.0,0.0,0.0,0.0
2012-06-21,143337.96086189058,-0.12325154850209374,1.0,1.0,1.0,1.0,1.0,-0.0312139926800444,135112.29063399823,0.9941811320787202,0.9941811320787202,0.0058188679212798355,0.0,0.0,0.0,0.0,0.0
2012-06-22,144079.30148063772,-0.11871702578661214,1.0,1.0,1.0,1.0,1.0,0.005171976874022,135811.0882765534,0.9942110722790184,0.9942110722790184,0.005788927720981607,0.0,0.0,0.0,0.0,0.0
2012-06-25,141389.3049247514,-0.13517079909778995,1.0,1.0,1.0,1.0,1.0,-0.0186702498432632,133275.46132694467,0.9941009352666044,0.9941009352666044,0.005899064733395631,0.0,0.0,0.0,0.0,0.0
2012-06-26,142041.5854012516,-0.13118102629597872,1.0,1.0,1.0,1.0,1.0,0.0046133650409226,133890.30968104323,0.9941280248315676,0.9941280248315676,0.005871975168432408,0.0,0.0,0.0,0.0,0.0
2012-06-27,143771.2359059592,-0.12060135575708963,1.0,1.0,1.0,1.0,1.0,0.01217707124164782,135520.70152059558,0.799390470468016,0.799390470468016,0.20060952953198397,0.197377768665081,0.0,26.426970570721014,0.0,26.426970570721014
2012-06-28,143875.55396001483,-0.11996327850381638,1.0,1.0,1.0,1.0,1.0,0.0007255836217744,135619.0331220303,0.7995359239183749,0.7995359239183749,0.2004640760816251,0.0,0.0,0.0,0.0,0.0
2012-06-29,147249.68850709574,-0.09932487105396348,1.0,1.0,1.0,1.0,1.0,0.023451757120730846,138799.53774775652,1.0,1.0,0.0,0.2002638122693557,0.0,27.15958458930181,0.0,27.15958458930181
2012-07-02,148312.34322854882,-0.09282498173009734,1.0,1.0,1.0,1.0,1.0,0.0072166857005059,139801.21038705754,1.0,1.0,0.0,0.0,0.0,0.0,0.0,0.0
2012-07-03,150677.20310707248,-0.07835995638693027,1.0,1.0,1.0,1.0,1.0,0.0159451319225629,142030.35912961318,1.0,1.0,0.0,0.0,0.0,0.0,0.0,0.0
2012-07-05,150083.72766925066,-0.08199003922042103,1.0,1.0,1.0,1.0,1.0,-0.0039387208256054,141470.94119624115,1.0,1.0,0.0,0.0,0.0,0.0,0.0,0.0
2012-07-06,148105.0446294597,-0.09409295515916127,1.0,1.0,1.0,1.0,1.0,-0.0131838612387848,139605.80793818962,1.0,1.0,0.0,0.0,0.0,0.0,0.0,0.0
2012-07-09,147336.37299431578,-0.09879465219580419,1.0,1.0,1.0,1.0,1.0,-0.0051900435739178,138881.2477118184,1.0,1.0,0.0,0.0,0.0,0.0,0.0,0.0
2012-07-10,145248.03887875902,-0.11156826562671385,1.0,1.0,1.0,1.0,1.0,-0.014173921029244424,136912.75587430815,0.6124350680248632,0.6124350680248632,0.38756493197513675,0.3824540713069236,0.0,53.115698615570324,0.0,53.115698615570324
2012-07-11,144974.99461865664,-0.11323838239686801,1.0,1.0,1.0,1.0,1.0,-0.0018798481701382,136655.38068070926,0.6117051326289618,0.6117051326289618,0.38829486737103824,0.0,0.0,0.0,0.0,0.0
2012-07-12,144562.59653640905,-0.1157608780277335,1.0,1.0,1.0,1.0,1.0,-0.0028446152616345,136266.64869924044,0.6105974321415117,0.6105974321415117,0.38940256785848826,0.0,0.0,0.0,0.0,0.0
2012-07-13,145807.0017595737,-0.10814928410045033,1.0,1.0,1.0,1.0,1.0,0.0086080718870544,137439.6418070515,0.6139208293961639,0.6139208293961639,0.3860791706038361,0.0,0.0,0.0,0.0,0.0
2012-07-16,145355.92738974027,-0.11090834913028502,1.0,1.0,1.0,1.0,1.0,-0.003093639978807209,137014.45303648428,1.0,1.0,0.0,0.3856934771267093,0.0,53.00957334361113,0.0,53.00957334361113
2012-07-17,146352.4500197111,-0.1048129668082819,1.0,1.0,1.0,1.0,1.0,0.006855741268114,137953.78867649456,1.0,1.0,0.0,0.0,0.0,0.0,0.0,0.0
2012-07-18,147607.8422580565,-0.09713416913058681,1.0,1.0,1.0,1.0,1.0,0.0085778696439746,139137.13829265398,1.0,1.0,0.0,0.0,0.0,0.0,0.0,0.0
2012-07-19,148288.95059641506,-0.09296806632455101,1.0,1.0,1.0,1.0,1.0,0.0046143099711991,139779.16017724187,1.0,1.0,0.0,0.0,0.0,0.0,0.0,0.0
2012-07-20,146433.99252214137,-0.10431419968262223,1.0,1.0,1.0,1.0,1.0,-0.0125090781667351,138030.65173650414,1.0,1.0,0.0,0.0,0.0,0.0,0.0,0.0
2012-07-23,144107.65485498615,-0.11854359805745196,1.0,1.0,1.0,1.0,1.0,-0.0158865959131961,135837.8145487312,1.0,1.0,0.0,0.0,0.0,0.0,0.0,0.0
2012-07-24,142413.14845653134,-0.12890830432204015,1.0,1.0,1.0,1.0,1.0,-0.0117586147672721,134240.5500166245,1.0,1.0,0.0,0.0,0.0,0.0,0.0,0.0
2012-07-25,142603.61021487557,-0.12774331599170685,1.0,1.0,1.0,1.0,1.0,0.0013373888605682,134420.0818328533,1.0,1.0,0.0,0.0,0.0,0.0,0.0,0.0
2012-07-26,144582.81450609557,-0.11563721173927433,1.0,1.0,1.0,1.0,1.0,0.0138790616046659,136285.7064295157,1.0,1.0,0.0,0.0,0.0,0.0,0.0,0.0
2012-07-27,148163.2633038698,-0.09373685177712343,1.0,1.0,1.0,1.0,1.0,0.0247639998571427,139660.6856440668,1.0,1.0,0.0,0.0,0.0,0.0,0.0,0.0
2012-07-30,147808.92064960912,-0.09590424254754226,1.0,1.0,1.0,1.0,1.0,-0.0023915689109384,139326.67749020015,1.0,1.0,0.0,0.0,0.0,0.0,0.0,0.0
2012-07-31,146390.05320166473,-0.10458296122322264,1.0,1.0,1.0,1.0,1.0,-0.009599335694412403,137989.23394178457,0.7941908361724748,0.7941908361724748,0.20580916382752523,0.2040375701451036,0.0,28.427876731490944,0.0,28.427876731490944
2012-08-01,145833.14733705157,-0.1079893606968425,1.0,1.0,1.0,1.0,1.0,-0.0038042602788455,137464.28698019154,0.793404894619271,0.793404894619271,0.206595105380729,0.0,0.0,0.0,0.0,0.0
2012-08-02,144868.02388600295,-0.11389268516248419,1.0,1.0,1.0,1.0,1.0,-0.0066179978192339,136554.54862873408,0.7920285399501985,0.7920285399501985,0.2079714600498015,0.0,0.0,0.0,0.0,0.0
2012-08-03,147572.2831795954,-0.09735167164555225,1.0,1.0,1.0,1.0,1.0,0.0186670544751852,139103.619826821,0.7958396130157092,0.7958396130157092,0.20416038698429084,0.0,0.0,0.0,0.0,0.0
2012-08-06,148449.35312013232,-0.09198693987737794,1.0,1.0,1.0,1.0,1.0,0.005943324326489673,139930.3577544405,0.9972858834487084,0.9972858834487084,0.002714116551291612,0.2012289106474274,0.0,27.99166988486508,0.0,27.99166988486508
2012-08-07,149648.88190237925,-0.08464983953048877,1.0,1.0,1.0,1.0,1.0,0.0080803907665142,141061.04972519452,0.9973076387794548,0.9973076387794548,0.0026923612205451697,0.0,0.0,0.0,0.0,0.0
2012-08-08,149976.42358959548,-0.08264638095370225,1.0,1.0,1.0,1.0,1.0,0.0021887346103256,141369.7949268969,0.9973135187738944,0.9973135187738944,0.002686481226105597,0.0,0.0,0.0,0.0,0.0
2012-08-09,150448.80273606317,-0.07975700201531688,1.0,1.0,1.0,1.0,1.0,0.0031496893655786,141815.0658665922,0.9973219537875704,0.9973219537875704,0.002678046212429619,0.0,0.0,0.0,0.0,0.0
2012-08-10,150618.9613217339,-0.07871620113047928,1.0,1.0,1.0,1.0,1.0,0.0011310065788244,141975.45963906372,0.9973249792536328,0.9973249792536328,0.0026750207463671627,0.0,0.0,0.0,0.0,0.0
2012-08-13,150067.27934878223,-0.08209064787575371,1.0,1.0,1.0,1.0,1.0,-0.0036627657508089,141455.4367880424,0.997315145259644,0.997315145259644,0.0026848547403559575,0.0,0.0,0.0,0.0,0.0
2012-08-14,149315.71253113137,-0.08668772069310382,1.0,1.0,1.0,1.0,1.0,-0.0050081991284994,140746.99979279903,0.9973016312918314,0.9973016312918314,0.0026983687081686414,0.0,0.0,0.0,0.0,0.0
2012-08-15,150090.18853059283,-0.0819505203787756,1.0,1.0,1.0,1.0,1.0,0.0051868352387896,141477.03129107822,0.9973155550654148,0.9973155550654148,0.002684444934585195,0.0,0.0,0.0,0.0,0.0
2012-08-16,151988.16128071188,-0.07034128120970828,1.0,1.0,1.0,1.0,1.0,0.0126455484445753,143266.08594406425,0.9973490774351316,0.9973490774351316,0.00265092256486843,0.0,0.0,0.0,0.0,0.0
2012-08-17,152444.37989808997,-0.06755075060688931,1.0,1.0,1.0,1.0,1.0,0.0030016720613884,143696.123751587,0.997357010821906,0.997357010821906,0.002642989178094024,0.0,0.0,0.0,0.0,0.0
2012-08-20,152192.75224238634,-0.06908986945695295,1.0,1.0,1.0,1.0,1.0,-0.001650619431637,143458.93613747173,0.9973526410397636,0.9973526410397636,0.002647358960236379,0.0,0.0,0.0,0.0,0.0
2012-08-21,151833.3815285592,-0.07128801511890515,1.0,1.0,1.0,1.0,1.0,-0.0023612866482288,143120.18846700122,0.9973463750706486,0.9973463750706486,0.0026536249293513947,0.0,0.0,0.0,0.0,0.0
2012-08-22,151761.86287469213,-0.07172546984934869,1.0,1.0,1.0,1.0,1.0,-0.0004710337947233,143052.77402152607,0.9973451245345836,0.9973451245345836,0.0026548754654164286,0.0,0.0,0.0,0.0,0.0
2012-08-23,150094.05108899297,-0.08192689445249768,1.0,1.0,1.0,1.0,1.0,-0.0109896633719914,141480.67219059993,0.997315624147602,0.997315624147602,0.002684375852398002,0.0,0.0,0.0,0.0,0.0
2012-08-24,150384.52682656518,-0.08015015539758996,1.0,1.0,1.0,1.0,1.0,0.0019352914753431,141754.4785294162,0.99732080916279,0.99732080916279,0.0026791908372100215,0.0,0.0,0.0,0.0,0.0
2012-08-27,150001.72402297676,-0.08249162700257939,1.0,1.0,1.0,1.0,1.0,-0.0025454932875501,141393.64345583942,0.9973139718962818,0.9973139718962818,0.0026860281037182077,0.0,0.0,0.0,0.0,0.0
2012-08-28,150031.0856219059,-0.08231203231433482,1.0,1.0,1.0,1.0,1.0,0.0001957417431057,141421.32009407354,0.9973144975612104,0.9973144975612104,0.002685502438789622,0.0,0.0,0.0,0.0,0.0
2012-08-29,149794.0187858727,-0.08376208769494586,1.0,1.0,1.0,1.0,1.0,-0.0015801181138595,141197.85770450698,0.9973102474344596,0.9973102474344596,0.002689752565540382,0.0,0.0,0.0,0.0,0.0
2012-08-30,148459.88172909623,-0.09192254003835387,1.0,1.0,1.0,1.0,1.0,-0.0089064774921593,139940.2821629207,0.997286075930822,0.997286075930822,0.002713924069178031,0.0,0.0,0.0,0.0,0.0
2012-08-31,149384.0878809683,-0.08626949246012439,1.0,1.0,1.0,1.0,1.0,0.0062252922547689,140811.4513175997,0.9973028663758824,0.9973028663758824,0.002697133624117609,0.0,0.0,0.0,0.0,0.0
2012-09-04,148910.66368679158,-0.08916526359186261,1.0,1.0,1.0,1.0,1.0,-0.0031691741797422,140365.19530187195,0.997294291514412,0.997294291514412,0.002705708485588043,0.0,0.0,0.0,0.0,0.0
2012-09-05,149254.85060226457,-0.08705999194328973,1.0,1.0,1.0,1.0,1.0,0.0023113651296116,140689.63051970382,0.9973005309729894,0.9973005309729894,0.0026994690270105703,0.0,0.0,0.0,0.0,0.0
2012-09-06,152628.44189572326,-0.06642490738689211,1.0,1.0,1.0,1.0,1.0,0.0226028921662899,143869.62306725586,0.9973601981299974,0.9973601981299974,0.002639801870002567,0.0,0.0,0.0,0.0,0.0
2012-09-07,154771.37022295804,-0.0533173601518343,1.0,1.0,1.0,1.0,1.0,0.0140401638162489,145889.5761433021,0.997396748211562,0.997396748211562,0.00260325178843801,0.0,0.0,0.0,0.0,0.0
2012-09-10,153583.18060623753,-0.06058510276713036,1.0,1.0,1.0,1.0,1.0,-0.0076770633677847,144769.5726225507,0.9973766082669892,0.9973766082669892,0.002623391733010849,0.0,0.0,0.0,0.0,0.0
2012-09-11,154402.91370844367,-0.05557108049641246,1.0,1.0,1.0,1.0,1.0,0.0053373885015952,145542.2640748472,0.9973905359901905,0.9973905359901905,0.002609464009809548,0.0,0.0,0.0,0.0,0.0
2012-09-12,154764.96906747477,-0.053356513793507476,1.0,1.0,1.0,1.0,1.0,0.002344873877929241,145883.54232801098,0.7908331460239217,0.7908331460239217,0.20916685397607826,0.2072551149732591,0.0,30.16437867430089,0.0,30.16437867430089
2012-09-13,157189.004130954,-0.03852953442598461,1.0,1.0,1.0,1.0,1.0,0.0156626856716032,148168.47039615462,0.7940587392577414,0.7940587392577414,0.2059412607422586,0.0,0.0,0.0,0.0,0.0
2012-09-14,158393.00675468263,-0.031165069146821156,1.0,1.0,1.0,1.0,1.0,0.0076595855440727,149303.37947008837,0.7956241733848408,0.7956241733848408,0.20437582661515918,0.0,0.0,0.0,0.0,0.0
2012-09-17,157282.93755807038,-0.03795497632376965,1.0,1.0,1.0,1.0,1.0,-0.0070083220172185,148257.01330850302,0.79418173269051,0.79418173269051,0.20581826730949004,0.0,0.0,0.0,0.0,0.0
2012-09-18,157075.92895570194,-0.0392211759437584,1.0,1.0,1.0,1.0,1.0,-0.001316154222335733,148061.88421444615,0.9941505351175398,0.9941505351175398,0.005849464882460187,0.1997767245004329,0.0,29.618300502989825,0.0,29.618300502989825
2012-09-19,157178.96770727137,-0.03859092373883255,1.0,1.0,1.0,1.0,1.0,0.0006559805328192902,148159.00992814338,0.7902845511461938,0.7902845511461938,0.20971544885380622,0.2042077609842097,0.0,30.23538586253536,0.0,30.23538586253536
2012-09-20,156433.60659816168,-0.04315003839547493,1.0,1.0,1.0,1.0,1.0,-0.0047421173454826,147456.4225172736,0.7892853173948643,0.7892853173948643,0.2107146826051357,0.0,0.0,0.0,0.0,0.0
2012-09-21,156264.96947304776,-0.0441815330352735,1.0,1.0,1.0,1.0,1.0,-0.0010780108493381,147297.4628939954,0.7890579195435502,0.7890579195435502,0.2109420804564498,0.0,0.0,0.0,0.0,0.0
2012-09-24,156121.8551737149,-0.04505691342699114,1.0,1.0,1.0,1.0,1.0,-0.0009158437736587,147162.5614297282,0.7888645524585207,0.7888645524585207,0.21113544754147928,0.0,0.0,0.0,0.0,0.0
2012-09-25,154534.2074438488,-0.05476800238287116,1.0,1.0,1.0,1.0,1.0,-0.010169285575677771,145666.02331650106,0.9869354450459789,0.9869354450459789,0.013064554954021146,0.1980057440336712,0.0,29.13903246979418,0.0,29.13903246979418
2012-09-26,153681.2582382196,-0.059985196005168606,1.0,1.0,1.0,1.0,1.0,-0.005519484777757947,144862.0219181691,0.6025184629778673,0.6025184629778673,0.39748153702213274,0.3826056944695476,0.0,55.73265001162721,0.0,55.73265001162721
2012-09-27,154717.59943785437,-0.053646257342027326,1.0,1.0,1.0,1.0,1.0,0.0067434455672425,145838.89107773497,0.6051809040602449,0.6051809040602449,0.39481909593975506,0.0,0.0,0.0,0.0,0.0
2012-09-28,153810.7357073943,-0.059193227360434086,1.0,1.0,1.0,1.0,1.0,-0.0058614128822773,144984.0691228349,0.6028530618809972,0.6028530618809972,0.3971469381190028,0.0,0.0,0.0,0.0,0.0
2012-10-01,153955.7873787102,-0.058305996738143295,1.0,1.0,1.0,1.0,1.0,0.0009430529712298,145120.7967800022,0.6032272396115846,0.6032272396115846,0.39677276038841536,0.0,0.0,0.0,0.0,0.0
2012-10-02,153541.12508767183,-0.06084234174665615,1.0,1.0,1.0,1.0,1.0,-0.002693385536838311,144729.93052486048,1.0,1.0,0.0,0.396376384004411,0.0,57.52245667149623,0.0,57.52245667149623
2012-10-03,152308.5721964317,-0.06838143908197603,1.0,1.0,1.0,1.0,1.0,-0.0080275098318861,143568.10958460398,1.0,1.0,0.0,0.0,0.0,0.0,0.0,0.0
2012-10-04,154626.33555419958,-0.05420448677539502,1.0,1.0,1.0,1.0,1.0,0.0152175502950594,145752.86451297428,1.0,1.0,0.0,0.0,0.0,0.0,0.0,0.0
2012-10-05,154446.54714268635,-0.05530418995551334,1.0,1.0,1.0,1.0,1.0,-0.00116272826921,145583.3935370867,1.0,1.0,0.0,0.0,0.0,0.0,0.0,0.0
2012-10-08,153951.99953535316,-0.05832916565848956,1.0,1.0,1.0,1.0,1.0,-0.0032020632152839,145117.22630788537,1.0,1.0,0.0,0.0,0.0,0.0,0.0,0.0
2012-10-09,153301.27796295055,-0.062309403186146084,1.0,1.0,1.0,1.0,1.0,-0.004226782207224,144503.84739776552,1.0,1.0,0.0,0.0,0.0,0.0,0.0,0.0
2012-10-10,151822.08921458037,-0.07135708627587733,1.0,1.0,1.0,1.0,1.0,-0.009648900309413622,143109.54417989776,0.7977954729936956,0.7977954729936956,0.20220452700630442,0.2004539296127211,0.0,28.96636405503909,0.0,28.96636405503909
2012-10-11,152550.0119663652,-0.06690463598566876,1.0,1.0,1.0,1.0,1.0,0.004794577360584362,143795.69396050627,0.6026334587012208,0.6026334587012208,0.39736654129877924,0.1972644833986383,0.0,28.23043030206214,0.0,28.23043030206214
2012-10-12,152355.11757671967,-0.06809673717993636,1.0,1.0,1.0,1.0,1.0,-0.0012775770197155,143611.98388636825,0.6021251429271018,0.6021251429271018,0.39787485707289816,0.0,0.0,0.0,0.0,0.0
2012-10-15,152773.73074901802,-0.06553622600493192,1.0,1.0,1.0,1.0,1.0,0.0027476147762978,144006.57429534788,0.6032153542826828,0.6032153542826828,0.3967846457173172,0.0,0.0,0.0,0.0,0.0
2012-10-16,153483.60097519626,-0.06119419673491944,1.0,1.0,1.0,1.0,1.0,0.004646546383975042,144675.70752240857,1.0,1.0,0.0,0.3963882574598573,0.0,57.08251504769644,0.0,57.08251504769644
2012-10-17,154264.70335153255,-0.05641646517800114,1.0,1.0,1.0,1.0,1.0,0.0050891585249066,145411.98513269314,1.0,1.0,0.0,0.0,0.0,0.0,0.0,0.0
2012-10-18,154447.79462171352,-0.05529655956019608,1.0,1.0,1.0,1.0,1.0,0.001186864306631,145584.5694276035,1.0,1.0,0.0,0.0,0.0,0.0,0.0,0.0
2012-10-19,151718.85460190015,-0.0719885364950944,1.0,1.0,1.0,1.0,1.0,-0.0176690125391387,143012.23384488205,1.0,1.0,0.0,0.0,0.0,0.0,0.0,0.0
2012-10-22,151570.7617585923,-0.07289436890869483,1.0,1.0,1.0,1.0,1.0,-0.0009761004569698,142872.6395380738,1.0,1.0,0.0,0.0,0.0,0.0,0.0,0.0
2012-10-23,149340.38744738515,-0.08653679281268578,1.0,1.0,1.0,1.0,1.0,-0.0147150696171832,140770.25870088034,1.0,1.0,0.0,0.0,0.0,0.0,0.0,0.0
2012-10-24,148632.30003267032,-0.09086791724506516,1.0,1.0,1.0,1.0,1.0,-0.0047414328221446,140102.80597589418,1.0,1.0,0.0,0.0,0.0,0.0,0.0,0.0
2012-10-25,149452.76389269115,-0.08584942518296346,1.0,1.0,1.0,1.0,1.0,0.0055200912576908,140876.18625033967,1.0,1.0,0.0,0.0,0.0,0.0,0.0,0.0
2012-10-26,149205.05266333325,-0.08736458861526197,1.0,1.0,1.0,1.0,1.0,-0.0016574549904995,140642.6903123965,1.0,1.0,0.0,0.0,0.0,0.0,0.0,0.0
2012-10-31,149465.6810034363,-0.08577041570930033,1.0,1.0,1.0,1.0,1.0,0.001746779585884,140888.362092738,1.0,1.0,0.0,0.0,0.0,0.0,0.0,0.0
2012-11-01,151417.74074453485,-0.0738303452286787,1.0,1.0,1.0,1.0,1.0,0.0130602538856639,142728.3998712045,1.0,1.0,0.0,0.0,0.0,0.0,0.0,0.0
2012-11-02,149549.62381025628,-0.0852569667565507,1.0,1.0,1.0,1.0,1.0,-0.0123375036841316,140967.48771196333,1.0,1.0,0.0,0.0,0.0,0.0,0.0,0.0
2012-11-05,150318.5061905858,-0.08055398066490782,1.0,1.0,1.0,1.0,1.0,0.005141319387771,141692.2465895822,1.0,1.0,0.0,0.0,0.0,0.0,0.0,0.0
2012-11-06,152136.4348768584,-0.06943434319386221,1.0,1.0,1.0,1.0,1.0,0.0120938448122128,143405.85063093042,1.0,1.0,0.0,0.0,0.0,0.0,0.0,0.0
2012-11-07,148347.2134277089,-0.09261169285021387,1.0,1.0,1.0,1.0,1.0,-0.0249067322513279,139834.07950599192,1.0,1.0,0.0,0.0,0.0,0.0,0.0,0.0
2012-11-08,147244.90768918413,-0.09935411365428859,1.0,1.0,1.0,1.0,1.0,-0.0074305793351618,138795.03128446333,1.0,1.0,0.0,0.0,0.0,0.0,0.0,0.0
2012-11-09,147863.3582647918,-0.0955712665896894,1.0,1.0,1.0,1.0,1.0,0.004200149161784,139377.99111877257,1.0,1.0,0.0,0.0,0.0,0.0,0.0,0.0
2012-11-12,147525.9421243594,-0.09763512376231631,1.0,1.0,1.0,1.0,1.0,-0.0022819456043206,139059.93812460004,1.0,1.0,0.0,0.0,0.0,0.0,0.0,0.0
2012-11-13,147062.60221949004,-0.10046921280382848,1.0,1.0,1.0,1.0,1.0,-0.00314073510189,138623.18769566546,1.0,1.0,0.0,0.0,0.0,0.0,0.0,0.0
2012-11-14,145066.96638220234,-0.11267582310841884,1.0,1.0,1.0,1.0,1.0,-0.0135699750117926,136742.07450258025,1.0,1.0,0.0,0.0,0.0,0.0,0.0,0.0
2012-11-15,145123.2751688933,-0.11233140184527135,1.0,1.0,1.0,1.0,1.0,0.0003881571945373,136795.15192259438,1.0,1.0,0.0,0.0,0.0,0.0,0.0,0.0
2012-11-16,146446.0908765018,-0.1042401982569886,1.0,1.0,1.0,1.0,1.0,0.0091151175169457,138042.05580811726,1.0,1.0,0.0,0.0,0.0,0.0,0.0,0.0
2012-11-19,149265.23630979235,-0.08699646618264723,1.0,1.0,1.0,1.0,1.0,0.0192503973060498,140699.4202273674,1.0,1.0,0.0,0.0,0.0,0.0,0.0,0.0
2012-11-20,148651.7119604007,-0.09074918123489839,1.0,1.0,1.0,1.0,1.0,-0.0041102963058209,140121.10392017572,1.0,1.0,0.0,0.0,0.0,0.0,0.0,0.0
2012-11-21,149076.50626658517,-0.08815086221380364,1.0,1.0,1.0,1.0,1.0,0.0028576482610414,140521.5207491284,1.0,1.0,0.0,0.0,0.0,0.0,0.0,0.0
2012-11-23,150694.34070496558,-0.07825513166133191,1.0,1.0,1.0,1.0,1.0,0.0108523769364928,142046.51325998714,1.0,1.0,0.0,0.0,0.0,0.0,0.0,0.0
2012-11-26,150723.10602744442,-0.07807918418873983,1.0,1.0,1.0,1.0,1.0,0.0001908852206675,142073.62784001583,1.0,1.0,0.0,0.0,0.0,0.0,0.0,0.0
2012-11-27,150199.46265066037,-0.08128212859350159,1.0,1.0,1.0,1.0,1.0,-0.0034742077083303,141580.0345470236,1.0,1.0,0.0,0.0,0.0,0.0,0.0,0.0
2012-11-28,150830.4927044638,-0.07742233723611036,1.0,1.0,1.0,1.0,1.0,0.0042012803685662,142174.85196674694,1.0,1.0,0.0,0.0,0.0,0.0,0.0,0.0
2012-11-29,152227.16490942144,-0.06887937914194131,1.0,1.0,1.0,1.0,1.0,0.0092598796166122,143491.37398046866,1.0,1.0,0.0,0.0,0.0,0.0,0.0,0.0
2012-11-30,152288.48421526386,-0.06850431027587822,1.0,1.0,1.0,1.0,1.0,0.0004028144771593,143549.17438325545,1.0,1.0,0.0,0.0,0.0,0.0,0.0,0.0
2012-12-03,151491.1097886918,-0.07338157230442544,1.0,1.0,1.0,1.0,1.0,-0.0052359469639539,142797.55851946535,1.0,1.0,0.0,0.0,0.0,0.0,0.0,0.0
2012-12-04,151614.46318065768,-0.07262706250993145,1.0,1.0,1.0,1.0,1.0,0.0008142615902541,142913.8330865498,1.0,1.0,0.0,0.0,0.0,0.0,0.0,0.0
2012-12-05,152068.0784406123,-0.06985245573898513,1.0,1.0,1.0,1.0,1.0,0.0029918996541519,143341.41693433496,1.0,1.0,0.0,0.0,0.0,0.0,0.0,0.0
2012-12-06,151756.72411364876,-0.07175690186331274,1.0,1.0,1.0,1.0,1.0,-0.002047466701469,143047.93015622054,1.0,1.0,0.0,0.0,0.0,0.0,0.0,0.0
2012-12-07,152161.1830663313,-0.06928296712664839,1.0,1.0,1.0,1.0,1.0,0.0026651797806312,143429.178607334,1.0,1.0,0.0,0.0,0.0,0.0,0.0,0.0
2012-12-10,152387.8417820337,-0.06789657459800014,1.0,1.0,1.0,1.0,1.0,0.0014895961712102,143642.83016262733,1.0,1.0,0.0,0.0,0.0,0.0,0.0,0.0
2012-12-11,152882.35079975866,-0.06487183493423554,1.0,1.0,1.0,1.0,1.0,0.0032450687137644,144108.96101674464,1.0,1.0,0.0,0.0,0.0,0.0,0.0,0.0
2012-12-12,153219.8651549429,-0.06280737701613226,1.0,1.0,1.0,1.0,1.0,0.0022076737662564,144427.10658946377,1.0,1.0,0.0,0.0,0.0,0.0,0.0,0.0
2012-12-13,152512.34656654563,-0.0671350221357736,1.0,1.0,1.0,1.0,1.0,-0.0046176687838865,143760.19004781856,1.0,1.0,0.0,0.0,0.0,0.0,0.0,0.0
2012-12-14,152730.74716104168,-0.0657991416622461,1.0,1.0,1.0,1.0,1.0,0.0014320191080449,143966.0573869432,1.0,1.0,0.0,0.0,0.0,0.0,0.0,0.0
2012-12-17,154218.88184811166,-0.05669673937702002,1.0,1.0,1.0,1.0,1.0,0.0097435173645873,145368.79316700404,1.0,1.0,0.0,0.0,0.0,0.0,0.0,0.0
2012-12-18,156078.32837092862,-0.0453231517403595,1.0,1.0,1.0,1.0,1.0,0.0120571910555565,147121.53247973428,1.0,1.0,0.0,0.0,0.0,0.0,0.0,0.0
2012-12-19,156733.36493036497,-0.041316520937834667,1.0,1.0,1.0,1.0,1.0,0.0041968450474405,147738.9787546937,1.0,1.0,0.0,0.0,0.0,0.0,0.0,0.0
2012-12-20,157707.34701241727,-0.03535901130750829,1.0,1.0,1.0,1.0,1.0,0.0062142612868998,148657.0673709351,1.0,1.0,0.0,0.0,0.0,0.0,0.0,0.0
2012-12-21,156640.3465451722,-0.04188548204686837,1.0,1.0,1.0,1.0,1.0,-0.0067656991729183,147651.29837317512,1.0,1.0,0.0,0.0,0.0,0.0,0.0,0.0
2012-12-24,156161.58670238286,-0.044813889485351255,1.0,1.0,1.0,1.0,1.0,-0.0030564273723137345,147200.0129032697,0.7934745286672747,0.7934745286672747,0.20652547133272525,0.2061003415706346,0.0,30.43098302805909,0.0,30.43098302805909
2012-12-26,156618.82212871313,-0.04201713941583329,1.0,1.0,1.0,1.0,1.0,0.0029279635023286,147631.00916859275,0.7940774623418446,0.7940774623418446,0.20592253765815538,0.0,0.0,0.0,0.0,0.0
2012-12-27,156615.5864437456,-0.04203693097535999,1.0,1.0,1.0,1.0,1.0,-2.065961755797056e-05,147627.95916840364,0.7940732079730763,0.7940732079730763,0.20592679202692366,0.0,0.0,0.0,0.0,0.0
2012-12-28,155688.22132313452,-0.04770930086662928,1.0,1.0,1.0,1.0,1.0,-0.0059212824321553,146753.8123272848,0.7928465941502573,0.7928465941502573,0.20715340584974273,0.0,0.0,0.0,0.0,0.0
2012-12-31,157451.0452847507,-0.0369267198300568,1.0,1.0,1.0,1.0,1.0,0.011322783102244927,148415.4739136942,0.995405934400199,0.995405934400199,0.004594065599801023,0.2023050176239738,0.0,29.689032589256694,0.0,29.689032589256694
2013-01-02,161314.82809998273,-0.013293304230940661,1.0,1.0,1.0,1.0,1.0,0.024539581863330103,152057.52758558423,0.6061458363136157,0.6061458363136157,0.39385416368638426,0.3993244390175963,0.0,59.265925862116646,0.0,59.265925862116646
2013-01-03,160736.21109189797,-0.01683250321771468,1.0,1.0,1.0,1.0,1.0,-0.0035868804802379,151512.11540801424,0.604728043046835,0.604728043046835,0.39527195695316497,0.0,0.0,0.0,0.0,0.0
2013-01-04,160711.43543850107,-0.016984047272199487,1.0,1.0,1.0,1.0,1.0,-0.0001541385928447,151488.76154374634,0.6046671069910013,0.6046671069910013,0.39533289300899865,0.0,0.0,0.0,0.0,0.0
2013-01-07,160248.22635187648,-0.019817336144008935,1.0,1.0,1.0,1.0,1.0,-0.0028822409890169,151052.13442584954,0.6035243686752507,0.6035243686752507,0.3964756313247493,0.0,0.0,0.0,0.0,0.0
2013-01-08,159613.69722823668,-0.023698530094560244,1.0,1.0,1.0,1.0,1.0,-0.003959663941905276,150454.01873581565,1.0,1.0,0.0,0.3960795517729762,0.0,59.82866169774186,0.0,59.82866169774186
2013-01-09,160255.7524845659,-0.019771301408049724,1.0,1.0,1.0,1.0,1.0,0.0040225573837257,151059.22865979263,1.0,1.0,0.0,0.0,0.0,0.0,0.0,0.0
2013-01-10,161206.1291109048,-0.013958178139990451,1.0,1.0,1.0,1.0,1.0,0.005930374489555,151955.06645584852,1.0,1.0,0.0,0.0,0.0,0.0,0.0,0.0
2013-01-11,161382.76245682794,-0.012877773398707437,1.0,1.0,1.0,1.0,1.0,0.0010956986989101,152121.56342445698,1.0,1.0,0.0,0.0,0.0,0.0,0.0,0.0
2013-01-14,161189.3510413069,-0.01406080375605634,1.0,1.0,1.0,1.0,1.0,-0.0011984639039302,151939.2512216833,1.0,1.0,0.0,0.0,0.0,0.0,0.0,0.0
2013-01-15,160960.2483695669,-0.015462145113741887,1.0,1.0,1.0,1.0,1.0,-0.0014213263485457,151723.29596054365,1.0,1.0,0.0,0.0,0.0,0.0,0.0,0.0
2013-01-16,160763.5912048937,-0.016665028589734177,1.0,1.0,1.0,1.0,1.0,-0.001221774734229247,151537.92427094505,0.59707536828989,0.59707536828989,0.40292463171010995,0.402835183759047,0.0,61.11948180879388,0.0,61.11948180879388
2013-01-17,161228.2581279092,-0.013822822639778631,1.0,1.0,1.0,1.0,1.0,0.0028903741172545,151975.92556504026,0.5982366147797911,0.5982366147797911,0.40176338522020894,0.0,0.0,0.0,0.0,0.0
2013-01-18,161460.83713400815,-0.012400217753940734,1.0,1.0,1.0,1.0,1.0,0.001442544928535,152195.15766572353,0.5988153416740651,0.5988153416740651,0.40118465832593486,0.0,0.0,0.0,0.0,0.0
2013-01-22,161946.33042202934,-0.009430624172968027,1.0,1.0,1.0,1.0,1.0,0.0030068795420541,152652.79017170827,0.6000180392490381,0.6000180392490381,0.39998196075096193,0.0,0.0,0.0,0.0,0.0
2013-01-23,162445.0113748208,-0.006380366233463053,1.0,1.0,1.0,1.0,1.0,0.0030792976382479106,153122.85354795595,1.0,1.0,0.0,0.3995823783725893,0.0,60.99736496202303,0.0,60.99736496202303
2013-01-24,160428.5989609123,-0.01871405963083772,1.0,1.0,1.0,1.0,1.0,-0.012412892195599,151222.15607418268,1.0,1.0,0.0,0.0,0.0,0.0,0.0,0.0
2013-01-25,160967.85425678626,-0.015415622547062746,1.0,1.0,1.0,1.0,1.0,0.003361341427692286,151730.46537217978,0.8014771669099336,0.8014771669099336,0.19852283309006635,0.1993895256389136,0.0,30.152113965725054,0.0,30.152113965725054
2013-01-28,161169.14878853483,-0.014184373909616244,1.0,1.0,1.0,1.0,1.0,0.0012505262785415035,151920.20830638305,0.6034375025037813,0.6034375025037813,0.39656249749621875,0.1987343105408965,0.0,30.154049423789523,0.0,30.154049423789523
2013-01-29,161753.38496111304,-0.010610804448065503,1.0,1.0,1.0,1.0,1.0,0.003624987641678,152470.91718401483,0.6048698444345603,0.6048698444345603,0.39513015556543973,0.0,0.0,0.0,0.0,0.0
2013-01-30,161356.08025273276,-0.013040979160686583,1.0,1.0,1.0,1.0,1.0,-0.0024562373670003945,152096.41241984663,1.0,1.0,0.0,0.3947354201452945,0.0,60.1856715545705,0.0,60.1856715545705
2013-01-31,161335.59198221855,-0.013166298785294073,1.0,1.0,1.0,1.0,1.0,-0.0001269755095818,152077.09990037404,1.0,1.0,0.0,0.0,0.0,0.0,0.0,0.0
2013-02-01,163101.2478616613,-0.002366395892359874,1.0,1.0,1.0,1.0,1.0,0.0109439947983541,153741.43089063253,1.0,1.0,0.0,0.0,0.0,0.0,0.0,0.0
2013-02-04,160945.0699683421,-0.01555498611475814,1.0,1.0,1.0,1.0,1.0,-0.0132198736771655,151708.9885953117,1.0,1.0,0.0,0.0,0.0,0.0,0.0,0.0
2013-02-05,162812.306114353,-0.004133752062368101,1.0,1.0,1.0,1.0,1.0,0.0116016983084861,153469.07051168007,1.0,1.0,0.0,0.0,0.0,0.0,0.0,0.0
2013-02-06,162696.47942197087,-0.004842223653407474,1.0,1.0,1.0,1.0,1.0,-0.000711412393488,153359.89071290096,1.0,1.0,0.0,0.0,0.0,0.0,0.0,0.0
2013-02-07,162638.6361739002,-0.005196030683105923,1.0,1.0,1.0,1.0,1.0,-0.0003555285785912,153305.36688894292,1.0,1.0,0.0,0.0,0.0,0.0,0.0,0.0
2013-02-08,164132.2374221348,0.0,1.0,1.0,1.0,1.0,1.0,0.0091835573844679,154713.2555231144,1.0,1.0,0.0,0.0,0.0,0.0,0.0,0.0
2013-02-11,164169.24527676823,0.0,1.0,1.0,1.0,1.0,1.0,0.0002254758432267,154748.13962486185,1.0,1.0,0.0,0.0,0.0,0.0,0.0,0.0
2013-02-12,163799.87187604618,-0.0022499549175567513,1.0,1.0,1.0,1.0,1.0,-0.0022499549175569,154399.96328713011,1.0,1.0,0.0,0.0,0.0,0.0,0.0,0.0
2013-02-13,164002.54928586428,-0.0010153911021696382,1.0,1.0,1.0,1.0,1.0,0.0012373477921369,154591.00974080944,1.0,1.0,0.0,0.0,0.0,0.0,0.0,0.0
2013-02-14,164025.52735057197,-0.0008754253937999223,1.0,1.0,1.0,1.0,1.0,0.0001401079727585,154612.66917379093,1.0,1.0,0.0,0.0,0.0,0.0,0.0,0.0
2013-02-15,163471.6420665195,-0.004249292911547742,1.0,1.0,1.0,1.0,1.0,-0.0033768236749432,154090.5694520787,1.0,1.0,0.0,0.0,0.0,0.0,0.0,0.0
2013-02-19,164751.74247774095,0.0,1.0,1.0,1.0,1.0,1.0,0.0078307184967318,155297.20932445905,1.0,1.0,0.0,0.0,0.0,0.0,0.0,0.0
2013-02-20,162162.67699947843,-0.01571495050264682,1.0,1.0,1.0,1.0,1.0,-0.01571495050264668,152856.721366726,0.8027515994657771,0.8027515994657771,0.19724840053422288,0.1943429946777791,0.0,30.18092472521731,0.0,30.18092472521731
2013-02-21,161113.32698537625,-0.022084230719782938,1.0,1.0,1.0,1.0,1.0,-0.006470971209395738,151867.5899235993,1.0,1.0,0.0,0.1970513491850379,0.0,30.120623177314773,0.0,30.120623177314773
2013-02-22,162961.51708306526,-0.01086620006412109,1.0,1.0,1.0,1.0,1.0,0.0114713669705099,153609.71877853983,1.0,1.0,0.0,0.0,0.0,0.0,0.0,0.0
2013-02-25,160308.91465762982,-0.02696680322340983,1.0,1.0,1.0,1.0,1.0,-0.016277477486193,151109.34003946173,1.0,1.0,0.0,0.0,0.0,0.0,0.0,0.0
2013-02-26,161308.5644660437,-0.0208991902599297,1.0,1.0,1.0,1.0,1.0,0.006235771794406,152051.6233999511,1.0,1.0,0.0,0.0,0.0,0.0,0.0,0.0
2013-02-27,162957.7226696869,-0.01088923116122087,1.0,1.0,1.0,1.0,1.0,0.0102236245738233,153606.14211343252,1.0,1.0,0.0,0.0,0.0,0.0,0.0,0.0
2013-02-28,162625.24280916477,-0.012907296982691885,1.0,1.0,1.0,1.0,1.0,-0.0020402829339734,153292.742123125,1.0,1.0,0.0,0.0,0.0,0.0,0.0,0.0
2013-03-01,162966.41586758423,-0.010836465722952382,1.0,1.0,1.0,1.0,1.0,0.0020979096020157,153614.33643874442,1.0,1.0,0.0,0.0,0.0,0.0,0.0,0.0
2013-03-04,163331.18441963804,-0.008622415986251797,1.0,1.0,1.0,1.0,1.0,0.0022383050526816,153958.1721841596,1.0,1.0,0.0,0.0,0.0,0.0,0.0,0.0
2013-03-05,165367.4029150821,0.0,1.0,1.0,1.0,1.0,1.0,0.0124668078706423,155877.53913689477,1.0,1.0,0.0,0.0,0.0,0.0,0.0,0.0
2013-03-06,165259.2077652983,-0.000654271324798672,1.0,1.0,1.0,1.0,1.0,-0.0006542713247988,155775.5529328573,1.0,1.0,0.0,0.0,0.0,0.0,0.0,0.0
2013-03-07,165747.30903311347,0.0,1.0,1.0,1.0,1.0,1.0,0.0029535496049839,156235.6437556883,1.0,1.0,0.0,0.0,0.0,0.0,0.0,0.0
2013-03-08,166145.96025997048,0.0,1.0,1.0,1.0,1.0,1.0,0.0024051746552179,156611.41776629112,1.0,1.0,0.0,0.0,0.0,0.0,0.0,0.0
2013-03-11,166488.11242764868,0.0,1.0,1.0,1.0,1.0,1.0,0.0020593468968058,156933.9350034725,1.0,1.0,0.0,0.0,0.0,0.0,0.0,0.0
2013-03-12,166047.43354687822,-0.0026469089855407635,1.0,1.0,1.0,1.0,1.0,-0.0026469089855406,156518.54516077554,1.0,1.0,0.0,0.0,0.0,0.0,0.0,0.0
2013-03-13,165861.05568429222,-0.0037663754739784006,1.0,1.0,1.0,1.0,1.0,-0.0011224374782848,156342.86287964048,1.0,1.0,0.0,0.0,0.0,0.0,0.0,0.0
2013-03-14,167091.59871924407,0.0,1.0,1.0,1.0,1.0,1.0,0.0074191197558402255,157502.78930231542,1.0,1.0,0.0,0.3945005386862755,0.0,61.67734362577267,0.0,61.67734362577267
2013-03-15,166604.1076599154,-0.002917507900249139,1.0,1.0,1.0,1.0,1.0,-0.0029175079002491,157043.27367021464,1.0,1.0,0.0,0.0,0.0,0.0,0.0,0.0
2013-03-18,166171.55733041244,-0.005506209742941803,1.0,1.0,1.0,1.0,1.0,-0.002596276499892209,156635.54590931852,0.8009709747126491,0.8009709747126491,0.1990290252873509,0.1987110019081091,0.0,31.206226253937725,0.0,31.206226253937725
2013-03-19,165625.26377304463,-0.008775635384656533,1.0,1.0,1.0,1.0,1.0,-0.0032875274574311,156120.60225133193,0.8003145031589332,0.8003145031589332,0.19968549684106685,0.0,0.0,0.0,0.0,0.0
2013-03-20,166441.5588840829,-0.0038903202802758052,1.0,1.0,1.0,1.0,1.0,0.0049285664061301,156890.05300689262,0.8012938396654491,0.8012938396654491,0.1987061603345509,0.0,0.0,0.0,0.0,0.0
2013-03-21,165045.5653994999,-0.012244980211015943,1.0,1.0,1.0,1.0,1.0,-0.008387289171902144,155574.17076412876,0.9948664489060004,0.9948664489060004,0.0051335510939996,0.6005130664405454,0.0,94.21452682518878,0.0,94.21452682518878
2013-03-22,166305.95466737702,-0.004701876443154562,1.0,1.0,1.0,1.0,1.0,0.007636613954615,156762.23064756373,0.9949053547450484,0.9949053547450484,0.005094645254951624,0.0,0.0,0.0,0.0,0.0
2013-03-25,165835.03400225114,-0.007520214820041726,1.0,1.0,1.0,1.0,1.0,-0.0028316524568693,156318.33449200625,0.9948908875141252,0.9948908875141252,0.005109112485874756,0.0,0.0,0.0,0.0,0.0
2013-03-26,166817.69659534888,-0.0016392333665764536,1.0,1.0,1.0,1.0,1.0,0.0059255428083092,157244.6054747622,0.9949209834441508,0.9949209834441508,0.005079016555849192,0.0,0.0,0.0,0.0,0.0
2013-03-27,166639.31937059356,-0.0027067749193689927,1.0,1.0,1.0,1.0,1.0,-0.0010692943758121,157076.46470250128,0.9949155466667976,0.9949155466667976,0.005084453333202399,0.0,0.0,0.0,0.0,0.0
2013-03-28,167000.53629814734,-0.000544985036918133,1.0,1.0,1.0,1.0,1.0,0.0021676572427092,157416.9526388728,0.9949265441800512,0.9949265441800512,0.00507345581994878,0.0,0.0,0.0,0.0,0.0
2013-04-01,165889.03399234606,-0.007197038846451065,1.0,1.0,1.0,1.0,1.0,-0.006655681056119,156369.23560928227,0.9948925506260078,0.9948925506260078,0.005107449373992212,0.0,0.0,0.0,0.0,0.0
2013-04-02,166803.01156075613,-0.0017271195003216722,1.0,1.0,1.0,1.0,1.0,0.0055095719494772,157230.76316355634,0.9949205362967456,0.9949205362967456,0.0050794637032544054,0.0,0.0,0.0,0.0,0.0
2013-04-03,165372.90372408502,-0.010285945004613217,1.0,1.0,1.0,1.0,1.0,-0.008573633193368367,155882.72427347864,0.7950519564712812,0.7950519564712812,0.20494804352871876,0.1983097402167673,0.0,31.180391797048934,0.0,31.180391797048934
2013-04-04,165414.09314727175,-0.010039436960507797,1.0,1.0,1.0,1.0,1.0,0.000249069964058,155921.5499780107,0.7951029901621572,0.7951029901621572,0.20489700983784276,0.0,0.0,0.0,0.0,0.0
2013-04-05,164328.75657234524,-0.01653489563853594,1.0,1.0,1.0,1.0,1.0,-0.0065613307444137865,154898.49711842334,0.9939897618279916,0.9939897618279916,0.006010238172008409,0.1987274793469866,0.0,30.985896603005266,0.0,30.985896603005266
2013-04-08,165334.8889948793,-0.010513453326378763,1.0,1.0,1.0,1.0,1.0,0.006122680190129,155846.89107821108,0.994026336658197,0.994026336658197,0.005973663341803048,0.0,0.0,0.0,0.0,0.0
2013-04-09,166150.4335637173,-0.005632630022938345,1.0,1.0,1.0,1.0,1.0,0.0049326828341916,156615.6343625947,0.9940556582109008,0.9940556582109008,0.0059443417890991945,0.0,0.0,0.0,0.0,0.0
2013-04-10,168988.57642074474,0.0,1.0,1.0,1.0,1.0,1.0,0.0170817661811217,159290.9060090846,0.99415549271774,0.99415549271774,0.0058445072822600475,0.0,0.0,0.0,0.0,0.0
2013-04-11,169020.86738460686,0.0,1.0,1.0,1.0,1.0,1.0,0.0001910837084142,159321.34390612147,0.9941566092945058,0.9941566092945058,0.0058433907054942225,0.0,0.0,0.0,0.0,0.0
2013-04-12,168867.88404826404,-0.0009051150825933885,1.0,1.0,1.0,1.0,1.0,-0.0009051150825935,159177.13975477297,0.9941513155620076,0.9941513155620076,0.0058486844379923575,0.0,0.0,0.0,0.0,0.0
2013-04-15,165551.23246122306,-0.020527849472507076,1.0,1.0,1.0,1.0,1.0,-0.0196405113129329,156050.81934065904,0.9940341430817128,0.9940341430817128,0.005965856918287216,0.0,0.0,0.0,0.0,0.0
2013-04-16,167712.65536592054,-0.007739943824270457,1.0,1.0,1.0,1.0,1.0,0.0130559155166891,158088.2056542808,0.9941110289897034,0.9941110289897034,0.0058889710102966175,0.0,0.0,0.0,0.0,0.0
2013-04-17,164700.88921002913,-0.025558845138024422,1.0,1.0,1.0,1.0,1.0,-0.0179578944076717,155249.27435004295,0.9940033416319308,0.9940033416319308,0.005996658368069174,0.0,0.0,0.0,0.0,0.0
2013-04-18,162755.3478683869,-0.03706950279673327,1.0,1.0,1.0,1.0,1.0,-0.0118125733927352,153415.38090261418,0.9939316589074022,0.9939316589074022,0.006068341092597795,0.0,0.0,0.0,0.0,0.0
2013-04-19,164118.26470560936,-0.029005901785142507,1.0,1.0,1.0,1.0,1.0,0.0083740218375164,154700.08465250354,0.9939820533242816,0.9939820533242816,0.006017946675718422,0.0,0.0,0.0,0.0,0.0
2013-04-22,165438.94862317774,-0.021192168853792825,1.0,1.0,1.0,1.0,1.0,0.0080471477074012,155944.97908404973,0.9940300940393464,0.9940300940393464,0.00596990596065361,0.0,0.0,0.0,0.0,0.0
2013-04-23,167113.37967978508,-0.011285516009578167,1.0,1.0,1.0,1.0,1.0,0.0101211417900219,157523.3203288014,0.9940899108892282,0.9940899108892282,0.005910089110771843,0.0,0.0,0.0,0.0,0.0
2013-04-24,167219.7813662272,-0.010655997961963481,1.0,1.0,1.0,1.0,1.0,0.0006367035760153,157623.61599016056,0.9940936714697244,0.9940936714697244,0.0059063285302756174,0.0,0.0,0.0,0.0,0.0
2013-04-25,168081.88676442107,-0.005555412386147207,1.0,1.0,1.0,1.0,1.0,0.0051555228164411,158436.2481388078,0.9941239654996612,0.9941239654996612,0.0058760345003388,0.0,0.0,0.0,0.0,0.0
2013-04-26,167699.17143856097,-0.007819720526213936,1.0,1.0,1.0,1.0,1.0,-0.0022769575784004,158075.4955229148,0.9941105554843388,0.9941105554843388,0.005889444515661202,0.0,0.0,0.0,0.0,0.0
2013-04-29,169377.97119240146,0.0,1.0,1.0,1.0,1.0,1.0,0.0100107814453665,159657.95476046272,0.9941689290611004,0.9941689290611004,0.005831070938899563,0.0,0.0,0.0,0.0,0.0
2013-04-30,170686.99502043094,0.0,1.0,1.0,1.0,1.0,1.0,0.0077284183935734,160891.85823471376,0.994213648407182,0.994213648407182,0.00578635159281804,0.0,0.0,0.0,0.0,0.0
2013-05-01,169594.9736394635,-0.006397800727798386,1.0,1.0,1.0,1.0,1.0,-0.0063978007277984,159862.50418700287,0.9941763901115996,0.9941763901115996,0.005823609888400361,0.0,0.0,0.0,0.0,0.0
2013-05-02,171637.5606493636,0.0,1.0,1.0,1.0,1.0,1.0,0.0120439124230317,161787.87418715766,0.9942456944635362,0.9942456944635362,0.005754305536463833,0.0,0.0,0.0,0.0,0.0
2013-05-03,173512.03260409448,0.0,1.0,1.0,1.0,1.0,1.0,0.010921105774512,163554.77667418905,0.994307858938156,0.994307858938156,0.005692141061844014,0.0,0.0,0.0,0.0,0.0
2013-05-06,174223.096958984,0.0,1.0,1.0,1.0,1.0,1.0,0.0040980694204186,164225.03550304094,0.994331090522732,0.994331090522732,0.005668909477267947,0.0,0.0,0.0,0.0,0.0
2013-05-07,174434.51019172726,0.0,1.0,1.0,1.0,1.0,1.0,0.0012134627178223,164424.3164609569,0.9943379611957278,0.9943379611957278,0.005662038804272185,0.0,0.0,0.0,0.0,0.0
2013-05-08,175345.34345367042,0.0,1.0,1.0,1.0,1.0,1.0,0.0052216345317335,165282.88014964614,0.9943673727168538,0.9943673727168538,0.005632627283146174,0.0,0.0,0.0,0.0,0.0
2013-05-09,175113.86002834025,-0.0013201572438182874,1.0,1.0,1.0,1.0,1.0,-0.0013201572438183,165064.68075813743,0.9943599269335396,0.9943599269335396,0.005640073066460416,0.0,0.0,0.0,0.0,0.0
2013-05-10,176008.44109017163,0.0,1.0,1.0,1.0,1.0,1.0,0.0051085680007658,165907.92490431506,0.9943885931868244,0.9943885931868244,0.005611406813175623,0.0,0.0,0.0,0.0,0.0
2013-05-13,175924.66744652504,-0.0004759637840532349,1.0,1.0,1.0,1.0,1.0,-0.0004759637840531,165828.95874057323,0.994385921088582,0.994385921088582,0.0056140789114179634,0.0,0.0,0.0,0.0,0.0
2013-05-14,176871.38313650814,0.0,1.0,1.0,1.0,1.0,1.0,0.0053813697858538,166721.34568875935,0.994415970814524,0.994415970814524,0.005584029185475958,0.0,0.0,0.0,0.0,0.0
2013-05-15,177429.06804580626,0.0,1.0,1.0,1.0,1.0,1.0,0.0031530533623277,167247.02698835506,0.994433522216017,0.994433522216017,0.005566477783983004,0.0,0.0,0.0,0.0,0.0
2013-05-16,177308.1043013126,-0.0006817583264453475,1.0,1.0,1.0,1.0,1.0,-0.0006817583264453,167133.0049351325,0.994429724634406,0.994429724634406,0.005570275365593957,0.0,0.0,0.0,0.0,0.0
2013-05-17,179036.6474546349,0.0,1.0,1.0,1.0,1.0,1.0,0.0097488107502682,168762.35297036878,0.9944835039107844,0.9944835039107844,0.005516496089215561,0.0,0.0,0.0,0.0,0.0
2013-05-20,178789.31569942177,-0.0013814588171161546,1.0,1.0,1.0,1.0,1.0,-0.0013814588171161305,168529.21472986057,0.7947299469542701,0.7947299469542701,0.20527005304572987,0.1996696544863305,0.0,33.6967207078937,0.0,33.6967207078937
2013-05-21,178769.63601511886,-0.0014913786831475262,1.0,1.0,1.0,1.0,1.0,-0.0001100719258638,168510.66439463096,0.7947073499969186,0.7947073499969186,0.2052926500030814,0.0,0.0,0.0,0.0,0.0
2013-05-22,177345.65863794286,-0.009444931195555895,1.0,1.0,1.0,1.0,1.0,-0.0079654319878772,167168.40415816352,0.7930589753394837,0.7930589753394837,0.20694102466051634,0.0,0.0,0.0,0.0,0.0
2013-05-23,177167.7393415181,-0.010438690288759656,1.0,1.0,1.0,1.0,1.0,-0.0010032345747349,167000.69503530877,0.7928511564575255,0.7928511564575255,0.20714884354247454,0.0,0.0,0.0,0.0,0.0
2013-05-24,176896.9363604492,-0.011951246432537532,1.0,1.0,1.0,1.0,1.0,-0.001528511805114275,166745.43250148505,0.9927740903016116,0.9927740903016116,0.007225909698388433,0.1997342444878747,0.0,33.355757651827375,0.0,33.355757651827375
2013-05-28,177992.0232012727,-0.0058346951208795295,1.0,1.0,1.0,1.0,1.0,0.0061905359321324,167777.67609290444,0.9928185473423335,0.9928185473423335,0.007181452657666454,0.0,0.0,0.0,0.0,0.0
2013-05-29,176828.44750301784,-0.012333787428501553,1.0,1.0,1.0,1.0,1.0,-0.0065372350812546,166680.8739828985,0.9927712915760324,0.9927712915760324,0.007228708423967611,0.0,0.0,0.0,0.0,0.0
2013-05-30,177454.49704108504,-0.008837019884159414,1.0,1.0,1.0,1.0,1.0,0.0035404345110053,167270.9967014721,0.99279679405495,0.99279679405495,0.007203205945049973,0.0,0.0,0.0,0.0,0.0
2013-05-31,175433.9062643139,-0.02012292590115583,1.0,1.0,1.0,1.0,1.0,-0.0113865290001826,165366.36064664135,0.9927138298674352,0.9927138298674352,0.007286170132564829,0.0,0.0,0.0,0.0,0.0
2013-06-03,176515.11539545373,-0.014083887824251629,1.0,1.0,1.0,1.0,1.0,0.0061630568124663,166385.52292217736,0.9927584598905396,0.9927584598905396,0.0072415401094604315,0.0,0.0,0.0,0.0,0.0
2013-06-04,175474.0038400626,-0.019898962951007126,1.0,1.0,1.0,1.0,1.0,-0.0058981439241545,165404.15716108665,0.9927154948306344,0.9927154948306344,0.007284505169365629,0.0,0.0,0.0,0.0,0.0
2013-06-05,173138.4197369905,-0.03294424801569695,1.0,1.0,1.0,1.0,1.0,-0.0133101431092945,163202.60415840035,0.9926172290933236,0.9926172290933236,0.007382770906676384,0.0,0.0,0.0,0.0,0.0
2013-06-06,174106.27325700116,-0.02753835188342102,1.0,1.0,1.0,1.0,1.0,0.0055900563345843,164114.9159095967,0.9926582697788532,0.9926582697788532,0.007341730221146814,0.0,0.0,0.0,0.0,0.0
2013-06-07,175677.8280936079,-0.018760513050145478,1.0,1.0,1.0,1.0,1.0,0.0090264113245761,165596.28464509491,0.9927239464311848,0.9927239464311848,0.007276053568815222,0.0,0.0,0.0,0.0,0.0
2013-06-10,175279.56661596085,-0.020984982080978876,1.0,1.0,1.0,1.0,1.0,-0.0022669990969768,165220.87801734178,0.9927074141456383,0.9927074141456383,0.007292585854361655,0.0,0.0,0.0,0.0,0.0
2013-06-11,173184.5527379295,-0.032686574508094535,1.0,1.0,1.0,1.0,1.0,-0.01195241361260045,163246.08974584148,0.7931410832650241,0.7931410832650241,0.20685891673497592,0.1972911587070504,0.0,32.596618466637594,0.0,32.596618466637594
2013-06-12,172108.3974303332,-0.038697384713133665,1.0,1.0,1.0,1.0,1.0,-0.0062139220304759,162231.69127238076,0.7918476407340861,0.7918476407340861,0.2081523592659139,0.0,0.0,0.0,0.0,0.0
2013-06-13,174212.83335666757,-0.026943165919087075,1.0,1.0,1.0,1.0,1.0,0.012227386680456453,164215.36089339262,0.602628429558668,0.602628429558668,0.397371570441332,0.1942722993223467,0.0,31.51712368643851,0.0,31.51712368643851
2013-06-14,173571.66108214093,-0.030524400731301138,1.0,1.0,1.0,1.0,1.0,-0.0036803963414909,163610.98327994396,0.6011605422776244,0.6011605422776244,0.3988394577223756,0.0,0.0,0.0,0.0,0.0
2013-06-17,174335.0753744154,-0.0262603894066481,1.0,1.0,1.0,1.0,1.0,0.00439826575095793,164330.5878641847,1.0,1.0,0.0,0.39844101670567,0.0,65.18932652227525,0.0,65.18932652227525
2013-06-18,175111.37622139647,-0.0219244008924655,1.0,1.0,1.0,1.0,1.0,0.004452924033295114,165062.33948829066,0.5988779516129837,0.5988779516129837,0.40112204838701626,0.4033115259224858,0.0,66.27642014724347,0.0,66.27642014724347
2013-06-19,172390.78185788746,-0.037120140994772566,1.0,1.0,1.0,1.0,1.0,-0.0155363656103605,162497.87063349911,0.5925476225074489,0.5925476225074489,0.40745237749255114,0.0,0.0,0.0,0.0,0.0
2013-06-20,168903.37895705109,-0.0565988508031654,1.0,1.0,1.0,1.0,1.0,-0.0202296367778601,159210.59773340775,0.5841348209874655,0.5841348209874655,0.4158651790125345,0.0,0.0,0.0,0.0,0.0
2013-06-21,169395.4575440108,-0.05385037112620761,1.0,1.0,1.0,1.0,1.0,0.0029133732551605454,159674.43763078234,0.394711292102806,0.394711292102806,0.605288707897194,0.1913783391570548,0.0,30.469459770421544,0.0,30.469459770421544
2013-06-24,168340.3892648923,-0.059743400816600234,1.0,1.0,1.0,1.0,1.0,-0.006228433125748782,158679.9160741075,0.9917579836058832,0.9917579836058832,0.008242016394116813,0.5965015248261831,0.0,95.2460455225249,0.0,95.2460455225249
2013-06-25,169973.31659033342,-0.05062276909870078,1.0,1.0,1.0,1.0,1.0,0.0097001517732718,160219.13534339634,0.9918371643505828,0.9918371643505828,0.008162835649417222,0.0,0.0,0.0,0.0,0.0
2013-06-26,171504.9485553563,-0.042067917414433276,1.0,1.0,1.0,1.0,1.0,0.0090110141741506,161662.87224294586,0.991910062888562,0.991910062888562,0.008089937111438017,0.0,0.0,0.0,0.0,0.0
2013-06-27,172836.31542752235,-0.03463163612178122,1.0,1.0,1.0,1.0,1.0,0.0077628481474185,162917.83657124336,0.9919723800829632,0.9919723800829632,0.008027619917036821,0.0,0.0,0.0,0.0,0.0
2013-06-28,172203.6077120296,-0.03816559257420571,1.0,1.0,1.0,1.0,1.0,-0.003660733648063,162321.4377650374,0.9919428851314576,0.9919428851314576,0.008057114868542437,0.0,0.0,0.0,0.0,0.0
2013-07-01,172573.34504843148,-0.03610044366945098,1.0,1.0,1.0,1.0,1.0,0.002147094020354,162669.957153438,0.9919601474507904,0.9919601474507904,0.00803985254920958,0.0,0.0,0.0,0.0,0.0
2013-07-02,170981.67360948614,-0.04499064275200837,1.0,1.0,1.0,1.0,1.0,-0.009223159222524625,161169.62623789057,0.7834514186202586,0.7834514186202586,0.21654858137974142,0.2067181849700247,0.0,33.626838291910396,0.0,33.626838291910396
2013-07-03,170904.23960501907,-0.04542314640736578,1.0,1.0,1.0,1.0,1.0,-0.000452878971368,161096.63590334417,0.7833533038873727,0.7833533038873727,0.21664669611262732,0.0,0.0,0.0,0.0,0.0
2013-07-05,169779.7125970579,-0.05170413426068288,1.0,1.0,1.0,1.0,1.0,-0.006579866073305851,160036.64161424004,0.5884080004565915,0.5884080004565915,0.4115919995434085,0.1924295127096511,0.0,30.99974714604461,0.0,30.99974714604461
2013-07-08,169957.5285446521,-0.0507109524170648,1.0,1.0,1.0,1.0,1.0,0.001047333305459425,160204.25331909655,0.3879674585027968,0.3879674585027968,0.6120325414972032,0.201282826845375,0.0,32.21262762295441,0.0,32.21262762295441
2013-07-09,170694.17514403438,-0.0465964506664166,1.0,1.0,1.0,1.0,1.0,0.004334298137247444,160898.6263158366,0.9914490620016756,0.9914490620016756,0.008550937998324404,0.6028416994847562,0.0,96.57780433557056,0.0,96.57780433557056
2013-07-10,169793.68732522763,-0.05162607913415762,1.0,1.0,1.0,1.0,1.0,-0.0052754455039074,160049.81438105385,0.991403712756788,0.991403712756788,0.008596287243212042,0.0,0.0,0.0,0.0,0.0
2013-07-11,174956.39680160643,-0.022790030482794488,1.0,1.0,1.0,1.0,1.0,0.030405779847928,164916.25380182592,0.991657376723488,0.991657376723488,0.008342623276512029,0.0,0.0,0.0,0.0,0.0
2013-07-12,173709.95779451693,-0.029751951546499233,1.0,1.0,1.0,1.0,1.0,-0.0071242837065449,163741.34362192114,0.9915975150367698,0.9915975150367698,0.00840248496323015,0.0,0.0,0.0,0.0,0.0
2013-07-15,175330.11674724205,-0.02070263691869012,1.0,1.0,1.0,1.0,1.0,0.0093268052867851,165268.5272512794,0.9916751592059,0.9916751592059,0.008324840794100008,0.0,0.0,0.0,0.0,0.0
2013-07-16,175261.3589040847,-0.021086680320613116,1.0,1.0,1.0,1.0,1.0,-0.0003921621934269,165203.71518312808,0.9916718932372848,0.9916718932372848,0.008328106762715226,0.0,0.0,0.0,0.0,0.0
2013-07-17,176739.68051638576,-0.012829590873740804,1.0,1.0,1.0,1.0,1.0,0.0084349546388611,166597.2010268691,0.991741552864262,0.991741552864262,0.008258447135737979,0.0,0.0,0.0,0.0,0.0
2013-07-18,176198.47574180734,-0.015852462348786456,1.0,1.0,1.0,1.0,1.0,-0.0030621577055995,166087.05412401338,0.9917161865209856,0.9917161865209856,0.008283813479014412,0.0,0.0,0.0,0.0,0.0
2013-07-19,175887.55772566565,-0.01758907896087125,1.0,1.0,1.0,1.0,1.0,-0.0017645897039272,165793.97861835052,0.9917015431494688,0.9917015431494688,0.00829845685053121,0.0,0.0,0.0,0.0,0.0
2013-07-22,177218.4307872689,-0.0101555558217582,1.0,1.0,1.0,1.0,1.0,0.0075666128907142,167048.47747416692,0.9917638628112904,0.9917638628112904,0.008236137188709636,0.0,0.0,0.0,0.0,0.0
2013-07-23,178635.8953135139,-0.002238380503759907,1.0,1.0,1.0,1.0,1.0,0.0079984035517531,168384.59860971122,0.9918292160387469,0.9918292160387469,0.008170783961253147,0.0,0.0,0.0,0.0,0.0
2013-07-24,176625.75450774975,-0.013465918744351102,1.0,1.0,1.0,1.0,1.0,-0.0112527261233599,166489.81283816425,0.9917362260537846,0.9917362260537846,0.008263773946215358,0.0,0.0,0.0,0.0,0.0
2013-07-25,177688.61856343204,-0.007529346144310556,1.0,1.0,1.0,1.0,1.0,0.0060176051824631,167491.6827987265,0.9917856567284262,0.9917856567284262,0.008214343271573776,0.0,0.0,0.0,0.0,0.0
2013-07-26,177107.64530769453,-0.010774342428575334,1.0,1.0,1.0,1.0,1.0,-0.0032696143424071,166944.0495904139,0.9917587108913568,0.9917587108913568,0.00824128910864319,0.0,0.0,0.0,0.0,0.0
2013-07-29,176031.37274479223,-0.01678580755710446,1.0,1.0,1.0,1.0,1.0,-0.0060769401627607,165929.54059052397,0.9917083228655618,0.9917083228655618,0.008291677134438236,0.0,0.0,0.0,0.0,0.0
2013-07-30,175263.3329201803,-0.021075654555085865,1.0,1.0,1.0,1.0,1.0,-0.0043630849014933,165205.57591726174,0.9916719870379476,0.9916719870379476,0.008328012962052433,0.0,0.0,0.0,0.0,0.0
2013-07-31,174831.11007342077,-0.02348981306902398,1.0,1.0,1.0,1.0,1.0,-0.0024661339001033,164798.15684600608,0.9916513982681984,0.9916513982681984,0.00834860173180163,0.0,0.0,0.0,0.0,0.0
2013-08-01,176763.53578623993,-0.012696348489048548,1.0,1.0,1.0,1.0,1.0,0.011053099828787,166619.6873252251,0.9917426673898576,0.9917426673898576,0.008257332610142387,0.0,0.0,0.0,0.0,0.0
2013-08-02,176864.2216844174,-0.01213397257546367,1.0,1.0,1.0,1.0,1.0,0.0005696078533936,166714.59520765554,0.9917473681537684,0.9917473681537684,0.008252631846231595,0.0,0.0,0.0,0.0,0.0
2013-08-05,175636.3368044331,-0.01899226051506242,1.0,1.0,1.0,1.0,1.0,-0.0069425283886713,165557.17439762058,0.9916896734759562,0.9916896734759562,0.008310326524043843,0.0,0.0,0.0,0.0,0.0
2013-08-06,173662.98584199732,-0.030014310975071012,1.0,1.0,1.0,1.0,1.0,-0.011235436802767364,163697.06722743137,0.9976135518432768,0.9976135518432768,0.0023864481567231755,0.3900242753879659,0.0,64.57131697971107,0.0,64.57131697971107
2013-08-07,172516.56915834823,-0.03641756248780714,1.0,1.0,1.0,1.0,1.0,-0.006601387613432463,162616.43943548098,0.8130549535022071,0.8130549535022071,0.18694504649779287,0.1835080096363629,0.0,30.039722990215814,0.0,30.039722990215814
2013-08-08,174543.49920952244,-0.02509624877918326,1.0,1.0,1.0,1.0,1.0,0.01174919059115835,164527.05097566402,0.6058597399285741,0.6058597399285741,0.3941402600714259,0.2120380806895505,0.0,34.48087770646792,0.0,34.48087770646792
2013-08-09,174717.84467093772,-0.024122451157892133,1.0,1.0,1.0,1.0,1.0,0.00099886539576,164691.39135355008,0.6062530401414625,0.6062530401414625,0.39374695985853747,0.0,0.0,0.0,0.0,0.0
2013-08-12,174852.55458335896,-0.023370035860038718,1.0,1.0,1.0,1.0,1.0,0.0007710140465329,164818.3707296267,0.6065563906907585,0.6065563906907585,0.3934436093092415,0.0,0.0,0.0,0.0,0.0
2013-08-13,175192.78603650664,-0.02146969055093717,1.0,1.0,1.0,1.0,1.0,0.001945819172950709,165139.07747544692,1.0,1.0,0.0,0.393050558750491,0.0,64.78195270762536,0.0,64.78195270762536
2013-08-14,175324.6766747798,-0.02073302216405526,1.0,1.0,1.0,1.0,1.0,0.0007528314450441,165263.399365776,1.0,1.0,0.0,0.0,0.0,0.0,0.0,0.0
2013-08-15,174258.49395041983,-0.026688131017565953,1.0,1.0,1.0,1.0,1.0,-0.006081190306928,164258.40118346288,1.0,1.0,0.0,0.0,0.0,0.0,0.0,0.0
2013-08-16,173519.27205687077,-0.030817016941529496,1.0,1.0,1.0,1.0,1.0,-0.0042420996348068,163561.60067978856,1.0,1.0,0.0,0.0,0.0,0.0,0.0,0.0
2013-08-19,171889.3193499032,-0.03992103408070524,1.0,1.0,1.0,1.0,1.0,-0.0093934966856785,162025.1853258987,1.0,1.0,0.0,0.0,0.0,0.0,0.0,0.0
2013-08-20,172146.1211682533,-0.038486680712268906,1.0,1.0,1.0,1.0,1.0,0.0014939952018038338,162267.25017534697,0.9988543739841532,0.9988543739841532,0.001145626015846779,0.4022272985015661,0.0,65.17095258285183,0.0,65.17095258285183
2013-08-21,170775.10010174778,-0.046144448470978316,1.0,1.0,1.0,1.0,1.0,-0.007964286718755,160974.90726988655,0.9988451766398032,0.9988451766398032,0.0011548233601967883,0.0,0.0,0.0,0.0,0.0
2013-08-22,172394.37572475488,-0.0371000676359462,1.0,1.0,1.0,1.0,1.0,0.0094819187460133,162501.25826076666,0.9988560237298444,0.9988560237298444,0.001143976270155611,0.0,0.0,0.0,0.0,0.0
2013-08-23,173847.93291586972,-0.028981298591842286,1.0,1.0,1.0,1.0,1.0,0.0084315812798649,163871.40082787263,0.9988655886116696,0.9988655886116696,0.0011344113883303697,0.0,0.0,0.0,0.0,0.0
2013-08-26,173459.73655519838,-0.031149549428697854,1.0,1.0,1.0,1.0,1.0,-0.0022329650641242,163505.4817148149,0.9988630498416866,0.9988630498416866,0.0011369501583133879,0.0,0.0,0.0,0.0,0.0
2013-08-27,171605.01572297508,-0.04150899738860936,1.0,1.0,1.0,1.0,1.0,-0.0106925149839202,161757.19690162616,0.9988507615927976,0.9988507615927976,0.0011492384072023798,0.0,0.0,0.0,0.0,0.0
2013-08-28,172249.43849335247,-0.0379096070987488,1.0,1.0,1.0,1.0,1.0,0.003755267686451,162364.6384762017,0.9988550611446838,0.9988550611446838,0.001144938855316191,0.0,0.0,0.0,0.0,0.0
2013-08-29,172067.83033303238,-0.038923970151799825,1.0,1.0,1.0,1.0,1.0,-0.0010543323793018,162193.45218060262,0.9988538527244998,0.9988538527244998,0.00114614727550022,0.0,0.0,0.0,0.0,0.0
2013-08-30,171990.4410646323,-0.03935622393615246,1.0,1.0,1.0,1.0,1.0,-0.0004497602384496,162120.5040148749,0.998853337001076,0.998853337001076,0.001146662998923964,0.0,0.0,0.0,0.0,0.0
2013-09-03,172884.53395129612,-0.03436231403348644,1.0,1.0,1.0,1.0,1.0,0.0051985033652414,162963.28800057084,0.9988592671048702,0.9988592671048702,0.0011407328951298368,0.0,0.0,0.0,0.0,0.0
2013-09-04,174007.50938579306,-0.028089992414073395,1.0,1.0,1.0,1.0,1.0,0.0064955228141649,164021.8197556499,0.9988666289424316,0.9988666289424316,0.0011333710575683886,0.0,0.0,0.0,0.0,0.0
2013-09-05,174537.05234688165,-0.025132257399387292,1.0,1.0,1.0,1.0,1.0,0.0030432190136954,164520.9740761912,0.9988700675742735,0.9988700675742735,0.0011299324257264542,0.0,0.0,0.0,0.0,0.0
2013-09-06,175231.6608935513,-0.02125255703331752,1.0,1.0,1.0,1.0,1.0,0.003979719706101,165175.72143878913,0.9988745465634932,0.9988745465634932,0.0011254534365068292,0.0,0.0,0.0,0.0,0.0
2013-09-09,177262.90729799753,-0.00990713455515746,1.0,1.0,1.0,1.0,1.0,0.0115917773882207,167090.40163164632,0.9988874430756916,0.9988874430756916,0.0011125569243084499,0.0,0.0,0.0,0.0,0.0
2013-09-10,177756.56378641204,-0.007149841590656458,1.0,1.0,1.0,1.0,1.0,0.0027848831768544,167555.72888016416,0.998890532812198,0.998890532812198,0.0011094671878020268,0.0,0.0,0.0,0.0,0.0
2013-09-11,178174.87517619337,-0.0048133848052527295,1.0,1.0,1.0,1.0,1.0,0.0023532823816507,167950.0348248825,0.9988931375720488,0.9988931375720488,0.0011068624279512163,0.0,0.0,0.0,0.0,0.0
2013-09-12,177361.89342364922,-0.009354252633724247,1.0,1.0,1.0,1.0,1.0,-0.0045628304874087,167183.70728562216,0.9988880639965522,0.9988880639965522,0.0011119360034478332,0.0,0.0,0.0,0.0,0.0
2013-09-13,177755.9238599893,-0.007153415866827495,1.0,1.0,1.0,1.0,1.0,0.0022216183461626,167555.12567690737,0.9988905288180844,0.9988905288180844,0.0011094711819156222,0.0,0.0,0.0,0.0,0.0
2013-09-16,178067.92015218752,-0.005410776599203415,1.0,1.0,1.0,1.0,1.0,0.0017551949067191,167849.21758009016,0.9988924727442828,0.9988924727442828,0.0011075272557171667,0.0,0.0,0.0,0.0,0.0
2013-09-17,177845.58951638386,-0.0066525929477808665,1.0,1.0,1.0,1.0,1.0,-0.0012485720932419,167639.64573114717,0.9988910881879404,0.9988910881879404,0.001108911812059632,0.0,0.0,0.0,0.0,0.0
2013-09-18,181858.57912040505,0.0,1.0,1.0,1.0,1.0,1.0,0.0225644595119492,171422.34372984516,0.998915558034758,0.998915558034758,0.0010844419652420445,0.0,0.0,0.0,0.0,0.0
2013-09-19,181320.9318134104,-0.0029564033195194073,1.0,1.0,1.0,1.0,1.0,-0.0029564033195193,170915.55014380245,0.9989123424804568,0.9989123424804568,0.0010876575195432059,0.0,0.0,0.0,0.0,0.0
2013-09-20,179168.67269879646,-0.014791198933912564,1.0,1.0,1.0,1.0,1.0,-0.011869887790058,168886.80174201948,0.9988992770222228,0.9988992770222228,0.001100722977777191,0.0,0.0,0.0,0.0,0.0
2013-09-23,178666.30632921206,-0.017553600202052877,1.0,1.0,1.0,1.0,1.0,-0.0028038739251527653,168413.2644423126,0.8090590115060189,0.8090590115060189,0.1909409884939811,0.1894943854427653,0.0,32.003100705498134,0.0,32.003100705498134
2013-09-24,178347.13525072523,-0.019308651187442516,1.0,1.0,1.0,1.0,1.0,-0.0017864088928929,168112.40948903174,0.8087173023939589,0.8087173023939589,0.1912826976060411,0.0,0.0,0.0,0.0,0.0
2013-09-25,178167.75151221166,-0.020295042587733847,1.0,1.0,1.0,1.0,1.0,-0.0010058122787415412,167943.31996335884,1.0,1.0,0.0,0.1910916060000411,0.0,32.12487031779563,0.0,32.12487031779563
2013-09-26,179022.42391145948,-0.015595388585257774,1.0,1.0,1.0,1.0,1.0,0.0047970095148742,168748.94566718262,1.0,1.0,0.0,0.0,0.0,0.0,0.0,0.0
2013-09-27,177632.76431610412,-0.023236818547356486,1.0,1.0,1.0,1.0,1.0,-0.0077624889943545,167439.0338336322,1.0,1.0,0.0,0.0,0.0,0.0,0.0,0.0
2013-09-30,176452.6707840353,-0.02972589119807545,1.0,1.0,1.0,1.0,1.0,-0.0066434451809172,166326.6617912127,1.0,1.0,0.0,0.0,0.0,0.0,0.0,0.0
2013-10-01,177623.3028852741,-0.02328884485744742,1.0,1.0,1.0,1.0,1.0,0.006634255497734,167430.11536162082,1.0,1.0,0.0,0.0,0.0,0.0,0.0,0.0
2013-10-02,178289.83272947025,-0.019623745045165064,1.0,1.0,1.0,1.0,1.0,0.0037524909928437,168058.39536144608,1.0,1.0,0.0,0.0,0.0,0.0,0.0,0.0
2013-10-03,177140.48059043352,-0.025943777592410178,1.0,1.0,1.0,1.0,1.0,-0.006446537760684942,166975.0005697484,0.7947208589989428,0.7947208589989428,0.20527914100105715,0.2041599612283413,0.0,34.31079548109009,0.0,34.31079548109009
2013-10-04,178223.15603896894,-0.019990385380879716,1.0,1.0,1.0,1.0,1.0,0.0061119595302369,167995.54501579195,0.7959678949677688,0.7959678949677688,0.20403210503223124,0.0,0.0,0.0,0.0,0.0
2013-10-07,177704.9708836688,-0.022839770643903523,1.0,1.0,1.0,1.0,1.0,-0.002907507457599,167507.09671581513,0.7953729402655643,0.7953729402655643,0.20462705973443573,0.0,0.0,0.0,0.0,0.0
2013-10-08,176555.01185018162,-0.029163140369154905,1.0,1.0,1.0,1.0,1.0,-0.0064711697583294,166423.1298572422,0.7940401390419025,0.7940401390419025,0.20595986095809748,0.0,0.0,0.0,0.0,0.0
2013-10-09,176544.91042154562,-0.02921868588526333,1.0,1.0,1.0,1.0,1.0,-5.721405770433931e-05,166413.60811468723,0.9942684025778972,0.9942684025778972,0.00573159742210283,0.2000285629010393,0.0,33.2893794988372,0.0,33.2893794988372
2013-10-10,180074.21070274396,-0.009811846250485035,1.0,1.0,1.0,1.0,1.0,0.0199909488909719,169740.37404927015,0.9943807369777796,0.9943807369777796,0.005619263022220378,0.0,0.0,0.0,0.0,0.0
2013-10-11,180917.831046953,-0.005172965047907874,1.0,1.0,1.0,1.0,1.0,0.0046848482129495,170535.58193730027,0.9944069396167208,0.9944069396167208,0.005593060383279225,0.0,0.0,0.0,0.0,0.0
2013-10-14,181664.40415570213,-0.001067725073197412,1.0,1.0,1.0,1.0,1.0,0.0041265866632868,171239.31179533858,0.9944299250138724,0.9944299250138724,0.005570074986127604,0.0,0.0,0.0,0.0,0.0
2013-10-15,180555.808177377,-0.007163648530243316,1.0,1.0,1.0,1.0,1.0,-0.0061024391843707,170194.33430913402,0.9943957252681486,0.9943957252681486,0.005604274731851433,0.0,0.0,0.0,0.0,0.0
2013-10-16,182765.90623878775,0.0,1.0,1.0,1.0,1.0,1.0,0.0122405259831881,172277.60248043638,0.9944634950014396,0.9944634950014396,0.005536504998560399,0.0,0.0,0.0,0.0,0.0
2013-10-17,183228.862541049,0.0,1.0,1.0,1.0,1.0,1.0,0.0025330561470059,172713.99132039087,0.9944774838449332,0.9944774838449332,0.005522516155066826,0.0,0.0,0.0,0.0,0.0
2013-10-18,184526.14756544487,0.0,1.0,1.0,1.0,1.0,1.0,0.0070801346818668,173936.829640382,0.994516309114953,0.994516309114953,0.005483690885046966,0.0,0.0,0.0,0.0,0.0
2013-10-21,184335.86834799725,-0.0010311775320629435,1.0,1.0,1.0,1.0,1.0,-0.0010311775320629,173757.46988965856,0.9945106486191436,0.9945106486191436,0.005489351380856378,0.0,0.0,0.0,0.0,0.0
2013-10-22,184935.15170050607,0.0,1.0,1.0,1.0,1.0,1.0,0.003251040385572,174322.36244156465,0.9945284368917804,0.9945284368917804,0.0054715631082196126,0.0,0.0,0.0,0.0,0.0
2013-10-23,182434.64824874088,-0.01352097439979738,1.0,1.0,1.0,1.0,1.0,-0.0135209743997975,171965.35424168003,0.9944534420233716,0.9944534420233716,0.005546557976628397,0.0,0.0,0.0,0.0,0.0
2013-10-24,182678.9538841082,-0.012199940333959214,1.0,1.0,1.0,1.0,1.0,0.0013391405509453,172195.64002090273,0.9944608597107504,0.9944608597107504,0.005539140289249622,0.0,0.0,0.0,0.0,0.0
2013-10-25,183526.41312062152,-0.007617473297699129,1.0,1.0,1.0,1.0,1.0,0.0046390633321174,172994.4665004742,0.9944864374764822,0.9944864374764822,0.0055135625235177566,0.0,0.0,0.0,0.0,0.0
2013-10-28,183940.5715831188,-0.005377993898087796,1.0,1.0,1.0,1.0,1.0,0.0022566695194173,173384.85784005365,0.9944988517500596,0.9944988517500596,0.005501148249940413,0.0,0.0,0.0,0.0,0.0
2013-10-29,184568.78867853704,-0.001981035074188342,1.0,1.0,1.0,1.0,1.0,0.0034153264285926,173977.02372735256,0.9945175760175796,0.9945175760175796,0.005482423982420381,0.0,0.0,0.0,0.0,0.0
2013-10-30,183995.23756822816,-0.005082398471222271,1.0,1.0,1.0,1.0,1.0,-0.0031075195021616,173436.3867331918,0.994500486171104,0.994500486171104,0.005499513828896019,0.0,0.0,0.0,0.0,0.0
2013-10-31,182630.189232616,-0.012463625474635975,1.0,1.0,1.0,1.0,1.0,-0.007418932977034144,172149.67380423925,0.7949836679813893,0.7949836679813893,0.2050163320186107,0.1981940097730442,0.0,34.3740529271997,0.0,34.3740529271997
2013-11-01,182316.94891763336,-0.014157410091039768,1.0,1.0,1.0,1.0,1.0,-0.0017151617500854,171854.40926844053,0.7946314276614446,0.7946314276614446,0.20536857233855543,0.0,0.0,0.0,0.0,0.0
2013-11-04,182556.2981776148,-0.012863176637958551,1.0,1.0,1.0,1.0,1.0,0.0013128195782255,172080.0231015325,0.7949006860562705,0.7949006860562705,0.2050993139437295,0.0,0.0,0.0,0.0,0.0
2013-11-05,181399.74078756737,-0.019117030377567956,1.0,1.0,1.0,1.0,1.0,-0.0063353464196682,170989.83654327982,0.7935930263749204,0.7935930263749204,0.20640697362507965,0.0,0.0,0.0,0.0,0.0
2013-11-06,182044.9652417125,-0.015628107648642753,1.0,1.0,1.0,1.0,1.0,0.003556920485904738,171598.0337957621,0.994564645437378,0.994564645437378,0.005435354562622008,0.2007515344040617,0.0,34.32647205356313,0.0,34.32647205356313
2013-11-07,179804.66819042963,-0.027742067762136613,1.0,1.0,1.0,1.0,1.0,-0.012306284045308388,169486.299650255,0.8064893085437028,0.8064893085437028,0.19351069145629718,0.1858798191779879,0.0,31.896611493254518,0.0,31.896611493254518
2013-11-08,181715.6581022359,-0.017408770418530284,1.0,1.0,1.0,1.0,1.0,0.0106281440356283,171287.62445500362,0.8085243394434153,0.8085243394434153,0.19147566055658471,0.0,0.0,0.0,0.0,0.0
2013-11-11,181605.5912945647,-0.01800393475943085,1.0,1.0,1.0,1.0,1.0,-0.0006057089896415,171183.8740010569,0.8084082906227047,0.8084082906227047,0.1915917093772953,0.0,0.0,0.0,0.0,0.0
2013-11-12,180790.83251985587,-0.02240958056130793,1.0,1.0,1.0,1.0,1.0,-0.0044864189967992,170415.87141679286,0.8075448562095716,0.8075448562095716,0.19245514379042838,0.0,0.0,0.0,0.0,0.0
2013-11-13,181766.05297001687,-0.01713627020795594,1.0,1.0,1.0,1.0,1.0,0.005394191932015781,171335.12733547675,1.0,1.0,0.0,0.1922628809095188,0.0,32.764646391298726,0.0,32.764646391298726
2013-11-14,183074.70593983936,-0.01005998991300272,1.0,1.0,1.0,1.0,1.0,0.0071996555376508346,172568.6812337917,0.7975897211782715,0.7975897211782715,0.20241027882172846,0.204071634741266,0.0,34.96463952395373,0.0,34.96463952395373
2013-11-15,183697.4675872591,-0.006692530337614522,1.0,1.0,1.0,1.0,1.0,0.0034016804463658,173155.70474239983,0.7982759220298637,0.7982759220298637,0.20172407797013625,0.0,0.0,0.0,0.0,0.0
2013-11-18,183255.9960271197,-0.009079699872881375,1.0,1.0,1.0,1.0,1.0,-0.0024032533814312,172739.56770946356,0.7977899600676369,0.7977899600676369,0.20221003993236308,0.0,0.0,0.0,0.0,0.0
2013-11-19,183296.50882226508,-0.0088606350019097,1.0,1.0,1.0,1.0,1.0,0.0002210721396498,172777.75561529928,0.7978346531934185,0.7978346531934185,0.2021653468065815,0.0,0.0,0.0,0.0,0.0
2013-11-20,182845.9043573021,-0.011297188901044697,1.0,1.0,1.0,1.0,1.0,-0.0024583363199781813,172353.00978338585,0.9975764860078152,0.9975764860078152,0.002423513992184767,0.1995482423844812,0.0,34.47749745616841,0.0,34.47749745616841
2013-11-21,185074.18534348,0.0,1.0,1.0,1.0,1.0,1.0,0.0121866606419774,174453.4174242394,0.997605664956454,0.997605664956454,0.0023943350435460253,0.0,0.0,0.0,0.0,0.0
2013-11-22,185718.72146593823,0.0,1.0,1.0,1.0,1.0,1.0,0.0034825825182589,175060.9658460116,0.9976139744871932,0.9976139744871932,0.0023860255128067553,0.0,0.0,0.0,0.0,0.0
2013-11-25,185556.77804000457,-0.0008719822355839346,1.0,1.0,1.0,1.0,1.0,-0.0008719822355839,174908.3157936497,0.9976118920995272,0.9976118920995272,0.0023881079004728356,0.0,0.0,0.0,0.0,0.0
2013-11-26,185489.0994447919,-0.001236396736601697,1.0,1.0,1.0,1.0,1.0,-0.0003647325413145,174844.52103913325,0.9976110207610585,0.9976110207610585,0.0023889792389415465,0.0,0.0,0.0,0.0,0.0
2013-11-27,185855.05553971077,0.0,1.0,1.0,1.0,1.0,1.0,0.001972925072224,175189.47617843235,0.9976157247574634,0.9976157247574634,0.002384275242536593,0.0,0.0,0.0,0.0,0.0
2013-11-29,185506.6260060282,-0.001874737992306641,1.0,1.0,1.0,1.0,1.0,-0.0018747379923068,174861.04181158834,0.9976112464704672,0.9976112464704672,0.0023887535295328277,0.0,0.0,0.0,0.0,0.0
2013-12-02,185361.6912024579,-0.002654565063189507,1.0,1.0,1.0,1.0,1.0,-0.0007812917882813,174724.4243155306,0.997609378697675,0.997609378697675,0.0023906213023250356,0.0,0.0,0.0,0.0,0.0
2013-12-03,184364.64141794603,-0.008019228303672854,1.0,1.0,1.0,1.0,1.0,-0.0053789419919721,173784.59177255665,0.9975964501424162,0.9975964501424162,0.002403549857583842,0.0,0.0,0.0,0.0,0.0
2013-12-04,184548.9028198493,-0.0070278030160034755,1.0,1.0,1.0,1.0,1.0,0.000999440025409,173958.27904937352,0.9975988499478852,0.9975988499478852,0.002401150052114831,0.0,0.0,0.0,0.0,0.0
2013-12-05,183256.86068257643,-0.013979683520522812,1.0,1.0,1.0,1.0,1.0,-0.0070010827348789,172740.3827453317,0.9975819207751728,0.9975819207751728,0.0024180792248271743,0.0,0.0,0.0,0.0,0.0
2013-12-06,185154.8301116661,-0.003767588812751299,1.0,1.0,1.0,1.0,1.0,0.0103568806211142,174529.43426787067,0.9976067078166077,0.9976067078166077,0.002393292183392348,0.0,0.0,0.0,0.0,0.0
2013-12-09,185795.7918941208,-0.0003188702369051333,1.0,1.0,1.0,1.0,1.0,0.003461761068119,175133.61346866,0.9976149642405456,0.9976149642405456,0.002385035759454368,0.0,0.0,0.0,0.0,0.0
2013-12-10,185193.80382185857,-0.0035578893236558606,1.0,1.0,1.0,1.0,1.0,-0.0032400522429769,174566.17141152025,0.9976072114807368,0.9976072114807368,0.002392788519263167,0.0,0.0,0.0,0.0,0.0
2013-12-11,182796.326731964,-0.01645760347419345,1.0,1.0,1.0,1.0,1.0,-0.012945773780858998,172306.27724663602,0.8111416355363137,0.8111416355363137,0.1888583644636863,0.1842048631445979,0.0,32.15593771453552,0.0,32.15593771453552
2013-12-12,182519.3140500499,-0.017948080454277093,1.0,1.0,1.0,1.0,1.0,-0.0015154171140445176,172045.16136523918,1.0,1.0,0.0,0.1886696947689174,0.0,32.50897273489129,0.0,32.50897273489129
2013-12-13,182396.2231731243,-0.018610375469971685,1.0,1.0,1.0,1.0,1.0,-0.0006743991865531,171929.13424836408,1.0,1.0,0.0,0.0,0.0,0.0,0.0,0.0
2013-12-16,183742.38624417,-0.011367295279677614,1.0,1.0,1.0,1.0,1.0,0.0073804328161334,173198.0456728201,1.0,1.0,0.0,0.0,0.0,0.0,0.0,0.0
2013-12-17,182792.1719946982,-0.016479958191710997,1.0,1.0,1.0,1.0,1.0,-0.0051714482917899,172302.36093538403,1.0,1.0,0.0,0.0,0.0,0.0,0.0,0.0
2013-12-18,186194.02764650475,0.0,1.0,1.0,1.0,1.0,1.0,0.0186105105852411,175508.995847434,1.0,1.0,0.0,0.0,0.0,0.0,0.0,0.0
2013-12-19,186199.3354302141,0.0,1.0,1.0,1.0,1.0,1.0,2.8506734487922e-05,175513.99903577883,1.0,1.0,0.0,0.0,0.0,0.0,0.0,0.0
2013-12-20,187208.86773014357,0.0,1.0,1.0,1.0,1.0,1.0,0.0054217825084978,176465.59776574755,0.8023110240418259,0.8023110240418259,0.19768897595817414,0.1989597623524996,0.0,34.920223537695406,0.0,34.920223537695406
2013-12-23,187777.76414152823,0.0,1.0,1.0,1.0,1.0,1.0,0.0030388326059678,177001.8471780697,0.8029099477190093,0.8029099477190093,0.19709005228099075,0.0,0.0,0.0,0.0,0.0
2013-12-24,188185.4080938861,0.0,1.0,1.0,1.0,1.0,1.0,0.0021708851110328,177386.09785273386,0.8033368807564643,0.8033368807564643,0.19666311924353574,0.0,0.0,0.0,0.0,0.0
2013-12-26,188703.1089108112,0.0,1.0,1.0,1.0,1.0,1.0,0.0027510146624484,177874.08960884123,0.8038764196017917,0.8038764196017917,0.19612358039820832,0.0,0.0,0.0,0.0,0.0
2013-12-27,188787.3248471853,0.0,1.0,1.0,1.0,1.0,1.0,0.000446288017511537,177953.47268365943,1.0,1.0,0.0,0.1959276527454629,0.0,34.850452861296404,0.0,34.850452861296404
2013-12-30,188413.76545888963,-0.0019787312977608273,1.0,1.0,1.0,1.0,1.0,-0.0019787312977606,177601.3505777151,1.0,1.0,0.0,0.0,0.0,0.0,0.0,0.0
2013-12-31,189370.02154299,0.0,1.0,1.0,1.0,1.0,1.0,0.005075298409176,178502.73042976967,1.0,1.0,0.0,0.0,0.0,0.0,0.0,0.0
2014-01-02,187762.64352492493,-0.008488027856617064,1.0,1.0,1.0,1.0,1.0,-0.0084880278566169,176987.5942813996,1.0,1.0,0.0,0.0,0.0,0.0,0.0,0.0
2014-01-03,188362.34751472215,-0.005321190862509817,1.0,1.0,1.0,1.0,1.0,0.0031939473078289,177552.88333167377,1.0,1.0,0.0,0.0,0.0,0.0,0.0,0.0
2014-01-06,188379.4000169002,-0.005231142279111478,1.0,1.0,1.0,1.0,1.0,9.053031246972428e-05,177568.9572496817,1.0,1.0,0.0,0.0,0.0,0.0,0.0,0.0
2014-01-07,188859.30037612643,-0.0026969483485411727,1.0,1.0,1.0,1.0,1.0,0.002547520372095696,178021.31778572706,0.7905233205490816,0.7905233205490816,0.2094766794509184,0.2102205461054039,0.0,37.32864316439522,0.0,37.32864316439522
2014-01-08,188581.8186641913,-0.004162236833351041,1.0,1.0,1.0,1.0,1.0,-0.0014692509788109,177759.75979032117,0.790215093870411,0.790215093870411,0.209784906129589,0.0,0.0,0.0,0.0,0.0
2014-01-09,188943.54283617,-0.0022520919802672124,1.0,1.0,1.0,1.0,1.0,0.0019181285584208,178100.72586211303,0.790616717923418,0.790616717923418,0.20938328207658197,0.0,0.0,0.0,0.0,0.0
2014-01-10,188847.79208242949,-0.0027577198138616366,1.0,1.0,1.0,1.0,1.0,-0.0005067691242751313,178010.46991323514,0.6040218818288666,0.6040218818288666,0.3959781181711334,0.1865807473577312,0.0,33.23016653630747,0.0,33.23016653630747
2014-01-13,187405.42960967607,-0.010374355546386882,1.0,1.0,1.0,1.0,1.0,-0.007637698364637698,176650.8796382904,1.0,1.0,0.0,0.3955825356354978,0.0,70.41783305794405,0.0,70.41783305794405
2014-01-14,189201.87800803597,-0.0008879099953835734,1.0,1.0,1.0,1.0,1.0,0.0095858930133534,178344.23607121786,1.0,1.0,0.0,0.0,0.0,0.0,0.0,0.0
2014-01-15,189905.6314858893,0.0,1.0,1.0,1.0,1.0,1.0,0.0037195903405538,179007.6035690018,1.0,1.0,0.0,0.0,0.0,0.0,0.0,0.0
2014-01-16,189527.18131760185,-0.001992832783979659,1.0,1.0,1.0,1.0,1.0,-0.0019928327839798,178650.87134802784,1.0,1.0,0.0,0.0,0.0,0.0,0.0,0.0
2014-01-17,188873.38568545645,-0.005435572354311913,1.0,1.0,1.0,1.0,1.0,-0.0034496140743514,178034.59478783055,1.0,1.0,0.0,0.0,0.0,0.0,0.0,0.0
2014-01-21,189704.57177544385,-0.0010587348509482064,1.0,1.0,1.0,1.0,1.0,0.0044007581426619,178818.08198051862,1.0,1.0,0.0,0.0,0.0,0.0,0.0,0.0
2014-01-22,190051.5950186795,0.0,1.0,1.0,1.0,1.0,1.0,0.0018292824468480902,179145.1907590646,0.7951809207886789,0.7951809207886789,0.20481907921132114,0.2053991503080099,0.0,36.729082098506595,0.0,36.729082098506595
2014-01-23,188236.64671265427,-0.00954976624030357,1.0,1.0,1.0,1.0,1.0,-0.0095497662403035,177434.39606424095,0.7932060872621143,0.7932060872621143,0.20679391273788572,0.0,0.0,0.0,0.0,0.0
2014-01-24,185476.07783885143,-0.024075131699780594,1.0,1.0,1.0,1.0,1.0,-0.0146654167613646,174832.24669815783,0.7901282302929148,0.7901282302929148,0.2098717697070852,0.0,0.0,0.0,0.0,0.0
2014-01-27,184839.68362490265,-0.02742366562756071,1.0,1.0,1.0,1.0,1.0,-0.0034311390523458,174232.37294890243,0.7894056518006045,0.7894056518006045,0.2105943481993955,0.0,0.0,0.0,0.0,0.0
2014-01-28,186127.88801362176,-0.020645483162991085,1.0,1.0,1.0,1.0,1.0,0.006969306392740231,175446.6517395175,0.9911032383149684,0.9911032383149684,0.008896761685031618,0.2014341481081697,0.0,35.09634961782707,0.0,35.09634961782707
2014-01-29,184053.7271447379,-0.03155915567744694,1.0,1.0,1.0,1.0,1.0,-0.0111437404196628,173491.51979503335,0.9910029778354164,0.9910029778354164,0.008997022164583646,0.0,0.0,0.0,0.0,0.0
2014-01-30,185478.856000466,-0.024060513766085756,1.0,1.0,1.0,1.0,1.0,0.0077430045989094,174834.86543067807,0.9910721065554164,0.9910721065554164,0.008927893444583557,0.0,0.0,0.0,0.0,0.0
2014-01-31,183388.432500246,-0.03505975584040011,1.0,1.0,1.0,1.0,1.0,-0.0112704140261396,172864.40411106992,0.990970338532158,0.990970338532158,0.00902966146784201,0.0,0.0,0.0,0.0,0.0
2014-02-03,179433.95004095853,-0.055867171105180136,1.0,1.0,1.0,1.0,1.0,-0.0215634236324156,169136.85573425784,0.990771336961498,0.990771336961498,0.009228663038502005,0.0,0.0,0.0,0.0,0.0
2014-02-04,181138.91587147844,-0.04689610285209689,1.0,1.0,1.0,1.0,1.0,0.0095019132674208,170743.979467769,0.990858201537596,0.990858201537596,0.009141798462404038,0.0,0.0,0.0,0.0,0.0
2014-02-05,180466.26259791807,-0.05043542212744556,1.0,1.0,1.0,1.0,1.0,-0.0037134663764778,170109.92744102943,0.9908241272426366,0.9908241272426366,0.009175872757363424,0.0,0.0,0.0,0.0,0.0
2014-02-06,183230.8829632477,-0.03588873881727439,1.0,1.0,1.0,1.0,1.0,0.0153193196641372,172715.89579754174,0.990962574453524,0.990962574453524,0.009037425546476019,0.0,0.0,0.0,0.0,0.0
2014-02-07,185257.28429091716,-0.025226364068615892,1.0,1.0,1.0,1.0,1.0,0.0110592782990401,174626.00895583478,0.991061428602208,0.991061428602208,0.008938571397791972,0.0,0.0,0.0,0.0,0.0
2014-02-10,185047.24724961157,-0.026331522072077784,1.0,1.0,1.0,1.0,1.0,-0.0011337586109475,174428.0252144857,0.9910512829171584,0.9910512829171584,0.008948717082841617,0.0,0.0,0.0,0.0,0.0
2014-02-11,187075.62818250293,-0.015658731177100038,1.0,1.0,1.0,1.0,1.0,0.0109614218154527,176340.0043752981,0.9911483100247566,0.9911483100247566,0.008851689975243437,0.0,0.0,0.0,0.0,0.0
2014-02-12,186779.9203404087,-0.017214665722480538,1.0,1.0,1.0,1.0,1.0,-0.0015806860838429,176061.2661843573,0.991134296130026,0.991134296130026,0.008865703869973984,0.0,0.0,0.0,0.0,0.0
2014-02-13,187568.3103225316,-0.013066371244628838,1.0,1.0,1.0,1.0,1.0,0.0042209568388618,176804.4131899168,0.9911715605917228,0.9911715605917228,0.008828439408277156,0.0,0.0,0.0,0.0,0.0
2014-02-14,188991.25124942895,-0.005579241621972875,1.0,1.0,1.0,1.0,1.0,0.007586254439518792,178145.69645440538,0.789852380733328,0.789852380733328,0.21014761926667203,0.2031165296977085,0.0,35.91189884237567,0.0,35.91189884237567
2014-02-18,189195.8699939024,-0.004502593228396745,1.0,1.0,1.0,1.0,1.0,0.0010826889769801,178338.572836253,0.790079659172386,0.790079659172386,0.20992034082761402,0.0,0.0,0.0,0.0,0.0
2014-02-19,188654.2282889606,-0.007352565126230837,1.0,1.0,1.0,1.0,1.0,-0.0028628622017978452,177828.0140769575,0.9897170087302276,0.9897170087302276,0.01028299126977239,0.1994673210238452,0.0,35.57271735886328,0.0,35.57271735886328
2014-02-20,189482.65234445996,-0.0029936222011903713,1.0,1.0,1.0,1.0,1.0,0.0043912297275970165,178608.8977387718,0.7927994097785331,0.7927994097785331,0.20720059022146686,0.1980254898328834,0.0,35.214479593598405,0.0,35.214479593598405
2014-02-21,188870.3607849156,-0.006215334491919466,1.0,1.0,1.0,1.0,1.0,-0.0032313858391178,178031.74347587832,0.7921276941530746,0.7921276941530746,0.2078723058469254,0.0,0.0,0.0,0.0,0.0
2014-02-24,190422.49517814044,0.0,1.0,1.0,1.0,1.0,1.0,0.008217988183929,179494.80624012736,0.7938220620112529,0.7938220620112529,0.20617793798874706,0.0,0.0,0.0,0.0,0.0
2014-02-25,190296.0251181093,-0.0006641550406785157,1.0,1.0,1.0,1.0,1.0,-0.0006641550406785,179375.5938597874,0.7936850368885351,0.7936850368885351,0.2063149631114649,0.0,0.0,0.0,0.0,0.0
2014-02-26,189688.17986661,-0.0038562424614984048,1.0,1.0,1.0,1.0,1.0,-0.003194208870742538,178802.63074668575,0.9932639600419187,0.9932639600419187,0.0067360399580812524,0.1994010384335381,0.0,35.7676796852742,0.0,35.7676796852742
2014-02-27,190125.287919471,-0.001560778091849846,1.0,1.0,1.0,1.0,1.0,0.0023043505039079,179214.65467894694,0.993279446552642,0.993279446552642,0.006720553447358002,0.0,0.0,0.0,0.0,0.0
2014-02-28,191152.76638243668,0.0,1.0,1.0,1.0,1.0,1.0,0.0054042177882243,180183.1697036734,0.9933155706645606,0.9933155706645606,0.006684429335439446,0.0,0.0,0.0,0.0,0.0
2014-03-03,189275.9654320135,-0.009818330050574753,1.0,1.0,1.0,1.0,1.0,-0.0098183300505747,178414.071873964,0.9932492899653648,0.9932492899653648,0.006750710034635232,0.0,0.0,0.0,0.0,0.0
2014-03-04,192330.54066945915,0.0,1.0,1.0,1.0,1.0,1.0,0.0161382097852399,181293.35559450492,0.9933565040959714,0.9933565040959714,0.0066434959040285735,0.0,0.0,0.0,0.0,0.0
2014-03-05,191469.38564669577,-0.0044774741430346765,1.0,1.0,1.0,1.0,1.0,-0.0044774741430346,180481.61928252652,0.9933266242285078,0.9933266242285078,0.006673375771492185,0.0,0.0,0.0,0.0,0.0
2014-03-06,192859.66080343444,0.0,1.0,1.0,1.0,1.0,1.0,0.0072610832903806,181792.1113525197,0.9933747308595576,0.9933747308595576,0.006625269140442369,0.0,0.0,0.0,0.0,0.0
2014-03-07,193026.05732485623,0.0,1.0,1.0,1.0,1.0,1.0,0.0008627855131998,181948.95895260866,0.993380442118202,0.993380442118202,0.006619557881798022,0.0,0.0,0.0,0.0,0.0
2014-03-10,193036.7464096943,0.0,1.0,1.0,1.0,1.0,1.0,5.537638278574693e-05,181959.03462780706,0.993380808665075,0.993380808665075,0.006619191334924945,0.0,0.0,0.0,0.0,0.0
2014-03-11,191483.32626438685,-0.008047276874479148,1.0,1.0,1.0,1.0,1.0,-0.0080472768744791,180494.75989634416,0.9933271100722736,0.9933271100722736,0.006672889927726411,0.0,0.0,0.0,0.0,0.0
2014-03-12,191137.7684665181,-0.009837390955325542,1.0,1.0,1.0,1.0,1.0,-0.0018046364903421,180169.03246631968,0.9933150461606388,0.9933150461606388,0.006684953839361185,0.0,0.0,0.0,0.0,0.0
2014-03-13,189127.9749316626,-0.02024884666122495,1.0,1.0,1.0,1.0,1.0,-0.0105148948372675,178274.5740370041,0.9932440076111488,0.9932440076111488,0.006755992388851162,0.0,0.0,0.0,0.0,0.0
2014-03-14,188541.22321867367,-0.023288432252579927,1.0,1.0,1.0,1.0,1.0,-0.0031024057292475,177721.49397713252,0.9932229825533953,0.9932229825533953,0.0067770174466047495,0.0,0.0,0.0,0.0,0.0
2014-03-17,189960.65949901723,-0.015935240144114737,1.0,1.0,1.0,1.0,1.0,0.0075285195253946,179059.47371462168,0.9932736222198484,0.9932736222198484,0.006726377780151616,0.0,0.0,0.0,0.0,0.0
2014-03-18,190839.93076841315,-0.011380297700514963,1.0,1.0,1.0,1.0,1.0,0.0046287019202544,179888.2866444443,0.9933046131697264,0.9933046131697264,0.0066953868302735975,0.0,0.0,0.0,0.0,0.0
2014-03-19,189761.47162567495,-0.01696710520114142,1.0,1.0,1.0,1.0,1.0,-0.0056511189162342,178871.71654497893,0.99326656170923,0.99326656170923,0.00673343829077,0.0,0.0,0.0,0.0,0.0
2014-03-20,190281.29218302597,-0.014274247146811248,1.0,1.0,1.0,1.0,1.0,0.0027393366677532,179361.70639693455,0.993284956474186,0.993284956474186,0.0067150435258139796,0.0,0.0,0.0,0.0,0.0
2014-03-21,190310.39128854533,-0.014123503280368377,1.0,1.0,1.0,1.0,1.0,0.0001529267811117,179389.13560534857,0.9932859832271592,0.9932859832271592,0.006714016772840781,0.0,0.0,0.0,0.0,0.0
2014-03-24,190230.7602405041,-0.014536020842554231,1.0,1.0,1.0,1.0,1.0,-0.0004184272204059,179314.07430796622,0.9932831727237922,0.9932831727237922,0.006716827276207815,0.0,0.0,0.0,0.0,0.0
2014-03-25,191316.02987612964,-0.0089139325313361,1.0,1.0,1.0,1.0,1.0,0.0057050165507065,180337.06406966777,0.9933212749606792,0.9933212749606792,0.006678725039320765,0.0,0.0,0.0,0.0,0.0
2014-03-26,190723.2181818278,-0.011984911012519528,1.0,1.0,1.0,1.0,1.0,-0.0030985991852626,179778.27178986886,0.993300515944844,0.993300515944844,0.006699484055155969,0.0,0.0,0.0,0.0,0.0
2014-03-27,191599.14270210176,-0.007447305936981619,1.0,1.0,1.0,1.0,1.0,0.004592647547709268,180603.93002893598,0.8004831579973407,0.8004831579973407,0.1995168420026593,0.1939275960787325,0.0,34.863968075398276,0.0,34.863968075398276
2014-03-28,193122.36337197683,0.0,1.0,1.0,1.0,1.0,1.0,0.0079500390679899,182039.73832849853,0.8020568140588156,0.8020568140588156,0.19794318594118443,0.0,0.0,0.0,0.0,0.0
2014-03-31,193529.84286461564,0.0,1.0,1.0,1.0,1.0,1.0,0.0021099549815157,182423.83398121857,0.8024735859002262,0.8024735859002262,0.19752641409977378,0.0,0.0,0.0,0.0,0.0
2014-04-01,194166.4182551082,0.0,1.0,1.0,1.0,1.0,1.0,0.0032892880037003,183023.878509922,0.8031211770507359,0.8031211770507359,0.19687882294926407,0.0,0.0,0.0,0.0,0.0
2014-04-02,194827.41637505768,0.0,1.0,1.0,1.0,1.0,1.0,0.0034042865181815444,183646.94423203866,1.0,1.0,0.0,0.1966821408084556,0.0,35.997528244398154,0.0,35.997528244398154
2014-04-03,194885.69025214377,0.0,1.0,1.0,1.0,1.0,1.0,0.0002991051165711,183701.87397270108,1.0,1.0,0.0,0.0,0.0,0.0,0.0,0.0
2014-04-04,193410.6887050036,-0.007568547209555576,1.0,1.0,1.0,1.0,1.0,-0.0075685472095556,182311.51766705487,1.0,1.0,0.0,0.0,0.0,0.0,0.0,0.0
2014-04-07,190387.54874136657,-0.023080922488241673,1.0,1.0,1.0,1.0,1.0,-0.0156306767939182,179461.8652585924,1.0,1.0,0.0,0.0,0.0,0.0,0.0,0.0
2014-04-08,190806.66293683165,-0.02093035825275147,1.0,1.0,1.0,1.0,1.0,0.0022013739776356,179856.92793875062,1.0,1.0,0.0,0.0,0.0,0.0,0.0,0.0
2014-04-09,192429.19655614832,-0.012604792546939803,1.0,1.0,1.0,1.0,1.0,0.0085035480121249,181386.3499607911,1.0,1.0,0.0,0.0,0.0,0.0,0.0,0.0
2014-04-10,188363.62093046523,-0.0334661273141208,1.0,1.0,1.0,1.0,1.0,-0.02112764434110604,177554.08367048812,0.5853469024401207,0.5853469024401207,0.41465309755987934,0.4062987531428391,0.0,73.6970478262001,0.0,73.6970478262001
2014-04-11,187268.6361155919,-0.03908472770215665,1.0,1.0,1.0,1.0,1.0,-0.0058131437984916,176521.93625010218,0.5829223702029764,0.5829223702029764,0.41707762979702356,0.0,0.0,0.0,0.0,0.0
2014-04-14,188345.8645906732,-0.033557238876847806,1.0,1.0,1.0,1.0,1.0,0.0057523165513757,177537.34630567452,0.5853078109457991,0.5853078109457991,0.4146921890542009,0.0,0.0,0.0,0.0,0.0
2014-04-15,188713.59095918204,-0.03167035653041661,1.0,1.0,1.0,1.0,1.0,0.0019523994822399,177883.97012867997,0.5861158780911214,0.5861158780911214,0.4138841219088786,0.0,0.0,0.0,0.0,0.0
2014-04-16,190137.3284301372,-0.024364856218345943,1.0,1.0,1.0,1.0,1.0,0.0075444352667908676,179226.00422631556,0.9897351708304368,0.9897351708304368,0.010264829169563172,0.4031387116884326,0.0,71.71191454769966,0.0,71.71191454769966
2014-04-17,190448.6042649027,-0.022767633588183678,1.0,1.0,1.0,1.0,1.0,0.0016371105944085,179519.41701662794,0.9897519480248974,0.9897519480248974,0.01024805197510259,0.0,0.0,0.0,0.0,0.0
2014-04-21,190714.4581098276,-0.021403480865729185,1.0,1.0,1.0,1.0,1.0,0.0013959348557636,179770.01442812782,0.9897662336959868,0.9897662336959868,0.010233766304013181,0.0,0.0,0.0,0.0,0.0
2014-04-22,191692.3506573853,-0.01638570584955168,1.0,1.0,1.0,1.0,1.0,0.0051275218315884,180691.78910177303,0.989818439867844,0.989818439867844,0.010181560132155987,0.0,0.0,0.0,0.0,0.0
2014-04-23,191347.65645143617,-0.01815440526254175,1.0,1.0,1.0,1.0,1.0,-0.0017981635926892,180366.87570511232,0.9898000987768156,0.9898000987768156,0.010199901223184371,0.0,0.0,0.0,0.0,0.0
2014-04-24,191818.98884441095,-0.015735898329759967,1.0,1.0,1.0,1.0,1.0,0.0024632253235588,180811.15996088032,0.9898251616961886,0.9898251616961886,0.010174838303811384,0.0,0.0,0.0,0.0,0.0
2014-04-25,189320.24576999855,-0.02855748143922021,1.0,1.0,1.0,1.0,1.0,-0.0130265678568414,178455.81111637573,0.989690869103014,0.989690869103014,0.01030913089698604,0.0,0.0,0.0,0.0,0.0
2014-04-28,189003.44417678303,-0.030183057913335087,1.0,1.0,1.0,1.0,1.0,-0.0016733635218306,178157.18967179488,0.9896735892639767,0.9896735892639767,0.01032641073602325,0.0,0.0,0.0,0.0,0.0
2014-04-29,189988.1038082196,-0.02513055954794663,1.0,1.0,1.0,1.0,1.0,0.0052097443817773,179085.34308976078,0.9897271084032576,0.9897271084032576,0.010272891596742384,0.0,0.0,0.0,0.0,0.0
2014-04-30,190421.30605802612,-0.022907706503959346,1.0,1.0,1.0,1.0,1.0,0.0022801546050684,179493.68535950713,0.9897504788960028,0.9897504788960028,0.010249521103997239,0.0,0.0,0.0,0.0,0.0
2014-05-01,191395.27486758257,-0.017910065023477584,1.0,1.0,1.0,1.0,1.0,0.0051148100478821,180411.76146491535,0.9898026364734304,0.9898026364734304,0.010197363526569636,0.0,0.0,0.0,0.0,0.0
2014-05-02,191595.4538360065,-0.01688290408536597,1.0,1.0,1.0,1.0,1.0,0.0010458929488328,180600.45285411802,0.989813290680879,0.989813290680879,0.010186709319121023,0.0,0.0,0.0,0.0,0.0
2014-05-05,191443.81552202068,-0.01766099258324194,1.0,1.0,1.0,1.0,1.0,-0.0007914504804253,180457.51653894162,0.989805222018948,0.989805222018948,0.01019477798105195,0.0,0.0,0.0,0.0,0.0
2014-05-06,189165.24210528712,-0.029352838268707715,1.0,1.0,1.0,1.0,1.0,-0.0119020476609309,178309.7025763219,0.9896824217103998,0.9896824217103998,0.010317578289600227,0.0,0.0,0.0,0.0,0.0
2014-05-07,189372.94192290775,-0.02828708625093823,1.0,1.0,1.0,1.0,1.0,0.0010979808727497,178505.48321917636,0.9896937377891768,0.9896937377891768,0.010306262210823203,0.0,0.0,0.0,0.0,0.0
2014-05-08,189591.06335269345,-0.02716785872066907,1.0,1.0,1.0,1.0,1.0,0.0011518088464533233,178711.08741388863,0.990119246239938,0.990119246239938,0.009880753760062033,0.4005272312249767,0.0,71.49630695225325,0.0,71.49630695225325
2014-05-09,190127.4456618247,-0.024415566808229205,1.0,1.0,1.0,1.0,1.0,0.0028291539677343,179216.68859592374,0.990147121550098,0.990147121550098,0.009852878449902014,0.0,0.0,0.0,0.0,0.0
2014-05-12,192298.61992435256,-0.013274809065991766,1.0,1.0,1.0,1.0,1.0,0.0114195730919863,181263.26667064865,0.9902583668419812,0.9902583668419812,0.009741633158018792,0.0,0.0,0.0,0.0,0.0
2014-05-13,192653.6388845133,-0.011453131139298356,1.0,1.0,1.0,1.0,1.0,0.0018461856892178,181597.91231955687,0.990276318563496,0.990276318563496,0.00972368143650404,0.0,0.0,0.0,0.0,0.0
2014-05-14,191763.80073317193,-0.016019080287181353,1.0,1.0,1.0,1.0,1.0,-0.0046188494361881,180759.13890462677,0.9902311979375976,0.9902311979375976,0.009768802062402382,0.0,0.0,0.0,0.0,0.0
2014-05-15,190145.76724299524,-0.02432155487155574,1.0,1.0,1.0,1.0,1.0,-0.0084376377814294,179233.95876486646,0.9901480709286452,0.9901480709286452,0.009851929071354792,0.0,0.0,0.0,0.0,0.0
2014-05-16,191215.42747697275,-0.018832900303877742,1.0,1.0,1.0,1.0,1.0,0.0056254748632430145,180242.23489453772,0.7888845526623058,0.7888845526623058,0.21111544733769416,0.2026537967052853,0.0,36.32244224221875,0.0,36.32244224221875
2014-05-19,191392.5575823119,-0.01792400799315963,1.0,1.0,1.0,1.0,1.0,0.0009263379408049,180409.200115256,0.7890799359201399,0.7890799359201399,0.21092006407986008,0.0,0.0,0.0,0.0,0.0
2014-05-20,190054.4438602527,-0.024790154606222692,1.0,1.0,1.0,1.0,1.0,-0.0069914616271519,179147.87611546504,0.7875949139113392,0.7875949139113392,0.21240508608866082,0.0,0.0,0.0,0.0,0.0
2014-05-21,191921.73544875943,-0.015208683611144469,1.0,1.0,1.0,1.0,1.0,0.0098250351350885,180908.010292676,0.7896614970926656,0.7896614970926656,0.21033850290733436,0.0,0.0,0.0,0.0,0.0
2014-05-22,192982.70191855528,-0.009764638599819242,1.0,1.0,1.0,1.0,1.0,0.005528120446155117,181908.09156324813,0.9910579290510524,0.9910579290510524,0.008942070948947611,0.201145853259883,0.0,36.38889609186801,0.0,36.38889609186801
2014-05-23,194316.91225247065,-0.0029185211029975067,1.0,1.0,1.0,1.0,1.0,0.00691362656160982,183165.73617685155,0.7987420784809768,0.7987420784809768,0.20125792151902322,0.1939011738558799,0.0,35.27219248799671,0.0,35.27219248799671
2014-05-27,195070.0868540804,0.0,1.0,1.0,1.0,1.0,1.0,0.003876011577578,183875.68869088864,0.7995191445975991,0.7995191445975991,0.2004808554024009,0.0,0.0,0.0,0.0,0.0
2014-05-28,195262.82957006933,0.0,1.0,1.0,1.0,1.0,1.0,0.0009880690530121,184057.3705684854,0.7997170379942027,0.7997170379942027,0.20028296200579732,0.0,0.0,0.0,0.0,0.0
2014-05-29,195789.06163420863,0.0,1.0,1.0,1.0,1.0,1.0,0.0026949935392104,184553.40399301154,0.800255348539381,0.800255348539381,0.19974465146061904,0.0,0.0,0.0,0.0,0.0
2014-05-30,195850.3032332754,0.0,1.0,1.0,1.0,1.0,1.0,0.0003127937718052351,184611.13114834603,1.0,1.0,0.0,0.1995451063542649,0.0,36.82672862782711,0.0,36.82672862782711
2014-06-02,196322.07269173415,0.0,1.0,1.0,1.0,1.0,1.0,0.0024088267961316,185055.8273879203,1.0,1.0,0.0,0.0,0.0,0.0,0.0,0.0
2014-06-03,196375.9639024242,0.0,1.0,1.0,1.0,1.0,1.0,0.00027450408378,185106.62596826558,1.0,1.0,0.0,0.0,0.0,0.0,0.0,0.0
2014-06-04,196757.1357141175,0.0,1.0,1.0,1.0,1.0,1.0,0.0019410308884987,185465.92364693573,1.0,1.0,0.0,0.0,0.0,0.0,0.0,0.0
2014-06-05,198668.57560398136,0.0,1.0,1.0,1.0,1.0,1.0,0.0097147169932435,187267.6726070562,1.0,1.0,0.0,0.0,0.0,0.0,0.0,0.0
2014-06-06,199523.9011503075,0.0,1.0,1.0,1.0,1.0,1.0,0.0043052885627526,188073.91397610467,1.0,1.0,0.0,0.0,0.0,0.0,0.0,0.0
2014-06-09,200318.93630321597,0.0,1.0,1.0,1.0,1.0,1.0,0.0039846612276769,188823.32480906267,1.0,1.0,0.0,0.0,0.0,0.0,0.0,0.0
2014-06-10,200194.35396684916,-0.0006219199176369372,1.0,1.0,1.0,1.0,1.0,-0.0006219199176369,188705.8918224495,1.0,1.0,0.0,0.0,0.0,0.0,0.0,0.0
2014-06-11,199466.8748452636,-0.004253524273225118,1.0,1.0,1.0,1.0,1.0,-0.0036338643281918,188020.1602136363,1.0,1.0,0.0,0.0,0.0,0.0,0.0,0.0
2014-06-12,197605.576254454,-0.013545199963795995,1.0,1.0,1.0,1.0,1.0,-0.0093313668861233,186265.67511669514,1.0,1.0,0.0,0.0,0.0,0.0,0.0,0.0
2014-06-13,198351.010836914,-0.009823961242102386,1.0,1.0,1.0,1.0,1.0,0.0037723357639468,186968.33178453354,1.0,1.0,0.0,0.0,0.0,0.0,0.0,0.0
2014-06-16,198735.2436261624,-0.00790585606273575,1.0,1.0,1.0,1.0,1.0,0.0019371355236717,187330.514781835,1.0,1.0,0.0,0.0,0.0,0.0,0.0,0.0
2014-06-17,199448.5248927125,-0.004345127957278816,1.0,1.0,1.0,1.0,1.0,0.0035891030374657,188002.8633014485,1.0,1.0,0.0,0.0,0.0,0.0,0.0,0.0
2014-06-18,200925.7159750493,0.0,1.0,1.0,1.0,1.0,1.0,0.0074063775760257,189395.283492433,1.0,1.0,0.0,0.0,0.0,0.0,0.0,0.0
2014-06-19,200294.9758683608,-0.003139170631432875,1.0,1.0,1.0,1.0,1.0,-0.003139170631433,188800.73938076163,1.0,1.0,0.0,0.0,0.0,0.0,0.0,0.0
2014-06-20,199881.31241597692,-0.005197958628660904,1.0,1.0,1.0,1.0,1.0,-0.0020652712360381,188410.81464437585,1.0,1.0,0.0,0.0,0.0,0.0,0.0,0.0
2014-06-23,199429.80172391972,-0.007445110964866886,1.0,1.0,1.0,1.0,1.0,-0.0022588939736275,187985.2145906094,1.0,1.0,0.0,0.0,0.0,0.0,0.0,0.0
2014-06-24,198573.56613079767,-0.011706564452624413,1.0,1.0,1.0,1.0,1.0,-0.0042934184646454,187178.11539920574,1.0,1.0,0.0,0.0,0.0,0.0,0.0,0.0
2014-06-25,199990.6216514303,-0.004653930528908168,1.0,1.0,1.0,1.0,1.0,0.0071361740046468,188513.85100055634,1.0,1.0,0.0,0.0,0.0,0.0,0.0,0.0
2014-06-26,200408.68659903255,-0.002573236449638694,1.0,1.0,1.0,1.0,1.0,0.0020904227615781,188907.92464556062,1.0,1.0,0.0,0.0,0.0,0.0,0.0,0.0
2014-06-27,201056.82698986208,0.0,1.0,1.0,1.0,1.0,1.0,0.0032340933011866,189518.8704991979,1.0,1.0,0.0,0.0,0.0,0.0,0.0,0.0
2014-06-30,200940.22876299667,-0.0005799267232605709,1.0,1.0,1.0,1.0,1.0,-0.0005799267232607199,189408.96344163324,0.8075706947808884,0.8075706947808884,0.1924293052191116,0.1925102205432198,0.0,36.484319556902506,0.0,36.484319556902506
2014-07-01,202521.3676815126,0.0,1.0,1.0,1.0,1.0,1.0,0.0078687026895985,190899.3662617005,0.8090730422468773,0.8090730422468773,0.19092695775312274,0.0,0.0,0.0,0.0,0.0
2014-07-02,203255.47909758775,0.0,1.0,1.0,1.0,1.0,1.0,0.0036248590678571,191591.34956054238,0.809762625917366,0.809762625917366,0.19023737408263397,0.0,0.0,0.0,0.0,0.0
2014-07-03,204583.69423738055,0.0,1.0,1.0,1.0,1.0,1.0,0.006534707677696,192843.3430234958,0.8109977006937448,0.8109977006937448,0.18900229930625523,0.0,0.0,0.0,0.0,0.0
2014-07-07,203236.8858564532,-0.00658316580873064,1.0,1.0,1.0,1.0,1.0,-0.006583165808730834,191573.82332126217,1.0,1.0,0.0,0.1888134858204348,0.0,36.411423813532075,0.0,36.411423813532075
2014-07-08,201388.85428871732,-0.015616298066043477,1.0,1.0,1.0,1.0,1.0,-0.0090929929375179,189831.84389878862,1.0,1.0,0.0,0.0,0.0,0.0,0.0,0.0
2014-07-09,202311.5178022561,-0.011106341801062736,1.0,1.0,1.0,1.0,1.0,0.004581502371606,190701.55894181726,1.0,1.0,0.0,0.0,0.0,0.0,0.0,0.0
2014-07-10,200616.7741937716,-0.01939020633289623,1.0,1.0,1.0,1.0,1.0,-0.0083769012604657,189104.07081234478,1.0,1.0,0.0,0.0,0.0,0.0,0.0,0.0
2014-07-11,201072.04792005455,-0.01716483970248084,1.0,1.0,1.0,1.0,1.0,0.0022693701865786,189533.21795280697,1.0,1.0,0.0,0.0,0.0,0.0,0.0,0.0
2014-07-14,202214.72492419975,-0.011579462977298949,1.0,1.0,1.0,1.0,1.0,0.005682923190793565,190610.3206725367,1.0,1.0,0.0,0.4022133390163346,0.0,76.23278844730919,0.0,76.23278844730919
2014-07-15,201770.72467322805,-0.013749725141284141,1.0,1.0,1.0,1.0,1.0,-0.0021956870407837973,190191.80006159638,0.8002237219215323,0.8002237219215323,0.19977627807846765,0.1995371690626975,0.0,38.03384378113094,0.0,38.03384378113094
2014-07-16,201829.53871058812,-0.01346224359208581,1.0,1.0,1.0,1.0,1.0,0.0002914894490038,190247.23896460136,0.8002819376294888,0.8002819376294888,0.19971806237051115,0.0,0.0,0.0,0.0,0.0
2014-07-17,199718.3353945301,-0.023781752797977784,1.0,1.0,1.0,1.0,1.0,-0.0104603286988899,188257.1903109754,0.7981707371995415,0.7981707371995415,0.20182926280045854,0.0,0.0,0.0,0.0,0.0
2014-07-18,201436.44386342276,-0.015383681410630956,1.0,1.0,1.0,1.0,1.0,0.0086026576653501,189876.7024722614,0.7998921961323796,0.7998921961323796,0.2001078038676204,0.0,0.0,0.0,0.0,0.0
2014-07-21,200916.3726420643,-0.017925776582473074,1.0,1.0,1.0,1.0,1.0,-0.0025818129598789473,189386.4763410394,0.9996142658976388,0.9996142658976388,0.00038573410236120154,0.1995235421164475,0.0,37.88487224265641,0.0,37.88487224265641
2014-07-22,202828.80385737427,-0.008577860452407604,1.0,1.0,1.0,1.0,1.0,0.0095185434126717,191189.1597378645,0.9996179029054216,0.9996179029054216,0.0003820970945783708,0.0,0.0,0.0,0.0,0.0
2014-07-23,203557.9125128588,-0.00501399551095949,1.0,1.0,1.0,1.0,1.0,0.0035946997744819,191876.4273672576,0.9996192715100384,0.9996192715100384,0.00038072848996162367,0.0,0.0,0.0,0.0,0.0
2014-07-24,204157.4709368021,-0.0020833688733956635,1.0,1.0,1.0,1.0,1.0,0.0029453948340398,192441.57920519914,0.9996203896125128,0.9996203896125128,0.0003796103874872392,0.0,0.0,0.0,0.0,0.0
2014-07-25,202838.04085351544,-0.008532710245419683,1.0,1.0,1.0,1.0,1.0,-0.0064628057804217,191197.8666547183,0.9996179203056555,0.9996179203056555,0.00038207969434445044,0.0,0.0,0.0,0.0,0.0
2014-07-28,203326.4769192949,-0.006145246925822412,1.0,1.0,1.0,1.0,1.0,0.0024080101726687082,191658.2730626154,1.0,1.0,0.0,0.7826787971467919,0.0,149.64651629034762,0.0,149.64651629034762
2014-07-29,202458.72142228793,-0.010386814174090486,1.0,1.0,1.0,1.0,1.0,-0.004267793895584875,190840.31505480045,0.7760449182843887,0.7760449182843887,0.2239550817156113,0.2232225100950752,0.0,42.78244079352435,0.0,42.78244079352435
2014-07-30,203037.71547654129,-0.007556705663186669,1.0,1.0,1.0,1.0,1.0,0.0028598128556074,191386.08264116233,0.7766835615060621,0.7766835615060621,0.2233164384939379,0.0,0.0,0.0,0.0,0.0
2014-07-31,199798.50831426907,-0.023389869563891885,1.0,1.0,1.0,1.0,1.0,-0.0159537214781479,188332.76238391144,0.7730630729792666,0.7730630729792666,0.22693692702073343,0.0,0.0,0.0,0.0,0.0
2014-08-01,199121.82021894405,-0.02669750411339744,1.0,1.0,1.0,1.0,1.0,-0.0033868525898134,187694.90707988475,0.7722918590724445,0.7722918590724445,0.22770814092755554,0.0,0.0,0.0,0.0,0.0
2014-08-04,200237.406173602,-0.021244547763105248,1.0,1.0,1.0,1.0,1.0,0.005602529915763521,188746.47341183628,0.9738005411930968,0.9738005411930968,0.02619945880690322,0.2011607381307789,0.0,37.756846051577575,0.0,37.756846051577575
2014-08-05,199149.55118755272,-0.026561955829786377,1.0,1.0,1.0,1.0,1.0,-0.0054328259980859,187721.04666403742,0.9736574265753386,0.9736574265753386,0.026342573424661397,0.0,0.0,0.0,0.0,0.0
2014-08-06,199271.8705346821,-0.025964061908741787,1.0,1.0,1.0,1.0,1.0,0.0006142085000942,187836.34652654504,0.97367359647616,0.97367359647616,0.02632640352383997,0.0,0.0,0.0,0.0,0.0
2014-08-07,198560.65440891773,-0.02944046861073013,1.0,1.0,1.0,1.0,1.0,-0.003569074369885,187165.9446364243,0.9735792990294916,0.9735792990294916,0.026420700970508415,0.0,0.0,0.0,0.0,0.0
2014-08-08,200838.1455996679,-0.018308148416592007,1.0,1.0,1.0,1.0,1.0,0.0114700024409665,189312.7384782699,0.9738789080182828,0.9738789080182828,0.026121091981717193,0.0,0.0,0.0,0.0,0.0
2014-08-11,201966.42823182663,-0.012793131023028037,1.0,1.0,1.0,1.0,1.0,0.0056178701948771,190376.27286927748,0.974024833134026,0.974024833134026,0.02597516686597401,0.0,0.0,0.0,0.0,0.0
2014-08-12,201305.9391624216,-0.016021585137453553,1.0,1.0,1.0,1.0,1.0,-0.0032702913805404,189753.6869850537,0.9739396080588876,0.9739396080588876,0.026060391941112426,0.0,0.0,0.0,0.0,0.0
2014-08-13,202627.08721540368,-0.009563846372363405,1.0,1.0,1.0,1.0,1.0,0.0065628866116866,190999.0189168861,0.97410952431513,0.97410952431513,0.025890475684870018,0.0,0.0,0.0,0.0,0.0
2014-08-14,203458.95580178764,-0.005497693449057928,1.0,1.0,1.0,1.0,1.0,0.0041054164959675,191783.1494398611,0.974215380915661,0.974215380915661,0.025784619084339044,0.0,0.0,0.0,0.0,0.0
2014-08-15,202958.41260192584,-0.007944336138386854,1.0,1.0,1.0,1.0,1.0,-0.0024601679384879,191311.33068446693,0.9741517899780978,0.9741517899780978,0.025848210021902185,0.0,0.0,0.0,0.0,0.0
2014-08-18,205520.26377896775,0.0,1.0,1.0,1.0,1.0,1.0,0.0126225424420648,193726.1660756795,0.9744739930837742,0.9744739930837742,0.025526006916225752,0.0,0.0,0.0,0.0,0.0
2014-08-19,206265.7241820507,0.0,1.0,1.0,1.0,1.0,1.0,0.0036271868738194,194428.84708238454,0.9745662460622094,0.9745662460622094,0.02543375393779057,0.0,0.0,0.0,0.0,0.0
2014-08-20,206635.87004733263,0.0,1.0,1.0,1.0,1.0,1.0,0.0017945098088874,194777.75155560454,0.9746118054264016,0.9746118054264016,0.02538819457359842,0.0,0.0,0.0,0.0,0.0
2014-08-21,207195.87162729455,0.0,1.0,1.0,1.0,1.0,1.0,0.00271008891067,195305.6165801406,0.9746804237292758,0.9746804237292758,0.02531957627072423,0.0,0.0,0.0,0.0,0.0
2014-08-22,206998.97075801625,-0.0009503127052283844,1.0,1.0,1.0,1.0,1.0,-0.0009503127052285,195120.01517130202,0.9746563393265408,0.9746563393265408,0.025343660673459167,0.0,0.0,0.0,0.0,0.0
2014-08-25,207995.29091700853,0.0,1.0,1.0,1.0,1.0,1.0,0.0048131647966356,196059.15995944355,0.9747777382289886,0.9747777382289886,0.02522226177101139,0.0,0.0,0.0,0.0,0.0
2014-08-26,208696.04669361873,0.0,1.0,1.0,1.0,1.0,1.0,0.0033690944324783,196719.70178369927,0.9748624290792238,0.9748624290792238,0.025137570920776175,0.0,0.0,0.0,0.0,0.0
2014-08-27,208422.98791383175,-0.0013084041797296608,1.0,1.0,1.0,1.0,1.0,-0.0013084041797296,196462.31290365034,0.9748294958864356,0.9748294958864356,0.025170504113564363,0.0,0.0,0.0,0.0,0.0
2014-08-28,207765.11958999527,-0.004460683939021215,1.0,1.0,1.0,1.0,1.0,-0.00315640961883,195842.19736946365,0.974749795899335,0.974749795899335,0.02525020410066503,0.0,0.0,0.0,0.0,0.0
2014-08-29,208369.3685374997,-0.0015653298722932973,1.0,1.0,1.0,1.0,1.0,0.0029083271951369,196411.77055802863,0.9748230187984548,0.9748230187984548,0.025176981201545212,0.0,0.0,0.0,0.0,0.0
2014-09-02,209188.4836199899,0.0,1.0,1.0,1.0,1.0,1.0,0.0039310724423622,197183.87945662488,0.974921603790692,0.974921603790692,0.025078396209307963,0.0,0.0,0.0,0.0,0.0
2014-09-03,208437.1051838447,-0.0035918728562044366,1.0,1.0,1.0,1.0,1.0,-0.0035918728562045,196475.62003232352,0.974831200663532,0.974831200663532,0.025168799336467984,0.0,0.0,0.0,0.0,0.0
2014-09-04,208315.73008909775,-0.0041720916744039105,1.0,1.0,1.0,1.0,1.0,-0.0005823104031305,196361.21023481718,0.974816536070499,0.974816536070499,0.025183463929500993,0.0,0.0,0.0,0.0,0.0
2014-09-05,208899.29053572868,-0.001382452223261721,1.0,1.0,1.0,1.0,1.0,0.0028013268435435,196911.28216407864,0.9748868861105624,0.9748868861105624,0.0251131138894376,0.0,0.0,0.0,0.0,0.0
2014-09-08,208838.8047154959,-0.0016715973004001183,1.0,1.0,1.0,1.0,1.0,-0.0002895453597645,196854.26741604274,0.9748796126189608,0.9748796126189608,0.025120387381039166,0.0,0.0,0.0,0.0,0.0
2014-09-09,206924.49841229257,-0.010822704809171357,1.0,1.0,1.0,1.0,1.0,-0.0091664300885617,195049.81653613856,0.974647218116273,0.974647218116273,0.025352781883727027,0.0,0.0,0.0,0.0,0.0
2014-09-10,207779.71536059,-0.006734444626306679,1.0,1.0,1.0,1.0,1.0,0.0041329903170455,195855.95553922394,0.9747515696344944,0.9747515696344944,0.025248430365505614,0.0,0.0,0.0,0.0,0.0
2014-09-11,208447.27911273608,-0.0035432376315718273,1.0,1.0,1.0,1.0,1.0,0.0032128437128117,196485.21011459487,0.9748324291064064,0.9748324291064064,0.02516757089359356,0.0,0.0,0.0,0.0,0.0
2014-09-12,207278.44171043715,-0.009130722095689103,1.0,1.0,1.0,1.0,1.0,-0.0056073526470297,195383.4482515566,0.9746905098699308,0.9746905098699308,0.025309490130069223,0.0,0.0,0.0,0.0,0.0
2014-09-15,206107.23443604863,-0.014729535443923525,1.0,1.0,1.0,1.0,1.0,-0.005650405631786137,194279.45251519824,0.5848859414438582,0.5848859414438582,0.4151140585561418,0.3878468524642375,0.0,75.77885542797544,0.0,75.77885542797544
2014-09-16,206454.55781890044,-0.013069198427079098,1.0,1.0,1.0,1.0,1.0,0.001685158620473136,194606.84420938502,0.9861044496771644,0.9861044496771644,0.013895550322835626,0.4007942977291642,0.0,77.8660967340354,0.0,77.8660967340354
2014-09-17,206867.3159327361,-0.011096058669608277,1.0,1.0,1.0,1.0,1.0,0.0019992685954538,194995.9155614732,0.9861321751838066,0.9861321751838066,0.01386782481619342,0.0,0.0,0.0,0.0,0.0
2014-09-18,208044.24644756928,-0.005469886069346064,1.0,1.0,1.0,1.0,1.0,0.0056893014226368,196105.30610128547,0.986210627082762,0.986210627082762,0.01378937291723803,0.0,0.0,0.0,0.0,0.0
2014-09-19,205967.65957997585,-0.015396755998599576,1.0,1.0,1.0,1.0,1.0,-0.0099814674188395,194147.88737777394,0.9860716012241844,0.9860716012241844,0.013928398775815642,0.0,0.0,0.0,0.0,0.0
2014-09-22,203037.23681120353,-0.029405284183620095,1.0,1.0,1.0,1.0,1.0,-0.014227586868483268,191385.63144477413,0.5922140974760477,0.5922140974760477,0.4077859025239523,0.3884441385347691,0.0,75.41560886080477,0.0,75.41560886080477
2014-09-23,201862.47614943524,-0.035021084066286456,1.0,1.0,1.0,1.0,1.0,-0.005785937004553744,190278.2862376579,0.9903610950504688,0.9903610950504688,0.009638904949531235,0.3978049627085435,0.0,76.13415397983941,0.0,76.13415397983941
2014-09-24,203761.46312604035,-0.025943208727533085,1.0,1.0,1.0,1.0,1.0,0.0094073302419978,192068.29691417693,0.9904509263398948,0.9904509263398948,0.009549073660105156,0.0,0.0,0.0,0.0,0.0
2014-09-25,200444.7407163367,-0.04179839517139483,1.0,1.0,1.0,1.0,1.0,-0.0162774764119751,188941.90974166818,0.9902929195671192,0.9902929195671192,0.009707080432880821,0.0,0.0,0.0,0.0,0.0
2014-09-26,202281.30324203524,-0.03301893229697184,1.0,1.0,1.0,1.0,1.0,0.0091624380821128,190673.07829079233,0.9903810525772948,0.9903810525772948,0.009618947422705193,0.0,0.0,0.0,0.0,0.0
2014-09-29,201947.97380195456,-0.03461237297932884,1.0,1.0,1.0,1.0,1.0,-0.0016478509616968,190358.87747536117,0.9903651758230092,0.9903651758230092,0.009634824176990797,0.0,0.0,0.0,0.0,0.0
2014-09-30,199295.1567495811,-0.04729384093811262,1.0,1.0,1.0,1.0,1.0,-0.0131361409695302,187858.2964260433,0.9902369267160552,0.9902369267160552,0.009763073283944768,0.0,0.0,0.0,0.0,0.0
2014-10-01,196490.9034489262,-0.0606992313885214,1.0,1.0,1.0,1.0,1.0,-0.014070855239992214,185214.9695314009,0.7917464328271775,0.7917464328271775,0.2082535671728225,0.1957559440360131,0.0,36.7743781618773,0.0,36.7743781618773
2014-10-02,197786.8887966075,-0.054503931698718366,1.0,1.0,1.0,1.0,1.0,0.0065956506124885,186436.58275863272,0.7931110003842106,0.7931110003842106,0.20688899961578944,0.0,0.0,0.0,0.0,0.0
2014-10-03,199172.7258266913,-0.04787910701381204,1.0,1.0,1.0,1.0,1.0,0.0070067183852057,187742.89139072254,0.7945505269840224,0.7945505269840224,0.2054494730159776,0.0,0.0,0.0,0.0,0.0
2014-10-06,197939.99622271757,-0.05377202034556661,1.0,1.0,1.0,1.0,1.0,-0.0061892490493221,186580.90387866553,0.7932710299023783,0.7932710299023783,0.2067289700976217,0.0,0.0,0.0,0.0,0.0
2014-10-07,195299.39368977412,-0.06639509828584333,1.0,1.0,1.0,1.0,1.0,-0.01334041923478819,184091.8363997184,0.9930242434258612,0.9930242434258612,0.006975756574138847,0.5903085615944893,0.0,110.14030498961472,0.0,110.14030498961472
2014-10-08,197983.90019513824,-0.05356214276693072,1.0,1.0,1.0,1.0,1.0,0.0137455956961564,186622.2883538319,0.9931188292173556,0.9931188292173556,0.006881170782644386,0.0,0.0,0.0,0.0,0.0
2014-10-09,193437.73664360965,-0.07529452245082913,1.0,1.0,1.0,1.0,1.0,-0.0229622890904146,182337.01341793645,0.9929571083021572,0.9929571083021572,0.007042891697842779,0.0,0.0,0.0,0.0,0.0
2014-10-10,191561.91015305073,-0.08426168191438033,1.0,1.0,1.0,1.0,1.0,-0.0096973140975846,180568.83412720726,0.992888142385048,0.992888142385048,0.007111857614952033,0.0,0.0,0.0,0.0,0.0
2014-10-13,190343.9316970166,-0.09008407918480887,1.0,1.0,1.0,1.0,1.0,-0.0063581452860905,179420.7512456865,0.992842634817351,0.992842634817351,0.007157365182648978,0.0,0.0,0.0,0.0,0.0
2014-10-14,191366.96885919225,-0.08519357496358193,1.0,1.0,1.0,1.0,1.0,0.0053746770546069,180385.079840527,0.9928808976931688,0.9928808976931688,0.007119102306831215,0.0,0.0,0.0,0.0,0.0
2014-10-15,191743.32246407983,-0.08339446251544513,1.0,1.0,1.0,1.0,1.0,0.001966659173896,180739.83581262935,0.9928948710601802,0.9928948710601802,0.007105128939819849,0.0,0.0,0.0,0.0,0.0
2014-10-16,193431.07911156275,-0.07532634796976634,1.0,1.0,1.0,1.0,1.0,0.008802166489000335,182330.73793864672,0.7985072027722809,0.7985072027722809,0.20149279722771907,0.1963575990344663,0.0,35.48964021005155,0.0,35.48964021005155
2014-10-17,193486.84860730256,-0.07505974870591248,1.0,1.0,1.0,1.0,1.0,0.0002883171411541,182383.3070157537,0.7985652798549223,0.7985652798549223,0.20143472014507768,0.0,0.0,0.0,0.0,0.0
2014-10-20,195379.5620925332,-0.06601186302656059,1.0,1.0,1.0,1.0,1.0,0.0097821298907612,184167.40421488837,0.8005166518773026,0.8005166518773026,0.1994833481226974,0.0,0.0,0.0,0.0,0.0
2014-10-21,198026.94499514287,-0.05335637235710822,1.0,1.0,1.0,1.0,1.0,0.013549947979491361,186662.86296151808,1.0,1.0,0.0,0.1992840640586387,0.0,36.70162877907305,0.0,36.70162877907305
2014-10-22,195495.19161055237,-0.0654591102362625,1.0,1.0,1.0,1.0,1.0,-0.012784893412624112,184276.3981544598,0.8060329255545212,0.8060329255545212,0.19396707444547878,0.1916789049781129,0.0,35.77933317254335,0.0,35.77933317254335
2014-10-23,198058.74135569524,-0.053204373738436006,1.0,1.0,1.0,1.0,1.0,0.013113108941573,186692.83463881994,0.8085435152960151,0.8085435152960151,0.1914564847039849,0.0,0.0,0.0,0.0,0.0
2014-10-24,198021.8816858226,-0.05338057688898612,1.0,1.0,1.0,1.0,1.0,-0.0001861047365056,186658.090218022,0.8085078777050525,0.8085078777050525,0.1914921222949475,0.0,0.0,0.0,0.0,0.0
2014-10-27,197851.50342813335,-0.0541950493434008,1.0,1.0,1.0,1.0,1.0,-0.0008604011649558,186497.48937974998,0.8083429757781401,0.8083429757781401,0.19165702422185993,0.0,0.0,0.0,0.0,0.0
2014-10-28,201581.72384874112,-0.03636318615448808,1.0,1.0,1.0,1.0,1.0,0.018853636975079604,190013.64534127957,1.0,1.0,0.0,0.1914655586631967,0.0,35.70784599337743,0.0,35.70784599337743
2014-10-29,201864.55794857224,-0.03501113227973973,1.0,1.0,1.0,1.0,1.0,0.0014030741201682,190280.24856953675,1.0,1.0,0.0,0.0,0.0,0.0,0.0,0.0
2014-10-30,202455.80463513112,-0.03218474969726004,1.0,1.0,1.0,1.0,1.0,0.0029289276560847,190837.56565197872,1.0,1.0,0.0,0.0,0.0,0.0,0.0,0.0
2014-10-31,204980.8584896621,-0.020114038103413612,1.0,1.0,1.0,1.0,1.0,0.012472123775762619,193217.71539185542,0.8116951605083368,0.8116951605083368,0.1883048394916632,0.1908442450023807,0.0,36.420251134944145,0.0,36.420251134944145
2014-11-03,204412.94085606496,-0.022828898997136693,1.0,1.0,1.0,1.0,1.0,-0.0027705886187697,192682.38858864605,0.8111719957889647,0.8111719957889647,0.1888280042110353,0.0,0.0,0.0,0.0,0.0
2014-11-04,203225.2123821817,-0.028506689921998896,1.0,1.0,1.0,1.0,1.0,-0.005810436799691489,191562.81974733813,1.0,1.0,0.0,0.1886393648461891,0.0,36.34748340040879,0.0,36.34748340040879
2014-11-05,203932.44123831668,-0.025125868741518786,1.0,1.0,1.0,1.0,1.0,0.0034800251791841,192229.46318345435,1.0,1.0,0.0,0.0,0.0,0.0,0.0,0.0
2014-11-06,204830.06978241747,-0.020834865104189304,1.0,1.0,1.0,1.0,1.0,0.0044015976009026,193075.57992742545,1.0,1.0,0.0,0.0,0.0,0.0,0.0,0.0
2014-11-07,205387.9752023359,-0.018167866375273123,1.0,1.0,1.0,1.0,1.0,0.0027237476436495,193601.46908329902,1.0,1.0,0.0,0.0,0.0,0.0,0.0,0.0
2014-11-10,205760.44283407068,-0.016387330347241047,1.0,1.0,1.0,1.0,1.0,0.0018134831475302,193952.5620848187,1.0,1.0,0.0,0.0,0.0,0.0,0.0,0.0
2014-11-11,206234.59831543497,-0.01412068797210142,1.0,1.0,1.0,1.0,1.0,0.0023044054281446,194399.50742168952,1.0,1.0,0.0,0.0,0.0,0.0,0.0,0.0
2014-11-12,206788.91039541672,-0.011470866765936338,1.0,1.0,1.0,1.0,1.0,0.0026877744302338,194922.0094469876,1.0,1.0,0.0,0.0,0.0,0.0,0.0,0.0
2014-11-13,205005.3835092053,-0.01999679924246478,1.0,1.0,1.0,1.0,1.0,-0.0086248671788106,193240.83300528047,1.0,1.0,0.0,0.0,0.0,0.0,0.0,0.0
2014-11-14,205299.22309449327,-0.01859213498847201,1.0,1.0,1.0,1.0,1.0,0.0014333261900646,193517.8101522168,1.0,1.0,0.0,0.0,0.0,0.0,0.0,0.0
2014-11-17,204073.71393092952,-0.024450531886601512,1.0,1.0,1.0,1.0,1.0,-0.0059693804247846,192362.628724447,1.0,1.0,0.0,0.0,0.0,0.0,0.0,0.0
2014-11-18,205092.20212983887,-0.01958177342875278,1.0,1.0,1.0,1.0,1.0,0.004990785825822,193322.66940530282,1.0,1.0,0.0,0.0,0.0,0.0,0.0,0.0
2014-11-19,203488.0918299885,-0.02725002682440525,1.0,1.0,1.0,1.0,1.0,-0.0078214104836364,191810.6134520916,1.0,1.0,0.0,0.0,0.0,0.0,0.0,0.0
2014-11-20,205423.19646069364,-0.017999495450888414,1.0,1.0,1.0,1.0,1.0,0.0095096701399211,193634.66911535693,1.0,1.0,0.0,0.0,0.0,0.0,0.0,0.0
2014-11-21,206472.52948343052,-0.01298328707947971,1.0,1.0,1.0,1.0,1.0,0.0051081525398115,194623.7845421941,1.0,1.0,0.0,0.0,0.0,0.0,0.0,0.0
2014-11-24,207473.32565438317,-0.008199103200740576,1.0,1.0,1.0,1.0,1.0,0.0048471153690834,195567.14847943775,1.0,1.0,0.0,0.0,0.0,0.0,0.0,0.0
2014-11-25,207251.11365764056,-0.009261360514801309,1.0,1.0,1.0,1.0,1.0,-0.0010710388723067,195357.6884612701,1.0,1.0,0.0,0.0,0.0,0.0,0.0,0.0
2014-11-26,207622.4711599692,-0.007486131324827117,1.0,1.0,1.0,1.0,1.0,0.001791823917251,195707.73503987383,1.0,1.0,0.0,0.0,0.0,0.0,0.0,0.0
2014-11-28,203062.71656544151,-0.02928348133005443,1.0,1.0,1.0,1.0,1.0,-0.0219617586143384,191409.64900396924,1.0,1.0,0.0,0.0,0.0,0.0,0.0,0.0
2014-12-01,201354.27270421444,-0.03745048857472966,1.0,1.0,1.0,1.0,1.0,-0.00841338030990315,189799.24683191377,0.8043020680891025,0.8043020680891025,0.19569793191089746,0.1942456964803499,0.0,37.180500583835325,0.0,37.180500583835325
2014-12-02,202093.96675370025,-0.033914471502061616,1.0,1.0,1.0,1.0,1.0,0.0036735950002532,190496.49239612732,0.805018351697448,0.805018351697448,0.19498164830255205,0.0,0.0,0.0,0.0,0.0
2014-12-03,203069.03641922865,-0.029253270040800916,1.0,1.0,1.0,1.0,1.0,0.004824833126843289,191415.60618318757,1.0,1.0,0.0,0.194786861441111,0.0,37.10621386938211,0.0,37.10621386938211
2014-12-04,202011.207096137,-0.03431009393849371,1.0,1.0,1.0,1.0,1.0,-0.0052092103343014,190418.48202931156,1.0,1.0,0.0,0.0,0.0,0.0,0.0,0.0
2014-12-05,202419.76801980523,-0.032357018336060306,1.0,1.0,1.0,1.0,1.0,0.0020224666222296,190803.59705347146,1.0,1.0,0.0,0.0,0.0,0.0,0.0,0.0
2014-12-08,198603.80176502216,-0.050598779014029205,1.0,1.0,1.0,1.0,1.0,-0.018851747001358454,187206.61591487026,0.8138989485997201,0.8138989485997201,0.18610105140027988,0.1827754969595546,0.0,34.87422227311886,0.0,34.87422227311886
2014-12-09,200979.6005283284,-0.03924156315685945,1.0,1.0,1.0,1.0,1.0,0.0119625039510431,189446.07579741333,0.8160988666342096,0.8160988666342096,0.1839011333657904,0.0,0.0,0.0,0.0,0.0
2014-12-10,197657.87054566815,-0.05512068769171896,1.0,1.0,1.0,1.0,1.0,-0.01652769720871284,186314.96841925482,1.0,1.0,0.0,0.1837174159498405,0.0,34.8045435073384,0.0,34.8045435073384
2014-12-11,197821.71767809975,-0.05433743648402223,1.0,1.0,1.0,1.0,1.0,0.0008289431226762,186469.4129309776,1.0,1.0,0.0,0.0,0.0,0.0,0.0,0.0
2014-12-12,195316.23569146328,-0.06631458715350136,1.0,1.0,1.0,1.0,1.0,-0.0126653535114557,184107.71189713315,1.0,1.0,0.0,0.0,0.0,0.0,0.0,0.0
2014-12-15,193184.05958669537,-0.07650719464255029,1.0,1.0,1.0,1.0,1.0,-0.0109165328587227,182097.89401066382,1.0,1.0,0.0,0.0,0.0,0.0,0.0,0.0
2014-12-16,193134.97748883828,-0.0767418256174861,1.0,1.0,1.0,1.0,1.0,-0.0002540690881127,182051.62856478532,1.0,1.0,0.0,0.0,0.0,0.0,0.0,0.0
2014-12-17,198654.46001420091,-0.05035661344017861,1.0,1.0,1.0,1.0,1.0,0.0285783683366295,187254.367062193,1.0,1.0,0.0,0.0,0.0,0.0,0.0,0.0
2014-12-18,201089.14374806875,-0.03871790517222895,1.0,1.0,1.0,1.0,1.0,0.012255872501899925,189549.33271033122,0.5712189415941805,0.5712189415941805,0.4287810584058195,0.4344706150038747,0.0,81.3565200196723,0.0,81.3565200196723
2014-12-19,202905.14934165057,-0.030036712201392368,1.0,1.0,1.0,1.0,1.0,0.0090308485069534,191261.12401863237,0.5750565415910923,0.5750565415910923,0.4249434584089077,0.0,0.0,0.0,0.0,0.0
2014-12-22,202186.0494105943,-0.033474281605846645,1.0,1.0,1.0,1.0,1.0,-0.0035440201167367,190583.29074756065,0.5735451771199259,0.5735451771199259,0.4264548228800741,0.0,0.0,0.0,0.0,0.0
2014-12-23,203050.2627181621,-0.029343015426118946,1.0,1.0,1.0,1.0,1.0,0.0042743468705536,191397.90983994727,0.5753602347715429,0.5753602347715429,0.42463976522845714,0.0,0.0,0.0,0.0,0.0
2014-12-24,202368.69359274377,-0.03260117339745572,1.0,1.0,1.0,1.0,1.0,-0.003356652270695911,190755.45361127655,0.9744502182006556,0.9744502182006556,0.025549781799344418,0.3987769681940112,0.0,76.3250782046449,0.0,76.3250782046449
2014-12-26,203071.19232629903,-0.029242963990328774,1.0,1.0,1.0,1.0,1.0,0.0034713804842217,191417.63837020157,0.9745386043924684,0.9745386043924684,0.02546139560753158,0.0,0.0,0.0,0.0,0.0
2014-12-29,202838.08677600397,-0.030357296606834172,1.0,1.0,1.0,1.0,1.0,-0.0011479006333922,191197.90994187398,0.974509343651901,0.974509343651901,0.025490656348098994,0.0,0.0,0.0,0.0,0.0
2014-12-30,202170.2667657581,-0.03354972861212102,1.0,1.0,1.0,1.0,1.0,-0.003292379754022,190568.41381417005,0.974425141505582,0.974425141505582,0.025574858494417985,0.0,0.0,0.0,0.0,0.0
2014-12-31,201001.2419283316,-0.039138109086976125,1.0,1.0,1.0,1.0,1.0,-0.0057823776766391,189466.47527225845,0.9742763979231702,0.9742763979231702,0.025723602076829777,0.0,0.0,0.0,0.0,0.0
2015-01-02,200065.4617313486,-0.04361149204185688,1.0,1.0,1.0,1.0,1.0,-0.00465559410482,188584.3962669199,0.974156079117464,0.974156079117464,0.025843920882535953,0.0,0.0,0.0,0.0,0.0
2015-01-05,195627.9788262652,-0.06482433716742553,1.0,1.0,1.0,1.0,1.0,-0.022180154768753305,184401.56517074772,0.7538067927000948,0.7538067927000948,0.24619320729990524,0.2151037867632048,0.0,40.56521776146727,0.0,40.56521776146727
2015-01-06,194228.19180318777,-0.07151584809027467,1.0,1.0,1.0,1.0,1.0,-0.0071553518646764866,183082.10708755394,0.5501117964304383,0.5501117964304383,0.4498882035695617,0.2006765644377866,0.0,37.00507257541627,0.0,37.00507257541627
2015-01-07,194552.12168433052,-0.0699673408515531,1.0,1.0,1.0,1.0,1.0,0.0016677799352164,183387.44775225173,0.5508608616734598,0.5508608616734598,0.4491391383265402,0.0,0.0,0.0,0.0,0.0
2015-01-08,196438.7914206531,-0.06094834657579795,1.0,1.0,1.0,1.0,1.0,0.0096975027565302,185165.84803234224,0.5551745576270463,0.5551745576270463,0.44482544237295374,0.0,0.0,0.0,0.0,0.0
2015-01-09,195801.4601391424,-0.06399503093662762,1.0,1.0,1.0,1.0,1.0,-0.00324442681051713,184565.09099059395,0.9542468084663468,0.9542468084663468,0.045753191533653204,0.3988218718487302,0.0,73.84819011471626,0.0,73.84819011471626
2015-01-12,193616.8202392349,-0.07443843519150106,1.0,1.0,1.0,1.0,1.0,-0.0111574239454344,182505.82002488422,0.9537305607165436,0.9537305607165436,0.04626943928345639,0.0,0.0,0.0,0.0,0.0
2015-01-13,192999.1040886988,-0.07739135181409207,1.0,1.0,1.0,1.0,1.0,-0.00319040540885251,181923.5524695298,0.7661139685420886,0.7661139685420886,0.23388603145791143,0.1870574583730097,0.0,34.1390748321368,0.0,34.1390748321368
2015-01-14,192881.52428198775,-0.07795342772131386,1.0,1.0,1.0,1.0,1.0,-0.0006092246244677,181812.7201615947,0.7659713925516011,0.7659713925516011,0.23402860744839893,0.0,0.0,0.0,0.0,0.0
2015-01-15,192789.55209401555,-0.07839308953433832,1.0,1.0,1.0,1.0,1.0,-0.0004768325443019,181726.0259396536,0.7658597468589724,0.7658597468589724,0.2341402531410276,0.0,0.0,0.0,0.0,0.0
2015-01-16,194053.57711077717,-0.07235057230352437,1.0,1.0,1.0,1.0,1.0,0.006556501651838603,182917.512928909,0.967624936233179,0.967624936233179,0.03237506376682098,0.2013515706444966,0.0,36.59082074993179,0.0,36.59082074993179
2015-01-20,193644.81521226143,-0.07430460864167343,1.0,1.0,1.0,1.0,1.0,-0.002106438358940417,182532.20846315357,0.811566031219267,0.811566031219267,0.18843396878073304,0.1558177982722171,0.0,28.501804130012406,0.0,28.501804130012406
2015-01-21,195592.960322329,-0.06499173884905829,1.0,1.0,1.0,1.0,1.0,0.0100604041886282,184368.55625773585,0.8134428713378778,0.8134428713378778,0.18655712866212215,0.0,0.0,0.0,0.0,0.0
2015-01-22,197631.74468008825,-0.05524557920165207,1.0,1.0,1.0,1.0,1.0,0.0104236080603279,186290.341826815,0.8153674091005764,0.8153674091005764,0.18463259089942363,0.0,0.0,0.0,0.0,0.0
2015-01-23,196629.6212122378,-0.060036108061122584,1.0,1.0,1.0,1.0,1.0,-0.0050706604319696,185345.72676165568,0.8144264285345271,0.8144264285345271,0.18557357146547293,0.0,0.0,0.0,0.0,0.0
2015-01-26,196740.2523252198,-0.05950724953570308,1.0,1.0,1.0,1.0,1.0,0.0005626370650565093,185450.00913738162,1.0,1.0,0.0,0.1853881832821907,0.0,34.360907563460664,0.0,34.360907563460664
2015-01-27,196595.98148937468,-0.060196918648211306,1.0,1.0,1.0,1.0,1.0,-0.0007333061442183,185314.01750623583,1.0,1.0,0.0,0.0,0.0,0.0,0.0,0.0
2015-01-28,194161.15762476783,-0.07183629679404613,1.0,1.0,1.0,1.0,1.0,-0.0123849116658492,183018.91976897747,1.0,1.0,0.0,0.0,0.0,0.0,0.0,0.0
2015-01-29,194657.67345004884,-0.06946276352544145,1.0,1.0,1.0,1.0,1.0,0.0025572356044587,183486.9422669003,1.0,1.0,0.0,0.0,0.0,0.0,0.0,0.0
2015-01-30,190923.31225314105,-0.08731442118978783,1.0,1.0,1.0,1.0,1.0,-0.0191842485873852,179966.8831539129,1.0,1.0,0.0,0.0,0.0,0.0,0.0,0.0
2015-02-02,193035.98008054565,-0.07721507063833755,1.0,1.0,1.0,1.0,1.0,0.0110655309845215,181958.3122756403,1.0,1.0,0.0,0.0,0.0,0.0,0.0,0.0
2015-02-03,196190.45307802712,-0.06213549769582383,1.0,1.0,1.0,1.0,1.0,0.0163413732308621,184931.76096899432,1.0,1.0,0.0,0.0,0.0,0.0,0.0,0.0
2015-02-04,195144.376774906,-0.06713613771681759,1.0,1.0,1.0,1.0,1.0,-0.0053319429498698,183945.71536988867,1.0,1.0,0.0,0.0,0.0,0.0,0.0,0.0
2015-02-05,196699.632352708,-0.05970142835381431,1.0,1.0,1.0,1.0,1.0,0.0079697688629583,185411.72020471818,1.0,1.0,0.0,0.0,0.0,0.0,0.0,0.0
2015-02-06,193844.5228430325,-0.07334993070092288,1.0,1.0,1.0,1.0,1.0,-0.0145150729339238,182720.45556314243,1.0,1.0,0.0,0.0,0.0,0.0,0.0,0.0
2015-02-09,194045.97963434563,-0.07238689111180718,1.0,1.0,1.0,1.0,1.0,0.0010392699693471,182910.35144539463,1.0,1.0,0.0,0.0,0.0,0.0,0.0,0.0
2015-02-10,193003.75944556875,-0.07736909744908416,1.0,1.0,1.0,1.0,1.0,-0.005370996043004,181927.94067155695,1.0,1.0,0.0,0.0,0.0,0.0,0.0,0.0
2015-02-11,191632.00438701248,-0.08392660498878302,1.0,1.0,1.0,1.0,1.0,-0.0071074007184983,180634.90589531302,1.0,1.0,0.0,0.0,0.0,0.0,0.0,0.0
2015-02-12,195240.27619437873,-0.06667770225319547,1.0,1.0,1.0,1.0,1.0,0.0188291711444982,184036.1114530862,1.0,1.0,0.0,0.0,0.0,0.0,0.0,0.0
2015-02-13,196995.30847751076,-0.05828798474694785,1.0,1.0,1.0,1.0,1.0,0.0089890893279864,185690.42849851324,1.0,1.0,0.0,0.0,0.0,0.0,0.0,0.0
2015-02-17,196988.4448557862,-0.05832079545242164,1.0,1.0,1.0,1.0,1.0,-3.484154915975443e-05,185683.9587563202,1.0,1.0,0.0,0.0,0.0,0.0,0.0,0.0
2015-02-18,197266.91373079727,-0.056989609001847574,1.0,1.0,1.0,1.0,1.0,0.0014136305061699,185946.44726492453,1.0,1.0,0.0,0.0,0.0,0.0,0.0,0.0
2015-02-19,196605.4003979436,-0.06015189270602783,1.0,1.0,1.0,1.0,1.0,-0.0033533922153636,185322.89589619183,1.0,1.0,0.0,0.0,0.0,0.0,0.0,0.0
2015-02-20,197147.70052106745,-0.05755949319273057,1.0,1.0,1.0,1.0,1.0,0.002758317533629,185834.07528932518,1.0,1.0,0.0,0.0,0.0,0.0,0.0,0.0
2015-02-23,196249.05543486052,-0.06185535628545891,1.0,1.0,1.0,1.0,1.0,-0.0045582326541561,184987.0003390865,1.0,1.0,0.0,0.0,0.0,0.0,0.0,0.0
2015-02-24,198832.73172099725,-0.04950440731624983,1.0,1.0,1.0,1.0,1.0,0.0131652928489856,187422.40837180594,1.0,1.0,0.0,0.0,0.0,0.0,0.0,0.0
2015-02-25,197987.66594498832,-0.05354414105964311,1.0,1.0,1.0,1.0,1.0,-0.0042501341137068,186625.83800031184,1.0,1.0,0.0,0.0,0.0,0.0,0.0,0.0
2015-02-26,197487.93015777375,-0.05593306696305167,1.0,1.0,1.0,1.0,1.0,-0.002524075349994,186154.7803229433,1.0,1.0,0.0,0.0,0.0,0.0,0.0,0.0
2015-02-27,198017.1545580071,-0.05340317434623465,1.0,1.0,1.0,1.0,1.0,0.0026797809861622,186653.6343637359,1.0,1.0,0.0,0.0,0.0,0.0,0.0,0.0
2015-03-02,196978.55667193807,-0.058368064707769785,1.0,1.0,1.0,1.0,1.0,-0.005244989447441,185674.63802117162,1.0,1.0,0.0,0.0,0.0,0.0,0.0,0.0
2015-03-03,195919.51539772624,-0.06343068218978987,1.0,1.0,1.0,1.0,1.0,-0.0053764292525285,184676.37146586194,1.0,1.0,0.0,0.0,0.0,0.0,0.0,0.0
2015-03-04,193969.68332787676,-0.07275161628763216,1.0,1.0,1.0,1.0,1.0,-0.0099522095381422,182838.4335202899,1.0,1.0,0.0,0.0,0.0,0.0,0.0,0.0
2015-03-05,193141.0349055862,-0.07671286887645001,1.0,1.0,1.0,1.0,1.0,-0.0042720512199315,182057.3383673192,1.0,1.0,0.0,0.0,0.0,0.0,0.0,0.0
2015-03-06,190041.58348791543,-0.09152941787587388,1.0,1.0,1.0,1.0,1.0,-0.0160476069685859,179135.7537554536,1.0,1.0,0.0,0.0,0.0,0.0,0.0,0.0
2015-03-09,188585.8243583208,-0.09848849661865566,1.0,1.0,1.0,1.0,1.0,-0.0076602136378598,177763.53561150777,1.0,1.0,0.0,0.0,0.0,0.0,0.0,0.0
2015-03-10,185963.01878860896,-0.11102649834955602,1.0,1.0,1.0,1.0,1.0,-0.0139077556790717,175291.24378957498,1.0,1.0,0.0,0.0,0.0,0.0,0.0,0.0
2015-03-11,186703.37418590364,-0.10748731978445103,1.0,1.0,1.0,1.0,1.0,0.0039811969181693,175989.1127491321,1.0,1.0,0.0,0.0,0.0,0.0,0.0,0.0
2015-03-12,187354.27657757583,-0.10437576038878837,1.0,1.0,1.0,1.0,1.0,0.003486291527994,176602.66210192858,1.0,1.0,0.0,0.0,0.0,0.0,0.0,0.0
2015-03-13,184854.83052629695,-0.11632405700639459,1.0,1.0,1.0,1.0,1.0,-0.0133407472566766,174246.6506219705,1.0,1.0,0.0,0.0,0.0,0.0,0.0,0.0
2015-03-16,185964.8729635772,-0.11101763469255088,1.0,1.0,1.0,1.0,1.0,0.0060049414674202,175292.99155984944,1.0,1.0,0.0,0.0,0.0,0.0,0.0,0.0
2015-03-17,187317.6958926888,-0.10455062988568431,1.0,1.0,1.0,1.0,1.0,0.007274615402106231,176568.180656132,1.0,1.0,0.0,0.3265698748060694,0.0,57.245410308081425,0.0,57.245410308081425
2015-03-18,190892.55657837028,-0.0874614449371689,1.0,1.0,1.0,1.0,1.0,0.0190844792780789,179937.89244103205,1.0,1.0,0.0,0.0,0.0,0.0,0.0,0.0
2015-03-19,188281.74429545764,-0.0999421142251371,1.0,1.0,1.0,1.0,1.0,-0.0136768679183191,177476.90565261533,1.0,1.0,0.0,0.0,0.0,0.0,0.0,0.0
2015-03-20,190023.8636344846,-0.09161412547126446,1.0,1.0,1.0,1.0,1.0,0.0092527257251937,179119.05078317507,1.0,1.0,0.0,0.0,0.0,0.0,0.0,0.0
2015-03-23,190244.19725166183,-0.09056084752132965,1.0,1.0,1.0,1.0,1.0,0.0011595049851268,179326.74021548932,1.0,1.0,0.0,0.0,0.0,0.0,0.0,0.0
2015-03-24,190520.12098526265,-0.08924182780845635,1.0,1.0,1.0,1.0,1.0,0.0014503660957177,179586.82963955347,1.0,1.0,0.0,0.0,0.0,0.0,0.0,0.0
2015-03-25,188406.0834876733,-0.09934772590096175,1.0,1.0,1.0,1.0,1.0,-0.011096137702709435,177594.10944827995,0.7869098193370482,0.7869098193370482,0.21309018066295182,0.210936639314535,0.0,37.88144230931933,0.0,37.88144230931933
2015-03-26,187530.0388007147,-0.10353555054502772,1.0,1.0,1.0,1.0,1.0,-0.0046497685782841,176768.337938479,0.7859143707048896,0.7859143707048896,0.21408562929511044,0.0,0.0,0.0,0.0,0.0
2015-03-27,187752.8140289325,-0.10247060077168135,1.0,1.0,1.0,1.0,1.0,0.0011879442335877,176978.32886621388,0.7861683907320782,0.7861683907320782,0.21383160926792177,0.0,0.0,0.0,0.0,0.0
2015-03-30,189548.72112042943,-0.09388548623564719,1.0,1.0,1.0,1.0,1.0,0.0095652738990117,178671.1750560086,0.7881943696002052,0.7881943696002052,0.21180563039979483,0.0,0.0,0.0,0.0,0.0
2015-03-31,189119.48749360396,-0.09593738517098827,1.0,1.0,1.0,1.0,1.0,-0.0022645028902769098,178266.5736636851,0.9879536945488288,0.9879536945488288,0.012046305451171246,0.1995870168253096,0.0,35.66044682210143,0.0,35.66044682210143
2015-04-01,191562.48538389787,-0.08425893209356239,1.0,1.0,1.0,1.0,1.0,0.01291774804739,180569.37634754405,0.9881073211774668,0.9881073211774668,0.011892678822533198,0.0,0.0,0.0,0.0,0.0
2015-04-02,193850.04941819777,-0.07332351158324657,1.0,1.0,1.0,1.0,1.0,0.0119416076154761,182725.66498725765,0.9882476629747868,0.9882476629747868,0.011752337025213166,0.0,0.0,0.0,0.0,0.0
2015-04-06,195815.49441566973,-0.06392794179154437,1.0,1.0,1.0,1.0,1.0,0.0101389966284294,184578.31988849098,0.988365623875091,0.988365623875091,0.01163437612490903,0.0,0.0,0.0,0.0,0.0
2015-04-07,195231.66602969164,-0.06671886209401512,1.0,1.0,1.0,1.0,1.0,-0.0029815229265706,184027.99539599556,0.9883308319831148,0.9883308319831148,0.011669168016885223,0.0,0.0,0.0,0.0,0.0
2015-04-08,197873.0526695153,-0.054092035826551976,1.0,1.0,1.0,1.0,1.0,0.0135294990486941,186517.80198463876,0.9884866024838566,0.9884866024838566,0.011513397516143442,0.0,0.0,0.0,0.0,0.0
2015-04-09,198470.76608130135,-0.05123473985383564,1.0,1.0,1.0,1.0,1.0,0.0030206913155797193,187081.21468929478,0.5744919662342141,0.5744919662342141,0.42550803376578594,0.4156956603322806,0.0,77.53464085972998,0.0,77.53464085972998
2015-04-10,198858.88526570715,-0.04937938348961601,1.0,1.0,1.0,1.0,1.0,0.0019555483765645266,187447.06105496612,0.3666099790253678,0.3666099790253678,0.6333900209746322,0.2093299419780734,0.0,39.161699816097574,0.0,39.161699816097574
2015-04-13,198489.3852406684,-0.05114573323623961,1.0,1.0,1.0,1.0,1.0,-0.0018581016611104,187098.76535944964,0.3654308850988807,0.3654308850988807,0.6345691149011192,0.0,0.0,0.0,0.0,0.0
2015-04-14,198806.09210372195,-0.04963175475342374,1.0,1.0,1.0,1.0,1.0,0.0015955858932686,187397.29751010513,0.366441781654637,0.366441781654637,0.633558218345363,0.0,0.0,0.0,0.0,0.0
2015-04-15,199278.3900980242,-0.04737399186834923,1.0,1.0,1.0,1.0,1.0,0.002375671637144003,187842.4919546773,0.968783660837156,0.968783660837156,0.031216339162844053,0.6016660533575968,0.0,112.75059240278436,0.0,112.75059240278436
2015-04-16,199652.017283785,-0.045587912733899505,1.0,1.0,1.0,1.0,1.0,0.0018749006632230857,188194.6779674246,0.7550789656150555,0.7550789656150555,0.2449210343849445,0.2143782761080141,0.0,40.26934960507724,0.0,40.26934960507724
2015-04-17,197639.72619460916,-0.05520742454618155,1.0,1.0,1.0,1.0,1.0,-0.0100789920209801,186297.86530980002,0.7525852745715895,0.7525852745715895,0.24741472542841048,0.0,0.0,0.0,0.0,0.0
2015-04-20,198370.529112392,-0.05171391044284113,1.0,1.0,1.0,1.0,1.0,0.0036976519440391,186986.72997363313,0.7534967577644538,0.7534967577644538,0.2465032422355462,0.0,0.0,0.0,0.0,0.0
2015-04-21,198270.45893469785,-0.05219228370681073,1.0,1.0,1.0,1.0,1.0,-0.0005044609103073,186892.40247761525,0.7533723437524762,0.7533723437524762,0.2466276562475238,0.0,0.0,0.0,0.0,0.0
2015-04-22,199615.94638475176,-0.04576034526177608,1.0,1.0,1.0,1.0,1.0,0.0067861216304393466,188160.6770526334,0.9552747560286966,0.9552747560286966,0.0447252439713034,0.2013975038268532,0.0,37.639663343195316,0.0,37.639663343195316
2015-04-23,201000.77480920855,-0.03914034209289963,1.0,1.0,1.0,1.0,1.0,0.0069374639127659,189466.03495948765,0.9555828980704426,0.9555828980704426,0.04441710192955739,0.0,0.0,0.0,0.0,0.0
2015-04-24,202339.04444679123,-0.032742907518949704,1.0,1.0,1.0,1.0,1.0,0.0066580322332238,190727.505927349,0.9558766726064658,0.9558766726064658,0.044123327393534195,0.0,0.0,0.0,0.0,0.0
2015-04-27,202210.22452140023,-0.03335871544088587,1.0,1.0,1.0,1.0,1.0,-0.0006366538190551,190606.0785323015,0.955848563425754,0.955848563425754,0.04415143657424603,0.0,0.0,0.0,0.0,0.0
2015-04-28,202777.6034384225,-0.03064642981596133,1.0,1.0,1.0,1.0,1.0,0.0028058863905877,191140.8975340186,0.9559721007091804,0.9559721007091804,0.04402789929081963,0.0,0.0,0.0,0.0,0.0
2015-04-29,201921.19322501085,-0.03474039425698372,1.0,1.0,1.0,1.0,1.0,-0.0042233964643522,190333.63374318028,0.9557853647750988,0.9557853647750988,0.04421463522490121,0.0,0.0,0.0,0.0,0.0
2015-04-30,200408.4516038731,-0.041971870841926995,1.0,1.0,1.0,1.0,1.0,-0.0074917426792939,188907.7031359614,0.9554516197736638,0.9554516197736638,0.044548380226336226,0.0,0.0,0.0,0.0,0.0
2015-05-01,201781.47080759675,-0.035408320210631894,1.0,1.0,1.0,1.0,1.0,0.0068511042959286,190201.92951245018,0.9557547486055666,0.9557547486055666,0.04424525139443336,0.0,0.0,0.0,0.0,0.0
2015-05-04,202167.68192231868,-0.033562085140523945,1.0,1.0,1.0,1.0,1.0,0.0019140068370806,190565.97730596294,0.9558392725398558,0.9558392725398558,0.04416072746014421,0.0,0.0,0.0,0.0,0.0
2015-05-05,200779.69007930433,-0.040197210645500414,1.0,1.0,1.0,1.0,1.0,-0.0068655475979969,189257.63751821007,0.955533989025014,0.955533989025014,0.04446601097498604,0.0,0.0,0.0,0.0,0.0
2015-05-06,200397.86968175377,-0.04202245642836189,1.0,1.0,1.0,1.0,1.0,-0.0019016883500505,188897.72847378365,0.9554492674158724,0.9554492674158724,0.04455073258412756,0.0,0.0,0.0,0.0,0.0
2015-05-07,201093.65148030568,-0.03869635650875125,1.0,1.0,1.0,1.0,1.0,0.0034720019711629,189553.5817593928,0.9556034124553404,0.9556034124553404,0.04439658754465958,0.0,0.0,0.0,0.0,0.0
2015-05-08,204860.5291133044,-0.02068925799255572,1.0,1.0,1.0,1.0,1.0,0.0187319570024698,193104.2913025739,0.9564197557173992,0.9564197557173992,0.043580244282600766,0.0,0.0,0.0,0.0,0.0
2015-05-11,203853.47729022757,-0.025503346252338854,1.0,1.0,1.0,1.0,1.0,-0.0049157923560758,192155.03070346327,0.9562044659659644,0.9562044659659644,0.04379553403403558,0.0,0.0,0.0,0.0,0.0
2015-05-12,203161.99016923836,-0.02880891599032387,1.0,1.0,1.0,1.0,1.0,-0.0033920791059392,191503.22563871293,0.9560554024146763,0.9560554024146763,0.04394459758532365,0.0,0.0,0.0,0.0,0.0
2015-05-13,202961.03527007136,-0.029769556345325743,1.0,1.0,1.0,1.0,1.0,-0.0009891362995589,191313.8028467511,0.9560118921804832,0.9560118921804832,0.043988107819516786,0.0,0.0,0.0,0.0,0.0
2015-05-14,205255.72318047428,-0.018800081015261982,1.0,1.0,1.0,1.0,1.0,0.0113060514662309,193476.8065479368,0.95650366399396,0.95650366399396,0.04349633600603997,0.0,0.0,0.0,0.0,0.0
2015-05-15,205430.11378306156,-0.017966428036046866,1.0,1.0,1.0,1.0,1.0,0.0008496260171705,193641.18947649898,0.9565405882408816,0.9565405882408816,0.04345941175911838,0.0,0.0,0.0,0.0,0.0
2015-05-18,204232.2826146843,-0.023692513658203906,1.0,1.0,1.0,1.0,1.0,-0.0058308450806884,192512.09769942128,0.9562856969117638,0.9562856969117638,0.043714303088236206,0.0,0.0,0.0,0.0,0.0
2015-05-19,203211.70506545875,-0.02857126000008925,1.0,1.0,1.0,1.0,1.0,-0.0049971411774849,191550.08756884348,0.95606615327722,0.95606615327722,0.04393384672278,0.0,0.0,0.0,0.0,0.0
2015-05-20,203250.65376929045,-0.028385070477809138,1.0,1.0,1.0,1.0,1.0,0.0001916656514404,191586.80114116083,0.95607457227294,0.95607457227294,0.043925427727059985,0.0,0.0,0.0,0.0,0.0
2015-05-21,203483.98536875672,-0.027269657260845737,1.0,1.0,1.0,1.0,1.0,0.0011479992567753,191806.74264647884,0.9561249408082833,0.9561249408082833,0.04387505919171675,0.0,0.0,0.0,0.0,0.0
2015-05-22,201693.56077066905,-0.03582856340665508,1.0,1.0,1.0,1.0,1.0,-0.0087988477070715,190119.06432874303,0.9557354638962824,0.9557354638962824,0.04426453610371761,0.0,0.0,0.0,0.0,0.0
2015-05-26,198371.90214372627,-0.05170734683422118,1.0,1.0,1.0,1.0,1.0,-0.0164688382427816,186988.024211444,0.9549942718392036,0.9549942718392036,0.0450057281607964,0.0,0.0,0.0,0.0,0.0
2015-05-27,200042.1150001273,-0.04372309823937448,1.0,1.0,1.0,1.0,1.0,0.0084196039779407,188562.38932392193,0.9553700384410804,0.9553700384410804,0.04462996155891963,0.0,0.0,0.0,0.0,0.0
2015-05-28,199524.0817954785,-0.046199492712360124,1.0,1.0,1.0,1.0,1.0,-0.0025896207138603,188074.0842546737,0.95525416369653,0.95525416369653,0.044745836303469955,0.0,0.0,0.0,0.0,0.0
2015-05-29,197219.6791941785,-0.057215407935906404,1.0,1.0,1.0,1.0,1.0,-0.0115494960836966,185901.92335512955,0.9547313334090234,0.9547313334090234,0.045268666590976614,0.0,0.0,0.0,0.0,0.0
2015-06-01,197268.95340611253,-0.05697985858308663,1.0,1.0,1.0,1.0,1.0,0.0002498442961442,185948.36989032206,0.9547426407021024,0.9547426407021024,0.04525735929789765,0.0,0.0,0.0,0.0,0.0
2015-06-02,198924.4565633972,-0.04906592790852793,1.0,1.0,1.0,1.0,1.0,0.0083921120313166,187508.86944248236,0.9551192846930044,0.9551192846930044,0.044880715306995556,0.0,0.0,0.0,0.0,0.0
2015-06-03,199156.87438226625,-0.04795488290811922,1.0,1.0,1.0,1.0,1.0,0.0011683722699775,187727.9496059138,0.95517166088134,0.95517166088134,0.04482833911866002,0.0,0.0,0.0,0.0,0.0
2015-06-04,197036.9315734052,-0.05808901062000671,1.0,1.0,1.0,1.0,1.0,-0.0106445876670668,185729.66298877494,0.9546893476703652,0.9546893476703652,0.045310652329634826,0.0,0.0,0.0,0.0,0.0
2015-06-05,196715.9338602801,-0.05962350098759406,1.0,1.0,1.0,1.0,1.0,-0.001629124604011,185427.08622510527,0.9546154105189986,0.9546154105189986,0.045384589481001436,0.0,0.0,0.0,0.0,0.0
2015-06-08,196379.40373730563,-0.061232242143659854,1.0,1.0,1.0,1.0,1.0,-0.0017107415569779,185109.86840291065,0.9545376361639056,0.9545376361639056,0.045462363836094366,0.0,0.0,0.0,0.0,0.0
2015-06-09,196414.879890844,-0.061062652723991806,1.0,1.0,1.0,1.0,1.0,0.0001806510910168,185143.3087025956,0.954545847506145,0.954545847506145,0.04545415249385498,0.0,0.0,0.0,0.0,0.0
2015-06-10,199209.59012141425,-0.04770288175472992,1.0,1.0,1.0,1.0,1.0,0.0142286074869858,187777.64017096665,0.9551835235583824,0.9551835235583824,0.04481647644161757,0.0,0.0,0.0,0.0,0.0
2015-06-11,199780.53032059997,-0.044973571855324135,1.0,1.0,1.0,1.0,1.0,0.0028660276788771,188315.81608517084,0.9553116017447068,0.9553116017447068,0.04468839825529325,0.0,0.0,0.0,0.0,0.0
2015-06-12,198590.75728293532,-0.05066113656766269,1.0,1.0,1.0,1.0,1.0,-0.005955400337336995,187194.32001053134,0.7987871350715958,0.7987871350715958,0.20121286492840418,0.1554816451545944,0.0,29.279652893552406,0.0,29.279652893552406
2015-06-15,197541.70499707348,-0.05567600291072361,1.0,1.0,1.0,1.0,1.0,-0.005282482932311,186205.46921005013,0.7977185869596866,0.7977185869596866,0.20228141304031344,0.0,0.0,0.0,0.0,0.0
2015-06-16,198654.33333006484,-0.050357219038220546,1.0,1.0,1.0,1.0,1.0,0.0056323718224861,187254.24764802158,0.798851529934619,0.798851529934619,0.20114847006538095,0.0,0.0,0.0,0.0,0.0
2015-06-17,199076.42804549655,-0.04833944679699875,1.0,1.0,1.0,1.0,1.0,0.0021247697362352,187652.1198064056,0.7992780179275238,0.7992780179275238,0.20072198207247616,0.0,0.0,0.0,0.0,0.0
2015-06-18,200899.489411668,-0.03962452456694321,1.0,1.0,1.0,1.0,1.0,0.009157595321907436,189370.56198089075,1.0,1.0,0.0,0.2005214606118643,0.0,37.62827715049301,0.0,37.62827715049301
2015-06-19,198782.6395279472,-0.049743866927903446,1.0,1.0,1.0,1.0,1.0,-0.0105368604465844,187375.19079660685,1.0,1.0,0.0,0.0,0.0,0.0,0.0,0.0
2015-06-22,200645.02219346724,-0.040840974028200416,1.0,1.0,1.0,1.0,1.0,0.009368940215014207,189130.69775695712,0.802438696190608,0.802438696190608,0.19756130380939196,0.1996118557092917,0.0,37.4023095487933,0.0,37.4023095487933
2015-06-23,200682.77552759327,-0.0406604988248207,1.0,1.0,1.0,1.0,1.0,0.0001881598342851,189166.28455770528,0.8024758622996251,0.8024758622996251,0.1975241377003749,0.0,0.0,0.0,0.0,0.0
2015-06-24,199458.86241285424,-0.046511266006451835,1.0,1.0,1.0,1.0,1.0,-0.0060987452038242,188012.6075870337,0.8012638209810066,0.8012638209810066,0.19873617901899343,0.0,0.0,0.0,0.0,0.0
2015-06-25,198112.17296952897,-0.05294895043353365,1.0,1.0,1.0,1.0,1.0,-0.006751715251126816,186743.1999969842,1.0,1.0,0.0,0.1985376413776158,0.0,37.32757965958491,0.0,37.32757965958491
2015-06-26,198683.575269806,-0.05021743151629232,1.0,1.0,1.0,1.0,1.0,0.0028842361966567,187281.81149389502,1.0,1.0,0.0,0.0,0.0,0.0,0.0,0.0
2015-06-29,194377.48142073432,-0.07080218730473287,1.0,1.0,1.0,1.0,1.0,-0.0216731244302611,183222.82948986313,1.0,1.0,0.0,0.0,0.0,0.0,0.0,0.0
2015-06-30,194642.9501861549,-0.06953314629049223,1.0,1.0,1.0,1.0,1.0,0.0013657382711217,183473.06392024065,1.0,1.0,0.0,0.0,0.0,0.0,0.0,0.0
2015-07-01,195139.1028333231,-0.06716134915050476,1.0,1.0,1.0,1.0,1.0,0.0025490399045724,183940.7440815875,1.0,1.0,0.0,0.0,0.0,0.0,0.0,0.0
2015-07-02,195836.76082490585,-0.06382628031922954,1.0,1.0,1.0,1.0,1.0,0.0035751829410565,184598.36589199322,1.0,1.0,0.0,0.0,0.0,0.0,0.0,0.0
2015-07-06,193525.72303509535,-0.07487391425116585,1.0,1.0,1.0,1.0,1.0,-0.0118008374938184,182419.95057447735,1.0,1.0,0.0,0.0,0.0,0.0,0.0,0.0
2015-07-07,193767.62148326536,-0.07371754826015153,1.0,1.0,1.0,1.0,1.0,0.001249955015676,182647.96730665726,1.0,1.0,0.0,0.0,0.0,0.0,0.0,0.0
2015-07-08,189802.78090702035,-0.0926709844514455,1.0,1.0,1.0,1.0,1.0,-0.0204618323014685,178910.65522942436,1.0,1.0,0.0,0.0,0.0,0.0,0.0,0.0
2015-07-09,191216.26457735905,-0.08591399837898828,1.0,1.0,1.0,1.0,1.0,0.007447117811361682,180243.02395662578,0.8127469302203237,0.8127469302203237,0.18725306977967626,0.1888364018527173,0.0,33.784844386636536,0.0,33.784844386636536
2015-07-10,193598.27496297556,-0.07452708861992319,1.0,1.0,1.0,1.0,1.0,0.0124571536363888,182488.3389979408,1.0,1.0,0.0,0.1870660037759003,0.0,33.71734220004985,0.0,33.71734220004985
2015-07-13,195539.8158152365,-0.06524578967524541,1.0,1.0,1.0,1.0,1.0,0.010028709463616075,184318.461530249,0.7970747106439067,0.7970747106439067,0.20292528935609333,0.2051655336595254,0.0,37.44031745715291,0.0,37.44031745715291
2015-07-14,196056.37197900057,-0.06277645601583404,1.0,1.0,1.0,1.0,1.0,0.0026416930056441,184805.37432088453,0.7976093645699301,0.7976093645699301,0.20239063543006985,0.0,0.0,0.0,0.0,0.0
2015-07-15,195788.62053376107,-0.06405640910218979,1.0,1.0,1.0,1.0,1.0,-0.0013656860143682,184552.98820579442,0.7973325845150342,0.7973325845150342,0.2026674154849658,0.0,0.0,0.0,0.0,0.0
2015-07-16,196469.95453102936,-0.060799375132260636,1.0,1.0,1.0,1.0,1.0,0.0034799468703075,185195.22279950706,0.7980354105559828,0.7980354105559828,0.20196458944401718,0.0,0.0,0.0,0.0,0.0
2015-07-17,196038.94833420945,-0.0628597476219952,1.0,1.0,1.0,1.0,1.0,-0.002193751191365426,184788.95055885546,0.9978314244064126,0.9978314244064126,0.0021685755935874074,0.199601169995726,0.0,36.965183148400776,0.0,36.965183148400776
2015-07-20,195431.77825663175,-0.06576225003068747,1.0,1.0,1.0,1.0,1.0,-0.0030971910568634675,184216.62387377737,0.7831880945138576,0.7831880945138576,0.21681190548614238,0.2141860080058676,0.0,39.57920764379489,0.0,39.57920764379489
2015-07-21,194130.0312685757,-0.07198509253869467,1.0,1.0,1.0,1.0,1.0,-0.0066608767502832,182989.57964680088,0.7817342532761213,0.7817342532761213,0.21826574672387866,0.0,0.0,0.0,0.0,0.0
2015-07-22,193432.89851727104,-0.07531765052296246,1.0,1.0,1.0,1.0,1.0,-0.00359106083046044,182332.45293494881,0.5817486701029043,0.5817486701029043,0.4182513298970957,0.1986822995046402,0.0,36.356790469613905,0.0,36.356790469613905
2015-07-23,192003.24802714115,-0.08215192010315109,1.0,1.0,1.0,1.0,1.0,-0.0073909376382645,180984.84514587483,0.5786343831055285,0.5786343831055285,0.4213656168944715,0.0,0.0,0.0,0.0,0.0
2015-07-24,189762.8332111209,-0.09286194953330928,1.0,1.0,1.0,1.0,1.0,-0.011668629770802384,178872.9999937416,0.996532755209668,0.996532755209668,0.0034672447903320025,0.7693026740873843,0.0,139.23212534001266,0.0,139.23212534001266
2015-07-27,188604.32949768883,-0.09840003505974093,1.0,1.0,1.0,1.0,1.0,-0.0061050085194669,177780.9788048772,0.996511457628771,0.996511457628771,0.0034885423712289754,0.0,0.0,0.0,0.0,0.0
2015-07-28,192300.61494005963,-0.08073039389017522,1.0,1.0,1.0,1.0,1.0,0.0195980943396961,181265.1471992987,0.9965785122681224,0.9965785122681224,0.0034214877318775594,0.0,0.0,0.0,0.0,0.0
2015-07-29,194468.6510029316,-0.07036636225060178,1.0,1.0,1.0,1.0,1.0,0.0112742024436468,183308.76716480101,0.9966166567646936,0.9966166567646936,0.003383343235306424,0.0,0.0,0.0,0.0,0.0
2015-07-30,194514.21936445744,-0.07014852826310258,1.0,1.0,1.0,1.0,1.0,0.0002343224025611,183351.7205155336,0.9966174493720836,0.9966174493720836,0.0033825506279163697,0.0,0.0,0.0,0.0,0.0
2015-07-31,194271.84252680035,-0.07130718113663936,1.0,1.0,1.0,1.0,1.0,-0.0012460623107609,183123.25284698606,0.9966132292446902,0.9966132292446902,0.003386770755309798,0.0,0.0,0.0,0.0,0.0
2015-08-03,193228.47719303297,-0.07629486169969912,1.0,1.0,1.0,1.0,1.0,-0.0053706462048068,182139.7626440715,0.9965949418822329,0.9965949418822329,0.0034050581177671457,0.0,0.0,0.0,0.0,0.0
2015-08-04,193306.8498941108,-0.07592021057301379,1.0,1.0,1.0,1.0,1.0,0.0004055960188494,182213.63780667412,0.9965963224003168,0.9965963224003168,0.003403677599683186,0.0,0.0,0.0,0.0,0.0
2015-08-05,194358.1616454177,-0.07089454313131704,1.0,1.0,1.0,1.0,1.0,0.0054385643958444,183204.61840968678,0.996614733390768,0.996614733390768,0.003385266609231996,0.0,0.0,0.0,0.0,0.0
2015-08-06,193421.8588847104,-0.07537042413826656,1.0,1.0,1.0,1.0,1.0,-0.0048174090183846,182322.04682875026,0.9965983462332348,0.9965983462332348,0.003401653766765156,0.0,0.0,0.0,0.0,0.0
2015-08-07,192148.18701055675,-0.081459056992776,1.0,1.0,1.0,1.0,1.0,-0.0065849427851527,181121.46658191102,0.9965757980593708,0.9965757980593708,0.0034242019406292012,0.0,0.0,0.0,0.0,0.0
2015-08-10,196078.7522704347,-0.0626694697656981,1.0,1.0,1.0,1.0,1.0,0.0204559060432978,184826.47028473488,0.9966444390979068,0.9966444390979068,0.003355560902093213,0.0,0.0,0.0,0.0,0.0
2015-08-11,193445.85913345325,-0.07525569388004438,1.0,1.0,1.0,1.0,1.0,-0.0134277330230566,182344.66978615758,0.9965987682662362,0.9965987682662362,0.003401231733763832,0.0,0.0,0.0,0.0,0.0
2015-08-12,193614.4535666938,-0.07444974878056743,1.0,1.0,1.0,1.0,1.0,0.0008715329136315,182503.5891675015,0.9966017299704164,0.9966017299704164,0.0033982700295835944,0.0,0.0,0.0,0.0,0.0
2015-08-13,193392.51434454156,-0.0755107021290099,1.0,1.0,1.0,1.0,1.0,-0.0011462947009572,182294.3862703331,0.9965978300810664,0.9965978300810664,0.0034021699189336063,0.0,0.0,0.0,0.0,0.0
2015-08-14,194542.31975346172,-0.07001419778506668,1.0,1.0,1.0,1.0,1.0,0.0059454494028228,183378.20832032204,0.9966179379598036,0.9966179379598036,0.0033820620401964208,0.0,0.0,0.0,0.0,0.0
2015-08-17,195532.15457298525,-0.06528241330824225,1.0,1.0,1.0,1.0,1.0,0.0050880179735592,184311.23994021493,0.9966350588409012,0.9966350588409012,0.0033649411590988,0.0,0.0,0.0,0.0,0.0
2015-08-18,194997.9210736584,-0.06783625131156812,1.0,1.0,1.0,1.0,1.0,-0.002732202795461,183807.66425521538,0.996625839951384,0.996625839951384,0.003374160048616015,0.0,0.0,0.0,0.0,0.0
2015-08-19,193071.6189816408,-0.07704470322384893,1.0,1.0,1.0,1.0,1.0,-0.0098785775838603,181991.90598336208,0.9965921754925954,0.9965921754925954,0.003407824507404622,0.0,0.0,0.0,0.0,0.0
2015-08-20,189153.82322210356,-0.09577324741394999,1.0,1.0,1.0,1.0,1.0,-0.0202919299076772,178298.93898338312,0.99652159187881,0.99652159187881,0.0034784081211900464,0.0,0.0,0.0,0.0,0.0
2015-08-21,184069.74971097073,-0.12007703997056374,1.0,1.0,1.0,1.0,1.0,-0.0268779844072362,173506.62288156096,0.9964255169799326,0.9964255169799326,0.003574483020067354,0.0,0.0,0.0,0.0,0.0
2015-08-24,177321.81556574567,-0.15233471509900587,1.0,1.0,1.0,1.0,1.0,-0.0366596583948248,167145.92935748326,0.9962894909870468,0.9962894909870468,0.0037105090129532226,0.0,0.0,0.0,0.0,0.0
2015-08-25,174919.1859788395,-0.16382019243183443,1.0,1.0,1.0,1.0,1.0,-0.0135495431244068,164881.178379585,0.9962385247154676,0.9962385247154676,0.0037614752845324118,0.0,0.0,0.0,0.0,0.0
2015-08-26,180220.86480437103,-0.13847616424354026,1.0,1.0,1.0,1.0,1.0,0.0303093042416335,169878.6121788109,0.9963491785728354,0.9963491785728354,0.0036508214271645523,0.0,0.0,0.0,0.0,0.0
2015-08-27,184977.28252395877,-0.11573869018532101,1.0,1.0,1.0,1.0,1.0,0.02639215900307,174362.07552265495,0.9964430540557612,0.9964430540557612,0.003556945944238832,0.0,0.0,0.0,0.0,0.0
2015-08-28,185240.46167825023,-0.11448059437747748,1.0,1.0,1.0,1.0,1.0,0.0014227647346769,174610.15173477365,0.9964481075630618,0.9964481075630618,0.0035518924369382088,0.0,0.0,0.0,0.0,0.0
2015-08-31,183721.16797352317,-0.12174339239788379,1.0,1.0,1.0,1.0,1.0,-0.0082017378436788,173178.04504540007,0.996418734966105,0.996418734966105,0.003581265033894998,0.0,0.0,0.0,0.0,0.0
2015-09-01,178726.96582073194,-0.1456175659009704,1.0,1.0,1.0,1.0,1.0,-0.0271835967944149,168470.44289524088,0.9963186629850256,0.9963186629850256,0.0036813370149744173,0.0,0.0,0.0,0.0,0.0
2015-09-02,182410.3099466062,-0.1280097891145322,1.0,1.0,1.0,1.0,1.0,0.0206087766832494,171942.412630597,0.9963929988658946,0.9963929988658946,0.003607001134105392,0.0,0.0,0.0,0.0,0.0
2015-09-03,182710.42814021264,-0.126575110740212,1.0,1.0,1.0,1.0,1.0,0.0016452918351727,172225.30807821802,0.9963989236873496,0.9963989236873496,0.0036010763126503864,0.0,0.0,0.0,0.0,0.0
2015-09-04,179970.840083743,-0.13967137688766562,1.0,1.0,1.0,1.0,1.0,-0.0149941526838702,169642.93551286662,0.9963441066644808,0.9963441066644808,0.003655893335519189,0.0,0.0,0.0,0.0,0.0
2015-09-08,184829.05756857205,-0.11644726148342355,1.0,1.0,1.0,1.0,1.0,0.0269944702295574,174222.35668522344,0.9964402015380844,0.9964402015380844,0.0035597984619155643,0.0,0.0,0.0,0.0,0.0
2015-09-09,182977.05135870873,-0.12530055100402482,1.0,1.0,1.0,1.0,1.0,-0.0100201030845824,172476.6307115986,0.9964041709604332,0.9964041709604332,0.003595829039566789,0.0,0.0,0.0,0.0,0.0
2015-09-10,183145.49996778343,-0.12449530299916478,1.0,1.0,1.0,1.0,1.0,0.0009205996480099,172635.41263712163,0.996407478234706,0.996407478234706,0.00359252176529401,0.0,0.0,0.0,0.0,0.0
2015-09-11,183900.78916873055,-0.12088473520940457,1.0,1.0,1.0,1.0,1.0,0.0041239844881801,173347.3584009477,0.9964222328907668,0.9964222328907668,0.0035777671092331875,0.0,0.0,0.0,0.0,0.0
2015-09-14,182734.00102854188,-0.12646242342625802,1.0,1.0,1.0,1.0,1.0,-0.0063446608655831,172247.528199949,0.9963993882301786,0.9963993882301786,0.0036006117698214046,0.0,0.0,0.0,0.0,0.0
2015-09-15,185546.55624324936,-0.11301734668954466,1.0,1.0,1.0,1.0,1.0,0.0153915264749671,174898.68059048615,0.9964539670896,0.9964539670896,0.00354603291040001,0.0,0.0,0.0,0.0,0.0
2015-09-16,187140.38185014305,-0.10539825801261238,1.0,1.0,1.0,1.0,1.0,0.0085898959224238,176401.0420537277,0.9964841677229408,0.9964841677229408,0.0035158322770592054,0.0,0.0,0.0,0.0,0.0
2015-09-17,186314.93708187365,-0.10934419592460998,1.0,1.0,1.0,1.0,1.0,-0.0044108319118978,175622.96670814508,0.9964685912726322,0.9964685912726322,0.0035314087273677908,0.0,0.0,0.0,0.0,0.0
2015-09-18,182249.05906143948,-0.12878062927923106,1.0,1.0,1.0,1.0,1.0,-0.0218226089873163,171790.41537648076,0.9963898074522948,0.9963898074522948,0.0036101925477052266,0.0,0.0,0.0,0.0,0.0
2015-09-21,183087.1727924378,-0.1247741289380323,1.0,1.0,1.0,1.0,1.0,0.0045987273422123,172580.43265680262,0.9964063337435668,0.9964063337435668,0.0035936662564332034,0.0,0.0,0.0,0.0,0.0
2015-09-22,180267.36693697408,-0.13825386647743798,1.0,1.0,1.0,1.0,1.0,-0.015401438628693413,169922.44571472553,0.7941735723923481,0.7941735723923481,0.2058264276076519,0.1992620002585148,0.0,34.38872221667441,0.0,34.38872221667441
2015-09-23,178781.57366371897,-0.14535651977624098,1.0,1.0,1.0,1.0,1.0,-0.008242164394483,168521.91698283213,0.792463018472665,0.792463018472665,0.20753698152733502,0.0,0.0,0.0,0.0,0.0
2015-09-24,177950.29622029245,-0.14933034007954504,1.0,1.0,1.0,1.0,1.0,-0.004649681879353534,167738.34367916314,0.4031572517530474,0.4031572517530474,0.5968427482469526,0.3869175553636337,0.0,65.20408814419064,0.0,65.20408814419064
2015-09-25,178094.6254198726,-0.14864039196632894,1.0,1.0,1.0,1.0,1.0,0.0008110646773046,167874.39032475086,0.4036409375236127,0.4036409375236127,0.5963590624763873,0.0,0.0,0.0,0.0,0.0
2015-09-28,176574.300293393,-0.15590812057246684,1.0,1.0,1.0,1.0,1.0,-0.008536614302061802,166441.3114033547,0.9993465371978856,0.9993465371978856,0.000653462802114424,0.595116061972203,0.0,99.9047460760502,0.0,99.9047460760502
2015-09-29,177444.33083475512,-0.15174904581698168,1.0,1.0,1.0,1.0,1.0,0.0049272772986583,167261.41389859136,0.9993497412032928,0.9993497412032928,0.0006502587967072149,0.0,0.0,0.0,0.0,0.0
2015-09-30,180743.59914997465,-0.13597729654031998,1.0,1.0,1.0,1.0,1.0,0.0185932585149309,170371.34860678072,0.9993616109361892,0.9993616109361892,0.0006383890638107514,0.0,0.0,0.0,0.0,0.0
2015-10-01,181809.34294921576,-0.13088263845590498,1.0,1.0,1.0,1.0,1.0,0.0058964400634558,171375.93305237076,0.9993653530936342,0.9993653530936342,0.0006346469063658322,0.0,0.0,0.0,0.0,0.0
2015-10-02,185412.4466330909,-0.11365844130353919,1.0,1.0,1.0,1.0,1.0,0.0198180336908296,174772.26706739998,0.999377686130859,0.999377686130859,0.0006223138691410224,0.0,0.0,0.0,0.0,0.0
2015-10-05,190415.0655333168,-0.0897440325671881,1.0,1.0,1.0,1.0,1.0,0.0269810306215606,179487.80295694506,0.9993940356729234,0.9993940356729234,0.0006059643270766024,0.0,0.0,0.0,0.0,0.0
2015-10-06,191839.4736643207,-0.08293482344460823,1.0,1.0,1.0,1.0,1.0,0.0074805432386057,180830.46922776685,0.9993985349581752,0.9993985349581752,0.0006014650418247891,0.0,0.0,0.0,0.0,0.0
2015-10-07,194371.88029286536,-0.07082896281250473,1.0,1.0,1.0,1.0,1.0,0.0132006545898674,183217.5497913662,0.9994063712463074,0.9994063712463074,0.000593628753692621,0.0,0.0,0.0,0.0,0.0
2015-10-08,197085.32820392033,-0.057857656437990346,1.0,1.0,1.0,1.0,1.0,0.0139600846941776,185775.2823039134,0.9994145442580498,0.9994145442580498,0.000585455741950236,0.0,0.0,0.0,0.0,0.0
2015-10-09,197252.1387245959,-0.05706023911468028,1.0,1.0,1.0,1.0,1.0,0.0008463873094753535,185932.5201452696,0.8042919823077639,0.8042919823077639,0.1957080176922361,0.1954836904232464,0.0,36.31603777418942,0.0,36.31603777418942
2015-10-12,196225.32695749283,-0.06196878737381084,1.0,1.0,1.0,1.0,1.0,-0.0052055798925289,184964.6335570342,0.8032678775268028,0.8032678775268028,0.19673212247319716,0.0,0.0,0.0,0.0,0.0
2015-10-13,195351.47171035528,-0.06614614566818511,1.0,1.0,1.0,1.0,1.0,-0.0044533254737642,184140.92584266918,0.8023878462887553,0.8023878462887553,0.19761215371124474,0.0,0.0,0.0,0.0,0.0
2015-10-14,195892.6522847566,-0.06355909802083748,1.0,1.0,1.0,1.0,1.0,0.0027702917703314,184651.04993411235,0.8029337772239221,0.8029337772239221,0.19706622277607788,0.0,0.0,0.0,0.0,0.0
2015-10-15,196630.39790721488,-0.06003239516563408,1.0,1.0,1.0,1.0,1.0,0.0037660709263657,185346.45888479208,0.8036731580355098,0.8036731580355098,0.19632684196449024,0.0,0.0,0.0,0.0,0.0
2015-10-16,196490.07894567895,-0.06070317282560711,1.0,1.0,1.0,1.0,1.0,-0.0007136178486611,185214.19234354576,0.803532955645985,0.803532955645985,0.19646704435401496,0.0,0.0,0.0,0.0,0.0
2015-10-19,195658.4534831929,-0.06467865679152562,1.0,1.0,1.0,1.0,1.0,-0.004232404337910534,184430.29099242834,1.0,1.0,0.0,0.1962707735804346,0.0,36.35213280934314,0.0,36.35213280934314
2015-10-20,196009.85057104993,-0.06299884592538163,1.0,1.0,1.0,1.0,1.0,0.0017959719173965783,184761.52261576804,0.8052264405939579,0.8052264405939579,0.19477355940604213,0.1953186859349216,0.0,36.022682083236326,0.0,36.022682083236326
2015-10-21,194361.6670745698,-0.070877785855336,1.0,1.0,1.0,1.0,1.0,-0.0084086768684246,183207.92267437393,0.8035747642577976,0.8035747642577976,0.1964252357422024,0.0,0.0,0.0,0.0,0.0
2015-10-22,197933.2741703805,-0.05380415429587182,1.0,1.0,1.0,1.0,1.0,0.0183760879887925,186574.5675816821,0.8071191595532002,0.8071191595532002,0.19288084044679976,0.0,0.0,0.0,0.0,0.0
2015-10-23,199316.92626250544,-0.0471897744400549,1.0,1.0,1.0,1.0,1.0,0.0069904976711189,187878.81666185183,0.8084581325316594,0.8084581325316594,0.19154186746834057,0.0,0.0,0.0,0.0,0.0
2015-10-26,198008.51729235664,-0.05344446373990008,1.0,1.0,1.0,1.0,1.0,-0.0065644649186772895,186645.49276091254,1.0,1.0,0.0,0.1913505169513891,0.0,35.950708692460616,0.0,35.950708692460616
2015-10-27,197772.7433619749,-0.0545715522215493,1.0,1.0,1.0,1.0,1.0,-0.0011907262051442,186423.24908161006,1.0,1.0,0.0,0.0,0.0,0.0,0.0,0.0
2015-10-28,201026.3834197346,-0.039017923257584686,1.0,1.0,1.0,1.0,1.0,0.0164514078252163,189490.17398035352,1.0,1.0,0.0,0.0,0.0,0.0,0.0,0.0
2015-10-29,201029.7831863636,-0.03900167108839181,1.0,1.0,1.0,1.0,1.0,1.6912041947729182e-05,189493.37864612456,1.0,1.0,0.0,0.0,0.0,0.0,0.0,0.0
2015-10-30,200769.7056779324,-0.040244939856971196,1.0,1.0,1.0,1.0,1.0,-0.0012937262544333,189248.2260871288,1.0,1.0,0.0,0.0,0.0,0.0,0.0,0.0
2015-11-02,203164.8943838038,-0.028795032747254368,1.0,1.0,1.0,1.0,1.0,0.0119300304684099,191505.96319044076,1.0,1.0,0.0,0.0,0.0,0.0,0.0,0.0
2015-11-03,203715.6859005468,-0.02616204116372345,1.0,1.0,1.0,1.0,1.0,0.0027110565455393,192025.146685458,1.0,1.0,0.0,0.0,0.0,0.0,0.0,0.0
2015-11-04,202703.9765440956,-0.03099839419302819,1.0,1.0,1.0,1.0,1.0,-0.0049662810793328,191071.4958327179,1.0,1.0,0.0,0.0,0.0,0.0,0.0,0.0
2015-11-05,201982.1285337025,-0.03444910045515892,1.0,1.0,1.0,1.0,1.0,-0.0035610944723433,190391.07218508565,1.0,1.0,0.0,0.0,0.0,0.0,0.0,0.0
2015-11-06,202424.404157551,-0.03233485584572837,1.0,1.0,1.0,1.0,1.0,0.0021896770128093,190807.96713929344,1.0,1.0,0.0,0.0,0.0,0.0,0.0,0.0
2015-11-09,200812.55049233857,-0.04004012545388003,1.0,1.0,1.0,1.0,1.0,-0.0079627437804283,189288.61218569888,1.0,1.0,0.0,0.0,0.0,0.0,0.0,0.0
2015-11-10,200294.3633843231,-0.04251725564311548,1.0,1.0,1.0,1.0,1.0,-0.0025804518031618,188800.1620450663,1.0,1.0,0.0,0.0,0.0,0.0,0.0,0.0
2015-11-11,199697.88023537517,-0.04536867049457305,1.0,1.0,1.0,1.0,1.0,-0.0029780326259276,188237.90900271566,1.0,1.0,0.0,0.0,0.0,0.0,0.0,0.0
2015-11-12,195827.8578107235,-0.06386884009129867,1.0,1.0,1.0,1.0,1.0,-0.019379386601852,184589.9737910278,1.0,1.0,0.0,0.0,0.0,0.0,0.0,0.0
2015-11-13,196981.68938737916,-0.05835308914416859,1.0,1.0,1.0,1.0,1.0,0.0058920706663242,185677.59096089946,1.0,1.0,0.0,0.0,0.0,0.0,0.0,0.0
2015-11-16,199336.265585719,-0.047097325167136606,1.0,1.0,1.0,1.0,1.0,0.0119532744676049,187897.04616813877,1.0,1.0,0.0,0.0,0.0,0.0,0.0,0.0
2015-11-17,199217.8699161042,-0.047663301207337194,1.0,1.0,1.0,1.0,1.0,-0.0005939494715972,187785.44481685254,1.0,1.0,0.0,0.0,0.0,0.0,0.0,0.0
2015-11-18,202797.9552257258,-0.03054914058210334,1.0,1.0,1.0,1.0,1.0,0.017970703688024,191160.08140257993,1.0,1.0,0.0,0.0,0.0,0.0,0.0,0.0
2015-11-19,201835.44045242213,-0.03515032491427794,1.0,1.0,1.0,1.0,1.0,-0.004746175927821,190252.80202586672,1.0,1.0,0.0,0.0,0.0,0.0,0.0,0.0
2015-11-20,202038.88633400967,-0.03417777672201172,1.0,1.0,1.0,1.0,1.0,0.0010079789809536,190444.57285137632,1.0,1.0,0.0,0.0,0.0,0.0,0.0,0.0
2015-11-23,202296.90319059984,-0.03294435864791312,1.0,1.0,1.0,1.0,1.0,0.0012770653277292,190687.78301221904,1.0,1.0,0.0,0.0,0.0,0.0,0.0,0.0
2015-11-24,203738.2901021603,-0.026053984538318864,1.0,1.0,1.0,1.0,1.0,0.0071251061624133,192046.45371005632,1.0,1.0,0.0,0.0,0.0,0.0,0.0,0.0
2015-11-25,203469.7131737106,-0.02733788374635371,1.0,1.0,1.0,1.0,1.0,-0.0013182447360044,191793.28948338475,1.0,1.0,0.0,0.0,0.0,0.0,0.0,0.0
2015-11-27,203533.22696295084,-0.027034263833148442,1.0,1.0,1.0,1.0,1.0,0.0003121535301228,191853.15843575084,1.0,1.0,0.0,0.0,0.0,0.0,0.0,0.0
2015-11-30,203122.11116646748,-0.028999552693075192,1.0,1.0,1.0,1.0,1.0,-0.0020198952407814,191465.63515409757,1.0,1.0,0.0,0.0,0.0,0.0,0.0,0.0
2015-12-01,204913.88551158443,-0.020434194246422566,1.0,1.0,1.0,1.0,1.0,0.0088211683840195,193154.58576154514,1.0,1.0,0.0,0.0,0.0,0.0,0.0,0.0
2015-12-02,202462.35710268153,-0.03215342642631791,1.0,1.0,1.0,1.0,1.0,-0.0119637007652384,190843.74209606042,1.0,1.0,0.0,0.0,0.0,0.0,0.0,0.0
2015-12-03,199846.59793002336,-0.044657743716604026,1.0,1.0,1.0,1.0,1.0,-0.0129197309074672,188378.09230280525,1.0,1.0,0.0,0.0,0.0,0.0,0.0,0.0
2015-12-04,203293.9371203283,-0.028178159703904027,1.0,1.0,1.0,1.0,1.0,0.0172499268239335,191627.6006102608,1.0,1.0,0.0,0.0,0.0,0.0,0.0,0.0
2015-12-07,200253.16292925584,-0.042714209387194946,1.0,1.0,1.0,1.0,1.0,-0.0149575252176489,188761.32594173527,1.0,1.0,0.0,0.0,0.0,0.0,0.0,0.0
2015-12-08,197814.45420260343,-0.05437215864162204,1.0,1.0,1.0,1.0,1.0,-0.0121781283799944,186462.56628123886,1.0,1.0,0.0,0.0,0.0,0.0,0.0,0.0
2015-12-09,200608.82373382617,-0.04101401634398505,1.0,1.0,1.0,1.0,1.0,0.0141262151064081,189096.5766018205,1.0,1.0,0.0,0.0,0.0,0.0,0.0,0.0
2015-12-10,200100.78567757996,-0.04344263023063244,1.0,1.0,1.0,1.0,1.0,-0.0025324811082102,188617.69309394914,1.0,1.0,0.0,0.0,0.0,0.0,0.0,0.0
2015-12-11,195409.6410854866,-0.06586807407397155,1.0,1.0,1.0,1.0,1.0,-0.0234439089092441,184195.75707838286,1.0,1.0,0.0,0.0,0.0,0.0,0.0,0.0
2015-12-14,193816.670196432,-0.07348307687665157,1.0,1.0,1.0,1.0,1.0,-0.0081519564756671,182694.20128367734,1.0,1.0,0.0,0.0,0.0,0.0,0.0,0.0
2015-12-15,195432.3421060255,-0.06575955461751748,1.0,1.0,1.0,1.0,1.0,0.008336083309841306,184217.155365803,1.0,1.0,0.0,0.3874854697351934,0.0,70.7913484023017,0.0,70.7913484023017
2015-12-16,197738.98290079937,-0.05473293998339601,1.0,1.0,1.0,1.0,1.0,0.0118027587957907,186391.42601663226,1.0,1.0,0.0,0.0,0.0,0.0,0.0,0.0
2015-12-17,194510.9058642368,-0.07016436804626525,1.0,1.0,1.0,1.0,1.0,-0.0163249400255184,183348.59716563986,1.0,1.0,0.0,0.0,0.0,0.0,0.0,0.0
2015-12-18,191777.13499813693,-0.08323282582554725,1.0,1.0,1.0,1.0,1.0,-0.0140545891447751,180771.70796220592,1.0,1.0,0.0,0.0,0.0,0.0,0.0,0.0
2015-12-21,193450.66580856917,-0.0752327161566404,1.0,1.0,1.0,1.0,1.0,0.0087264355599454,182349.20062279937,1.0,1.0,0.0,0.0,0.0,0.0,0.0,0.0
2015-12-22,195538.07245257692,-0.06525412360754135,1.0,1.0,1.0,1.0,1.0,0.0107903823193526,184316.81821314775,1.0,1.0,0.0,0.0,0.0,0.0,0.0,0.0
2015-12-23,199112.84162356847,-0.048165376133825544,1.0,1.0,1.0,1.0,1.0,0.018281704049519454,187686.4437350696,0.391902378384528,0.391902378384528,0.608097621615472,0.6198345168839466,0.0,114.24592597073267,0.0,114.24592597073267
2015-12-24,199223.54676627085,-0.04763616371836821,1.0,1.0,1.0,1.0,1.0,0.0005559919782154,187790.79589220608,0.392240287909133,0.392240287909133,0.607759712090867,0.0,0.0,0.0,0.0,0.0
2015-12-28,198859.28192192063,-0.049377487323026825,1.0,1.0,1.0,1.0,1.0,-0.0018284226451283,187447.4349484501,0.3911270107475769,0.3911270107475769,0.6088729892524232,0.0,0.0,0.0,0.0,0.0
2015-12-29,199754.71069605811,-0.045096999417372774,1.0,1.0,1.0,1.0,1.0,0.0045028261466268,188291.47815965413,0.3938563701327545,0.3938563701327545,0.6061436298672456,0.0,0.0,0.0,0.0,0.0
2015-12-30,199196.36002096973,-0.047766126634254724,1.0,1.0,1.0,1.0,1.0,-0.0027951815160842,187765.1693002661,0.3921573395636152,0.3921573395636152,0.6078426604363848,0.0,0.0,0.0,0.0,0.0
2015-12-31,198363.9942192131,-0.05174514970164634,1.0,1.0,1.0,1.0,1.0,-0.0041786195373701,186980.5700953904,0.3896067383550264,0.3896067383550264,0.6103932616449737,0.0,0.0,0.0,0.0,0.0
2016-01-04,196776.15739642936,-0.05933560972748697,1.0,1.0,1.0,1.0,1.0,-0.0080046624844075,185483.8537406347,0.3846813200012856,0.3846813200012856,0.6153186799987145,0.0,0.0,0.0,0.0,0.0
2016-01-05,197043.47478334233,-0.05805773160395422,1.0,1.0,1.0,1.0,1.0,0.0013584846378235,185735.83070650563,0.3855160869573437,0.3855160869573437,0.6144839130426563,0.0,0.0,0.0,0.0,0.0
2016-01-06,196162.7340999387,-0.06226800488555406,1.0,1.0,1.0,1.0,1.0,-0.0044697784809774,184905.63268726724,0.3827571481405653,0.3827571481405653,0.6172428518594347,0.0,0.0,0.0,0.0,0.0
2016-01-07,194289.78281551632,-0.07122141977728769,1.0,1.0,1.0,1.0,1.0,-0.009547946469119816,183140.16360453048,0.9776472542115278,0.9776472542115278,0.02235274578847224,0.5945090198713172,0.0,109.92806645759303,0.0,109.92806645759303
2016-01-08,191438.77753628264,-0.08485030235197466,1.0,1.0,1.0,1.0,1.0,-0.0146739845910519,180452.76766579488,0.9773143655613366,0.9773143655613366,0.02268563443866345,0.0,0.0,0.0,0.0,0.0
2016-01-11,190713.8837189813,-0.08831556872207846,1.0,1.0,1.0,1.0,1.0,-0.003786556864969279,179769.47299958725,0.7765430887405925,0.7765430887405925,0.22345691125940748,0.200125269789179,0.0,36.11315881332125,0.0,36.11315881332125
2016-01-12,191714.40822001823,-0.0835326835281952,1.0,1.0,1.0,1.0,1.0,0.0052462069437547,180712.5808571128,0.7777092719018732,0.7777092719018732,0.22229072809812678,0.0,0.0,0.0,0.0,0.0
2016-01-13,187327.954828594,-0.10450158829540324,1.0,1.0,1.0,1.0,1.0,-0.0228801446492752,176577.85086715824,0.7725041335708623,0.7725041335708623,0.22749586642913766,0.0,0.0,0.0,0.0,0.0
2016-01-14,189617.06229169783,-0.09355878961217268,1.0,1.0,1.0,1.0,1.0,0.012219785697219735,178735.59436363052,0.9965417272756344,0.9965417272756344,0.0034582727243656075,0.5866101018532643,0.0,103.58235108221425,0.0,103.58235108221425
2016-01-15,186583.80185273977,-0.10805892072105461,1.0,1.0,1.0,1.0,1.0,-0.0159967695011112,175876.4022589514,0.9964855067369928,0.9964855067369928,0.0035144932630072345,0.0,0.0,0.0,0.0,0.0
2016-01-19,185067.38214908657,-0.11530797993029829,1.0,1.0,1.0,1.0,1.0,-0.0081272848371371,174447.004641662,0.9964567094050668,0.9964567094050668,0.0035432905949331905,0.0,0.0,0.0,0.0,0.0
2016-01-20,185071.40512074425,-0.11528874860557103,1.0,1.0,1.0,1.0,1.0,2.1737875205003304e-05,174450.7967488788,0.7994690468437937,0.7994690468437937,0.20053095315620628,0.1971892108889967,0.0,34.39906718723848,0.0,34.39906718723848
2016-01-21,184952.38329236364,-0.11585771792128552,1.0,1.0,1.0,1.0,1.0,-0.0006431130098295,174338.60517191447,0.7993399997871045,0.7993399997871045,0.20066000021289554,0.0,0.0,0.0,0.0,0.0
2016-01-22,187627.77877121684,-0.10306831655197646,1.0,1.0,1.0,1.0,1.0,0.014465320377213375,176860.4689498427,1.0,1.0,0.0,0.2004595406722234,0.0,34.9478367141981,0.0,34.9478367141981
2016-01-25,184279.48861073167,-0.11907440877341835,1.0,1.0,1.0,1.0,1.0,-0.01784538612786061,173704.3255906783,0.7994662560539549,0.7994662560539549,0.20053374394604506,0.1971522941478101,0.0,34.86844719751903,0.0,34.86844719751903
2016-01-26,187146.11194915144,-0.10537086597405831,1.0,1.0,1.0,1.0,1.0,0.015555845960019812,176406.443322156,0.6003162255493953,0.6003162255493953,0.39968377445060466,0.2055730227553879,0.0,35.70892327736182,0.0,35.70892327736182
2016-01-27,185601.48605960683,-0.11275476141043694,1.0,1.0,1.0,1.0,1.0,-0.0082535825802477,174950.4581745088,0.596989948811239,0.596989948811239,0.403010051188761,0.0,0.0,0.0,0.0,0.0
2016-01-28,185579.23424290185,-0.11286113350281946,1.0,1.0,1.0,1.0,1.0,-0.0001198902938623,174929.48331266694,0.5969416260243393,0.5969416260243393,0.4030583739756607,0.0,0.0,0.0,0.0,0.0
2016-01-29,189138.29938962116,-0.09584745719937304,1.0,1.0,1.0,1.0,1.0,0.019178143294097897,178284.30600999977,1.0,1.0,0.0,0.4026557182574032,0.0,70.43635674765835,0.0,70.43635674765835
2016-02-01,188354.7284118854,-0.09959322256932146,1.0,1.0,1.0,1.0,1.0,-0.0041428466908313,177545.70146281907,1.0,1.0,0.0,0.0,0.0,0.0,0.0,0.0
2016-02-02,184348.81394094368,-0.11874300749829869,1.0,1.0,1.0,1.0,1.0,-0.0212679262406506,173769.67257976328,1.0,1.0,0.0,0.0,0.0,0.0,0.0,0.0
2016-02-03,185123.88331043415,-0.11503788302835682,1.0,1.0,1.0,1.0,1.0,0.0042043632010499,174500.26339661615,1.0,1.0,0.0,0.0,0.0,0.0,0.0,0.0
2016-02-04,186335.1407234948,-0.10924761488309398,1.0,1.0,1.0,1.0,1.0,0.0065429559460433,175642.01093259314,1.0,1.0,0.0,0.0,0.0,0.0,0.0,0.0
2016-02-05,181899.51604484263,-0.13045157698413345,1.0,1.0,1.0,1.0,1.0,-0.0238045527077163,171460.93142565896,1.0,1.0,0.0,0.0,0.0,0.0,0.0,0.0
2016-02-08,179208.8186217654,-0.1433141274291434,1.0,1.0,1.0,1.0,1.0,-0.0147922187017471,168924.64382920534,1.0,1.0,0.0,0.0,0.0,0.0,0.0,0.0
2016-02-09,178468.9313201095,-0.14685106832021066,1.0,1.0,1.0,1.0,1.0,-0.0041286322143416,168227.2161028959,1.0,1.0,0.0,0.0,0.0,0.0,0.0,0.0
2016-02-10,178351.01260371975,-0.147414764343764,1.0,1.0,1.0,1.0,1.0,-0.0006607240572211,168116.0643341374,1.0,1.0,0.0,0.0,0.0,0.0,0.0,0.0
2016-02-11,176097.40720905043,-0.1581878497243301,1.0,1.0,1.0,1.0,1.0,-0.0126357869336948,165991.7855650799,1.0,1.0,0.0,0.0,0.0,0.0,0.0,0.0
2016-02-12,179446.971741255,-0.1421756655245089,1.0,1.0,1.0,1.0,1.0,0.019021089437325993,169149.1301641747,0.8033296889722293,0.8033296889722293,0.19667031102777066,0.2006118064099066,0.0,33.29991195141654,0.0,33.29991195141654
2016-02-16,182733.63190445164,-0.12646418797889425,1.0,1.0,1.0,1.0,1.0,0.0183154952758728,172247.18025861468,0.8068670152421764,0.8068670152421764,0.1931329847578236,0.0,0.0,0.0,0.0,0.0
2016-02-17,185034.32666388855,-0.11546599764057552,1.0,1.0,1.0,1.0,1.0,0.0125904286772998,174415.84609652677,0.8092684077508966,0.8092684077508966,0.1907315922491034,0.0,0.0,0.0,0.0,0.0
2016-02-18,184477.908651908,-0.11812588599748608,1.0,1.0,1.0,1.0,1.0,-0.0030071069623277,173891.3589913896,0.808693127522729,0.808693127522729,0.19130687247727096,0.0,0.0,0.0,0.0,0.0
2016-02-19,184960.63070966557,-0.11581829215004225,1.0,1.0,1.0,1.0,1.0,0.0026166930299953,174346.37929843878,0.8091924124072533,0.8091924124072533,0.19080758759274674,0.0,0.0,0.0,0.0,0.0
2016-02-22,186849.18091917803,-0.1067903085018449,1.0,1.0,1.0,1.0,1.0,0.0102105523876429,176126.55213786135,0.8111209716214396,0.8111209716214396,0.1888790283785604,0.0,0.0,0.0,0.0,0.0
2016-02-23,185430.3631502971,-0.11357279358098693,1.0,1.0,1.0,1.0,1.0,-0.0075933850065666,174789.15541759945,0.8096757664399383,0.8096757664399383,0.19032423356006167,0.0,0.0,0.0,0.0,0.0
2016-02-24,186532.1604958477,-0.10830578592127227,1.0,1.0,1.0,1.0,1.0,0.0059418389029284,175827.72442106975,0.8107999625826999,0.8107999625826999,0.18920003741730007,0.0,0.0,0.0,0.0,0.0
2016-02-25,188069.03136064648,-0.1009589624336531,1.0,1.0,1.0,1.0,1.0,0.0082391736669613,177276.39957804157,0.8123460758530336,0.8123460758530336,0.18765392414696636,0.0,0.0,0.0,0.0,0.0
2016-02-26,188844.10787662305,-0.09725380380080706,1.0,1.0,1.0,1.0,1.0,0.0041212341573145,178006.99713126832,0.8131162674749622,0.8131162674749622,0.18688373252503776,0.0,0.0,0.0,0.0,0.0
2016-02-29,188053.3965977261,-0.10103370250848809,1.0,1.0,1.0,1.0,1.0,-0.004187111198690448,177261.66204013475,1.0,1.0,0.0,0.1866970354895482,0.0,33.233378660804306,0.0,33.233378660804306
2016-03-01,192452.6857301393,-0.08000343804897359,1.0,1.0,1.0,1.0,1.0,0.0233938296888299,181408.49117226058,1.0,1.0,0.0,0.0,0.0,0.0,0.0,0.0
2016-03-02,194085.51291858888,-0.07219790707425822,1.0,1.0,1.0,1.0,1.0,0.0084843045045324,182947.61605107383,1.0,1.0,0.0,0.0,0.0,0.0,0.0,0.0
2016-03-03,195852.11418592627,-0.06375288545181268,1.0,1.0,1.0,1.0,1.0,0.0091021799657887,184612.8381766827,1.0,1.0,0.0,0.0,0.0,0.0,0.0,0.0
2016-03-04,196821.56270098063,-0.05911855521394238,1.0,1.0,1.0,1.0,1.0,0.0049499006895278,185526.65339166913,1.0,1.0,0.0,0.0,0.0,0.0,0.0,0.0
2016-03-07,198225.1852393474,-0.05240870907864281,1.0,1.0,1.0,1.0,1.0,0.0071314469771749,186849.7268831845,1.0,1.0,0.0,0.0,0.0,0.0,0.0,0.0
2016-03-08,194135.29174861565,-0.07195994545626971,1.0,1.0,1.0,1.0,1.0,-0.0206325623345661,182994.53824607056,1.0,1.0,0.0,0.0,0.0,0.0,0.0,0.0
2016-03-09,194911.89942874515,-0.06824746728017528,1.0,1.0,1.0,1.0,1.0,0.0040003426122805,183726.5790952309,1.0,1.0,0.0,0.0,0.0,0.0,0.0,0.0
2016-03-10,193851.15103956536,-0.07331824541682797,1.0,1.0,1.0,1.0,1.0,-0.0054421941004561,182726.70339038185,1.0,1.0,0.0,0.0,0.0,0.0,0.0,0.0
2016-03-11,197898.72516044337,-0.05396931161877627,1.0,1.0,1.0,1.0,1.0,0.020879804422992,186542.00122003112,1.0,1.0,0.0,0.0,0.0,0.0,0.0,0.0
2016-03-14,197506.95326951865,-0.055842129300443744,1.0,1.0,1.0,1.0,1.0,-0.001979658487477,186172.71176404494,1.0,1.0,0.0,0.0,0.0,0.0,0.0,0.0
2016-03-15,195598.1809700945,-0.0649667821799571,1.0,1.0,1.0,1.0,1.0,-0.0096643296239773,184373.47731056748,1.0,1.0,0.0,0.0,0.0,0.0,0.0,0.0
2016-03-16,196489.54464609837,-0.06070572697950383,1.0,1.0,1.0,1.0,1.0,0.004557116388215,185213.68870557164,1.0,1.0,0.0,0.0,0.0,0.0,0.0,0.0
2016-03-17,199644.2676116436,-0.04562495909518727,1.0,1.0,1.0,1.0,1.0,0.0160554240747377,188187.37302218605,1.0,1.0,0.0,0.0,0.0,0.0,0.0,0.0
2016-03-18,201421.62491616292,-0.037128519550512995,1.0,1.0,1.0,1.0,1.0,0.0089026212762429,189862.73393317361,1.0,1.0,0.0,0.0,0.0,0.0,0.0,0.0
2016-03-21,201309.78862962587,-0.03766313926093745,1.0,1.0,1.0,1.0,1.0,-0.0005552347548761,189757.3155446381,1.0,1.0,0.0,0.0,0.0,0.0,0.0,0.0
2016-03-22,200810.2376973806,-0.040051181487739784,1.0,1.0,1.0,1.0,1.0,-0.0024815034363001,189286.43211405101,1.0,1.0,0.0,0.0,0.0,0.0,0.0,0.0
2016-03-23,198010.54857191924,-0.053434753456009565,1.0,1.0,1.0,1.0,1.0,-0.0139419641028485,186647.40747236065,1.0,1.0,0.0,0.0,0.0,0.0,0.0,0.0
2016-03-24,198014.05760854817,-0.05341797893492595,1.0,1.0,1.0,1.0,1.0,1.7721463094872476e-05,186650.71513750395,1.0,1.0,0.0,0.0,0.0,0.0,0.0,0.0
2016-03-28,198291.55545582023,-0.052091434363876976,1.0,1.0,1.0,1.0,1.0,0.0014014047821831,186912.28834229553,1.0,1.0,0.0,0.0,0.0,0.0,0.0,0.0
2016-03-29,201952.50714404104,-0.03459070189109292,1.0,1.0,1.0,1.0,1.0,0.0184624689629632,190363.15066461157,1.0,1.0,0.0,0.0,0.0,0.0,0.0,0.0
2016-03-30,202256.14872420277,-0.03313918039761854,1.0,1.0,1.0,1.0,1.0,0.0015035296390015,190649.36730380956,1.0,1.0,0.0,0.0,0.0,0.0,0.0,0.0
2016-03-31,202421.8393088588,-0.032347116791684005,1.0,1.0,1.0,1.0,1.0,0.0008192116071683,190805.54947840414,1.0,1.0,0.0,0.0,0.0,0.0,0.0,0.0
2016-04-01,203497.5378188573,-0.02720487142815531,1.0,1.0,1.0,1.0,1.0,0.0053141425533494,191819.51736830254,1.0,1.0,0.0,0.0,0.0,0.0,0.0,0.0
2016-04-04,201807.42735194843,-0.03528423812015302,1.0,1.0,1.0,1.0,1.0,-0.0083053116269805,190226.3965004218,1.0,1.0,0.0,0.0,0.0,0.0,0.0,0.0
2016-04-05,199622.4719322751,-0.04572915067873584,1.0,1.0,1.0,1.0,1.0,-0.0108269326275232,188166.8281215352,1.0,1.0,0.0,0.0,0.0,0.0,0.0,0.0
2016-04-06,201397.34177511267,-0.037244602140864225,1.0,1.0,1.0,1.0,1.0,0.0088911324745026,189839.84431767077,1.0,1.0,0.0,0.0,0.0,0.0,0.0,0.0
2016-04-07,198635.64930800875,-0.0504465357239805,1.0,1.0,1.0,1.0,1.0,-0.0137126560001359,187236.63583742318,1.0,1.0,0.0,0.0,0.0,0.0,0.0,0.0
2016-04-08,199405.7620266757,-0.04676510591799787,1.0,1.0,1.0,1.0,1.0,0.0038770116107042,187962.55444851407,1.0,1.0,0.0,0.0,0.0,0.0,0.0,0.0
2016-04-11,199192.09590695016,-0.04778651071059481,1.0,1.0,1.0,1.0,1.0,-0.0010715142709713,187761.14988901428,1.0,1.0,0.0,0.0,0.0,0.0,0.0,0.0
2016-04-12,201205.78290321253,-0.03816032593495278,1.0,1.0,1.0,1.0,1.0,0.0101092715907914,189659.2783474416,1.0,1.0,0.0,0.0,0.0,0.0,0.0,0.0
2016-04-13,205232.0420745227,-0.018913285650344003,1.0,1.0,1.0,1.0,1.0,0.020010653338164562,193454.48441881873,0.5912207429835471,0.5912207429835471,0.4087792570164529,0.4173765735940357,0.0,79.15933974697266,0.0,79.15933974697266
2016-04-14,205338.57281503084,-0.01840402845480138,1.0,1.0,1.0,1.0,1.0,0.0005190746017596,193554.90172827704,0.5914328198298859,0.5914328198298859,0.40856718017011406,0.0,0.0,0.0,0.0,0.0
2016-04-15,205366.77932180825,-0.018269190693710025,1.0,1.0,1.0,1.0,1.0,0.0001373658460302,193581.48956110622,0.5914889352979015,0.5914889352979015,0.4085110647020985,0.0,0.0,0.0,0.0,0.0
2016-04-18,206002.66423251387,-0.015229420531884252,1.0,1.0,1.0,1.0,1.0,0.0030963377465701,194180.88323427155,0.5927499190956993,0.5927499190956993,0.4072500809043007,0.0,0.0,0.0,0.0,0.0
2016-04-19,206778.07019813592,-0.011522687005240284,1.0,1.0,1.0,1.0,1.0,0.003764057948041255,194911.7913311672,0.7945171316732396,0.7945171316732396,0.20548286832676044,0.200792970183645,0.0,38.99015629749294,0.0,38.99015629749294
2016-04-20,206605.10384020876,-0.01234953155678531,1.0,1.0,1.0,1.0,1.0,-0.0008364830843107,194748.75091478595,0.794345104832226,0.794345104832226,0.20565489516777402,0.0,0.0,0.0,0.0,0.0
2016-04-21,205655.90667187824,-0.016887052704722016,1.0,1.0,1.0,1.0,1.0,-0.0045942580831142,193854.0248917193,0.7933959123324549,0.7933959123324549,0.20660408766754512,0.0,0.0,0.0,0.0,0.0
2016-04-22,206347.0639689179,-0.01358305964984996,1.0,1.0,1.0,1.0,1.0,0.003360746152272614,194505.51905997674,0.5915640043576154,0.5915640043576154,0.40843599564238464,0.2034079656412856,0.0,39.43145283459978,0.0,39.43145283459978
2016-04-25,205481.5888898128,-0.01772035757432522,1.0,1.0,1.0,1.0,1.0,-0.0041942689295327,193689.71060476082,0.5898436985260913,0.5898436985260913,0.4101563014739087,0.0,0.0,0.0,0.0,0.0
2016-04-26,206336.97157372543,-0.013631305112591585,1.0,1.0,1.0,1.0,1.0,0.004162819104787769,194496.00583246717,0.7917840748641678,0.7917840748641678,0.2082159251358322,0.2008727383686313,0.0,38.90698256300603,0.0,38.90698256300603
2016-04-27,206472.56433511735,-0.012983120475246857,1.0,1.0,1.0,1.0,1.0,0.0006571423451537506,194623.81739386293,0.5871361325262645,0.5871361325262645,0.4128638674737355,0.2051243770450493,0.0,39.89587203413511,0.0,39.89587203413511
2016-04-28,205181.1288945024,-0.019156669889950573,1.0,1.0,1.0,1.0,1.0,-0.0062547556609934,193406.4929702545,0.5845375162038098,0.5845375162038098,0.4154624837961902,0.0,0.0,0.0,0.0,0.0
2016-04-29,204113.7010996673,-0.024259378109654506,1.0,1.0,1.0,1.0,1.0,-0.0052023682713237,192400.32116775808,0.5823648242163241,0.5823648242163241,0.4176351757836759,0.0,0.0,0.0,0.0,0.0
2016-05-02,204735.63680732233,-0.02128629040954555,1.0,1.0,1.0,1.0,1.0,0.0030470061750110223,192986.56613443032,0.3854432873701566,0.3854432873701566,0.6145567126298435,0.1989930880324775,0.0,38.28633404761265,0.0,38.28633404761265
2016-05-03,203155.91977379884,-0.028837934774410212,1.0,1.0,1.0,1.0,1.0,-0.007715886975798697,191497.50360228957,0.9815048852588144,0.9815048852588144,0.018495114741185592,0.5956086954081969,0.0,114.94447688663578,0.0,114.94447688663578
2016-05-04,201722.25357065,-0.03569140098029,1.0,1.0,1.0,1.0,1.0,-0.0070569747844175,190146.11054808932,0.981373438081032,0.981373438081032,0.018626561918968054,0.0,0.0,0.0,0.0,0.0
2016-05-05,201760.63846971345,-0.03550790665785308,1.0,1.0,1.0,1.0,1.0,0.000190285892528,190182.2926704457,0.9813769817786756,0.9813769817786756,0.018623018221324394,0.0,0.0,0.0,0.0,0.0
2016-05-06,202435.0044265035,-0.03228418255449805,1.0,1.0,1.0,1.0,1.0,0.0033424059415399,190817.95909544305,0.9814390201081472,0.9814390201081472,0.01856097989185279,0.0,0.0,0.0,0.0,0.0
2016-05-09,201987.7934382196,-0.034422020070908776,1.0,1.0,1.0,1.0,1.0,-0.0022091583891376,190396.41200030924,0.9813979251784998,0.9813979251784998,0.018602074821500225,0.0,0.0,0.0,0.0,0.0
2016-05-10,205048.2697555021,-0.019791786779280285,1.0,1.0,1.0,1.0,1.0,0.0151517884580414,193281.25815810802,0.98167557301972,0.98167557301972,0.01832442698028003,0.0,0.0,0.0,0.0,0.0
2016-05-11,202946.9779907415,-0.02983675545249742,1.0,1.0,1.0,1.0,1.0,-0.0102477907629561,191300.5522661028,0.9814858438210452,0.9814858438210452,0.0185141561789548,0.0,0.0,0.0,0.0,0.0
2016-05-12,202415.74440082343,-0.032376252755241364,1.0,1.0,1.0,1.0,1.0,-0.0026175979321174,190799.80433607814,0.9814372540155418,0.9814372540155418,0.018562745984458173,0.0,0.0,0.0,0.0,0.0
2016-05-13,200890.41708463107,-0.039667893718437264,1.0,1.0,1.0,1.0,1.0,-0.0075356159705242,189362.0102833503,0.9812963101919164,0.9812963101919164,0.018703689808083568,0.0,0.0,0.0,0.0,0.0
2016-05-16,203395.58477712577,-0.027692245493721623,1.0,1.0,1.0,1.0,1.0,0.0124703195346511,191723.4150593076,0.9815266784149485,0.9815266784149485,0.01847332158505155,0.0,0.0,0.0,0.0,0.0
2016-05-17,201507.5731026223,-0.03671765474107391,1.0,1.0,1.0,1.0,1.0,-0.0092824614485721,189943.74985023096,0.9813535938688818,0.9813535938688818,0.01864640613111823,0.0,0.0,0.0,0.0,0.0
2016-05-18,202254.27348457737,-0.03314814475164485,1.0,1.0,1.0,1.0,1.0,0.0037055698228014,190647.59967770573,0.981422434335589,0.981422434335589,0.018577565664411044,0.0,0.0,0.0,0.0,0.0
2016-05-19,201039.4207221838,-0.03895560002533216,1.0,1.0,1.0,1.0,1.0,-0.0060065616486773,189502.46311706924,0.981310172735924,0.981310172735924,0.018689827264075975,0.0,0.0,0.0,0.0,0.0
2016-05-20,203164.10060875132,-0.028798827291957485,1.0,1.0,1.0,1.0,1.0,0.0105684739785617,191505.21496739532,0.981505630003977,0.981505630003977,0.018494369996023052,0.0,0.0,0.0,0.0,0.0
2016-05-23,202863.03991030483,-0.03023801119556757,1.0,1.0,1.0,1.0,1.0,-0.001481859725928,191221.43110202995,0.9814781832697134,0.9814781832697134,0.018521816730286633,0.0,0.0,0.0,0.0,0.0
2016-05-24,206580.29402267264,-0.012468131859759812,1.0,1.0,1.0,1.0,1.0,0.0183239594260804,194725.3648469406,0.9818114691706504,0.9818114691706504,0.01818853082934957,0.0,0.0,0.0,0.0,0.0
2016-05-25,208544.76012170853,-0.003077241572488898,1.0,1.0,1.0,1.0,1.0,0.00950945543150547,196577.0970253362,0.7906241507433353,0.7906241507433353,0.20937584925666475,0.1933717404747297,0.0,37.65438271502966,0.0,37.65438271502966
2016-05-26,208784.81273040175,-0.0019296993916808614,1.0,1.0,1.0,1.0,1.0,0.0011510843454092,196803.37384438803,0.7908648829027013,0.7908648829027013,0.2091351170972987,0.0,0.0,0.0,0.0,0.0
2016-05-27,209649.81735142705,0.0,1.0,1.0,1.0,1.0,1.0,0.0041430437861503,197618.73883948743,0.7917277638963183,0.7917277638963183,0.20827223610368173,0.0,0.0,0.0,0.0,0.0
2016-05-31,210852.3086507105,0.0,1.0,1.0,1.0,1.0,1.0,0.0057357135554656,198752.2233186631,0.7929155410347316,0.7929155410347316,0.2070844589652684,0.0,0.0,0.0,0.0,0.0
2016-06-01,210506.32149595127,-0.0016408981100244358,1.0,1.0,1.0,1.0,1.0,-0.0016408981100244,198426.09117105635,0.7925751780363993,0.7925751780363993,0.20742482196360068,0.0,0.0,0.0,0.0,0.0
2016-06-02,210986.057632697,0.0,1.0,1.0,1.0,1.0,1.0,0.0022789630892626,198878.29690878183,0.7930468167023401,0.7930468167023401,0.20695318329765988,0.0,0.0,0.0,0.0,0.0
2016-06-03,210536.6831223976,-0.0021298777527835044,1.0,1.0,1.0,1.0,1.0,-0.0021298777527837,198454.71044868432,0.7926050908994062,0.7926050908994062,0.20739490910059377,0.0,0.0,0.0,0.0,0.0
2016-06-06,211428.038483867,0.0,1.0,1.0,1.0,1.0,1.0,0.0042337294776856,199294.91400629646,0.7934794430690328,0.7934794430690328,0.20652055693096716,0.0,0.0,0.0,0.0,0.0
2016-06-07,211904.93102801705,0.0,1.0,1.0,1.0,1.0,1.0,0.0022555785295544,199744.43933537844,0.7939442180666523,0.7939442180666523,0.20605578193334773,0.0,0.0,0.0,0.0,0.0
2016-06-08,212213.3414461952,0.0,1.0,1.0,1.0,1.0,1.0,0.0014554187893692284,200035.15114545918,0.9944837276908776,0.9944837276908776,0.005516272309122439,0.2003311499878714,0.0,40.01503323573899,0.0,40.01503323573899
2016-06-09,211234.32934777808,-0.004613339065985822,1.0,1.0,1.0,1.0,1.0,-0.0046133390659859,199112.32116810945,0.9944581613099516,0.9944581613099516,0.0055418386900484284,0.0,0.0,0.0,0.0,0.0
2016-06-10,207551.4531583612,-0.021967932157630154,1.0,1.0,1.0,1.0,1.0,-0.0174350267818133,195640.79251595444,0.9943598247025868,0.9943598247025868,0.00564017529741323,0.0,0.0,0.0,0.0,0.0
2016-06-13,205166.19721390068,-0.03320782842525127,1.0,1.0,1.0,1.0,1.0,-0.0114923596446254,193392.41816720157,0.9942942521967908,0.9942942521967908,0.005705747803209205,0.0,0.0,0.0,0.0,0.0
2016-06-14,205266.39418931943,-0.03273567632239138,1.0,1.0,1.0,1.0,1.0,0.0004883698035028,193486.8651844608,0.9942970373515388,0.9942970373515388,0.005702962648461152,0.0,0.0,0.0,0.0,0.0
2016-06-15,204092.6293576228,-0.03826673682828441,1.0,1.0,1.0,1.0,1.0,-0.005718251330581,192380.45866016982,0.9942642388275827,0.9942642388275827,0.005735761172417253,0.0,0.0,0.0,0.0,0.0
2016-06-16,203192.665706645,-0.04250758071135374,1.0,1.0,1.0,1.0,1.0,-0.0044095842844028,191532.14081303574,0.9942388344826576,0.9942388344826576,0.005761165517342404,0.0,0.0,0.0,0.0,0.0
2016-06-17,203549.23712911824,-0.04082733092100943,1.0,1.0,1.0,1.0,1.0,0.0017548439616812,191868.24983380936,0.9942489267188784,0.9942489267188784,0.005751073281121566,0.0,0.0,0.0,0.0,0.0
2016-06-20,205777.54852355632,-0.03032699489476076,1.0,1.0,1.0,1.0,1.0,0.0109472844303739,193968.68613789813,0.9943112035912316,0.9943112035912316,0.005688796408768404,0.0,0.0,0.0,0.0,0.0
2016-06-21,206659.0680047979,-0.02617306434904576,1.0,1.0,1.0,1.0,1.0,0.004283846744052,194799.618262458,0.9943354695714643,0.9943354695714643,0.005664530428535652,0.0,0.0,0.0,0.0,0.0
2016-06-22,206132.8395812925,-0.028652778489161812,1.0,1.0,1.0,1.0,1.0,-0.002546360189204,194303.58826964235,0.9943210088143946,0.9943210088143946,0.005678991185605442,0.0,0.0,0.0,0.0,0.0
2016-06-23,209677.99905471245,-0.011947139488049485,1.0,1.0,1.0,1.0,1.0,0.0171984215645651,197645.30329221135,0.9944170271353052,0.9944170271353052,0.00558297286469478,0.0,0.0,0.0,0.0,0.0
2016-06-24,200122.08551878537,-0.05697688865841388,1.0,1.0,1.0,1.0,1.0,-0.045574230863552,188637.77061087533,0.9941504378389256,0.9941504378389256,0.005849562161074351,0.0,0.0,0.0,0.0,0.0
2016-06-27,196852.8947604829,-0.07238209709641097,1.0,1.0,1.0,1.0,1.0,-0.0163359818574127,185556.18741255332,0.9940532925336438,0.9940532925336438,0.005946707466356171,0.0,0.0,0.0,0.0,0.0
2016-06-28,201258.0226157371,-0.05162408148234032,1.0,1.0,1.0,1.0,1.0,0.0223777651866086,189708.52020339377,0.9941834538378572,0.9941834538378572,0.005816546162142777,0.0,0.0,0.0,0.0,0.0
2016-06-29,205120.3666040336,-0.033423793215941466,1.0,1.0,1.0,1.0,1.0,0.0191910063415003,193349.21761765375,0.9942929773458052,0.9942929773458052,0.00570702265419476,0.0,0.0,0.0,0.0,0.0
2016-06-30,206280.0548395923,-0.027959064996425864,1.0,1.0,1.0,1.0,1.0,0.005653696191940728,194442.3553530134,0.8029611653222954,0.8029611653222954,0.19703883467770456,0.1926384481809725,0.0,37.24649323886997,0.0,37.24649323886997
2016-07-01,207102.01658180737,-0.02408578475582679,1.0,1.0,1.0,1.0,1.0,0.003984688402639,195217.14755137038,0.8037431875667372,0.8037431875667372,0.19625681243326276,0.0,0.0,0.0,0.0,0.0
2016-07-05,205356.91692558295,-0.032309111547308866,1.0,1.0,1.0,1.0,1.0,-0.0084262803666864,193572.19313371775,0.8020754195604951,0.8020754195604951,0.1979245804395049,0.0,0.0,0.0,0.0,0.0
2016-07-06,206231.82655568217,-0.028186328200433097,1.0,1.0,1.0,1.0,1.0,0.0042604341903722,194396.89472365,0.8029150868628313,0.8029150868628313,0.1970849131371687,0.0,0.0,0.0,0.0,0.0
2016-07-07,206248.05967620783,-0.028109833855567534,1.0,1.0,1.0,1.0,1.0,7.871297460174326e-05,194412.19628148706,1.0,1.0,0.0,0.1968880251120567,0.0,38.274420690055855,0.0,38.274420690055855
2016-07-08,209095.58519138448,-0.014691612853196645,1.0,1.0,1.0,1.0,1.0,0.0138063142007106,197096.3121477995,1.0,1.0,0.0,0.0,0.0,0.0,0.0,0.0
2016-07-11,209466.80685945743,-0.012942327603065129,1.0,1.0,1.0,1.0,1.0,0.0017753682734773,197446.23068720612,1.0,1.0,0.0,0.0,0.0,0.0,0.0,0.0
2016-07-12,213105.18389183911,0.0,1.0,1.0,1.0,1.0,1.0,0.0173697068615883,200875.8138351684,1.0,1.0,0.0,0.0,0.0,0.0,0.0,0.0
2016-07-13,211077.60790052437,-0.00951443767948812,1.0,1.0,1.0,1.0,1.0,-0.0095144376794882,198964.59342311724,1.0,1.0,0.0,0.0,0.0,0.0,0.0,0.0
2016-07-14,213071.7983436743,-0.0001566622995982092,1.0,1.0,1.0,1.0,1.0,0.0094476645959042,200844.3441682393,1.0,1.0,0.0,0.0,0.0,0.0,0.0,0.0
2016-07-15,213183.79065655332,0.0,1.0,1.0,1.0,1.0,1.0,0.0005256083336678187,200949.9096293042,0.8028475501542056,0.8028475501542056,0.1971524498457944,0.1974535283447812,0.0,39.657424404112426,0.0,39.657424404112426
2016-07-18,213407.72188599684,0.0,1.0,1.0,1.0,1.0,1.0,0.0010504139585559,201160.99021934936,0.803054424535749,0.803054424535749,0.19694557546425095,0.0,0.0,0.0,0.0,0.0
2016-07-19,212544.180052325,-0.004046441366039821,1.0,1.0,1.0,1.0,1.0,-0.0040464413660397,200347.0040672923,0.8022542579853026,0.8022542579853026,0.1977457420146974,0.0,0.0,0.0,0.0,0.0
2016-07-20,214239.77682950124,0.0,1.0,1.0,1.0,1.0,1.0,0.0079776203552539,201945.29640505364,0.803819313027006,0.803819313027006,0.19618068697299396,0.0,0.0,0.0,0.0,0.0
2016-07-21,212863.57639949917,-0.006423645741086115,1.0,1.0,1.0,1.0,1.0,-0.006423645741086123,200648.07136186896,1.0,1.0,0.0,0.1959847022707233,0.0,39.57818879091741,0.0,39.57818879091741
2016-07-22,213144.1312570113,-0.005114109007693268,1.0,1.0,1.0,1.0,1.0,0.0013180031185119,200912.5261456473,1.0,1.0,0.0,0.0,0.0,0.0,0.0,0.0
2016-07-25,212059.48350795833,-0.010176883834592698,1.0,1.0,1.0,1.0,1.0,-0.0050887995022725,199890.12258259702,1.0,1.0,0.0,0.0,0.0,0.0,0.0,0.0
2016-07-26,212123.4721350704,-0.009878206212448948,1.0,1.0,1.0,1.0,1.0,0.000301748481386,199950.43912353038,1.0,1.0,0.0,0.0,0.0,0.0,0.0,0.0
2016-07-27,212697.37599461144,-0.00719941393571033,1.0,1.0,1.0,1.0,1.0,0.0027055179408699,200491.4086238639,1.0,1.0,0.0,0.0,0.0,0.0,0.0,0.0
2016-07-28,212036.15335008607,-0.010285781249524395,1.0,1.0,1.0,1.0,1.0,-0.0031087484809503,199868.1312618609,1.0,1.0,0.0,0.0,0.0,0.0,0.0,0.0
2016-07-29,212760.5672016944,-0.006904458404958347,1.0,1.0,1.0,1.0,1.0,0.0034164638443155305,200550.97350594794,0.3710269312781239,0.3710269312781239,0.6289730687218761,0.6317536861563688,0.0,126.26742866986564,0.0,126.26742866986564
2016-08-01,210986.0056104477,-0.01518752151073699,1.0,1.0,1.0,1.0,1.0,-0.0083406507821744,198878.24787190973,0.365736763115297,0.365736763115297,0.634263236884703,0.0,0.0,0.0,0.0,0.0
2016-08-02,211038.40190332956,-0.014942953047973995,1.0,1.0,1.0,1.0,1.0,0.0002483401338884,198927.63732261374,0.3658942370253735,0.3658942370253735,0.6341057629746265,0.0,0.0,0.0,0.0,0.0
2016-08-03,212253.75874528533,-0.009270071662725976,1.0,1.0,1.0,1.0,1.0,0.0057589369090866,200073.24903542837,0.369525102184655,0.369525102184655,0.6304748978153449,0.0,0.0,0.0,0.0,0.0
2016-08-04,212851.6418745114,-0.006479352133075378,1.0,1.0,1.0,1.0,1.0,0.002816831761945789,200636.82171802703,0.9721363755286264,0.9721363755286264,0.027863624471373583,0.6019308553462113,0.0,120.43026192379091,0.0,120.43026192379091
2016-08-05,214407.8446835164,0.0,1.0,1.0,1.0,1.0,1.0,0.0073112088556147,202103.71942573425,0.9723386137010936,0.9723386137010936,0.027661386298906354,0.0,0.0,0.0,0.0,0.0
2016-08-08,215363.4627101579,0.0,1.0,1.0,1.0,1.0,1.0,0.0044570105541244,203004.49783624255,0.9724613537381288,0.9724613537381288,0.02753864626187119,0.0,0.0,0.0,0.0,0.0
2016-08-09,215555.4106341922,0.0,1.0,1.0,1.0,1.0,1.0,0.0008912743211813,203185.43053224828,0.9724858763699902,0.9724858763699902,0.027514123630009824,0.0,0.0,0.0,0.0,0.0
2016-08-10,214378.3966175225,-0.005460377975235131,1.0,1.0,1.0,1.0,1.0,-0.0054603779752352,202075.96128248132,0.9723348139976622,0.9723348139976622,0.027665186002337805,0.0,0.0,0.0,0.0,0.0
2016-08-11,217238.0567111622,0.0,1.0,1.0,1.0,1.0,1.0,0.0133393109509151,204771.51536573336,0.972698990650647,0.972698990650647,0.027301009349352978,0.0,0.0,0.0,0.0,0.0
2016-08-12,217943.54499569736,0.0,1.0,1.0,1.0,1.0,1.0,0.00324753542365364,205436.51811563884,0.77696897435825,0.77696897435825,0.22303102564175004,0.1966509684171596,0.0,40.26851680092076,0.0,40.26851680092076
2016-08-15,219463.15125808332,0.0,1.0,1.0,1.0,1.0,1.0,0.00697247657606,206868.9194260674,0.7785132852884845,0.7785132852884845,0.2214867147115155,0.0,0.0,0.0,0.0,0.0
2016-08-16,219640.60416629675,0.0,1.0,1.0,1.0,1.0,1.0,0.0008085772358419,207036.18892511856,0.7786922297136529,0.7786922297136529,0.22130777028634707,0.0,0.0,0.0,0.0,0.0
2016-08-17,219932.80218273465,0.0,1.0,1.0,1.0,1.0,1.0,0.0013303460785267,207311.61870716824,0.7789862544833016,0.7789862544833016,0.2210137455166984,0.0,0.0,0.0,0.0,0.0
2016-08-18,221211.60720076953,0.0,1.0,1.0,1.0,1.0,1.0,0.005814526097714187,208517.03752450045,0.9805039636897904,0.9805039636897904,0.019496036310209575,0.2012031458487126,0.0,41.711749854871066,0.0,41.711749854871066
2016-08-19,220684.55800044685,-0.0023825567156805505,1.0,1.0,1.0,1.0,1.0,-0.0023825567156805,208020.23385641264,0.9804574023425,0.9804574023425,0.019542597657499994,0.0,0.0,0.0,0.0,0.0
2016-08-22,219325.93195006743,-0.008524305187072256,1.0,1.0,1.0,1.0,1.0,-0.0061564164828274,206739.5746599374,0.980336344690842,0.980336344690842,0.019663655309158035,0.0,0.0,0.0,0.0,0.0
2016-08-23,220536.1470446281,-0.0030534571159658297,1.0,1.0,1.0,1.0,1.0,0.0055178842000142,207880.33969247114,0.980444251048998,0.980444251048998,0.019555748951001983,0.0,0.0,0.0,0.0,0.0
2016-08-24,219057.1239640824,-0.009739467399338397,1.0,1.0,1.0,1.0,1.0,-0.0067064882576659,206486.192635324,0.9803122151510896,0.9803122151510896,0.019687784848910428,0.0,0.0,0.0,0.0,0.0
2016-08-25,219176.8516401144,-0.00919823144184484,1.0,1.0,1.0,1.0,1.0,0.0005465591525418,206599.04955378233,0.9803229698120336,0.9803229698120336,0.019677030187966404,0.0,0.0,0.0,0.0,0.0
2016-08-26,218573.8553603594,-0.011924111369147727,1.0,1.0,1.0,1.0,1.0,-0.0027511859726188,206030.65714669361,0.980268685295798,0.980268685295798,0.019731314704201974,0.0,0.0,0.0,0.0,0.0
2016-08-29,219025.03212996895,-0.009884540411191245,1.0,1.0,1.0,1.0,1.0,0.0020641845241085,206455.94244066774,0.9803093304711088,0.9803093304711088,0.019690669528891203,0.0,0.0,0.0,0.0,0.0
2016-08-30,218537.284038558,-0.012089434166916657,1.0,1.0,1.0,1.0,1.0,-0.0022269056950602,205996.18452666758,0.980265383340881,0.980265383340881,0.01973461665911902,0.0,0.0,0.0,0.0,0.0
2016-08-31,216902.2864600219,-0.019480536285044647,1.0,1.0,1.0,1.0,1.0,-0.0074815498221696,204455.01380895442,0.9801166248792824,0.9801166248792824,0.019883375120717584,0.0,0.0,0.0,0.0,0.0
2016-09-01,216253.05312038527,-0.022415433544063168,1.0,1.0,1.0,1.0,1.0,-0.0029932065273838,203843.03772706512,0.9800569311554408,0.9800569311554408,0.01994306884455921,0.0,0.0,0.0,0.0,0.0
2016-09-02,218628.11565209276,-0.011678824548894573,1.0,1.0,1.0,1.0,1.0,0.0109827930632049,206081.80362779653,0.9802735823187128,0.9802735823187128,0.019726417681287245,0.0,0.0,0.0,0.0,0.0
2016-09-06,219534.4076616404,-0.007581878547661014,1.0,1.0,1.0,1.0,1.0,0.004145358920761381,206936.0866708716,0.7858542413138976,0.7858542413138976,0.21414575868610242,0.1955025545905183,0.0,40.28951906385577,0.0,40.28951906385577
2016-09-07,219749.85668552952,-0.006607928642339944,1.0,1.0,1.0,1.0,1.0,0.0009813906903431,207139.1718198264,0.7860641959203524,0.7860641959203524,0.21393580407964763,0.0,0.0,0.0,0.0,0.0
2016-09-08,221183.67904887887,-0.00012625084300077472,1.0,1.0,1.0,1.0,1.0,0.0065247931669925,208490.7120727329,0.787451033961611,0.787451033961611,0.21254896603838902,0.0,0.0,0.0,0.0,0.0
2016-09-09,217231.52710486457,-0.017992184706170034,1.0,1.0,1.0,1.0,1.0,-0.0178681897371864,204765.3604709762,0.983824121127535,0.983824121127535,0.016175878872464966,0.1964656551835994,0.0,40.96126434706464,0.0,40.96126434706464
2016-09-12,219148.6405456109,-0.009325761343464745,1.0,1.0,1.0,1.0,1.0,0.008825208137587,206572.45739650057,0.9839656277995597,0.9839656277995597,0.01603437220044035,0.0,0.0,0.0,0.0,0.0
2016-09-13,214855.1484155063,-0.02873474346892735,1.0,1.0,1.0,1.0,1.0,-0.0195916895464883,202525.35394233314,0.98364520982791,0.98364520982791,0.01635479017208996,0.0,0.0,0.0,0.0,0.0
2016-09-14,213697.57806075865,-0.03396760791666431,1.0,1.0,1.0,1.0,1.0,-0.005387677992752,201434.21254992374,0.9835566181815604,0.9835566181815604,0.01644338181843963,0.0,0.0,0.0,0.0,0.0
2016-09-15,215294.55278875376,-0.02674839031681331,1.0,1.0,1.0,1.0,1.0,0.0074730595568149,202939.5424170894,0.9836785890575842,0.9836785890575842,0.016321410942415793,0.0,0.0,0.0,0.0,0.0
2016-09-16,213044.95822819695,-0.03691781401488847,1.0,1.0,1.0,1.0,1.0,-0.010448915364636,200819.0443142353,0.9835062472308542,0.9835062472308542,0.016493752769145775,0.0,0.0,0.0,0.0,0.0
2016-09-19,213764.06512000444,-0.033667049279226036,1.0,1.0,1.0,1.0,1.0,0.0033753762482247,201496.88414660477,0.9835617325683051,0.9835617325683051,0.016438267431694853,0.0,0.0,0.0,0.0,0.0
2016-09-20,214444.4991498933,-0.03059110747626581,1.0,1.0,1.0,1.0,1.0,0.0031831076449021,202138.27041895577,0.983613891316127,0.983613891316127,0.016386108683873024,0.0,0.0,0.0,0.0,0.0
2016-09-21,217599.53969630823,-0.01632856227649493,1.0,1.0,1.0,1.0,1.0,0.0147126205564715,205112.25409157135,0.9838514783871646,0.9838514783871646,0.01614852161283542,0.0,0.0,0.0,0.0,0.0
2016-09-22,219331.06305397177,-0.008501109731963608,1.0,1.0,1.0,1.0,1.0,0.0079573852043994,206744.41130752067,0.983978963942448,0.983978963942448,0.016021036057552007,0.0,0.0,0.0,0.0,0.0
2016-09-23,216973.9096289439,-0.0191567595636134,1.0,1.0,1.0,1.0,1.0,-0.0107470113544648,204522.5267717266,0.9838049151820228,0.9838049151820228,0.016195084817977157,0.0,0.0,0.0,0.0,0.0
2016-09-26,215842.4013222119,-0.02427180899998882,1.0,1.0,1.0,1.0,1.0,-0.0052149509987953,203455.95181646224,0.9837200158624844,0.9837200158624844,0.016279984137515635,0.0,0.0,0.0,0.0,0.0
2016-09-27,215889.83165960957,-0.024057397387515778,1.0,1.0,1.0,1.0,1.0,0.0002197452266428,203500.660290706,0.983723592525334,0.983723592525334,0.016276407474665966,0.0,0.0,0.0,0.0,0.0
2016-09-28,218898.6833718861,-0.010455707357093003,1.0,1.0,1.0,1.0,1.0,0.0139369774349565,206336.8444011763,0.9839473183867484,0.9839473183867484,0.016052681613251574,0.0,0.0,0.0,0.0,0.0
2016-09-29,218012.74651184655,-0.014460636715232233,1.0,1.0,1.0,1.0,1.0,-0.0040472461797974,205501.7483959222,0.9838820852177196,0.9838820852177196,0.016117914782280418,0.0,0.0,0.0,0.0,0.0
2016-09-30,219792.2904018412,-0.006416104547534829,1.0,1.0,1.0,1.0,1.0,0.00816256809965,207179.17041180102,0.98401258359288,0.98401258359288,0.01598741640711998,0.0,0.0,0.0,0.0,0.0
2016-10-03,220013.43669156663,-0.005416399818999773,1.0,1.0,1.0,1.0,1.0,0.0010061603585871934,207387.62588019436,0.7948870703061618,0.7948870703061618,0.2051129296938382,0.1895214111968067,0.0,39.26488874702823,0.0,39.26488874702823
2016-10-04,220167.3802656862,-0.004720488894308317,1.0,1.0,1.0,1.0,1.0,0.0006997007838904,207532.73516459193,0.7950304876346375,0.7950304876346375,0.20496951236536254,0.0,0.0,0.0,0.0,0.0
2016-10-05,221249.1879334617,0.0,1.0,1.0,1.0,1.0,1.0,0.0049135692420471,208552.46162881455,0.7960326951103266,0.7960326951103266,0.2039673048896734,0.0,0.0,0.0,0.0,0.0
2016-10-06,220670.03266947137,-0.0026176605184400348,1.0,1.0,1.0,1.0,1.0,-0.00261766051844,208006.5420839853,0.7954973766673112,0.7954973766673112,0.20450262333268876,0.0,0.0,0.0,0.0,0.0
2016-10-07,219683.44016605607,-0.007076852041945192,1.0,1.0,1.0,1.0,1.0,-0.004470894808326968,207076.56671488396,0.994819008819276,0.994819008819276,0.005180991180724015,0.1991456501683682,0.0,41.423598062589306,0.0,41.423598062589306
2016-10-10,220251.6295663382,-0.004508754931220382,1.0,1.0,1.0,1.0,1.0,0.0025864006856985,207612.14968902743,0.9948323743697496,0.9948323743697496,0.0051676256302504164,0.0,0.0,0.0,0.0,0.0
2016-10-11,216675.5694408264,-0.02067179787349449,1.0,1.0,1.0,1.0,1.0,-0.0162362482064392,204241.30729600397,0.9947470867666866,0.9947470867666866,0.00525291323331345,0.0,0.0,0.0,0.0,0.0
2016-10-12,216538.5786721668,-0.02129096746204362,1.0,1.0,1.0,1.0,1.0,-0.000632239107589,204112.17795414635,0.994743763568456,0.994743763568456,0.005256236431544048,0.0,0.0,0.0,0.0,0.0
2016-10-13,215669.75392934817,-0.02521787336815673,1.0,1.0,1.0,1.0,1.0,-0.004012332343485,203293.21206084176,0.9947225888409726,0.9947225888409726,0.0052774111590273565,0.0,0.0,0.0,0.0,0.0
2016-10-14,215469.24021863617,-0.026124153353113355,1.0,1.0,1.0,1.0,1.0,-0.000929725689666,203104.2051390541,0.9947176777302572,0.9947176777302572,0.00528232226974279,0.0,0.0,0.0,0.0,0.0
2016-10-17,214335.7892102987,-0.03124711456677587,1.0,1.0,1.0,1.0,1.0,-0.0052603842998067,202035.7989671159,0.9946897437416078,0.9946897437416078,0.00531025625839221,0.0,0.0,0.0,0.0,0.0
2016-10-18,216493.1337045223,-0.02149636919964537,1.0,1.0,1.0,1.0,1.0,0.0100652555607821,204069.3409161467,0.9947426602101624,0.9947426602101624,0.005257339789837556,0.0,0.0,0.0,0.0,0.0
2016-10-19,217165.51761722023,-0.018457334711075135,1.0,1.0,1.0,1.0,1.0,0.0031057978661607,204703.1390397129,0.994758937889681,0.994758937889681,0.00524106211031905,0.0,0.0,0.0,0.0,0.0
2016-10-20,217295.26468105492,-0.0178709051515068,1.0,1.0,1.0,1.0,1.0,0.0005974570238327,204825.44036793278,0.9947620673293454,0.9947620673293454,0.005237932670654644,0.0,0.0,0.0,0.0,0.0
2016-10-21,217117.05460921695,-0.01867637735912253,1.0,1.0,1.0,1.0,1.0,-0.0008201286489124,204657.45715626093,0.9947577680247182,0.9947577680247182,0.005242231975281841,0.0,0.0,0.0,0.0,0.0
2016-10-24,217260.04896503972,-0.018030072813743803,1.0,1.0,1.0,1.0,1.0,0.0006586048990032,204792.24556016157,0.9947612183120028,0.9947612183120028,0.005238781687997185,0.0,0.0,0.0,0.0,0.0
2016-10-25,216485.2694752436,-0.02153191386921971,1.0,1.0,1.0,1.0,1.0,-0.0035661387976619,204061.92798780918,0.9947424692275352,0.9947424692275352,0.005257530772464825,0.0,0.0,0.0,0.0,0.0
2016-10-26,215893.6801064831,-0.0242057739375261,1.0,1.0,1.0,1.0,1.0,-0.0027327003365839,203504.28788851295,0.9947280626024344,0.9947280626024344,0.005271937397565596,0.0,0.0,0.0,0.0,0.0
2016-10-27,215754.5080473624,-0.024834802502198383,1.0,1.0,1.0,1.0,1.0,-0.0006446323905919,203373.10243291568,0.9947246619486552,0.9947246619486552,0.005275338051344836,0.0,0.0,0.0,0.0,0.0
2016-10-28,214406.5099257245,-0.030927471741930557,1.0,1.0,1.0,1.0,1.0,-0.006247832936783788,202102.46126507942,0.9890655359368904,0.9890655359368904,0.010934464063109606,0.403574766975888,0.0,82.07625242352732,0.0,82.07625242352732
2016-10-31,213827.83645401197,-0.03354295466016188,1.0,1.0,1.0,1.0,1.0,-0.0026989547654734866,201556.9958641341,0.5964925785963495,0.5964925785963495,0.4035074214036505,0.3918757848474868,0.0,79.19906062786181,0.0,79.19906062786181
2016-11-01,213155.8404839218,-0.03658023572937985,1.0,1.0,1.0,1.0,1.0,-0.0031426963917987,200923.56342049013,0.5952204794576671,0.5952204794576671,0.4047795205423329,0.0,0.0,0.0,0.0,0.0
2016-11-02,212451.74892289453,-0.039762582148834436,1.0,1.0,1.0,1.0,1.0,-0.003303177428443,200259.87724095723,0.5938789897032384,0.5938789897032384,0.4061210102967616,0.0,0.0,0.0,0.0,0.0
2016-11-03,211969.49045323097,-0.04194228944705325,1.0,1.0,1.0,1.0,1.0,-0.0022699670494998,199805.29391828337,0.5929550109905228,0.5929550109905228,0.40704498900947716,0.0,0.0,0.0,0.0,0.0
2016-11-04,211677.6174873193,-0.043261494134934186,1.0,1.0,1.0,1.0,1.0,-0.0013769574351834627,199530.17053323356,0.9929139065802196,0.9929139065802196,0.007086093419780393,0.3995690837549626,0.0,79.83601822031949,0.0,79.83601822031949
2016-11-07,216512.07029738577,-0.02141077976521466,1.0,1.0,1.0,1.0,1.0,0.0228387529463575,204087.19080338665,0.9930721304806176,0.9930721304806176,0.006927869519382401,0.0,0.0,0.0,0.0,0.0
2016-11-08,217204.39807056537,-0.018281603203500918,1.0,1.0,1.0,1.0,1.0,0.0031976405390641,204739.78827820325,0.9930942127060228,0.9930942127060228,0.0069057872939771725,0.0,0.0,0.0,0.0,0.0
2016-11-09,222414.1948668625,0.0,1.0,1.0,1.0,1.0,1.0,0.0239856874104573,209650.61284032743,0.9932559728335256,0.9932559728335256,0.006744027166474376,0.0,0.0,0.0,0.0,0.0
2016-11-10,224062.86067419164,0.0,1.0,1.0,1.0,1.0,1.0,0.0074125925654882,211204.66741441766,0.9933055957248856,0.9933055957248856,0.006694404275114363,0.0,0.0,0.0,0.0,0.0
2016-11-11,221871.83000444763,-0.009778642757444667,1.0,1.0,1.0,1.0,1.0,-0.0097786427574447,209139.3724230672,0.9932394870842252,0.9932394870842252,0.006760512915774841,0.0,0.0,0.0,0.0,0.0
2016-11-14,221222.890525044,-0.012674881239141289,1.0,1.0,1.0,1.0,1.0,-0.002924839441720024,208527.67333778762,0.8061290706966238,0.8061290706966238,0.19387092930337624,0.186730105152124,0.0,39.05261700400858,0.0,39.05261700400858
2016-11-15,221732.1579205935,-0.010402003913478564,1.0,1.0,1.0,1.0,1.0,0.0023020556070884666,209007.71563742796,0.6060097472381663,0.6060097472381663,0.39399025276183375,0.2012275384674335,0.0,41.96151040810408,0.0,41.96151040810408
2016-11-16,221160.09303394292,-0.012955148530704563,1.0,1.0,1.0,1.0,1.0,-0.0025799815958832,208468.4795776858,0.6049906303342271,0.6049906303342271,0.39500936966577294,0.0,0.0,0.0,0.0,0.0
2016-11-17,221693.9789869606,-0.010572397764195385,1.0,1.0,1.0,1.0,1.0,0.0024140248165648,208971.72766085784,0.6059418963755451,0.6059418963755451,0.3940581036244549,0.0,0.0,0.0,0.0,0.0
2016-11-18,220176.6125252968,-0.017344454753462246,1.0,1.0,1.0,1.0,1.0,-0.00684441890843157,207541.43761672825,1.0,1.0,0.0,0.3936644391852696,0.0,82.26473797518851,0.0,82.26473797518851
2016-11-21,221249.36414909252,-0.012556728574443232,1.0,1.0,1.0,1.0,1.0,0.004872232393313,208552.62773203923,1.0,1.0,0.0,0.0,0.0,0.0,0.0,0.0
2016-11-22,218822.0738747101,-0.023389805805890118,1.0,1.0,1.0,1.0,1.0,-0.0109708350291426,206264.63125829684,1.0,1.0,0.0,0.0,0.0,0.0,0.0,0.0
2016-11-23,219290.351825902,-0.021299865733792056,1.0,1.0,1.0,1.0,1.0,0.0021399941189663902,206706.03635614036,0.8007238830262262,0.8007238830262262,0.1992761169737738,0.1999024691613095,0.0,41.23280908918056,0.0,41.23280908918056
2016-11-25,219987.7883548104,-0.018187183307039834,1.0,1.0,1.0,1.0,1.0,0.0031804250533653,207363.4494128493,0.8013556564730885,0.8013556564730885,0.19864434352691152,0.0,0.0,0.0,0.0,0.0
2016-11-28,218989.0575369685,-0.022644552166996235,1.0,1.0,1.0,1.0,1.0,-0.004539937536128582,206422.0323052388,1.0,1.0,0.0,0.1984458976292823,0.0,41.150425854237156,0.0,41.150425854237156
2016-11-29,220159.38991883237,-0.01742131981897388,1.0,1.0,1.0,1.0,1.0,0.0053442505074315,207525.20335613113,1.0,1.0,0.0,0.0,0.0,0.0,0.0,0.0
2016-11-30,217962.8835535515,-0.027224400787732805,1.0,1.0,1.0,1.0,1.0,-0.0099768915879111,205454.7469004878,1.0,1.0,0.0,0.0,0.0,0.0,0.0,0.0
2016-12-01,215798.6415509025,-0.03688348483288395,1.0,1.0,1.0,1.0,1.0,-0.0099294061785398,203414.70326720373,1.0,1.0,0.0,0.0,0.0,0.0,0.0,0.0
2016-12-02,216317.55288668023,-0.0345675662812045,1.0,1.0,1.0,1.0,1.0,0.002404608907861613,203903.83607467008,0.8032234799394802,0.8032234799394802,0.19677652006051982,0.1974471377712867,0.0,40.16365094070498,0.0,40.16365094070498
2016-12-05,215970.20069957257,-0.03611781064594444,1.0,1.0,1.0,1.0,1.0,-0.0016057512784902997,203576.4172292041,1.0,1.0,0.0,0.1965799401203995,0.0,40.0834038858784,0.0,40.0834038858784
2016-12-06,216758.65011145157,-0.03259893469521069,1.0,1.0,1.0,1.0,1.0,0.003650732412735946,204319.6202540514,0.7989733895817703,0.7989733895817703,0.20102661041822967,0.2019624672479538,0.0,41.114795497108915,0.0,41.114795497108915
2016-12-07,216005.92650125065,-0.035958365204738385,1.0,1.0,1.0,1.0,1.0,-0.003472634701378147,203610.0928505848,0.599503708102847,0.599503708102847,0.40049629189715297,0.1982771813392472,0.0,40.51191839627867,0.0,40.51191839627867
2016-12-08,216647.5699238437,-0.03309468926726988,1.0,1.0,1.0,1.0,1.0,0.0029704898980601,204214.91457454054,0.6006898548551926,0.6006898548551926,0.39931014514480745,0.0,0.0,0.0,0.0,0.0
2016-12-09,217542.7077426004,-0.02909965940795578,1.0,1.0,1.0,1.0,1.0,0.0041317694865967,205058.6835272876,0.6023329235475032,0.6023329235475032,0.39766707645249677,0.0,0.0,0.0,0.0,0.0
2016-12-12,217414.67164539977,-0.029671088768517317,1.0,1.0,1.0,1.0,1.0,-0.000588556143891251,204937.99497923933,1.0,1.0,0.0,0.397269806645851,0.0,81.46362355593828,0.0,81.46362355593828
2016-12-13,219180.63861562303,-0.02178951944056373,1.0,1.0,1.0,1.0,1.0,0.008122574970946,206602.6192078535,1.0,1.0,0.0,0.0,0.0,0.0,0.0,0.0
2016-12-14,217251.42041580644,-0.030399684436278274,1.0,1.0,1.0,1.0,1.0,-0.0088019553734392,204784.11217355035,1.0,1.0,0.0,0.0,0.0,0.0,0.0,0.0
2016-12-15,218225.52157034623,-0.026052238582874532,1.0,1.0,1.0,1.0,1.0,0.0044837504522433,205702.31302912073,1.0,1.0,0.0,0.0,0.0,0.0,0.0,0.0
2016-12-16,217965.85734853137,-0.027211128641822957,1.0,1.0,1.0,1.0,1.0,-0.001189889339919497,205457.55003965058,0.8042846824233822,0.8042846824233822,0.19571531757661775,0.1956781161226969,0.0,40.251441095619654,0.0,40.251441095619654
2016-12-19,217163.7082274311,-0.03079114685049278,1.0,1.0,1.0,1.0,1.0,-0.003680159502309239,204701.433484551,1.0,1.0,0.0,0.1955197977788388,0.0,40.171018635888146,0.0,40.171018635888146
2016-12-20,217328.12335193527,-0.030057356681031155,1.0,1.0,1.0,1.0,1.0,0.0007571022149424,204856.413393244,1.0,1.0,0.0,0.0,0.0,0.0,0.0,0.0
2016-12-21,216331.27919993535,-0.03450630528858034,1.0,1.0,1.0,1.0,1.0,-0.0045868161774243,203916.77468224274,1.0,1.0,0.0,0.0,0.0,0.0,0.0,0.0
2016-12-22,215466.85233050745,-0.038364271159527896,1.0,1.0,1.0,1.0,1.0,-0.0039958478155579,203101.95428357308,1.0,1.0,0.0,0.0,0.0,0.0,0.0,0.0
2016-12-23,216429.70100530915,-0.034067045497476856,1.0,1.0,1.0,1.0,1.0,0.0044686626475833,204009.54840033126,1.0,1.0,0.0,0.0,0.0,0.0,0.0,0.0
2016-12-27,217179.70075215623,-0.030719771680698837,1.0,1.0,1.0,1.0,1.0,0.00346532727885,204716.5082535488,1.0,1.0,0.0,0.0,0.0,0.0,0.0,0.0
2016-12-28,215732.70181648855,-0.03717777606087036,1.0,1.0,1.0,1.0,1.0,-0.0066626804008675,203352.54758627387,1.0,1.0,0.0,0.0,0.0,0.0,0.0,0.0
2016-12-29,216621.77575371825,-0.03320980950650909,1.0,1.0,1.0,1.0,1.0,0.0041211829720001,204190.60064269922,1.0,1.0,0.0,0.0,0.0,0.0,0.0,0.0
2016-12-30,215797.3523225687,-0.03688923870182015,1.0,1.0,1.0,1.0,1.0,-0.003805819744026201,203413.48802322868,0.0,0.0,1.0,0.9971913716276012,0.0,203.617105128357,0.0,203.617105128357
