date,nav,net_return,gross_return,gross_wealth,gross_pnl,cost,turnover,long_exposure,cash_exposure,positions
2008-01-02,100000.0,0.0,0.0,1.0,0.0,0.0,0.0,0.0,1.0,0
2008-01-03,100000.0,0.0,0.0,1.0,0.0,0.0,0.0,0.0,1.0,0
2008-01-04,100000.0,0.0,0.0,1.0,0.0,0.0,0.0,0.0,1.0,0
2008-01-07,100000.0,0.0,0.0,1.0,0.0,0.0,0.0,0.0,1.0,0
2008-01-08,100000.0,0.0,0.0,1.0,0.0,0.0,0.0,0.0,1.0,0
2008-01-09,100000.0,0.0,0.0,1.0,0.0,0.0,0.0,0.0,1.0,0
2008-01-10,100000.0,0.0,0.0,1.0,0.0,0.0,0.0,0.0,1.0,0
2008-01-11,100000.0,0.0,0.0,1.0,0.0,0.0,0.0,0.0,1.0,0
2008-01-14,100000.0,0.0,0.0,1.0,0.0,0.0,0.0,0.0,1.0,0
2008-01-15,100000.0,0.0,0.0,1.0,0.0,0.0,0.0,0.0,1.0,0
2008-01-16,100000.0,0.0,0.0,1.0,0.0,0.0,0.0,0.0,1.0,0
2008-01-17,100000.0,0.0,0.0,1.0,0.0,0.0,0.0,0.0,1.0,0
2008-01-18,100000.0,0.0,0.0,1.0,0.0,0.0,0.0,0.0,1.0,0
2008-01-22,100000.0,0.0,0.0,1.0,0.0,0.0,0.0,0.0,1.0,0
2008-01-23,100000.0,0.0,0.0,1.0,0.0,0.0,0.0,0.0,1.0,0
2008-01-24,100000.0,0.0,0.0,1.0,0.0,0.0,0.0,0.0,1.0,0
2008-01-25,100000.0,0.0,0.0,1.0,0.0,0.0,0.0,0.0,1.0,0
2008-01-28,100000.0,0.0,0.0,1.0,0.0,0.0,0.0,0.0,1.0,0
2008-01-29,100000.0,0.0,0.0,1.0,0.0,0.0,0.0,0.0,1.0,0
2008-01-30,100000.0,0.0,0.0,1.0,0.0,0.0,0.0,0.0,1.0,0
2008-01-31,100000.0,0.0,0.0,1.0,0.0,0.0,0.0,0.0,1.0,0
2008-02-01,100000.0,0.0,0.0,1.0,0.0,0.0,0.0,0.0,1.0,0
2008-02-04,100000.0,0.0,0.0,1.0,0.0,0.0,0.0,0.0,1.0,0
2008-02-05,100000.0,0.0,0.0,1.0,0.0,0.0,0.0,0.0,1.0,0
2008-02-06,100000.0,0.0,0.0,1.0,0.0,0.0,0.0,0.0,1.0,0
2008-02-07,100000.0,0.0,0.0,1.0,0.0,0.0,0.0,0.0,1.0,0
2008-02-08,100000.0,0.0,0.0,1.0,0.0,0.0,0.0,0.0,1.0,0
2008-02-11,100000.0,0.0,0.0,1.0,0.0,0.0,0.0,0.0,1.0,0
2008-02-12,100000.0,0.0,0.0,1.0,0.0,0.0,0.0,0.0,1.0,0
2008-02-13,100000.0,0.0,0.0,1.0,0.0,0.0,0.0,0.0,1.0,0
2008-02-14,100000.0,0.0,0.0,1.0,0.0,0.0,0.0,0.0,1.0,0
2008-02-15,100000.0,0.0,0.0,1.0,0.0,0.0,0.0,0.0,1.0,0
2008-02-19,100000.0,0.0,0.0,1.0,0.0,0.0,0.0,0.0,1.0,0
2008-02-20,100000.0,0.0,0.0,1.0,0.0,0.0,0.0,0.0,1.0,0
2008-02-21,100000.0,0.0,0.0,1.0,0.0,0.0,0.0,0.0,1.0,0
2008-02-22,100000.0,0.0,0.0,1.0,0.0,0.0,0.0,0.0,1.0,0
2008-02-25,100000.0,0.0,0.0,1.0,0.0,0.0,0.0,0.0,1.0,0
2008-02-26,100000.0,0.0,0.0,1.0,0.0,0.0,0.0,0.0,1.0,0
2008-02-27,100000.0,0.0,0.0,1.0,0.0,0.0,0.0,0.0,1.0,0
2008-02-28,100000.0,0.0,0.0,1.0,0.0,0.0,0.0,0.0,1.0,0
2008-02-29,100000.0,0.0,0.0,1.0,0.0,0.0,0.0,0.0,1.0,0
2008-03-03,100000.0,0.0,0.0,1.0,0.0,0.0,0.0,0.0,1.0,0
2008-03-04,100000.0,0.0,0.0,1.0,0.0,0.0,0.0,0.0,1.0,0
2008-03-05,100000.0,0.0,0.0,1.0,0.0,0.0,0.0,0.0,1.0,0
2008-03-06,100000.0,0.0,0.0,1.0,0.0,0.0,0.0,0.0,1.0,0
2008-03-07,100000.0,0.0,0.0,1.0,0.0,0.0,0.0,0.0,1.0,0
2008-03-10,100000.0,0.0,0.0,1.0,0.0,0.0,0.0,0.0,1.0,0
2008-03-11,100000.0,0.0,0.0,1.0,0.0,0.0,0.0,0.0,1.0,0
2008-03-12,100000.0,0.0,0.0,1.0,0.0,0.0,0.0,0.0,1.0,0
2008-03-13,100000.0,0.0,0.0,1.0,0.0,0.0,0.0,0.0,1.0,0
2008-03-14,100000.0,0.0,0.0,1.0,0.0,0.0,0.0,0.0,1.0,0
2008-03-17,100000.0,0.0,0.0,1.0,0.0,0.0,0.0,0.0,1.0,0
2008-03-18,100000.0,0.0,0.0,1.0,0.0,0.0,0.0,0.0,1.0,0
2008-03-19,100000.0,0.0,0.0,1.0,0.0,0.0,0.0,0.0,1.0,0
2008-03-20,100000.0,0.0,0.0,1.0,0.0,0.0,0.0,0.0,1.0,0
2008-03-24,100000.0,0.0,0.0,1.0,0.0,0.0,0.0,0.0,1.0,0
2008-03-25,100000.0,0.0,0.0,1.0,0.0,0.0,0.0,0.0,1.0,0
2008-03-26,100000.0,0.0,0.0,1.0,0.0,0.0,0.0,0.0,1.0,0
2008-03-27,100000.0,0.0,0.0,1.0,0.0,0.0,0.0,0.0,1.0,0
2008-03-28,100000.0,0.0,0.0,1.0,0.0,0.0,0.0,0.0,1.0,0
2008-03-31,100000.0,0.0,0.0,1.0,0.0,0.0,0.0,0.0,1.0,0
2008-04-01,100000.0,0.0,0.0,1.0,0.0,0.0,0.0,0.0,1.0,0
2008-04-02,100000.0,0.0,0.0,1.0,0.0,0.0,0.0,0.0,1.0,0
2008-04-03,100000.0,0.0,0.0,1.0,0.0,0.0,0.0,0.0,1.0,0
2008-04-04,100000.0,0.0,0.0,1.0,0.0,0.0,0.0,0.0,1.0,0
2008-04-07,100000.0,0.0,0.0,1.0,0.0,0.0,0.0,0.0,1.0,0
2008-04-08,100000.0,0.0,0.0,1.0,0.0,0.0,0.0,0.0,1.0,0
2008-04-09,100000.0,0.0,0.0,1.0,0.0,0.0,0.0,0.0,1.0,0
2008-04-10,100000.0,0.0,0.0,1.0,0.0,0.0,0.0,0.0,1.0,0
2008-04-11,100000.0,0.0,0.0,1.0,0.0,0.0,0.0,0.0,1.0,0
2008-04-14,100000.0,0.0,0.0,1.0,0.0,0.0,0.0,0.0,1.0,0
2008-04-15,100000.0,0.0,0.0,1.0,0.0,0.0,0.0,0.0,1.0,0
2008-04-16,100000.0,0.0,0.0,1.0,0.0,0.0,0.0,0.0,1.0,0
2008-04-17,100000.0,0.0,0.0,1.0,0.0,0.0,0.0,0.0,1.0,0
2008-04-18,100000.0,0.0,0.0,1.0,0.0,0.0,0.0,0.0,1.0,0
2008-04-21,100000.0,0.0,0.0,1.0,0.0,0.0,0.0,0.0,1.0,0
2008-04-22,100000.0,0.0,0.0,1.0,0.0,0.0,0.0,0.0,1.0,0
2008-04-23,100000.0,0.0,0.0,1.0,0.0,0.0,0.0,0.0,1.0,0
2008-04-24,100000.0,0.0,0.0,1.0,0.0,0.0,0.0,0.0,1.0,0
2008-04-25,100000.0,0.0,0.0,1.0,0.0,0.0,0.0,0.0,1.0,0
2008-04-28,100000.0,0.0,0.0,1.0,0.0,0.0,0.0,0.0,1.0,0
2008-04-29,100000.0,0.0,0.0,1.0,0.0,0.0,0.0,0.0,1.0,0
2008-04-30,100000.0,0.0,0.0,1.0,0.0,0.0,0.0,0.0,1.0,0
2008-05-01,100000.0,0.0,0.0,1.0,0.0,0.0,0.0,0.0,1.0,0
2008-05-02,100000.0,0.0,0.0,1.0,0.0,0.0,0.0,0.0,1.0,0
2008-05-05,100000.0,0.0,0.0,1.0,0.0,0.0,0.0,0.0,1.0,0
2008-05-06,100000.0,0.0,0.0,1.0,0.0,0.0,0.0,0.0,1.0,0
2008-05-07,100000.0,0.0,0.0,1.0,0.0,0.0,0.0,0.0,1.0,0
2008-05-08,100000.0,0.0,0.0,1.0,0.0,0.0,0.0,0.0,1.0,0
2008-05-09,100000.0,0.0,0.0,1.0,0.0,0.0,0.0,0.0,1.0,0
2008-05-12,100000.0,0.0,0.0,1.0,0.0,0.0,0.0,0.0,1.0,0
2008-05-13,100000.0,0.0,0.0,1.0,0.0,0.0,0.0,0.0,1.0,0
2008-05-14,100000.0,0.0,0.0,1.0,0.0,0.0,0.0,0.0,1.0,0
2008-05-15,100000.0,0.0,0.0,1.0,0.0,0.0,0.0,0.0,1.0,0
2008-05-16,100000.0,0.0,0.0,1.0,0.0,0.0,0.0,0.0,1.0,0
2008-05-19,100000.0,0.0,0.0,1.0,0.0,0.0,0.0,0.0,1.0,0
2008-05-20,100000.0,0.0,0.0,1.0,0.0,0.0,0.0,0.0,1.0,0
2008-05-21,100000.0,0.0,0.0,1.0,0.0,0.0,0.0,0.0,1.0,0
2008-05-22,100000.0,0.0,0.0,1.0,0.0,0.0,0.0,0.0,1.0,0
2008-05-23,100000.0,0.0,0.0,1.0,0.0,0.0,0.0,0.0,1.0,0
2008-05-27,100000.0,0.0,0.0,1.0,0.0,0.0,0.0,0.0,1.0,0
2008-05-28,100000.0,0.0,0.0,1.0,0.0,0.0,0.0,0.0,1.0,0
2008-05-29,100000.0,0.0,0.0,1.0,0.0,0.0,0.0,0.0,1.0,0
2008-05-30,100000.0,0.0,0.0,1.0,0.0,0.0,0.0,0.0,1.0,0
2008-06-02,100000.0,0.0,0.0,1.0,0.0,0.0,0.0,0.0,1.0,0
2008-06-03,100000.0,0.0,0.0,1.0,0.0,0.0,0.0,0.0,1.0,0
2008-06-04,100000.0,0.0,0.0,1.0,0.0,0.0,0.0,0.0,1.0,0
2008-06-05,100000.0,0.0,0.0,1.0,0.0,0.0,0.0,0.0,1.0,0
2008-06-06,100000.0,0.0,0.0,1.0,0.0,0.0,0.0,0.0,1.0,0
2008-06-09,100000.0,0.0,0.0,1.0,0.0,0.0,0.0,0.0,1.0,0
2008-06-10,100000.0,0.0,0.0,1.0,0.0,0.0,0.0,0.0,1.0,0
2008-06-11,100000.0,0.0,0.0,1.0,0.0,0.0,0.0,0.0,1.0,0
2008-06-12,100000.0,0.0,0.0,1.0,0.0,0.0,0.0,0.0,1.0,0
2008-06-13,100000.0,0.0,0.0,1.0,0.0,0.0,0.0,0.0,1.0,0
2008-06-16,100000.0,0.0,0.0,1.0,0.0,0.0,0.0,0.0,1.0,0
2008-06-17,100000.0,0.0,0.0,1.0,0.0,0.0,0.0,0.0,1.0,0
2008-06-18,100000.0,0.0,0.0,1.0,0.0,0.0,0.0,0.0,1.0,0
2008-06-19,100000.0,0.0,0.0,1.0,0.0,0.0,0.0,0.0,1.0,0
2008-06-20,100000.0,0.0,0.0,1.0,0.0,0.0,0.0,0.0,1.0,0
2008-06-23,100000.0,0.0,0.0,1.0,0.0,0.0,0.0,0.0,1.0,0
2008-06-24,100000.0,0.0,0.0,1.0,0.0,0.0,0.0,0.0,1.0,0
2008-06-25,100000.0,0.0,0.0,1.0,0.0,0.0,0.0,0.0,1.0,0
2008-06-26,100000.0,0.0,0.0,1.0,0.0,0.0,0.0,0.0,1.0,0
2008-06-27,100000.0,0.0,0.0,1.0,0.0,0.0,0.0,0.0,1.0,0
2008-06-30,100000.0,0.0,0.0,1.0,0.0,0.0,0.0,0.0,1.0,0
2008-07-01,100000.0,0.0,0.0,1.0,0.0,0.0,0.0,0.0,1.0,0
2008-07-02,100000.0,0.0,0.0,1.0,0.0,0.0,0.0,0.0,1.0,0
2008-07-03,100000.0,0.0,0.0,1.0,0.0,0.0,0.0,0.0,1.0,0
2008-07-07,100000.0,0.0,0.0,1.0,0.0,0.0,0.0,0.0,1.0,0
2008-07-08,100000.0,0.0,0.0,1.0,0.0,0.0,0.0,0.0,1.0,0
2008-07-09,100000.0,0.0,0.0,1.0,0.0,0.0,0.0,0.0,1.0,0
2008-07-10,100000.0,0.0,0.0,1.0,0.0,0.0,0.0,0.0,1.0,0
2008-07-11,100000.0,0.0,0.0,1.0,0.0,0.0,0.0,0.0,1.0,0
2008-07-14,100000.0,0.0,0.0,1.0,0.0,0.0,0.0,0.0,1.0,0
2008-07-15,100000.0,0.0,0.0,1.0,0.0,0.0,0.0,0.0,1.0,0
2008-07-16,100000.0,0.0,0.0,1.0,0.0,0.0,0.0,0.0,1.0,0
2008-07-17,100000.0,0.0,0.0,1.0,0.0,0.0,0.0,0.0,1.0,0
2008-07-18,100000.0,0.0,0.0,1.0,0.0,0.0,0.0,0.0,1.0,0
2008-07-21,100000.0,0.0,0.0,1.0,0.0,0.0,0.0,0.0,1.0,0
2008-07-22,100000.0,0.0,0.0,1.0,0.0,0.0,0.0,0.0,1.0,0
2008-07-23,100000.0,0.0,0.0,1.0,0.0,0.0,0.0,0.0,1.0,0
2008-07-24,100000.0,0.0,0.0,1.0,0.0,0.0,0.0,0.0,1.0,0
2008-07-25,100000.0,0.0,0.0,1.0,0.0,0.0,0.0,0.0,1.0,0
2008-07-28,100000.0,0.0,0.0,1.0,0.0,0.0,0.0,0.0,1.0,0
2008-07-29,100000.0,0.0,0.0,1.0,0.0,0.0,0.0,0.0,1.0,0
2008-07-30,100000.0,0.0,0.0,1.0,0.0,0.0,0.0,0.0,1.0,0
2008-07-31,100000.0,0.0,0.0,1.0,0.0,0.0,0.0,0.0,1.0,0
2008-08-01,100000.0,0.0,0.0,1.0,0.0,0.0,0.0,0.0,1.0,0
2008-08-04,100000.0,0.0,0.0,1.0,0.0,0.0,0.0,0.0,1.0,0
2008-08-05,100000.0,0.0,0.0,1.0,0.0,0.0,0.0,0.0,1.0,0
2008-08-06,100000.0,0.0,0.0,1.0,0.0,0.0,0.0,0.0,1.0,0
2008-08-07,100000.0,0.0,0.0,1.0,0.0,0.0,0.0,0.0,1.0,0
2008-08-08,100000.0,0.0,0.0,1.0,0.0,0.0,0.0,0.0,1.0,0
2008-08-11,100000.0,0.0,0.0,1.0,0.0,0.0,0.0,0.0,1.0,0
2008-08-12,100000.0,0.0,0.0,1.0,0.0,0.0,0.0,0.0,1.0,0
2008-08-13,100000.0,0.0,0.0,1.0,0.0,0.0,0.0,0.0,1.0,0
2008-08-14,100000.0,0.0,0.0,1.0,0.0,0.0,0.0,0.0,1.0,0
2008-08-15,100000.0,0.0,0.0,1.0,0.0,0.0,0.0,0.0,1.0,0
2008-08-18,100000.0,0.0,0.0,1.0,0.0,0.0,0.0,0.0,1.0,0
2008-08-19,100000.0,0.0,0.0,1.0,0.0,0.0,0.0,0.0,1.0,0
2008-08-20,100000.0,0.0,0.0,1.0,0.0,0.0,0.0,0.0,1.0,0
2008-08-21,100000.0,0.0,0.0,1.0,0.0,0.0,0.0,0.0,1.0,0
2008-08-22,100000.0,0.0,0.0,1.0,0.0,0.0,0.0,0.0,1.0,0
2008-08-25,100000.0,0.0,0.0,1.0,0.0,0.0,0.0,0.0,1.0,0
2008-08-26,100000.0,0.0,0.0,1.0,0.0,0.0,0.0,0.0,1.0,0
2008-08-27,100000.0,0.0,0.0,1.0,0.0,0.0,0.0,0.0,1.0,0
2008-08-28,100000.0,0.0,0.0,1.0,0.0,0.0,0.0,0.0,1.0,0
2008-08-29,100000.0,0.0,0.0,1.0,0.0,0.0,0.0,0.0,1.0,0
2008-09-02,100000.0,0.0,0.0,1.0,0.0,0.0,0.0,0.0,1.0,0
2008-09-03,100000.0,0.0,0.0,1.0,0.0,0.0,0.0,0.0,1.0,0
2008-09-04,100000.0,0.0,0.0,1.0,0.0,0.0,0.0,0.0,1.0,0
2008-09-05,100000.0,0.0,0.0,1.0,0.0,0.0,0.0,0.0,1.0,0
2008-09-08,100000.0,0.0,0.0,1.0,0.0,0.0,0.0,0.0,1.0,0
2008-09-09,100000.0,0.0,0.0,1.0,0.0,0.0,0.0,0.0,1.0,0
2008-09-10,100000.0,0.0,0.0,1.0,0.0,0.0,0.0,0.0,1.0,0
2008-09-11,100000.0,0.0,0.0,1.0,0.0,0.0,0.0,0.0,1.0,0
2008-09-12,100000.0,0.0,0.0,1.0,0.0,0.0,0.0,0.0,1.0,0
2008-09-15,100000.0,0.0,0.0,1.0,0.0,0.0,0.0,0.0,1.0,0
2008-09-16,100000.0,0.0,0.0,1.0,0.0,0.0,0.0,0.0,1.0,0
2008-09-17,100000.0,0.0,0.0,1.0,0.0,0.0,0.0,0.0,1.0,0
2008-09-18,100000.0,0.0,0.0,1.0,0.0,0.0,0.0,0.0,1.0,0
2008-09-19,100000.0,0.0,0.0,1.0,0.0,0.0,0.0,0.0,1.0,0
2008-09-22,100000.0,0.0,0.0,1.0,0.0,0.0,0.0,0.0,1.0,0
2008-09-23,100000.0,0.0,0.0,1.0,0.0,0.0,0.0,0.0,1.0,0
2008-09-24,100000.0,0.0,0.0,1.0,0.0,0.0,0.0,0.0,1.0,0
2008-09-25,100000.0,0.0,0.0,1.0,0.0,0.0,0.0,0.0,1.0,0
2008-09-26,100000.0,0.0,0.0,1.0,0.0,0.0,0.0,0.0,1.0,0
2008-09-29,100000.0,0.0,0.0,1.0,0.0,0.0,0.0,0.0,1.0,0
2008-09-30,100000.0,0.0,0.0,1.0,0.0,0.0,0.0,0.0,1.0,0
2008-10-01,100000.0,0.0,0.0,1.0,0.0,0.0,0.0,0.0,1.0,0
2008-10-02,100000.0,0.0,0.0,1.0,0.0,0.0,0.0,0.0,1.0,0
2008-10-03,100000.0,0.0,0.0,1.0,0.0,0.0,0.0,0.0,1.0,0
2008-10-06,100000.0,0.0,0.0,1.0,0.0,0.0,0.0,0.0,1.0,0
2008-10-07,100000.0,0.0,0.0,1.0,0.0,0.0,0.0,0.0,1.0,0
2008-10-08,100000.0,0.0,0.0,1.0,0.0,0.0,0.0,0.0,1.0,0
2008-10-09,100000.0,0.0,0.0,1.0,0.0,0.0,0.0,0.0,1.0,0
2008-10-10,100000.0,0.0,0.0,1.0,0.0,0.0,0.0,0.0,1.0,0
2008-10-13,100000.0,0.0,0.0,1.0,0.0,0.0,0.0,0.0,1.0,0
2008-10-14,100000.0,0.0,0.0,1.0,0.0,0.0,0.0,0.0,1.0,0
2008-10-15,100000.0,0.0,0.0,1.0,0.0,0.0,0.0,0.0,1.0,0
2008-10-16,100000.0,0.0,0.0,1.0,0.0,0.0,0.0,0.0,1.0,0
2008-10-17,100000.0,0.0,0.0,1.0,0.0,0.0,0.0,0.0,1.0,0
2008-10-20,100000.0,0.0,0.0,1.0,0.0,0.0,0.0,0.0,1.0,0
2008-10-21,100000.0,0.0,0.0,1.0,0.0,0.0,0.0,0.0,1.0,0
2008-10-22,100000.0,0.0,0.0,1.0,0.0,0.0,0.0,0.0,1.0,0
2008-10-23,100000.0,0.0,0.0,1.0,0.0,0.0,0.0,0.0,1.0,0
2008-10-24,100000.0,0.0,0.0,1.0,0.0,0.0,0.0,0.0,1.0,0
2008-10-27,100000.0,0.0,0.0,1.0,0.0,0.0,0.0,0.0,1.0,0
2008-10-28,100000.0,0.0,0.0,1.0,0.0,0.0,0.0,0.0,1.0,0
2008-10-29,100000.0,0.0,0.0,1.0,0.0,0.0,0.0,0.0,1.0,0
2008-10-30,100000.0,0.0,0.0,1.0,0.0,0.0,0.0,0.0,1.0,0
2008-10-31,100000.0,0.0,0.0,1.0,0.0,0.0,0.0,0.0,1.0,0
2008-11-03,100000.0,0.0,0.0,1.0,0.0,0.0,0.0,0.0,1.0,0
2008-11-04,100000.0,0.0,0.0,1.0,0.0,0.0,0.0,0.0,1.0,0
2008-11-05,100000.0,0.0,0.0,1.0,0.0,0.0,0.0,0.0,1.0,0
2008-11-06,100000.0,0.0,0.0,1.0,0.0,0.0,0.0,0.0,1.0,0
2008-11-07,100000.0,0.0,0.0,1.0,0.0,0.0,0.0,0.0,1.0,0
2008-11-10,100000.0,0.0,0.0,1.0,0.0,0.0,0.0,0.0,1.0,0
2008-11-11,100000.0,0.0,0.0,1.0,0.0,0.0,0.0,0.0,1.0,0
2008-11-12,100000.0,0.0,0.0,1.0,0.0,0.0,0.0,0.0,1.0,0
2008-11-13,100000.0,0.0,0.0,1.0,0.0,0.0,0.0,0.0,1.0,0
2008-11-14,100000.0,0.0,0.0,1.0,0.0,0.0,0.0,0.0,1.0,0
2008-11-17,100000.0,0.0,0.0,1.0,0.0,0.0,0.0,0.0,1.0,0
2008-11-18,100000.0,0.0,0.0,1.0,0.0,0.0,0.0,0.0,1.0,0
2008-11-19,100000.0,0.0,0.0,1.0,0.0,0.0,0.0,0.0,1.0,0
2008-11-20,100000.0,0.0,0.0,1.0,0.0,0.0,0.0,0.0,1.0,0
2008-11-21,100000.0,0.0,0.0,1.0,0.0,0.0,0.0,0.0,1.0,0
2008-11-24,100000.0,0.0,0.0,1.0,0.0,0.0,0.0,0.0,1.0,0
2008-11-25,100000.0,0.0,0.0,1.0,0.0,0.0,0.0,0.0,1.0,0
2008-11-26,100000.0,0.0,0.0,1.0,0.0,0.0,0.0,0.0,1.0,0
2008-11-28,100000.0,0.0,0.0,1.0,0.0,0.0,0.0,0.0,1.0,0
2008-12-01,100000.0,0.0,0.0,1.0,0.0,0.0,0.0,0.0,1.0,0
2008-12-02,100000.0,0.0,0.0,1.0,0.0,0.0,0.0,0.0,1.0,0
2008-12-03,100000.0,0.0,0.0,1.0,0.0,0.0,0.0,0.0,1.0,0
2008-12-04,100000.0,0.0,0.0,1.0,0.0,0.0,0.0,0.0,1.0,0
2008-12-05,100000.0,0.0,0.0,1.0,0.0,0.0,0.0,0.0,1.0,0
2008-12-08,100000.0,0.0,0.0,1.0,0.0,0.0,0.0,0.0,1.0,0
2008-12-09,100000.0,0.0,0.0,1.0,0.0,0.0,0.0,0.0,1.0,0
2008-12-10,100000.0,0.0,0.0,1.0,0.0,0.0,0.0,0.0,1.0,0
2008-12-11,100000.0,0.0,0.0,1.0,0.0,0.0,0.0,0.0,1.0,0
2008-12-12,100000.0,0.0,0.0,1.0,0.0,0.0,0.0,0.0,1.0,0
2008-12-15,100000.0,0.0,0.0,1.0,0.0,0.0,0.0,0.0,1.0,0
2008-12-16,100000.0,0.0,0.0,1.0,0.0,0.0,0.0,0.0,1.0,0
2008-12-17,100000.0,0.0,0.0,1.0,0.0,0.0,0.0,0.0,1.0,0
2008-12-18,100000.0,0.0,0.0,1.0,0.0,0.0,0.0,0.0,1.0,0
2008-12-19,100000.0,0.0,0.0,1.0,0.0,0.0,0.0,0.0,1.0,0
2008-12-22,100000.0,0.0,0.0,1.0,0.0,0.0,0.0,0.0,1.0,0
2008-12-23,100000.0,0.0,0.0,1.0,0.0,0.0,0.0,0.0,1.0,0
2008-12-24,100000.0,0.0,0.0,1.0,0.0,0.0,0.0,0.0,1.0,0
2008-12-26,100000.0,0.0,0.0,1.0,0.0,0.0,0.0,0.0,1.0,0
2008-12-29,100000.0,0.0,0.0,1.0,0.0,0.0,0.0,0.0,1.0,0
2008-12-30,100000.0,0.0,0.0,1.0,0.0,0.0,0.0,0.0,1.0,0
2008-12-31,100000.0,0.0,0.0,1.0,0.0,0.0,0.0,0.0,1.0,0
2009-01-02,100000.0,0.0,0.0,1.0,0.0,0.0,0.0,0.0,1.0,0
2009-01-05,100000.0,0.0,0.0,1.0,0.0,0.0,0.0,0.0,1.0,0
2009-01-06,100000.0,0.0,0.0,1.0,0.0,0.0,0.0,0.0,1.0,0
2009-01-07,100000.0,0.0,0.0,1.0,0.0,0.0,0.0,0.0,1.0,0
2009-01-08,100000.0,0.0,0.0,1.0,0.0,0.0,0.0,0.0,1.0,0
2009-01-09,100000.0,0.0,0.0,1.0,0.0,0.0,0.0,0.0,1.0,0
2009-01-12,100000.0,0.0,0.0,1.0,0.0,0.0,0.0,0.0,1.0,0
2009-01-13,100000.0,0.0,0.0,1.0,0.0,0.0,0.0,0.0,1.0,0
2009-01-14,100000.0,0.0,0.0,1.0,0.0,0.0,0.0,0.0,1.0,0
2009-01-15,100000.0,0.0,0.0,1.0,0.0,0.0,0.0,0.0,1.0,0
2009-01-16,100000.0,0.0,0.0,1.0,0.0,0.0,0.0,0.0,1.0,0
2009-01-20,100000.0,0.0,0.0,1.0,0.0,0.0,0.0,0.0,1.0,0
2009-01-21,100000.0,0.0,0.0,1.0,0.0,0.0,0.0,0.0,1.0,0
2009-01-22,100000.0,0.0,0.0,1.0,0.0,0.0,0.0,0.0,1.0,0
2009-01-23,100000.0,0.0,0.0,1.0,0.0,0.0,0.0,0.0,1.0,0
2009-01-26,100000.0,0.0,0.0,1.0,0.0,0.0,0.0,0.0,1.0,0
2009-01-27,100000.0,0.0,0.0,1.0,0.0,0.0,0.0,0.0,1.0,0
2009-01-28,100000.0,0.0,0.0,1.0,0.0,0.0,0.0,0.0,1.0,0
2009-01-29,100000.0,0.0,0.0,1.0,0.0,0.0,0.0,0.0,1.0,0
2009-01-30,100000.0,0.0,0.0,1.0,0.0,0.0,0.0,0.0,1.0,0
2009-02-02,100000.0,0.0,0.0,1.0,0.0,0.0,0.0,0.0,1.0,0
2009-02-03,100000.0,0.0,0.0,1.0,0.0,0.0,0.0,0.0,1.0,0
2009-02-04,100000.0,0.0,0.0,1.0,0.0,0.0,0.0,0.0,1.0,0
2009-02-05,100000.0,0.0,0.0,1.0,0.0,0.0,0.0,0.0,1.0,0
2009-02-06,100000.0,0.0,0.0,1.0,0.0,0.0,0.0,0.0,1.0,0
2009-02-09,100000.0,0.0,0.0,1.0,0.0,0.0,0.0,0.0,1.0,0
2009-02-10,100000.0,0.0,0.0,1.0,0.0,0.0,0.0,0.0,1.0,0
2009-02-11,100000.0,0.0,0.0,1.0,0.0,0.0,0.0,0.0,1.0,0
2009-02-12,100000.0,0.0,0.0,1.0,0.0,0.0,0.0,0.0,1.0,0
2009-02-13,100000.0,0.0,0.0,1.0,0.0,0.0,0.0,0.0,1.0,0
2009-02-17,100000.0,0.0,0.0,1.0,0.0,0.0,0.0,0.0,1.0,0
2009-02-18,100000.0,0.0,0.0,1.0,0.0,0.0,0.0,0.0,1.0,0
2009-02-19,100000.0,0.0,0.0,1.0,0.0,0.0,0.0,0.0,1.0,0
2009-02-20,100000.0,0.0,0.0,1.0,0.0,0.0,0.0,0.0,1.0,0
2009-02-23,100000.0,0.0,0.0,1.0,0.0,0.0,0.0,0.0,1.0,0
2009-02-24,100000.0,0.0,0.0,1.0,0.0,0.0,0.0,0.0,1.0,0
2009-02-25,100000.0,0.0,0.0,1.0,0.0,0.0,0.0,0.0,1.0,0
2009-02-26,100000.0,0.0,0.0,1.0,0.0,0.0,0.0,0.0,1.0,0
2009-02-27,100000.0,0.0,0.0,1.0,0.0,0.0,0.0,0.0,1.0,0
2009-03-02,100000.0,0.0,0.0,1.0,0.0,0.0,0.0,0.0,1.0,0
2009-03-03,100000.0,0.0,0.0,1.0,0.0,0.0,0.0,0.0,1.0,0
2009-03-04,100000.0,0.0,0.0,1.0,0.0,0.0,0.0,0.0,1.0,0
2009-03-05,100000.0,0.0,0.0,1.0,0.0,0.0,0.0,0.0,1.0,0
2009-03-06,100000.0,0.0,0.0,1.0,0.0,0.0,0.0,0.0,1.0,0
2009-03-09,100000.0,0.0,0.0,1.0,0.0,0.0,0.0,0.0,1.0,0
2009-03-10,100000.0,0.0,0.0,1.0,0.0,0.0,0.0,0.0,1.0,0
2009-03-11,100000.0,0.0,0.0,1.0,0.0,0.0,0.0,0.0,1.0,0
2009-03-12,100000.0,0.0,0.0,1.0,0.0,0.0,0.0,0.0,1.0,0
2009-03-13,100000.0,0.0,0.0,1.0,0.0,0.0,0.0,0.0,1.0,0
2009-03-16,100000.0,0.0,0.0,1.0,0.0,0.0,0.0,0.0,1.0,0
2009-03-17,100000.0,0.0,0.0,1.0,0.0,0.0,0.0,0.0,1.0,0
2009-03-18,100000.0,0.0,0.0,1.0,0.0,0.0,0.0,0.0,1.0,0
2009-03-19,100000.0,0.0,0.0,1.0,0.0,0.0,0.0,0.0,1.0,0
2009-03-20,100000.0,0.0,0.0,1.0,0.0,0.0,0.0,0.0,1.0,0
2009-03-23,100000.0,0.0,0.0,1.0,0.0,0.0,0.0,0.0,1.0,0
2009-03-24,100000.0,0.0,0.0,1.0,0.0,0.0,0.0,0.0,1.0,0
2009-03-25,100000.0,0.0,0.0,1.0,0.0,0.0,0.0,0.0,1.0,0
2009-03-26,100000.0,0.0,0.0,1.0,0.0,0.0,0.0,0.0,1.0,0
2009-03-27,100000.0,0.0,0.0,1.0,0.0,0.0,0.0,0.0,1.0,0
2009-03-30,100000.0,0.0,0.0,1.0,0.0,0.0,0.0,0.0,1.0,0
2009-03-31,100000.0,0.0,0.0,1.0,0.0,0.0,0.0,0.0,1.0,0
2009-04-01,100000.0,0.0,0.0,1.0,0.0,0.0,0.0,0.0,1.0,0
2009-04-02,100000.0,0.0,0.0,1.0,0.0,0.0,0.0,0.0,1.0,0
2009-04-03,100000.0,0.0,0.0,1.0,0.0,0.0,0.0,0.0,1.0,0
2009-04-06,100000.0,0.0,0.0,1.0,0.0,0.0,0.0,0.0,1.0,0
2009-04-07,99900.09990009991,-0.0009990009990008542,0.0,1.0,0.0,99.90009990009989,0.9990009990009989,1.0,0.0,5
2009-04-08,100542.65991112415,0.006432025710352507,0.006432025710352721,1.0064320257103527,642.560011024248,0.0,0.0,1.0,0.0,5
2009-04-09,105566.51566554556,0.04996740447151793,0.049967404471517964,1.0567208218121111,5023.8557544214145,0.0,0.0,1.0,0.0,5
2009-04-13,106371.62458945005,0.007626555814868485,0.0076265558148684975,1.0647799621403948,805.1089239044728,0.0,0.0,1.0,0.0,5
2009-04-14,103505.25614384506,-0.02694673938343961,-0.02694673938343947,1.0360876139998891,-2866.368445604972,0.0,0.0,1.0,0.0,5
2009-04-15,106701.72601137489,0.030882198514513792,0.030882198514513834,1.0680842773738626,3196.469867529826,0.0,0.0,1.0,0.0,5
2009-04-16,108008.53821577539,0.01224733894427521,0.012247338944275212,1.0811654675399116,1306.8122044004951,0.0,0.0,1.0,0.0,5
2009-04-17,108387.03257900798,0.0035043003959227548,0.0035043003959229265,1.08495419611587,378.49436323259823,0.0,0.0,1.0,0.0,5
2009-04-20,102396.61870318414,-0.055268732183964664,-0.05526873218396467,1.0249901532188732,-5990.413875823846,0.0,0.0,1.0,0.0,5
2009-04-21,106164.11390938,0.03679316030069946,0.03679316030069954,1.0627027802328937,3767.495206195863,0.0,0.0,1.0,0.0,5
2009-04-22,104365.58169650252,-0.016941056131384302,-0.016941056131384424,1.04469947278199,-1798.5322128774965,0.0,0.0,1.0,0.0,5
2009-04-23,107355.65534592248,0.028649997449496034,0.02864999744949609,1.0746301100126838,2990.0736494199728,0.0,0.0,1.0,0.0,5
2009-04-24,109677.0069012801,0.02162300204751899,0.021623002047518852,1.0978668390818134,2321.35155535761,0.0,0.0,1.0,0.0,5
2009-04-27,107889.01160230422,-0.016302371385692904,-0.016302371385692776,1.079969006139065,-1787.9952989758578,0.0,0.0,1.0,0.0,5
2009-04-28,107025.10350064031,-0.008007378034460166,-0.008007378034460364,1.071321286041409,-863.9081016639302,0.0,0.0,1.0,0.0,5
2009-04-29,109981.89936188929,0.027627124520662516,0.027627124520662384,1.1009188126125111,2956.7958612489697,0.0,0.0,1.0,0.0,5
2009-04-30,110438.45720316505,0.004151208916418847,0.004151208916418991,1.1054889566036816,456.5578412757709,0.0,0.0,1.0,0.0,5
2009-05-01,111388.02427933524,0.008598155934244511,0.008598155934244586,1.1149941230361453,949.5670761702103,0.0,0.0,1.0,0.0,5
2009-05-04,116001.28779211921,0.041416153510497544,0.04141615351049733,1.1611728907991126,4613.263512783952,0.0,0.0,1.0,0.0,5
2009-05-05,114630.08809420289,-0.011820555823255918,-0.01182055582325595,1.1474471818229701,-1371.199697916324,0.0,0.0,1.0,0.0,5
2009-05-06,118152.43381105865,0.030727933437171506,0.030727933437171596,1.1827058624486964,3522.3457168557825,0.0,0.0,1.0,0.0,5
2009-05-07,114928.23906335718,-0.027288432778772798,-0.02728843277877291,1.1504316730242046,-3224.1947477014896,0.0,0.0,1.0,0.0,5
2009-05-08,120522.1138144164,0.04867276133914711,0.04867276133914716,1.2064263592823075,5593.874751059233,0.0,0.0,1.0,0.0,5
2009-05-11,117015.19988274723,-0.029097680256995995,-0.029097680256996016,1.1713221508262992,-3506.913931669171,0.0,0.0,1.0,0.0,5
2009-05-12,118202.52678902383,0.010146775012702225,0.010146775012702133,1.1832072931581281,1187.326906276605,0.0,0.0,1.0,0.0,5
2009-05-13,113517.7796634839,-0.03963322318736551,-0.03963322318736556,1.1363129744314735,-4684.747125539939,0.0,0.0,1.0,0.0,5
2009-05-14,115052.55412699142,0.01352012405507974,0.013520124055079952,1.1516760668111838,1534.7744635075346,0.0,0.0,1.0,0.0,5
2009-05-15,113864.32754559933,-0.010327685381765317,-0.0103276853817654,1.1397819187314489,-1188.2265813921017,0.0,0.0,1.0,0.0,5
2009-05-18,118832.88121928465,0.043635735447483004,0.04363573544748298,1.189517141005039,4968.553673685322,0.0,0.0,1.0,0.0,5
2009-05-19,119014.98444604235,0.0015324313009095203,0.0015324313009096335,1.1913399943048837,182.10322675770834,0.0,0.0,1.0,0.0,5
2009-05-20,119603.8227793029,0.004947598287739163,0.004947598287739151,1.1972342660208217,588.8383332605408,0.0,0.0,1.0,0.0,5
2009-05-21,118828.415961096,-0.006483127379947495,-0.0064831273799477685,1.1894724437705706,-775.4068182069192,0.0,0.0,1.0,0.0,5
2009-05-22,118328.85795667119,-0.004204028139097371,-0.004204028139097165,1.1844718681462785,-499.5580044247902,0.0,0.0,1.0,0.0,5
2009-05-26,121755.43196689803,0.02895805866293033,0.02895805866293038,1.218771873988649,3426.5740102268405,0.0,0.0,1.0,0.0,5
2009-05-27,119790.39788959252,-0.016139190223888655,-0.016139190223888714,1.1991018828748208,-1965.0340773055082,0.0,0.0,1.0,0.0,5
2009-05-28,120512.97539403058,0.006032015229668453,0.0060320152296682505,1.2063348836942456,722.5775044380416,0.0,0.0,1.0,0.0,5
2009-05-29,123434.93907851508,0.024246050476563363,0.02424605047656337,1.2355837401759355,2921.963684484505,0.0,0.0,1.0,0.0,5
2009-06-01,127140.58144644824,0.030021016703998704,0.030021016703998725,1.2726772202789465,3705.642367933166,0.0,0.0,1.0,0.0,5
2009-06-02,127164.03851809488,0.00018449712420509634,0.00018449712420517654,1.2729120255661293,23.457071646643726,0.0,0.0,1.0,0.0,5
2009-06-03,123595.04759989456,-0.028066039422713573,-0.028066039422713587,1.2371864264749441,-3568.99091820032,0.0,0.0,1.0,0.0,5
2009-06-04,124676.31542253285,0.00874847207582774,0.008748472075827785,1.2480099173795534,1081.2678226382834,0.0,0.0,1.0,0.0,5
2009-06-05,123662.73261725635,-0.008129714146920541,-0.008129714146920545,1.2378639534987357,-1013.5828052764933,0.0,0.0,1.0,0.0,5
2009-06-08,123616.22297484888,-0.00037610071703186865,-0.00037610071703189727,1.237398391978237,-46.509642407473905,0.0,0.0,1.0,0.0,5
2009-06-09,124370.18931008896,0.006099250705900339,0.006099250705900399,1.2449455949939903,753.9663352400881,0.0,0.0,1.0,0.0,5
2009-06-10,124390.78993624912,0.0001656395819160661,0.00016563958191607235,1.2451518072618533,20.600626160145907,0.0,0.0,1.0,0.0,5
2009-06-11,125493.06868709605,0.008861417725635867,0.008861417725635945,1.256185617557831,1102.2787508469353,0.0,0.0,1.0,0.0,5
2009-06-12,125847.05831698599,0.0028207902921919548,0.0028207902921919153,1.2597290537530292,353.9896298899338,0.0,0.0,1.0,0.0,5
2009-06-15,121668.41457001545,-0.03320414321044596,-0.03320414321044585,1.2179008298458542,-4178.643746970532,0.0,0.0,1.0,0.0,5
2009-06-16,120539.78281710926,-0.009276292100089067,-0.00927629210008905,1.2066032259992632,-1128.6317529061937,0.0,0.0,1.0,0.0,5
2009-06-17,120412.88561453077,-0.0010527412578055229,-0.0010527412578055025,1.2053329850014525,-126.89720257848569,0.0,0.0,1.0,0.0,5
2009-06-18,120041.65912972913,-0.0030829465044963644,-0.003082946504496354,1.2016170078885882,-371.22648480163696,0.0,0.0,1.0,0.0,5
2009-06-19,122209.2315830245,0.0180568351771353,0.01805683517713527,1.223314408146075,2167.572453295374,0.0,0.0,1.0,0.0,5
2009-06-22,117760.65518586934,-0.03640131223747167,-0.03640131223747181,1.1787841584105516,-4448.576397155177,0.0,0.0,1.0,0.0,5
2009-06-23,118928.68652974934,0.009918689243333612,0.009918689243333625,1.1904761521627905,1168.0313438800024,0.0,0.0,1.0,0.0,5
2009-06-24,119807.94500092597,0.007393157166977415,0.007393157166977578,1.1992775294592688,879.258471176646,0.0,0.0,1.0,0.0,5
2009-06-25,121392.16426872285,0.013222990076197538,0.013222990076197637,1.2151355643299153,1584.2192677968765,0.0,0.0,1.0,0.0,5
2009-06-26,121397.99551737373,4.8036450177812995e-05,4.803645017771307e-05,1.2151939351289105,5.831248650859266,0.0,0.0,1.0,0.0,5
2009-06-29,122140.65999416879,0.006117600818942526,0.006117600818942582,1.222628006541629,742.6644767950734,0.0,0.0,1.0,0.0,5
2009-06-30,121524.38703413162,-0.0050456003763741375,-0.005045600376374305,1.2164591142116568,-616.272960037184,0.0,0.0,1.0,0.0,5
2009-07-01,123072.44875899794,0.01273869190084076,0.012738691900840812,1.2319552120775688,1548.0617248663366,0.0,0.0,1.0,0.0,5
2009-07-02,119330.17546207359,-0.030407075951275786,-0.030407075951275862,1.194495056375356,-3742.273296924357,0.0,0.0,1.0,0.0,5
2009-07-06,119905.24778818859,0.0048191693667438695,0.005824994361105079,1.2014529833431102,695.0975991762583,120.02527306124985,1.005824994361105,0.0,1.0,0
2009-07-07,119905.24778818859,0.0,0.0,1.2014529833431102,0.0,0.0,0.0,0.0,1.0,0
2009-07-08,119905.24778818859,0.0,0.0,1.2014529833431102,0.0,0.0,0.0,0.0,1.0,0
2009-07-09,119905.24778818859,0.0,0.0,1.2014529833431102,0.0,0.0,0.0,0.0,1.0,0
2009-07-10,119905.24778818859,0.0,0.0,1.2014529833431102,0.0,0.0,0.0,0.0,1.0,0
2009-07-13,119905.24778818859,0.0,0.0,1.2014529833431102,0.0,0.0,0.0,0.0,1.0,0
2009-07-14,119905.24778818859,0.0,0.0,1.2014529833431102,0.0,0.0,0.0,0.0,1.0,0
2009-07-15,119905.24778818859,0.0,0.0,1.2014529833431102,0.0,0.0,0.0,0.0,1.0,0
2009-07-16,119905.24778818859,0.0,0.0,1.2014529833431102,0.0,0.0,0.0,0.0,1.0,0
2009-07-17,119881.26673863095,-0.00019999999999997797,0.0,1.2014529833431102,0.0,23.981049557637718,0.2,0.20004000800160032,0.7999599919983997,1
2009-07-20,120394.95885386903,0.004285007401181762,0.004285007401181727,1.2066012182689074,513.6921152380744,0.0,0.0,0.20345321686273102,0.796546783137269,1
2009-07-21,120683.33298028109,0.002395234228719456,0.0023952342287194804,1.2094913108073198,288.37412641206055,0.0,0.0,0.2053565739963219,0.794643426003678,1
2009-07-22,120755.43642130736,0.0005974598086220251,0.0005974598086221285,1.2102139332544046,72.10344102627936,0.0,0.0,0.2058310580204107,0.7941689419795893,1
2009-07-23,121602.56328789573,0.007015227568163418,0.007015227568163403,1.2187038594023465,847.1268665883584,0.0,0.0,0.21136352237947348,0.7886364776205265,1
2009-07-24,121809.83869431341,0.0017045315560244578,0.0017045315560245084,1.2207811785881466,207.27540641768564,0.0,0.0,0.21270549071443554,0.7872945092855644,1
2009-07-27,121863.90946235463,0.0004438949153926508,0.0004438949153927384,1.221323077146129,54.070768041215366,0.0,0.0,0.2130548116822226,0.7869451883177774,1
2009-07-28,121647.62391283395,-0.0017748121693690333,-0.0017748121693690697,1.2191554580860788,-216.2855495206775,0.0,0.0,0.21165564853358665,0.7883443514664134,1
2009-07-29,121106.90880035434,-0.004444929502832373,-0.004444929502832285,1.2137363980218931,-540.7151124796018,0.0,0.0,0.20813586829232453,0.7918641317076754,1
2009-07-30,121872.91960545762,0.006325079326118699,0.006325079326118759,1.2214133770203792,766.0108051032712,0.0,0.0,0.2131129910446594,0.7868870089553406,1
2009-07-31,122143.28583244278,0.0022184274230929724,0.0022184274230930114,1.2241229939508937,270.3662269851571,0.0,0.0,0.2148547787346249,0.785145221265375,1
2009-08-03,123071.52380580458,0.0075995824660815,0.007599582466081505,1.23342581759205,928.2379733618136,0.0,0.0,0.22077655159031873,0.7792234484096814,1
2009-08-04,122972.40479960424,-0.0008053772565354,-0.0008053772565354693,1.2324324444909378,-99.1190062003586,0.0,0.0,0.22014847691014758,0.7798515230898524,1
2009-08-05,123188.68291705745,0.001758753256924983,0.0017587532569252108,1.2345999890666266,216.27811745322936,0.0,0.0,0.22151763530451463,0.7784823646954855,1
2009-08-06,122963.38474707797,-0.0018288869126977803,-0.0018288869126978,1.2323420453042058,-225.2981699794854,0.0,0.0,0.22009127043591611,0.7799087295640839,1
2009-08-07,123125.59952855743,0.0013192120712448574,0.0013192120712447852,1.2339677658062738,162.21478147946215,0.0,0.0,0.2211187799434805,0.7788812200565195,1
2009-08-10,122765.11452905164,-0.0029277826941437324,-0.002927782694143818,1.2303549763364148,-360.48499950579264,0.0,0.0,0.21883168888097265,0.7811683111190273,1
2009-08-11,122702.03857261906,-0.0005137938141023257,-0.0005137938141022021,1.2297228275604233,-63.07595643257511,0.0,0.0,0.2184301231129395,0.7815698768870606,1
2009-08-12,122945.3669382278,0.001983083316621004,0.0019830833166209244,1.2321614703838264,243.32836560873798,0.0,0.0,0.21997697376285053,0.7800230262371495,1
2009-08-13,123441.02142576918,0.004031501958023487,0.004031501958023461,1.23712893176428,495.6544875413783,0.0,0.0,0.22310901130494543,0.7768909886950546,1
2009-08-14,122747.08928813403,-0.005621568337819127,-0.005621568337819131,1.2301743269316738,-693.932137635157,0.0,0.0,0.21871697539092752,0.7812830246090725,1
2009-08-17,121728.72758753995,-0.00829642239583861,-0.008296422395838573,1.2199682810949322,-1018.3617005940721,0.0,0.0,0.21218089532704937,0.7878191046729507,1
2009-08-18,122116.25292577798,0.0031835158874831126,0.003183515887482997,1.223852069500023,387.5253382380232,0.0,0.0,0.2146809709328274,0.7853190290671725,1
2009-08-19,122458.71763907779,0.0028044155064923526,0.002804415506492476,1.227284259221382,342.464713299809,0.0,0.0,0.21687717273310292,0.7831228272668971,1
2009-08-20,122512.78097505154,0.00044148213386563384,0.0004414821338657808,1.227826083295003,54.063335973767195,0.0,0.0,0.21722275490161055,0.7827772450983895,1
2009-08-21,123215.71334636644,0.005737624807145902,0.005737624807145835,1.234870888689377,702.93237131488,0.0,0.0,0.22168841476076814,0.7783115852392318,1
2009-08-24,122999.43275155738,-0.0017553004315372656,-0.0017553004315372363,1.2327033192855679,-216.2805948090454,0.0,0.0,0.22031984184269363,0.7796801581573064,1
2009-08-25,122864.24592203108,-0.0010990849835816885,-0.0010990849835817275,1.2313484735781297,-135.18682952630724,0.0,0.0,0.21946196420844075,0.7805380357915592,1
2009-08-26,122765.11452905164,-0.0008068367834394019,-0.0008068367834393991,1.230354976336415,-99.13139297943887,0.0,0.0,0.21883168888097265,0.7811683111190273,1
2009-08-27,122954.36717190754,0.0015415832387066786,0.0015415832387066682,1.2322516709455946,189.25264285589049,0.0,0.0,0.2200340712834444,0.7799659287165556,1
2009-08-28,123125.59952855743,0.0013926496519678366,0.0013926496519679956,1.233967765806274,171.23235664990216,0.0,0.0,0.2211187799434805,0.7788812200565195,1
2009-08-31,122765.11452905164,-0.0029277826941437324,-0.002927782694143818,1.230354976336415,-360.48499950579264,0.0,0.0,0.21883168888097265,0.7811683111190273,1
2009-09-01,121972.05347579287,-0.0064599870761420375,-0.0064599870761419985,1.2224068990902146,-793.0610532587659,0.0,0.0,0.21375254045365383,0.7862474595463462,1
2009-09-02,122215.37936404579,0.0019949314725704603,0.001994931472570512,1.2248455170854968,243.32588825291268,0.0,0.0,0.21531792741621306,0.784682072583787,1
2009-09-03,122593.8896044692,0.0030970753631254233,0.0030970753631253825,1.228638955960097,378.5102404234085,0.0,0.0,0.21774064359650466,0.7822593564034954,1
2009-09-04,122963.38474707797,0.0030139768287056334,0.003013976828705704,1.2323420453042058,369.49514260877527,0.0,0.0,0.22009127043591611,0.7799087295640839,1
2009-09-08,123332.8699802635,0.003004839480838184,0.0030048394808381844,1.2360450353358328,369.4852331855157,0.0,0.0,0.22242775023122546,0.7775722497687745,1
2009-09-09,123459.04914404261,0.0010230781445312864,0.0010230781445312901,1.2373096059971413,126.17916377912682,0.0,0.0,0.22322245436133104,0.776777545638669,1
2009-09-10,123612.2562597749,0.0012409549303553646,0.0012409549303553761,1.2388450514530795,153.20711573228635,0.0,0.0,0.22418520555553956,0.7758147944444604,1
2009-09-11,123648.29930954268,0.00029158152159314277,0.0002915815215931171,1.2392062757782003,36.04304976778349,0.0,0.0,0.22441135287339908,0.7755886471266009,1
2009-09-14,123999.76425652222,0.002842456782196967,0.002842456782196982,1.242728666061327,351.464946979532,0.0,0.0,0.2266096814297047,0.7733903185702953,1
2009-09-15,124621.59047577527,0.005014737108424372,0.005014737108424379,1.2489606236187274,621.8262192530569,0.0,0.0,0.23046867870270907,0.769531321297291,1
2009-09-16,125018.13091182793,0.0031819561485193493,0.0031819561485193727,1.2529347615543096,396.54043605265645,0.0,0.0,0.23290952694990144,0.7670904730500985,1
2009-09-17,124882.94408230162,-0.0010813377910893207,-0.0010813377910892862,1.2515799158468714,-135.18682952630724,0.0,0.0,0.23207914510894218,0.7679208548910579,1
2009-09-18,124867.56218003973,-0.0001231705608393252,-0.0001231705608393413,1.2514257580467014,-15.381902261885191,0.0,0.0,0.23198454821501255,0.7680154517849875,1
2009-09-21,124553.06103130829,-0.002518677735359187,-0.002319141563671867,1.2485235245573658,-289.5855534061114,24.915595325326727,0.19953617168726562,0.4302853284151372,0.5697146715848628,2
2009-09-22,125191.45200995676,0.00512545395000763,0.0051254539500076,1.2549227743879858,638.3909786484567,0.0,0.0,0.43319048448533376,0.5668095155146662,2
2009-09-23,124457.77434743823,-0.005860445347819598,-0.005860445347819526,1.247568368052951,-733.6776625185225,0.0,0.0,0.4298491465687875,0.5701508534312125,2
2009-09-24,123858.09050445017,-0.004818371902698293,-0.004818371902698253,1.2415571196816295,-599.6838429880557,0.0,0.0,0.42708864660083207,0.5729113533991679,2
2009-09-25,123388.66398496175,-0.003790035173128703,-0.0037900351731287173,1.2368515745285877,-469.42651948842615,0.0,0.0,0.42490903160285826,0.5750909683971417,2
2009-09-28,124111.48436673953,0.005858077706926812,0.005858077706926837,1.244097147164111,722.8203817777908,0.0,0.0,0.42825833868313984,0.5717416613168601,2
2009-09-29,123619.03113160594,-0.00396782971089471,-0.0039678297108946825,1.2391607815403538,-492.45323513359006,0.0,0.0,0.42598072796091707,0.574019272039083,2
2009-09-30,123552.70739693401,-0.0005365171856209772,-0.0005365171856210732,1.2384959504853097,-66.32373467193305,0.0,0.0,0.4256725914360493,0.5743274085639507,2
2009-10-01,121839.17323954498,-0.013868851549193595,-0.013868851549193586,1.2213194340037514,-1713.53415738903,0.0,0.0,0.4175953072101938,0.5824046927898062,2
2009-10-02,121408.91804231955,-0.003531337137190782,-0.0035313371371908605,1.217006543330081,-430.25519722543606,0.0,0.0,0.41553135136574787,0.5844686486342521,2
2009-10-05,122010.5089422066,0.004955079985782707,0.005357182644553376,1.2235262696623166,650.4097486303176,48.818848743268305,0.40210265877051554,0.8189333127133004,0.1810666872866997,4
2009-10-06,124131.48502802203,0.017383552484155906,0.01738355248415609,1.2447955027867352,2120.976085815444,0.0,0.0,0.8220271137226592,0.1779728862773408,4
2009-10-07,124954.28874521349,0.006628485246959803,0.006628485246959833,1.253046611412439,822.8037171914593,0.0,0.0,0.8231990363021785,0.17680096369782153,4
2009-10-08,126734.49222590569,0.014246837772188048,0.01424683777218804,1.270898563206222,1780.2034806921984,0.0,0.0,0.8256825093128531,0.17431749068714683,4
2009-10-09,126954.6335030455,0.0017370273338641606,0.0017370273338642183,1.2731061487490798,220.14127713980048,0.0,0.0,0.8259847785090914,0.1740152214909087,4
2009-10-12,126523.68527728252,-0.0033945056897244363,-0.0032206643096136887,1.269005901213454,-408.8782570633449,22.06996869962997,0.17384138011079792,1.0,-2.875334210443613e-17,5
2009-10-13,126949.56684736883,0.003366022489409426,0.003593110903900057,1.2735655801542176,454.6136331714229,28.732063085128317,0.22708841449062023,0.7738997325091063,0.2261002674908937,4
2009-10-14,129769.35236208036,0.022211856131039376,0.022211856131039577,1.301853835594047,2819.785514711548,0.0,0.0,0.7788127127123543,0.22118728728764564,4
2009-10-15,129362.48013374514,-0.003135349147770916,-0.0031353491477709716,1.2977720692800947,-406.8722283352396,0.0,0.0,0.7781170321381639,0.22188296786183612,4
2009-10-16,127385.53547234225,-0.015282210571094246,-0.015094771687779337,1.2781824961915347,-1952.697102583773,24.24755881910432,0.18743888331481648,0.5845160748739816,0.41548392512601834,3
2009-10-19,129354.53933951195,0.015457044317227053,0.015863349022302024,1.2984587512428183,2020.7612095906002,51.75734242090586,0.4063047050749599,0.9913606238736744,0.008639376126325654,5
2009-10-20,128522.60997869264,-0.0064313889954474845,-0.006431388995447452,1.2901078579190328,-831.9293608193116,0.0,0.0,0.991304701023525,0.008695298976475082,5
2009-10-21,127920.16484037359,-0.004687464240096917,-0.004687464240096877,1.2840605234691693,-602.4451383190398,0.0,0.0,0.9912637501648299,0.008736249835169994,5
2009-10-22,128705.40398826668,0.006138509506088852,0.006138509506088891,1.2919427411988782,785.2391478930912,0.0,0.0,0.9913170505326762,0.008682949467323935,5
2009-10-23,127371.71573968828,-0.010362332949904629,-0.01036233294990457,1.278555200362363,-1333.688248578395,0.0,0.0,0.991226132799486,0.008773867200513909,5
2009-10-26,126441.11351994085,-0.007306192072102813,-0.007306192072102852,1.2692138304937297,-930.6022197474485,0.0,0.0,0.9911615574405283,0.008838442559471657,5
2009-10-27,125740.18668463913,-0.005543504132389354,-0.005543504132389321,1.262177938379502,-700.9268353016994,0.0,0.0,0.9911122883744045,0.00888771162559563,5
2009-10-28,122211.81315880787,-0.028060826207301215,-0.028060826207301277,1.2267601826079448,-3528.3735258312768,0.0,0.0,0.9908556915234581,0.009144308476541822,5
2009-10-29,125163.14069891741,0.024149282003323558,0.024149282003323783,1.256385560208193,2951.3275401095675,0.0,0.0,0.9910713129060105,0.00892868709398963,5
2009-10-30,121683.26455498757,-0.02780272310600418,-0.0278027231060041,1.2214546203633427,-3479.8761439298332,0.0,0.0,0.9908159719161987,0.009184028083801324,5
2009-11-02,123713.09705726852,0.016681279136488758,0.016681279136488283,1.241830045838177,2029.8325022808983,0.0,0.0,0.9909666595891273,0.009033340410872635,5
2009-11-03,123464.86970901664,-0.0020064759039778446,-0.002006475903977493,1.2393383437743675,-248.22734825183818,0.0,0.0,0.9909484979684062,0.009051502031593835,5
2009-11-04,124522.95022262915,0.008569891306783983,0.008569891306783836,1.2499593386728431,1058.0805136125007,0.0,0.0,0.9910254092357784,0.008974590764221588,5
2009-11-05,126556.58282471466,0.016331387896364902,0.016331387896364968,1.270372909487393,2033.632602085503,0.0,0.0,0.9911696215711713,0.008830378428828693,5
2009-11-06,126169.06763271685,-0.003061991587861801,-0.0030619915878617914,1.2664830383250951,-387.51519199781035,0.0,0.0,0.9911424999806224,0.008857500019377513,5
2009-11-09,129412.39268141444,0.025706182264412458,0.025706182264412316,1.2990394821430666,3243.325048697584,0.0,0.0,0.9913644860755122,0.00863551392448776,5
2009-11-10,128496.96911288987,-0.007073693249595836,-0.00687976528571243,1.290102395409049,-890.3268867105803,25.09668181398517,0.19392796388339578,0.7961887519061668,0.2038112480938332,4
2009-11-11,128771.79471068071,0.0021387710518634417,0.002138771051863496,1.2928616290662895,274.82559779084664,0.0,0.0,0.7966237271910864,0.2033762728089136,4
2009-11-12,126849.48522386304,-0.01492803211399385,-0.014928032113993921,1.2735617491486375,-1922.3094868176743,0.0,0.0,0.7935417112260689,0.20645828877393108,4
2009-11-13,128367.0562508325,0.011963556842909284,0.01196355684290912,1.2887980775275318,1517.571026969446,0.0,0.0,0.7959824863475984,0.20401751365240156,4
2009-11-16,130310.71817313705,0.015141438769979976,0.01534450767151434,1.308574049515186,1969.729279410612,26.06735710604862,0.20306890153430288,0.9992655770042569,0.0007344229957430942,5
2009-11-17,129464.30725560315,-0.006495328468755113,-0.006304692953638514,1.3003238919258935,-821.5690666497514,24.841850884133766,0.19063551511647486,0.8075708065846885,0.19242919341531153,4
2009-11-18,128264.20639597294,-0.009269743028561872,-0.009072767797644389,1.2885263551927206,-1174.5995978129752,25.50126181725617,0.1969752309175739,0.6071509410727643,0.3928490589272357,3
2009-11-19,126695.26359321066,-0.012232117180990376,-0.01223211718099036,1.272764949825209,-1568.9428027622744,0.0,0.0,0.6022860575238828,0.39771394247611724,3
2009-11-20,126517.45996158419,-0.0014033960432598969,-0.0014033960432598945,1.2709787565306243,-177.8036316264812,0.0,0.0,0.6017271229440848,0.3982728770559152,3
2009-11-23,128128.25480384962,0.012731798779034298,0.01312967378108835,1.2876662929865648,1661.1329769075069,50.33813464206463,0.3978750020538614,1.0,-2.839325964956802e-17,5
2009-11-24,126660.3115020277,-0.011456827411480575,-0.01145682741148071,1.2729137225042366,-1467.9433018219293,0.0,0.0,1.0,-2.872232638582665e-17,5
2009-11-25,127960.81593362118,0.010267655401847486,0.010267655401847589,1.285983561963193,1300.504431593493,0.0,0.0,1.0,-2.843041270523697e-17,5
2009-11-27,124170.13672992493,-0.02962374986466676,-0.029623749864666628,1.2478879065935222,-3790.679203696242,0.0,0.0,1.0,-2.929833938255592e-17,5
2009-11-30,126112.45401689083,0.01564238663270956,0.015642386632709383,1.2674078517027403,1942.3172869658738,0.0,0.0,1.0,-2.88471018619974e-17,5
2009-12-01,129974.53233296142,0.03062408345137202,0.03062408345137214,1.3062210555202094,3862.0783160705964,0.0,0.0,1.0,-2.79899357342725e-17,5
2009-12-02,129962.49930197395,-9.257991370681395e-05,-9.257991370683544e-05,1.3061001256876072,-12.03303098747186,0.0,0.0,1.0,-2.7992527280032516e-17,5
2009-12-03,130111.17245367242,0.00114396962583041,0.0011439696258306329,1.3075942645596874,148.67315169849303,0.0,0.0,1.0,-2.7960541270097745e-17,5
2009-12-04,131104.02026629553,0.007630765244057924,0.007630765244057883,1.317572209427019,992.8478126231049,0.0,0.0,1.0,-2.774879671654868e-17,5
2009-12-07,129645.97941741097,-0.011121252009839377,-0.011121252009839462,1.3029191568448202,-1458.0408488845728,0.0,0.0,1.0,-2.8060868709077345e-17,5
2009-12-08,128189.28102970912,-0.011235970403770335,-0.011235970403770348,1.2882795957600064,-1456.6983877018495,0.0,0.0,1.0,-2.837974265764527e-17,5
2009-12-09,128402.65044056918,0.001664487148583138,0.0016644871485830847,1.2904239205909307,213.36941086005623,0.0,0.0,1.0,-2.833258343662884e-17,5
2009-12-10,128046.20128756345,-0.0027760264432447057,-0.0027760264432445565,1.286841669664375,-356.44915300570733,0.0,0.0,1.0,-2.841145438529345e-17,5
2009-12-11,128509.89247559619,0.0036212803142154915,0.003621280314215322,1.2915016840702425,463.6911880327061,0.0,0.0,1.0,-2.830893977895561e-17,5
2009-12-14,128934.3026720892,0.0033025488413165327,0.003302548841316732,1.2957669314605273,424.410196493018,0.0,0.0,1.0,-2.821575586710981e-17,5
2009-12-15,127691.1291591296,-0.009641914426149922,-0.00964191442614985,1.2832732575911503,-1243.173512959588,0.0,0.0,1.0,-2.849045842924639e-17,5
2009-12-16,128215.21953347321,0.0041043600898107435,0.004104360089810736,1.2885402731339288,524.0903743435995,0.0,0.0,1.0,-2.8374001310678595e-17,5
2009-12-17,125389.24110967931,-0.02204089681456356,-0.022040896814563404,1.2601396899323745,-2825.978423793877,0.0,0.0,1.0,-2.901348452942254e-17,5
2009-12-18,125029.04533154645,-0.0028726210873051272,-0.0028726210873052894,1.2565197860861244,-360.1957781328721,0.0,0.0,1.0,-2.9097069384515276e-17,5
2009-12-21,124964.78766325378,-0.0005139419254324151,-0.0005139419254324809,1.2558740078879191,-64.25766829267992,0.0,0.0,1.0,-2.91120312779235e-17,5
2009-12-22,125536.18695331765,0.0045724823828263705,0.004572482382826458,1.2616164696640362,571.3992900638771,0.0,0.0,1.0,-2.89795229199095e-17,5
2009-12-23,126453.23473411035,0.0073050472779909725,0.0073050472779908554,1.2708326376216237,917.0477807926842,0.0,0.0,1.0,-2.876936137490819e-17,5
2009-12-24,127810.0358223194,0.010729666908576574,0.010729666908576673,1.2844682485198515,1356.801088209062,0.0,0.0,1.0,-2.846395264413512e-17,5
2009-12-28,127429.0880003601,-0.0029805783208518566,-0.0029805783208517013,1.2806397903044908,-380.94782195928457,0.0,0.0,1.0,-2.854904530966613e-17,5
2009-12-29,127393.2296977772,-0.0002813980947803385,-0.00028139809478047376,1.280279420707399,-35.85830258291466,0.0,0.0,1.0,-2.855708121791334e-17,5
2009-12-30,126862.77206809746,-0.004163938938813172,-0.004163938938813141,1.2749484153749544,-530.4576296797411,0.0,0.0,1.0,-2.867648836444246e-17,5
2009-12-31,126760.45183419953,-0.0008065426305127188,-0.0004025448246104413,1.2744351914887,-51.06795233174668,51.25228156618054,0.4039978059021863,0.5960804135379352,0.4039195864620648,3
2010-01-04,128780.08807850654,0.015932699947682982,0.015932699947682833,1.294740384997457,2019.636244307003,0.0,0.0,0.602415015794978,0.3975849842050219,3
2010-01-05,129275.62673516881,0.003847944694370664,0.0038479446943707517,1.2997224743924953,495.53865666228734,0.0,0.0,0.603939036478209,0.39606096352179093,3
2010-01-06,129541.37537520418,0.002055674737356128,0.002055674737356096,1.302394281048678,265.7486400353628,0.0,0.0,0.6047515387549693,0.39524846124503066,3
2010-01-07,128865.98573088237,-0.005213698267179989,-0.004818844659542626,1.2961182453228277,-624.2397649166094,51.14987940520915,0.3948536076373933,1.0,-2.8230714152057905e-17,5
2010-01-08,129885.31941731644,0.00791002901698823,0.008095705654319484,1.3066112371301541,1043.2610893309584,23.927402896867694,0.18567663733109954,0.815964763368138,0.18403523663186208,4
2010-01-11,130169.32009944011,0.00218654951458519,0.002186549514585124,1.3094682072964527,284.00068212366705,0.0,0.0,0.8163662875729069,0.18363371242709314,4
2010-01-12,129351.39918851745,-0.006283515273013851,-0.006283515273013965,1.3012401438163792,-817.9209109226756,0.0,0.0,0.8152051261607633,0.18479487383923668,4
2010-01-13,129108.01004206657,-0.0018816120117584045,-0.0018816120117583603,1.2987917147315922,-243.38914645086504,0.0,0.0,0.8148567584134982,0.18514324158650172,4
2010-01-14,129618.51422464798,0.003954086058758577,0.003954086058758568,1.3039272489440434,510.50418258139666,0.0,0.0,0.8155859474477344,0.18441405255226562,4
2010-01-15,128699.76617197428,-0.007088092763363862,-0.0070880927633638225,1.2946848916468503,-918.748052673698,0.0,0.0,0.8142694722379685,0.18573052776203144,4
2010-01-19,129751.75761421148,0.008173996531054328,0.008173996531054257,1.3052676414599802,1051.9914422372117,0.0,0.0,0.8157753240997121,0.18422467590028788,4
2010-01-20,126904.41290878408,-0.021944555956562528,-0.0219445559565625,1.2766241226636712,-2847.3447054273984,0.0,0.0,0.8116418889928432,0.18835811100715685,4
2010-01-21,125870.16250493807,-0.00814983797757618,-0.008149837977576202,1.266219842905697,-1034.2504038460202,0.0,0.0,0.810094187389064,0.18990581261093592,4
2010-01-22,124398.41199389496,-0.011692608333491061,-0.011692608333490931,1.2514144302185062,-1471.7505110430966,0.0,0.0,0.8078474225607967,0.19215257743920333,4
2010-01-25,125487.37800337144,0.008753857802701992,0.008753857802701836,1.262369134192888,1088.966009476475,0.0,0.0,0.8095149020220296,0.19048509797797045,4
2010-01-26,124030.5184716355,-0.01160961010514383,-0.01160961010514383,1.2477135207361405,-1456.8595317359448,0.0,0.0,0.8072774685736939,0.1927225314263062,4
2010-01-27,123315.72260994252,-0.005763064369165294,-0.005763064369165357,1.2405228674018602,-714.7958616929882,0.0,0.0,0.8061603582409405,0.19383964175905957,4
2010-01-28,122931.56704885408,-0.003115219640755451,-0.003115219640755305,1.236658366200524,-384.15556108842594,0.0,0.0,0.8055546181684045,0.19444538183159557,4
2010-01-29,121741.60514242967,-0.009679872590833472,-0.009499269067122331,1.2249110156358773,-1167.7600322400544,22.201874184360836,0.18060352371118493,0.6214675521138969,0.3785324478861031,3
2010-02-01,122986.64207932042,0.010226881232871188,0.010226881232871295,1.2374380351136212,1245.0369368907416,0.0,0.0,0.6252995689204531,0.3747004310795469,3
2010-02-02,124176.77177232715,0.009676902083717076,0.009676902083717059,1.249412601814083,1190.12969300674,0.0,0.0,0.6288907567299398,0.37110924327006023,3
2010-02-03,123637.01057238608,-0.0043467163160813005,-0.004346716316081301,1.2439817596722602,-539.7611999410784,0.0,0.0,0.6272706077993783,0.3727293922006217,3
2010-02-04,121541.7804542038,-0.016946625516762848,-0.016946625516762764,1.222900466641411,-2095.2301181822654,0.0,0.0,0.6208452136217377,0.37915478637826233,3
2010-02-05,121169.34494888585,-0.0030642590879133014,-0.003064259087913436,1.2191531827728914,-372.4355053179736,0.0,0.0,0.6196798140355794,0.3803201859644207,3
2010-02-08,120556.42117381391,-0.0050584062770206994,-0.005058406277020703,1.2129862106605032,-612.923775071931,0.0,0.0,0.6177462191109151,0.3822537808890849,3
2010-02-09,121638.45225329585,0.008975308564625584,0.00897530856462561,1.223873136185817,1082.0310794819443,0.0,0.0,0.6211465457634623,0.37885345423653777,3
2010-02-10,121738.35960786219,0.0008213468086415432,0.0008213468086415379,1.2248783604804054,99.90735456634063,0.0,0.0,0.6214574604702401,0.3785425395297599,3
2010-02-11,122625.3473301616,0.007286016709577181,0.007286016709577258,1.2338028446820652,886.9877222994091,0.0,0.0,0.6241955777701399,0.3758044222298601,3
2010-02-12,121802.89827332196,-0.0067070069504084895,-0.006331577957171791,1.2259909257871804,-776.411946146186,46.03711069345385,0.3754289932366235,1.0,0.0,5
2010-02-16,123692.9959815207,0.01551767433281781,0.015517674332817716,1.2450154537085356,1890.0977081987355,0.0,0.0,1.0,0.0,5
2010-02-17,123399.91668333793,-0.0023694090021600944,-0.002369409002160171,1.24206550288469,-293.079298182777,0.0,0.0,1.0,0.0,5
2010-02-18,123651.1019461293,0.0020355383499646162,0.0020355383499647416,1.2445937748489801,251.18526279138825,0.0,0.0,1.0,0.0,5
2010-02-19,122647.0691844632,-0.008119885272866667,-0.008119885272866759,1.2344878161858823,-1004.0327616661215,0.0,0.0,1.0,0.0,5
2010-02-22,123170.37409363175,0.004266754294645958,0.004266754294646061,1.2397550723772814,523.3049091685609,0.0,0.0,1.0,0.0,5
2010-02-23,122407.83507429021,-0.00619092882483141,-0.005759710026787207,1.2326144426561496,-709.425638670222,53.11338067130036,0.4312187980441189,0.5665288316027615,0.43347116839723854,3
2010-02-24,122934.41458338132,0.0043018448024305656,0.004301844802430397,1.2379169586896905,526.5795090910926,0.0,0.0,0.5683855698955603,0.43161443010443973,3
2010-02-25,123102.8484990894,0.001370111992470946,0.001370111992470943,1.2396130435604744,168.43391570808552,0.0,0.0,0.568976120881382,0.43102387911861795,3
2010-02-26,124048.10666014423,0.007678605106053338,0.007678605106053425,1.2491315426062881,945.2581610548292,0.0,0.0,0.5722605631055799,0.42773943689442007,3
2010-03-01,124640.30578463788,0.004773947305105608,0.005175977489062185,1.2555970193516959,642.0702076336914,49.87108314003646,0.40203018395652534,0.9748130185681919,0.025186981431808118,5
2010-03-02,125934.23720641546,0.010381324192298758,0.010381324192298787,1.2686317790644699,1293.9314217775798,0.0,0.0,0.9750718062292545,0.024928193770745562,5
2010-03-03,126660.66364067646,0.005768299791821807,0.005768299791821803,1.275949627491546,726.4264342610038,0.0,0.0,0.9752147748383944,0.02478522516160562,5
2010-03-04,126707.07946444268,0.00036645808123902945,0.0003664580812389281,1.2764172095437942,46.41582376621156,0.0,0.0,0.9752238542572238,0.024776145742776222,5
2010-03-05,128024.08634432885,0.010394106512854773,0.010394106512854806,1.2896844259746334,1317.006879886175,0.0,0.0,0.9754787309396672,0.024521269060332754,5
2010-03-08,127801.19926349858,-0.0017409777112629143,-0.001740977711262836,1.2874391141344488,-222.88708083026535,0.0,0.0,0.9754359655031095,0.024564034496890534,5
2010-03-09,127579.4149809965,-0.0017353849868404492,-0.0017353849868405131,1.2852049116243085,-221.78428250208827,0.0,0.0,0.9753932633417376,0.024606736658262417,5
2010-03-10,127182.59663079472,-0.003110363456838905,-0.003110363456838814,1.2812074572326426,-396.81835020176584,0.0,0.0,0.9753164886500483,0.024683511349951778,5
2010-03-11,127704.25833082446,0.004101675180796072,0.004101675180796113,1.2864625540614245,521.6617000297341,0.0,0.0,0.9754173188233081,0.024582681176691913,5
2010-03-12,127897.3441051902,0.001511976005259985,0.0015119760052599322,1.2884076545748309,193.0857743657224,0.0,0.0,0.9754544311344683,0.02454556886553177,5
2010-03-15,127532.83760279544,-0.0028499927417959814,-0.0028499927417957685,1.2847357021108186,-364.5065023947479,0.0,0.0,0.9753842765011624,0.024615723498837512,5
2010-03-16,129089.64317169676,0.012207095820686131,0.012207095820686088,1.3004185939307418,1556.8055689013217,0.0,0.0,0.9756811391656177,0.024318860834382276,5
2010-03-17,129915.78370934508,0.006399742979763978,0.006399742979764198,1.308740938698005,826.1405376483317,0.0,0.0,0.9758357839377237,0.024164216062276225,5
2010-03-18,129351.67313777015,-0.004342124994119234,-0.0043421249941192714,1.3030582219572573,-564.1105715749405,0.0,0.0,0.9757304023110012,0.02426959768899884,5
2010-03-19,127912.36760242008,-0.01112707319848183,-0.011127073198481885,1.2885589977396552,-1439.3055353500715,0.0,0.0,0.975457314047925,0.02454268595207493,5
2010-03-22,128639.94509956775,0.005688093425095131,0.0056880934250950355,1.2958884417025454,727.5774971476649,0.0,0.0,0.975596125565642,0.024403874434358017,5
2010-03-23,129492.28602591297,0.006625787391976168,0.006625787391976161,1.3044747230009857,852.3409263452215,0.0,0.0,0.9757567561451163,0.024243243854883724,5
2010-03-24,127966.21473158403,-0.011785036322731646,-0.011785036322731689,1.2891014410083337,-1526.0712943289454,0.0,0.0,0.9754676414080276,0.024532358591972395,5
2010-03-25,126379.1633460775,-0.012402112454724445,-0.01240211245472448,1.273113859971401,-1587.0513855065255,0.0,0.0,0.9751595675716269,0.024840432428373062,5
2010-03-26,127769.9080058736,0.011004540803832175,0.011004540803832391,1.2871238933913807,1390.7446597961089,0.0,0.0,0.9754299496927848,0.024570050307215104,5
2010-03-29,129402.48159300843,0.012777449812829023,0.012777449812828938,1.303570054342082,1632.5735871348202,0.0,0.0,0.9757399315004931,0.02426006849950686,5
2010-03-30,129780.35327797076,0.0029201270355139197,0.002920127035513875,1.3073766445004527,377.8716849623305,0.0,0.0,0.9758105677156803,0.024189432284319686,5
2010-03-31,129871.42981226581,0.0007017744365356293,0.0007017744365357419,1.308294128008487,91.07653429505746,0.0,0.0,0.9758275313362564,0.02417246866374351,5
2010-04-01,132068.04746322456,0.016913786612914317,0.016913786612914445,1.3304223357165517,2196.6176509587594,0.0,0.0,0.9762295791620096,0.023770420837990566,5
2010-04-05,133007.88470323055,0.0071163105539793214,0.007116310553979195,1.339890034225461,939.8372400059702,0.0,0.0,0.9763975415859214,0.023602458414078598,5
2010-04-06,132940.9994437503,-0.0005028668761215549,-0.0005028668761214517,1.3392162479096037,-66.88525948023576,0.0,0.0,0.9763856667199132,0.023614333280086847,5
2010-04-07,132933.80562404968,-5.4112875115475134e-05,0.00013846314660892405,1.3394016800052788,18.40742909631689,25.601248796940506,0.19257602172438043,0.7839905321238981,0.2160094678761018,4
2010-04-08,132988.54412200645,0.0004117725938845851,0.00041177259388453527,1.339953208909308,54.73849795675756,0.0,0.0,0.7840794422920186,0.21592055770798138,4
2010-04-09,133596.8687762064,0.004574263581995863,0.004574263581995875,1.3460825080744003,608.3246541999457,0.0,0.0,0.7850626225102796,0.21493737748972047,4
2010-04-12,133202.8163712767,-0.0029495631786832233,-0.0029495631786832298,1.3421121526731146,-394.0524049296736,0.0,0.0,0.7844267756654724,0.2155732243345276,4
2010-04-13,133107.15112315878,-0.0007181923830446024,-0.0005182960422530891,1.3414165412561243,-69.0384925421977,26.626755575746902,0.19989634079154936,0.9845118893547201,0.015488110645279881,5
2010-04-14,133928.59077984202,0.006171266154762822,0.006171266154762804,1.3496947797566172,821.4396566832476,0.0,0.0,0.9846068843682347,0.015393115631765219,5
2010-04-15,133952.77976411363,0.00018061105646483,0.00018061105646486667,1.3499385495566942,24.18898427159807,0.0,0.0,0.984609664033073,0.015390335966926882,5
2010-04-16,131656.07773378797,-0.017145609328675926,-0.017145609328675707,1.326793030568276,-2296.702030325629,0.0,0.0,0.9843411840929818,0.015658815907018273,5
2010-04-19,131578.23032152897,-0.0005912937222419812,-0.0005912937222422339,1.3260085061785862,-77.84741225902438,0.0,0.0,0.9843319196554344,0.0156680803445656,5
2010-04-20,132071.9238839973,0.003752091521993739,0.0037520915219937966,1.3309838114527104,493.69356246835594,0.0,0.0,0.9843904879731727,0.015609512026827282,5
2010-04-21,132478.0301410349,0.0030748871152530555,0.003278201313324124,1.3353470443314277,432.9583543297637,26.852097292195364,0.2033141980711991,0.7819500829803704,0.21804991701962956,4
2010-04-22,132731.5852508542,0.0019139408213526554,0.0019139408213526769,1.3379028195502463,253.555109819317,0.0,0.0,0.7823666203896956,0.21763337961030446,4
2010-04-23,133566.2588964633,0.0062884327346171,0.006288432734616968,1.3463161314364422,834.6736456090744,0.0,0.0,0.7837266408609312,0.21627335913906875,4
2010-04-26,133854.81496696363,0.0021603964420686683,0.002160396442068846,1.3492247080166975,288.55607050036565,0.0,0.0,0.7841928698171514,0.21580713018284867,4
2010-04-27,132072.52213558488,-0.013315119309071144,-0.013117742857642554,1.3315259252397567,-1755.8730429939528,26.41978838479394,0.1973764514284715,0.9815206428518691,0.01847935714813098,5
2010-04-28,132665.1155012663,0.004486878542934614,0.004689736979861852,1.3377704316109982,619.3853910828755,26.792025401479624,0.20285843692736547,0.7798528379391696,0.22014716206083038,4
2010-04-29,134231.25531657442,0.011805212013652255,0.01180521201365226,1.353563095181761,1566.1398153081136,0.0,0.0,0.782421399448316,0.217578600551684,4
2010-04-30,133520.3865471455,-0.005295851310876842,-0.005101377085556435,1.346658059424146,-684.7642500374482,26.10451939149675,0.1944742253205573,0.5859488952673105,0.41405110473268936,3
2010-05-03,134260.25069450182,0.005541207350347799,0.005541207350348083,1.3541201709614323,739.8641473563599,0.0,0.0,0.5882305949213806,0.41176940507861937,3
2010-05-04,132535.63478728937,-0.012845320176979813,-0.01245033981489218,1.3372609146827625,-1671.5857447791614,53.03016243329108,0.3949803620876357,0.983392610130932,0.01660738986906809,5
2010-05-05,131409.5534101138,-0.008496442326494824,-0.00849644232649488,1.3258989544456847,-1126.0813771755925,0.0,0.0,0.9832502972475095,0.016749702752490558,5
2010-05-06,129366.07106751963,-0.015550485406617964,-0.015550485406617928,1.305280582103927,-2043.4823425941536,0.0,0.0,0.9829857168862449,0.01701428311375507,5
2010-05-07,129285.11900327391,-0.0006257596259801046,-0.0004032653252904968,1.3047542077053895,-52.16885073059683,28.783213515118785,0.22249430068952197,0.760564081166397,0.23943591883360305,4
2010-05-10,132782.07569692255,0.027048408359821252,0.02704840835982115,1.3400457323246,3496.9566936486262,0.0,0.0,0.766869879856999,0.23313012014300097,4
2010-05-11,132167.16610387407,-0.004630968372960398,-0.004431854743909091,1.334106844288742,-588.4708720835023,26.438720964967807,0.19911362905121818,0.9660252867145631,0.033974713285436824,5
2010-05-12,133660.1767887901,0.01129638115825693,0.011466545830218526,1.3494044415611872,1515.5008673801765,22.490182464130086,0.17016467196137341,0.7983091560742669,0.20169084392573328,4
2010-05-13,131901.56243405677,-0.013157354695948698,-0.01315735469594886,1.331649848695278,-1758.6143547333422,0.0,0.0,0.7956200566670979,0.20437994333290216,4
2010-05-14,129256.7823868425,-0.020051165417669048,-0.02005116541766897,1.304948717300675,-2644.780047214264,0.0,0.0,0.7914381484825053,0.20856185151749476,4
2010-05-17,129289.87094995828,0.0002559909236850011,0.00025599092368504294,1.3052827723281784,33.0885631157644,0.0,0.0,0.7914915247596782,0.20850847524032182,4
2010-05-18,126927.85073236226,-0.01826918226649199,-0.0180727968258572,1.2816926619835995,-2336.629569319893,25.390648276127678,0.19638544063482857,0.9878514059562752,0.01214859404372486,5
2010-05-19,126704.42233213075,-0.0017602787642140294,-0.0017602787642138744,1.279436525608461,-223.42840023148574,0.0,0.0,0.9878299833343785,0.012170016665621484,5
2010-05-20,121000.58080914263,-0.045016909575868014,-0.04501690957586795,1.2218402472270824,-5703.841522988114,0.0,0.0,0.9872563014071627,0.01274369859283736,5
2010-05-21,124263.82970120563,0.026968869655346506,0.026968869655346457,1.2547918975942058,3263.2488920629835,0.0,0.0,0.9875909592107557,0.01240904078924435,5
2010-05-24,121469.74326980211,-0.022485114438545284,-0.022485114438545464,1.2265777581802404,-2794.0864314035334,0.0,0.0,0.9873055224298534,0.012694477570146644,5
2010-05-25,122770.13690351856,0.010705494213716138,0.01070549421371618,1.239708879273112,1300.3936337164564,0.0,0.0,0.9874399836126128,0.01256001638738729,5
2010-05-26,121997.37821664802,-0.006294353874328862,-0.0062943538743287465,1.2319057128858195,-772.7586868705326,0.0,0.0,0.9873604256588889,0.01263957434111113,5
2010-05-27,127099.94546136171,0.041825220503118876,0.041825220503118786,1.2834304409663209,5102.567244713684,0.0,0.0,0.9878678552866985,0.012132144713301546,5
2010-05-28,124642.24467748997,-0.01933675718703498,-0.019336757187034995,1.2586130581629058,-2457.700783871742,0.0,0.0,0.9876286331702396,0.01237136682976036,5
2010-06-01,120844.02093722082,-0.03047300495989147,-0.030473004959891293,1.2202593361989238,-3798.223740269136,0.0,0.0,0.9872397912662055,0.01276020873379453,5
2010-06-02,124839.91008252834,0.0330665027058592,0.03306650270585921,1.2606090448411955,3995.8891453075194,0.0,0.0,0.9876482213871302,0.012351778612869894,5
2010-06-03,124298.45276700312,-0.004337213277126439,-0.004337213277126556,1.2551415145546445,-541.4573155252274,0.0,0.0,0.9875944157222903,0.012405584277709688,5
2010-06-04,119477.9930291985,-0.03878133339954404,-0.03840059536215032,1.206943333131995,-4773.1345888470405,47.32514895759372,0.3807380373937919,0.5913907029883293,0.40860929701167076,3
2010-06-07,118387.189965572,-0.009129740431444211,-0.009129740431444195,1.1959242537850379,-1090.8030636264812,0.0,0.0,0.5876258338911219,0.41237416610887806,3
2010-06-08,119783.57392155186,0.011795059553199483,0.011795059553199422,1.210030251579548,1396.3839559798548,0.0,0.0,0.5924331096348907,0.40756689036510935,3
2010-06-09,119271.68161467472,-0.004273476655592079,-0.0038750665272002847,1.2053413038547525,-464.16931781182655,47.72298906531186,0.3984101283917809,0.9912040589061347,0.008795941093865226,5
2010-06-10,123058.3307305538,0.03174809866530115,0.031748098665301164,1.243608598494896,3786.6491158790795,0.0,0.0,0.9914747203263626,0.008525279673637302,5
2010-06-11,123814.86995611846,0.006147809913179758,0.006147809913179901,1.2512540677648387,756.5392255646696,0.0,0.0,0.9915268118763059,0.008473188123694218,5
2010-06-14,123113.16153512764,-0.005667400218079766,-0.0056674002180799625,1.2441627101883148,-701.7084209908479,0.0,0.0,0.9914785172229568,0.008521482777043196,5
2010-06-15,126063.36109443314,0.023963315721233558,0.023963315721233763,1.2739769740211433,2950.199559305516,0.0,0.0,0.9916779413420284,0.008322058657971596,5
2010-06-16,125848.79494139765,-0.0017020500736512068,-0.0017020500736512625,1.2718086014186805,-214.56615303550564,0.0,0.0,0.9916637526315809,0.008336247368418988,5
2010-06-17,125847.94352737584,-6.765372860373375e-06,-6.765372860366972e-06,1.2717999971592848,-0.8514140218064199,0.0,0.0,0.9916636962333777,0.008336303766622246,5
2010-06-18,126991.48301009744,0.009086675957266088,0.009086675957266166,1.2833564316159232,1143.5394827215964,0.0,0.0,0.9917387634132478,0.008261236586752117,5
2010-06-21,126648.51841120451,-0.0027006897688222065,-0.0027006897688220273,1.2798904840313061,-342.96459889290645,0.0,0.0,0.9917163919577593,0.008283608042240731,5
2010-06-22,124384.04890722226,-0.017879952583653158,-0.017879952583653238,1.2570061028645574,-2264.469503982271,0.0,0.0,0.9915655850178068,0.008434414982193198,5
2010-06-23,123854.04575933379,-0.004261021831535539,-0.004261021831535456,1.2516499724178782,-530.003147888448,0.0,0.0,0.9915294919982873,0.008470508001712692,5
2010-06-24,121757.27526229116,-0.016929366208326857,-0.01692936620832677,1.2304603316701739,-2096.770497042623,0.0,0.0,0.9913836221828312,0.008616377817168848,5
2010-06-25,123741.7373459303,0.0162985093035648,0.016298509303564544,1.2505150008335673,1984.4620836391216,0.0,0.0,0.991521804136982,0.008478195863018005,5
2010-06-28,122237.57274203462,-0.012155677107479668,-0.012155677107479631,1.2353141442653748,-1504.1646038956824,0.0,0.0,0.9914174777679615,0.00858252223203843,5
2010-06-29,118455.61403474474,-0.030939412673639866,-0.030939412673639873,1.197094250174364,-3781.9587072898817,0.0,0.0,0.9911434616738282,0.008856538326171766,5
2010-06-30,117628.08074593078,-0.006986020000463888,-0.006986020000463794,1.1887313258002057,-827.5332888139465,0.0,0.0,0.9910811544403675,0.008918845559632406,5
2010-07-01,116033.97363104264,-0.01355209661484924,-0.013552096614849258,1.1726215240238635,-1594.1071148881438,0.0,0.0,0.9909586248508148,0.009041375149185262,5
2010-07-02,115479.11546298664,-0.004781859576922787,-0.004781859576922693,1.1670142125591043,-554.8581680559964,0.0,0.0,0.9909151825293884,0.009084817470611703,5
2010-07-06,115801.75562967395,0.002793926550214376,0.00279392655021422,1.1702747645520504,322.64016668729187,0.0,0.0,0.9909404941233887,0.009059505876611215,5
2010-07-07,119772.15585173995,0.03428618331800659,0.034286183318006674,1.210399019661919,3970.4002220660122,0.0,0.0,0.9912408132074739,0.008759186792526005,5
2010-07-08,121020.8080671574,0.010425229524657631,0.010425229524657706,1.223017707258315,1248.6522154174636,0.0,0.0,0.9913311875667964,0.008668812433203653,5
2010-07-09,122796.32209640412,0.014671146702817106,0.014671146702816773,1.2409607794616446,1775.5140292466979,0.0,0.0,0.9914565300675268,0.008543469932473232,5
2010-07-12,121964.71782442278,-0.006772224589336351,-0.006772224589336228,1.2325567143565725,-831.6042719813196,0.0,0.0,0.9913982772693395,0.008601722730660464,5
2010-07-13,124442.40232189395,0.020314764316004652,0.020314764316004826,1.2575958135148357,2477.6844974711817,0.0,0.0,0.9915695400757757,0.008430459924224323,5
2010-07-14,124257.24638816569,-0.001487884597802358,-0.0014878845978024216,1.2557246560736461,-185.1559337282783,0.0,0.0,0.9915569778331347,0.008443022166865306,5
2010-07-15,124117.44018096573,-0.0011251352437283701,-0.001125135243728328,1.254311796006679,-139.80620719995972,0.0,0.0,0.9915474675910226,0.008452532408977403,5
2010-07-16,120519.38676444883,-0.02898910428116197,-0.028989104281161925,1.2179504205511498,-3598.053416516893,0.0,0.0,0.9912951209443227,0.008704879055677335,5
2010-07-19,120408.55733932403,-0.00091959831609012,-0.0009195983160902238,1.2168303953953294,-110.82942512481355,0.0,0.0,0.9912871085840482,0.008712891415951721,5
2010-07-20,122755.33491907635,0.019490122891671735,0.01949012289167163,1.2405465693399058,2346.7775797523154,0.0,0.0,0.9914536774606127,0.0085463225393872,5
2010-07-21,121782.14680875538,-0.00792786815304225,-0.007927868153042044,1.2307116797004705,-973.1881103209553,0.0,0.0,0.9913853819041601,0.00861461809583983,5
2010-07-22,124611.55524875678,0.023233359849080815,0.023233359849080697,1.259305247025418,2829.408440001388,0.0,0.0,0.9915809839339969,0.008419016066003185,5
2010-07-23,126043.605102031,0.01149211122849314,0.011492111228492903,1.2737773229948588,1432.0498532742015,0.0,0.0,0.9916766369479856,0.008323363052014308,5
2010-07-26,126982.8287349316,0.007451577032728585,0.007451577032728519,1.2832689728396978,939.2236329005973,0.0,0.0,0.9917382003842513,0.008261799615748591,5
2010-07-27,125860.22739651726,-0.008840575923518612,-0.00884057592351851,1.2719241360550129,-1122.6013384143107,0.0,0.0,0.9916645098507271,0.00833549014927298,5
2010-07-28,125238.02978520899,-0.004943560203082065,-0.004943560203082057,1.2656363025146717,-622.1976113082808,0.0,0.0,0.9916230981320273,0.008376901867972613,5
2010-07-29,125416.43338973651,0.0014245162179051807,0.0014245162179053765,1.2674392219535737,178.4036045275468,0.0,0.0,0.9916350141899763,0.008364985810023687,5
2010-07-30,126081.60882452787,0.005303734262034787,0.005705571058062328,1.274670686496205,715.5723725538825,50.396937762552525,0.40183679602769473,0.5923620582763344,0.40763794172366563,3
2010-08-02,128164.3757894839,0.016519197243546335,0.016519197243546325,1.2957272229870025,2082.7669649560266,0.0,0.0,0.5989864797152471,0.4010135202847529,3
2010-08-03,127744.55521674221,-0.0032756416918166,-0.0032756416918165066,1.2914828848741646,-419.8205727416715,0.0,0.0,0.5976685861621523,0.4023314138378477,3
2010-08-04,128067.8125756509,0.002530498136380288,0.00253049813638017,1.2947509799075054,323.2573589086799,0.0,0.0,0.5986841152605852,0.4013158847394148,3
2010-08-05,128222.89770769859,0.001210961044220804,0.001411243292879438,1.296578188543849,180.73484153112827,25.649709483436403,0.20028224865857588,0.7994095533845139,0.20059044661548614,4
2010-08-06,128218.2306051952,-3.639835463731256e-05,-3.639835463720614e-05,1.2965309952311275,-4.66710250337502,0.0,0.0,0.7994022519565411,0.20059774804345887,4
2010-08-09,128244.54600524406,0.00020523914520298447,0.0002052391452030744,1.2967970941443179,26.315400048860937,0.0,0.0,0.7994434140188128,0.20055658598118725,4
2010-08-10,127813.42569004612,-0.0033617048726602983,-0.003361704872660366,1.292437645034081,-431.12031519794544,0.0,0.0,0.7987669278195233,0.20123307218047676,4
2010-08-11,125915.11453432766,-0.014852204652756607,-0.014852204652756527,1.2732420966291083,-1898.3111557184536,0.0,0.0,0.7957331142282601,0.2042668857717399,4
2010-08-12,126056.04881714733,0.0011192801066091107,0.0013195440154117955,1.2749221956178858,166.15053583366284,25.216253014032272,0.2002639088030824,0.9962015384825578,0.0037984615174422036,5
2010-08-13,125974.83023898175,-0.0006443052826714535,-0.00044885100618515406,1.2743499455075749,-56.580384347301475,24.63819381824597,0.1954542764860519,0.8008143799257459,0.19918562007425408,4
2010-08-16,127301.91282335232,0.01053450583622939,0.010534505836229408,1.287774592445923,1327.0825843705622,0.0,0.0,0.802890827652218,0.19710917234778202,4
2010-08-17,128346.18973237781,0.008203151750551863,0.008203151750551882,1.2983384028482619,1044.2769090254856,0.0,0.0,0.8044945882131596,0.19550541178684042,4
2010-08-18,128460.1894644068,0.0008882206185216734,0.0008882206185217059,1.2994916137874901,113.99973202899683,0.0,0.0,0.8046680860465882,0.19533191395341173,4
2010-08-19,127415.05478981402,-0.00813586434015301,-0.007940727562976828,1.2891727049120305,-1020.0673672252406,25.067307367532944,0.1951367771762355,1.0,0.0,5
2010-08-20,126891.6203053599,-0.004108105477155677,-0.004108105477155668,1.2838766474619818,-523.4344844541246,0.0,0.0,1.0,0.0,5
2010-08-23,126071.3299401846,-0.006464495947023918,-0.006464495947023887,1.2755770320779851,-820.290365175293,0.0,0.0,1.0,0.0,5
2010-08-24,125729.54081434914,-0.0027110773400870203,-0.0027110773400870767,1.272118844090783,-341.7891258354759,0.0,0.0,1.0,0.0,5
2010-08-25,127045.4321411234,0.010466047344571905,0.010662580732456578,1.2856829139671802,1340.601379387692,24.710052613438602,0.1965333878847549,0.8056967326979184,0.19430326730208156,4
2010-08-26,127146.57654904088,0.0007961278592458765,0.0009902370173899935,1.2869560447812163,125.80508979644884,24.66068187894622,0.19410915814393764,1.0,-2.861247943776553e-17,5
2010-08-27,128173.42517231306,0.008076101230111599,0.008076101230111484,1.297349632077573,1026.848623272173,0.0,0.0,1.0,-2.838325340998657e-17,5
2010-08-30,127247.98617678601,-0.007220209604938854,-0.007220209604938826,1.2879824958030825,-925.4389955270426,0.0,0.0,1.0,-2.858967686952199e-17,5
2010-08-31,128318.31561464633,0.008411366419373456,0.00841136641937341,1.2988161885170215,1070.3294378603096,0.0,0.0,1.0,-2.835120450004155e-17,5
2010-09-01,130335.75556108326,0.015722151095682424,0.015722151095682403,1.3192363728784045,2017.4399464369321,0.0,0.0,1.0,-2.791236212527064e-17,5
2010-09-02,131512.83323027726,0.009031118622259804,0.009031118622259806,1.331150553052669,1177.0776691940011,0.0,0.0,1.0,-2.76625384590541e-17,5
2010-09-03,132552.87961118767,0.007908326171403468,0.00831043740419083,1.3422129963993674,1092.929168408007,52.882787497598414,0.4021112327874599,0.6014427987904543,0.39855720120954563,3
2010-09-07,132076.56574742118,-0.0035933875232559975,-0.0035933875232560114,1.337389904964554,-476.31386376649795,0.0,0.0,0.6000054634133131,0.39999453658668677,3
2010-09-08,132301.6749659602,0.0017043842506438978,0.0017043842506441246,1.3396693312555459,225.10921853906788,0.0,0.0,0.6006860478244637,0.39931395217553645,3
2010-09-09,132118.4732359652,-0.0013847272156012336,-0.0013847272156014136,1.3378142546726497,-183.20172999501733,0.0,0.0,0.6001323401932904,0.3998676598067096,3
2010-09-10,132199.1866537185,0.0006109169730499353,0.0010103851646650912,1.3391659623486483,133.49054533582114,52.77712758251829,0.3994681916150945,1.0,-2.7518919739052598e-17,5
2010-09-13,134060.17800197712,0.014077176988488649,0.014077176988488425,1.3580176386175895,1860.991348258612,0.0,0.0,1.0,-2.7136908672745906e-17,5
2010-09-14,133877.82363867166,-0.0013602425867491608,-0.001360242586749249,1.3561704051919852,-182.35436330547412,0.0,0.0,1.0,-2.7173871730320348e-17,5
2010-09-15,133459.8318787557,-0.0031221881903614745,-0.003122188190361438,1.351936185968777,-417.99175991595206,0.0,0.0,1.0,-2.725897939386518e-17,5
2010-09-16,132552.1076192085,-0.006801479117491072,-0.00680147911749098,1.34274102023173,-907.7242595472139,0.0,0.0,1.0,-2.7445650412008414e-17,5
2010-09-17,132440.97886318676,-0.0008383778878943149,-0.0008383778878942522,1.3416152958511993,-111.12875602172363,0.0,0.0,1.0,-2.7468679545549056e-17,5
2010-09-20,134791.37462613118,0.0177467411002179,0.017942284514849124,1.365686939198835,2376.293724188416,25.897961244011697,0.19554341463124206,0.8080584655024949,0.191941534497505,4
2010-09-21,134627.08389307806,-0.0012188519740881087,-0.0012188519740880149,1.3640223689770063,-164.29073305309714,0.0,0.0,0.807824231687916,0.1921757683120841,4
2010-09-22,133920.49773907816,-0.005248469576605297,-0.0052484695766052275,1.3568633390716216,-706.5861539998998,0.0,0.0,0.8068102813269474,0.19318971867305254,4
2010-09-23,133014.4257656683,-0.006765745264591061,-0.006765745264591183,1.3476831473606004,-906.0719734098623,0.0,0.0,0.8054943053443953,0.19450569465560472,4
2010-09-24,134890.45973354467,0.014103988774731624,0.014298300158004127,1.366952725519446,1901.8801849420834,25.84621706570198,0.19431138327233238,1.0,0.0,5
2010-09-27,134531.11146451792,-0.0026640006249262216,-0.0026640006249263855,1.3633111626044174,-359.3482690267705,0.0,0.0,1.0,0.0,5
2010-09-28,135312.54443436037,0.00580856696518528,0.0058085669651852835,1.3712300467867897,781.432969842458,0.0,0.0,1.0,0.0,5
2010-09-29,134685.22511787066,-0.004636076567121394,-0.004636076567121357,1.3648729192987488,-627.3193164897056,0.0,0.0,1.0,0.0,5
2010-09-30,134450.94234834885,-0.0017394838172990479,-0.0017394838172989863,1.362498744942959,-234.28276952180698,0.0,0.0,1.0,0.0,5
2010-10-01,135042.01911127393,0.00439622625621805,0.0043962262562179276,1.3684885976995411,591.076762925054,0.0,0.0,1.0,0.0,5
2010-10-04,134311.8335834848,-0.005407098713382297,-0.005407098713382164,1.3610890447636417,-730.1855277890988,0.0,0.0,1.0,0.0,5
2010-10-05,136698.20885265092,0.017767423803970228,0.017767423803970273,1.3852720906568983,2386.375269166102,0.0,0.0,1.0,0.0,5
2010-10-06,136693.41226518748,-3.508888304903923e-05,0.00016628478600805996,1.385502440330056,22.730832406748146,27.52741987015441,0.20137366905682458,0.7988206454533888,0.2011793545466113,4
2010-10-07,136523.84539359034,-0.0012404904434470954,-0.0012404904434471285,1.3837837377934539,-169.56687159714357,0.0,0.0,0.7985707744240309,0.20142922557596923,4
2010-10-08,137287.4166755858,0.005592951764537002,0.005794110586654099,1.3918015337982428,791.0342579257293,27.46297593030322,0.20115882211733085,0.9999311404913891,6.885950861085996e-05,5
2010-10-11,137210.95983251528,-0.0005569107855760702,-0.0005569107855761626,1.391026424512689,-76.45684307052244,0.0,0.0,0.9999311021214173,6.889787858254588e-05,5
2010-10-12,138281.91741067488,0.007805189756465936,0.0078051897564659425,1.4018836497122689,1070.9575781596081,0.0,0.0,0.999931635717614,6.836428238595885e-05,5
2010-10-13,138818.4944581135,0.0038803124622945884,0.0038803124622945506,1.4073233963089344,536.5770474386276,0.0,0.0,0.9999318999670206,6.810003297930658e-05,5
2010-10-14,137341.33546154568,-0.010640938027270841,-0.010640938027271028,1.3923481552644825,-1477.1589965678525,0.0,0.0,0.9999311675249191,6.883247508090617e-05,5
2010-10-15,136075.67875419656,-0.009215409935368624,-0.009215409935368417,1.3795170962409664,-1265.6567073490949,0.0,0.0,0.9999305273055604,6.947269443948058e-05,5
2010-10-18,138088.34126556007,0.014790758567511109,0.014981478629295823,1.4001843021370488,2038.6148732229194,25.952361859414143,0.19072006178483805,0.8121791977229434,0.18782080227705655,4
2010-10-19,136260.23791397287,-0.013238650959471965,-0.013238650959472013,1.3816477508821245,-1828.1033515872057,0.0,0.0,0.8096593442176437,0.19034065578235615,4
2010-10-20,137432.5448907279,0.008603441434581693,0.008603441434581707,1.3935346763900605,1172.3069767550355,0.0,0.0,0.8112829602171233,0.18871703978287654,4
2010-10-21,137453.72167734307,0.00015408858674637038,0.00015408858674621916,1.3937494041789271,21.176786615148586,0.0,0.0,0.8113120348790048,0.188687965120995,4
2010-10-22,137732.5545388143,0.002028558107184164,0.002217057572839942,1.3968394268501032,304.7428145597871,25.909953088516954,0.1884994656553397,1.0,-2.641335462972552e-17,5
2010-10-25,137812.1706709925,0.0005780487586597438,0.0005780487586596201,1.3976468681468406,79.61613217818002,0.0,0.0,1.0,-2.6398095243539008e-17,5
2010-10-26,137997.1277211386,0.0013420951810392268,0.0015297179688911137,1.3997848736752092,210.81375380730614,25.85670366120328,0.18762278785182612,0.8128160536084458,0.18718394639155425,4
2010-10-27,137780.37231069434,-0.0015707240724768257,-0.0015707240724768226,1.3975861978778386,-216.75541044425103,0.0,0.0,0.812521576735955,0.1874784232640451,4
2010-10-28,137731.56788317568,-0.00035421901320309424,-0.0003542190132030926,1.39709114627396,-48.80442751864885,0.0,0.0,0.8124551447824084,0.1875448552175916,4
2010-10-29,137657.69097701483,-0.0005363832511041666,6.698703663576158e-05,1.3971847332697587,9.226229583691172,83.10313574455343,0.6033702877400027,1.0,0.0,5
2010-11-01,137457.9369063587,-0.001451092701311496,-0.0014510927013114512,1.3951572887009271,-199.75407065613342,0.0,0.0,1.0,0.0,5
2010-11-02,138359.2510393801,0.006557017756169348,0.006557017756169423,1.4043053598155881,901.3141330214102,0.0,0.0,1.0,0.0,5
2010-11-03,139490.16871133394,0.00817377705833322,0.008375302627850556,1.4160668421859564,1158.8005988175548,27.88292686372052,0.20152556951746164,0.8003081923680152,0.19969180763198477,4
2010-11-04,142934.13873940666,0.024689697201526695,0.024908554884662235,1.4513390208448955,3474.4985232170566,30.52849514434746,0.21885768313553514,0.591748961439874,0.40825103856012607,3
2010-11-05,144819.92103161805,0.013193365201923601,0.013598764163638288,1.471075437910851,1943.7276436499465,57.945351438567315,0.40539896171488876,0.9975851816962551,0.002414818303744849,5
2010-11-08,143838.0013252972,-0.006780280636297764,-0.0067802806362977,1.461101133604651,-981.9197063208419,0.0,0.0,0.9975686967780987,0.002431303221901275,5
2010-11-09,141318.76515358873,-0.017514399174743067,-0.01751439917474294,1.4355108251160298,-2519.236171708459,0.0,0.0,0.9975253548552171,0.0024746451447828412,5
2010-11-10,143340.79214119274,0.014308269573445775,0.014308269573445729,1.4560505009773894,2022.026987604016,0.0,0.0,0.997560263266094,0.002439736733905878,5
2010-11-11,142074.88722707218,-0.00883143517773799,-0.008831435177738201,1.4431914853624943,-1265.904914120589,0.0,0.0,0.9975385249083808,0.002461475091619129,5
2010-11-12,139167.38863719482,-0.02046454969364453,-0.020464549693644436,1.4136572214928491,-2907.4985898773475,0.0,0.0,0.9974870995318758,0.00251290046812424,5
2010-11-15,139709.43757932304,0.003894942252177458,0.0038949422521774406,1.4191633347349375,542.0489421282088,0.0,0.0,0.9974968491598466,0.002503150840153353,5
2010-11-16,137048.12776631344,-0.019048890748691094,-0.019048890748691108,1.3921298474170236,-2661.3098130096046,0.0,0.0,0.9974482409810782,0.002551759018921781,5
2010-11-17,135752.83053227505,-0.009451404080813464,-0.009451404080813424,1.378972265696124,-1295.2972340383744,0.0,0.0,0.9974238931543243,0.0025761068456756115,5
2010-11-18,137827.9968195009,0.015286357412138685,0.01528635741213883,1.400051728610982,2075.1662872258694,0.0,0.0,0.9974626795417187,0.0025373204582811934,5
2010-11-19,137612.55187413289,-0.0015631435581999753,-0.0015631435582000698,1.3978632467702568,-215.44494536802253,0.0,0.0,0.9974587071361491,0.0025412928638508217,5
2010-11-22,135823.86347139018,-0.012998003295358718,-0.012802360670352871,1.3799672973172734,-1761.7655218602931,26.92288088241344,0.1956426250058818,0.7994043822547864,0.20059561774521356,4
2010-11-23,134464.79616457218,-0.010006101078874674,-0.010006101078874669,1.3661592050547753,-1359.067306818003,0.0,0.0,0.7973769151872365,0.20262308481276348,4
2010-11-24,136560.66771669948,0.015586767777955313,0.01558676777795527,1.3874532113316802,2095.871552127277,0.0,0.0,0.8004866829290312,0.1995133170709687,4
2010-11-26,135305.4008692531,-0.009192008712570754,-0.00919200871257067,1.3746997293248353,-1255.2668474463699,0.0,0.0,0.79863574090503,0.20136425909497002,4
2010-11-29,136570.33566800447,0.009348738414172386,0.009549901510171425,1.387827976345947,1292.1532520956303,27.218453344240825,0.2011630959989711,1.0,-2.663813330543065e-17,5
2010-11-30,135405.23524021878,-0.008531138347774081,-0.008531138347774076,1.3759882238768284,-1165.1004277856905,0.0,0.0,1.0,-2.6867342319797848e-17,5
2010-12-01,138457.27231057594,0.02254002265822752,0.02254002265822747,1.4070030296204663,3052.037070357152,0.0,0.0,1.0,-2.6275100949058846e-17,5
2010-12-02,141725.48954929167,0.02360451844945155,0.023604518449451536,1.440214658591577,3268.217238715725,0.0,0.0,1.0,-2.5669192032153366e-17,5
2010-12-03,142513.32889726618,0.005558910754021484,0.005558910754021709,1.4482206833453213,787.8393479745488,0.0,0.0,1.0,-2.5527288115725853e-17,5
2010-12-06,142295.09262030318,-0.0015313394098057653,-0.0015313394098060444,1.4460029659388183,-218.2362769630343,0.0,0.0,1.0,-2.5566439011352335e-17,5
2010-12-07,142120.90796366904,-0.001224108670415891,-0.001224108670415835,1.4442329011707655,-174.18465663413744,0.0,0.0,1.0,-2.5597773467797605e-17,5
2010-12-08,144105.59407580874,0.013964772253263646,0.013964772253263775,1.4644012847162857,1984.6861121397,0.0,0.0,1.0,-2.5245229586145727e-17,5
2010-12-09,145504.95031296788,0.009710630917096674,0.009710630917096692,1.4786215451066878,1399.3562371591343,0.0,0.0,1.0,-2.5002440118131736e-17,5
2010-12-10,146332.0667993331,0.0056844559898900915,0.00568445598989016,1.48702670420555,827.1164863652203,0.0,0.0,1.0,-2.486111818594428e-17,5
2010-12-13,146434.55867453475,0.0007004061204316514,0.0007004061204315751,1.4880682268104208,102.49187520165498,0.0,0.0,1.0,-2.4843717494157098e-17,5
2010-12-14,145399.74006443244,-0.007066764973166606,-0.007066764973166632,1.4775523983875147,-1034.8186101023161,0.0,0.0,1.0,-2.5020531711264265e-17,5
2010-12-15,144500.95707286667,-0.0061814621619507015,-0.00618146216195081,1.4684189641445826,-898.7829915657724,0.0,0.0,1.0,-2.517615717422003e-17,5
2010-12-16,144480.5928978302,-0.0001409276135534432,-0.00014092761355336046,1.4682120233642693,-20.364175036455684,0.0,0.0,1.0,-2.5179705690052907e-17,5
2010-12-17,145154.07809523278,0.004661423267267706,0.004661423267267735,1.4750559810512616,673.4851974025833,0.0,0.0,1.0,-2.506287701200448e-17,5
2010-12-20,145413.52896362997,0.00178741701095686,0.0017874170109568126,1.4776925212039063,259.4508683971727,0.0,0.0,1.0,-2.5018159128794847e-17,5
2010-12-21,147615.95885137387,0.015145976467531908,0.015145976467531934,1.5000736173563085,2202.429887743913,0.0,0.0,1.0,-2.464488823159417e-17,5
2010-12-22,149230.50107254332,0.010937450352471956,0.010937450352471909,1.5164805980711962,1614.5422211694379,0.0,0.0,1.0,-2.4378252307303007e-17,5
2010-12-23,148595.3172547465,-0.004256394056386892,-0.0042563940563867565,1.51002585906694,-635.1838177967909,0.0,0.0,1.0,-2.44824593015599e-17,5
2010-12-27,149433.83816682853,0.005642983423525427,0.005642983423525266,1.5185469099587492,838.5209120820125,0.0,0.0,1.0,-2.434508041632618e-17,5
2010-12-28,149587.72867147022,0.00102982367668214,0.0010298236766821591,1.5201107455207772,153.89050464169011,0.0,0.0,1.0,-2.4320035068395008e-17,5
2010-12-29,149294.17094016887,-0.0019624452748130405,-0.0019624452748132136,1.517127611371037,-293.5577313013678,0.0,0.0,1.0,-2.436785565157577e-17,5
2010-12-30,148381.98270174692,-0.006110005720099565,-0.006110005720099577,1.507857952987439,-912.1882384219559,0.0,0.0,1.0,-2.4517658686393077e-17,5
2010-12-31,149208.54000746118,0.005570469477926165,0.00557046947792639,1.516257429691604,826.5573057142828,0.0,0.0,1.0,-2.4381840388692198e-17,5
2011-01-03,151862.6993677352,0.017788253675971033,0.01778825367597106,1.5432290014890342,2654.1593602739963,0.0,0.0,1.0,-2.3955710139738498e-17,5
2011-01-04,150966.89441691025,-0.00589878195603355,-0.0058987819560335384,1.534125830101023,-895.8049508249421,0.0,0.0,1.0,-2.409785815057617e-17,5
2011-01-05,152694.45048224056,0.011443277494729953,0.011647834269903934,1.5519950735192187,1758.437366410256,30.881301079949413,0.20455677517395035,0.7979597838596133,0.20204021614038672,4
2011-01-06,151403.3350370444,-0.00845554924307046,-0.008265674230463274,1.539166787834225,-1262.1225844858063,28.992860710326216,0.18987501260694664,0.6049341474951634,0.39506585250483667,3
2011-01-07,150619.5810942398,-0.005176596292365776,-0.005176596292365869,1.5311991427469895,-783.7539428045915,0.0,0.0,0.6028784093413414,0.3971215906586587,3
2011-01-10,150395.64265382287,-0.001486781723797459,-0.001486781723797526,1.5289225838460587,-223.93844041695513,0.0,0.0,0.6022870970659405,0.3977129029340595,3
2011-01-11,150671.75644022538,0.0018359161311478633,0.00223323171849459,1.5323370222554265,335.8683194978951,59.75453309538996,0.3973155873467128,1.0,-2.4145061377411997e-17,5
2011-01-12,152870.2474329955,0.01459126145942502,0.014591261459425063,1.5546957523911122,2198.4909927701406,0.0,0.0,1.0,-2.3797821146893048e-17,5
2011-01-13,152238.8595007747,-0.004130221170064785,-0.004130221170064755,1.5482745150815767,-631.3879322207953,0.0,0.0,1.0,-2.389651905578812e-17,5
2011-01-14,153896.97437155442,0.010891535027371058,0.010891535027371106,1.5651376011945737,1658.1148707797163,0.0,0.0,1.0,-2.3639053476831312e-17,5
2011-01-18,152966.76129981672,-0.0060443883028648004,-0.006044388302864906,1.5556773017855392,-930.2130717377238,0.0,0.0,1.0,-2.3782805991173666e-17,5
2011-01-19,150829.16422236818,-0.013974258585882082,-0.013974258585882054,1.5339378648942008,-2137.5970774485345,0.0,0.0,1.0,-2.4119863196538188e-17,5
2011-01-20,150031.4165387735,-0.005289081111783833,-0.005289081111783674,1.525824743106339,-797.7476835946454,0.0,0.0,1.0,-2.4248113435305254e-17,5
2011-01-21,150455.86530977656,0.0028290659436209786,0.002829065943620722,1.530141401922995,424.44877100301886,0.0,0.0,1.0,-2.4179707448436165e-17,5
2011-01-24,149785.99274407106,-0.004452286152662022,-0.004452286152661929,1.5233287745475987,-669.8725657054865,0.0,0.0,1.0,-2.428784387941852e-17,5
2011-01-25,148944.0857501792,-0.005620732476169343,-0.005620732476169222,1.514766551032616,-841.9069938918476,0.0,0.0,1.0,-2.4425131006501452e-17,5
2011-01-26,149513.52829391044,0.003823196744356494,0.0038231967443563275,1.5205578015789838,569.4425437312148,0.0,0.0,1.0,-2.433210458347457e-17,5
2011-01-27,149594.89193740807,0.0005441891742243854,0.0007491843631880643,1.5216969797072506,112.01319748287392,30.64955398524474,0.20499518896373387,0.7953211902177064,0.20467880978229347,4
2011-01-28,149030.00746814033,-0.0037760946376704796,-0.0037760946376703746,1.5159509079020188,-564.8844692677258,0.0,0.0,0.7945453741065858,0.20545462589341418,4
2011-01-31,150741.92645471348,0.011487075761833498,0.011487075761833491,1.5333647508323096,1711.9189865731391,0.0,0.0,0.7968786445059918,0.20312135549400817,4
2011-02-01,151792.68881094374,0.00697060453546694,0.006970604535467029,1.5440532301189864,1050.762356230263,0.0,0.0,0.7982847219381229,0.20171527806187706,4
2011-02-02,151327.01313962633,-0.003067839926713556,-0.002868413609435382,1.5396242468200205,-435.40421439810086,30.271456919309124,0.19942631727811289,0.9979040354497817,0.0020959645502182027,5
2011-02-03,151544.39509689322,0.0014365046448534535,0.0016415033487689847,1.5421515451770214,248.40379882790478,31.021841560995185,0.20499870391528818,0.7934071018961288,0.20659289810387113,4
2011-02-04,151282.34246890974,-0.0017292135932570618,-0.0017292135932571674,1.5394848357622386,-262.0526279834826,0.0,0.0,0.7930492398285053,0.20695076017149458,4
2011-02-07,151097.01762479218,-0.001225026272683838,-0.001225026272683787,1.5375989263920316,-185.32484411756067,0.0,0.0,0.7927954087604162,0.2072045912395838,4
2011-02-08,151752.55818359408,0.004338540688008541,0.004338540688008523,1.5442698618960216,655.5405588019017,0.0,0.0,0.7936904909597107,0.2063095090402894,4
2011-02-09,150810.4670740684,-0.006208073990989438,-0.005629355406963189,1.5355766179991468,-854.2690839313112,87.82202559437454,0.5787185840262754,1.0,-2.4122853523853696e-17,5
2011-02-10,150703.4478571117,-0.0007096272495737965,-0.000709627249573671,1.5344869309872065,-107.01921695669184,0.0,0.0,1.0,-2.4139983914243518e-17,5
2011-02-11,152451.79695735767,0.011601254816038908,0.011601254816038726,1.5522889048854702,1748.3491002459582,0.0,0.0,1.0,-2.3863141528658353e-17,5
2011-02-14,152916.61665225282,0.003048961731983768,0.0030489617319838054,1.557021774353449,464.8196948951487,0.0,0.0,1.0,-2.37906048847839e-17,5
2011-02-15,152813.24655840712,-0.0006759899356181265,-0.0006759899356180895,1.5559692433044476,-103.37009384569245,0.0,0.0,1.0,-2.3806697973013958e-17,5
2011-02-16,154232.8334172522,0.009289684571307744,0.009289684571307657,1.5704237067774023,1419.5868588450676,0.0,0.0,1.0,-2.3587576824512745e-17,5
2011-02-17,154738.61481375908,0.0032793367358983083,0.0032793367358983794,1.575573654929963,505.7813965068903,0.0,0.0,1.0,-2.3510478050164312e-17,5
2011-02-18,155339.04423092108,0.0038802817117411514,0.0038802817117412985,1.5816873245686893,600.4294171620105,0.0,0.0,1.0,-2.341960339142832e-17,5
2011-02-22,151111.09416750591,-0.02721756197450309,-0.027217561974503077,1.538637651787955,-4227.950063415169,0.0,0.0,1.0,-2.4074862452250072e-17,5
2011-02-23,150539.3249966849,-0.0037837669958712405,-0.003783766995871475,1.5328158054225145,-571.7691708210355,0.0,0.0,1.0,-2.4166302108580774e-17,5
2011-02-24,150891.49490799755,0.002339388138749676,0.0027474158981191698,1.5370270879352206,413.59413478802065,61.42422347536342,0.4080277593692948,0.9934116395695088,0.006588360430491239,5
2011-02-25,151977.20346465128,0.007195293262325375,0.007614041945836875,1.5487300766546468,1148.8941714995246,63.18561484579714,0.41874868351144007,0.5781172746726196,0.4218827253273803,3
2011-02-28,152872.06195938046,0.0058881100212988535,0.005888110021298981,1.5578491697392842,894.8584947292073,0.0,0.0,0.5805868255879402,0.4194131744120599,3
2011-03-01,151980.29403119523,-0.005833426440091993,-0.005833426440092082,1.5487615712028515,-891.7679281852448,0.0,0.0,0.5781258537890418,0.42187414621095815,3
2011-03-02,152829.6734881983,0.005588747293966634,0.005588747293966548,1.557417208242911,849.3794570030826,0.0,0.0,0.5804704981572049,0.4195295018427951,3
2011-03-03,154352.59338643795,0.009964818110778983,0.010368925266128448,1.5735659508833642,1584.6794628459406,61.759564606299655,0.4041071553494407,0.9851299381238865,0.014870061876113417,5
2011-03-04,153839.89595156594,-0.0033215990973888276,-0.0033215990973887955,1.5683391956412283,-512.6974348720121,0.0,0.0,0.9850803811313189,0.014919618868681012,5
2011-03-07,152200.06456773102,-0.01065933757749804,-0.010659337577498092,1.5516217387188667,-1639.8313838349234,0.0,0.0,0.9849196344238507,0.015080365576149267,5
2011-03-08,153873.55631155163,0.010995341878293763,0.011195173784547742,1.5689924137317064,1703.906172855136,30.41442903452105,0.19983190625379946,0.7876227208675483,0.21237727913245177,4
2011-03-09,153901.50845388154,0.00018165656919832962,0.00018165656919855706,1.5692774315106834,27.952142329937445,0.0,0.0,0.787661293588463,0.21233870641153701,4
2011-03-10,151449.9585049947,-0.01592934321122319,-0.01573248970916505,1.5445887904686166,-2421.253897975669,30.296050911181176,0.196853502058167,0.984464173638506,0.015535826361494065,5
2011-03-11,152523.1566876977,0.0070861569940119384,0.007086156994011745,1.5555339891290678,1073.1981827029567,0.0,0.0,0.9845734883221252,0.015426511677874686,5
2011-03-14,152382.11876091926,-0.0009246984513126,-0.0009246984513124738,1.5540955892583563,-141.03792677840383,0.0,0.0,0.9845592102477545,0.01544078975224563,5
2011-03-15,150926.54409105465,-0.009552135655419902,-0.009552135655420187,1.5392506573682703,-1455.57466986465,0.0,0.0,0.9844102952733776,0.015589704726622269,5
2011-03-16,147936.78942541388,-0.019809336281078727,-0.019809336281078616,1.5087591234755908,-2989.7546656407403,0.0,0.0,0.9840952323831839,0.015904767616816192,5
2011-03-17,149425.41934586962,0.010062607997899597,0.010463526261421965,1.5245460641862376,1547.9404811832694,59.31056072752227,0.4009182635224432,0.9878064504059649,0.012193549594034975,5
2011-03-18,150089.96862419468,0.004447364318830083,0.004447364318830058,1.5313262759545123,664.5492783250393,0.0,0.0,0.9878604394543818,0.012139560545618116,5
2011-03-21,152947.2112372109,0.0190368659491853,0.019036865949185456,1.5604779289943238,2857.2426130162453,0.0,0.0,0.9880872214232301,0.011912778576769822,5
2011-03-22,152504.6244044108,-0.0028937228029196627,-0.0028937228029198396,1.5559623384277397,-442.58683280011473,0.0,0.0,0.9880526491015007,0.011947350898499293,5
2011-03-23,153380.45436148514,0.0057429731097977665,0.00574297310979769,1.5648981882971882,875.8299570743278,0.0,0.0,0.9881208706220859,0.011879129377914122,5
2011-03-24,154692.74838575695,0.008555809993749275,0.008555809993749329,1.5782871598558215,1312.2940242718073,0.0,0.0,0.988221643998077,0.011778356001922934,5
2011-03-25,155352.1441193177,0.004262615671656533,0.004262615671656625,1.5850147914377972,659.3957335607627,0.0,0.0,0.9882716374998729,0.011728362500127022,5
2011-03-28,154872.99619668198,-0.0030842697753029613,-0.003084269775302939,1.5801261782231575,-479.14792263571786,0.0,0.0,0.9882353521520986,0.011764647847901388,5
2011-03-29,156187.35070200043,0.008486660280332403,0.008486660280332499,1.5935361722977974,1314.354505318467,0.0,0.0,0.9883343545222193,0.011665645477780668,5
2011-03-30,157733.1670774039,0.00989719313667603,0.009897193136676061,1.6093077075653082,1545.8163754034556,0.0,0.0,0.9884486801656038,0.011551319834396131,5
2011-03-31,158453.77958158526,0.0045685540811319925,0.004568554081131911,1.616659916860503,720.6125041813351,0.0,0.0,0.9885012129958994,0.01149878700410048,5
2011-04-01,159522.3300686092,0.006743609965288222,0.006743609965288179,1.6275620407863254,1068.550487023955,0.0,0.0,0.9885782369112857,0.011421763088714265,5
2011-04-04,160611.95972021678,0.006830577582078501,0.006830577582078605,1.6386792295755623,1089.6296516075859,0.0,0.0,0.9886557248627234,0.011344275137276653,5
2011-04-05,160688.18007419715,0.00047456213169394523,0.00047456213169391325,1.6394568846839124,76.220353980363,0.0,0.0,0.9886611058724915,0.01133889412750845,5
2011-04-06,160628.58113016371,-0.00037089812085688845,-0.000370898120856926,1.6388488132061572,-59.59894403343907,0.0,0.0,0.9886568987375486,0.011343101262451383,5
2011-04-07,160110.09333834564,-0.00322786759473348,-0.0032278675947333916,1.6335588262293417,-518.487791818059,0.0,0.0,0.9886201661406003,0.01137983385939959,5
2011-04-08,159230.56377412283,-0.005493279941847229,-0.005298982835040082,1.6249026260491242,-848.420636316559,31.108927906245587,0.19429710680703938,0.7933823478361046,0.2066176521638954,4
2011-04-11,158726.44141372497,-0.003165989923347823,-0.003165989923347811,1.6197582007086313,-504.1223603978639,0.0,0.0,0.7927261208232579,0.20727387917674217,4
2011-04-12,157601.23181005477,-0.007088986520760621,-0.0070889865207605105,1.6082757566569166,-1125.2096036701791,0.0,0.0,0.7912462684340281,0.20875373156597182,4
2011-04-13,157337.2763013627,-0.0016748315077270703,-0.0016748315077272052,1.6055821657465539,-263.9555086920988,0.0,0.0,0.7908960545578115,0.20910394544218844,4
2011-04-14,157712.76659660265,0.0023865310501545167,0.002587048459846529,1.6097358846156056,407.0391583318882,31.54886309193892,0.20051740969196932,0.9916339475035229,0.008366052496477093,5
2011-04-15,158893.99590405126,0.007489750721765942,0.007489750721766125,1.6217924051192583,1181.2293074486372,0.0,0.0,0.9916961413349529,0.008303858665047114,5
2011-04-18,156517.0780265783,-0.014959142187526586,-0.014959142187526569,1.5975317819324286,-2376.917877472967,0.0,0.0,0.9915700363094705,0.00842996369052943,5
2011-04-19,158032.68898882662,0.009683358399975805,0.009683358399975459,1.6130012547322317,1515.6109622482813,0.0,0.0,0.9916508837940161,0.008349116205983843,5
2011-04-20,160439.9709199407,0.015232810037702382,0.01543004358444341,1.637889934394512,2438.4512788643847,31.169347750279584,0.19723354674097426,0.7976962255656515,0.2023037744343485,4
2011-04-21,161316.8506860065,0.005465469490164354,0.005666602810726681,1.6471712061004127,909.1495901678429,32.2698241020217,0.20113332056214528,0.9990359484427321,0.0009640515572678704,5
2011-04-25,160713.63641973163,-0.003739313430120239,-0.0037393134301201953,1.6410119166877342,-603.2142662748784,0.0,0.0,0.9990323300213851,0.0009676699786148289,5
2011-04-26,162472.3232488657,0.010942984480426743,0.010942984480426781,1.6589694846242433,1758.6868291340757,0.0,0.0,0.9990428045958376,0.0009571954041623446,5
2011-04-27,162727.11772241732,0.001568233090145199,0.001568233090145085,1.6615711354655718,254.79447355161977,0.0,0.0,0.9990443033509468,0.0009556966490531587,5
2011-04-28,162803.64134523182,0.0004702573479180572,0.00047025734791808114,1.662352501501113,76.52362281449734,0.0,0.0,0.9990447525630731,0.0009552474369268638,5
2011-04-29,163488.1254902713,0.004204354026627666,0.004204354026627718,1.6693416199344737,684.4841450394803,0.0,0.0,0.9990487519466565,0.0009512480533434674,5
2011-05-02,162288.5264584043,-0.0073375300393814236,-0.007337530039381393,1.657092775652215,-1199.5990318670206,0.0,0.0,0.9990417205423499,0.0009582794576500971,5
2011-05-03,160942.91298578115,-0.008291488634398547,-0.00829148863439852,1.6433530097367506,-1345.6134726231426,0.0,0.0,0.9990337085477561,0.0009662914522438938,5
2011-05-04,158439.40072104754,-0.015555281175722135,-0.015555281175722155,1.6177901915993262,-2503.51226473361,0.0,0.0,0.9990184401076396,0.0009815598923603708,5
2011-05-05,157122.61672189392,-0.008310963012741923,-0.008310963012741849,1.6043447971545677,-1316.7839991536102,0.0,0.0,0.999010214033078,0.0009897859669219906,5
2011-05-06,158468.4803660969,0.008565690110578617,0.008565690110578578,1.6180871175175129,1345.8636442029551,0.0,0.0,0.999018620228085,0.0009813797719149765,5
2011-05-09,159471.16429295484,0.006327339825191292,0.006327339825191368,1.6283253045768105,1002.6839268579612,0.0,0.0,0.9990247907086719,0.0009752092913280599,5
2011-05-10,161116.9396118965,0.01032020632845132,0.010320206328451419,1.6451299576898815,1645.7753189416685,0.0,0.0,0.9990347522644607,0.0009652477355392246,5
2011-05-11,157969.2227656411,-0.019536846056272594,-0.019536846056272695,1.6129893069639318,-3147.716846255406,0.0,0.0,0.9990155186029616,0.0009844813970384286,5
2011-05-12,158278.281754122,0.00195645064950023,0.0021612270574514684,1.616475343097522,341.40735848568204,32.348370004794496,0.20477640795122268,0.7948452621797465,0.2051547378202534,4
2011-05-13,156365.46379388942,-0.012085157477284558,-0.011887534984281222,1.5972594359052223,-1881.5386116040456,31.279348628503584,0.19762249300314372,0.9925756532765749,0.007424346723425101,5
2011-05-16,156047.0990062078,-0.0020360300795145836,-0.0020360300795146543,1.5940073676489306,-318.36478768161845,0.0,0.0,0.9925605062435103,0.007439493756489676,5
2011-05-17,156221.81013927117,0.0011196051331683332,0.0011196051331680405,1.595792026480058,174.7111330633317,0.0,0.0,0.9925688262238156,0.007431173776184395,5
2011-05-18,157612.65771553392,0.008903030729338068,0.008903030729338143,1.6099994119294427,1390.8475762627602,0.0,0.0,0.992634402365892,0.007365597634107991,5
2011-05-19,157457.78101548445,-0.000982641256700334,-0.0009826412567002082,1.6084173600840177,-154.876700049452,0.0,0.0,0.992627157506679,0.007372842493321081,5
2011-05-20,155938.59725885233,-0.009648197420505489,-0.009648197420505563,1.5928990318593585,-1519.183756632127,0.0,0.0,0.9925553298594322,0.007444670140567823,5
2011-05-23,153886.59654245756,-0.013159030236680413,-0.013159030236680459,1.5719380253351423,-2052.0007163947744,0.0,0.0,0.9924560589105321,0.0075439410894678665,5
2011-05-24,154310.58248743607,0.0027551843663105036,0.0027551843663103986,1.5762690044073546,423.9859449784949,0.0,0.0,0.9924767867500628,0.007523213249937219,5
2011-05-25,155006.50597780425,0.004509888298975584,0.004509888298975727,1.5833778015463695,695.9234903682167,0.0,0.0,0.9925105632731233,0.0074894367268767605,5
2011-05-26,156076.19019195056,0.0069008988196888055,0.006900898819688606,1.594304531548182,1069.6842141462841,0.0,0.0,0.9925618928976466,0.007438107102353411,5
2011-05-27,157389.84572111597,0.00841675804329789,0.008416758043297945,1.6077234070375566,1313.6555291653997,0.0,0.0,0.9926239751144298,0.0073760248855702214,5
2011-05-31,158967.8535657273,0.010026109609430955,0.010225040826015101,1.6241624445114557,1609.3175980986289,31.309753487274012,0.1989312165840276,0.7959376413222484,0.20406235867775166,4
2011-06-01,155197.97281794838,-0.023714736427640215,-0.02371473642764024,1.5856458602241947,-3769.8807477789323,0.0,0.0,0.7909808062337643,0.2090191937662358,4
2011-06-02,155699.07100192684,0.0032287675855551257,0.0032287675855551877,1.5907655421798563,501.09818397846686,0.0,0.0,0.7916535086316585,0.20834649136834155,4
2011-06-03,155004.68996572643,-0.004459763515170967,-0.004459763515170992,1.5836711040536515,-694.3810362004111,0.0,0.0,0.7907201700817278,0.20927982991827224,4
2011-06-06,152762.07558944233,-0.01446804207524277,-0.014270896254493742,1.5610706980264624,-2212.055849460849,30.558526823253118,0.19714582074910125,0.9878878982538958,0.012112101746104146,5
2011-06-07,152848.05926175416,0.0005628600683778018,0.0007643933285019613,1.5622639700533538,116.77031142868205,30.786639116871353,0.2015332601241448,0.7866762428144313,0.2133237571855687,4
2011-06-08,151927.96091016915,-0.00601969273295988,-0.006019692732959864,1.5528596209858585,-920.098351585,0.0,0.0,0.7853843223794799,0.21461567762052022,4
2011-06-09,153020.6546487745,0.007192183269355112,0.007192183269355062,1.56402807197157,1092.6937386053485,0.0,0.0,0.7869168554070031,0.21308314459299688,4
2011-06-10,151551.2119976114,-0.00960290396440866,-0.009602903964408471,1.5490088605987882,-1469.4426511630961,0.0,0.0,0.784850798284914,0.21514920171508603,4
2011-06-13,151972.0936343398,0.002777157841106881,0.0029777533917850893,1.5536214269873416,451.28213555502845,30.400498826633285,0.20059555067835702,0.9856866948216575,0.014313305178342475,5
2011-06-14,153520.51059547538,0.010188824303896338,0.010188824303896456,1.5694510027416848,1548.4169611355892,0.0,0.0,0.9858310596653002,0.014168940334699828,5
2011-06-15,150652.71115710965,-0.018680236453371024,-0.018680236453371128,1.5401332869084896,-2867.799438365748,0.0,0.0,0.9855613421220711,0.014438657877928867,5
2011-06-16,150463.82542982063,-0.0012537824632444794,-0.0012537824632444375,1.5382022948023046,-188.8857272890137,0.0,0.0,0.9855432164603942,0.014456783539605746,5
2011-06-17,151326.3405826607,0.005732375541936285,0.005732375541936125,1.5470198480155792,862.5151528400505,0.0,0.0,0.9856256158286485,0.014374384171351496,5
2011-06-20,151792.4589489184,0.003080219639641113,0.0030802196396409933,1.551785008934351,466.1183662577133,0.0,0.0,0.9856697561272662,0.014330243872733855,5
2011-06-21,153993.71090985485,0.014501721470084439,0.014501721470084415,1.5742885629153696,2201.251960936437,0.0,0.0,0.9858745987616775,0.014125401238322517,5
2011-06-22,153216.58211029432,-0.00504649699633164,-0.005046496996331332,1.5663439204112584,-777.1287995604979,0.0,0.0,0.9858029534086976,0.014197046591302304,5
2011-06-23,152547.639252001,-0.004365995175455328,-0.00436599517545539,1.5595052704116388,-668.9428582933095,0.0,0.0,0.9857406973621755,0.014259302637824402,5
2011-06-24,151250.71517096448,-0.008501764349785002,-0.00850176434978516,1.546246724100351,-1296.9240810365495,0.0,0.0,0.9856184286314202,0.014381571368579682,5
2011-06-27,152991.71429548084,0.011510683586179571,0.011510683586179732,1.5640450808876372,1740.9991245163667,0.0,0.0,0.9857820865345764,0.01421791346542351,5
2011-06-28,155013.32188083537,0.01321383706734669,0.013213837067346532,1.5847121177524712,2021.6075853545149,0.0,0.0,0.9859675095766793,0.014032490423320648,5
2011-06-29,156886.39402960023,0.012083297912967472,0.012083297912967604,1.6038606663775643,1873.0721487648734,0.0,0.0,0.9861350439709288,0.013864956029071186,5
2011-06-30,157984.74006747233,0.007000900522099229,0.00700090052209929,1.6150891353541814,1098.3460378721031,0.0,0.0,0.9862314363156154,0.01376856368438462,5
2011-07-01,160606.6755705222,0.016596131385411494,0.016596131385411574,1.6418933668436702,2621.9355030498673,0.0,0.0,0.986456210820298,0.01354378917970197,5
2011-07-05,160125.88481168213,-0.002993591375527571,-0.0029935913755274593,1.636978209021151,-480.7907588400519,0.0,0.0,0.9864155445115064,0.013584455488493564,5
2011-07-06,159561.8442372579,-0.0035224821713714105,-0.0035224821713716187,1.6312119824649502,-564.0405744242557,0.0,0.0,0.9863675243591097,0.013632475640890254,5
2011-07-07,161519.11962581196,0.012266562835935302,0.01226656283593532,1.651221346746587,1957.275388554048,0.0,0.0,0.9865327215761251,0.013467278423874757,5
2011-07-08,159794.25560779448,-0.010679008293342895,-0.010679008293342701,1.6335879402905358,-1724.8640180174577,0.0,0.0,0.9863873519951875,0.013612648004812508,5
2011-07-11,156025.29054909537,-0.023586361376780718,-0.023399004463450133,1.5953636087842393,-3739.0265002004744,29.938558498616214,0.18735691333046808,0.7943676773042,0.20563232269580006,4
2011-07-12,155179.904819319,-0.005418260890918569,-0.005219304751869067,1.5870369199199528,-814.3435403746453,31.04218940174415,0.1989561390496262,0.9934874859929297,0.006512514007070281,5
2011-07-13,155926.34113245882,0.004810135139655669,0.005000720337834757,1.5949732477222913,776.0113060532303,29.574992913404664,0.19058519817910563,0.8040354887934831,0.19596451120651692,4
2011-07-14,154959.38425092568,-0.006201369662818701,-0.00620136966281852,1.5850822290108593,-966.9568815331216,0.0,0.0,0.8028126571878762,0.19718734281212383,4
2011-07-15,155197.5576343012,0.0015370052257683842,0.0015370052257683287,1.5875185086801216,238.17338337551521,0.0,0.0,0.8031152700466885,0.1968847299533116,4
2011-07-18,153959.43094549782,-0.007977745962477245,-0.007977745962477254,1.5748536893071408,-1238.1266888033772,0.0,0.0,0.8015319423006971,0.19846805769930292,4
2011-07-19,156040.50036225643,0.01351699862735467,0.013715268415266053,1.5964532303707604,2111.5949204791214,30.525503720522387,0.19826978791139155,1.0,0.0,5
2011-07-20,156788.80572551873,0.004795584233100225,0.004988950965984115,1.604417857256567,778.478405014924,30.173041752640625,0.19336673288404152,0.8077485916714143,0.19225140832858562,4
2011-07-21,158797.8033460066,0.012813399599489905,0.012813399599490056,1.6249759043861531,2008.9976204878858,0.0,0.0,0.8101808206678446,0.18981917933215545,4
2011-07-22,159043.15879984057,0.0015450809058066284,0.0015450809058067414,1.6274866236284165,245.35545383396868,0.0,0.0,0.8104736542058784,0.18952634579412161,4
2011-07-25,158287.6153313223,-0.00475055622775411,-0.00475055622775421,1.6197551569129518,-755.5434685182844,0.0,0.0,0.8095690010378009,0.19043099896219895,4
2011-07-26,158266.91248177527,-0.00013079260499115897,5.9448153212758016e-05,1.6198514483656872,9.409906407898553,30.11275595493305,0.19024075820399494,1.0,0.0,5
2011-07-27,154594.56943278544,-0.02320347943486112,-0.02300074656391089,1.582593655730644,-3640.257143445978,32.085905543852625,0.20273287095018913,0.7926588252361275,0.2073411747638724,4
2011-07-28,154496.3936649507,-0.0006350531470474818,-0.0006350531470473335,1.581588624649075,-98.1757678347179,0.0,0.0,0.7925270688983044,0.20747293110169568,4
2011-07-29,154100.5934623388,-0.002561873408322257,-0.002561873408322184,1.5775367948086816,-395.8002026119131,0.0,0.0,0.791994184330364,0.20800581566963608,4
2011-08-01,153627.70763021865,-0.003068682744792328,-0.003068682744792465,1.5726958348671771,-472.8858321201576,0.0,0.0,0.7913539156916785,0.20864608430832152,4
2011-08-02,149966.0097963343,-0.023834879074665527,-0.023639606996064592,1.5355179234065695,-3631.6986320846827,29.999201799626793,0.19527207860078707,0.9864994831853436,0.013500516814656487,5
2011-08-03,151166.82687043672,0.008007261617037242,0.008007261617036989,1.5478132171369352,1200.817074102381,0.0,0.0,0.9866067266291326,0.013393273370867455,5
2011-08-04,143008.2447541659,-0.05397071755209526,-0.05397071755209513,1.464276627171438,-8158.582116270804,0.0,0.0,0.9858426439652993,0.014157356034700738,5
2011-08-05,141147.5957088146,-0.013010781640945268,-0.012808426780964294,1.4455215472052354,-1831.7106320079552,28.938413343352554,0.20235485998096317,0.7808386787493843,0.21916132125061577,4
2011-08-08,133873.7680684902,-0.05153348594991436,-0.051533485949914526,1.3710287828620356,-7273.827640324413,0.0,0.0,0.7689308815819272,0.23106911841807262,4
2011-08-09,138240.61929175147,0.03261917017998006,0.03363736436233507,1.4171465775824146,4503.160715078543,136.30949181726322,1.01819418235488,0.9916655818981279,0.008334418101872203,5
2011-08-10,130306.6194834088,-0.057392681318927496,-0.05739268131892755,1.335812735673018,-7933.999808342681,0.0,0.0,0.9911581228612419,0.008841877138758055,5
2011-08-11,136901.8518015695,0.050613179470905045,0.05082416636246884,1.4037043043799682,6622.725306755691,27.49298859498008,0.21098689156371375,0.7909622817395943,0.2090377182604057,4
2011-08-12,137237.12848968076,0.002449029605510633,0.002449029605510656,1.4071420177787775,335.27668811127603,0.0,0.0,0.7914729706081242,0.2085270293918758,4
2011-08-15,140134.83282703572,0.021114580064773403,0.021114580064773247,1.436853230575674,2897.704337354938,0.0,0.0,0.7957848869627852,0.20421511303721482,4
2011-08-16,138105.78813370693,-0.014479231554321514,-0.014282087971915958,1.4163319663338605,-2001.4180103654603,27.626682963334055,0.19714358240561683,0.9930246147323366,0.006975385267663467,5
2011-08-17,138266.97139755916,0.0011670999892936518,0.0011670999892936832,1.417984967356605,161.18326385224503,0.0,0.0,0.9930327462141555,0.006967253785844602,5
2011-08-18,131001.87681430927,-0.05254396266741501,-0.05254396266741496,1.3434784181688637,-7265.094583249881,0.0,0.0,0.9926463566526424,0.007353643347357647,5
2011-08-19,128636.09361086914,-0.018059155036332486,-0.017662157738238676,1.3197496904292458,-2313.7758122996424,52.00739114049982,0.3969972980938169,0.588616823289363,0.41138317671063707,3
2011-08-22,128113.21340070479,-0.004064801685801256,-0.0040648016858013,1.3143851696627533,-522.8802101643547,0.0,0.0,0.5869378073925112,0.4130621926074887,3
2011-08-23,130526.08694761404,0.018833916368660608,0.019643660145164388,1.3402045052354528,2516.612424148365,103.7388772391046,0.809743776503649,1.0,-2.787166069378757e-17,5
2011-08-24,133026.16726948976,0.01915387475669217,0.0191538747566921,1.3658746144770872,2500.080321875703,0.0,0.0,1.0,-2.7347843524062068e-17,5
2011-08-25,130879.90674745152,-0.01613412282780624,-0.016134122827806102,1.3438374256797316,-2146.2605220382275,0.0,0.0,1.0,-2.779631264646016e-17,5
2011-08-26,133199.26705234105,0.01772128634966874,0.017721286349668745,1.367651953507604,2319.3603048895307,0.0,0.0,1.0,-2.7312303495350004e-17,5
2011-08-29,138013.96925865446,0.03614661186102053,0.036146611861020604,1.4170879378320098,4814.702206313402,0.0,0.0,1.0,-2.635949698884257e-17,5
2011-08-30,138529.9940069324,0.0037389312911568773,0.0037389312911568513,1.422386332265091,516.0247482779429,0.0,0.0,1.0,-2.6261307763498924e-17,5
2011-08-31,139329.405153443,0.005770671920122927,0.005770671920122932,1.4305944571322597,799.4111465106027,0.0,0.0,1.0,-2.6110631873330827e-17,5
2011-09-01,136901.5472192969,-0.017425308975318687,-0.01742530897531879,1.4056659066983517,-2427.857934146118,0.0,0.0,1.0,-2.6573686572469382e-17,5
2011-09-02,132308.1450753056,-0.0335525948193508,-0.03355259481935064,1.3585021680795266,-4593.402143991268,0.0,0.0,1.0,-2.749625735453468e-17,5
2011-09-06,131029.31611048811,-0.009665534681100763,-0.009665534681100867,1.3453715182596033,-1278.8289648174912,0.0,0.0,1.0,-2.7764617225232654e-17,5
2011-09-07,135632.3960683077,0.03513015326996061,0.03513015326996049,1.3926346259011024,4603.07995781955,0.0,0.0,1.0,-2.6822344163702162e-17,5
2011-09-08,133456.5689452708,-0.01604209013561264,-0.016042090135612388,1.3702938557064221,-2175.8271230368714,0.0,0.0,1.0,-2.725964585964751e-17,5
2011-09-09,129672.52760068912,-0.02835410331981081,-0.028155264209865263,1.3317128701538528,-3757.504959196199,26.5363853854863,0.19883910994571283,0.7955631043012079,0.204436895698792,4
2011-09-12,130404.14303983236,0.00564202343148712,0.005642023431487067,1.3392264253712738,731.6154391432415,0.0,0.0,0.7967100708448865,0.2032899291551135,4
2011-09-13,131713.15379350685,0.010038107096602467,0.010038107096602373,1.3526697236557508,1309.0107536744922,0.0,0.0,0.7987304362807863,0.20126956371921362,4
2011-09-14,133302.59641958523,0.012067455529690019,0.012268524024914258,1.3692649846581955,1615.9259917128652,26.48336563446635,0.20106849522398965,1.0,-2.729113239205602e-17,5
2011-09-15,136030.63170333527,0.02046498235610672,0.02046498235610683,1.3972869684100602,2728.0352837500413,0.0,0.0,1.0,-2.6743820575836636e-17,5
2011-09-16,136547.18738535765,0.0037973482557143168,0.003797348255714136,1.402592953642284,516.5556820223522,0.0,0.0,1.0,-2.6642649158526892e-17,5
2011-09-19,134058.68132293154,-0.018224513518562246,-0.01822451351856213,1.3770313793975903,-2488.506062426087,0.0,0.0,1.0,-2.713721163889604e-17,5
2011-09-20,133243.72072213623,-0.006079133352297927,-0.00607913335229799,1.3686602220119335,-814.9606007953207,0.0,0.0,1.0,-2.730319138023983e-17,5
2011-09-21,127741.97668957942,-0.0412908315884547,-0.04129083158845448,1.312147103283022,-5501.7440325567895,0.0,0.0,1.0,-2.847911783870558e-17,5
2011-09-22,123776.55003895695,-0.03104247134251481,-0.03104247134251513,1.2714148144321946,-3965.426650622505,0.0,0.0,1.0,-2.939150271959196e-17,5
2011-09-23,124945.9988029556,0.00944806398005582,0.009448063980055932,1.2834272229441408,1169.4487639986598,0.0,0.0,1.0,-2.911640902426126e-17,5
2011-09-26,128847.33624289946,0.03122418866806953,0.031224188668069402,1.323501196695085,3901.3374399438594,0.0,0.0,1.0,-2.823480029291017e-17,5
2011-09-27,130399.9059162989,0.012049683902448649,0.012049683902448623,1.3394489677597732,1552.5696733994507,0.0,0.0,1.0,-2.789863061271577e-17,5
2011-09-28,126718.67789898383,-0.028230296574584757,-0.028230296574584788,1.3016359261533934,-3681.2280173150716,0.0,0.0,1.0,-2.870909693353805e-17,5
2011-09-29,129112.93132571067,0.01889424247809357,0.018894242478093622,1.3262293509603336,2394.253426726844,0.0,0.0,1.0,-2.8176719169315854e-17,5
2011-09-30,125002.70971633648,-0.03183431409364734,-0.03183431409364739,1.2840097492416482,-4110.221609374199,0.0,0.0,1.0,-2.9103199565411256e-17,5
2011-10-03,120075.40287756585,-0.03941760022604279,-0.03941760022604283,1.2333971662596994,-4927.306838770631,0.0,0.0,1.0,-3.02974524332944e-17,5
2011-10-04,124646.63208871099,0.038069655413158765,0.03806965541315885,1.2803521713667727,4571.229211145154,0.0,0.0,1.0,-2.9186338580753343e-17,5
2011-10-05,126707.07846662634,0.016530301247521306,0.016530301247521147,1.3015167784623831,2060.446377915329,0.0,0.0,1.0,-2.871172511526204e-17,5
2011-10-06,129779.03423143696,0.024244547360625646,0.024445997742998923,1.3333336546911498,3097.4809542171347,25.52518940649784,0.20145038237323876,0.8035147636280188,0.19648523637198126,4
2011-10-07,127985.2998033632,-0.013821449964521726,-0.013821449964521839,1.3149050502968231,-1793.734428073773,0.0,0.0,0.8007609916430319,0.19923900835696803,4
2011-10-10,132164.93525134237,0.03265715245735845,0.03265715245735851,1.357846104991317,4179.635447979168,0.0,0.0,0.8070618037333595,0.1929381962666406,4
2011-10-11,132429.16270873346,0.001999225111324776,0.0019992251113249305,1.3605607450217305,264.2274573911172,0.0,0.0,0.8074467610040272,0.19255323899597293,4
2011-10-12,134038.38122432312,0.012151541870947247,0.012343902749065135,1.3773553745424743,1634.692705616729,25.47419002706428,0.1923608781178551,1.0,-2.714132156671817e-17,5
2011-10-13,132961.94521915665,-0.00803080427661218,-0.008030804276612406,1.3662941031101834,-1076.436005166498,0.0,0.0,1.0,-2.7361052826772023e-17,5
2011-10-14,135408.60901548565,0.01840123346793887,0.018596855142668015,1.391702876628005,2472.6740347280165,26.01023839900565,0.19562167472906522,0.8081050507088879,0.1918949492911121,4
2011-10-17,132431.81893913008,-0.021983757886584132,-0.021983757886584125,1.3611080175381522,-2976.790076355569,0.0,0.0,0.8037916539336379,0.19620834606636212,4
2011-10-18,135667.92215418105,0.024435994619528723,0.02443599461952852,1.3943680457313117,3236.103215050958,0.0,0.0,0.8084718351396535,0.1915281648603465,4
2011-10-19,134067.8185974922,-0.01179426596414146,-0.011602929136109042,1.3781892921070364,-1574.1452867981207,25.95826989071593,0.1913368280323142,1.0,0.0,5
2011-10-20,135137.06917542874,0.007975445480669086,0.007975445480669124,1.389180965668278,1069.2505779365372,0.0,0.0,1.0,0.0,5
2011-10-21,138164.10023051308,0.022399709225266573,0.022399709225266646,1.4202982153605226,3027.031055084348,0.0,0.0,1.0,0.0,5
2011-10-24,141170.5985335902,0.02176034366424484,0.02176034366424466,1.451204392632481,3006.4983030771095,0.0,0.0,1.0,0.0,5
2011-10-25,137695.57059710863,-0.024615805079658548,-0.024615805079658614,1.4154818281726953,-3475.027936481597,0.0,0.0,1.0,0.0,5
2011-10-26,139617.3735213355,0.01395689720368698,0.013956897203687275,1.435237562542189,1921.8029242269092,0.0,0.0,1.0,0.0,5
2011-10-27,146452.4207107225,0.04895556345888785,0.04895556345888795,1.5055004261138025,6835.047189387003,0.0,0.0,1.0,0.0,5
2011-10-28,146518.72781505767,0.0004527552635413823,0.0004527552635414442,1.5061820493559894,66.30710433516563,0.0,0.0,1.0,0.0,5
2011-10-31,141914.95364607376,-0.03142106294285463,-0.03142106294285465,1.4588562083797771,-4603.774168983915,0.0,0.0,1.0,0.0,5
2011-11-01,137153.220865906,-0.0335534251876175,-0.033553425187617586,1.409906585732415,-4761.732780167753,0.0,0.0,1.0,0.0,5
2011-11-02,140302.64101942466,0.022962786682186653,0.02296278668218677,1.4422819699023988,3149.4201535186476,0.0,0.0,1.0,0.0,5
2011-11-03,143262.15353181298,0.021093776217502525,0.021093776217502316,1.4727051430180584,2959.512512388305,0.0,0.0,1.0,0.0,5
2011-11-04,142276.83252879826,-0.00687774809134023,-0.006877748091340072,1.4625762480315592,-985.3210030146951,0.0,0.0,1.0,0.0,5
2011-11-07,142854.09625399485,0.004057327640322184,0.0040573276403223285,1.4685103990687767,577.2637251966041,0.0,0.0,1.0,0.0,5
2011-11-08,144832.9282073336,0.013852119086738668,0.01385211908673832,1.4888523799967908,1978.831953338715,0.0,0.0,1.0,0.0,5
2011-11-09,138279.60828597235,-0.04524744477982201,-0.04524744477982179,1.4214856141475798,-6553.319921361221,0.0,0.0,1.0,0.0,5
2011-11-10,139548.3993278183,0.009175546977411075,0.009175546977410914,1.4345285221779047,1268.7910418459187,0.0,0.0,1.0,0.0,5
2011-11-11,142792.50216156527,0.0232471518797297,0.023247151879729717,1.4678772246087786,3244.1028337469643,0.0,0.0,1.0,0.0,5
2011-11-14,141061.6193342483,-0.012121664661065457,-0.01212166466106546,1.4500841091284555,-1730.882827316959,0.0,0.0,1.0,0.0,5
2011-11-15,141914.47665653715,0.006045991293124109,0.006045991293124165,1.4588513050265437,852.8573222888607,0.0,0.0,1.0,0.0,5
2011-11-16,139233.60657353397,-0.018890744243742374,-0.018890744243742503,1.4312925181336373,-2680.870083003209,0.0,0.0,1.0,0.0,5
2011-11-17,136494.6593104448,-0.019671596035563566,-0.01907096491491337,1.4039963887373328,-2655.319225940718,83.62803714840906,0.6006311206500442,0.38792909896022804,0.6120709010397719,2
2011-11-18,136724.11370046574,0.001681050314936039,0.001681050314936076,1.4063565773087887,229.45439002091564,0.0,0.0,0.38895629417434596,0.611043705825654,2
2011-11-21,135602.59503091843,-0.008202786174239307,-0.008202786174239458,1.3948205350203895,-1121.518669547324,0.0,0.0,0.3839025787654587,0.6160974212345413,2
2011-11-22,135168.99851541605,-0.0031975532282660923,-0.0031975532282659223,1.3903605221157835,-433.59651550234975,0.0,0.0,0.3819262550670419,0.6180737449329581,2
2011-11-23,133726.10626571014,-0.010674727678339213,-0.010278878818711666,1.3760691747946348,-1389.3857557865788,53.50649391934141,0.39584885962766814,0.7757774488818086,0.2242225511181915,4
2011-11-25,133591.28733925338,-0.0010081720781496273,-0.001008172078149635,1.3746818602750044,-134.81892645675993,0.0,0.0,0.7755511658342293,0.22444883416577066,4
2011-11-28,137212.18002616498,0.02710425776283132,0.027104257762831485,1.4119415917577869,3620.89268691161,0.0,0.0,0.7814741468849036,0.21852585311509648,4
2011-11-29,137180.63501474107,-0.0002298994988483294,-0.0002298994988484309,1.4116169870934385,-31.54501142391601,0.0,0.0,0.7814238963482137,0.21857610365178623,4
2011-11-30,143360.7892173399,0.04505121442202631,0.045051214422026316,1.4752120466607597,6180.154202598831,0.0,0.0,0.7908465148546127,0.2091534851453873,4
2011-12-01,142595.75451471002,-0.005336429206385329,-0.005137456697724912,1.467633208651078,-736.5098467557522,28.52485587411683,0.19897250866045504,0.9899644419788015,0.010035558021198534,5
2011-12-02,142740.97102385105,0.0010183789106150698,0.0010183789106151637,1.4691278153592866,145.2165091410377,0.0,0.0,0.9899746515822018,0.01002534841779828,5
2011-12-05,144586.7399819261,0.012930898149534409,0.012930898149534185,1.4881249575083453,1845.7689580750282,0.0,0.0,0.9901026334213786,0.00989736657862152,5
2011-12-06,144868.6740546571,0.0019499303516092859,0.0019499303516094244,1.4910266975299784,281.9340727310176,0.0,0.0,0.9901218950380603,0.00987810496193985,5
2011-12-07,146011.24636232876,0.007886952200864217,0.007886952200864189,1.5027863538236097,1142.5723076716547,0.0,0.0,0.9901991935302173,0.009800806469782753,5
2011-12-08,141361.63134913324,-0.031844225215758026,-0.03184422521575804,1.454931286721283,-4649.615013195529,0.0,0.0,0.9898768289927653,0.010123171007234769,5
2011-12-09,144031.3450725456,0.0188857025625202,0.019081238374194107,1.4826931774212846,2697.3549847377617,27.641261325399633,0.19553581167390166,0.7983449504171887,0.2016550495828113,4
2011-12-12,141482.70296316597,-0.01769505178262365,-0.01769505178262364,1.4564568448690722,-2548.642109379629,0.0,0.0,0.7947123752672103,0.20528762473278983,4
2011-12-13,140187.19517935172,-0.00915665135512378,-0.009156651355123594,1.4431205773268228,-1295.5077838142226,0.0,0.0,0.7928152568076975,0.2071847431923026,4
2011-12-14,139401.8644167503,-0.0056020149457780555,-0.005602014945778099,1.4350361942840781,-785.3307626014398,0.0,0.0,0.791648066160346,0.20835193383965409,4
2011-12-15,140022.4664775313,0.004451892113334077,0.004652822677869477,1.4417131632324067,648.6121560955419,28.01009531456917,0.20093056453557392,0.9928115634046414,0.007188436595358507,5
2011-12-16,140304.74693918828,0.002015965500095529,0.0020159655000955875,1.4446196072305169,282.280461656994,0.0,0.0,0.9928260258889479,0.007173974111052048,5
2011-12-19,138204.98206253618,-0.014965743657712416,-0.0149657436577125,1.4229998005057996,-2099.7648766521143,0.0,0.0,0.9927170308394236,0.007282969160576257,5
2011-12-20,142993.14982953307,0.034645406377827204,0.034645406377827134,1.47230020686989,4788.167766996876,0.0,0.0,0.9929609032083048,0.00703909679169512,5
2011-12-21,143320.49732229015,0.0022892529687423835,0.002289252968742359,1.475670674489347,327.3474927570795,0.0,0.0,0.9929769806761415,0.007023019323858442,5
2011-12-22,145053.22310879573,0.0120898672477332,0.012089867247733293,1.4935113370452962,1732.7257865056029,0.0,0.0,0.9930608737908256,0.006939126209174259,5
2011-12-23,146016.21193254064,0.006638865397859073,0.006638865397858942,1.503426557782116,962.9888237448971,0.0,0.0,0.9931066378939862,0.006893362106013732,5
2011-12-27,145506.756102672,-0.003489036067474527,-0.0034890360674746162,1.4981810482972149,-509.45582986865173,0.0,0.0,0.993082502495697,0.00691749750430291,5
2011-12-28,143044.89089939592,-0.016919250138041297,-0.016919250138041346,1.4728329483890015,-2461.8652032760815,0.0,0.0,0.9929634493348849,0.007036550665114992,5
2011-12-29,144906.09221161378,0.013011309250652303,0.01301130925065255,1.491996433355041,1861.2013122178948,0.0,0.0,0.9930538281252554,0.006946171874744507,5
2011-12-30,144840.65819864144,-0.00045156150423808494,-0.00045156150423820084,1.4913227052012772,-65.43401297235576,0.0,0.0,0.9930506900844165,0.006949309915583405,5
2012-01-03,148418.61646795992,0.024702720312217208,0.024702720312217114,1.5281624328831236,3577.958269318476,0.0,0.0,0.993218218535161,0.006781781464838911,5
2012-01-04,148077.56577113798,-0.002297897022207951,-0.002297897022207824,1.5246508729791515,-341.05069682193016,0.0,0.0,0.9932025988072013,0.0067974011927985955,5
2012-01-05,148091.7999356499,9.61264080605595e-05,9.612640806057483e-05,1.5247974321911173,14.234164511933017,0.0,0.0,0.9932032521541583,0.006796747845841681,5
2012-01-06,147152.23291041006,-0.006344490550105442,-0.006344490550105423,1.5151233692917556,-939.5670252398338,0.0,0.0,0.9931598549183263,0.006840145081673711,5
2012-01-09,147834.11131400423,0.00463382981085525,0.004633829810855045,1.5221441931275028,681.878403594143,0.0,0.0,0.9931914047897814,0.006808595210218554,5
2012-01-10,150204.13567246252,0.0160316474823885,0.016031647482388386,1.5465466722490873,2370.0243584582804,0.0,0.0,0.9932988354968179,0.0067011645031820445,5
2012-01-11,150810.21674138727,0.0040350491430301005,0.00403504914303007,1.552787064073602,606.0810689247423,0.0,0.0,0.9933257663575572,0.006674233642442724,5
2012-01-12,151666.79849525087,0.005679865544736096,0.005679865544736426,1.5616066858171458,856.5817538636381,0.0,0.0,0.9933634610067215,0.006636538993278503,5
2012-01-13,150521.15803329498,-0.007553666809890225,-0.007553666809890377,1.549810829224386,-1145.6404619559082,0.0,0.0,0.993312949253441,0.006687050746558836,5
2012-01-17,151528.94263896046,0.006695301968395517,0.00669530196839552,1.5601872807199326,1007.784605665493,0.0,0.0,0.9933574233102274,0.006642576689772584,5
2012-01-18,153736.2291162251,0.014566764862365744,0.014763366091211183,1.5832208967160524,2237.0772535931133,29.790776328487336,0.19660122884555561,0.7998680704526846,0.20013192954731537,4
2012-01-19,154672.80683465343,0.0060921080464402255,0.006092108046440372,1.592866049480229,936.5777184283555,0.0,0.0,0.8010799131145978,0.19892008688540225,4
2012-01-20,155012.83998993872,0.002198402952942935,0.0021984029529428573,1.5963678109070487,340.03315528526224,0.0,0.0,0.8015162603539467,0.19848373964605318,4
2012-01-23,155411.86810316896,0.0025741616840007087,0.0025741616840009394,1.600477119759458,399.0281132302688,0.0,0.0,0.8020258777538566,0.19797412224614347,4
2012-01-24,155221.16311741533,-0.001227094095716308,-0.0010293177498161476,1.598829720251915,-159.9681943706778,30.736791382975323,0.19777634590024323,1.0,-2.3437389167995115e-17,5
2012-01-25,156556.77949093044,0.008604602276461426,0.008604602276461521,1.612587014102469,1335.6163735151172,0.0,0.0,1.0,-2.3237440236834115e-17,5
2012-01-26,155604.8280878588,-0.006080550495271231,-0.006080550495271196,1.6027815973352002,-951.9514030716405,0.0,0.0,1.0,-2.337960108177112e-17,5
2012-01-27,155891.31088356327,0.001841091945699258,0.0018410919456992659,1.6057324656247691,286.48279570447573,0.0,0.0,1.0,-2.3336636188844128e-17,5
2012-01-30,154582.74803004868,-0.008394071780511103,-0.008394071780511119,1.5922538320480177,-1308.5628535146043,0.0,0.0,1.0,-2.3534183817100612e-17,5
2012-01-31,154982.7330776094,0.0025875141479756447,0.0025875141479757913,1.5963738113656107,399.9850475607278,0.0,0.0,1.0,-2.3473445943619753e-17,5
2012-02-01,157084.40461683364,0.013560681873972413,0.013560681873972368,1.6180217287734806,2101.6715392242354,0.0,0.0,1.0,-2.315938883917606e-17,5
2012-02-02,157512.76988090557,0.0027269751259957342,0.0027269751259955638,1.6224340337811662,428.36526407192804,0.0,0.0,1.0,-2.309640551583447e-17,5
2012-02-03,160118.58762450085,0.01654353323584834,0.016755076227164444,1.6496180396907156,2639.1384661063844,33.32072251107684,0.21154299131600837,0.7921078228179912,0.20789217718200892,4
2012-02-06,160011.04839933582,-0.0006716223691481948,-0.0006716223691484333,1.6485101193147085,-107.53922516506827,0.0,0.0,0.7919681039431029,0.20803189605689704,4
2012-02-07,160452.20998162637,0.002757069506785337,0.0027570695067852006,1.6530551762962977,441.1615822905397,0.0,0.0,0.7925400853476711,0.20745991465232885,4
2012-02-08,160707.33626688243,0.0015900453180748286,0.0015900453180752146,1.6556836089398876,255.1262852561062,0.0,0.0,0.792869432337014,0.2071305676629861,4
2012-02-09,160494.68768605805,-0.0013232039417990782,-0.001323203941799247,1.653492801862166,-212.64858082439594,0.0,0.0,0.7925949932144863,0.20740500678551357,4
2012-02-10,159132.73762493336,-0.008485951035269057,-0.008485951035269002,1.6394613429083937,-1361.9500611246795,0.0,0.0,0.7908199011379907,0.20918009886200933,4
2012-02-13,160261.1560264589,0.00709105127183296,0.007091051271832875,1.6510868473491453,1128.418401525531,0.0,0.0,0.7922927637994197,0.20770723620058032,4
2012-02-14,159858.90046254636,-0.002510000388653899,-0.00231046248115016,1.6472720731352246,-370.2773881848851,31.978175727654808,0.19953790750377,0.9920101546958748,0.007989845304125172,5
2012-02-15,159603.01667092287,-0.0016006852973660113,-0.0016006852973660193,1.6446353089469954,-255.88379162349588,0.0,0.0,0.9919973449636182,0.008002655036381801,5
2012-02-16,161706.40764964744,0.013178892370571127,0.013178892370571226,1.6663097806724487,2103.3909787245775,0.0,0.0,0.9921014392456818,0.007898560754318223,5
2012-02-17,162087.74527152715,0.002358209717365778,0.002358209717365881,1.6702392885893722,381.33762187972707,0.0,0.0,0.9921200218866414,0.00787997811335867,5
2012-02-21,162261.19439480687,0.0010700939974774837,0.0010700939974773258,1.6720266016264425,173.44912327969502,0.0,0.0,0.9921284451901942,0.007871554809805883,5
2012-02-22,161753.5025347424,-0.003128855682087206,-0.003128855682087242,1.6667950716933426,-507.69186006445403,0.0,0.0,0.9921037389288745,0.007896261071125519,5
2012-02-23,162469.8795185472,0.004428818990494188,0.004833878807615512,1.674852157067039,781.8968279602733,65.51984415545948,0.40505981712134315,0.5892680391329437,0.41073196086705643,3
2012-02-24,162733.14287600806,0.0016203825486975632,0.0016203825486974812,1.6775660582739989,263.26335746083623,0.0,0.0,0.5899325053450706,0.4100674946549295,3
2012-02-27,162698.22002124542,-0.0002146019805520094,-0.00021460198055188215,1.6772060492753866,-34.92285476262374,0.0,0.0,0.5898444851592515,0.41015551484074864,3
2012-02-28,162814.13673650246,0.0007124645570302235,0.0007124645570300471,1.6784009991403317,115.91671525701376,0.0,0.0,0.5901364983773777,0.4098635016226222,3
2012-02-29,161575.85306577943,-0.007605504629656701,-0.0072084277124044365,1.6663023668656012,-1173.6339352226096,64.64973550039988,0.39707691725214667,0.9875155419432271,0.012484458056772894,5
2012-03-01,162999.710610831,0.008812316432405876,0.00900261491488965,1.6813034454062614,1454.6051846960042,30.747639644430922,0.19029848248372358,0.7991770731205311,0.20082292687946893,4
2012-03-02,162451.5755756135,-0.0033627975973908875,-0.0033627975973908267,1.6756495622195644,-548.1350352175026,0.0,0.0,0.7984994676143516,0.20150053238564836,4
2012-03-05,161168.10352324232,-0.007900643916954775,-0.00790064391695476,1.6624108516988665,-1283.4720523711871,0.0,0.0,0.7968948057972719,0.20310519420272807,4
2012-03-06,158830.92771702772,-0.014501478612221508,-0.014501478612221667,1.6383034362882303,-2337.175806214626,0.0,0.0,0.7939061400957603,0.20609385990423956,4
2012-03-07,159584.23996225823,0.004742856168243215,0.004943844937230763,1.6464029544373715,785.2354778694927,31.92323263897944,0.20098876898744614,0.9951190475078284,0.0048809524921715865,5
2012-03-08,161750.10637542792,0.0135719317501648,0.01357193175016489,1.6687478229682653,2165.866413169705,0.0,0.0,0.995184404442077,0.004815595557923058,5
2012-03-09,161933.51734864942,0.0011339156265888217,0.0011339156265888183,1.670640042201565,183.41097322150134,0.0,0.0,0.9951898587364219,0.0048101412635781875,5
2012-03-12,161141.5892524783,-0.0048904520147368125,-0.004890452014736857,1.6624698572412804,-791.9280961711283,0.0,0.0,0.9951662193641726,0.0048337806358274655,5
2012-03-13,163579.3053126209,0.01512778961316541,0.015326324103271623,1.68794940908528,2469.7082233997535,31.992163257153113,0.19853449010625968,0.7998579702665781,0.20014202973342177,4
2012-03-14,163068.8620758227,-0.0031204634096146933,-0.002527481204929105,1.6836831486789459,-413.4436196930091,96.9996171051762,0.5929822046853517,1.0,-2.230946338118279e-17,5
2012-03-15,163944.91814576558,0.005372307495072448,0.005372307495072424,1.692728412277921,876.0560699428736,0.0,0.0,1.0,-2.219025053193255e-17,5
2012-03-16,164474.77837220626,0.0032319405348666397,0.0032319405348666466,1.6981992098480825,529.8602264406942,0.0,0.0,1.0,-2.2118764001973424e-17,5
2012-03-19,165405.85706787262,0.005660920810358849,0.005660920810358646,1.707812581095246,931.0786956663486,0.0,0.0,1.0,-2.199425625900844e-17,5
2012-03-20,164402.92421132931,-0.006063466399087503,-0.006063466399087409,1.6974573168938363,-1002.9328565433003,0.0,0.0,1.0,-2.2128431258408315e-17,5
2012-03-21,164058.20604004318,-0.002096788563462626,-0.002096788563462597,1.6938981078048074,-344.7181712861234,0.0,0.0,1.0,-2.2174927392560653e-17,5
2012-03-22,161659.10539991964,-0.01462347235186734,-0.014623472351867478,1.6691274356584433,-2399.1006401235495,0.0,0.0,1.0,-2.2504014222347175e-17,5
2012-03-23,163072.83310312065,0.008745116457892443,0.008745116457892266,1.6837241494663395,1413.7277032009779,0.0,0.0,1.0,-2.2308920117866613e-17,5
2012-03-26,165113.59446640956,0.012514416561331343,0.012514416561331435,1.7047949748471347,2040.76136328893,0.0,0.0,1.0,-2.2033187629694643e-17,5
2012-03-27,164526.28014496234,-0.0035570318927719002,-0.0035570318927718885,1.698730964750966,-587.3143214472228,0.0,0.0,1.0,-2.2111840150317195e-17,5
2012-03-28,162460.555046438,-0.01255559353012925,-0.012555593530129323,1.6774023892405083,-2065.7250985243336,0.0,0.0,1.0,-2.239299752516435e-17,5
2012-03-29,162585.1721645076,0.0007670607676673047,0.0007670607676673492,1.6786890588048862,124.6171180695844,0.0,0.0,1.0,-2.237583390083518e-17,5
2012-03-30,163335.84015634833,0.004617075357162381,0.004617075357162416,1.6864396926906324,750.6679918407567,0.0,0.0,1.0,-2.2272997791601443e-17,5
2012-04-02,165110.25109062385,0.010863573680932603,0.01086357368093245,1.704760454550626,1774.4109342754955,0.0,0.0,1.0,-2.2033633787492337e-17,5
2012-04-03,164023.64561384576,-0.0065810903296469325,-0.006581090329646867,1.6935412720088185,-1086.6054767780706,0.0,0.0,1.0,-2.2179599736835868e-17,5
2012-04-04,161926.56949640822,-0.012785206118236081,-0.012785206118236298,1.6718889977764457,-2097.076117437563,0.0,0.0,1.0,-2.2466842954839532e-17,5
2012-04-05,161427.10984671375,-0.0030844823752382844,-0.0030844823752383334,1.6667320856294494,-499.4596496944763,0.0,0.0,1.0,-2.2536355947561885e-17,5
2012-04-09,159261.96491086629,-0.013412523695080836,-0.013026055693899256,1.6450211406552313,-2102.7585233684863,62.38641247894572,0.38646800118137503,0.6086697404408675,0.3913302595591326,3
2012-04-10,157137.50731239567,-0.013339390856188404,-0.013339390856188632,1.6230775606933379,-2124.4575984706444,0.0,0.0,0.603379058682889,0.39662094131711095,3
2012-04-11,158258.6761748778,0.0071349538481171315,0.007134953848117309,1.6346581441807997,1121.1688624821393,0.0,0.0,0.6061888828287813,0.3938111171712188,3
2012-04-12,160329.01462102385,0.01308199017068934,0.013475407870160926,1.6566858294019162,2132.6002104481977,62.261764302164615,0.3934176994717471,1.0,-2.2690707703100092e-17,5
2012-04-13,158642.0199029337,-0.010522079999541911,-0.01052207999954183,1.639254048570842,-1686.9947180901247,0.0,0.0,1.0,-2.2932000042092488e-17,5
2012-04-16,158595.3192411991,-0.00029437762935191625,-0.0002943776293518353,1.6387714888501184,-46.7006617346123,0.0,0.0,1.0,-2.2938752697731936e-17,5
2012-04-17,160728.1481194721,0.013448246067270908,0.013448246067270844,1.6608100910802026,2132.8288782730197,0.0,0.0,1.0,-2.263436025149458e-17,5
2012-04-18,160457.22034238066,-0.0016856274414986938,-0.0016856274414987322,1.65801058401556,-270.927777091455,0.0,0.0,1.0,-2.2672577770754478e-17,5
2012-04-19,159808.7846998973,-0.004041174595320385,-0.004041174595320377,1.6513102737646639,-648.4356424833527,0.0,0.0,1.0,-2.276457338639689e-17,5
2012-04-20,159735.939117986,-0.00045582964696277983,-0.0004558296469627284,1.6505575575855478,-72.84558191129686,0.0,0.0,1.0,-2.277495488604219e-17,5
2012-04-23,158177.54560840438,-0.009756060647256981,-0.009756060647257035,1.6344546179519548,-1558.393509581629,0.0,0.0,1.0,-2.299933782066737e-17,5
2012-04-24,158299.51066045766,0.0007710642593685701,0.0007710642593684735,1.6357148874914174,121.96505205326727,0.0,0.0,1.0,-2.2981617516777707e-17,5
2012-04-25,161141.29293656733,0.017951933421987087,0.01795193342198713,1.6650791322490164,2841.7822761096777,0.0,0.0,1.0,-2.2576328765860095e-17,5
2012-04-26,161798.37670511575,0.004077687081777803,0.004077687081777836,1.671868803916726,657.0837685484187,0.0,0.0,1.0,-2.248464342582423e-17,5
2012-04-27,162671.32479993947,0.005395283392828576,0.005395283392828431,1.6808890099094858,872.9480948237095,0.0,0.0,1.0,-2.2363983397601658e-17,5
2012-04-30,162004.85004456955,-0.004097063549396762,-0.004097063549396821,1.6740023008164038,-666.4747553699232,0.0,0.0,1.0,-2.2455987003419093e-17,5
2012-05-01,163269.16394380806,0.007804173139820625,0.007804173139820672,1.687066504608433,1264.3138992385054,0.0,0.0,1.0,-2.2282093686372933e-17,5
2012-05-02,162447.79570184916,-0.005030761609348344,-0.0050307616093482055,1.6785792752046316,-821.3682419588878,0.0,0.0,1.0,-2.2394756366954517e-17,5
2012-05-03,160480.27578433938,-0.012111705849926713,-0.011702449091167752,1.6589357866910601,-1901.0370591733094,66.48285833645078,0.40925675875880163,0.986219962775428,0.013780037224571901,5
2012-05-04,157554.7457274945,-0.018229841907651867,-0.018229841907651805,1.6286936495647362,-2925.530056844869,0.0,0.0,0.9859640903616916,0.014035909638308348,5
2012-05-07,157624.15874419129,0.00044056442969253595,0.0004405644296924229,1.6294111940536002,69.41301669676832,0.0,0.0,0.9859702713610882,0.014029728638911805,5
2012-05-08,157062.64110219467,-0.0035623831173487996,-0.003562383117348842,1.6236066071246846,-561.5176419966209,0.0,0.0,0.9859201134108087,0.014079886589191326,5
2012-05-09,155902.63235155356,-0.007385643985741597,-0.007385643985741418,1.6116152267515642,-1160.0087506410869,0.0,0.0,0.9858153506405773,0.014184649359422598,5
2012-05-10,155870.42944090226,-0.00020655783783485315,-0.00020655783783498507,1.6112823349949046,-32.2029106513195,0.0,0.0,0.9858124200847459,0.014187579915254003,5
2012-05-11,155301.81899801074,-0.0036479686681500922,-0.003647968668150142,1.6054044275212995,-568.6104428915189,0.0,0.0,0.9857604747427582,0.014239525257241753,5
2012-05-14,153125.06915063463,-0.014016254680210727,-0.014016254680210801,1.582902670200423,-2176.749847376119,0.0,0.0,0.9855580527317684,0.01444194726823146,5
2012-05-15,151216.1973242101,-0.012466096093949885,-0.012466096093949627,1.563170053406335,-1908.871826424493,0.0,0.0,0.9853757453682264,0.01462425463177354,5
2012-05-16,149864.43965318703,-0.0089392386195567,-0.00893923861955691,1.5491965032959902,-1351.7576710231172,0.0,0.0,0.9852438365016051,0.014756163498394884,5
2012-05-17,147061.92406314838,-0.018700337428439795,-0.01870033742843966,1.5202260059413963,-2802.51559003863,0.0,0.0,0.9849626326582795,0.015037367341720455,5
2012-05-18,146258.37878594952,-0.005463992684155428,-0.005463992684155305,1.5119195021666698,-803.5452771988458,0.0,0.0,0.9848800171827816,0.015119982817218292,5
2012-05-21,150122.41499099642,0.02641924679543961,0.02641924679543949,1.5518632766292488,3864.036205046872,0.0,0.0,0.9852691939824549,0.014730806017545022,5
2012-05-22,149321.60938612142,-0.005334350669239041,-0.005334350669238888,1.5435850937209943,-800.8056048749798,0.0,0.0,0.9851901932800672,0.014809806719932797,5
2012-05-23,150663.41773021148,0.008986029213095215,0.008986029213094927,1.5574557944660692,1341.8083440900366,0.0,0.0,0.9853220894133856,0.014677910586614282,5
2012-05-24,151248.20689511875,0.0038814277129597397,0.0038814277129600202,1.5635009465484198,584.7891649073149,0.0,0.0,0.9853788403875012,0.014621159612498722,5
2012-05-25,150722.99881761224,-0.003472491266430122,-0.003472491266430337,1.5580717031664748,-525.2080775065485,0.0,0.0,0.9853278916192891,0.014672108380710857,5
2012-05-29,153194.85788569355,0.01640001252279011,0.016400012522790067,1.58362409860981,2471.859068081313,0.0,0.0,0.9855646318379183,0.014435368162081633,5
2012-05-30,150061.66794658045,-0.020452317932570074,-0.02045231793257023,1.5512353150593623,-3133.1899391131183,0.0,0.0,0.9852632307478749,0.014736769252125017,5
2012-05-31,149401.52813272172,-0.004399123526294013,-0.004399123526293922,1.5444112392900666,-660.1398138587086,0.0,0.0,0.9851981154292262,0.014801884570773798,5
2012-06-01,145893.12223530715,-0.023483065677198822,-0.023483065677198798,1.508143728725214,-3508.4058974145682,0.0,0.0,0.9848421629461667,0.015157837053833242,5
2012-06-04,145850.6943075281,-0.00029081513322215535,-8.884832737740118e-05,1.508009732677472,-12.962359886473777,29.465567892575624,0.20196680584470178,0.7830142211591288,0.21698577884087122,4
2012-06-05,147017.1711396813,0.00799774617249116,0.007997746172491212,1.5200704117450727,1166.4768321532185,0.0,0.0,0.7847358491972858,0.21526415080271424,4
2012-06-06,150066.60909752062,0.020742053014624062,0.02074205301462399,1.5515997928114504,3049.4379578393177,0.0,0.0,0.7891101378972674,0.21088986210273264,4
2012-06-07,149987.9941625984,-0.0005238669374553195,-0.0005238669374554249,1.550786960979834,-78.61493492223853,0.0,0.0,0.788999601764842,0.21100039823515795,4
2012-06-08,150763.89544934122,0.005173089293411648,0.005374164126237049,1.5591211446329678,806.0600975948882,30.158810852038656,0.2010748328252474,0.9903255561846358,0.009674443815364323,5
2012-06-11,147856.61825758973,-0.019283643362268954,-0.019086485043060205,1.5293630022256117,-2877.5528355273436,29.72435622415038,0.19715831920871385,0.7893013578224647,0.21069864217753537,4
2012-06-12,149603.58446640839,0.011815272318586256,0.011815272318586006,1.5474328425708777,1746.9662088186383,0.0,0.0,0.7917617494597436,0.20823825054025627,4
2012-06-13,148455.8668541259,-0.007671725355886783,-0.007671725355886753,1.5355613627959948,-1147.7176122824908,0.0,0.0,0.7901518521026336,0.2098481478973664,4
2012-06-14,149611.08708755326,0.007781573459555435,0.007781573459555423,1.5475104463422469,1155.2202334273597,0.0,0.0,0.7917721920862367,0.20822780791376322,4
2012-06-15,151248.84851017475,0.01094679180870517,0.011149021613027763,1.5647636737549027,1668.01724348771,30.255820866208193,0.20222980432260554,0.994266984342009,0.005733015657991003,5
2012-06-18,151277.7996133581,0.00019141370971431648,0.00019141370971441807,1.5650631909745223,28.951103183366584,0.0,0.0,0.994268081509791,0.005731918490209012,5
2012-06-19,154431.4025607865,0.020846435864935176,0.020846435864935044,1.597689180409743,3153.602947428365,0.0,0.0,0.9943851315057465,0.005614868494253511,5
2012-06-20,153818.5977530552,-0.003968135998053235,-0.003968135998053212,1.591349332459259,-612.8048077313039,0.0,0.0,0.9943627621794211,0.005637237820578937,5
2012-06-21,149017.3051687366,-0.031213992680044544,-0.031213992680044482,1.541676966044482,-4801.292584318571,0.0,0.0,0.9941811320787202,0.0058188679212799145,5
2012-06-22,149788.0192248984,0.005171976874021933,0.0051719768740220795,1.5496504836600766,770.7140561617966,0.0,0.0,0.9942110722790184,0.005788927720981613,5
2012-06-25,146991.43948244202,-0.018670249843263265,-0.01867024984326323,1.5207181219604093,-2796.579742456369,0.0,0.0,0.9941009352666044,0.005899064733395694,5
2012-06-26,147669.5646506652,0.004613365040922579,0.004613365040922652,1.527733749781359,678.1251682231956,0.0,0.0,0.9941280248315676,0.005871975168432481,5
2012-06-27,149467.7474596395,0.012177071241648019,0.012374449010312994,1.5466386131693628,1827.3294981447748,29.146689170492234,0.19737776866508108,0.799390470468016,0.20060952953198405,4
2012-06-28,149576.19880917974,0.0007255836217745504,0.0007255836217744038,1.5477608288158822,108.45134954022717,0.0,0.0,0.7995359239183749,0.20046407608162506,4
2012-06-29,153084.02349469476,0.023451757120730665,0.023652020933000204,1.5843685003383132,3537.7793853133194,29.9546997982854,0.20026381226935572,1.0,-2.3764588387747658e-17,5
2012-07-02,154188.78277802485,0.0072166857005060425,0.007216685700505906,1.5958023898390366,1104.759283330074,0.0,0.0,1.0,-2.3594315627545128e-17,5
2012-07-03,156647.34326039985,0.015945131922562972,0.0159451319225629,1.6212476694673612,2458.5604823750004,0.0,0.0,1.0,-2.3224005791430405e-17,5
2012-07-05,156030.35310722433,-0.003938720825605535,-0.003938720825605491,1.6148620275081658,-616.9901531755088,0.0,0.0,1.0,-2.331584037749173e-17,5
2012-07-06,153973.2705828201,-0.013183861238784678,-0.013183861238784808,1.5935719106177155,-2057.0825244042417,0.0,0.0,1.0,-2.3627339948818544e-17,5
2012-07-09,153174.14259927662,-0.005190043573917946,-0.0051900435739178664,1.5853012029634381,-799.1279835434824,0.0,0.0,1.0,-2.375060663214637e-17,5
2012-07-10,151003.06439835223,-0.01417392102924453,-0.013791466957937527,1.5634375738043893,-2112.4961264683343,58.58207445604063,0.3824540713069236,0.6124350680248632,0.3875649319751368,3
2012-07-11,150719.20156405773,-0.0018798481701381986,-0.0018798481701382756,1.5604985485421476,-283.86283429451464,0.0,0.0,0.6117051326289618,0.3882948673710383,3
2012-07-12,150290.46342306724,-0.0028446152616345977,-0.0028446152616345513,1.556059530555206,-428.73814099049275,0.0,0.0,0.6105974321415117,0.3894025678584882,3
2012-07-13,151584.17453615175,0.008608071887054702,0.008608071887054494,1.5694542028547616,1293.711113084497,0.0,0.0,0.6139208293961639,0.386079170603836,3
2012-07-16,151115.2276736522,-0.0030936399788072944,-0.002707946501680527,1.5652042048365933,-410.48183514530257,58.46502735423036,0.3856934771267093,1.0,-2.4074203924360795e-17,5
2012-07-17,152151.2345762549,0.006855741268114057,0.006855741268114053,1.5759348398967172,1036.0069026027081,0.0,0.0,1.0,-2.391028122265046e-17,5
2012-07-18,153456.36803261982,0.008577869643974667,0.00857786964397468,1.5894530035207493,1305.1334563649277,0.0,0.0,1.0,-2.3706926299196638e-17,5
2012-07-19,154164.46328177676,0.004614309971199271,0.004614309971199163,1.5967872323636476,708.0952491569262,0.0,0.0,1.0,-2.35980376388191e-17,5
2012-07-20,152236.00796005226,-0.012509078166735077,-0.012509078166735136,1.576812896058366,-1928.455321724514,0.0,0.0,1.0,-2.3896966662751317e-17,5
2012-07-23,149817.4960181528,-0.015886595913196078,-0.015886595913196105,1.5517627067479702,-2418.511941899456,0.0,0.0,1.0,-2.4282736688183024e-17,5
2012-07-24,148055.849797078,-0.011758614767272246,-0.01175861476727215,1.5335161268691013,-1761.646221074788,0.0,0.0,1.0,-2.4571665436238044e-17,5
2012-07-25,148253.85804133856,0.0013373888605681117,0.0013373888605682377,1.5355670342546779,198.00824426057628,0.0,0.0,1.0,-2.4538847455000547e-17,5
2012-07-26,150311.48247022374,0.013879061604666232,0.01387906160466595,1.5568792637211928,2057.6244288851385,0.0,0.0,1.0,-2.4202933450625674e-17,5
2012-07-27,154033.79600064328,0.024763999857142727,0.024763999857142747,1.5954338215855728,3722.3135304195353,0.0,0.0,1.0,-2.3618055917264545e-17,5
2012-07-30,153665.41356289427,-0.002391568910938724,-0.0023915689109384273,1.591618231658409,-368.38243774897035,0.0,0.0,1.0,-2.3674675535251212e-17,5
2012-07-31,152190.32767348335,-0.009599335694412292,-0.009395298124267313,1.576664503871959,-1443.7323718122216,31.3535175987154,0.20403757014510362,0.7941908361724748,0.20580916382752523,4
2012-08-01,151611.3560550906,-0.003804260278845617,-0.0038042602788455966,1.5706664617268131,-578.9716183927285,0.0,0.0,0.793404894619271,0.20659510538072906,4
2012-08-02,150607.9924313469,-0.0066179978192340005,-0.006617997819233953,1.560271794508361,-1003.363623743692,0.0,0.0,0.7920285399501985,0.20797146004980158,4
2012-08-03,153419.40003046117,0.018667054475185463,0.018667054475185275,1.5893974730925438,2811.4075991142445,0.0,0.0,0.7958396130157092,0.20416038698429087,4
2012-08-06,154331.22128281766,0.005943324326489696,0.006144553237137101,1.5991636104809321,942.6936710968021,30.8724187403116,0.20122891064742743,0.9972858834487083,0.0027141165512917773,5
2012-08-07,155578.2778582562,0.008080390766514123,0.008080390766514213,1.6120854773532076,1247.0565754385416,0.0,0.0,0.9973076387794548,0.0026923612205451636,5
2012-08-08,155918.79741961943,0.00218873461032576,0.002188734610325602,1.6156139046322937,340.5195613632186,0.0,0.0,0.9973135187738944,0.002686481226105596,5
2012-08-09,156409.8931977458,0.0031496893655786895,0.003149689365578684,1.6207025865665952,491.0957781263925,0.0,0.0,0.9973219537875703,0.0026780462124297777,5
2012-08-10,156586.7938159457,0.0011310065788245893,0.0011310065788244794,1.62253561185432,176.90061819988472,0.0,0.0,0.9973249792536328,0.002675020746367144,5
2012-08-13,156013.25307052766,-0.0036627657508091493,-0.0036627657508089043,1.616592643985752,-573.5407454180215,0.0,0.0,0.997315145259644,0.002684854740356018,5
2012-08-14,155231.9076324655,-0.005008199128499258,-0.00500819912849941,1.608496426115004,-781.3454380621746,0.0,0.0,0.9973016312918314,0.0026983687081686375,5
2012-08-15,156037.0699611581,0.0051868352387896,0.005186835238789652,1.6168394320594446,805.1623286926124,0.0,0.0,0.9973155550654147,0.0026844449345853403,5
2012-08-16,158010.24428850153,0.01264554844457555,0.012645548444575378,1.637285253424652,1973.1743273434222,0.0,0.0,0.9973490774351316,0.002650922564868478,5
2012-08-17,158484.5392241955,0.0030016720613885717,0.0030016720613884594,1.6421998468263799,474.29493569396044,0.0,0.0,0.997357010821906,0.002642989178094041,5
2012-08-20,158222.941564138,-0.0016506194316371348,-0.001650619431637068,1.639489199848577,-261.5976600575042,0.0,0.0,0.9973526410397637,0.0026473589602363256,5
2012-08-21,157849.33184477908,-0.0023612866482289885,-0.0023612866482288627,1.6356178958910592,-373.6097193588946,0.0,0.0,0.9973463750706486,0.0026536249293514103,5
2012-08-22,157774.9794750057,-0.00047103379472324125,-0.00047103379472331395,1.6348474645868403,-74.35236977338593,0.0,0.0,0.9973451245345836,0.002654875465416403,5
2012-08-23,156041.08556205253,-0.010989663371991476,-0.010989663371991427,1.6168810412864771,-1733.8939129531695,0.0,0.0,0.9973156241476019,0.0026843758523981617,5
2012-08-24,156343.07054474409,0.001935291475343437,0.0019352914753431344,1.620010177382323,301.9849826915289,0.0,0.0,0.99732080916279,0.002679190837210091,5
2012-08-27,155945.10030811746,-0.00254549328755016,-0.0025454932875501103,1.6158864523500334,-397.9702366266194,0.0,0.0,0.9973139718962818,0.002686028103718277,5
2012-08-28,155975.62527388055,0.0001957417431055486,0.00019574174310578587,1.6162027487808774,30.524965763117535,0.0,0.0,0.9973144975612103,0.0026855024387897938,5
2012-08-29,155729.16536306473,-0.0015801181138594966,-0.0015801181138595515,1.6136489575418593,-246.45991081582832,0.0,0.0,0.9973102474344596,0.002689752565540404,5
2012-08-30,154342.1670568858,-0.008906477492159559,-0.008906477492159384,1.5992770294212664,-1386.9983061789028,0.0,0.0,0.9972860759308221,0.002713924069177968,5
2012-08-31,155302.9921540493,0.006225292254768977,0.006225292254768919,1.6092329963257526,960.8250971634818,0.0,0.0,0.9973028663758824,0.0026971336241176707,5
2012-09-04,154810.809921278,-0.0031691741797420514,-0.003169174179742261,1.6041330566646077,-492.18223277132796,0.0,0.0,0.997294291514412,0.002705708485588106,5
2012-09-05,155168.63422901699,0.002311365129611609,0.0023113651296116536,1.6078407938750396,357.8243077389798,0.0,0.0,0.9973005309729894,0.0026994690270106068,5
2012-09-06,158675.8941360859,0.022602892166289745,0.022602892166289943,1.6441826459595592,3507.2599070689575,0.0,0.0,0.9973601981299974,0.002639801870002569,5
2012-09-07,160903.72968344635,0.014040163816249063,0.014040163816248993,1.6672672396526653,2227.8355473604292,0.0,0.0,0.9973967482115621,0.0026032517884379564,5
2012-09-10,159668.46155455362,-0.007677063367784731,-0.007677063367784749,1.6544675234028203,-1235.2681288927256,0.0,0.0,0.9973766082669893,0.002623391733010803,5
2012-09-11,160520.6741653223,0.005337388501595264,0.0053373885015952464,1.6632980593384934,852.2126107686772,0.0,0.0,0.9973905359901905,0.0026094640098095192,5
2012-09-12,160897.07490104018,0.0023448738779294764,0.0025521289929025383,1.6675430105395697,409.6694664975805,33.268730779718936,0.2072551149732591,0.7908331460239217,0.20916685397607823,4
2012-09-13,163417.15521069558,0.015662685671603338,0.015662685671603234,1.69366121255753,2520.0803096553946,0.0,0.0,0.7940587392577414,0.20594126074225855,4
2012-09-14,164668.86289040092,0.007659585544072867,0.007659585544072787,1.7066339554977927,1251.7076797053428,0.0,0.0,0.7956241733848408,0.20437582661515913,4
2012-09-17,163514.81047305578,-0.007008322017218571,-0.007008322017218521,1.6946733151721447,-1154.0524173451347,0.0,0.0,0.79418173269051,0.20581826730949002,4
2012-09-18,163299.59976483724,-0.0013161542223357747,-0.001116377497835388,1.6927814200169042,-182.5442549749377,32.66645324361617,0.1997767245004329,0.9941505351175398,0.005849464882460139,5
2012-09-19,163406.72112330014,0.0006559805328192336,0.0008601882938035315,1.6942375307783708,140.46840410051493,33.347045637595,0.20420776098420976,0.7902845511461938,0.20971544885380616,4
2012-09-20,162631.8272766929,-0.004742117345482577,-0.004742117345482606,1.686203257596299,-774.8938466072404,0.0,0.0,0.7892853173948643,0.21071468260513584,4
2012-09-21,162456.50840244096,-0.001078010849338007,-0.0010780108493381579,1.684385512190421,-175.3188742519643,0.0,0.0,0.7890579195435502,0.21094208045644983,4
2012-09-24,162307.72362073022,-0.000915843773658942,-0.0009158437736587281,1.6828428782066405,-148.7847817107124,0.0,0.0,0.7888645524585207,0.21113544754147937,4
2012-09-25,160657.17002809283,-0.010169285575677756,-0.009971279831644198,1.6660627809553523,-1618.4157310594678,32.13786157793416,0.1980057440336712,0.9869354450459789,0.013064554954021076,5
2012-09-26,159770.4252236851,-0.005519484777757988,-0.005136879083288415,1.6575044179044174,-825.2764562976205,61.468348110110654,0.3826056944695476,0.6025184629778673,0.3974815370221327,3
2012-09-27,160847.8283894362,0.006743445567242601,0.006743445567242553,1.66868170872402,1077.403165751117,0.0,0.0,0.6051809040602449,0.39481909593975506,3
2012-09-28,159905.03285602806,-0.0058614128822771505,-0.005861412882277301,1.6589008762600845,-942.79553340817,0.0,0.0,0.6028530618809972,0.3971469381190027,3
2012-10-01,160055.83177237754,0.0009430529712297631,0.0009430529712298624,1.6604653076604172,150.79891634948603,0.0,0.0,0.6032272396115846,0.39677276038841536,3
2012-10-02,159624.7397099952,-0.0026933855368382886,-0.002297009152833926,1.6566512036507581,-367.64971054559834,63.44235183675332,0.396376384004411,1.0,-2.2790820606512253e-17,5
2012-10-03,158343.35054256095,-0.008027509831886048,-0.008027509831886144,1.6433524198254457,-1281.3891674342528,0.0,0.0,1.0,-2.2975254689421672e-17,5
2012-10-04,160752.9484433306,0.015217550295059334,0.015217550295059497,1.6683602179266472,2409.597900769658,0.0,0.0,1.0,-2.2630868312653007e-17,5
2012-10-05,160566.03644581666,-0.001162728269210045,-0.0011627282692100584,1.6664203683380385,-186.91199751392753,0.0,0.0,1.0,-2.2657212494121422e-17,5
2012-10-08,160051.89384688958,-0.0032020632152838235,-0.0032020632152839354,1.6610843849753834,-514.1425989270892,0.0,0.0,1.0,-2.272999537619912e-17,5
2012-10-09,159375.38934974503,-0.004226782207224056,-0.004226782207224014,1.6540633430522718,-676.5044971445395,0.0,0.0,1.0,-2.2826477926954367e-17,5
2012-10-10,157837.59210613536,-0.009648900309413677,-0.009448446379800938,1.6384350142466482,-1505.8498205309636,31.94742307871382,0.20045392961272115,0.7977954729936956,0.20220452700630437,4
2012-10-11,158594.35665189658,0.004794577360584418,0.004991841843983066,1.6466138227094118,787.9002968289377,31.13575106770179,0.19726448339863834,0.6026334587012208,0.39736654129877924,3
2012-10-12,158391.74014638155,-0.0012775770197155367,-0.0012775770197155604,1.6445101467291723,-202.6165055150367,0.0,0.0,0.6021251429271018,0.39787485707289816,3
2012-10-15,158826.93963205128,0.002747614776297924,0.0027476147762978817,1.6490286271080972,435.1994856697323,0.0,0.0,0.6032153542826828,0.3967846457173172,3
2012-10-16,159564.93637407644,0.004646546383975325,0.0050429346414349215,1.6573445706964585,800.9538758635645,62.957133838430764,0.39638825745985734,1.0,-2.279936237722684e-17,5
2012-10-17,160376.98763030075,0.005089158524906656,0.005089158524906691,1.665779059947126,812.0512562243248,0.0,0.0,1.0,-2.2683920310798836e-17,5
2012-10-18,160567.33335252415,0.0011868643066310636,0.0011868643066310109,1.6677561136561108,190.3457222234071,0.0,0.0,1.0,-2.2657029491201445e-17,5
2012-10-19,157730.26712614234,-0.017669012539138662,-0.017669012539138766,1.6382885099716955,-2837.0662263818235,0.0,0.0,1.0,-2.3064557445923146e-17,5
2012-10-22,157576.30654032252,-0.0009761004569699416,-0.0009761004569698681,1.6366893758084637,-153.9605858198069,0.0,0.0,1.0,-2.308709276772383e-17,5
2012-10-23,155257.56021956305,-0.014715069617183385,-0.014715069617183205,1.6126053777017382,-2318.746320759447,0.0,0.0,1.0,-2.3431894729937367e-17,5
2012-10-24,154521.41692765194,-0.0047414328221444535,-0.004741432822144612,1.6049593176347363,-736.14329191113,0.0,0.0,1.0,-2.354352477103573e-17,5
2012-10-25,155374.38925036025,0.005520091257690707,0.00552009125769082,1.6138188395329613,852.9723227083297,0.0,0.0,1.0,-2.3414275831711936e-17,5
2012-10-26,155116.86319350143,-0.0016574549904995184,-0.001657454990499581,1.6111440074436152,-257.52605685883407,0.0,0.0,1.0,-2.3453148369519922e-17,5
2012-10-31,155387.8181635542,0.001746779585884095,0.0017467795858840448,1.613958320905737,270.95497005277645,0.0,0.0,1.0,-2.341225232509887e-17,5
2012-11-01,157417.2225195096,0.013060253885663897,0.013060253885663974,1.635037026337646,2029.404355955406,0.0,0.0,1.0,-2.311042431612486e-17,5
2012-11-02,155475.0869567294,-0.012337503684131446,-0.01233750368413163,1.6148647510015135,-1942.1355627802184,0.0,0.0,1.0,-2.3399110933471973e-17,5
2012-11-05,156274.4340356154,0.0051413193877709595,0.0051413193877710185,1.6231672864544655,799.3470788860179,0.0,0.0,1.0,-2.3279423979629365e-17,5
2012-11-06,158164.39278895853,0.012093844812212762,0.01209384481221286,1.6427976197211063,1889.9587533431284,0.0,0.0,1.0,-2.3001250426484618e-17,5
2012-11-07,154225.03460607008,-0.02490673225132789,-0.024906732251327907,1.601880899263594,-3939.3581828884485,0.0,0.0,1.0,-2.3588769594923646e-17,5
2012-11-08,153079.05325096162,-0.00743057933516178,-0.007430579335161816,1.5899779961561356,-1145.9813551084803,0.0,0.0,1.0,-2.3765359987741233e-17,5
2012-11-09,153722.00810816034,0.004200149161784017,0.004200149161784056,1.5966561409039457,642.9548571987233,0.0,0.0,1.0,-2.366595942808654e-17,5
2012-11-12,153371.22284747058,-0.002281945604320712,-0.002281945604320665,1.5930126584415982,-350.78526068976214,0.0,0.0,1.0,-2.372008737721107e-17,5
2012-11-13,152889.52446425374,-0.0031407351018899465,-0.003140735101890075,1.5880094276674754,-481.69838321685586,0.0,0.0,1.0,-2.3794820605530033e-17,5
2012-11-14,150814.81743770893,-0.0135699750117928,-0.013569975011792697,1.5664601794155366,-2074.7070265447915,0.0,0.0,1.0,-2.412215768251225e-17,5
2012-11-15,150873.35729414024,0.0003881571945374418,0.00038815719453738526,1.567068212204133,58.539856431289024,0.0,0.0,1.0,-2.4112798126439043e-17,5
2012-11-16,152248.58567605246,0.009115117516945714,0.009115117516945742,1.5813522231154438,1375.2283819122313,0.0,0.0,1.0,-2.3894992462080645e-17,5
2012-11-19,155179.43143960065,0.019250397306049827,0.019250397306049896,1.6117938816912212,2930.8457635481873,0.0,0.0,1.0,-2.344369207531023e-17,5
2012-11-20,154541.59799581504,-0.0041102963058211595,-0.004110296305820973,1.6051689312535609,-637.8334437855896,0.0,0.0,1.0,-2.3540450301220702e-17,5
2012-11-21,154983.22352458636,0.002857648261041401,0.002857648261041451,1.6097559394586354,441.6255287713078,0.0,0.0,1.0,-2.3473371661511404e-17,5
2012-11-23,156665.1598851079,0.01085237693649277,0.010852376936492825,1.6272256176893984,1681.936360521533,0.0,0.0,1.0,-2.3221364659249476e-17,5
2012-11-26,156695.06494872348,0.0001908852206675693,0.00019088522066758779,1.627536231010507,29.905063615591743,0.0,0.0,1.0,-2.3216932889891565e-17,5
2012-11-27,156150.6737462213,-0.0034742077083304013,-0.0034742077083303193,1.6218818320911434,-544.3912025021751,0.0,0.0,1.0,-2.3297874545224296e-17,5
2012-11-28,156806.7065063697,0.0042012803685662625,0.004201280368566294,1.6286958123924422,656.0327601483997,0.0,0.0,1.0,-2.3200403146940232e-17,5
2012-11-29,158258.71773169612,0.009259879616612121,0.009259879616612204,1.6437773395472766,1452.0112253264251,0.0,0.0,1.0,-2.298754128198713e-17,5
2012-11-30,158322.46663433514,0.0004028144771595077,0.0004028144771593684,1.6444394768568726,63.74890263900524,0.0,0.0,1.0,-2.2978285296009596e-17,5
2012-12-03,157493.4985958354,-0.005235946963953908,-0.005235946963953919,1.635829278970618,-828.9680384997428,0.0,0.0,1.0,-2.3099231647825696e-17,5
2012-12-04,157621.73950245674,0.0008142615902542172,0.0008142615902541194,1.637161271920697,128.24090662132986,0.0,0.0,1.0,-2.3080438133567296e-17,5
2012-12-05,158093.32793036097,0.0029918996541520304,0.002991899654151954,1.6420594941639475,471.5884279042297,0.0,0.0,1.0,-2.30115897661046e-17,5
2012-12-06,157769.63710569913,-0.0020474667014690473,-0.0020474667014690217,1.6386974320278156,-323.69082466183653,0.0,0.0,1.0,-2.305880189516071e-17,5
2012-12-07,158190.12155251077,0.0026651797806311883,0.0026651797806312126,1.6430648552902283,420.48444681163323,0.0,0.0,1.0,-2.2997509398107997e-17,5
2012-12-10,158425.76095189864,0.001489596171210028,0.0014895961712102215,1.6455123584077187,235.63939938789957,0.0,0.0,1.0,-2.2963303349360455e-17,5
2012-12-11,158939.86343221797,0.0032450687137643985,0.003245068713764413,1.6508521590801002,514.1024803193261,0.0,0.0,1.0,-2.2889026884329605e-17,5
2012-12-12,159290.75079912966,0.0022076737662564128,0.0022076737662564305,1.6544967020836692,350.88736691168737,0.0,0.0,1.0,-2.2838606691478977e-17,5
2012-12-13,158555.19887160268,-0.004617668783886475,-0.004617668783886514,1.6468567843094142,-735.5519275269868,0.0,0.0,1.0,-2.2944557056358224e-17,5
2012-12-14,158782.25294606667,0.001432019108044802,0.0014320191080449789,1.649215114692759,227.0540744640067,0.0,0.0,1.0,-2.2911746996860033e-17,5
2012-12-17,160329.350584835,0.00974351736458745,0.009743517364587357,1.6652842708007078,1547.0976387683027,0.0,0.0,1.0,-2.26906601556198e-17,5
2012-12-18,162262.47219664964,0.012057191055556471,0.01205719105555657,1.685362921415565,1933.121611814666,0.0,0.0,1.0,-2.242033390618357e-17,5
2012-12-19,162943.46264947363,0.004196845047440556,0.004196845047440542,1.6924361284454479,680.9904528239678,0.0,0.0,1.0,-2.2326632489195265e-17,5
2012-12-20,163956.03590136964,0.006214261286899614,0.006214261286899812,1.702953368758997,1012.5732518960294,0.0,0.0,1.0,-2.2188745825010047e-17,5
2012-12-21,162846.75868487678,-0.00676569917291836,-0.006765699172918366,1.6914316985604658,-1109.2772164928706,0.0,0.0,1.0,-2.2339890805757647e-17,5
2012-12-24,162349.0293941397,-0.003056427372314041,-0.0028503270307431807,1.686610565069403,-464.1665181484161,33.56277258862382,0.20610034157063464,0.7934745286672747,0.20652547133272536,4
2012-12-26,162824.38142684428,0.002927963502328934,0.0029279635023286826,1.6915488992465681,475.3520327045276,0.0,0.0,0.7940774623418446,0.20592253765815532,4
2012-12-27,162821.0175373949,-2.0659617557927668e-05,-2.065961755797056e-05,1.6915139524932292,-3.3638894493917277,0.0,0.0,0.7940732079730763,0.20592679202692354,4
2012-12-28,161856.90830666502,-0.005921282432155506,-0.00592128243215534,1.6814980206425854,-964.1092307298329,0.0,0.0,0.7928465941502573,0.20715340584974282,4
2012-12-31,163689.57897302136,0.011322783102245104,0.011525088119868972,1.7008774335038763,1865.4151310438665,32.74446468754178,0.2023050176239738,0.995405934400199,0.0045940655998010175,5
2013-01-02,167706.45279640387,0.024539581863330273,0.024938906302347727,1.743295456449807,4082.2390726789286,65.36524929642829,0.3993244390175963,0.6061458363136157,0.39385416368638426,3
2013-01-03,167104.90979445848,-0.0035868804802381415,-0.0035868804802379867,1.7370424640057796,-601.5430019453744,0.0,0.0,0.604728043046835,0.3952719569531651,3
2013-01-04,167079.15247880534,-0.0001541385928446326,-0.00015413859284472,1.736774718724666,-25.757315653161697,0.0,0.0,0.6046671069910013,0.39533289300899865,3
2013-01-07,166597.5900971207,-0.0028822409890170153,-0.0028822409890169975,1.7317689154416693,-481.56238168463364,0.0,0.0,0.6035243686752507,0.3964756313247493,3
2013-01-08,165937.9196268048,-0.003959663941905389,-0.0035635843901323083,1.725597610767285,-593.6845715037601,65.98589881212561,0.39607955177297627,1.0,-4.384746795998823e-17,5
2013-01-09,166605.4144306397,0.004022557383725811,0.0040225573837257885,1.7325389261778166,667.4948038349,0.0,0.0,1.0,-4.3671795655911977e-17,5
2013-01-10,167593.44693020094,0.005930374489555135,0.005930374489555012,1.7428135308277823,988.0324995612062,0.0,0.0,1.0,-4.341433240652724e-17,5
2013-01-11,167777.0788519482,0.0010956986989099082,0.0010956986989101162,1.7447231293459533,183.63192174728277,0.0,0.0,1.0,-4.336681544327018e-17,5
2013-01-14,167576.0040790373,-0.0011984639039301914,-0.0011984639039302396,1.7426321416530801,-201.0747729109175,0.0,0.0,1.0,-4.34188513693865e-17,5
2013-01-15,167337.82388905575,-0.0014213263485456373,-0.0014213263485457833,1.7401552926743258,-238.18018998155137,0.0,0.0,1.0,-4.3480651565107924e-17,5
2013-01-16,167133.37476374718,-0.0012217747342293528,-0.0008189395504702234,1.7387302106811948,-137.03956227236873,67.40956303618682,0.402835183759047,0.59707536828989,0.40292463171011,3
2013-01-17,167616.45274429373,0.0028903741172545683,0.0028903741172545275,1.7437557914790363,483.0779805465359,0.0,0.0,0.5982366147797911,0.40176338522020894,3
2013-01-18,167858.24700813903,0.0014425449285349057,0.0014425449285350384,1.7462712375526381,241.79426384531382,0.0,0.0,0.5988153416740651,0.4011846583259348,3
2013-01-22,168362.9765370329,0.0030068795420541417,0.00300687954205419,1.7515220648117127,504.72952889385215,0.0,0.0,0.6000180392490381,0.399981960750962,3
2013-01-23,168881.41625305175,0.00307929763824788,0.0034788800166205515,1.7576153999216562,585.7145946134385,67.27487859455607,0.39958237837258936,1.0,0.0,5
2013-01-24,166785.10943926254,-0.012412892195599046,-0.012412892195599079,1.735798309441104,-2096.3068137892255,0.0,0.0,1.0,0.0,5
2013-01-25,167345.73113714292,0.003361341427692288,0.0035607309533312597,1.741979020210271,593.8769017351237,33.25520385472886,0.19938952563891368,0.8014771669099336,0.19852283309006627,4
2013-01-28,167555.0013715317,0.0012505262785416082,0.0014492605890824774,1.7445036017512703,242.52757288825364,33.25733849950234,0.19873431054089652,0.6034375025037813,0.3965624974962188,3
2013-01-29,168162.38618080484,0.003624987641678068,0.0036249876416780567,1.7508274057484816,607.3848092731522,0.0,0.0,0.6048698444345603,0.39513015556543973,3
2013-01-30,167749.3394441436,-0.0024562373670002913,-0.002061501946855143,1.7472180716429238,-346.66708649953557,66.37965016171526,0.3947354201452945,1.0,0.0,5
2013-01-31,167728.03938628564,-0.00012697550958196135,-0.00012697550958184806,1.7469962177379263,-21.30005785793854,0.0,0.0,1.0,0.0,5
2013-02-01,169563.65417686728,0.010943994798354062,0.010943994798354185,1.766115335257595,1835.614790581656,0.0,0.0,1.0,0.0,5
2013-02-04,167322.04408841053,-0.013219873677165372,-0.013219873677165558,1.7427675136261844,-2241.6100884567713,0.0,0.0,1.0,0.0,5
2013-02-05,169263.26396428345,0.011601698308485897,0.011601698308486124,1.762986576541106,1941.2198758729533,0.0,0.0,1.0,0.0,5
2013-02-06,169142.84798053707,-0.0007114123934877092,-0.000711412393488084,1.7617323660410016,-120.41598374643625,0.0,0.0,1.0,0.0,5
2013-02-07,169082.71286421563,-0.0003555285785915574,-0.0003555285785912629,1.761106019837045,-60.1351163213984,0.0,0.0,1.0,0.0,5
2013-02-08,170635.4936605257,0.009183557384468077,0.009183557384467968,1.7772792380303506,1552.7807963100445,0.0,0.0,1.0,0.0,5
2013-02-11,170673.96784234323,0.0002254758432267412,0.00022547584322677976,1.777679971565195,38.474181817524865,0.0,0.0,1.0,0.0,5
2013-02-12,170289.95910909737,-0.0022499549175570843,-0.002249954917556962,1.7736802717713294,-384.008733245839,0.0,0.0,1.0,0.0,5
2013-02-13,170500.66701402413,0.0012373477921370224,0.0012373477921369651,1.7758749311395625,210.70790492673572,0.0,0.0,1.0,0.0,5
2013-02-14,170524.55551683344,0.0001401079727585408,0.00014010797275859968,1.7761237453760372,23.888502809323967,0.0,0.0,1.0,0.0,5
2013-02-15,169948.72416060502,-0.0033768236749432967,-0.003376823674943227,1.7701260886630226,-575.8313562284138,0.0,0.0,1.0,0.0,5
2013-02-19,171279.54477838546,0.007830718496731892,0.007830718496731887,1.7839874477670639,1330.8206177804352,0.0,0.0,1.0,0.0,5
2013-02-20,168587.8952100773,-0.015714950502646596,-0.015520607507968924,1.756298878791128,-2658.362588648909,33.28697965927821,0.19434299467777919,0.8027515994657771,0.19724840053422293,4
2013-02-21,167496.96779392022,-0.0064709712093958816,-0.006273919860210767,1.7452800003750144,-1057.7069439496356,33.22047220741152,0.19705134918503792,1.0,0.0,5
2013-02-22,169418.38697793198,0.011471366970509989,0.011471366970509973,1.765300747725608,1921.4191840117492,0.0,0.0,1.0,0.0,5
2013-02-25,166660.68299815155,-0.016277477486193015,-0.016277477486193032,1.7365661045481446,-2757.7039797804264,0.0,0.0,1.0,0.0,5
2013-02-26,167699.94098442787,0.006235771794406153,0.006235771794406012,1.7473949344820074,1039.257986276315,0.0,0.0,1.0,0.0,5
2013-02-27,169414.442222105,0.01022362457382342,0.010223624573823378,1.7652596442743522,1714.5012376771272,0.0,0.0,1.0,0.0,5
2013-02-28,169068.7888268706,-0.002040282933973514,-0.0020402829339734832,1.7616580151481072,-345.6533952343975,0.0,0.0,1.0,0.0,5
2013-03-01,169423.47986235167,0.002097909602015946,0.002097909602015759,1.7653538144135543,354.6910354810665,0.0,0.0,1.0,0.0,5
2013-03-04,169802.70129337048,0.002238305052681744,0.002238305052681609,1.7693052147761268,379.22143101880255,0.0,0.0,1.0,0.0,5
2013-03-05,171919.598946311,0.01246680787064225,0.012466807870642334,1.7913628029532662,2116.8976529405204,0.0,0.0,1.0,0.0,5
2013-03-06,171807.11688254948,-0.000654271324798894,-0.0006542713247988156,1.7901907656389828,-112.48206376148394,0.0,0.0,1.0,0.0,5
2013-03-07,172314.5577247514,0.0029535496049839516,0.0029535496049839793,1.7954781828676818,507.4408422018904,0.0,0.0,1.0,0.0,5
2013-03-08,172729.00433171605,0.0024051746552178344,0.0024051746552179354,1.7997966214871117,414.44660696465996,0.0,0.0,1.0,0.0,5
2013-03-11,173084.71327077493,0.0020593468968057582,0.0020593468968058645,1.8035030270744528,355.7089390588862,0.0,0.0,1.0,0.0,5
2013-03-12,172626.57378795883,-0.0026469089855404304,-0.0026469089855406347,1.7987293187066395,-458.13948281613847,0.0,0.0,1.0,0.0,5
2013-03-13,172432.8112517913,-0.0011224374782848878,-0.0011224374782848158,1.7967103575060335,-193.7625361675042,0.0,0.0,1.0,0.0,5
2013-03-14,173712.11092830455,0.007419119755840198,0.007813620294526511,1.8107491700188285,1347.324513439256,68.02483692602054,0.39450053868627555,1.0,0.0,5
2013-03-15,173205.30447230223,-0.002917507900249361,-0.0029175079002491493,1.805466295009929,-506.80645600228513,0.0,0.0,1.0,0.0,5
2013-03-18,172755.6156106441,-0.002596276499892247,-0.0023975654979841994,1.8011375713132398,-415.27106207064014,34.41779958749027,0.19871100190810911,0.8009709747126491,0.199029025287351,4
2013-03-19,172187.6767808987,-0.0032875274574311053,-0.003287527457431158,1.7952162820929367,-567.9388297454153,0.0,0.0,0.8003145031589332,0.1996854968410668,4
2013-03-20,173036.31518023065,0.004928566406130264,0.0049285664061301405,1.8040641247525977,848.6383993319322,0.0,0.0,0.8012938396654491,0.1987061603345508,4
2013-03-21,171585.00956757364,-0.008387289171902235,-0.007786776105461693,1.7900162813332534,-1347.3950444225584,103.910568234453,0.6005130664405454,0.9948664489060004,0.0051335510939996025,5
2013-03-22,172895.3380460401,0.0076366139546149014,0.007636613954615077,1.8036859446462712,1310.3284784664943,0.0,0.0,0.9949053547450483,0.005094645254951825,5
2013-03-25,172405.75853728078,-0.002831652456869227,-0.0028316524568693267,1.7985785329096928,-489.5795087593222,0.0,0.0,0.9948908875141251,0.005109112485874874,5
2013-03-26,173427.35623989248,0.00592554280830937,0.005925542808309293,1.8092360870005555,1021.5977026116927,0.0,0.0,0.9949209834441509,0.005079016555849079,5
2013-03-27,173241.9113432532,-0.0010692943758121576,-0.0010692943758121352,1.8073014810282093,-185.44489663928465,0.0,0.0,0.9949155466667977,0.005084453333202351,5
2013-03-28,173617.44042711717,0.0021676572427091756,0.002167657242709252,1.811219091173319,375.5290838639969,0.0,0.0,0.9949265441800513,0.005073455819948675,5
2013-04-01,172461.89811785455,-0.006655681056118912,-0.006655681056119084,1.7991641945797154,-1155.5423092626474,0.0,0.0,0.9948925506260078,0.005107449373992242,5
2013-04-02,173412.08935407829,0.005509571949477321,0.005509571949477206,1.8090768191586755,950.1912362237272,0.0,0.0,0.9949205362967456,0.005079463703254403,5
2013-04-03,171925.3177086608,-0.008573633193368457,-0.00837532345315162,1.7939252156466228,-1452.382339027236,34.38930639025411,0.19830974021676734,0.7950519564712812,0.20494804352871873,4
2013-04-04,171968.13914136318,0.0002490699640582683,0.00024906996405809977,1.7943720285356066,42.82143270237353,0.0,0.0,0.7951029901621572,0.2048970098378428,4
2013-04-05,170839.79930295533,-0.006561330744413785,-0.0063626032650668345,1.7829551512081012,-1094.165043588305,34.174794819554975,0.19872747934698665,0.9939897618279916,0.006010238172008415,5
2013-04-08,171885.7967578331,0.0061226801901286265,0.006122680190129087,1.7938716153922916,1045.9974548778337,0.0,0.0,0.994026336658197,0.0059736633418030595,5
2013-04-09,172733.65487694184,0.004932682834191793,0.0049326828341916176,1.8027202151162807,847.8581191087126,0.0,0.0,0.9940556582109007,0.0059443417890994,5
2013-04-10,175684.25078116034,0.017081766181121782,0.017081766181121744,1.8335138603208785,2950.5959042185004,0.0,0.0,0.9941554927177401,0.005844507282259972,5
2013-04-11,175717.8211793096,0.00019108370841425248,0.00019108370841427257,1.8338642149487376,33.57039814924718,0.0,0.0,0.9941566092945058,0.005843390705494252,5
2013-04-12,175558.77632907973,-0.0009051150825934995,-0.0009051150825935069,1.832204356788359,-159.04485022986188,0.0,0.0,0.9941513155620076,0.005848684437992409,5
2013-04-15,172110.7121965038,-0.019640511312932873,-0.019640511312932922,1.7962189263912525,-3448.064132575951,0.0,0.0,0.9940341430817127,0.005965856918287371,5
2013-04-16,174357.77511445855,0.013055915516689165,0.013055915516689113,1.8196702089436947,2247.062917954748,0.0,0.0,0.9941110289897034,0.005888971010296705,5
2013-04-17,171226.6765997965,-0.017957894407671815,-0.0179578944076717,1.7869927634746978,-3131.098514662015,0.0,0.0,0.9940033416319307,0.005996658368069377,5
2013-04-18,169204.04891566728,-0.011812573392735226,-0.01181257339273522,1.7658837803038663,-2022.6276841292345,0.0,0.0,0.9939316589074022,0.00606834109259784,5
2013-04-19,170620.96731628326,0.008374021837516343,0.008374021837516437,1.7806713296426468,1416.9184006159971,0.0,0.0,0.9939820533242817,0.0060179466757183655,5
2013-04-22,171993.97944225708,0.008047147707401336,0.008047147707401245,1.7950006548506159,1373.0121259738116,0.0,0.0,0.9940300940393464,0.00596990596065369,5
2013-04-23,173734.7548952223,0.010121141790021992,0.010121141790021904,1.8131681109915414,1740.7754529651963,0.0,0.0,0.9940899108892282,0.005910089110771902,5
2013-04-24,173845.3724349422,0.0006367035760150852,0.0006367035760153903,1.8143225616117267,110.61753971994536,0.0,0.0,0.9940936714697245,0.005906328530275556,5
2013-04-25,174741.63621906328,0.005155522816441271,0.005155522816441163,1.8236763429745002,896.2637841210561,0.0,0.0,0.9941239654996612,0.005876034500338862,5
2013-04-26,174343.7569262122,-0.002276957578400407,-0.0022769575784004174,1.8195239093048148,-397.879292851085,0.0,0.0,0.9941105554843387,0.005889444515661366,5
2013-04-29,176089.07417316464,0.010010781445366712,0.010010781445366516,1.8377387654954842,1745.317246952415,0.0,0.0,0.9941689290611004,0.005831070938899613,5
2013-04-30,177449.96421291181,0.0077284183935733,0.007728418393573401,1.8519415795733223,1360.8900397471966,0.0,0.0,0.9942136484071821,0.005786351592817996,5
2013-05-01,176314.67470272264,-0.006397800727798497,-0.006397800727798489,1.8400932263876877,-1135.2895101891831,0.0,0.0,0.9941763901115996,0.005823609888400419,5
2013-05-02,178438.19320373755,0.0120439124230316,0.01204391242303173,1.862255148056515,2123.5185010149194,0.0,0.0,0.9942456944635362,0.0057543055364638815,5
2013-05-03,180386.93558592838,0.010921105774511997,0.010921105774512089,1.8825930335075698,1948.742382190842,0.0,0.0,0.994307858938156,0.00569214106184404,5
2013-05-06,181126.1737704961,0.004098069420418682,0.00409806942041863,1.8903080304492803,739.2381845677182,0.0,0.0,0.9943310905227319,0.005668909477268126,5
2013-05-07,181345.9636295884,0.001213462717822189,0.0012134627178223072,1.8926018487694307,219.7898590923017,0.0,0.0,0.9943379611957278,0.005662038804272278,5
2013-05-08,182292.88597546713,0.005221634531733521,0.005221634531733537,1.9024843239377878,946.9223458787528,0.0,0.0,0.9943673727168538,0.005632627283146218,5
2013-05-09,182052.23070155008,-0.0013201572438181763,-0.0013201572438183652,1.8999727454762902,-240.6552739170682,0.0,0.0,0.9943599269335395,0.00564007306646057,5
2013-05-10,182982.25690178009,0.005108568000765867,0.005108568000765895,1.9096788854461577,930.0262002299892,0.0,0.0,0.9943885931868245,0.005611406813175502,5
2013-05-13,182895.1639743705,-0.00047596378405334594,-0.0004759637840531742,1.9087699474575144,-87.0929274095613,0.0,0.0,0.9943859210885819,0.005614078911418154,5
2013-05-14,183879.390483761,0.00538136978585424,0.005381369785853887,1.919041744380908,984.2265093904697,0.0,0.0,0.9944159708145239,0.005584029185476106,5
2013-05-15,184459.1720141886,0.003153053362327851,0.0031530533623277965,1.9250925854054757,579.7815304276085,0.0,0.0,0.994433522216017,0.005566477783982995,5
2013-05-16,184333.41543777872,-0.0006817583264453475,-0.0006817583264453993,1.9237801375061974,-125.75657640989726,0.0,0.0,0.9944297246344059,0.005570275365594082,5
2013-05-17,186130.44701983218,0.009748810750268122,0.009748810750268259,1.9425347059918705,1797.0315820534822,0.0,0.0,0.9944835039107843,0.005516496089215724,5
2013-05-20,185873.31547266289,-0.0013814588171160436,-0.001181789162629882,1.940239039528297,-219.96694512349308,37.16460204583614,0.1996696544863305,0.7947299469542701,0.20527005304572982,4
2013-05-21,185852.85603886208,-0.00011007192586398595,-0.00011007192586384997,1.9400254736805798,-20.459433800774946,0.0,0.0,0.7947073499969186,0.20529265000308136,4
2013-05-22,184372.4577543318,-0.007965431987877247,-0.007965431987877242,1.9245723327152278,-1480.3982845302962,0.0,0.0,0.7930589753394837,0.20694102466051634,4
2013-05-23,184187.48893008378,-0.0010032345747349458,-0.0010032345747349979,1.9226415352094695,-184.96882424801342,0.0,0.0,0.7928511564575255,0.2071488435424745,4
2013-05-24,183905.95617889977,-0.0015285118051143742,-0.0013287775606264857,1.9200867722803547,-244.74420223843458,36.78854894556907,0.1997342444878747,0.9927740903016115,0.007225909698388629,5
2013-05-28,185044.4326087584,0.006190535932132368,0.0061905359321324065,1.9319731384369683,1138.4764298586467,0.0,0.0,0.9928185473423335,0.007181452657666438,5
2013-05-29,183834.7536523176,-0.006537235081254478,-0.006537235081254649,1.9193433758603364,-1209.678956440837,0.0,0.0,0.9927712915760323,0.00722870842396776,5
2013-05-30,184485.6085584704,0.003540434511005275,0.003540434511005314,1.9261386853867017,650.8549061528254,0.0,0.0,0.99279679405495,0.007203205945050026,5
2013-05-31,182384.95782650306,-0.011386529000182555,-0.011386529000182609,1.9042066513871725,-2100.65073196736,0.0,0.0,0.9927138298674353,0.0072861701325647385,5
2013-06-03,183509.00668332705,0.0061630568124662055,0.006163056812466332,1.915942385162348,1124.0488568240144,0.0,0.0,0.9927584598905397,0.007241540109460381,5
2013-06-04,182426.64415053016,-0.005898143924154442,-0.005898143924154533,1.9046418812242725,-1082.3625327968991,0.0,0.0,0.9927154948306345,0.007284505169365547,5
2013-06-05,179998.51940993828,-0.013310143109294459,-0.013310143109294502,1.8792908252132217,-2428.1247405918994,0.0,0.0,0.9926172290933235,0.007382770906676547,5
2013-06-06,181004.72127358158,0.005590056334584315,0.005590056334584345,1.889796166795231,1006.2018636433286,0.0,0.0,0.9926582697788531,0.007341730221147016,5
2013-06-07,182638.5443394872,0.009026411324576378,0.009026411324576154,1.906854244316332,1633.823065905607,0.0,0.0,0.9927239464311848,0.007276053568815238,5
2013-06-10,182224.5029243964,-0.0022669990969770293,-0.002266999096976883,1.9025314074664004,-414.04141509078994,0.0,0.0,0.9927074141456383,0.007292585854361704,5
2013-06-11,180046.48029509347,-0.011952413612600576,-0.011755122453893459,1.8801669177992546,-2142.0713459761464,35.951283326770465,0.1972911587070504,0.7931410832650241,0.206858916734976,4
2013-06-12,178927.68550467814,-0.006213922030475882,-0.006213922030475998,1.8684837071677696,-1118.7947904153439,0.0,0.0,0.7918476407340861,0.208152359265914,4
2013-06-13,181115.50350318296,0.012227386680456531,0.01242165897977882,1.8916933745874804,2222.578691380226,34.76069287541956,0.19427229932234674,0.602628429558668,0.397371570441332,3
2013-06-14,180448.92666670255,-0.003680396341490977,-0.003680396341490969,1.884731193212426,-666.5768364804094,0.0,0.0,0.6011605422776244,0.3988394577223756,3
2013-06-17,181242.58900065784,0.00439826575095803,0.0047967067676636796,1.893771696082135,865.5605877598192,71.89825380452785,0.39844101670567,1.0,0.0,5
2013-06-18,182049.64848107548,0.004452924033294892,0.004856235559217626,1.902968297533689,880.1567055496599,73.09722513199728,0.40331152592248587,0.5988779516129837,0.4011220483870163,3
2013-06-19,179221.2585830359,-0.015536365610360425,-0.015536365610360576,1.8734030863182802,-2828.3898980396125,0.0,0.0,0.5925476225074489,0.40745237749255114,3
2013-06-20,175595.67761903012,-0.02022963677786027,-0.020229636777860164,1.8355048223435393,-3625.5809640057696,0.0,0.0,0.5841348209874655,0.41586517901253456,3
2013-06-21,176107.2533699272,0.0029133732551605007,0.0031047515943176188,1.8412036088670882,545.1809600429664,33.60520914588762,0.19137833915705488,0.394711292102806,0.605288707897194,2
2013-06-24,175010.3811193533,-0.0062284331257489445,-0.005631931600922672,1.8308340760785768,-991.8240054057887,105.04824516811253,0.5965015248261831,0.9917579836058832,0.008242016394116865,5
2013-06-25,176708.0083781092,0.009700151773271992,0.009700151773271888,1.8485934444882173,1697.6272587558838,0.0,0.0,0.9918371643505828,0.008162835649417242,5
2013-06-26,178300.32674629026,0.009011014174150622,0.009011014174150653,1.8652511462187424,1592.3183681810744,0.0,0.0,0.9919100628885619,0.008089937111438086,5
2013-06-27,179684.44510745682,0.007762848147418566,0.00776284814741855,1.879730807623637,1384.1183611665615,0.0,0.0,0.9919723800829631,0.008027619917036936,5
2013-06-28,179026.66821321842,-0.0036607336480629638,-0.003660733648063017,1.8728496138068687,-657.7768942383993,0.0,0.0,0.9919428851314575,0.00805711486854252,5
2013-07-01,179411.05530202293,0.002147094020354068,0.0021470940203540054,1.8768707980136958,384.3870888045018,0.0,0.0,0.9919601474507904,0.008039852549209582,5
2013-07-02,177756.31857269118,-0.009223159222524702,-0.009016441037554682,1.8599481031282972,-1617.649201616152,37.08752771559091,0.2067181849700247,0.7834514186202586,0.21654858137974145,4
2013-07-03,177675.81647398183,-0.00045287897136792044,-0.00045287897136805656,1.8591057717445545,-80.50209870937294,0.0,0.0,0.7833533038873727,0.21664669611262719,4
2013-07-05,176506.73339711773,-0.006579866073306073,-0.006387436560596231,1.8472308515680977,-1134.8930060796977,34.19007078437773,0.1924295127096511,0.5884080004565915,0.4115919995434085,3
2013-07-08,176691.59477764237,0.0010473333054594747,0.0012486161323048055,1.849537333809457,220.3891547800646,35.52777425541481,0.201282826845375,0.38796745850279685,0.6120325414972031,2
2013-07-09,177457.42882775443,0.004334298137247616,0.004937139836732296,1.8586687582597314,872.3511113924584,106.51706128042579,0.6028416994847562,0.9914490620016756,0.008550937998324399,5
2013-07-10,176521.26183271006,-0.005275445503907461,-0.00527544550390746,1.8488634525157168,-936.1669950443552,0.0,0.0,0.9914037127567881,0.008596287243211898,5
2013-07-11,181888.5284584739,0.030405779847928027,0.030405779847928024,1.9050795876217899,5367.266625763842,0.0,0.0,0.9916573767234879,0.008342623276512072,5
2013-07-12,180592.70297876978,-0.007124283706544832,-0.007124283706544946,1.8915072601560246,-1295.8254797041425,0.0,0.0,0.9915975150367698,0.0084024849632301,5
2013-07-15,182277.055955667,0.0093268052867852,0.009326805286785105,1.9091489800700403,1684.352976897202,0.0,0.0,0.9916751592058999,0.008324840794100044,5
2013-07-16,182205.573785592,-0.00039216219342708136,-0.0003921621934269028,1.9084002840184373,-71.48217007497266,0.0,0.0,0.9916718932372848,0.008328106762715205,5
2013-07-17,183742.4695354211,0.008434954638861125,0.008434954638861143,1.9244975538469224,1536.8957498291354,0.0,0.0,0.9917415528642621,0.008258447135737824,5
2013-07-18,183179.82111648735,-0.0030621577055994775,-0.0030621577055995534,1.9186044388330026,-562.6484189337809,0.0,0.0,0.9917161865209856,0.008283813479014336,5
2013-07-19,182856.58389017795,-0.001764589703927344,-0.0017645897039272648,1.9152188891943287,-323.23722630939176,0.0,0.0,0.9917015431494687,0.00829845685053127,5
2013-07-22,184240.18887499333,0.007566612890714142,0.007566612890714208,1.9297106091298457,1383.6049848153843,0.0,0.0,0.9917638628112905,0.00823613718870949,5
2013-07-23,185713.81625606676,0.007998403551753297,0.00799840355175317,1.9451452133197655,1473.6273810734217,0.0,0.0,0.9918292160387467,0.008170783961253194,5
2013-07-24,183624.02954441326,-0.011252726123359813,-0.011252726123359985,1.9232570269641134,-2089.7867116535185,0.0,0.0,0.9917362260537846,0.008263773946215311,5
2013-07-25,184729.00645622448,0.006017605182463193,0.006017605182463193,1.9348304284167814,1104.9769118112356,0.0,0.0,0.9917856567284262,0.008214343271573759,5
2013-07-26,184125.0138472566,-0.0032696143424070234,-0.0032696143424071848,1.9285042790979041,-603.992608967901,0.0,0.0,0.9917587108913567,0.008241289108643302,5
2013-07-29,183006.0971556393,-0.0060769401627609465,-0.006076940162760726,1.9167848739901983,-1118.9166916172685,0.0,0.0,0.9917083228655618,0.008291677134438217,5
2013-07-30,182207.6260162583,-0.004363084901493397,-0.004363084901493349,1.9084217788470808,-798.4711393809947,0.0,0.0,0.9916719870379476,0.008328012962052388,5
2013-07-31,181758.27761288226,-0.0024661339001033067,-0.0024661339001033388,1.9037153552025705,-449.34840337604567,0.0,0.0,0.9916513982681984,0.008348601731801644,5
2013-08-01,183767.27000004583,0.011053099828786994,0.011053099828787038,1.9247573110692193,2008.9923871635756,0.0,0.0,0.9917426673898577,0.008257332610142243,5
2013-08-02,183871.9452802346,0.0005696078533938831,0.0005696078533936915,1.9258536679494813,104.67528018874503,0.0,0.0,0.9917473681537685,0.008252631846231463,5
2013-08-05,182595.40908024635,-0.006942528388671265,-0.0069425283886713415,1.912483374187315,-1276.536199988252,0.0,0.0,0.9916896734759562,0.008310326524043765,5
2013-08-06,180543.86990104974,-0.011235436802767618,-0.010845412527379406,1.8917417030424992,-1980.3225370808711,71.2166421156923,0.3900242753879659,0.9976135518432767,0.002386448156723228,5
2013-08-07,179352.0298346038,-0.006601387613432319,-0.006417879603796128,1.879600732550892,-1158.7088202283687,33.131246217588085,0.1835080096363629,0.8130549535022071,0.18694504649779287,4
2013-08-08,181459.2710160417,0.01174919059115842,0.011961228671847913,1.9020830667247064,2145.2706416117853,38.029460173904404,0.21203808068955057,0.6058597399285741,0.3941402600714259,3
2013-08-09,181640.52440259946,0.0009988653957599958,0.0009988653957600706,1.9039829916799187,181.2533865577724,0.0,0.0,0.6062530401414625,0.39374695985853747,3
2013-08-12,181780.57179833346,0.000771014046532903,0.0007710140465329353,1.9054509893108635,140.04739573401258,0.0,0.0,0.6065563906907585,0.39344360930924144,3
2013-08-13,182134.28392020857,0.001945819172950447,0.002338869731701204,1.909907590955003,425.16107719045965,71.44895531531873,0.393050558750491,1.0,-3.994831427437878e-17,5
2013-08-14,182271.40033636428,0.000752831445044011,0.0007528314450441251,1.9113454294466026,137.11641615572756,0.0,0.0,1.0,-3.9918262551098794e-17,5
2013-08-15,181162.9732634086,-0.006081190306927886,-0.00608119030692808,1.8997221741478605,-1108.427072955706,0.0,0.0,1.0,-4.0162498346747034e-17,5
2013-08-16,180394.4618806874,-0.004242099634806817,-0.004242099634806817,1.8916633634066735,-768.511382721223,0.0,0.0,1.0,-4.033359748591247e-17,5
2013-08-19,178699.9271008964,-0.00939349668567846,-0.009393496685678541,1.8738940298720934,-1694.5347797910008,0.0,0.0,1.0,-4.0716063695288033e-17,5
2013-08-20,178966.90393454785,0.0014939952018040437,0.001896222500305454,1.8774473498947248,338.85482257166416,71.87798892022036,0.40222729850156613,0.9988543739841533,0.001145626015846661,5
2013-08-21,177541.5601984452,-0.007964286718755265,-0.007964286718755015,1.8624948209007963,-1425.343736102624,0.0,0.0,0.9988451766398032,0.0011548233601967846,5
2013-08-22,179224.9948462873,0.00948191874601334,0.009481918746013349,1.8801548454574484,1683.434647842095,0.0,0.0,0.9988560237298443,0.0011439762701558,5
2013-08-23,180736.14495771716,0.008431581279864986,0.008431581279864982,1.8960075238556549,1511.150111429854,0.0,0.0,0.9988655886116697,0.0011344113883302886,5
2013-08-26,180332.56746020206,-0.0022329650641244037,-0.0022329650641242003,1.8917738052935686,-403.57749751506964,0.0,0.0,0.9988630498416866,0.0011369501583134531,5
2013-08-27,178404.35878054507,-0.010692514983920098,-0.010692514983920298,1.871545985534279,-1928.2086796570284,0.0,0.0,0.9988507615927975,0.001149238407202563,5
2013-08-28,179074.31490419566,0.003755267686450958,0.0037552676864510835,1.8785741416974633,669.9561236506065,0.0,0.0,0.9988550611446838,0.0011449388553162318,5
2013-08-29,178885.51105569082,-0.001054332379302192,-0.0010543323793018799,1.8765935001529523,-188.8038485047947,0.0,0.0,0.9988538527244998,0.0011461472755002406,5
2013-08-30,178805.05546558328,-0.0004497602384493371,-0.0004497602384496059,1.8757494830128507,-80.45559010758711,0.0,0.0,0.998853337001076,0.0011466629989240577,5
2013-09-03,179734.5741481433,0.005198503365241303,0.00519850336524143,1.885500573012643,929.5186825600152,0.0,0.0,0.9988592671048702,0.0011407328951298834,5
2013-09-04,180902.04417501678,0.006495522814164989,0.006495522814164913,1.8977478850007679,1167.4700268734798,0.0,0.0,0.9988666289424315,0.0011333710575685328,5
2013-09-05,181452.56871546654,0.0030432190136953086,0.003043219013695464,1.9035231474476026,550.5245404497878,0.0,0.0,0.9988700675742737,0.0011299324257263714,5
2013-09-06,182174.69907890615,0.003979719706101115,0.0039797197061010444,1.9110986360285196,722.1303634395961,0.0,0.0,0.9988745465634933,0.001125453436506806,5
2013-09-09,184286.42763639492,0.011591777388220592,0.011591777388220741,1.9332516659842947,2111.7285574887824,0.0,0.0,0.9988874430756916,0.0011125569243084985,5
2013-09-10,184799.64380844214,0.002784883176854658,0.0027848831768544423,1.93863554602552,513.2161720471997,0.0,0.0,0.9988905328121981,0.0011094671878019169,5
2013-09-11,185234.52955435187,0.0023532823816507786,0.0023532823816507322,1.9431977029004237,434.8857459097377,0.0,0.0,0.9988931375720488,0.0011068624279513078,5
2013-09-12,184389.33579558047,-0.004562830487408687,-0.004562830487408762,1.9343312211785668,-845.1937587714161,0.0,0.0,0.9988880639965522,0.0011119360034478872,5
2013-09-13,184798.97852682066,0.002221618346162524,0.0022216183461626613,1.9386285669070926,409.64273124020906,0.0,0.0,0.9988905288180845,0.0011094711819156049,5
2013-09-16,185123.33675269785,0.0017551949067191597,0.0017551949067191686,1.9420312378937483,324.35822587718064,0.0,0.0,0.9988924727442827,0.0011075272557173172,5
2013-09-17,184892.19692062063,-0.0012485720932418065,-0.001248572093241912,1.93960647188591,-231.13983207724334,0.0,0.0,0.9988910881879404,0.001108911812059721,5
2013-09-18,189064.1894121113,0.022564459511949186,0.022564459511949228,1.9833726435898944,4171.992491490688,0.0,0.0,0.9989155580347581,0.0010844419652419604,5
2013-09-19,188505.2394149311,-0.0029564033195192962,-0.0029564033195193314,1.9775089941225414,-558.9499971801974,0.0,0.0,0.9989123424804568,0.0010876575195432382,5
2013-09-20,186267.70337523785,-0.011869887790058042,-0.011869887790058006,1.9540361842584764,-2237.536039693252,0.0,0.0,0.9988992770222227,0.0011007229777773944,5
2013-09-23,185745.43221864593,-0.0028038739251528,-0.0026143795397100215,1.948927592038498,-486.97447261299715,35.296683978926005,0.18949438544276534,0.8090590115060189,0.19094098849398117,4
2013-09-24,185413.61492671628,-0.0017864088928930544,-0.001786408892892916,1.9454460104564761,-331.81729192962746,0.0,0.0,0.8087173023939589,0.19128269760604116,4
2013-09-25,185227.12363617716,-0.0010058122787414137,-0.0008147206727415122,1.9438610153740548,-151.06030508853,35.43098545061942,0.19109160600004116,1.0,-3.92812751790869e-17,5
2013-09-26,186115.6599106727,0.004797009514874162,0.004797009514874242,1.953185735160397,888.5362744955294,0.0,0.0,1.0,-3.909374212613578e-17,5
2013-09-27,184670.93914893904,-0.0077624889943547215,-0.007762488994354548,1.938024152387284,-1444.7207617336308,0.0,0.0,1.0,-3.9399580939561316e-17,5
2013-09-30,183444.08788819457,-0.006643445180917196,-0.006643445180917269,1.9251489951716054,-1226.8512607444852,0.0,0.0,1.0,-3.9663080440171905e-17,5
2013-10-01,184661.10283679364,0.0066342554977341095,0.006634255497734066,1.93792092547678,1217.014948599066,0.0,0.0,1.0,-3.940167963046355e-17,5
2013-10-02,185354.0419619173,0.0037524909928436934,0.003752490992843706,1.945192956294475,692.9391251236534,0.0,0.0,1.0,-3.925437793084835e-17,5
2013-10-03,184159.15013131418,-0.006446537760685156,-0.006242377799456613,1.9330503269684431,-1157.0499565826221,37.84187402046139,0.20415996122834132,0.7947208589989428,0.2052791410010573,4
2013-10-04,185284.72340403963,0.006111959530237021,0.006111959530236902,1.9448650523367852,1125.5732727254142,0.0,0.0,0.7959678949677688,0.2040321050322312,4
2013-10-07,184746.0066889632,-0.0029075074575990456,-0.0029075074575990382,1.9392103426930922,-538.7167150764203,0.0,0.0,0.7953729402655643,0.20462705973443562,4
2013-10-08,183550.48391750548,-0.006471169758329398,-0.006471169758329409,1.9266613833684172,-1195.5227714577416,0.0,0.0,0.7940401390419025,0.2059598609580974,4
2013-10-09,183539.98224952695,-5.721405770442445e-05,0.0001428145051967102,1.9269365385605646,26.213671539295262,36.71533951780895,0.20002856290103932,0.9942684025778973,0.005731597422102689,5
2013-10-10,187209.1206541271,0.01999094889097175,0.019990948890971905,1.9654578284190753,3669.138404600184,0.0,0.0,0.9943807369777795,0.005619263022220551,5
2013-10-11,188086.1669684715,0.004684848212949788,0.004684848212949543,1.9746657000141723,877.0463143443426,0.0,0.0,0.9944069396167209,0.005593060383279026,5
2013-10-14,188862.32083663228,0.004126586663286691,0.004126586663286803,1.982814329156301,776.1538681608292,0.0,0.0,0.9944299250138723,0.005570074986127765,5
2013-10-15,187709.80000950763,-0.0061024391843707,-0.0061024391843707984,1.9707143252987256,-1152.5208271246743,0.0,0.0,0.9943957252681486,0.005604274731851393,5
2013-10-16,190007.46669382305,0.012240525983188144,0.012240525983188167,1.9948369052029857,2297.6666843154326,0.0,0.0,0.9944634950014396,0.005536504998560463,5
2013-10-17,190488.76627530885,0.00253305614700583,0.0025330561470059943,1.9998899390879847,481.2995814858252,0.0,0.0,0.9944774838449332,0.005522516155066931,5
2013-10-18,191837.4523959207,0.0070801346818669675,0.007080134681866893,2.0140494292056386,1348.6861206118508,0.0,0.0,0.994516309114953,0.005483690885047072,5
2013-10-21,191639.63392520184,-0.0010311775320629435,-0.0010311775320629767,2.0119725866857774,-197.81847071887427,0.0,0.0,0.9945106486191435,0.00548935138085661,5
2013-10-22,192262.66211456893,0.0032510403855721126,0.003251040385572014,2.0185135908197567,623.0281893670679,0.0,0.0,0.9945284368917804,0.005471563108219581,5
2013-10-23,189663.0835820809,-0.013520974399797603,-0.013520974399797542,1.9912213202326394,-2599.578532488011,0.0,0.0,0.9944534420233715,0.00554655797662857,5
2013-10-24,189917.06910832302,0.0013391405509455279,0.0013391405509453954,1.9938878454484699,253.98552624211038,0.0,0.0,0.9944608597107503,0.00553914028924986,5
2013-10-25,190798.10641976667,0.00463906333211761,0.004639063332117491,2.0031376174406446,881.0373114436449,0.0,0.0,0.9944864374764822,0.0055135625235176716,5
2013-10-28,191228.6746908867,0.002256669519417276,0.002256669519417371,2.007658037045121,430.56827112003924,0.0,0.0,0.9944988517500597,0.005501148249940236,5
2013-10-29,191881.7830374632,0.0034153264285925466,0.003415326428592671,2.014514844598618,653.1083465765357,0.0,0.0,0.9945175760175797,0.005482423982420326,5
2013-10-30,191285.50665456476,-0.003107519502161593,-0.0031075195021616755,2.0082547004316336,-596.2763828984723,0.0,0.0,0.9945004861711039,0.0054995138288960275,5
2013-10-31,189866.37230121653,-0.0074189329770341095,-0.007220738967261149,1.9937536174600414,-1381.2227117729076,37.91164157533653,0.19819400977304424,0.7949836679813893,0.20501633201861066,4
2013-11-01,189540.72076181797,-0.0017151617500855698,-0.0017151617500854525,1.9903340075162794,-325.65153939853064,0.0,0.0,0.7946314276614446,0.20536857233855546,4
2013-11-04,189789.55353090508,0.0013128195782257102,0.0013128195782255245,1.9929469569685547,248.83276908709178,0.0,0.0,0.7949006860562705,0.2050993139437295,4
2013-11-05,188587.17096245263,-0.006335346419668264,-0.006335346419668272,1.9803209476001353,-1202.3825684524593,0.0,0.0,0.7935930263749204,0.20640697362507968,4
2013-11-06,189257.96053422778,0.0035569204859047243,0.003757672020308877,1.987762344216164,708.648735714815,37.85916393963348,0.20075153440406174,0.994564645437378,0.005435354562621956,5
2013-11-07,186928.89831405782,-0.012306284045308313,-0.012120404226130489,1.9636698610987835,-2293.8829846878916,35.17923548209703,0.1858798191779879,0.8064893085437028,0.1935106914562971,4
2013-11-08,188915.60556976096,0.010628144035628395,0.010628144035628315,1.9845400272209637,1986.7072557031256,0.0,0.0,0.8085243394434153,0.19147566055658463,4
2013-11-11,188801.17768918377,-0.000605708989641629,-0.0006057089896415299,1.9833379734861725,-114.42788057717769,0.0,0.0,0.8084082906227047,0.19159170937729525,4
2013-11-12,187954.13649898095,-0.004486418996799246,-0.00448641899679929,1.9744398883248508,-847.0411902028322,0.0,0.0,0.8075448562095716,0.19245514379042836,4
2013-11-13,188967.99718567275,0.005394191932015735,0.005586454812925347,1.985470007541815,1049.9972904539597,36.136603762155026,0.19226288090951887,1.0,-3.8503649943616363e-17,5
2013-11-14,190328.50167304935,0.007199655537650784,0.007403727172392175,2.000169885786622,1399.0674954760934,38.56300809946321,0.20407163474126608,0.7975897211782715,0.20241027882172852,4
2013-11-15,190975.9384155767,0.0034016804463659067,0.00340168044636585,2.0069738245765123,647.4367425273219,0.0,0.0,0.7982759220298637,0.20172407797013628,4
2013-11-18,190516.97484580745,-0.002403253381431325,-0.002403253381431239,2.002150557946155,-458.9635697692388,0.0,0.0,0.7977899600676369,0.2022100399323631,4
2013-11-19,190559.09284107623,0.00022107213964983607,0.00022107213964987356,2.002593177653901,42.117995268783794,0.0,0.0,0.7978346531934185,0.20216534680658152,4
2013-11-20,190090.63450204293,-0.0024583363199781605,-0.0022587880775937147,1.9980697440599458,-430.4326069864968,38.02573204681795,0.19954824238448127,0.9975764860078152,0.002423513992184758,5
2013-11-21,192407.2045559375,0.012186660641977376,0.012186660641977456,2.022419541969807,2316.5700538945684,0.0,0.0,0.9976056649564541,0.00239433504354587,5
2013-11-22,193077.27852291107,0.0034825825182589476,0.0034825825182589454,2.0294627849112565,670.0739669735808,0.0,0.0,0.9976139744871931,0.002386025512806849,5
2013-11-25,192908.91856594422,-0.0008719822355838236,-0.000871982235583984,2.0276931294150353,-168.35995696687954,0.0,0.0,0.9976118920995273,0.002388107900472719,5
2013-11-26,192838.5584058334,-0.0003647325413146385,-0.00036473254131459535,2.0269535637469374,-70.36016011080716,0.0,0.0,0.9976110207610583,0.0023889792389416857,5
2013-11-27,193219.01443260378,0.0019729250722237968,0.0019729250722240166,2.0309525912530875,380.45602677040415,0.0,0.0,0.9976157247574634,0.0023842752425366027,5
2013-11-29,192856.77940541093,-0.001874737992306752,-0.0018747379923068001,2.0271450872696914,-362.23502719287825,0.0,0.0,0.9976112464704673,0.002388753529532674,5
2013-12-02,192706.10198734707,-0.0007812917882814574,-0.000781291788281389,2.0255612954593527,-150.67741806384285,0.0,0.0,0.997609378697675,0.0023906213023250716,5
2013-12-03,191669.54704325806,-0.005378941991972086,-0.005378941991972153,2.014665918749893,-1036.5549440890095,0.0,0.0,0.9975964501424162,0.002403549857583828,5
2013-12-04,191861.1092602251,0.0009994400254089708,0.0009994400254090684,2.016679456506919,191.56221696705848,0.0,0.0,0.9975988499478853,0.0024011500521147317,5
2013-12-05,190517.87376068864,-0.007001082734878761,-0.007001082734878953,2.002560516782183,-1343.2354995364863,0.0,0.0,0.9975819207751727,0.002418079224827239,5
2013-12-06,192491.0446354166,0.010356880621114062,0.010356880621114242,2.023300796991053,1973.1708747279658,0.0,0.0,0.9976067078166077,0.002393292183392398,5
2013-12-09,193157.40263969707,0.003461761068119129,0.0034617610681190506,2.030304980919171,666.3580042804516,0.0,0.0,0.9976149642405457,0.002385035759454247,5
2013-12-10,192531.5625640267,-0.003240052242976965,-0.003240052242976903,2.0237266867118167,-625.8400756703433,0.0,0.0,0.9976072114807369,0.002392788519263055,5
2013-12-11,190039.0925093975,-0.012945773780859038,-0.012761568917714456,1.997900759128726,-2457.0048044960795,35.46525013312214,0.18420486314459797,0.8111416355363137,0.18885836446368634,4
2013-12-12,189751.10401627127,-0.0015154171140445705,-0.0013267474192756301,1.995250049452583,-252.13387554832588,35.8546175779101,0.18866969476891746,1.0,-3.834474456369702e-17,5
2013-12-13,189623.13602607514,-0.0006743991865530985,-0.000674399186553126,1.9939044544422622,-127.96799019613096,0.0,0.0,1.0,-3.837062167974538e-17,5
2013-12-16,191022.63684190012,0.007380432816133542,0.0073804328161334335,2.0086203323100627,1399.5008158249789,0.0,0.0,1.0,-3.808950464967862e-17,5
2013-12-17,190034.77315291087,-0.0051714482917899485,-0.005171448291789924,1.9982328561236833,-987.8636889892515,0.0,0.0,1.0,-3.8287506509815704e-17,5
2013-12-18,193571.41731023704,0.018610510585241213,0.018610510585241172,2.03542098984435,3536.6441573261527,0.0,0.0,1.0,-3.75879751013149e-17,5
2013-12-19,193576.93539923473,2.8506734487843133e-05,2.8506734487922e-05,2.0354790130500784,5.518088997713676,0.0,0.0,1.0,-3.7586903621433145e-17,5
2013-12-20,194626.46744163093,0.0054217825084978966,0.005620742270850353,2.0469199159801574,1088.0460634601468,38.51402106395692,0.19895976235249965,0.8023110240418259,0.19768897595817422,4
2013-12-23,195217.9046968769,0.003038832605967823,0.00303883260596788,2.053140162962643,591.437255245974,0.0,0.0,0.8029099477190093,0.19709005228099083,4
2013-12-24,195641.70033959034,0.0021708851110326943,0.0021708851110328253,2.057597294373282,423.7956427134751,0.0,0.0,0.8033368807564643,0.1966631192435358,4
2013-12-26,196179.91352581093,0.0027510146624485365,0.0027510146624484906,2.0632577746995175,538.2131862205669,0.0,0.0,0.8038764196017917,0.1961235803982084,4
2013-12-27,196267.46627049398,0.0004462880175117867,0.000642215670257072,2.064582831174209,125.9898146559531,38.437069972920035,0.19592765274546295,1.0,0.0,5
2013-12-30,195879.10569225234,-0.0019787312977608273,-0.001978731297760669,2.0604975765093454,-388.36057824161287,0.0,0.0,1.0,0.0,5
2013-12-31,196873.25060576308,0.005075298409176199,0.005075298409176045,2.070955216581514,994.1449135107147,0.0,0.0,1.0,0.0,5
2014-01-02,195202.18497039864,-0.008488027856616953,-0.008488027856616925,2.053376891013364,-1671.0656353644422,0.0,0.0,1.0,0.0,5
2014-01-03,195825.65046356717,0.0031939473078290703,0.003193947307828972,2.0599352686063748,623.4654931685377,0.0,0.0,1.0,0.0,5
2014-01-06,195843.3786208932,9.053031246963883e-05,9.053031246972429e-05,2.060121755189909,17.728157326053747,0.0,0.0,1.0,0.0,5
2014-01-07,196342.29361767002,0.002547520372095935,0.0027577409182011244,2.0658030372506726,540.0852987815924,41.17030200481157,0.21022054610540397,0.7905233205490816,0.20947667945091836,4
2014-01-08,196053.81751059025,-0.0014692509788110097,-0.0014692509788109662,2.0627678541161614,-288.4761070797518,0.0,0.0,0.790215093870411,0.20978490612958905,4
2014-01-09,196429.87393694476,0.001918128558420884,0.001918128558420895,2.066724508046534,376.0564263545017,0.0,0.0,0.790616717923418,0.20938328207658205,4
2014-01-10,196330.32934174826,-0.0005067691242750527,-0.0003201883769174364,2.066062766880767,-62.89456251396698,36.65003268254009,0.18658074735773128,0.6040218818288666,0.39597811817113326,3
2014-01-13,194830.817506406,-0.0076376983646377905,-0.0072421158290022535,2.0511001010130276,-1421.8469858391006,77.66484950316115,0.39558253563549783,1.0,0.0,5
2014-01-14,196698.44487872656,0.00958589301335322,0.009585893013353462,2.070761727141017,1867.6273723206004,0.0,0.0,1.0,0.0,5
2014-01-15,197430.08251429946,0.0037195903405540243,0.0037195903405538378,2.078464112458879,731.6376355728728,0.0,0.0,1.0,0.0,5
2014-01-16,197036.6373733211,-0.001992832783979881,-0.001992832783979843,2.074322081035245,-393.44514097834144,0.0,0.0,1.0,0.0,5
2014-01-17,196356.93701587524,-0.0034496140743512926,-0.003449614074351459,2.0671664703897683,-679.7003574458932,0.0,0.0,1.0,0.0,5
2014-01-21,197221.056405316,0.00440075814266172,0.004400758142661979,2.076263570066574,864.1193894407784,0.0,0.0,1.0,0.0,5
2014-01-22,197581.82942194707,0.0018292824468479907,0.0020346815971561045,2.080488105343434,401.2820540395825,40.509037408500014,0.20539915030800998,0.7951809207886789,0.20481907921132114,4
2014-01-23,195694.96913763596,-0.009549766240303459,-0.009549766240303594,2.060619930271672,-1886.8602843111335,0.0,0.0,0.7932060872621143,0.20679391273788567,4
2014-01-24,192825.02085713015,-0.01466541676136457,-0.014665416761364665,2.030400080207464,-2869.948280505827,0.0,0.0,0.7901282302929148,0.20987176970708518,4
2014-01-27,192163.4113977978,-0.003431139052346044,-0.0034311390523458856,2.023433495200378,-661.6094593323091,0.0,0.0,0.7894056518006045,0.2105943481993955,4
2014-01-28,193502.6570893033,0.006969306392740515,0.007170740540848421,2.0379430117961217,1377.9539645779223,38.70827307247515,0.2014341481081697,0.9911032383149685,0.008896761685031446,5
2014-01-29,191346.31370818504,-0.01114374041966304,-0.011143740419662871,2.0152327038826,-2156.3433811182335,0.0,0.0,0.9910029778354165,0.008997022164583519,5
2014-01-30,192827.90909521191,0.007743004598909531,0.007743004598909495,2.030836659976636,1481.5953870268559,0.0,0.0,0.9910721065554164,0.008927893444583534,5
2014-01-31,190654.65872391406,-0.011270414026139597,-0.01127041402613964,2.007948289999237,-2173.250371297856,0.0,0.0,0.990970338532158,0.009029661467841994,5
2014-02-03,186543.49155035667,-0.0215634236324157,-0.021563423632415618,1.9646500503899988,-4111.167173557383,0.0,0.0,0.9907713369614979,0.00922866303850203,5
2014-02-04,188316.01162767,0.00950191326742078,0.009501913267420857,1.9833179847696385,1772.5200773133447,0.0,0.0,0.990858201537596,0.009141798462404026,5
2014-02-05,187616.7064503382,-0.0037134663764779585,-0.003713466376477847,1.9759530001193326,-699.3051773317638,0.0,0.0,0.9908241272426366,0.009175872757363335,5
2014-02-06,190490.86675078358,0.015319319664137465,0.01531931966413723,2.0062232557694717,2874.160300445328,0.0,0.0,0.990962574453524,0.009037425546476026,5
2014-02-07,192597.55825960587,0.011059278299040187,0.01105927829904013,2.0284106370850328,2106.691508822286,0.0,0.0,0.9910614286022079,0.008938571397792005,5
2014-02-10,192379.19911948155,-0.001133758610947666,-0.0011337586109475238,2.0261109090587,-218.35914012429552,0.0,0.0,0.9910512829171584,0.00894871708284161,5
2014-02-11,194487.94866954917,0.010961421815452788,0.01096142181545276,2.048319965377783,2108.7495500676155,0.0,0.0,0.9911483100247566,0.008851689975243354,5
2014-02-12,194180.52427561206,-0.001580686083842875,-0.00158068608384296,2.0450822145132523,-307.42439393712027,0.0,0.0,0.9911342961300259,0.008865703869974094,5
2014-02-13,195000.151887527,0.004220956838862033,0.004220956838861875,2.053714418272637,819.627611914929,0.0,0.0,0.9911715605917227,0.008828439408277248,5
2014-02-14,196479.4726554906,0.00758625443951888,0.007789370969216557,2.069711561741391,1518.928522105522,39.60775414192055,0.20311652969770852,0.789852380733328,0.21014761926667197,4
2014-02-18,196692.19881473755,0.0010826889769801618,0.001082688976980177,2.071952415634817,212.72615924697774,0.0,0.0,0.790079659172386,0.20992034082761402,4
2014-02-19,196129.0961533623,-0.0028628622017979888,-0.0026633948807740005,2.0664339881778075,-523.8689954113539,39.23366596386524,0.1994673210238452,0.9897170087302275,0.010282991269772586,5
2014-02-20,196990.34407083772,0.004391229727597201,0.004589255217429962,2.0759173811395275,900.0864778116405,38.83856033625027,0.19802548983288346,0.7927994097785331,0.20720059022146697,4
2014-02-21,196353.79226256424,-0.003231385839117973,-0.003231385839117868,2.0692092911109348,-636.5518082734615,0.0,0.0,0.7921276941530746,0.2078723058469255,4
2014-02-24,197967.42540724768,0.00821798818392927,0.008217988183929093,2.0862140286153608,1613.6331446834206,0.0,0.0,0.7938220620112529,0.20617793798874712,4
2014-02-25,197835.9443437733,-0.0006641550406785157,-0.0006641550406785989,2.0848284590523214,-131.48106347438807,0.0,0.0,0.7936850368885351,0.206314963111465,4
2014-02-26,197204.0150153987,-0.00319420887074251,-0.002994807832309092,2.0785847984541306,-592.4806356329979,39.44869274162806,0.19940103843353818,0.9932639600419189,0.006736039958081057,5
2014-02-27,197658.4421867721,0.0023043505039079815,0.002304350503907984,2.083374586381864,454.4271713734116,0.0,0.0,0.9932794465526419,0.006720553447358098,5
2014-02-28,198726.63145603056,0.005404217788224308,0.00540421778822434,2.0946335963811236,1068.189269258466,0.0,0.0,0.9933155706645606,0.006684429335439388,5
2014-03-03,196775.46779855632,-0.009818330050574753,-0.00981833005057474,2.074067792396831,-1951.1636574742365,0.0,0.0,0.9932492899653648,0.006750710034635163,5
2014-03-04,199951.07157847815,0.016138209785240054,0.016138209785239926,2.1075395335393403,3175.6037799218257,0.0,0.0,0.9933565040959714,0.006643495904028567,5
2014-03-05,199055.79582561343,-0.0044774741430346765,-0.0044774741430346435,2.0981030797724944,-895.275752864705,0.0,0.0,0.9933266242285078,0.006673375771492178,5
2014-03-06,200501.1565385362,0.0072610832903805544,0.007261083290380611,2.1133375809865265,1445.3607129227762,0.0,0.0,0.9933747308595577,0.006625269140442239,5
2014-03-07,200674.1460317775,0.0008627855131999596,0.0008627855131998407,2.115160938035902,172.98949324126255,0.0,0.0,0.993380442118202,0.006619557881798035,5
2014-03-10,200685.25864010336,5.5376382785743417e-05,5.537638278574693e-05,2.1152780679976604,11.112608325858588,0.0,0.0,0.993380808665075,0.006619191334924939,5
2014-03-11,199070.28879919997,-0.008047276874479259,-0.00804727687447919,2.09825583971797,-1614.9698409033788,0.0,0.0,0.9933271100722737,0.006672889927726276,5
2014-03-12,198711.03929188996,-0.0018046364903422374,-0.0018046364903421055,2.094469250663541,-359.2495073099776,0.0,0.0,0.9933150461606389,0.006684953839361041,5
2014-03-13,196621.6136107316,-0.010514894837267419,-0.010514894837267577,2.0724461267529235,-2089.425681158368,0.0,0.0,0.9932440076111487,0.0067559923888511906,5
2014-03-14,196011.6135901718,-0.0031024057292474705,-0.0031024057292475316,2.066016558015728,-610.0000205598282,0.0,0.0,0.9932229825533953,0.006777017446604748,5
2014-03-17,197487.29085028954,0.0075285195253949055,0.0075285195253946835,2.0815706040125384,1475.6772601177263,0.0,0.0,0.9932736222198483,0.006726377780151694,5
2014-03-18,198401.40065267408,0.004628701920254219,0.004628701920254442,2.0912055738644764,914.1098023845826,0.0,0.0,0.9933046131697264,0.006695386830273562,5
2014-03-19,197280.2107444384,-0.005651118916234155,-0.0056511189162342015,2.0793879224882765,-1121.1899082356872,0.0,0.0,0.9932665617092301,0.006733438290769826,5
2014-03-20,197820.62765955273,0.0027393366677532782,0.002739336667753292,2.085084066070832,540.4169151143371,0.0,0.0,0.9932849564741859,0.006715043525814006,5
2014-03-21,197850.8797313782,0.00015292678111178404,0.00015292678111173257,2.0854029312654037,30.25207182547797,0.0,0.0,0.9932859832271593,0.006714016772840605,5
2014-03-24,197768.09353771733,-0.00041842722040597025,-0.00041842722040599903,2.0845303419134478,-82.78619366088219,0.0,0.0,0.9932831727237922,0.006716827276207735,5
2014-03-25,198896.36378455168,0.005705016550706432,0.005705016550706536,2.0964226220145137,1128.2702468343557,0.0,0.0,0.9933212749606791,0.006678725039320792,5
2014-03-26,198280.06367377716,-0.0030985991852626737,-0.003098599185262649,2.089926648585973,-616.3001107745152,0.0,0.0,0.9933005159448441,0.006699484055155778,5
2014-03-27,199190.69412196818,0.004592647547709383,0.004786575143788053,2.099930239534435,949.0824242896142,38.45197609859362,0.1939275960787325,0.8004831579973407,0.19951684200265932,4
2014-03-28,200774.26792221784,0.007950039067989856,0.007950039067989944,2.116624766978787,1583.5738002496819,0.0,0.0,0.8020568140588156,0.1979431859411845,4
2014-03-31,201197.89258898055,0.0021099549815160046,0.0021099549815157873,2.1210907499498735,423.6246667626689,0.0,0.0,0.8024735859002262,0.1975264140997737,4
2014-04-01,201859.6904034433,0.003289288003700319,0.0032892880037003994,2.128067628308443,661.7978144627352,0.0,0.0,0.8031211770507359,0.19687882294926404,4
2014-04-02,202546.87862604807,0.0034042865181818094,0.0036009686589900465,2.135730733142193,726.8904186562331,39.70219605148129,0.1966821408084556,1.0,-3.592233888539282e-17,5
2014-04-03,202607.46143379057,0.0002991051165708303,0.0002991051165711352,2.1363695411320935,60.58280774256369,0.0,0.0,1.0,-3.5911597542823527e-17,5
2014-04-04,201074.01729692076,-0.007568547209555354,-0.0075685472095556715,2.1202003274029786,-1533.444136869874,0.0,0.0,1.0,-3.6185468973045927e-17,5
2014-04-07,197931.09432089783,-0.015630676793918497,-0.01563067679391823,2.087060161346983,-3142.922976022892,0.0,0.0,1.0,-3.6760053488044705e-17,5
2014-04-08,198366.81468130084,0.0022013739776358676,0.00220137397763564,2.0916545612759325,435.7203604029699,0.0,0.0,1.0,-3.667930861254737e-17,5
2014-04-09,200053.63641395554,0.008503548012124718,0.008503548012124947,2.1094410462625226,1686.8217326547335,0.0,0.0,1.0,-3.6370034279846075e-17,5
2014-04-10,195826.97433465652,-0.021127644341106144,-0.02072134558796322,2.065730589345482,-4145.380536262315,81.28154303668103,0.40629875314283914,0.5853469024401207,0.4146530975598794,3
2014-04-11,194688.60397322563,-0.005813143798491627,-0.005813143798491669,2.053722200380674,-1138.3703614308959,0.0,0.0,0.5829223702029764,0.41707762979702356,3
2014-04-14,195808.51445222503,0.005752316551375536,0.005752316551375713,2.0655358605858516,1119.9104789994171,0.0,0.0,0.5853078109457991,0.41469218905420085,3
2014-04-15,196190.81089445975,0.0019523994822401303,0.001952399482239922,2.0695686117306074,382.29644223469245,0.0,0.0,0.5861158780911214,0.41388412190887863,3
2014-04-16,197670.95976719222,0.00754443526679105,0.00794757397847939,2.0860166613758753,1559.2409834815794,79.09211074910141,0.4031387116884326,0.9897351708304368,0.01026482916956313,5
2014-04-17,197994.56898963402,0.0016371105944086306,0.0016371105944085551,2.0894317013523267,323.60922244177766,0.0,0.0,0.9897519480248974,0.01024805197510264,5
2014-04-21,198270.95650973852,0.0013959348557635032,0.0013959348557636114,2.092348411892982,276.38752010452316,0.0,0.0,0.9897662336959868,0.01023376630401313,5
2014-04-22,199287.59516781213,0.0051275218315884885,0.005127521831588429,2.1030769740542525,1016.6386580736041,0.0,0.0,0.9898184398678441,0.01018156013215587,5
2014-04-23,198929.2434697068,-0.0017981635926891393,-0.0017981635926892557,2.099295297606885,-358.351698105355,0.0,0.0,0.9898000987768156,0.010199901223184427,5
2014-04-24,199419.25101981778,0.002463225323558804,0.002463225323558874,2.1044663349455783,490.00755011099056,0.0,0.0,0.9898251616961886,0.010174838303811362,5
2014-04-25,196821.5026144476,-0.013026567856841531,-0.013026567856841474,2.0770523614309715,-2597.7484053701596,0.0,0.0,0.989690869103014,0.010309130896986011,5
2014-04-28,196492.1486916607,-0.001673363521830673,-0.001673363521830635,2.0735766977764207,-329.3539227869096,0.0,0.0,0.9896735892639769,0.010326410736023113,5
2014-04-29,197515.82255937046,0.005209744381777348,0.005209744381777389,2.0843795023278457,1023.6738677097466,0.0,0.0,0.9897271084032576,0.010272891596742375,5
2014-04-30,197966.18917175307,0.002280154605068363,0.0022801546050684146,2.089132209848789,450.3666123826244,0.0,0.0,0.9897504788960027,0.01024952110399735,5
2014-05-01,198978.7486252697,0.005114810047882168,0.005114810047882149,2.0998177242670777,1012.5594535166208,0.0,0.0,0.9898026364734303,0.010197363526569744,5
2014-05-02,199186.85909542444,0.0010458929488328383,0.0010458929488328442,2.102013908818723,208.1104701547526,0.0,0.0,0.989813290680879,0.010186709319121065,5
2014-05-05,199029.21256009897,-0.000791450480425282,-0.0007914504804253152,2.1003502689007276,-157.64653532548323,0.0,0.0,0.989805222018948,0.010194777981051999,5
2014-05-06,196660.3573862911,-0.011902047660930948,-0.011902047660930929,2.075351799895622,-2368.8551738078504,0.0,0.0,0.9896824217103998,0.010317578289600206,5
2014-05-07,196876.28669712937,0.0010979808727495932,0.0010979808727497843,2.0776304964761345,215.92931083828438,0.0,0.0,0.9896937377891768,0.01030626221082318,5
2014-05-08,197103.05054580406,0.0011518088464534948,0.0015523360776783725,2.080855677251899,305.61816267930453,78.85431400465595,0.4005272312249767,0.9901192462399379,0.009880753760062063,5
2014-05-09,197660.68542330826,0.0028291539677343103,0.0028291539677343233,2.086742738347479,557.6348775042004,0.0,0.0,0.9901471215500981,0.009852878449901918,5
2014-05-12,199917.88606791184,0.01141957309198638,0.011419573091986372,2.1105724495722096,2257.200644603594,0.0,0.0,0.9902583668419813,0.009741633158018608,5
2014-05-13,200286.9716081891,0.0018461856892177941,0.0018461856892178197,2.114468958224667,369.0855402772574,0.0,0.0,0.990276318563496,0.00972368143650402,5
2014-05-14,199361.8762423008,-0.004618849436188177,-0.004618849436188194,2.104702544469134,-925.0953658883251,0.0,0.0,0.9902311979375977,0.00976880206240218,5
2014-05-15,197679.7329431421,-0.008437637781429363,-0.008437637781429457,2.0869438267612503,-1682.143299158701,0.0,0.0,0.9901480709286453,0.009851929071354605,5
2014-05-16,198791.77531178633,0.005625474863242941,0.005828128659948333,2.0991068038897,1152.102917056859,40.06054841261462,0.20265379670528536,0.7888845526623058,0.2111154473376942,4
2014-05-19,198975.9236755776,0.0009263379408048777,0.0009263379408049395,2.1010512861639445,184.14836379127837,0.0,0.0,0.7890799359201399,0.21092006407986003,4
2014-05-20,197584.7911404727,-0.006991461627151918,-0.0069914616271519155,2.086361866720051,-1391.132535104909,0.0,0.0,0.7875949139113392,0.21240508608866077,4
2014-05-21,199526.06865558695,0.009825035135088367,0.009825035135088535,2.1068604453650845,1941.2775151142741,0.0,0.0,0.7896614970926656,0.2103385029073343,4
2014-05-22,200629.07279526288,0.005528120446155249,0.005729266299415015,2.1189312099122852,1143.1379810032208,40.13384132731804,0.20114585325988302,0.9910579290510524,0.008942070948947573,5
2014-05-23,202016.14728197135,0.006913626561609876,0.007107527735465763,2.133991572256281,1425.9766994331105,38.902212724618266,0.19390117385587996,0.7987420784809768,0.20125792151902336,4
2014-05-27,202799.16420769395,0.003876011577577776,0.0038760115775780166,2.1422629482968003,783.0169257226268,0.0,0.0,0.7995191445975991,0.20048085540240093,4
2014-05-28,202999.54378582432,0.000988069053012186,0.0009880690530121381,2.144379652019427,200.37957813034924,0.0,0.0,0.7997170379942027,0.20028296200579737,4
2014-05-29,203546.6262447898,0.002694993539210433,0.0026949935392104915,2.1501587413272336,547.0824589654738,0.0,0.0,0.800255348539381,0.19974465146061915,4
2014-05-30,203610.29436175115,0.00031279377180526424,0.0005123388781595686,2.1512603512446304,104.28485014342061,40.616733182068394,0.1995451063542649,1.0,-3.5734723713214365e-17,5
2014-06-02,204100.756294778,0.0024088267961317467,0.0024088267961316365,2.1564423648241644,490.46193302683645,0.0,0.0,1.0,-3.5648851803738195e-17,5
2014-06-03,204156.7827858835,0.0002745040837799362,0.0002745040837800046,2.1570343170597446,56.026491105504036,0.0,0.0,1.0,-3.563906873382864e-17,5
2014-06-04,204553.05740736742,0.0019410308884988403,0.0019410308884987675,2.1612211872967095,396.2746214839333,0.0,0.0,1.0,-3.557002621424209e-17,5
2014-06-05,206540.23247018273,0.009714716993243666,0.009714716993243592,2.1822168394910992,1987.1750628152843,0.0,0.0,1.0,-3.522779812516103e-17,5
2014-06-06,207429.4477707849,0.004305288562752807,0.004305288562752634,2.1916119126916063,889.2153006021481,0.0,0.0,1.0,-3.507678245484004e-17,5
2014-06-09,208255.98384879553,0.0039846612276766,0.0039846612276769645,2.2003447437062236,826.5360780106906,0.0,0.0,1.0,-3.493756808191472e-17,5
2014-06-10,208126.46530447292,-0.0006219199176367152,-0.0006219199176369509,2.198976305484445,-129.51854432264508,0.0,0.0,1.0,-3.495930997309382e-17,5
2014-06-11,207370.16196645034,-0.0036338643281917937,-0.003633864328191877,2.1909855239294056,-756.3033380225885,0.0,0.0,1.0,-3.508681068282416e-17,5
2014-06-12,205435.11490390653,-0.00933136688612346,-0.009331366886123332,2.170540634163435,-1935.0470625437665,0.0,0.0,1.0,-3.5417302526818735e-17,5
2014-06-13,206210.0851350291,0.003772335763946977,0.0037723357639468007,2.1787286422247893,774.970231122527,0.0,0.0,1.0,-3.5284198682227554e-17,5
2014-06-16,206609.5420162835,0.0019371355236714738,0.0019371355236717951,2.182949134874084,399.4568812544501,0.0,0.0,1.0,-3.521598055529297e-17,5
2014-06-17,207351.08495110358,0.003589103037465957,0.003589103037465795,2.190783964244694,741.5429348200598,0.0,0.0,1.0,-3.509003879048525e-17,5
2014-06-18,208886.80537705004,0.007406377576025802,0.0074063775760257146,2.2070097374713926,1535.7204259464565,0.0,0.0,1.0,-3.483205940676816e-17,5
2014-06-19,208231.07405231654,-0.003139170631432986,-0.003139170631433088,2.2000815573202357,-655.7313247335147,0.0,0.0,1.0,-3.494174751437624e-17,5
2014-06-20,207801.02040462694,-0.0020652712360382797,-0.0020652712360381778,2.195537792162964,-430.05364768958515,0.0,0.0,1.0,-3.501406104751456e-17,5
2014-06-23,207331.61993192128,-0.0022588939736275515,-0.002258893973627583,2.1905783050753755,-469.40047270567425,0.0,0.0,1.0,-3.5093333166318455e-17,5
2014-06-24,206441.4585266007,-0.004293418464645482,-0.004293418464645409,2.181173235732113,-890.161405320555,0.0,0.0,1.0,-3.524465321119543e-17,5
2014-06-25,207914.66069641963,0.007136174004646945,0.007136174004646871,2.1967384674765764,1473.202169818913,0.0,0.0,1.0,-3.4994923348898413e-17,5
2014-06-26,208349.29023560524,0.0020904227615783366,0.0020904227615781805,2.201330579570224,434.6295391855999,0.0,0.0,1.0,-3.492192176875495e-17,5
2014-06-27,209023.1112794632,0.0032340933011865136,0.003234093301186653,2.2084498880513093,673.8210438579646,0.0,0.0,1.0,-3.480934509895174e-17,5
2014-06-30,208901.89319145313,-0.000579926723260793,-0.0003874165027175024,2.2075942981192536,-80.97900275902096,40.23908525103944,0.19251022054321984,0.8075706947808884,0.19242930521911164,4
2014-07-01,210545.68008027095,0.007868702689598495,0.007868702689598545,2.2249652013104066,1643.7868888178152,0.0,0.0,0.8090730422468773,0.1909269577531228,4
2014-07-02,211308.87849790804,0.0036248590678569226,0.0036248590678571073,2.2330303865960435,763.1984176371117,0.0,0.0,0.809762625917366,0.19023737408263405,4
2014-07-03,212689.72024859366,0.006534707677696039,0.006534707677696013,2.2476225874078612,1380.8417506856135,0.0,0.0,0.8109977006937448,0.18900229930625526,4
2014-07-07,211289.54855438456,-0.006583165808730973,-0.006394352322910473,2.2332504966950437,-1360.0130067307737,40.15868747831009,0.18881348582043486,1.0,-3.443595608000763e-17,5
2014-07-08,209368.29418160822,-0.009092992937517752,-0.00909299293751799,2.212943565700887,-1921.254372776383,0.0,0.0,1.0,-3.4751955364703816e-17,5
2014-07-09,210327.51551794034,0.004581502371605817,0.004581502371606013,2.223082171895376,959.2213363321434,0.0,0.0,1.0,-3.4593465321292246e-17,5
2014-07-10,208565.6226880875,-0.008376901260465641,-0.00837690126046578,2.2044596320475067,-1761.8928298528704,0.0,0.0,1.0,-3.488569938040418e-17,5
2014-07-11,209038.93529416103,0.0022693701865785787,0.0022693701865786095,2.2094623670139915,473.312606073549,0.0,0.0,1.0,-3.480671007027781e-17,5
2014-07-14,210226.887507323,0.005682923190793554,0.006085136529809915,2.222907247174749,1272.0304613110704,84.07824814908402,0.4022133390163346,1.0,-3.461002396246758e-17,5
2014-07-15,209765.29505479886,-0.002195687040783767,-0.001996149871721163,2.218469991158453,-419.64437453008225,41.9480779940734,0.1995371690626975,0.8002237219215323,0.19977627807846768,4
2014-07-16,209826.43942507452,0.00029148944900381224,0.00029148944900386526,2.219116651753807,61.14437027565654,0.0,0.0,0.8002819376294888,0.19971806237051118,4
2014-07-17,207631.58589897052,-0.01046032869889002,-0.010460328698889906,2.195903962155282,-2194.8535261039915,0.0,0.0,0.7981707371995415,0.20182926280045863,4
2014-07-18,209417.76935297312,0.008602657665350177,0.00860265766535013,2.21479457220769,1786.183454002583,0.0,0.0,0.7998921961323796,0.20010780386762045,4
2014-07-21,208877.09184202866,-0.0025818129598790263,-0.0023822894177625434,2.2095182905358017,-498.89373582102496,41.783775123430416,0.1995235421164475,0.9996142658976389,0.0003857341023610508,5
2014-07-22,210865.29750863963,0.009518543412671665,0.00951854341267175,2.2305496863053587,1988.205666610974,0.0,0.0,0.9996179029054215,0.0003820970945784501,5
2014-07-23,211623.29494604003,0.003594699774482013,0.0035946997744819987,2.2385678427596916,757.9974374003865,0.0,0.0,0.9996192715100385,0.0003807284899614468,5
2014-07-24,212246.60910573657,0.0029453948340398828,0.0029453948340398333,2.245161308919404,623.3141596965543,0.0,0.0,0.9996203896125128,0.00037961038748719414,5
2014-07-25,210874.90049353312,-0.006462805780421688,-0.0064628057804217275,2.2306512674341405,-1371.7086122034652,0.0,0.0,0.9996179203056555,0.0003820796943443848,5
2014-07-28,211382.6893990821,0.002408010172668895,0.0031906889698155817,2.237768581828648,672.8362190156745,165.04731346672793,0.7826787971467919,1.0,-3.442078268030126e-17,5
2014-07-29,210480.5516476323,-0.004267793895585292,-0.0040445713854898565,2.2287177670552354,-854.9523769314175,47.18537451831076,0.22322251009507527,0.7760449182843887,0.22395508171561132,4
2014-07-30,211082.48663508956,0.0028598128556074354,0.002859812855607471,2.2350914827769808,601.934987457251,0.0,0.0,0.7766835615060621,0.22331643849393787,4
2014-07-31,207714.93543439845,-0.015953721478147997,-0.01595372147814795,2.199433455782576,-3367.5512006911054,0.0,0.0,0.7730630729792666,0.22693692702073345,4
2014-08-01,207011.43556737952,-0.003386852589813416,-0.003386852589813445,2.1919842988867364,-703.4998670189249,0.0,0.0,0.7722918590724445,0.22770814092755556,4
2014-08-04,208171.22332805092,0.005602529915763599,0.005803690653894354,2.2047058976756686,1201.4303338516538,41.64257318024624,0.2011607381307789,0.9738005411930967,0.0261994588069034,5
2014-08-05,207040.26529390094,-0.005432825998085922,-0.005432825998085955,2.192728114156643,-1130.9580341499925,0.0,0.0,0.9736574265753386,0.026342573424661387,5
2014-08-06,207167.43118470622,0.0006142085000941933,0.0006142085000942613,2.1940749064027534,127.16589080528485,0.0,0.0,0.9736735964761599,0.026326403523840133,5
2014-08-07,206428.03521578995,-0.0035690743698850724,-0.003569074369885073,2.1862440898887034,-739.3959689162646,0.0,0.0,0.9735792990294917,0.026420700970508373,5
2014-08-08,208795.765283599,0.011470002440966631,0.011470002440966524,2.211320314936276,2367.730067809034,0.0,0.0,0.9738789080182827,0.026121091981717363,5
2014-08-11,209968.75279020233,0.00561787019487725,0.005617870194877171,2.223743225424883,1172.9875066033005,0.0,0.0,0.974024833134026,0.02597516686597404,5
2014-08-12,209282.09378776967,-0.0032702913805405798,-0.003270291380540404,2.216470937122241,-686.6590024326176,0.0,0.0,0.9739396080588875,0.026060391941112572,5
2014-08-13,210655.5884391552,0.006562886611686691,0.006562886611686661,2.231017384560673,1373.4946513855057,0.0,0.0,0.9741095243151299,0.025890475684870136,5
2014-08-14,211520.41736690103,0.004105416495967518,0.004105416495967511,2.2401766401340386,864.8289277458506,0.0,0.0,0.974215380915661,0.02578461908433905,5
2014-08-15,211000.04161775942,-0.0024601679384878006,-0.002460167938487938,2.234665429387431,-520.3757491416371,0.0,0.0,0.9741517899780978,0.025848210021902237,5
2014-08-18,213663.39859835705,0.012622542442064955,0.012622542442064877,2.262872588613689,2663.3569805976235,0.0,0.0,0.9744739930837742,0.025526006916225735,5
2014-08-19,214438.39567316862,0.0036271868738193547,0.0036271868738194176,2.2710804503642343,774.9970748116068,0.0,0.0,0.9745662460622094,0.025433753937790633,5
2014-08-20,214823.20747760622,0.0017945098088874012,0.0017945098088874279,2.275155926509185,384.81180443758444,0.0,0.0,0.9746118054264017,0.025388194573598366,5
2014-08-21,215405.39746994583,0.0027100889106699277,0.0027100889106700396,2.2813218013556633,582.1899923396297,0.0,0.0,0.9746804237292758,0.025319576270724214,5
2014-08-22,215200.69498395533,-0.0009503127052286064,-0.000950312705228599,2.27915383226312,-204.70248599050583,0.0,0.0,0.9746563393265408,0.025343660673459206,5
2014-08-25,216236.49139326363,0.004813164796635627,0.0048131647966356585,2.290123775254686,1035.7964093083017,0.0,0.0,0.9747777382289886,0.02522226177101144,5
2014-08-26,216965.01255251534,0.003369094432478459,0.0033690944324783418,2.297839418515583,728.5211592516954,0.0,0.0,0.9748624290792238,0.025137570920776224,5
2014-08-27,216681.13462323655,-0.0013084041797295498,-0.0013084041797296133,2.2948329158160496,-283.8779292787991,0.0,0.0,0.9748294958864357,0.025170504113564314,5
2014-08-28,215997.20020569276,-0.003156409618830014,-0.0031564096188300946,2.28758948312696,-683.9344175438025,0.0,0.0,0.974749795899335,0.025250204100665072,5
2014-08-29,216625.3907371244,0.002908327195136895,0.002908327195136957,2.2942425418320473,628.1905314316582,0.0,0.0,0.9748230187984549,0.02517698120154517,5
2014-09-02,217476.96084096708,0.003931072442362238,0.003931072442362293,2.3032613754643383,851.5701038426737,0.0,0.0,0.9749216037906919,0.025078396209308115,5
2014-09-03,216695.81124847254,-0.0035918728562045477,-0.0035918728562045984,2.2949883534490634,-781.14959249454,0.0,0.0,0.974831200663532,0.025168799336468033,5
2014-09-04,216569.62702326773,-0.0005823104031306148,-0.0005823104031305904,2.2936519578557863,-126.18422520480836,0.0,0.0,0.974816536070499,0.025183463929501045,5
2014-09-05,217176.30933294425,0.0028013268435436167,0.0028013268435435725,2.300077226655074,606.6823096764994,0.0,0.0,0.9748868861105624,0.025113113889437596,5
2014-09-08,217113.42694032608,-0.00028954535976466467,-0.00028954535976455543,2.299411249966996,-62.882392618145715,0.0,0.0,0.9748796126189607,0.025120387381039267,5
2014-09-09,215123.2718909895,-0.009166430088561883,-0.00916643008856171,2.2783338574993213,-1990.1550493365494,0.0,0.0,0.974647218116273,0.025352781883727006,5
2014-09-10,216012.37429068616,0.004132990317045726,0.004132990317045573,2.287750189271363,889.1023996966218,0.0,0.0,0.9747515696344943,0.02524843036550577,5
2014-09-11,216706.3882893155,0.0032128437128116083,0.003212843712811713,2.295100373083447,694.0139986293615,0.0,0.0,0.9748324291064064,0.025167570893593543,5
2014-09-12,215491.23914931316,-0.0056073526470297175,-0.005607352647029762,2.2822309359312385,-1215.1491400023526,0.0,0.0,0.9746905098699307,0.025309490130069362,5
2014-09-15,214273.62623802328,-0.005650405631786204,-0.005262558779321927,2.2702205614829136,-1134.035312452179,83.57759883767937,0.3878468524642375,0.5848859414438582,0.41511405855614186,3
2014-09-16,214634.71128641834,0.0016851586204731372,0.002085952918202322,2.2749561346881015,446.96469594499837,85.87964754994996,0.4007942977291642,0.9861044496771643,0.013895550322835697,5
2014-09-17,215063.82372418756,0.0019992685954537404,0.0019992685954538475,2.2795043830442183,429.1124377692397,0.0,0.0,0.9861321751838066,0.013867824816193428,5
2014-09-18,216287.3866424593,0.005689301422636905,0.005689301422636875,2.292473170573579,1223.5629182717464,0.0,0.0,0.9862106270827619,0.013789372917238113,5
2014-09-19,214128.52113958166,-0.00998146741883954,-0.009981467418839597,2.2695909243129346,-2158.86550287767,0.0,0.0,0.9860716012241845,0.013928398775815521,5
2014-09-22,211081.98900404837,-0.014227586868483466,-0.013839142729948585,2.238181731572772,-2963.355166603483,83.1769689297889,0.3884441385347691,0.5922140974760477,0.40778590252395225,3
2014-09-23,209860.681912875,-0.005785937004553876,-0.005388132041845287,2.226122112869412,-1137.3376284091476,83.96946276420064,0.3978049627085435,0.9903610950504689,0.009638904949531115,5
2014-09-24,211834.91065244033,0.009407330241998135,0.009407330241997898,2.247063978744189,1974.2287395652904,0.0,0.0,0.9904509263398947,0.00954907366010534,5
2014-09-25,208386.77289106234,-0.0162774764119753,-0.016277476411975116,2.2104874478339815,-3448.137761377954,0.0,0.0,0.9902929195671193,0.009707080432880702,5
2014-09-26,210296.10379480803,0.009162438082112923,0.009162438082112851,2.230740902206048,1909.3309037456715,0.0,0.0,0.9903810525772949,0.009618947422705068,5
2014-09-29,209949.56715792863,-0.0016478509616969506,-0.0016478509616968335,2.227064973665051,-346.53663687937154,0.0,0.0,0.9903651758230091,0.009634824176990903,5
2014-09-30,207191.64004725023,-0.013136140969530197,-0.013136140969530223,2.197809934222684,-2757.927110678403,0.0,0.0,0.9902369267160553,0.009763073283944655,5
2014-10-01,204276.2764732088,-0.014070855239992186,-0.013875099295956213,2.1673151031517053,-2874.8045789476146,40.5589950938193,0.19575594403601315,0.7917464328271775,0.20825356717282256,4
2014-10-02,205623.61142124623,0.006595650612488679,0.006595650612488539,2.1816099563392632,1347.3349480373977,0.0,0.0,0.7931110003842106,0.20688899961578952,4
2014-10-03,207064.35815982387,0.0070067183852056125,0.0070067183852057765,2.196895882929694,1440.7467385776545,0.0,0.0,0.7945505269840224,0.20544947301597763,4
2014-10-06,205782.78527793466,-0.006189249049322276,-0.0061892490493221965,2.1832987471748115,-1281.5728818892007,0.0,0.0,0.7932710299023783,0.2067289700976217,4
2014-10-07,203037.5566510246,-0.013340419234788126,-0.012750110673193765,2.1554614465156874,-2623.7532869317356,121.47533997832525,0.5903085615944893,0.9930242434258613,0.0069757565741387535,5
2014-10-08,205828.42881588504,0.013745595696156299,0.013745595696156458,2.1850895480981447,2790.872164860447,0.0,0.0,0.9931188292173557,0.006881170782644321,5
2014-10-09,201102.13693038886,-0.022962289090414645,-0.022962289090414614,2.1349148902062716,-4726.291885496178,0.0,0.0,0.9929571083021573,0.0070428916978426655,5
2014-10-10,199151.98634287942,-0.009697314097584564,-0.009697314097584613,2.1142119499443313,-1950.150587509451,0.0,0.0,0.9928881423850479,0.007111857614952155,5
2014-10-13,197885.74907969785,-0.006358145286090688,-0.006358145286090538,2.100769483200996,-1266.237263181546,0.0,0.0,0.992842634817351,0.007157365182649044,5
2014-10-14,198949.32107471026,0.0053746770546072575,0.005374677054606994,2.1120604407393753,1063.5719950123691,0.0,0.0,0.9928808976931689,0.007119102306831118,5
2014-10-15,199340.58658214222,0.001966659173896046,0.0019666591738960347,2.1162141437809785,391.2655074319666,0.0,0.0,0.9928948710601802,0.007105128939819907,5
2014-10-16,201095.21561325324,0.00880216648900034,0.008998524088034884,2.1352569477292316,1793.77107008241,39.1420389713916,0.19635759903446634,0.7985072027722809,0.20149279722771898,4
2014-10-17,201153.19481091865,0.00028831714115429286,0.00028831714115416183,2.1358725789080304,57.979197665392945,0.0,0.0,0.7985652798549223,0.20143472014507757,4
2014-10-20,203120.90149050066,0.009782129890761215,0.009782129890761269,2.1567659619050237,1967.706679582012,0.0,0.0,0.8005166518773026,0.19948334812269738,4
2014-10-21,205873.1791392443,0.013549947979491161,0.013749232043550049,2.186419837578886,2792.7564074879647,40.47875874428139,0.19928406405863877,1.0,-3.534194033727075e-17,5
2014-10-22,203241.112487431,-0.012784893412624121,-0.012593214507646066,2.1588857835604824,-2592.6051062715487,39.46154554177324,0.19167890497811296,0.8060329255545212,0.19396707444547878,4
2014-10-23,205906.23533688518,0.013113108941573026,0.013113108941573004,2.1871954880327245,2665.122849454176,0.0,0.0,0.8085435152960151,0.19145648470398482,4
2014-10-24,205867.91521121294,-0.000186104736505599,-0.0001861047365056892,2.186788440592738,-38.320125672249446,0.0,0.0,0.8085078777050525,0.19149212229494744,4
2014-10-27,205690.78621713817,-0.0008604011649558929,-0.0008604011649558936,2.1849069252709397,-177.12899407476874,0.0,0.0,0.8083429757781401,0.1916570242218599,4
2014-10-28,209568.80562959483,0.0188536369750798,0.019045102533742857,2.2265187016894092,3917.4021137515783,39.382701294936524,0.19146555866319673,1.0,0.0,5
2014-10-29,209862.84619716823,0.0014030741201680463,0.0014030741201682417,2.22964267245782,294.040567573453,0.0,0.0,1.0,0.0,5
2014-10-30,210477.5192913798,0.0029289276560848787,0.002928927656084741,2.2361731345443685,614.6730942115444,0.0,0.0,1.0,0.0,5
2014-10-31,213102.62096399738,0.012472123775762789,0.012662968020765041,2.264489723435998,2665.2700958766995,40.168423259137406,0.19084424500238073,0.8116951605083368,0.18830483949166318,4
2014-11-03,212512.2012677245,-0.002770588618769887,-0.0027705886187697265,2.258215753980925,-590.41969627285,0.0,0.0,0.8111719957889647,0.1888280042110353,4
2014-11-04,211277.41255309506,-0.005810436799691621,-0.005621797434845364,2.2455205224478676,-1194.7005479602353,40.08816666920906,0.18863936484618912,1.0,0.0,5
2014-11-05,212012.6632685727,0.0034800251791842207,0.003480025179184127,2.253334990406361,735.2507154776433,0.0,0.0,1.0,0.0,5
2014-11-06,212945.85769857664,0.00440159760090264,0.0044015976009026585,2.2632532642941636,933.1944300039328,0.0,0.0,1.0,0.0,5
2014-11-07,213525.86847670807,0.0027237476436494656,0.0027237476436495454,2.2694177950397667,580.0107781314296,0.0,0.0,1.0,0.0,5
2014-11-10,213913.09404075233,0.0018134831475302704,0.0018134831475302288,2.2735333459657765,387.2255640442662,0.0,0.0,1.0,0.0,5
2014-11-11,214406.03653581106,0.0023044054281446957,0.002304405428144666,2.278772488549288,492.94249505873006,0.0,0.0,1.0,0.0,5
2014-11-12,214982.31159849977,0.0026877744302338247,0.0026877744302338177,2.284897314976331,576.2750626887307,0.0,0.0,1.0,0.0,5
2014-11-13,213128.11771516904,-0.008624867178810613,-0.008624867178810672,2.2651903791174393,-1854.1938833307495,0.0,0.0,1.0,0.0,5
2014-11-14,213433.59982812934,0.0014333261900645322,0.0014333261900646925,2.268437135813311,305.48211296034253,0.0,0.0,1.0,0.0,5
2014-11-17,212159.53347532405,-0.005969380424784343,-0.005969380424784613,2.2548959715799324,-1274.0663528053478,0.0,0.0,1.0,0.0,5
2014-11-18,213218.37626780575,0.0049907858258222415,0.004990785825822075,2.2661496744335965,1058.8427924816713,0.0,0.0,1.0,0.0,5
2014-11-19,211550.70782436075,-0.007821410483636604,-0.007821410483636451,2.2484251876124923,-1667.6684434449576,0.0,0.0,1.0,0.0,5
2014-11-20,213562.48527363728,0.009509670139921322,0.009509670139921168,2.2698069694809773,2011.7774492765109,0.0,0.0,1.0,0.0,5
2014-11-21,214653.39502519625,0.005108152539811339,0.005108152539811524,2.2814014897170134,1090.9097515589915,0.0,0.0,1.0,0.0,5
2014-11-24,215693.84479524882,0.004847115369083443,0.004847115369083448,2.2924597059408707,1040.4497700525692,0.0,0.0,1.0,0.0,5
2014-11-25,215462.82830295584,-0.00107103887230664,-0.0010710388723067046,2.290004392482611,-231.01649229300068,0.0,0.0,1.0,0.0,5
2014-11-26,215848.89975198763,0.0017918239172509676,0.0017918239172510144,2.2941076771236713,386.07144903178505,0.0,0.0,1.0,0.0,5
2014-11-28,211108.47831846392,-0.021961758614338467,-0.021961758614338474,2.2437250380833804,-4740.421433523696,0.0,0.0,1.0,0.0,5
2014-12-01,209332.34240372572,-0.00841338030990324,-0.008219134613422871,2.2252835599598657,-1735.1290013343184,41.00691340387688,0.19424569648034992,0.8043020680891025,0.1956979319108975,4
2014-12-02,210101.34465017132,0.003673595000253105,0.003673595000253212,2.2334583505198795,769.0022464456202,0.0,0.0,0.805018351697448,0.19498164830255213,4
2014-12-03,211115.0485778338,0.004824833126843453,0.005019619988284402,2.2446694626991497,1054.62890917143,40.92498150896404,0.19478686144111104,1.0,-3.446441958163361e-17,5
2014-12-04,210015.30588505563,-0.0052092103343013285,-0.005209210334301408,2.2329765073369665,-1099.7426927781958,0.0,0.0,1.0,-3.464489211165238e-17,5
2014-12-05,210440.05483136547,0.0020224666222294907,0.0020224666222296655,2.2374926277912786,424.7489463098785,0.0,0.0,1.0,-3.4574965398169844e-17,5
2014-12-08,206472.8921587326,-0.018851747001358277,-0.018668971504398984,2.1957209416817403,-3928.6993870309216,38.463285601998756,0.18277549695955464,0.8138989485997201,0.1861010514002799,4
2014-12-09,208942.8249469647,0.011962503951042924,0.011962503951043158,2.221987262121996,2469.932788232147,0.0,0.0,0.8160988666342096,0.18390113336579036,4
2014-12-10,205489.4812023082,-0.01652769720871272,-0.016343979792763072,2.185671147210097,-3414.957308776023,38.38643588051623,0.18371741594984053,1.0,0.0,5
2014-12-11,205659.82029453313,0.0008289431226760069,0.0008289431226762318,2.1874829442760086,170.33909222496018,0.0,0.0,1.0,0.0,5
2014-12-12,203055.06596740038,-0.012665353511455812,-0.012665353511455722,2.1597776994864732,-2604.754327132718,0.0,0.0,1.0,0.0,5
2014-12-15,200838.40866763715,-0.010916532858722738,-0.010916532858722714,2.1362004152624925,-2216.6572997632347,0.0,0.0,1.0,0.0,5
2014-12-16,200787.38183628896,-0.00025406908811276274,-0.00025406908811276496,2.135657672770961,-51.026831348205405,0.0,0.0,1.0,0.0,5
2014-12-17,206525.55759175395,0.028578368336629856,0.028578368336629537,2.1966912843843587,5738.175755464945,0.0,0.0,1.0,0.0,5
2014-12-18,209056.70849398224,0.012255872501899745,0.012690343116903842,2.2245680505051086,2620.880188249243,89.7292860209075,0.43447061500387474,0.5712189415941805,0.4287810584058195,3
2014-12-19,210944.6679577537,0.00903084850695346,0.009030848506953428,2.244657787562629,1887.9594637714777,0.0,0.0,0.5750565415910923,0.4249434584089078,3
2014-12-22,210197.0758109931,-0.0035440201167366014,-0.00354402011673673,2.2367026752083174,-747.592146760629,0.0,0.0,0.5735451771199259,0.42645482288007414,3
2014-12-23,211095.53102418536,0.004274346870553725,0.004274346870553688,2.246263118288453,898.4552131922546,0.0,0.0,0.5753602347715429,0.4246397652284572,3
2014-12-24,210386.95673063924,-0.0033566522706960367,-0.002957875302501981,2.2396189520879464,-624.3942576849786,84.18003586112948,0.39877696819401126,0.9744502182006556,0.025549781799344463,5
2014-12-26,211117.28990636877,0.0034713804842216867,0.003471380484221703,2.2473935216103174,730.333175729537,0.0,0.0,0.9745386043924685,0.025461395607531433,5
2014-12-29,210874.9482355652,-0.001147900633392096,-0.0011479006333922118,2.2448137371633794,-242.3416708035679,0.0,0.0,0.974509343651901,0.025490656348098994,5
2014-12-30,210180.66782536398,-0.003292379754022079,-0.003292379754022025,2.237422957863592,-694.2804102012175,0.0,0.0,0.974425141505582,0.025574858494418,5
2014-12-31,208965.3238236695,-0.005782377676639139,-0.005782377676639191,2.2244853332988415,-1215.3440016945017,0.0,0.0,0.9742763979231702,0.025723602076829808,5
2015-01-02,207992.4660939642,-0.004655594104819971,-0.0046555941048200475,2.214129032494877,-972.857729705288,0.0,0.0,0.974156079117464,0.025843920882535978,5
2015-01-05,203379.1610052654,-0.022180154768753346,-0.02196505098199017,2.1654955754154224,-4568.565121623786,44.73996707502919,0.21510378676320485,0.7538067927000948,0.2461932072999053,4
2015-01-06,201923.91154633003,-0.007155351864676529,-0.00695467530023878,2.1504352568243044,-1414.4360276266052,40.813431308776124,0.20067656443778664,0.5501117964304383,0.4498882035695616,3
2015-01-07,202260.6761944474,0.0016677799352164957,0.0016677799352164964,2.154021709597618,336.7646481173998,0.0,0.0,0.5508608616734598,0.4491391383265402,3
2015-01-08,204222.09965938074,0.009697502756530252,0.009697502756530248,2.174910341064067,1961.4234649333257,0.0,0.0,0.5551745576270463,0.4448254423729537,3
2015-01-09,203559.51600394573,-0.003244426810517176,-0.0028456049386684826,2.168721405456374,-581.1354153759809,81.44824005903214,0.3988218718487302,0.9542468084663467,0.045753191533653315,5
2015-01-12,201288.31618576223,-0.011157423945434508,-0.011157423945434486,2.1445240613161585,-2271.1998181834783,0.0,0.0,0.9537305607165436,0.04626943928345638,5
2015-01-13,200646.12485306436,-0.0031904054088525147,-0.0030033479504795457,2.1380833093718508,-604.5388518719877,37.65248082589145,0.18705745837300977,0.7661139685420886,0.2338860314579115,4
2015-01-14,200523.88629299987,-0.0006092246244676636,-0.0006092246244677067,2.136780736370618,-122.23856006450873,0.0,0.0,0.7659713925516011,0.23402860744839896,4
2015-01-15,200428.26997810547,-0.00047683254430197497,-0.00047683254430190867,2.1357618497754793,-95.61631489439776,0.0,0.0,0.7658597468589724,0.23414025314102768,4
2015-01-16,201742.3782612921,0.006556501651838742,0.006757853222483178,2.1501950148744413,1354.4648301482684,40.35654696165075,0.20135157064449663,0.967624936233179,0.032375063766821005,5
2015-01-20,201317.4203770986,-0.0021064383589405322,-0.001950620560668251,2.1460008002689808,-393.522830994588,31.435053198875327,0.1558177982722171,0.811566031219267,0.188433968780733,4
2015-01-21,203342.7549963042,0.010060404188628302,0.010060404188628282,2.1675904357088065,2025.3346192056033,0.0,0.0,0.8134428713378778,0.18655712866212212,4
2015-01-22,205462.320176293,0.01042360806032816,0.010423608060327954,2.1901845488459504,2119.5651799887687,0.0,0.0,0.8153674091005764,0.18463259089942363,4
2015-01-23,204420.4905191144,-0.005070660431969687,-0.005070660431969655,2.1790788667154057,-1041.8296571786093,0.0,0.0,0.8144264285345271,0.1855735714654729,4
2015-01-26,204535.50506393748,0.0005626370650564372,0.0007480252483387441,2.1807088727258304,152.91168818608844,37.89714336299291,0.18538818328219073,1.0,0.0,5
2015-01-27,204385.5179213633,-0.0007333061442182931,-0.000733306144218331,2.179109745510709,-149.98714257418493,0.0,0.0,1.0,0.0,5
2015-01-28,201854.22133612836,-0.012384911665849208,-0.01238491166584925,2.152121663802368,-2531.296585234933,0.0,0.0,1.0,0.0,5
2015-01-29,202370.41013783938,0.00255723560445853,0.0025572356044587727,2.15762514594617,516.1888017110491,0.0,0.0,1.0,0.0,5
2015-01-30,198488.08588302397,-0.01918424858738521,-0.01918424858738523,2.1162327287879457,-3882.324254815415,0.0,0.0,1.0,0.0,5
2015-02-02,200684.46194742096,0.011065530984521565,0.01106553098452155,2.139649967618807,2196.3760643969763,0.0,0.0,1.0,0.0,5
2015-02-03,203963.92164173853,0.016341373230862155,0.01634137323086218,2.1746147863230685,3279.4596943175648,0.0,0.0,1.0,0.0,5
2015-02-04,202876.39764771305,-0.005331942949869939,-0.005331942949869831,2.1630198643444505,-1087.5239940254705,0.0,0.0,1.0,0.0,5
2015-02-05,204493.27564471497,0.007969768862958526,0.007969768862958334,2.180258632709263,1616.8779970018968,0.0,0.0,1.0,0.0,5
2015-02-06,201525.04083423494,-0.014515072933923845,-0.014515072933923864,2.148612019640671,-2968.2348104800344,0.0,0.0,1.0,0.0,5
2015-02-09,201734.4797572454,0.001039269969347112,0.0010392699693471273,2.1508450075884618,209.43892301047393,0.0,0.0,1.0,0.0,5
2015-02-10,200650.96466473176,-0.0053709960430040615,-0.005370996043004097,2.139292827563589,-1083.5150925136552,0.0,0.0,1.0,0.0,5
2015-02-11,199224.85785430626,-0.007107400718498358,-0.007107400718498352,2.1240880161838853,-1426.1068104255019,0.0,0.0,1.0,0.0,5
2015-02-12,202976.09679908332,0.018829171144498114,0.018829171144498266,2.1640828329665895,3751.238944777072,0.0,0.0,1.0,0.0,5
2015-02-13,204800.6670646563,0.008989089327986477,0.008989089327986416,2.1835359668652883,1824.5702655729776,0.0,0.0,1.0,0.0,5
2015-02-17,204793.5314921468,-3.484154915978088e-05,-3.484154915975443e-05,2.1834598890895567,-7.135572509483723,0.0,0.0,1.0,0.0,5
2015-02-18,205083.03387573038,0.0014136305061700494,0.0014136305061699301,2.186546494597772,289.50238358357103,0.0,0.0,1.0,0.0,5
2015-02-19,204395.31002642834,-0.003353392215363682,-0.0033533922153636615,2.179214146604257,-687.7238493020363,0.0,0.0,1.0,0.0,5
2015-02-20,204959.0971938658,0.0027583175336292065,0.002758317533629019,2.185225111194368,563.7871674374366,0.0,0.0,1.0,0.0,5
2015-02-23,204024.84594427032,-0.004558232654156336,-0.004558232654156154,2.17526434673584,-934.251249595444,0.0,0.0,1.0,0.0,5
2015-02-24,206710.89278959585,0.013165292848985821,0.013165292848985622,2.2039023388845744,2686.0468453254953,0.0,0.0,1.0,0.0,5
2015-02-25,205832.34377247596,-0.004250134113707005,-0.004250134113706837,2.1945354583708028,-878.549017119858,0.0,0.0,1.0,0.0,5
2015-02-26,205312.80742732837,-0.0025240753499939927,-0.002524075349994011,2.1889962855156413,-519.5363451475998,0.0,0.0,1.0,0.0,5
2015-02-27,205863.0007848877,0.0026797809861620614,0.002679780986162292,2.194862316140346,550.1933575593548,0.0,0.0,1.0,0.0,5
2015-03-02,204783.25151815245,-0.005244989447440895,-0.005244989447441058,2.183350286453604,-1079.7492667352863,0.0,0.0,1.0,0.0,5
2015-03-03,203682.24885426235,-0.0053764292525285695,-0.0053764292525285634,2.171611658104998,-1101.0026638901093,0.0,0.0,1.0,0.0,5
2015-03-04,201655.16043446466,-0.009952209538142354,-0.00995220953814229,2.1499993238480646,-2027.0884197976611,0.0,0.0,1.0,0.0,5
2015-03-05,200793.67926032512,-0.004272051219931461,-0.004272051219931523,2.1408144166137673,-861.4811741395417,0.0,0.0,1.0,0.0,5
2015-03-06,197571.42121377913,-0.01604760696858587,-0.01604760696858598,2.106459468263267,-3222.258046546012,0.0,0.0,1.0,0.0,5
2015-03-09,196057.98191854596,-0.007660213637859958,-0.007660213637859893,2.0903235387168775,-1513.4392952331523,0.0,0.0,1.0,0.0,5
2015-03-10,193331.25540709097,-0.013907755679071654,-0.013907755679071768,2.0612518296501903,-2726.7265114550078,0.0,0.0,1.0,0.0,5
2015-03-11,194100.9452053035,0.0039811969181693385,0.0039811969181693645,2.0694580790819646,769.6897982125249,0.0,0.0,1.0,0.0,5
2015-03-12,194777.63768614837,0.0034862915279940676,0.0034862915279940732,2.0766728132506067,676.6924808448914,0.0,0.0,1.0,0.0,5
2015-03-13,192179.15845052496,-0.013340747256676444,-0.013340747256676649,2.048968446114219,-2598.479235623442,0.0,0.0,1.0,0.0,5
2015-03-16,193333.18304827844,0.006004941467420144,0.006004941467420269,2.061272381701726,1154.0245977534878,0.0,0.0,1.0,0.0,5
2015-03-17,194739.60759941966,0.007274615402106166,0.007601185276912395,2.0769404949812236,1469.5613445251831,63.1367933839352,0.32656987480606947,1.0,-1.8681247497299334e-17,5
2015-03-18,198456.11160527202,0.019084479278079103,0.01908447927807894,2.1165778228194956,3716.5040058523487,0.0,0.0,1.0,-1.8331402231278373e-17,5
2015-03-19,195741.8535792635,-0.013676867918319235,-0.013676867918319159,2.08762966749795,-2714.2580260085115,0.0,0.0,1.0,-1.8585594958712057e-17,5
2015-03-20,197552.99926337347,0.009252725725193756,0.00925272572519374,2.106945932227086,1811.1456841099575,0.0,0.0,1.0,-1.8415204125762913e-17,5
2015-03-23,197782.06295084613,0.0011595049851269579,0.001159504985126878,2.109388946538896,229.063687472648,0.0,0.0,1.0,-1.8393876334457304e-17,5
2015-03-24,198068.91934929113,0.0014503660957176923,0.0014503660957177703,2.1124483327496377,286.856398445025,0.0,0.0,1.0,-1.8367237116471566e-17,5
2015-03-25,195871.1193455645,-0.011096137702709563,-0.010885201063394977,2.0894539079116243,-2156.020011526398,41.77999220020114,0.210936639314535,0.7869098193370482,0.21309018066295185,4
2015-03-26,194960.3639694382,-0.00464976857828403,-0.004649768578284116,2.0797384307848437,-910.7553761263439,0.0,0.0,0.7859143707048896,0.2140856292951104,4
2015-03-27,195191.9660095939,0.0011879442335880341,0.0011879442335877683,2.0822090440610657,231.6020401556666,0.0,0.0,0.7861683907320782,0.21383160926792175,4
2015-03-30,197059.03062736223,0.00956527389901174,0.009565273899011744,2.102125943882509,1867.0646177683561,0.0,0.0,0.7881943696002052,0.2118056303997949,4
2015-03-31,196612.78988295136,-0.0022645028902771314,-0.0020649158734516162,2.097785230652992,-406.91032034942845,39.33042406140255,0.19958701682530966,0.9879536945488288,0.01204630545117126,5
2015-04-01,199152.58436555378,0.012917748047390099,0.012917748047390008,2.124883891720103,2539.794482602397,0.0,0.0,0.9881073211774668,0.011892678822533245,5
2015-04-02,201530.7863836552,0.011941607615476135,0.011941607615476149,2.1502584213834703,2378.202018101453,0.0,0.0,0.9882476629747867,0.011752337025213316,5
2015-04-06,203574.10634732386,0.010138996628429542,0.010138996628429452,2.17205988426813,2043.3199636686163,0.0,0.0,0.988365623875091,0.01163437612490898,5
2015-04-07,202967.14548199318,-0.0029815229265706122,-0.002981522926570676,2.1655838379252996,-606.9608653306831,0.0,0.0,0.9883308319831147,0.01166916801688533,5
2015-04-08,205713.18928370794,0.01352949904869405,0.013529499048694178,2.194883102400378,2746.0438017147994,0.0,0.0,0.9884866024838566,0.011513397516143432,5
2015-04-09,206334.5853280775,0.0030206913155799153,0.003436386975912066,2.2024255701071156,706.9101244278676,85.5140800583504,0.4156956603322806,0.5744919662342141,0.42550803376578594,3
2015-04-10,206738.08259144492,0.001955548376564531,0.002164878318542638,2.2071935534720444,446.68927014224084,43.1920067747963,0.2093299419780734,0.36660997902536785,0.6333900209746322,2
2015-04-13,206353.94221676697,-0.001858101661110445,-0.0018581016611104566,2.203092363463946,-384.1403746779546,0.0,0.0,0.3654308850988807,0.6345691149011193,2
2015-04-14,206683.1976559884,0.0015955858932685807,0.0015955858932686303,2.2066075865606565,329.25543922144345,0.0,0.0,0.366441781654637,0.6335582183453631,2
2015-04-15,207174.20906653395,0.002375671637143917,0.0029773376905016156,2.21317740249627,615.3656743745694,124.35426382900664,0.6016660533575968,0.9687836608371561,0.031216339162843977,5
2015-04-16,207562.64012851554,0.0018749006632232668,0.0020892789393311233,2.2178013474323093,432.84471177529247,44.413649793724865,0.21437827610801416,0.7550789656150555,0.24492103438494447,4
2015-04-17,205470.61793480665,-0.010078992020980171,-0.01007899202098013,2.19544814534742,-2092.022193708878,0.0,0.0,0.7525852745715895,0.24741472542841045,4
2015-04-20,206230.37676465622,0.0036976519440392597,0.003697651944039108,2.203566148450101,759.7588298495546,0.0,0.0,0.7534967577644538,0.2465032422355462,4
2015-04-21,206126.3416010605,-0.0005044609103073139,-0.000504460910307359,2.2024545354649314,-104.0351635957281,0.0,0.0,0.7533723437524762,0.24662765624752378,4
2015-04-22,207525.1400264028,0.006786121630439457,0.006987519134266254,2.2178442286738442,1440.3117560137123,41.51333067141484,0.20139750382685326,0.9552747560286966,0.04472524397130336,5
2015-04-23,208964.83819632768,0.006937463912765951,0.006937463912765991,2.2332304429744054,1439.6981699248786,0.0,0.0,0.9555828980704426,0.04441710192955741,5
2015-04-24,210356.13282464925,0.006658032233223921,0.006658032233223895,2.248099363247946,1391.2946283215656,0.0,0.0,0.9558766726064658,0.04412332739353417,5
2015-04-27,210222.20878932474,-0.0006366538190553106,-0.0006366538190551407,2.246668102202719,-133.92403532448338,0.0,0.0,0.9558485634257541,0.04415143657424594,5
2015-04-28,210812.06842396603,0.002805886390587986,0.0028058863905877584,2.252971997654857,589.8596346412645,0.0,0.0,0.9559721007091804,0.04402789929081965,5
2015-04-29,209921.72547954146,-0.004223396464352325,-0.0042233964643522285,2.243456803685677,-890.3429444245583,0.0,0.0,0.9557853647750989,0.04421463522490112,5
2015-04-30,208349.04592945534,-0.007491742679293978,-0.007491742679293928,2.2266494026003523,-1572.6795500861044,0.0,0.0,0.9554516197736638,0.044548380226336184,5
2015-05-01,209776.46697307526,0.006851104295928723,0.006851104295928603,2.241904409888034,1427.4210436199173,0.0,0.0,0.9557547486055666,0.04424525139443334,5
2015-05-04,210177.98056512035,0.0019140068370806507,0.0019140068370806116,2.246195430256641,401.51359204508117,0.0,0.0,0.9558392725398558,0.04416072746014417,5
2015-05-05,208734.99363549962,-0.006865547597997068,-0.006865547597996955,2.230774068615811,-1442.9869296207128,0.0,0.0,0.955533989025014,0.044466010974985995,5
2015-05-06,208338.04472985512,-0.0019016883500505566,-0.001901688350050575,2.2265318315579297,-396.94890564451055,0.0,0.0,0.9554492674158725,0.044550732584127443,5
2015-05-07,209061.39483182543,0.00347200197116293,0.003472001971162965,2.234262354465956,723.3501019702949,0.0,0.0,0.9556034124553405,0.04439658754465948,5
2015-05-08,212977.52389069155,0.018731957002469768,0.01873195700246986,2.276114460822049,3916.1290588661286,0.0,0.0,0.9564197557173993,0.04358024428260067,5
2015-05-11,211930.57060673376,-0.004915792356075643,-0.004915792356075812,2.2649255547539866,-1046.953283957815,0.0,0.0,0.9562044659659645,0.04379553403403543,5
2015-05-12,211211.68534626882,-0.0033920791059395272,-0.0033920791059392805,2.257242748103198,-718.885260464891,0.0,0.0,0.9560554024146765,0.04394459758532353,5
2015-05-13,211002.76820140184,-0.0009891362995587683,-0.000989136299558947,2.2550100273641327,-208.917144867017,0.0,0.0,0.9560118921804833,0.04398810781951672,5
2015-05-14,213388.37635820408,0.011306051466230871,0.011306051466230978,2.2805052867903783,2385.6081568022546,0.0,0.0,0.95650366399396,0.04349633600603996,5
2015-05-15,213569.6766745198,0.000849626017170646,0.0008496260171705484,2.282442863414331,181.30031631571094,0.0,0.0,0.9565405882408815,0.04345941175911848,5
2015-05-18,212324.38497589793,-0.00583084508068854,-0.005830845080688441,2.269134292672239,-1245.2916986218447,0.0,0.0,0.9562856969117638,0.04371430308823625,5
2015-05-19,211263.37004875072,-0.004997141177484954,-0.004997141177484921,2.2577951082610834,-1061.0149271472203,0.0,0.0,0.95606615327722,0.043933846722779966,5
2015-05-20,211303.8619801966,0.00019166565144046466,0.00019166565144041164,2.2582278500313273,40.49193144589056,0.0,0.0,0.9560745722729401,0.04392542772705986,5
2015-05-21,211546.43865670366,0.0011479992567753339,0.0011479992567753824,2.260820293924793,242.5766765070337,0.0,0.0,0.9561249408082833,0.04387505919171679,5
2015-05-22,209685.07375998996,-0.008798847707071622,-0.008798847707071596,2.2409276804654916,-1861.3648967136992,0.0,0.0,0.9557354638962824,0.04426453610371757,5
2015-05-26,206231.8041983109,-0.01646883824278178,-0.01646883824278168,2.2040222049821336,-3453.26956167902,0.0,0.0,0.9549942718392037,0.045005728160796336,5
2015-05-27,207968.19431731693,0.008419603977940726,0.008419603977940768,2.222579199106671,1736.390119006,0.0,0.0,0.9553700384410805,0.04462996155891951,5
2015-05-28,207429.63557348863,-0.0025896207138604854,-0.0025896207138603696,2.216823561974469,-538.5587438282623,0.0,0.0,0.95525416369653,0.04474583630346999,5
2015-05-29,205033.92780979004,-0.011549496083696487,-0.011549496083696634,2.1912203669271983,-2395.707763698627,0.0,0.0,0.9547313334090234,0.045268666590976635,5
2015-06-01,205085.15436716937,0.00024984429614427484,0.0002498442961442768,2.1917678308374704,51.22655737933345,0.0,0.0,0.9547426407021025,0.0452573592978975,5
2015-06-02,206806.2519585785,0.008392112031316623,0.008392112031316618,2.210161392020494,1721.097591409148,0.0,0.0,0.9551192846930044,0.044880715306995576,5
2015-06-03,207047.87864862493,0.001168372269977791,0.0011683722699775815,2.212743683303106,241.62669004640003,0.0,0.0,0.9551716608813399,0.044828339118660174,5
2015-06-04,204843.93935306938,-0.010644587667067107,-0.010644587667066824,2.189189939181438,-2203.9392955555013,0.0,0.0,0.9546893476703651,0.04531065232963497,5
2015-06-05,204510.22305148677,-0.0016291246040108787,-0.0016291246040110068,2.185623475988664,-333.7163015826238,0.0,0.0,0.9546154105189986,0.04538458948100141,5
2015-06-08,204160.3589140858,-0.0017107415569777018,-0.0017107415569779126,2.1818844390803838,-349.8641374010007,0.0,0.0,0.9545376361639057,0.045462363836094255,5
2015-06-09,204197.240705666,0.00018065109101672583,0.00018065109101680161,2.182278598884776,36.8817915802114,0.0,0.0,0.954545847506145,0.045454152493855,5
2015-06-10,207102.68309359252,0.014228607486986178,0.014228607486985855,2.2133293844955575,2905.442387926492,0.0,0.0,0.9551835235583825,0.044816476441617466,5
2015-06-11,207696.24511570844,0.0028660276788770034,0.0028660276788771083,2.2196728477739938,593.5620221159503,0.0,0.0,0.9553116017447069,0.044688398255293124,5
2015-06-12,206459.3308274827,-0.005955400337337102,-0.005799918692182497,2.206798925733659,-1204.621334342715,32.29295388302226,0.15548164515459448,0.7987871350715958,0.2012128649284042,4
2015-06-15,205368.71293617017,-0.00528248293231115,-0.005282482932311068,2.195141548073429,-1090.6178913125418,0.0,0.0,0.7977185869596866,0.2022814130403134,4
2015-06-16,206525.4258881321,0.005632371822486215,0.005632371822486176,2.2075054014751663,1156.712951961937,0.0,0.0,0.798851529934619,0.20114847006538097,4
2015-06-17,206964.24486282232,0.0021247697362354323,0.002124769736235297,2.2121958421447965,438.81897469020885,0.0,0.0,0.7992780179275238,0.20072198207247618,4
2015-06-18,208859.5396633802,0.009157595321907408,0.009358116782519363,2.2328978291813915,1936.7955732322243,41.50077267432468,0.20052146061186435,1.0,-3.483660658215621e-17,5
2015-06-19,206658.81584100935,-0.010536860446584084,-0.010536860446584473,2.2093700963638256,-2200.7238223709114,0.0,0.0,1.0,-3.5207583981227797e-17,5
2015-06-22,208594.98993152933,0.009368940215013888,0.0095685520707235,2.2305105691743825,1977.4256402487563,41.25154972870865,0.19961185570929174,0.802438696190608,0.19756130380939202,4
2015-06-23,208634.23913026758,0.00018815983428521754,0.00018815983428518545,2.23093026167345,39.24919873823649,0.0,0.0,0.8024758622996251,0.197524137700375,4
2015-06-24,207361.83206501836,-0.006098745203824141,-0.00609874520382421,2.2173243864400027,-1272.4070652492328,0.0,0.0,0.8012638209810066,0.1987361790189934,4
2015-06-25,205961.7840209634,-0.006751715251126722,-0.006553177609749251,2.2027938659172333,-1358.8789150050627,41.169129049930014,0.19853764137761584,1.0,-3.5326736213563083e-17,5
2015-06-26,206555.82645356463,0.0028842361966565644,0.0028842361966567713,2.209147243719085,594.0424326012668,0.0,0.0,1.0,-3.52251385937986e-17,5
2015-06-29,202079.1163250411,-0.021673124430261148,-0.02167312443026111,2.161268120621193,-4476.710128523526,0.0,0.0,1.0,-3.600549006004243e-17,5
2015-06-30,202355.1035080007,0.0013657382711218524,0.0013657382711217512,2.1642198472076806,275.98718295957286,0.0,0.0,1.0,-3.595638305161772e-17,5
2015-07-01,202870.9147417365,0.0025490399045724477,0.002549039904572472,2.1697365299604807,515.8112337357868,0.0,0.0,1.0,-3.586496183273012e-17,5
2015-07-02,203596.21537535766,0.0035751829410564095,0.00357518294105656,2.1774937349889827,725.3006336211961,0.0,0.0,1.0,-3.573719482343616e-17,5
2015-07-06,201193.6095233566,-0.011800837493818439,-0.011800837493818474,2.15179748527857,-2402.605852001062,0.0,0.0,1.0,-3.616395983660087e-17,5
2015-07-07,201445.0924847023,0.0012499550156761519,0.0012499550156760833,2.1544871353380133,251.482961345695,0.0,0.0,1.0,-3.611881294519975e-17,5
2015-07-08,197323.1567843265,-0.020461832301468474,-0.02046183230146855,2.1104023808790555,-4121.935700375801,0.0,0.0,1.0,-3.687330839804079e-17,5
2015-07-09,198792.6455798092,0.007447117811361759,0.007635954213214487,2.126517316830907,1506.7505904120608,37.261794929371824,0.18883640185271733,0.8127469302203237,0.18725306977967618,4
2015-07-10,201269.03610758108,0.012457153636388885,0.012644219640164732,2.153405468853531,2513.5778735605304,37.1873457886538,0.18706600377590032,1.0,-3.615040721064678e-17,5
2015-07-13,203287.50479472606,0.010028709463616003,0.010233874997275698,2.175443151240228,2059.762156347154,41.29346920215016,0.20516553365952542,0.7970747106439067,0.20292528935609336,4
2015-07-14,203824.52797427715,0.002641693005644319,0.002641693005644195,2.1811900041970356,537.0231795510886,0.0,0.0,0.7976093645699301,0.20239063543006985,4
2015-07-15,203546.16766703746,-0.0013656860143683724,-0.001365686014368279,2.178211183513624,-278.36030723968634,0.0,0.0,0.7973325845150342,0.20266741548496586,4
2015-07-16,204254.4975161735,0.0034799468703077263,0.0034799468703075997,2.185791242704561,708.329849136013,0.0,0.0,0.7980354105559828,0.20196458944401716,4
2015-07-17,203806.41396890563,-0.002193751191365445,-0.0019941500213697164,2.181432447051212,-407.314110586738,40.769436681117355,0.19960116999572608,0.9978314244064126,0.002168575593587356,5
2015-07-20,203175.1865662297,-0.0030971910568635685,-0.0028830050488576307,2.1751433662926214,-587.5749204619233,43.65248221399119,0.21418600800586762,0.7831880945138576,0.21681190548614235,4
2015-07-21,201821.86168979626,-0.006660876750283151,-0.006660876750283241,2.16065500441555,-1353.3248764334594,0.0,0.0,0.7817342532761213,0.2182657467238786,4
2015-07-22,201097.10710755142,-0.0035910608304604574,-0.003392378530955882,2.1533252447657683,-684.6561506740122,40.09843157083617,0.1986822995046402,0.5817486701029043,0.4182513298970957,3
2015-07-23,199610.81092968408,-0.007390937638264594,-0.007390937638264551,2.1374101521668036,-1486.2961778673196,0.0,0.0,0.5786343831055285,0.4213656168944716,3
2015-07-24,197281.62627869597,-0.011668629770802408,-0.010899327096715048,2.114113819778498,-2175.62352036317,153.56113062495723,0.7693026740873843,0.9965327552096679,0.0034672447903320645,5
2015-07-27,196077.22026953025,-0.006105008519466826,-0.0061050085194669385,2.1012071368976275,-1204.4060091657316,0.0,0.0,0.996511457628771,0.0034885423712289385,5
2015-07-28,199919.9601302379,0.01959809433969606,0.019598094339696198,2.1423867925937903,3842.7398607076457,0.0,0.0,0.9965785122681224,0.0034214877318774904,5
2015-07-29,202173.898233272,0.011274202443646741,0.011274202443646873,2.166540495006088,2253.9381030341133,0.0,0.0,0.9966166567646937,0.003383343235306304,5
2015-07-30,202221.27210684115,0.0002343224025611601,0.00023432240256113655,2.167048163980124,47.37387356917101,0.0,0.0,0.9966174493720836,0.003382550627916386,5
2015-07-31,201969.2918012347,-0.0012460623107608537,-0.0012460623107609342,2.1643478869373847,-251.98030560646612,0.0,0.0,0.9966132292446902,0.0033867707553097647,5
2015-08-03,200884.58619073487,-0.005370646204806873,-0.005370646204806885,2.1527239401725224,-1084.7056104998355,0.0,0.0,0.9965949418822329,0.0034050581177670976,5
2015-08-04,200966.06417914203,0.0004055960188493746,0.00040559601884944906,2.153597076432338,81.47798840718107,0.0,0.0,0.9965963224003167,0.0034036775996832192,5
2015-08-05,202059.0310605597,0.005438564395844336,0.005438564395844425,2.1653095528152178,1092.9668814176675,0.0,0.0,0.9966147333907681,0.00338526660923181,5
2015-08-06,201085.6300620825,-0.004817409018384677,-0.004817409018384686,2.154878371047891,-973.4009984772117,0.0,0.0,0.9965983462332347,0.0034016537667652474,5
2015-08-07,199761.49269320728,-0.006584942785152759,-0.006584942785152706,2.1406886202655775,-1324.1373688751962,0.0,0.0,0.9965757980593709,0.003424201940629099,5
2015-08-10,203847.79501880848,0.020455906043297833,0.02045590604329785,2.184478345549687,4086.3023256011784,0.0,0.0,0.9966444390979067,0.003355560902093314,5
2015-08-11,201110.58124995715,-0.013427733023056665,-0.01342773302305661,2.1551457535309977,-2737.2137688513294,0.0,0.0,0.9965987682662362,0.003401231733763843,5
2015-08-12,201285.85574079608,0.000871532913631734,0.0008715329136315453,2.1570240339888733,175.27449083890878,0.0,0.0,0.9966017299704163,0.003398270029583653,5
2015-08-13,201055.12283098276,-0.0011462947009572844,-0.0011462947009572054,2.1545514487688746,-230.73290981331104,0.0,0.0,0.9965978300810665,0.0034021699189334823,5
2015-08-14,202250.48589095267,0.0059454494028226,0.0059454494028228465,2.1673612253933086,1195.3630599699404,0.0,0.0,0.9966179379598037,0.003382062040196288,5
2015-08-17,203279.53999832697,0.005088017973559511,0.0050880179735592725,2.1783887982633052,1029.0541073742631,0.0,0.0,0.9966350588409011,0.0033649411590988233,5
2015-08-18,202724.13907088348,-0.0027322027954611583,-0.0027322027954610733,2.172436998299089,-555.40092744347,0.0,0.0,0.996625839951384,0.003374160048615985,5
2015-08-19,200721.51293495047,-0.009878577583860348,-0.00987857758386033,2.1509764108653426,-2002.6261359330135,0.0,0.0,0.9965921754925954,0.0034078245074045618,5
2015-08-20,196648.48606351155,-0.020291929907677142,-0.020291929907677225,2.107328948302996,-4073.0268714389426,0.0,0.0,0.99652159187881,0.003478408121190045,5
2015-08-21,191362.97112138986,-0.02687798440723632,-0.026877984407236214,2.0506881936895907,-5285.514942121671,0.0,0.0,0.9964255169799326,0.003574483020067346,5
2015-08-24,184347.669970661,-0.03665965839482477,-0.03665965839482484,1.9755106650346297,-7015.301150728882,0.0,0.0,0.9962894909870469,0.003710509012953126,5
2015-08-25,181849.8432665096,-0.013549543124406926,-0.01354954312440682,1.9487433980860174,-2497.8267041513873,0.0,0.0,0.9962385247154677,0.003761475284532287,5
2015-08-26,187361.5854923676,0.030309304241633583,0.03030930424163353,2.0078084546274813,5511.742225858012,0.0,0.0,0.9963491785728354,0.003650821427164484,5
2015-08-27,192306.46224774947,0.026392159003070015,0.026392159003070067,2.0607988546097182,4944.876755381872,0.0,0.0,0.9964430540557612,0.003556945944238808,5
2015-08-28,192580.06910048606,0.0014227647346769512,0.0014227647346769284,2.0637308865453194,273.60685273657805,0.0,0.0,0.9964481075630618,0.0035518924369381667,5
2015-08-31,191000.57785980633,-0.008201737843678725,-0.008201737843678815,2.0468047068339716,-1579.4912406797378,0.0,0.0,0.996418734966105,0.003581265033894906,5
2015-09-01,185808.4951637651,-0.027183596794414955,-0.0271835967944149,1.9911651929664862,-5192.082696041225,0.0,0.0,0.9963186629850256,0.0036813370149743232,5
2015-09-02,189637.78094644577,0.020608776683249452,0.020608776683249407,2.0322006717677916,3829.285782680662,0.0,0.0,0.9963929988658946,0.003607001134105319,5
2015-09-03,189949.79043907722,0.001645291835172591,0.0016452918351727668,2.0355442349404838,312.0094926314689,0.0,0.0,0.9963989236873497,0.003601076312650282,5
2015-09-04,187101.65427896453,-0.014994152683870277,-0.014994152683870218,2.0050229738870144,-2848.136160112675,0.0,0.0,0.9963441066644809,0.0036558933355189975,5
2015-09-08,192152.364315299,0.026994470229557477,0.026994470229557477,2.059147506865186,5050.710036334463,0.0,0.0,0.9964402015380843,0.0035597984619155924,5
2015-09-09,190226.97781691348,-0.010020103084582344,-0.010020103084582446,2.038514636580036,-1925.3864983855374,0.0,0.0,0.9964041709604333,0.0035958290395665844,5
2015-09-10,190402.10070573373,0.0009205996480099454,0.0009205996480099665,2.0403912924369347,175.12288882025024,0.0,0.0,0.996407478234706,0.0035925217652939866,5
2015-09-11,191187.31601556108,0.004123984488180188,0.00412398448818017,2.0488058344767626,785.2153098273644,0.0,0.0,0.9964222328907668,0.003577767109233188,5
2015-09-14,189974.29733364127,-0.006344660865583163,-0.006344660865583142,2.0358068562775795,-1213.0186819198075,0.0,0.0,0.9963993882301786,0.0036006117698213313,5
2015-09-15,192898.2917606153,0.015391526474967332,0.015391526474967162,2.0671410314038954,2923.994426974023,0.0,0.0,0.9964539670896001,0.003546032910399808,5
2015-09-16,194555.26801045236,0.008589895922423985,0.008589895922423861,2.0848975577206263,1656.9762498370378,0.0,0.0,0.9964841677229408,0.0035158322770591707,5
2015-09-17,193697.11742568397,-0.004410831911898061,-0.004410831911897806,2.0757014250399943,-858.1505847683336,0.0,0.0,0.9964685912726322,0.0035314087273678,5
2015-09-18,189470.14097013298,-0.02182260898731625,-0.021822608987316368,2.0304042044669313,-4226.976455551005,0.0,0.0,0.9963898074522947,0.003610192547705296,5
2015-09-21,190341.4624879452,0.004598727342212561,0.004598727342212356,2.0397414797977564,871.3215178121801,0.0,0.0,0.9964063337435669,0.0035936662564330507,5
2015-09-22,187409.93013494133,-0.015401438628693476,-0.015202176628434943,2.008732969545526,-2893.6045324563665,37.92782054747903,0.19926200025851487,0.7941735723923481,0.20582642760765188,4
2015-09-23,185865.26668161055,-0.008242164394483109,-0.008242164394483088,1.9921766621859134,-1544.6634533307765,0.0,0.0,0.792463018472665,0.207536981527335,4
2015-09-24,185001.05231911986,-0.00464968187935344,-0.00426276432398991,1.983684482583262,-792.29982787924,71.91453461145859,0.3869175553636337,0.40315725175304745,0.5968427482469525,2
2015-09-25,185151.10013792006,0.0008110646773045183,0.0008110646773046451,1.9852933789980027,150.0478188002267,0.0,0.0,0.4036409375236127,0.5963590624763874,2
2015-09-28,183570.53660844022,-0.008536614302061762,-0.007941498240089693,1.9695271751226284,-1470.3771358959625,110.18639358390001,0.595116061972203,0.9993465371978855,0.0006534628021145773,5
2015-09-29,184475.03954617347,0.0049272772986581614,0.004927277298658337,1.979231581661701,904.5029377332967,0.0,0.0,0.9993497412032928,0.0006502587967073087,5
2015-09-30,187905.03164600764,0.01859325851493132,0.018593258514930978,2.0160319461204526,3429.9920998341186,0.0,0.0,0.9993616109361892,0.0006383890638107701,5
2015-10-01,189013.0024027301,0.005896440063455799,0.005896440063455838,2.027919357656764,1107.9707567224566,0.0,0.0,0.9993653530936342,0.0006346469063659257,5
2015-10-02,192758.86845235227,0.019818033690829573,0.01981803369082968,2.068108731809091,3745.866049622177,0.0,0.0,0.999377686130859,0.0006223138691410185,5
2015-10-05,197959.70138464257,0.026981030621560764,0.026981030621560632,2.123908436830749,5200.832932290295,0.0,0.0,0.9993940356729234,0.0006059643270765916,5
2015-10-06,199440.54749035183,0.007480543238605586,0.007480543238605762,2.139796425727301,1480.8461057093036,0.0,0.0,0.9993985349581753,0.000601465041824712,5
2015-10-07,202073.29326898605,0.013200654589867522,0.013200654589867473,2.16804313923596,2632.7457786341947,0.0,0.0,0.9994063712463074,0.0005936287536926025,5
2015-10-08,204894.25355745247,0.013960084694177644,0.013960084694177645,2.198309205080325,2820.9602884664428,0.0,0.0,0.9994145442580498,0.0005854557419502839,5
2015-10-09,205067.67345344796,0.0008463873094755048,0.001041870999898695,2.200599559689908,213.47338082739975,40.05348483192719,0.1954836904232464,0.8042919823077639,0.1957080176922361,4
2015-10-12,204000.17729591098,-0.005205579892529011,-0.005205579892528987,2.189144162870478,-1067.496157536969,0.0,0.0,0.8032678775268028,0.19673212247319713,4
2015-10-13,203091.6981097067,-0.0044533254737642025,-0.004453325473764204,2.179395191404225,-908.4791862042945,0.0,0.0,0.8023878462887553,0.19761215371124483,4
2015-10-14,203654.32136960267,0.002770291770331612,0.002770291770331471,2.1854327519672716,562.623259895964,0.0,0.0,0.8029337772239221,0.19706622277607794,4
2015-10-15,204421.29798834148,0.0037660709263658276,0.0037660709263657305,2.193663246715983,766.9766187388037,0.0,0.0,0.8036731580355098,0.19632684196449027,4
2015-10-16,204275.4193014505,-0.0007136178486611966,-0.0007136178486611512,2.1920978094691743,-145.87868689096035,0.0,0.0,0.803532955645985,0.196467044354015,4
2015-10-19,203410.84313067058,-0.0042324043379105,-0.004036133564330114,2.1832502099240814,-824.482876210192,40.09329456976334,0.1962707735804346,1.0,-3.5769762821883445e-17,5
2015-10-20,203776.16329262723,0.001795971917396555,0.001991290603331551,2.187597695551825,405.0501005418525,39.72993858519706,0.19531868593492163,0.8052264405939579,0.19477355940604205,4
2015-10-21,202062.67538201218,-0.008408676868424725,-0.008408676868424662,2.169202893411819,-1713.4879106150413,0.0,0.0,0.8035747642577976,0.1964252357422024,4
2015-10-22,205775.79688408287,0.018376087988792644,0.01837608798879257,2.209064356646698,3713.1215020706863,0.0,0.0,0.8071191595532002,0.19288084044679973,4
2015-10-23,207214.27211297367,0.006990497671118812,0.006990497671118917,2.2245068158871883,1438.4752288908207,0.0,0.0,0.8084581325316594,0.19154186746834054,4
2015-10-26,205854.0212930388,-0.0065644649186773485,-0.006373114401725997,2.2103297794621204,-1320.6002618463622,39.65055808852334,0.19135051695138916,1.0,0.0,5
2015-10-27,205608.90551545084,-0.0011907262051442657,-0.0011907262051442506,2.207697881871704,-245.11577758794385,0.0,0.0,1.0,0.0,5
2015-10-28,208991.4614725819,0.016451407825216258,0.016451407825216386,2.2440176200812423,3382.5559571310646,0.0,0.0,1.0,0.0,5
2015-10-29,208994.99594494508,1.6912041947980683e-05,1.6912041947729182e-05,2.2440555710013648,3.534472363141532,0.0,0.0,1.0,0.0,5
2015-10-30,208724.61363164592,-0.0012937262544333583,-0.0012937262544333473,2.241152377392753,-270.3823132991664,0.0,0.0,1.0,0.0,5
2015-11-02,211214.70463177853,0.011930030468409791,0.011930030468409925,2.2678893935393982,2490.091000132625,0.0,0.0,1.0,0.0,5
2015-11-03,211787.3196392847,0.002711056545539492,0.002711056545539397,2.2740377699243126,572.6150075061536,0.0,0.0,1.0,0.0,5
2015-11-04,210735.52428091748,-0.004966281079332835,-0.004966281079332802,2.262744259173849,-1051.7953583671879,0.0,0.0,1.0,0.0,5
2015-11-05,209985.07517027433,-0.003561094472343318,-0.003561094472343344,2.2546864131001785,-750.4491106431518,0.0,0.0,1.0,0.0,5
2015-11-06,210444.87466240773,0.0021896770128093657,0.0021896770128093427,2.2596234481100375,459.7994921333916,0.0,0.0,1.0,0.0,5
2015-11-09,208769.15604556663,-0.007962743780428272,-0.007962743780428324,2.2416306455524895,-1675.7186168411054,0.0,0.0,1.0,0.0,5
2015-11-10,208230.4373004043,-0.0025804518031616874,-0.0025804518031618015,2.2358462257111507,-538.7187451623499,0.0,0.0,1.0,0.0,5
2015-11-11,207610.3202644125,-0.0029780326259277734,-0.002978032625927619,2.2291878027044256,-620.1170359917794,0.0,0.0,1.0,0.0,5
2015-11-12,203586.95960547414,-0.01937938660185201,-0.019379386601852015,2.1859875104676836,-4023.360658938361,0.0,0.0,1.0,0.0,5
2015-11-13,204786.5083582117,0.005892070666324134,0.005892070666324233,2.198867503355061,1199.5487527375508,0.0,0.0,1.0,0.0,5
2015-11-16,207234.37769987987,0.011953274467604968,0.011953274467604958,2.2251511701405615,2447.8693416681813,0.0,0.0,1.0,0.0,5
2015-11-17,207111.29095074825,-0.0005939494715971882,-0.0005939494715972302,2.223829542778833,-123.08674913162449,0.0,0.0,1.0,0.0,5
2015-11-18,210833.22659086826,0.017970703688023892,0.017970703688024094,2.2637933245447854,3721.9356401200425,0.0,0.0,1.0,0.0,5
2015-11-19,209832.57500603786,-0.004746175927820895,-0.004746175927821037,2.253048963162269,-1000.6515848304172,0.0,0.0,1.0,0.0,5
2015-11-20,210044.08183116335,0.0010079789809538386,0.001007978980953675,2.255319989160196,211.5068251254716,0.0,0.0,1.0,0.0,5
2015-11-23,210312.32184536464,0.0012770653277291988,0.0012770653277292105,2.258200180121287,268.2400142012957,0.0,0.0,1.0,0.0,5
2015-11-24,211810.8194657765,0.007125106162413353,0.007125106162413331,2.2742900961406325,1498.4976204118634,0.0,0.0,1.0,0.0,5
2015-11-25,211531.60096798695,-0.0013182447360045035,-0.0013182447360044563,2.271292025193248,-279.2184977895501,0.0,0.0,1.0,0.0,5
2015-11-27,211597.63130396165,0.00031215353012292724,0.00031215353012280787,2.2720010170168514,66.03033597468628,0.0,0.0,1.0,0.0,5
2015-11-30,211170.22625553014,-0.0020198952407814996,-0.0020198952407814745,2.2674118129755283,-427.4050484315053,0.0,0.0,1.0,0.0,5
2015-12-01,213032.99437902163,0.008821168384019362,0.008821168384019513,2.2874130343737007,1862.7681234915299,0.0,0.0,1.0,0.0,5
2015-12-02,210484.3313811483,-0.011963700765238339,-0.011963700765238424,2.260047109303948,-2548.662997873334,0.0,0.0,1.0,0.0,5
2015-12-03,207764.93045946572,-0.01291973090746723,-0.01291973090746725,2.2308479088135416,-2719.4009216826007,0.0,0.0,1.0,0.0,5
2015-12-04,211348.86030647112,0.017249926823933448,0.017249926823933552,2.2693298719959003,3583.929847005427,0.0,0.0,1.0,0.0,5
2015-12-07,208187.60439871572,-0.014957525217648926,-0.014957525217648903,2.2353863132083576,-3161.255907755397,0.0,0.0,1.0,0.0,5
2015-12-08,205652.2690252247,-0.012178128379994324,-0.01217812837999442,2.2081634917072237,-2535.335373491051,0.0,0.0,1.0,0.0,5
2015-12-09,208557.35721459595,0.014126215106408102,0.01412621510640812,2.2393564841811973,2905.088189371236,0.0,0.0,1.0,0.0,5
2015-12-10,208029.1896474717,-0.0025324811082103604,-0.0025324811082102286,2.23368535619046,-528.1675671242165,0.0,0.0,1.0,0.0,5
2015-12-11,203152.17227491253,-0.02344390890924397,-0.023443908909244138,2.1813190401680185,-4877.0173725592,0.0,0.0,1.0,0.0,5
2015-12-14,201496.0846085902,-0.008151956475667244,-0.008151956475667124,2.1635370222930246,-1656.0876663223164,0.0,0.0,1.0,0.0,5
2015-12-15,203175.77275649423,0.008336083309841369,0.00872356877957659,2.182410786314158,1757.7649528984207,78.07680499436185,0.3874854697351934,1.0,-3.581114773415257e-17,5
2015-12-16,205573.80739548756,0.011802758795790957,0.01180275879579078,2.208169254418356,2398.034638993301,0.0,0.0,1.0,-3.53934078780074e-17,5
2015-12-17,202217.82731893874,-0.01632494002551843,-0.016324940025518413,2.1721210237737827,-3355.980076548808,0.0,0.0,1.0,-3.598079215195878e-17,5
2015-12-18,199375.73883822197,-0.014054589144775198,-0.014054589144775148,2.1415927552119136,-2842.0884807167718,0.0,0.0,1.0,-3.6493696056405863e-17,5
2015-12-21,201115.57837541023,0.008726435559945456,0.00872643555994544,2.1602812263859166,1739.8395371882552,0.0,0.0,1.0,-3.617799114796487e-17,5
2015-12-22,203285.69235645866,0.010790382319352698,0.010790382319352603,2.1835914867359407,2170.113981048399,0.0,0.0,1.0,-3.579178411348859e-17,5
2015-12-23,207002.1012216211,0.018281704049519343,0.018901538566403444,2.2248647254357503,3842.412354073629,126.00348891118415,0.6198345168839466,0.391902378384528,0.6080976216154719,2
2015-12-24,207117.19272937404,0.000555991978215431,0.0005559919782154967,2.226101732375707,115.0915077529736,0.0,0.0,0.39224028790913307,0.6077597120908669,2
2015-12-28,206738.49496399224,-0.0018284226451283914,-0.001828422645128367,2.222031477557872,-378.6977653818039,0.0,0.0,0.39112701074757694,0.6088729892524231,2
2015-12-29,207669.40246463037,0.004502826146626671,0.0045028261466268085,2.2320368989936474,930.907500638139,0.0,0.0,0.39385637013275454,0.6061436298672456,2
2015-12-30,207088.92878940498,-0.0027951815160842663,-0.0027951815160842395,2.2257979507103625,-580.4736752253937,0.0,0.0,0.39215733956361526,0.6078426604363848,2
2015-12-31,206223.58294559253,-0.004178619537370087,-0.004178619537370163,2.2164971879072857,-865.3458438124661,0.0,0.0,0.38960673835502646,0.6103932616449735,2
2016-01-04,204572.83276778786,-0.008004662484407454,-0.008004662484407524,2.198754876020449,-1650.7501778046878,0.0,0.0,0.3846813200012856,0.6153186799987144,2
2016-01-05,204850.74181841893,0.0013584846378233983,0.001358484637823505,2.201741850741862,277.90905063107675,0.0,0.0,0.38551608695734374,0.6144839130426563,2
2016-01-06,203935.1043808267,-0.004469778480977404,-0.004469778480977446,2.1919005523967487,-915.6374375922355,0.0,0.0,0.3827571481405653,0.6172428518594347,2
2016-01-07,201987.9429210242,-0.009547946469119828,-0.008953437449248522,2.172275507905891,-1825.9202007797,121.24125902280005,0.5945090198713172,0.9776472542115278,0.022352745788472277,5
2016-01-08,199023.97495902277,-0.01467398459105207,-0.014673984591051965,2.1403995705753607,-2963.967962001393,0.0,0.0,0.9773143655613366,0.022685634438663466,5
2016-01-11,198270.3593603482,-0.003786556864969315,-0.0035864315951801462,2.132723173929139,-713.7858719913816,39.82972668318925,0.20012526978917905,0.7765430887405925,0.2234569112594075,4
2016-01-12,199310.5266963652,0.005246206943754661,0.005246206943754767,2.1439118810533127,1040.1673360170116,0.0,0.0,0.7777092719018732,0.2222907280981268,4
2016-01-13,194750.27301542915,-0.022880144649275236,-0.022880144649275267,2.094858867099513,-4560.253680936075,0.0,0.0,0.7725041335708623,0.22749586642913766,4
2016-01-14,197130.07961615277,0.012219785697219931,0.01280639579907304,2.121686458894787,2494.0490782131196,114.24247748953195,0.5866101018532643,0.9965417272756343,0.003458272724365694,5
2016-01-15,193976.63517079744,-0.015996769501111396,-0.015996769501111265,2.087746329658218,-3153.444445355308,0.0,0.0,0.9964855067369928,0.0035144932630072293,5
2016-01-19,192400.13180501494,-0.008127284837137094,-0.008127284837137165,2.070778620569398,-1576.5033657825097,0.0,0.0,0.9964567094050669,0.003543290594932999,5
2016-01-20,192404.31417506954,2.1737875204985713e-05,0.00021892708609402663,2.071231970098745,42.12160022017858,37.93923016556986,0.19718921088899674,0.7994690468437937,0.2005309531562063,4
2016-01-21,192280.5764574762,-0.0006431130098295545,-0.0006431130098295815,2.0698999338723993,-123.7377175933254,0.0,0.0,0.7993399997871045,0.20066000021289562,4
2016-01-22,195061.97659824893,0.014465320377213597,0.014665779917885672,2.100256630754618,2819.944616809535,38.544476036856025,0.20045954067222344,1.0,-3.730074790110961e-17,5
2016-01-25,191581.02030698943,-0.017845386127860796,-0.017648233833712834,2.063190810624255,-3442.499375072118,38.45691618735123,0.19715229414781016,0.7994662560539549,0.20053374394604506,4
2016-01-26,194561.22514774837,0.015555845960019798,0.01576141898277523,2.0957096254319154,3019.58873020603,39.38388944706917,0.2055730227553879,0.6003162255493953,0.3996837744506047,3
2016-01-27,192955.39800907727,-0.008253582580247665,-0.008253582580247786,2.078412512974193,-1605.8271386711233,0.0,0.0,0.596989948811239,0.403010051188761,3
2016-01-28,192932.2645297076,-0.00011989029386250127,-0.00011989029386238123,2.078163331487245,-23.133479369641,0.0,0.0,0.5969416260243393,0.40305837397566063,3
2016-01-29,196632.34714491316,0.01917814329409806,0.019580799012355304,2.1188554299959437,3777.767894754771,77.68527954923675,0.40265571825740326,1.0,-3.700285186964292e-17,5
2016-02-01,195817.72947623345,-0.004142846690831425,-0.0041428466908313075,2.110077336789435,-814.6176686796964,0.0,0.0,1.0,-3.715678674063328e-17,5
2016-02-02,191653.09244912124,-0.02126792624065066,-0.021267926240650662,2.065200367628529,-4164.637027112218,0.0,0.0,1.0,-3.79642066882641e-17,5
2016-02-03,192458.87165838177,0.004204363201049999,0.004204363201049989,2.073883220056981,805.7792092605168,0.0,0.0,1.0,-3.780525964580314e-17,5
2016-02-04,193718.12157706777,0.006542955946043261,0.00654295594604337,2.087452546603052,1259.2499186860068,0.0,0.0,1.0,-3.755950943024604e-17,5
2016-02-05,189106.74834154666,-0.02380455270771631,-0.023804552707716344,2.037761672432583,-4611.373235521112,0.0,0.0,1.0,-3.847539909597664e-17,5
2016-02-08,186309.43996210222,-0.014792218701747295,-0.014792218701747198,2.007618656111922,-2797.3083794444274,0.0,0.0,1.0,-3.905308080826957e-17,5
2016-02-09,185540.23680643874,-0.0041286322143415655,-0.004128632214341691,1.999329937054185,-769.2031556634945,0.0,0.0,1.0,-3.921498505886854e-17,5
2016-02-10,185417.6459083982,-0.0006607240572211737,-0.000660724057221144,1.9980089316664509,-122.59089804052203,0.0,0.0,1.0,-3.924091247376727e-17,5
2016-02-11,183074.7480409524,-0.012635786933694937,-0.012635786933694888,1.9727625165142941,-2342.8978674458035,0.0,0.0,1.0,-3.974309778952065e-17,5
2016-02-12,186557.0291971553,0.019021089437326166,0.019221701243735945,2.0106823682315724,3519.0081121154194,36.726955912533974,0.2006118064099066,0.8033296889722293,0.1966703110277707,4
2016-02-16,189973.91358409668,0.01831549527587284,0.018315495275872895,2.0475090116481987,3416.8843869413795,0.0,0.0,0.8068670152421764,0.19313298475782353,4
2016-02-17,192365.76659362475,0.012590428677299759,0.012590428677299806,2.073288027825484,2391.8530095280857,0.0,0.0,0.8092684077508966,0.19073159224910338,4
2016-02-18,191787.30215758758,-0.0030071069623276436,-0.0030071069623277074,2.067053428962099,-578.4644360371957,0.0,0.0,0.808693127522729,0.1913068724772709,4
2016-02-19,192289.15065438492,0.002616693029995343,0.0026166930299953493,2.072462273262292,501.84849679737147,0.0,0.0,0.8091924124072533,0.19080758759274677,4
2016-02-22,194252.52910071687,0.01021055238764279,0.010210552387642902,2.0936232578748504,1963.3784463319557,0.0,0.0,0.8111209716214396,0.1888790283785604,4
2016-02-23,192777.49485875585,-0.007593385006566589,-0.007593385006566653,2.077725570419104,-1475.0342419610358,0.0,0.0,0.8096757664399383,0.19032423356006165,4
2016-02-24,193922.94767731667,0.005941838902928431,0.005941838902928458,2.090071081043029,1145.4528185608463,0.0,0.0,0.8107999625826999,0.18920003741730004,4
2016-02-25,195520.71252123915,0.008239173666961364,0.008239173666961348,2.1072915396560363,1597.7648439224708,0.0,0.0,0.8123460758530336,0.18765392414696638,4
2016-02-26,196326.4991601442,0.0041212341573146904,0.004121234157314552,2.1159761815286866,805.7866389050097,0.0,0.0,0.8131162674749622,0.18688373252503773,4
2016-02-29,195504.45827691103,-0.004187111198690641,-0.004000414163200923,2.1075114004431033,-785.3873078518949,36.653575381240195,0.18669703548954822,1.0,-3.7216325797940706e-17,5
2016-03-01,200078.05627724805,0.02339382968882986,0.023393829688829988,2.1568141632123368,4573.598000337025,0.0,0.0,1.0,-3.636559525598917e-17,5
2016-03-02,201775.5794313792,0.008484304504532414,0.0084843045045324,2.1751132313327184,1697.5231541311425,0.0,0.0,1.0,-3.605965416968542e-17,5
2016-03-03,203612.17706806492,0.00910217996578866,0.00910217996578872,2.194911503410277,1836.5976366857103,0.0,0.0,1.0,-3.573439329098263e-17,5
2016-03-04,204620.03712373044,0.004949900689527942,0.004949900689527828,2.20577609737446,1007.8600556654768,0.0,0.0,1.0,-3.555838282730724e-17,5
2016-03-07,206079.27406894584,0.007131446977174827,0.007131446977174992,2.2215064726564058,1459.236945215462,0.0,0.0,1.0,-3.530659571204226e-17,5
2016-03-08,201827.3306008562,-0.020632562334566118,-0.02063256233456614,2.1756711018826804,-4251.943468089665,0.0,0.0,1.0,-3.6050408002337025e-17,5
2016-03-09,202634.70907178166,0.004000342612280772,0.004000342612280597,2.1843745317018493,807.3784709254488,0.0,0.0,1.0,-3.5906768625734196e-17,5
2016-03-10,201531.93165352356,-0.00544219410045621,-0.005442194100456171,2.172486741512235,-1102.7774182581027,0.0,0.0,1.0,-3.610324951726435e-17,5
2016-03-11,205739.87897143693,0.020879804422992088,0.02087980442299209,2.2178478397865535,4207.947317913381,0.0,0.0,1.0,-3.536483860376701e-17,5
2016-03-14,205332.58427381862,-0.001979658487477054,-0.001979658487477093,2.2134572584865873,-407.294697618315,0.0,0.0,1.0,-3.5434987778075526e-17,5
2016-03-15,203348.18249685335,-0.00966432962397723,-0.009664329623977317,2.192065677931988,-1984.4017769652844,0.0,0.0,1.0,-3.578078507928644e-17,5
2016-03-16,204274.86383182346,0.004557116388214766,0.004557116388215008,2.2020551763569354,926.6813349701466,0.0,0.0,1.0,-3.561846757696834e-17,5
2016-03-17,207554.5833984527,0.0160554240747377,0.016055424074737784,2.2374101060493174,3279.719566629241,0.0,0.0,1.0,-3.5055634498879814e-17,5
2016-03-18,209402.36324859754,0.008902621276243083,0.008902621276242915,2.257328920863113,1847.7798501447996,0.0,0.0,1.0,-3.4746301337323406e-17,5
2016-03-21,209286.0957787687,-0.0005552347548761771,-0.0005552347548761359,2.256075573393063,-116.26746982881863,0.0,0.0,1.0,-3.476560440916565e-17,5
2016-03-22,208766.75161292386,-0.0024815034363000477,-0.002481503436300149,2.250477114105135,-519.3441658448567,0.0,0.0,1.0,-3.485208999023867e-17,5
2016-03-23,205856.13305606812,-0.01394196410284887,-0.013941964102848528,2.2191010429659994,-2910.6185568556793,0.0,0.0,1.0,-3.534486685515318e-17,5
2016-03-24,205859.78112793298,1.7721463095199397e-05,1.7721463094872476e-05,2.2191403686832363,3.648071864806269,0.0,0.0,1.0,-3.5344240503499476e-17,5
2016-03-28,206148.27400966483,0.001401404782183091,0.0014014047821831893,2.2222502826082446,288.49288173186994,0.0,0.0,1.0,-3.529477823249836e-17,5
2016-03-29,209954.28012033674,0.01846246896296333,0.018462468962963264,2.2632785094788357,3806.0061106718836,0.0,0.0,1.0,-3.4654962070852574e-17,5
2016-03-30,210269.9526033329,0.0015035296390015773,0.001503529639001589,2.2666814157991526,315.6724829961684,0.0,0.0,1.0,-3.4602935531684225e-17,5
2016-03-31,210442.2081891443,0.0008192116071683575,0.0008192116071683287,2.2685383075247283,172.25558581138463,0.0,0.0,1.0,-3.457461160854117e-17,5
2016-04-01,211560.528082703,0.005314142553349166,0.00531414255334945,2.2805936434786487,1118.3198935587557,0.0,0.0,1.0,-3.439184842334633e-17,5
2016-04-04,209803.4519690076,-0.00830531162698045,-0.008305311626980583,2.2616526025750474,-1757.0761136954254,0.0,0.0,1.0,-3.467987559736738e-17,5
2016-04-05,207531.92412951734,-0.010826932627523322,-0.01082693262752327,2.2371658422201044,-2271.52783949026,0.0,0.0,1.0,-3.505946203073132e-17,5
2016-04-06,209377.11795964133,0.008891132474502683,0.008891132474502628,2.2570567800907155,1845.1938301239672,0.0,0.0,1.0,-3.4750490813355784e-17,5
2016-04-07,206506.00156676088,-0.013712656000135937,-0.013712656000135971,2.226106536892557,-2871.1163928804526,0.0,0.0,1.0,-3.5233637564916954e-17,5
2016-04-08,207306.6277325153,0.003877011610704084,0.003877011610704255,2.2347371777827543,800.626165754443,0.0,0.0,1.0,-3.509756390216085e-17,5
2016-04-11,207084.49572243297,-0.0010715142709714076,-0.0010715142709713543,2.2323426250048897,-222.13201008233608,0.0,0.0,1.0,-3.513521178299993e-17,5
2016-04-12,209177.96913193312,0.010109271590791336,0.010109271590791427,2.2549099828847643,2093.4734095001604,0.0,0.0,1.0,-3.478357517466058e-17,5
2016-04-13,213363.75695821352,0.02001065333816454,0.020428029911758634,2.300973351463458,4273.093810308054,87.30598402764521,0.4173765735940357,0.5912207429835471,0.40877925701645296,3
2016-04-14,213474.50866538656,0.0005190746017598169,0.0005190746017596642,2.302167728289528,110.75170717303047,0.0,0.0,0.5914328198298859,0.40856718017011406,3
2016-04-15,213503.83277187526,0.00013736584603019075,0.00013736584603022436,2.302483967507228,29.324106488707287,0.0,0.0,0.5914889352979015,0.4085110647020985,3
2016-04-18,214164.91274832422,0.0030963377465702546,0.003096337746570196,2.309613235526694,661.0799764489682,0.0,0.0,0.5927499190956993,0.4072500809043008,3
2016-04-19,214971.04189034615,0.003764057948041355,0.003964850918224979,2.3187705076843166,849.1319509617658,43.002808939857196,0.200792970183645,0.7945171316732396,0.20548286832676046,4
2016-04-20,214791.2222501882,-0.0008364830843108351,-0.0008364830843107493,2.31683089537824,-179.81964015793204,0.0,0.0,0.794345104832226,0.20565489516777402,4
2016-04-21,213804.41594118328,-0.004594258083114311,-0.0045942580831142684,2.3061867763099393,-986.8063090049204,0.0,0.0,0.7933959123324549,0.2066040876675451,4
2016-04-22,214522.95830939655,0.0033607461522728865,0.003564154117913983,2.314406381405403,762.0318895049625,43.489521291719356,0.20340796564128566,0.5915640043576154,0.40843599564238464,3
2016-04-25,213623.19133068802,-0.004194268929532674,-0.004194268929532738,2.304699138629562,-899.7669787085489,0.0,0.0,0.5898436985260913,0.4101563014739087,3
2016-04-26,214512.46603278513,0.004162819104787774,0.004363691843156472,2.3147561354617294,932.1857775187777,42.911075421641364,0.20087273836863132,0.7917840748641678,0.20821592513583229,4
2016-04-27,214653.43125777866,0.0006571423451537939,0.0008622667221988982,2.316752072647344,184.96696095689214,44.001735963372354,0.20512437704504932,0.5871361325262645,0.4128638674737356,3
2016-04-28,213310.82649346744,-0.006254755660993316,-0.006254755660993469,2.3022613545058346,-1342.6047643112636,0.0,0.0,0.5845375162038098,0.41546248379619016,3
2016-04-29,212201.10501778795,-0.0052023682713239205,-0.005202368271323774,2.2902841430828587,-1109.7214756794656,0.0,0.0,0.5823648242163241,0.4176351757836759,3
2016-05-02,212847.68309512135,0.003047006175011191,0.003245999263043599,2.297718403723466,688.804630504777,42.2265531713937,0.19899308803247756,0.38544328737015665,0.6145567126298433,2
2016-05-03,211205.37442929877,-0.007715886975798725,-0.007120278280390547,2.2813580092789802,-1515.5347349736426,126.77393084894258,0.5956086954081969,0.9815048852588145,0.018495114741185485,5
2016-05-04,209714.90342761774,-0.00705697478441758,-0.007056974784417504,2.26525852333327,-1490.4710016810188,0.0,0.0,0.981373438081032,0.018626561918968033,5
2016-05-05,209754.8092151929,0.0001902858925280082,0.00019028589252805846,2.265689570073189,39.90578757515983,0.0,0.0,0.9813769817786757,0.018623018221324224,5
2016-05-06,210455.89493578032,0.0033424059415398943,0.003342405941539925,2.2732624243538866,701.0857205874341,0.0,0.0,0.9814390201081471,0.018560979891852892,5
2016-05-09,209990.96452993946,-0.002209158389137711,-0.002209158389137641,2.268240427598414,-464.93040584084906,0.0,0.0,0.9813979251784998,0.018602074821500177,5
2016-05-10,213172.70320259721,0.01515178845804166,0.01515178845804149,2.302608326729363,3181.7386726577365,0.0,0.0,0.9816755730197199,0.018324426980280143,5
2016-05-11,210988.15394380322,-0.010247790762956233,-0.010247790762956148,2.2790116783879997,-2184.549258793968,0.0,0.0,0.9814858438210452,0.018514156178954765,5
2016-05-12,210435.87178833867,-0.002617597932117355,-0.002617597932117452,2.27304614213138,-552.282155464578,0.0,0.0,0.9814372540155418,0.0185627459844581,5
2016-05-13,208850.10787211926,-0.007535615970524323,-0.007535615970524223,2.2559173393209964,-1585.7639162193927,0.0,0.0,0.9812963101919163,0.01870368980808363,5
2016-05-16,211454.53545213098,0.012470319534651386,0.012470319534651176,2.2840493493860894,2604.4275800116943,0.0,0.0,0.9815266784149483,0.018473321585051664,5
2016-05-17,209491.7168786708,-0.009282461448572366,-0.009282461448572185,2.2628477493537766,-1962.8185734601461,0.0,0.0,0.9813535938688818,0.018646406131118193,5
2016-05-18,210268.00306286328,0.0037055698228014577,0.0037055698228014283,2.271232889687376,776.2861841924631,0.0,0.0,0.981422434335589,0.018577565664411037,5
2016-05-19,209005.01533972193,-0.0060065616486773,-0.006006561648677335,2.2575905893169654,-1262.987723141363,0.0,0.0,0.9813101727359241,0.018689827264075837,5
2016-05-20,211213.8794057287,0.010568473978561865,0.010568473978561765,2.281449876714408,2208.8640660067535,0.0,0.0,0.981505630003977,0.018494369996022976,5
2016-05-23,210900.8900642803,-0.0014818597259280697,-0.0014818597259280291,2.2780690880253816,-312.9893414483689,0.0,0.0,0.9814781832697134,0.01852181673028661,5
2016-05-24,214765.42941674244,0.01832395942608045,0.018323959426080436,2.3198123335641667,3864.5393524621227,0.0,0.0,0.9818114691706503,0.01818853082934959,5
2016-05-25,216807.73169600905,0.009509455431505387,0.009702827171980235,2.3423210717081684,2083.831844146772,41.52956488011821,0.19337174047472977,0.7906241507433353,0.20937584925666478,4
2016-05-26,217057.29568192805,0.0011510843454094477,0.0011510843454092185,2.3450172808257337,249.56398591895805,0.0,0.0,0.7908648829027013,0.20913511709729873,4
2016-05-27,217956.57356204165,0.004143043786150269,0.004143043786150372,2.3547327900994737,899.277880113616,0.0,0.0,0.7917277638963183,0.20827223610368173,4
2016-05-31,219206.7100355243,0.005735713555465649,0.00573571355546562,2.3682388628831466,1250.1364734826418,0.0,0.0,0.7929155410347316,0.20708445896526836,4
2016-06-01,218847.0141593223,-0.0016408981100245468,-0.001640898110024456,2.364352824208955,-359.69587620197075,0.0,0.0,0.7925751780363993,0.20742482196360063,4
2016-06-02,219345.75842678675,0.0022789630892625645,0.002278963089262673,2.369741097025321,498.74426746444107,0.0,0.0,0.7930468167023401,0.20695318329765985,4
2016-06-03,218878.57877574608,-0.0021298777527836155,-0.002129877752783731,2.3646938381829092,-467.17965104068765,0.0,0.0,0.7926050908994062,0.2073949091005938,4
2016-06-06,219805.2514667429,0.004233729477685522,0.004233729477685676,2.374705312191326,926.6726909968226,0.0,0.0,0.7934794430690328,0.2065205569309671,4
2016-06-07,220301.0394726346,0.0022555785295546027,0.0022555785295544743,2.3800616465075235,495.78800589170737,0.0,0.0,0.7939442180666523,0.20605578193334767,4
2016-06-08,220621.66974480066,0.0014554187893691672,0.0016557499393571149,2.3840024334343943,364.7634327471241,44.13316058107635,0.20033114998787144,0.9944837276908776,0.0055162723091223866,5
2016-06-09,219603.86717696392,-0.004613339065985933,-0.004613339065985912,2.373004221874826,-1017.802567836731,0.0,0.0,0.9944581613099515,0.005541838690048579,5
2016-06-10,215775.06787134378,-0.0174350267818133,-0.01743502678181334,2.3316308297130823,-3828.799305620145,0.0,0.0,0.9943598247025869,0.005640175297413099,5
2016-06-13,213295.30318902284,-0.01149235964462536,-0.011492359644625407,2.3048348896595234,-2479.7646823209398,0.0,0.0,0.9942942521967909,0.005705747803209109,5
2016-06-14,213399.47017432933,0.0004883698035027528,0.000488369803502832,2.305960501421693,104.16698530650007,0.0,0.0,0.9942970373515388,0.005702962648461097,5
2016-06-15,212179.1983700597,-0.0057182513305810145,-0.005718251330581093,2.2927744397161707,-1220.2718042696588,0.0,0.0,0.9942642388275829,0.005735761172417166,5
2016-06-16,211243.57631144987,-0.0044095842844028565,-0.004409584284402813,2.2826642575791176,-935.6220586098023,0.0,0.0,0.9942388344826577,0.005761165517342282,5
2016-06-17,211614.275825784,0.0017548439616812406,0.0017548439616812883,2.286669977168076,370.69951433410824,0.0,0.0,0.9942489267188783,0.005751073281121719,5
2016-06-20,213930.87749277643,0.01094728443037396,0.010947284430373936,2.311702803806532,2316.6016669924607,0.0,0.0,0.9943112035912316,0.005688796408768441,5
2016-06-21,214847.32458577608,0.004283846744052022,0.004283846744052058,2.3216057843358344,916.4470929996301,0.0,0.0,0.9943354695714645,0.005664530428535575,5
2016-06-22,214300.24591169387,-0.0025463601892039556,-0.0025463601892040393,2.315694139791576,-547.0786740822184,0.0,0.0,0.9943210088143946,0.005678991185605441,5
2016-06-23,217985.87188227315,0.01719842156456508,0.017198421564565195,2.3555204238223046,3685.6259705793,0.0,0.0,0.9944170271353051,0.0055829728646948915,5
2016-06-24,208051.33343211777,-0.045574230863551946,-0.04557423086355202,2.248169392223215,-9934.538450155389,0.0,0.0,0.9941504378389256,0.005849562161074393,5
2016-06-27,204652.61062376015,-0.016335981857412807,-0.016335981857412772,2.211443337819466,-3398.7228083576115,0.0,0.0,0.9940532925336438,0.005946707466356128,5
2016-06-28,209232.27868912512,0.02237776518660861,0.02237776518660868,2.26093049755668,4579.668065364962,0.0,0.0,0.9941834538378573,0.005816546162142631,5
2016-06-29,213247.65667629463,0.019191006341500172,0.019191006341500314,2.304320029072982,4015.3779871695615,0.0,0.0,0.9942929773458051,0.005707022654194892,5
2016-06-30,214453.29414078576,0.0056536961919411155,0.005846334640121797,2.317791855080878,1246.7171621514215,41.0796976603502,0.1926384481809725,0.8029611653222954,0.19703883467770456,4
2016-07-01,215307.82369485628,0.003984688402639103,0.0039846884026390654,2.32702753340555,854.5295540705333,0.0,0.0,0.8037431875667372,0.19625681243326284,4
2016-07-05,213493.5796072623,-0.008426280366686578,-0.008426280366686485,2.307419346988076,-1814.2440875939626,0.0,0.0,0.8020754195604951,0.19792458043950492,4
2016-07-06,214403.15495324603,0.004260434190372253,0.00426043419037222,2.31724995526551,909.5753459837338,0.0,0.0,0.8029150868628313,0.19708491313716878,4
2016-07-07,214420.03126333642,7.871297460182447e-05,0.0002756009997138274,2.3178885916697682,59.089723846913245,42.2134137565389,0.19688802511205672,1.0,0.0,5
2016-07-08,217380.38158588423,0.013806314200710545,0.01380631420071065,2.3498900898486035,2960.350322547823,0.0,0.0,1.0,0.0,5
2016-07-11,217766.31181862822,0.0017753682734773513,0.0017753682734773508,2.3540620101602796,385.930232743979,0.0,0.0,1.0,0.0,5
2016-07-12,221548.84881924704,0.01736970686158834,0.017369706861588334,2.394951377210765,3782.5370006188114,0.0,0.0,1.0,0.0,5
2016-07-13,219440.93610419397,-0.00951443767948812,-0.009514437679488284,2.372164761586889,-2107.9127150530976,0.0,0.0,1.0,0.0,5
2016-07-14,221514.14046711763,0.00944766459590407,0.009447664595904293,2.394576178620585,2073.2043629236896,0.0,0.0,1.0,0.0,5
2016-07-15,221630.57014537242,0.0005256083336677708,0.0007230618620126532,2.3963076053310295,160.16842686828647,43.738748613493854,0.1974535283447812,0.8028475501542056,0.19715244984579444,4
2016-07-18,221863.3739898958,0.0010504139585558736,0.0010504139585559011,2.398824720288663,232.80384452340195,0.0,0.0,0.803054424535749,0.19694557546425098,4
2016-07-19,220965.61685577396,-0.00404644136603971,-0.004046441366039708,2.3891180167106083,-897.7571341218525,0.0,0.0,0.8022542579853026,0.19774574201469747,4
2016-07-20,222728.3966586138,0.007977620355253956,0.007977620355253963,2.4081774932318227,1762.7798028398706,0.0,0.0,0.803819313027006,0.196180686972994,4
2016-07-21,221297.66834199883,-0.006423645741085893,-0.0062276610388154055,2.3931801800826706,-1387.0769581086727,43.651358506373995,0.19598470227072332,1.0,-3.287860043305555e-17,5
2016-07-22,221589.33935899302,0.0013180031185120455,0.001318003118511935,2.3963343990231807,291.67101699417435,0.0,0.0,1.0,-3.283532337445067e-17,5
2016-07-25,220461.71563915405,-0.005088799502272701,-0.005088799502272553,2.3841399337261526,-1127.6237198389476,0.0,0.0,1.0,-3.300327040043779e-17,5
2016-07-26,220528.23962705192,0.00030174848138608823,0.0003017484813860734,2.3848593443305663,66.52398789788307,0.0,0.0,1.0,-3.2993314717825793e-17,5
2016-07-27,221124.88273583134,0.002705517940869706,0.002705517940869919,2.391311624073104,596.6431087794496,0.0,0.0,1.0,-3.290429156666058e-17,5
2016-07-28,220437.46109252603,-0.0031087484809502186,-0.003108748480950383,2.3838776376942876,-687.4216433053473,0.0,0.0,1.0,-3.3006901722250505e-17,5
2016-07-29,221190.57770828137,0.003416463844315487,0.004048217530471945,2.3935280929377014,892.3787943674911,139.2621786121545,0.6317536861563688,0.3710269312781239,0.6289730687218761,2
2016-08-01,219345.70434330916,-0.008340650782174497,-0.008340650782174436,2.373564510977184,-1844.8733649721926,0.0,0.0,0.365736763115297,0.634263236884703,2
2016-08-02,219400.17668489364,0.0002483401338884139,0.00024834013388842855,2.374153962305633,54.47234158446906,0.0,0.0,0.36589423702537355,0.6341057629746264,2
2016-08-03,220663.6884602644,0.005758936909086687,0.005758936909086635,2.3878265651870096,1263.511775370763,0.0,0.0,0.369525102184655,0.6304748978153449,2
2016-08-04,221285.26094662742,0.002816831761945915,0.0034187626172920856,2.395989977384648,754.396769101739,132.82428273873685,0.6019308553462113,0.9721363755286263,0.027863624471373652,5
2016-08-05,222903.1237060774,0.007311208855614648,0.007311208855614762,2.413507560525267,1617.8627594500058,0.0,0.0,0.9723386137010935,0.02766138629890651,5
2016-08-08,223896.60528098274,0.0044570105541246186,0.004457010554124494,2.4242645891949874,993.4815749053046,0.0,0.0,0.9724613537381289,0.027538646261871046,5
2016-08-09,224096.15857586934,0.0008912743211813012,0.0008912743211813009,2.426425273971086,199.55329488660556,0.0,0.0,0.9724858763699902,0.02751412363000981,5
2016-08-10,222872.50884724682,-0.005460377975235353,-0.005460377975235292,2.41317607484654,-1223.6497286225122,0.0,0.0,0.9723348139976622,0.027665186002337763,5
2016-08-11,225845.47454517084,0.013339310950915229,0.013339310950915142,2.445366180888227,2972.9656979240112,0.0,0.0,0.972698990650647,0.027301009349352902,5
2016-08-12,226578.91572402813,0.003247535423653636,0.0034441863920708794,2.4537884778120724,777.8539101392676,44.412731281940836,0.19665096841715968,0.77696897435825,0.22303102564175006,4
2016-08-15,228158.73190654302,0.006972476576060149,0.00697247657606009,2.4708974604962233,1579.8161825148795,0.0,0.0,0.7785132852884845,0.22148671471151551,4
2016-08-16,228343.2158633212,0.0008085772358419341,0.0008085772358419943,2.47289537193488,184.4839567782072,0.0,0.0,0.7786922297136529,0.22130777028634704,4
2016-08-17,228646.9913651032,0.0013303460785267784,0.001330346078526752,2.4761851785955407,303.775501781957,0.0,0.0,0.7789862544833016,0.22101374551669836,4
2016-08-18,229976.46526355948,0.00581452609771449,0.006015729243562954,2.491081238186895,1375.4783924077374,46.00449395150219,0.2012031458487126,0.9805039636897905,0.01949603631020935,5
2016-08-19,229428.5332917972,-0.0023825567156809946,-0.0023825567156805835,2.485146095853547,-547.9319717621761,0.0,0.0,0.9804574023425,0.019542597657500077,5
2016-08-22,228016.07568780868,-0.006156416482827387,-0.006156416482827494,2.4698465014668,-1412.4576039885567,0.0,0.0,0.9803363446908421,0.019663655309158014,5
2016-08-23,229274.24198919575,0.005517884200014533,0.005517884200014293,2.4834748284537045,1258.1663013870227,0.0,0.0,0.9804442510489981,0.01955574895100183,5
2016-08-24,227736.61697750993,-0.006706488257666066,-0.006706488257665975,2.4668194336784706,-1537.6250116858087,0.0,0.0,0.9803122151510896,0.019687784848910504,5
2016-08-25,227861.08850988786,0.000546559152541759,0.0005465591525418692,2.4681676964176154,124.47153237798008,0.0,0.0,0.9803229698120336,0.019677030187966432,5
2016-08-26,227234.20027947385,-0.002751185972618586,-0.00275118597261884,2.4613773080731605,-626.8882304140634,0.0,0.0,0.980268685295798,0.019731314704201957,5
2016-08-29,227703.25359903893,0.0020641845241085033,0.0020641845241085237,2.466458045020477,469.05331956506666,0.0,0.0,0.9803093304711089,0.019690669528891085,5
2016-08-30,227196.17992681544,-0.002226905695060455,-0.002226905695060244,2.460965475553394,-507.07367222344686,0.0,0.0,0.980265383340881,0.01973461665911911,5
2016-08-31,225496.40038728638,-0.007481549822169531,-0.0074815498221696385,2.442553639737402,-1699.7795395290873,0.0,0.0,0.9801166248792823,0.019883375120717646,5
2016-09-01,224821.4430897456,-0.002993206527383885,-0.002993206527383826,2.435242572239455,-674.9572975407823,0.0,0.0,0.9800569311554407,0.019943068844559247,5
2016-09-02,227290.61047537136,0.010982793063204932,0.01098279306320494,2.461988337469068,2469.167385625782,0.0,0.0,0.9802735823187128,0.01972641768128732,5
2016-09-06,228232.81163511076,0.0041453589207613994,0.004340861475351985,2.4726754877959536,986.6370547217739,44.435894982373526,0.19550255459051832,0.7858542413138976,0.21414575868610244,4
2016-09-07,228456.79719168035,0.000981390690343309,0.0009813906903431652,2.475102148499916,223.98555656954295,0.0,0.0,0.7860641959203524,0.21393580407964757,4
2016-09-08,229947.43054094963,0.006524793166992504,0.006524793166992591,2.4912516780860567,1490.6333492692881,0.0,0.0,0.787451033961611,0.21254896603838896,4
2016-09-09,225838.68622246542,-0.017868189737186513,-0.017671724082002887,2.447226965812093,-4063.567545885186,45.176772599012885,0.1964656551835994,0.983824121127535,0.016175878872464907,5
2016-09-12,227831.75963389786,0.008825208137587026,0.00882520813758701,2.4688242531453004,1993.0734114324614,0.0,0.0,0.9839656277995595,0.016034372200440482,5
2016-09-13,223368.15053032036,-0.01959168954648849,-0.019591689546488388,2.420455814832837,-4463.609103577492,0.0,0.0,0.9836452098279099,0.01635479017209003,5
2016-09-14,222164.71486142644,-0.005387677992751971,-0.0053876779927520095,2.407415178306833,-1203.4356688939251,0.0,0.0,0.9835566181815603,0.016443381818439656,5
2016-09-15,223824.9650070087,0.007473059556814876,0.007473059556814962,2.4254059353123,1660.250145582254,0.0,0.0,0.9836785890575842,0.01632141094241573,5
2016-09-16,221486.23689115787,-0.01044891536463588,-0.010448915364636003,2.4000630739693363,-2338.728115850849,0.0,0.0,0.9835062472308542,0.016493752769145765,5
2016-09-19,222233.83627446895,0.003375376248224704,0.003375376248224762,2.4081641898634536,747.5993833110973,0.0,0.0,0.9835617325683051,0.016438267431694856,5
2016-09-20,222941.23049767013,0.003183107644902039,0.003183107644902175,2.415829635706388,707.3942232012005,0.0,0.0,0.983613891316127,0.016386108683873024,5
2016-09-21,226221.28022837528,0.014712620556471823,0.014712620556471582,2.451372820465615,3280.0497307050905,0.0,0.0,0.9838514783871646,0.016148521612835393,5
2016-09-22,228021.41009658482,0.007957385204399259,0.007957385204399424,2.4708793382776553,1800.1298682095694,0.0,0.0,0.9839789639424481,0.016021036057551882,5
2016-09-23,225570.86141321575,-0.010747011354464764,-0.010747011354464823,2.4443247699736728,-2450.548683369077,0.0,0.0,0.9838049151820227,0.016195084817977202,5
2016-09-26,224394.52042418974,-0.005214950998795542,-0.005214950998795366,2.4315777360731183,-1176.3409890259807,0.0,0.0,0.9837200158624845,0.016279984137515514,5
2016-09-27,224443.8300489378,0.00021974522664280904,0.00021974522664282945,2.432112063673831,49.3096247480226,0.0,0.0,0.9837235925253339,0.01627640747466606,5
2016-09-28,227571.89864374502,0.013936977434956477,0.013936977434956541,2.4660083546245386,3128.068594807267,0.0,0.0,0.9839473183867483,0.016052681613251633,5
2016-09-29,226650.8591463299,-0.004047246179797348,-0.004047246179797438,2.4560278117319356,-921.0394974151468,0.0,0.0,0.9838820852177195,0.016117914782280515,5
2016-09-30,228500.912218956,0.008162568099649992,0.008162568099650004,2.476075305999832,1850.0530726260986,0.0,0.0,0.98401258359288,0.01598741640711994,5
2016-10-03,228730.8207787317,0.0010061603585871381,0.0011956817697840454,2.4790359041038283,273.2143751192301,43.305815343494196,0.1895214111968067,0.7948870703061618,0.2051129296938382,4
2016-10-04,228890.8639133305,0.0006997007838906999,0.0006997007838904958,2.4807704874692225,160.0431345987951,0.0,0.0,0.7950304876346375,0.2049695123653625,4
2016-10-05,230015.53502204065,0.004913569242047222,0.004913569242047198,2.4929599250330297,1124.6711087101517,0.0,0.0,0.7960326951103266,0.20396730488967335,4
2016-10-06,229413.43243738564,-0.0026176605184398127,-0.002617660518440029,2.4864342022632173,-602.1025846550556,0.0,0.0,0.7954973766673112,0.2045026233326887,4
2016-10-07,228387.74911334086,-0.004470894808326964,-0.0042717491581586615,2.4758127790528826,-979.996636884691,45.68668716010019,0.19914565016836827,0.994819008819276,0.005180991180723945,5
2016-10-10,228978.45134425268,0.0025864006856981536,0.0025864006856985188,2.482216222922286,590.7022309118861,0.0,0.0,0.9948323743697496,0.005167625630250433,5
2016-10-11,225260.70037430135,-0.016236248206439097,-0.016236248206439204,2.44191434422487,-3717.7509699513494,0.0,0.0,0.9947470867666866,0.005252913233313398,5
2016-10-12,225118.2817501218,-0.0006322391075891387,-0.0006322391075890382,2.4403704704790683,-142.41862417953,0.0,0.0,0.994743763568456,0.0052562364315441555,5
2016-10-13,224215.03238714603,-0.00401233234348497,-0.004012332343485007,2.4305788931102796,-903.2493629757843,0.0,0.0,0.9947225888409726,0.005277411159027389,5
2016-10-14,224006.57391152642,-0.0009297256896659833,-0.0009297256896660271,2.428319121472595,-208.45847561962995,0.0,0.0,0.9947176777302573,0.005282322269742663,5
2016-10-17,222828.2132470687,-0.005260384299806908,-0.005260384299806758,2.41554522969108,-1178.3606644576957,0.0,0.0,0.9946897437416078,0.005310256258392261,5
2016-10-18,225071.03615955292,0.010065255560782305,0.010065255560782131,2.439858309746549,2242.8229124842046,0.0,0.0,0.9947426602101624,0.005257339789837676,5
2016-10-19,225770.06130339188,0.003105797866160831,0.0031057978661607065,2.447436016478694,699.0251438389187,0.0,0.0,0.994758937889681,0.00524106211031903,5
2016-10-20,225904.94921228872,0.000597457023832737,0.0005974570238327188,2.4488982543171205,134.88790889685498,0.0,0.0,0.9947620673293454,0.0052379326706545855,5
2016-10-21,225719.67809150857,-0.0008201286489125659,-0.0008201286489124499,2.4468898427004833,-185.27112078010995,0.0,0.0,0.9947577680247182,0.00524223197528176,5
2016-10-24,225868.33817730105,0.0006586048990031568,0.0006586048990032686,2.4485013763382075,148.66008579250828,0.0,0.0,0.9947612183120028,0.005238781687997237,5
2016-10-25,225062.86033336358,-0.0035661387976617664,-0.0035661387976619486,2.439769680583919,-805.4778439375027,0.0,0.0,0.9947424692275353,0.005257530772464825,5
2016-10-26,224447.83097917808,-0.002732700336583793,-0.002732700336583958,2.4331025211566004,-615.029354185531,0.0,0.0,0.9947280626024343,0.005271937397565601,5
2016-10-27,224303.14463733078,-0.0006446323905919815,-0.000644632390591943,2.431534064461832,-144.68634184728393,0.0,0.0,0.9947246619486552,0.00527533805134482,5
2016-10-28,222901.73606244146,-0.006247832936783992,-0.005844258169807965,2.4173235516404348,-1310.885485560338,90.52308932896966,0.403574766975888,0.9890655359368903,0.010934464063109677,5
2016-10-31,222300.1343596634,-0.002698954765473549,-0.0023070789806260567,2.4117465952850727,-514.2519100147158,87.34979276333661,0.39187578484748686,0.5964925785963495,0.40350742140365037,3
2016-11-01,221601.5125295149,-0.0031426963917987605,-0.0031426963917987587,2.4041672079621375,-698.6218301484935,0.0,0.0,0.5952204794576671,0.4047795205423328,3
2016-11-02,220869.52341521857,-0.0033031774284429938,-0.0033031774284430957,2.3962258171065938,-731.9891142963435,0.0,0.0,0.5938789897032384,0.40612101029676156,3
2016-11-03,220368.15687482728,-0.002269967049499888,-0.0022699670494998885,2.3907864634586007,-501.36654039129024,0.0,0.0,0.5929550109905228,0.4070449890094771,3
2016-11-04,220064.7193027408,-0.0013769574351835123,-0.0009773883514285569,2.388449736618463,-215.38526955523702,88.0523025312446,0.3995690837549626,0.9929139065802197,0.007086093419780314,5
2016-11-07,225090.7230591056,0.0228387529463574,0.02283875294635752,2.442998950077885,5026.003756364812,0.0,0.0,0.9930721304806175,0.006927869519382536,5
2016-11-08,225810.48228012666,0.0031976405390641283,0.0031976405390641916,2.450810782557545,719.7592210210671,0.0,0.0,0.9930942127060228,0.00690578729397716,5
2016-11-09,231226.7019221024,0.023985687410457368,0.023985687410457306,2.509595163890149,5416.2196419757265,0.0,0.0,0.9932559728335255,0.006744027166474471,5
2016-11-10,232940.69125371255,0.0074125925654882074,0.007412592565488211,2.528197770344386,1713.9893316101347,0.0,0.0,0.9933055957248856,0.006694404275114385,5
2016-11-11,230662.84745027026,-0.009778642757444778,-0.009778642757444776,2.50347542752802,-2277.8438034422957,0.0,0.0,0.9932394870842252,0.0067605129157748385,5
2016-11-14,229988.19565630823,-0.002924839441720173,-0.0027381093365679036,2.496620638086037,-631.5800962029231,43.07169775907732,0.18673010515212407,0.8061290706966238,0.1938709293033762,4
2016-11-15,230517.641271683,0.0023020556070885156,0.0025032831455559716,2.502870386450205,575.7255738632655,46.279958488485406,0.20122753846743358,0.6060097472381663,0.39399025276183375,3
2016-11-16,229922.90999967564,-0.0025799815958832406,-0.0025799815958832996,2.496413026916282,-594.7312720073706,0.0,0.0,0.6049906303342271,0.3950093696657729,3
2016-11-17,230477.94961031168,0.0024140248165649414,0.0024140248165648672,2.502439429915654,555.0396106360274,0.0,0.0,0.6059418963755451,0.3940581036244549,3
2016-11-18,228900.4619740223,-0.006844418908431682,-0.006450754469246342,2.4862968075791074,-1486.7566635114513,90.73097277791419,0.39366443918526967,1.0,0.0,5
2016-11-21,230015.7182196965,0.004872232393313247,0.004872232393313078,2.4984106234243852,1115.2562456741598,0.0,0.0,1.0,0.0,5
2016-11-22,227492.25372099841,-0.010970835029142756,-0.01097083502914263,2.471000972639739,-2523.4644986980466,0.0,0.0,1.0,0.0,5
2016-11-23,227979.08580607176,0.0021399941189663707,0.0023398965881277637,2.4767828593848793,532.3083483072597,45.476263233898685,0.1999024691613095,0.8007238830262262,0.19927611697377387,4
2016-11-25,228704.15620221273,0.0031804250533653544,0.003180425053365335,2.484660081642613,725.0703961409561,0.0,0.0,0.8013556564730885,0.19864434352691154,4
2016-11-28,227665.85361880172,-0.004539937536128469,-0.004341491638499349,2.4738729506736483,-992.9171818419557,45.3854015690957,0.1984458976292823,1.0,-3.19589323498908e-17,5
2016-11-29,228882.5569725288,0.0053442505074314806,0.005344250507431546,2.487093947445607,1216.703353727117,0.0,0.0,1.0,-3.178904373676981e-17,5
2016-11-30,226599.02051524998,-0.009976891587911152,-0.00997689158791118,2.4622804807629923,-2283.536457278824,0.0,0.0,1.0,-3.210939569658801e-17,5
2016-12-01,224349.0268008948,-0.009929406178539768,-0.009929406178539886,2.437831497744006,-2249.9937143552097,0.0,0.0,1.0,-3.2431420443114696e-17,5
2016-12-02,224888.4984692103,0.0024046089078615385,0.002602056045632987,2.4441748719309455,583.7687415191454,44.297073203610374,0.19744713777128672,0.8032234799394802,0.19677652006051988,4
2016-12-05,224527.3834752756,-0.001605751278490275,-0.001409171338369929,2.4407306107554563,-316.9064263718608,44.20856756284391,0.1965799401203995,1.0,0.0,5
2016-12-06,225347.0728716756,0.0036507324127359464,0.0038526948799839076,2.450134001082934,865.0355007313777,45.34610433139412,0.20196246724795383,0.7989733895817703,0.20102661041822958,4
2016-12-07,224564.5248065674,-0.0034726347013782632,-0.0032743575200389575,2.4421113863913853,-737.866882676138,44.68118243204578,0.19827718133924724,0.599503708102847,0.40049629189715297,3
2016-12-08,225231.59145896797,0.002970489898060036,0.0029704898980601165,2.4493656535945982,667.066652400579,0.0,0.0,0.6006898548551926,0.3993101451448074,3
2016-12-09,226162.1964759758,0.004131769486596992,0.004131769486596786,2.4594858678636387,930.6050170077971,0.0,0.0,0.6023329235475032,0.39766707645249677,3
2016-12-12,226029.0873257239,-0.0005885561438913056,-0.00019128633724544068,2.459015401820468,-43.261738187273124,89.84741206461186,0.397269806645851,1.0,-3.2190359657995063e-17,5
2016-12-13,227865.02553314163,0.00812257497094615,0.008122574970946003,2.4789889387764656,1835.9382074176933,0.0,0.0,1.0,-3.193099773499545e-17,5
2016-12-14,225859.36774723127,-0.008801955373439418,-0.008801955373439268,2.4571689887661057,-2005.6577859103118,0.0,0.0,1.0,-3.2214548755517e-17,5
2016-12-15,226872.06478951135,0.0044837504522434735,0.004483750452243398,2.4681863213307245,1012.6970422800562,0.0,0.0,1.0,-3.207075150893502e-17,5
2016-12-16,226602.11213809275,-0.001189889339919703,-0.0009942112237968461,2.4657324227876356,-225.55875317969742,44.39389823887804,0.19567811612269698,0.8042846824233822,0.19571531757661764,4
2016-12-19,225768.1802218644,-0.003680159502309266,-0.0034846397045304738,2.4571402336864416,-789.6267170868648,44.30519914149766,0.19551979777883885,1.0,-3.2227560177139564e-17,5
2016-12-20,225939.1098111739,0.0007571022149424067,0.0007571022149424544,2.45900053999979,170.92958930950076,0.0,0.0,1.0,-3.220317907893072e-17,5
2016-12-21,224902.76864717918,-0.00458681617742418,-0.004586816177424302,2.4477215565426236,-1036.3411639947383,0.0,0.0,1.0,-3.23515697825745e-17,5
2016-12-22,224004.09141036743,-0.00399584781555784,-0.0039958478155579505,2.4379408337078186,-898.677236811766,0.0,0.0,1.0,-3.2481360355396963e-17,5
2016-12-23,225005.09012655876,0.004468662647583166,0.004468662647583343,2.448835168848427,1000.9987161913537,0.0,0.0,1.0,-3.233685784659766e-17,5
2016-12-27,225784.80640325442,0.003465327278850072,0.0034653272788500024,2.457321184160445,779.7162766956674,0.0,0.0,1.0,-3.222518702692721e-17,5
2016-12-28,224280.47439881778,-0.006662680400867593,-0.006662680400867543,2.4409488384681026,-1504.3320044366358,0.0,0.0,1.0,-3.244133326223149e-17,5
2016-12-29,225204.7752708623,0.004121182972000037,0.004121182972000128,2.4510084352567207,924.3008720445185,0.0,0.0,1.0,-3.2308185319038444e-17,5
2016-12-30,224347.68649068743,-0.003805819744026384,-0.0028086283723986823,2.4441244634244703,-632.516521425413,224.57225874943688,0.9971913716276013,0.0,1.0,0
