date,trade_id,gross_pnl,cost
2009-04-07,0,0.0,20.0
2009-04-07,1,0.0,19.996
2009-04-07,2,0.0,19.992000800000003
2009-04-07,3,0.0,19.988002399840003
2009-04-07,4,0.0,19.9240967002599
2009-04-08,0,0.0,0.0
2009-04-08,1,147.75022539159804,0.0
2009-04-08,2,0.0,0.0
2009-04-08,3,200.54789240442108,0.0
2009-04-08,4,294.2618932282288,0.0
2009-04-09,0,517.5630173682484,0.0
2009-04-09,1,738.7639752226266,0.0
2009-04-09,2,517.3560128638219,0.0
2009-04-09,3,539.9423731357589,0.0
2009-04-09,4,2710.230375830959,0.0
2009-04-13,0,240.2891654559604,0.0
2009-04-13,1,49.25382254105201,0.0
2009-04-13,2,240.19305940134464,0.0
2009-04-13,3,205.6848314824347,0.0
2009-04-13,4,69.6880450236811,0.0
2009-04-14,0,-258.778084176119,0.0
2009-04-14,1,-197.00083586648722,0.0
2009-04-14,2,-258.67458329357197,0.0
2009-04-14,3,-200.54623425752388,0.0
2009-04-14,4,-1951.3687080112697,0.0
2009-04-15,0,499.0775231560919,0.0
2009-04-15,1,98.50603904902859,0.0
2009-04-15,2,498.8779121099304,0.0
2009-04-15,3,272.52970722552305,0.0
2009-04-15,4,1827.4786859892522,0.0
2009-04-16,0,166.3540376233604,0.0
2009-04-16,1,73.8662795138497,0.0
2009-04-16,2,166.28750266247255,0.0
2009-04-16,3,133.70633295511794,0.0
2009-04-16,4,766.5980516456946,0.0
2009-04-17,0,-36.9675639163016,0.0
2009-04-17,1,98.50764508211,0.0
2009-04-17,2,-36.95277836943764,0.0
2009-04-17,3,-71.99010555557568,0.0
2009-04-17,4,425.89716599180315,0.0
2009-04-20,0,-1090.5671070869305,0.0
2009-04-20,1,-467.8840115776384,0.0
2009-04-20,2,-1090.13092386678,0.0
2009-04-20,3,-863.9028225765319,0.0
2009-04-20,4,-2477.929010715966,0.0
2009-04-21,0,573.004089718682,0.0
2009-04-21,1,246.2530523744608,0.0
2009-04-21,2,572.7749110029582,0.0
2009-04-21,3,462.81035406148413,0.0
2009-04-21,4,1912.6527990382779,0.0
2009-04-22,0,-443.6141915036244,0.0
2009-04-22,1,73.87752174541966,0.0
2009-04-22,2,-443.43676357159063,0.0
2009-04-22,3,-164.55283962663015,0.0
2009-04-22,4,-820.8059399210708,0.0
2009-04-23,0,665.4315607794555,0.0
2009-04-23,1,123.12492015414898,0.0
2009-04-23,2,665.1654147724062,0.0
2009-04-23,3,514.2195403671103,0.0
2009-04-23,4,1022.1322133468518,0.0
2009-04-24,0,277.27042740427964,0.0
2009-04-24,1,320.1369982522061,0.0
2009-04-24,2,277.15953032413506,0.0
2009-04-24,3,323.96708202834947,0.0
2009-04-24,4,1122.8175173486393,0.0
2009-04-27,0,0.0,0.0
2009-04-27,1,-49.253822541055,0.0
2009-04-27,2,0.0,0.0
2009-04-27,3,-251.9769764727738,0.0
2009-04-27,4,-1486.764499962029,0.0
2009-04-28,0,-314.23456681257926,0.0
2009-04-28,1,-344.7623034896522,0.0
2009-04-28,2,-314.1088855552369,0.0
2009-04-28,3,-200.54291796373562,0.0
2009-04-28,4,309.7405721572736,0.0
2009-04-29,0,609.9767903969946,0.0
2009-04-29,1,172.38356079444526,0.0
2009-04-29,2,609.7328240799075,0.0
2009-04-29,3,534.7971433232716,0.0
2009-04-29,4,1029.905542654351,0.0
2009-04-30,0,277.2601538802704,0.0
2009-04-30,1,-123.12331412106457,0.0
2009-04-30,2,277.14926090912445,0.0
2009-04-30,3,133.69638407375317,0.0
2009-04-30,4,-108.42464346631256,0.0
2009-05-01,0,591.5049942168589,0.0
2009-05-01,1,320.1337861860433,0.0
2009-05-01,2,591.2684158793719,0.0
2009-05-01,3,251.97531832587967,0.0
2009-05-01,4,-805.3154384379435,0.0
2009-05-04,0,591.4912961848412,0.0
2009-05-04,1,566.3820204612629,0.0
2009-05-04,2,591.2547233260192,0.0
2009-05-04,3,905.0348144323365,0.0
2009-05-04,4,1959.1006583794922,0.0
2009-05-05,0,-55.44278460443936,0.0
2009-05-05,1,-73.86949158001553,0.0
2009-05-05,2,-55.42060970830897,0.0
2009-05-05,3,-226.26409258549003,0.0
2009-05-05,4,-960.2027194380701,0.0
2009-05-06,0,757.855607332214,0.0
2009-05-06,1,517.1346220525305,0.0
2009-05-06,2,757.5524954035055,0.0
2009-05-06,3,545.0759959199873,0.0
2009-05-06,4,944.7269961475453,0.0
2009-05-07,0,-425.14581983150026,0.0
2009-05-07,1,-517.1346220525305,0.0
2009-05-07,2,-424.97577850940047,0.0
2009-05-07,3,-385.6600953713739,0.0
2009-05-07,4,-1471.2784319366845,0.0
2009-05-08,0,1053.6029676786404,0.0
2009-05-08,1,886.5142006142217,0.0
2009-05-08,2,1053.1815686356879,0.0
2009-05-08,3,982.1718079472936,0.0
2009-05-08,4,1618.4042061833889,0.0
2009-05-11,0,-850.2779416309733,0.0
2009-05-11,1,-221.6261411039333,0.0
2009-05-11,2,-849.9378644654386,0.0
2009-05-11,3,-601.6453353601481,0.0
2009-05-11,4,-983.4266491086772,0.0
2009-05-12,0,443.62788953564205,0.0
2009-05-12,1,123.12331412107055,0.0
2009-05-12,2,443.4504561249434,0.0
2009-05-12,3,246.8251140727099,0.0
2009-05-12,4,-69.69986757776095,0.0
2009-05-13,0,-924.2199184795837,0.0
2009-05-13,1,-418.6334011027492,0.0
2009-05-13,2,-923.8502674809887,0.0
2009-05-13,3,-791.9044262864855,0.0
2009-05-13,4,-1626.1391121901313,0.0
2009-05-14,0,369.6927617030421,0.0
2009-05-14,1,24.628517303608923,0.0
2009-05-14,2,369.54489938607134,0.0
2009-05-14,3,221.11223018542614,0.0
2009-05-14,4,549.7960549293861,0.0
2009-05-15,0,-203.33529957167647,0.0
2009-05-15,1,221.62935317009612,0.0
2009-05-15,2,-203.25397358525979,0.0
2009-05-15,3,-205.68317333554057,0.0
2009-05-15,4,-797.5834880697209,0.0
2009-05-18,0,1035.1260347364905,0.0
2009-05-18,1,197.00083586648722,0.0
2009-05-18,2,1034.7120257276374,0.0
2009-05-18,3,858.7559346171504,0.0
2009-05-18,4,1842.9588427375568,0.0
2009-05-19,0,295.74736034642643,0.0
2009-05-19,1,-147.74861935851362,0.0
2009-05-19,2,295.6290732321823,0.0
2009-05-19,3,210.8366938824986,0.0
2009-05-19,4,-472.3612813448854,0.0
2009-05-20,0,166.36259889337023,0.0
2009-05-20,1,295.5084809485972,0.0
2009-05-20,2,166.29606050831686,0.0
2009-05-20,3,154.26403814854956,0.0
2009-05-20,4,-193.59284523829294,0.0
2009-05-21,0,-184.8446685975216,0.0
2009-05-21,1,-295.5084809485972,0.0
2009-05-21,2,-184.77073812386936,0.0
2009-05-21,3,-179.9901872109864,0.0
2009-05-21,4,69.70725667405536,0.0
2009-05-22,0,-55.45819489045964,0.0
2009-05-22,1,73.8727036461754,0.0
2009-05-22,2,-55.43601383083126,0.0
2009-05-22,3,133.71628183648272,0.0
2009-05-22,4,-596.2527811861574,0.0
2009-05-26,0,406.65861336534107,0.0
2009-05-26,1,738.7736114211152,0.0
2009-05-26,2,406.4959661863395,0.0
2009-05-26,3,473.077599629941,0.0
2009-05-26,4,1401.5682196241037,0.0
2009-05-27,0,-73.93684008660581,0.0
2009-05-27,1,-443.26352443943654,0.0
2009-05-27,2,-73.90726830804476,0.0
2009-05-27,3,-467.9390024050302,0.0
2009-05-27,4,-905.987442066391,0.0
2009-05-28,0,147.8685434112038,0.0
2009-05-28,1,-147.75664952392074,0.0
2009-05-28,2,147.80940190858104,0.0
2009-05-28,3,241.67988426022254,0.0
2009-05-28,4,332.97632438195507,0.0
2009-05-29,0,610.000761953028,0.0
2009-05-29,1,418.6398252350719,0.0
2009-05-29,2,609.7567860482773,0.0
2009-05-29,3,478.23609461758144,0.0
2009-05-29,4,805.330216630546,0.0
2009-06-01,0,720.8760576378974,0.0
2009-06-01,1,369.3876087270953,0.0
2009-06-01,2,720.5877360498846,0.0
2009-06-01,3,601.6370446256775,0.0
2009-06-01,4,1293.153920892611,0.0
2009-06-02,0,166.3540376233572,0.0
2009-06-02,1,24.622093171283236,0.0
2009-06-02,2,166.28750266246936,0.0
2009-06-02,3,215.9835818418801,0.0
2009-06-02,4,-549.7901436523462,0.0
2009-06-03,0,-1127.5380955112405,0.0
2009-06-03,1,-517.1378341186903,0.0
2009-06-03,2,-1127.08712537456,0.0
2009-06-03,3,-750.7740925775751,0.0
2009-06-03,4,-46.45377061825413,0.0
2009-06-04,0,-36.97098842430682,0.0
2009-06-04,1,172.37553062904112,0.0
2009-06-04,2,-36.95620150777663,0.0
2009-06-04,3,154.26238000165543,0.0
2009-06-04,4,828.5571019396704,0.0
2009-06-05,0,-184.84980535952624,0.0
2009-06-05,1,-270.8799636449913,0.0
2009-06-05,2,-184.77587283137467,0.0
2009-06-05,3,-303.38616277840003,0.0
2009-06-05,4,-69.69100066220106,0.0
2009-06-08,0,184.84980535952624,0.0
2009-06-08,1,123.13134428647766,0.0
2009-06-08,2,184.77587283137467,0.0
2009-06-08,3,-51.42079333388514,0.0
2009-06-08,4,-487.8458715509674,0.0
2009-06-09,0,129.3864737070556,0.0
2009-06-09,1,196.9992298334058,0.0
2009-06-09,2,129.33472429303174,0.0
2009-06-09,3,298.24590740659505,0.0
2009-06-09,4,0.0,0.0
2009-06-10,0,203.3233137936614,0.0
2009-06-10,1,24.628517303608923,0.0
2009-06-10,2,203.2419926010765,0.0
2009-06-10,3,46.280537962077084,0.0
2009-06-10,4,-456.873735500278,0.0
2009-06-11,0,406.66203787334626,0.0
2009-06-11,1,394.0080958653001,0.0
2009-06-11,2,406.4993893246785,0.0
2009-06-11,3,421.66509703052964,0.0
2009-06-11,4,-526.5558692469192,0.0
2009-06-12,0,-203.3267383016666,0.0
2009-06-12,1,-24.625305237446078,0.0
2009-06-12,2,-203.2454157394155,0.0
2009-06-12,3,-128.55447055505405,0.0
2009-06-12,4,913.741559723516,0.0
2009-06-15,0,-813.3103777146717,0.0
2009-06-15,1,-418.6350071358276,0.0
2009-06-15,2,-812.9850860960009,0.0
2009-06-15,3,-894.7509873949382,0.0
2009-06-15,4,-1238.9622886290945,0.0
2009-06-16,0,-73.93341557860059,0.0
2009-06-16,1,-246.24823427521653,0.0
2009-06-16,2,-73.90384516970578,0.0
2009-06-16,3,-277.67991147869276,0.0
2009-06-16,4,-456.86634640397807,0.0
2009-06-17,0,0.0,0.0
2009-06-17,1,270.8719334795812,0.0
2009-06-17,2,0.0,0.0
2009-06-17,3,66.84985018377071,0.0
2009-06-17,4,-464.61898624183755,0.0
2009-06-18,0,-147.871967919209,0.0
2009-06-18,1,-196.9992298334058,0.0
2009-06-18,2,-147.81282504692004,0.0
2009-06-18,3,-41.14691517784864,0.0
2009-06-18,4,162.6044531757465,0.0
2009-06-19,0,591.487871676836,0.0
2009-06-19,1,369.3795785616942,0.0
2009-06-19,2,591.2513001876802,0.0
2009-06-19,3,375.3878753622315,0.0
2009-06-19,4,240.06582750693232,0.0
2009-06-22,0,-942.6968514217273,0.0
2009-06-22,1,-517.1346220525335,0.0
2009-06-22,2,-942.3198103890327,0.0
2009-06-22,3,-776.4803438772824,0.0
2009-06-22,4,-1269.9447694146008,0.0
2009-06-23,0,271.0087145167463,0.0
2009-06-23,1,148.5500298661433,0.0
2009-06-23,2,270.90032187128816,0.0
2009-06-23,3,307.2181402507359,0.0
2009-06-23,4,170.35413737508875,0.0
2009-06-24,0,150.56020670330318,0.0
2009-06-24,1,49.52684816489677,0.0
2009-06-24,2,150.49998864303015,0.0
2009-06-24,3,21.00208856105863,0.0
2009-06-24,4,507.66933910435733,0.0
2009-06-25,0,112.92143921797935,0.0
2009-06-25,1,544.6973617958977,0.0
2009-06-25,2,112.87627515914973,0.0
2009-06-25,3,498.8999212122374,0.0
2009-06-25,4,314.82427041161225,0.0
2009-06-26,0,-112.92143921797935,0.0
2009-06-26,1,74.27742398269378,0.0
2009-06-26,2,-112.87627515914973,0.0
2009-06-26,3,-47.268793510982036,0.0
2009-06-26,4,204.6203325562766,0.0
2009-06-29,0,338.7608931459328,0.0
2009-06-29,1,-123.8010600814277,0.0
2009-06-29,2,338.6254023391102,0.0
2009-06-29,3,204.80767177543962,0.0
2009-06-29,4,-15.728430383981635,0.0
2009-06-30,0,-150.5619189573058,0.0
2009-06-30,1,-173.3086358493474,0.0
2009-06-30,2,-150.50170021219964,0.0
2009-06-30,3,-283.5762818342244,0.0
2009-06-30,4,141.6755768158932,0.0
2009-07-01,0,225.8411661819529,0.0
2009-07-01,1,272.3526959806524,0.0
2009-07-01,2,225.75083874912679,0.0
2009-07-01,3,399.11098297656474,0.0
2009-07-01,4,425.0060409780399,0.0
2009-07-02,0,-602.239114559207,0.0
2009-07-02,1,-519.940361845778,0.0
2009-07-02,2,-601.9982430029479,0.0
2009-07-02,3,-703.7009604001005,0.0
2009-07-02,4,-1314.3946171163232,0.0
2009-07-06,0,-37.637055231321234,0.0
2009-07-06,1,148.54842383306487,0.0
2009-07-06,2,-37.622001914710914,0.0
2009-07-06,3,31.50810728227034,0.0
2009-07-06,4,590.3001252069553,0.0
2009-07-06,0,0.0,24.44711746319296
2009-07-06,1,0.0,23.248846554847805
2009-07-06,2,0.0,24.437339594092382
2009-07-06,3,0.0,23.7841871133192
2009-07-06,4,0.0,24.107782335797495
2009-07-17,5,0.0,23.981049557637718
2009-07-20,5,513.6921152380744,0.0
2009-07-21,5,288.37412641206055,0.0
2009-07-22,5,72.10344102627936,0.0
2009-07-23,5,847.1268665883584,0.0
2009-07-24,5,207.27540641768564,0.0
2009-07-27,5,54.070768041215366,0.0
2009-07-28,5,-216.2855495206775,0.0
2009-07-29,5,-540.7151124796018,0.0
2009-07-30,5,766.0108051032712,0.0
2009-07-31,5,270.3662269851571,0.0
2009-08-03,5,928.2379733618136,0.0
2009-08-04,5,-99.1190062003586,0.0
2009-08-05,5,216.27811745322936,0.0
2009-08-06,5,-225.2981699794854,0.0
2009-08-07,5,162.21478147946215,0.0
2009-08-10,5,-360.48499950579264,0.0
2009-08-11,5,-63.07595643257511,0.0
2009-08-12,5,243.32836560873798,0.0
2009-08-13,5,495.6544875413783,0.0
2009-08-14,5,-693.932137635157,0.0
2009-08-17,5,-1018.3617005940721,0.0
2009-08-18,5,387.5253382380232,0.0
2009-08-19,5,342.464713299809,0.0
2009-08-20,5,54.063335973767195,0.0
2009-08-21,5,702.93237131488,0.0
2009-08-24,5,-216.2805948090454,0.0
2009-08-25,5,-135.18682952630724,0.0
2009-08-26,5,-99.13139297943887,0.0
2009-08-27,5,189.25264285589049,0.0
2009-08-28,5,171.23235664990216,0.0
2009-08-31,5,-360.48499950579264,0.0
2009-09-01,5,-793.0610532587659,0.0
2009-09-02,5,243.32588825291268,0.0
2009-09-03,5,378.5102404234085,0.0
2009-09-04,5,369.49514260877527,0.0
2009-09-08,5,369.4852331855157,0.0
2009-09-09,5,126.17916377912682,0.0
2009-09-10,5,153.20711573228635,0.0
2009-09-11,5,36.04304976778349,0.0
2009-09-14,5,351.464946979532,0.0
2009-09-15,5,621.8262192530569,0.0
2009-09-16,5,396.54043605265645,0.0
2009-09-17,5,-135.18682952630724,0.0
2009-09-18,5,-15.381902261885191,0.0
2009-09-21,5,-289.5855534061114,0.0
2009-09-21,6,0.0,24.915595325326727
2009-09-22,5,316.7324184384416,0.0
2009-09-22,6,321.658560210015,0.0
2009-09-23,5,-461.514047040325,0.0
2009-09-23,6,-272.1636154781976,0.0
2009-09-24,5,-624.4224881482826,0.0
2009-09-24,6,24.738645160226785,0.0
2009-09-25,5,-271.4884691698346,0.0
2009-09-25,6,-197.9380503185915,0.0
2009-09-28,5,524.8823314591992,0.0
2009-09-28,6,197.9380503185915,0.0
2009-09-29,5,27.136955609065936,0.0
2009-09-29,6,-519.590190742656,0.0
2009-09-30,5,-190.0330099379432,0.0
2009-09-30,6,123.70927526601015,0.0
2009-10-01,5,-1094.9813612730288,0.0
2009-10-01,6,-618.5527961160013,0.0
2009-10-02,5,-108.59984690839627,0.0
2009-10-02,6,-321.6553503170398,0.0
2009-10-05,5,452.471698311729,0.0
2009-10-05,6,197.93805031858852,0.0
2009-10-05,7,0.0,24.411865558189973
2009-10-05,8,0.0,24.406983185078335
2009-10-06,5,570.1213260161694,0.0
2009-10-06,6,272.17485010361696,0.0
2009-10-06,7,639.4038952373527,0.0
2009-10-06,8,639.2760144583051,0.0
2009-10-07,5,9.054735507680846,0.0
2009-10-07,6,222.67188063935242,0.0
2009-10-07,7,295.56810733294634,0.0
2009-10-07,8,295.5089937114797,0.0
2009-10-08,5,651.5594437573438,0.0
2009-10-08,6,272.16843031766047,0.0
2009-10-08,7,428.28063137173416,0.0
2009-10-08,8,428.1949752454598,0.0
2009-10-09,5,27.134478253254493,0.0
2009-10-09,6,0.0,0.0
2009-10-09,7,96.51305074834782,0.0
2009-10-09,8,96.49374813819814,0.0
2009-10-12,5,72.40072372420595,0.0
2009-10-12,6,49.48371010640406,0.0
2009-10-12,7,-265.40788623560104,0.0
2009-10-12,8,-265.3548046583539,0.0
2009-10-12,9,0.0,22.06996869962997
2009-10-13,5,153.8487508886446,0.0
2009-10-13,6,-123.70927526601015,0.0
2009-10-13,7,193.03125004928353,0.0
2009-10-13,8,192.99264379927365,0.0
2009-10-13,9,38.4502637002313,0.0
2009-10-13,5,0.0,28.732063085128317
2009-10-14,6,272.1668253711728,0.0
2009-10-14,7,916.8714078329767,0.0
2009-10-14,8,916.6880335514101,0.0
2009-10-14,9,714.059247955988,0.0
2009-10-15,6,-123.71569505195767,0.0
2009-10-15,7,-78.41760456361348,0.0
2009-10-15,8,-78.40192104270075,0.0
2009-10-15,9,-126.33700767696767,0.0
2009-10-16,6,-445.35981074359006,0.0
2009-10-16,7,-597.1874801483837,0.0
2009-10-16,8,-597.0680426523539,0.0
2009-10-16,9,-313.081769039445,0.0
2009-10-16,6,0.0,24.24755881910432
2009-10-19,7,796.2476852855765,0.0
2009-10-19,8,796.0884357485193,0.0
2009-10-19,9,428.42508855650436,0.0
2009-10-19,10,0.0,25.881259336386567
2009-10-19,11,0.0,25.876083084519294
2009-10-20,7,-186.99028167198438,0.0
2009-10-20,8,-186.95288361564997,0.0
2009-10-20,9,-302.09405814644157,0.0
2009-10-20,10,-77.95386407902568,0.0
2009-10-20,11,-77.9382733062099,0.0
2009-10-21,7,-162.87102895193823,0.0
2009-10-21,8,-162.83845474614782,0.0
2009-10-21,9,-120.84688802229017,0.0
2009-10-21,10,-77.95217851718346,0.0
2009-10-21,11,-77.93658808148004,0.0
2009-10-22,7,247.3090076824769,0.0
2009-10-22,8,247.25954588094038,0.0
2009-10-22,9,186.7492443126609,0.0
2009-10-22,10,51.965871595666016,0.0
2009-10-22,11,51.95547842134689,0.0
2009-10-23,7,24.129549825234726,0.0
2009-10-23,8,24.12472391526968,0.0
2009-10-23,9,-186.7492443126609,0.0
2009-10-23,10,-597.6564046435835,0.0
2009-10-23,11,-597.536873362655,0.0
2009-10-26,7,-247.3107238666782,0.0
2009-10-26,8,-247.26126172190484,0.0
2009-10-26,9,-280.12461362734786,0.0
2009-10-26,10,-77.96060632639143,0.0
2009-10-26,11,-77.94501420512617,0.0
2009-10-27,7,-54.29148710677494,0.0
2009-10-27,8,-54.28062880935358,0.0
2009-10-27,9,-384.4951654186784,0.0
2009-10-27,10,-103.94017100054627,0.0
2009-10-27,11,-103.91938296634619,0.0
2009-10-28,7,-1007.3658005985975,0.0
2009-10-28,8,-1007.1643274384777,0.0
2009-10-28,9,-994.1928274837001,0.0
2009-10-28,10,-259.85127028227896,0.0
2009-10-28,11,-259.79930002822255,0.0
2009-10-29,7,627.3408365089333,0.0
2009-10-29,8,627.2153683416316,0.0
2009-10-29,9,917.2937943999644,0.0
2009-10-29,10,389.7777482043395,0.0
2009-10-29,11,389.69979265469874,0.0
2009-10-30,7,-922.9055114734836,0.0
2009-10-30,8,-922.7209303711887,0.0
2009-10-30,9,-1010.66766939793,0.0
2009-10-30,10,-311.8221985634716,0.0
2009-10-30,11,-311.759834123759,0.0
2009-11-02,7,627.3408365089333,0.0
2009-11-02,8,627.2153683416316,0.0
2009-11-02,9,307.5931437014889,0.0
2009-11-02,10,233.86496336075834,0.0
2009-11-02,11,233.81819036808625,0.0
2009-11-03,7,-114.61364548566367,0.0
2009-11-03,8,-114.59072275656652,0.0
2009-11-03,9,32.95117814518675,0.0
2009-11-03,10,-25.989678045201888,0.0
2009-11-03,11,-25.984480109592855,0.0
2009-11-04,7,386.0487706249791,0.0
2009-11-04,8,385.97156087085403,0.0
2009-11-04,9,389.98827370681806,0.0
2009-11-04,10,-51.969242719347314,0.0
2009-11-04,11,-51.95884887080346,0.0
2009-11-05,7,615.2794939647122,0.0
2009-11-05,8,615.1564380659192,0.0
2009-11-05,9,439.4247539833176,0.0
2009-11-05,10,181.90414845062213,0.0
2009-11-05,11,181.86776762093206,0.0
2009-11-06,7,-24.126117456838536,0.0
2009-11-06,8,-24.121292233347166,0.0
2009-11-06,9,-27.47002439086518,0.0
2009-11-06,10,-155.91447040542025,0.0
2009-11-06,11,-155.8832875113392,0.0
2009-11-09,7,934.9805834912895,0.0
2009-11-09,8,934.7935873745911,0.0
2009-11-09,9,801.9430032992677,0.0
2009-11-09,10,285.83252051826975,0.0
2009-11-09,11,285.7753540141661,0.0
2009-11-10,7,-211.13184478660577,0.0
2009-11-10,8,-211.08961841764844,0.0
2009-11-10,9,-104.35710294078277,0.0
2009-11-10,10,-181.89234951772346,0.0
2009-11-10,11,-181.85597104781993,0.0
2009-11-10,11,0.0,25.09668181398517
2009-11-11,7,54.28290618578765,0.0
2009-11-11,8,54.272049604550496,0.0
2009-11-11,9,192.24683555097576,0.0
2009-11-11,10,-25.97619355046726,0.0
2009-11-12,7,-500.6521190054606,0.0
2009-11-12,8,-500.55198858165943,0.0
2009-11-12,9,-505.33458185732843,0.0
2009-11-12,10,-415.77079737322583,0.0
2009-11-13,7,452.4033164601829,0.0
2009-11-13,8,452.3128357968908,0.0
2009-11-13,9,378.9915969134531,0.0
2009-11-13,10,233.86327779891926,0.0
2009-11-16,7,585.1072595779771,0.0
2009-11-16,8,584.9902381260614,0.0
2009-11-16,9,565.7617616602853,0.0
2009-11-16,10,233.87002004628815,0.0
2009-11-16,12,0.0,26.06735710604862
2009-11-17,7,-78.41417219522047,0.0
2009-11-17,8,-78.39848936078143,0.0
2009-11-17,9,-82.39214137186978,0.0
2009-11-17,10,-285.8375772037964,0.0
2009-11-17,12,-296.52668651808335,0.0
2009-11-17,10,0.0,24.841850884133766
2009-11-18,7,-361.92436935234184,0.0
2009-11-18,8,-361.85198447847137,0.0
2009-11-18,9,-181.25464170779432,0.0
2009-11-18,12,-269.5686022743677,0.0
2009-11-18,12,0.0,25.50126181725617
2009-11-19,7,-573.0544979547495,0.0
2009-11-19,8,-572.9398870551586,0.0
2009-11-19,9,-422.9484177523663,0.0
2009-11-20,7,-42.21984745736839,0.0
2009-11-20,8,-42.21140348787691,0.0
2009-11-20,9,-93.37238068123591,0.0
2009-11-23,7,597.1840477799842,0.0
2009-11-23,8,597.0646109704282,0.0
2009-11-23,9,466.88431815709436,0.0
2009-11-23,13,0.0,25.635718587698335
2009-11-23,14,0.0,24.7024160543663
2009-11-24,7,-349.8716077291144,0.0
2009-11-24,8,-349.8016334075685,0.0
2009-11-24,9,-126.33551336023797,0.0
2009-11-24,13,-326.9182206285756,0.0
2009-11-24,14,-315.01632669643266,0.0
2009-11-25,7,90.48066329203914,0.0
2009-11-25,8,90.46256715938073,0.0
2009-11-25,9,263.6542546632987,0.0
2009-11-25,13,435.88801558114505,0.0
2009-11-25,14,420.01893089762956,0.0
2009-11-27,7,-1236.570781175356,0.0
2009-11-27,8,-1236.3234670191207,0.0
2009-11-27,9,-889.8297472760069,0.0
2009-11-27,13,-217.94489136765927,0.0
2009-11-27,14,-210.01031685809897,0.0
2009-11-30,7,355.89198189603314,0.0
2009-11-30,8,355.82080349965395,0.0
2009-11-30,9,214.21478575334532,0.0
2009-11-30,13,517.6171289497456,0.0
2009-11-30,14,498.7725868670956,0.0
2009-12-01,7,729.8708290558038,0.0
2009-12-01,8,729.7248548899926,0.0
2009-12-01,9,637.1721694060676,0.0
2009-12-01,13,899.020247054606,0.0
2009-12-01,14,866.2902156641267,0.0
2009-12-02,7,54.29663565937243,0.0
2009-12-02,8,54.285776332240545,0.0
2009-12-02,9,93.36042614742337,0.0
2009-12-02,13,-108.9715621067429,0.0
2009-12-02,14,-105.00430701976529,0.0
2009-12-03,7,-193.03125004928353,0.0
2009-12-03,8,-192.99264379927365,0.0
2009-12-03,9,-214.21329143661563,0.0
2009-12-03,13,381.39781664233993,0.0
2009-12-03,14,367.5125203413259,0.0
2009-12-04,7,392.10003610747003,0.0
2009-12-04,8,392.0216161002485,0.0
2009-12-04,9,208.7261604153864,0.0
2009-12-04,13,0.0,0.0
2009-12-04,14,0.0,0.0
2009-12-07,7,-416.22786974850663,0.0
2009-12-07,8,-416.1446241745569,0.0
2009-12-07,9,-197.7339665722022,0.0
2009-12-07,13,-217.93428844261848,0.0
2009-12-07,14,-210.00009994668864,0.0
2009-12-08,7,-597.1651697538052,0.0
2009-12-08,8,-597.0457367198544,0.0
2009-12-08,9,-422.9529007025471,0.0
2009-12-08,13,81.72027759773322,0.0
2009-12-08,14,78.74514187662412,0.0
2009-12-09,7,-42.22499600996267,0.0
2009-12-09,8,-42.21655101076068,0.0
2009-12-09,9,137.32471856997114,0.0
2009-12-09,13,81.730880522774,0.0
2009-12-09,14,78.75535878803446,0.0
2009-12-10,7,-30.17051820253389,0.0
2009-12-10,8,-30.164484098893382,0.0
2009-12-10,9,131.83758754873634,0.0
2009-12-10,13,-217.9431242134858,0.0
2009-12-10,14,-210.00861403953058,0.0
2009-12-11,7,30.17051820253389,0.0
2009-12-11,8,30.164484098893382,0.0
2009-12-11,9,82.39064705514565,0.0
2009-12-11,13,163.45822673720107,0.0
2009-12-11,14,157.50731193893213,0.0
2009-12-14,7,108.57610947676389,0.0
2009-12-14,8,108.55439425486853,0.0
2009-12-14,9,153.7831230002022,0.0
2009-12-14,13,27.244215892315825,0.0
2009-12-14,14,26.252353868867615,0.0
2009-12-15,7,-289.54601698182626,0.0
2009-12-15,8,-289.4881077784299,0.0
2009-12-15,9,-236.1737700553479,0.0
2009-12-15,13,-217.95019283017967,0.0
2009-12-15,14,-210.01542531380414,0.0
2009-12-16,7,-205.0960249619009,0.0
2009-12-16,8,-205.05500575690849,0.0
2009-12-16,9,131.8136784811085,0.0
2009-12-16,13,408.65263545969657,0.0
2009-12-16,14,393.77509112160385,0.0
2009-12-17,7,-711.7822476078683,0.0
2009-12-17,8,-711.6398911583466,0.0
2009-12-17,9,-653.6320681530284,0.0
2009-12-17,13,-381.4048852590338,0.0
2009-12-17,14,-367.51933161559947,0.0
2009-12-18,7,-156.83006057463905,0.0
2009-12-18,8,-156.7986945625241,0.0
2009-12-18,9,60.41223663569045,0.0
2009-12-18,13,-54.481363167937786,0.0
2009-12-18,14,-52.49789646346167,0.0
2009-12-21,7,61.85471086778877,0.0
2009-12-21,8,61.8423399256152,0.0
2009-12-21,9,-27.458069857049868,0.0
2009-12-21,13,-81.73618198529441,0.0
2009-12-21,14,-78.76046724373963,0.0
2009-12-22,7,-36.38825355223698,0.0
2009-12-22,8,-36.380975901526526,0.0
2009-12-22,9,223.14631683010919,0.0
2009-12-22,13,214.41411732907542,0.0
2009-12-22,14,206.60808535845587,0.0
2009-12-23,7,266.8409000410115,0.0
2009-12-23,8,266.7875318610033,0.0
2009-12-23,9,221.48613094650744,0.0
2009-12-23,13,82.46778381310907,0.0
2009-12-23,14,79.46543413105306,0.0
2009-12-24,7,376.0056606977224,0.0
2009-12-24,8,375.93045956558285,0.0
2009-12-24,9,227.03004600335663,0.0
2009-12-24,13,192.42011648612527,0.0
2009-12-24,14,185.41480545627476,0.0
2009-12-28,7,-121.29475056885276,0.0
2009-12-28,8,-121.27049161873899,0.0
2009-12-28,9,77.5087143083195,0.0
2009-12-28,13,-109.9470312104958,0.0
2009-12-28,14,-105.94426286951654,0.0
2009-12-29,7,-84.8979160956317,0.0
2009-12-29,8,-84.88093651241256,0.0
2009-12-29,9,-81.97074405488274,0.0
2009-12-29,13,109.9470312104958,0.0
2009-12-29,14,105.94426286951654,0.0
2009-12-30,7,-18.205281973406116,0.0
2009-12-30,8,-18.20164091701143,0.0
2009-12-30,9,99.69632906953991,0.0
2009-12-30,13,-302.37775062166185,0.0
2009-12-30,14,-291.3692852372016,0.0
2009-12-31,7,151.61457679662422,0.0
2009-12-31,8,151.58425388126489,0.0
2009-12-31,9,77.54009495958191,0.0
2009-12-31,13,-219.90643250020585,0.0
2009-12-31,14,-211.9004454690118,0.0
2009-12-31,7,0.0,25.628703653455617
2009-12-31,8,0.0,25.623577912724926
2010-01-04,9,670.1950747541462,0.0
2010-01-04,13,687.2303536731266,0.0
2010-01-04,14,662.2108158797299,0.0
2010-01-05,9,171.69998055590443,0.0
2010-01-05,13,164.92143039282712,0.0
2010-01-05,14,158.91724571355581,0.0
2010-01-06,9,49.85040600986033,0.0
2010-01-06,13,109.95056551884602,0.0
2010-01-06,14,105.94766850665648,0.0
2010-01-07,9,-138.46787086605778,0.0
2010-01-07,13,-247.38921420593948,0.0
2010-01-07,14,-238.38267984461206,0.0
2010-01-07,15,0.0,25.783427122057514
2010-01-07,16,0.0,25.366452283151638
2010-01-08,9,188.31528824246428,0.0
2010-01-08,13,329.8640666357424,0.0
2010-01-08,14,317.8549252499387,0.0
2010-01-08,15,76.40825330667978,0.0
2010-01-08,16,130.8185558961332,0.0
2010-01-08,9,0.0,23.927402896867694
2010-01-11,13,247.40335143932722,0.0
2010-01-11,14,238.39630239315917,0.0
2010-01-11,15,41.15045391510571,0.0
2010-01-11,16,-242.94942562392507,0.0
2010-01-12,13,192.4130478694314,0.0
2010-01-12,14,185.4079941820012,0.0
2010-01-12,15,-628.8591677319924,0.0
2010-01-12,16,-566.8827852421158,0.0
2010-01-13,13,164.9391019345651,0.0
2010-01-13,14,158.9342738992429,0.0
2010-01-13,15,-305.62303413353476,0.0
2010-01-13,16,-261.63948815113827,0.0
2010-01-14,13,412.33361760302495,0.0
2010-01-14,14,397.3220621995601,0.0
2010-01-14,15,-205.71069002060972,0.0
2010-01-14,16,-93.44080720057863,0.0
2010-01-15,13,-54.98146779902849,0.0
2010-01-15,14,-52.97979411831602,0.0
2010-01-15,15,-399.6410605407406,0.0
2010-01-15,16,-411.14573021561284,0.0
2010-01-19,13,-27.48278170573365,0.0
2010-01-19,14,-26.482234375600257,0.0
2010-01-19,15,775.7946620971985,0.0
2010-01-19,16,330.16179622134723,0.0
2010-01-20,13,-632.2506530282716,0.0
2010-01-20,14,-609.2327245799822,0.0
2010-01-20,15,-957.9946085827631,0.0
2010-01-20,16,-647.8667192363814,0.0
2010-01-21,13,137.4421829954437,0.0
2010-01-21,14,132.43841697509552,0.0
2010-01-21,15,-899.216086562975,0.0
2010-01-21,16,-404.9149172535845,0.0
2010-01-22,13,-302.3653805424476,0.0
2010-01-22,14,-291.3573655072229,0.0
2010-01-22,15,-317.3734163544667,0.0
2010-01-22,16,-560.6543486389593,0.0
2010-01-25,13,219.89936388351197,0.0
2010-01-25,14,211.89363419473824,0.0
2010-01-25,15,364.3865875135603,0.0
2010-01-25,16,292.7864238846645,0.0
2010-01-26,13,-302.3742163133149,0.0
2010-01-26,14,-291.36587960006483,0.0
2010-01-26,15,-670.0046321005076,0.0
2010-01-26,16,-193.1148037220575,0.0
2010-01-27,13,-164.93380047204468,0.0
2010-01-27,14,-158.92916544353773,0.0
2010-01-27,15,-129.29578398513934,0.0
2010-01-27,16,-261.6371117922664,0.0
2010-01-28,13,-274.8932017617547,0.0
2010-01-28,14,-264.885348043033,0.0
2010-01-28,15,105.78836681449413,0.0
2010-01-28,16,49.83462190186757,0.0
2010-01-29,13,-384.83846581807705,0.0
2010-01-29,14,-370.82790809398114,0.0
2010-01-29,15,-88.16029870980552,0.0
2010-01-29,16,-323.9333596181907,0.0
2010-01-29,16,0.0,22.201874184360836
2010-02-01,13,274.8843659908907,0.0
2010-02-01,14,264.8768339501942,0.0
2010-02-01,15,705.2757369496567,0.0
2010-02-02,13,522.2912517385582,0.0
2010-02-02,14,503.2765419804838,0.0
2010-02-02,15,164.5618992876978,0.0
2010-02-03,13,-274.8843659908874,0.0
2010-02-03,14,-264.87683395019104,0.0
2010-02-03,15,0.0,0.0
2010-02-04,13,-522.2912517385615,0.0
2010-02-04,14,-503.27654198048697,0.0
2010-02-04,15,-1069.662324463217,0.0
2010-02-05,13,-54.98146779902849,0.0
2010-02-05,14,-52.97979411831602,0.0
2010-02-05,15,-264.47424340062906,0.0
2010-02-08,13,-192.41658217777834,0.0
2010-02-08,14,-185.41139981913798,0.0
2010-02-08,15,-235.09579307501468,0.0
2010-02-09,13,164.9320333178712,0.0
2010-02-09,14,158.92746262496934,0.0
2010-02-09,15,758.1715835391037,0.0
2010-02-10,13,0.0,0.0
2010-02-10,14,0.0,0.0
2010-02-10,15,99.90735456634063,0.0
2010-02-11,13,137.4421829954437,0.0
2010-02-11,14,132.43841697509552,0.0
2010-02-11,15,617.1071223288699,0.0
2010-02-12,13,-164.9391019345618,0.0
2010-02-12,14,-158.9342738992397,0.0
2010-02-12,15,-452.53857031238454,0.0
2010-02-12,17,0.0,24.36978707680308
2010-02-12,18,0.0,21.667323616650766
2010-02-16,13,274.89673607009837,0.0
2010-02-16,14,264.8887536801666,0.0
2010-02-16,15,382.0229715292333,0.0
2010-02-16,17,927.4589801546681,0.0
2010-02-16,18,40.83026676456919,0.0
2010-02-17,13,0.0,0.0
2010-02-17,14,0.0,0.0
2010-02-17,15,82.27596009725828,0.0
2010-02-17,17,-127.92527140136866,0.0
2010-02-17,18,-247.42998687866663,0.0
2010-02-18,13,54.972632028161165,0.0
2010-02-18,14,52.97128002547407,0.0
2010-02-18,15,5.881012248153495,0.0
2010-02-18,17,223.8699874471533,0.0
2010-02-18,18,-86.5096489575538,0.0
2010-02-19,13,-439.8146321545851,0.0
2010-02-19,14,-423.802593756592,0.0
2010-02-19,15,-399.6576923627094,0.0
2010-02-19,17,143.9163115739181,0.0
2010-02-19,18,115.3258450338468,0.0
2010-02-22,13,329.8658337899159,0.0
2010-02-22,14,317.85662806850706,0.0
2010-02-22,15,76.40326376008916,0.0
2010-02-22,17,-111.93575621834263,0.0
2010-02-22,18,-88.88506023160865,0.0
2010-02-23,13,-109.95763413553658,0.0
2010-02-23,14,-105.95447978092687,0.0
2010-02-23,15,-299.73869552099063,0.0
2010-02-23,17,-527.6921257780099,0.0
2010-02-23,18,333.91729654524187,0.0
2010-02-23,13,0.0,27.049069056940045
2010-02-23,14,0.0,26.064311614360314
2010-02-24,15,393.78000647894964,0.0
2010-02-24,17,79.95367587323237,0.0
2010-02-24,18,52.845826738910596,0.0
2010-02-25,15,-193.95365507089338,0.0
2010-02-25,17,239.86102761970562,0.0
2010-02-25,18,122.52654315927327,0.0
2010-02-26,15,352.6378684748314,0.0
2010-02-26,17,479.7190052603587,0.0
2010-02-26,18,112.9012873196391,0.0
2010-03-01,15,587.7253456388555,0.0
2010-03-01,17,63.964160690209184,0.0
2010-03-01,18,-9.619298695373226,0.0
2010-03-01,19,0.0,24.938035373555586
2010-03-01,20,0.0,24.933047766480875
2010-03-02,15,182.19994648556766,0.0
2010-03-02,17,719.578507890538,0.0
2010-03-02,18,-28.92342467299016,0.0
2010-03-02,19,210.5592519624283,0.0
2010-03-02,20,210.51714011203586,0.0
2010-03-03,15,-70.53555696951067,0.0
2010-03-03,17,415.75789454920204,0.0
2010-03-03,18,-55.428248776033556,0.0
2010-03-03,19,218.33800652932592,0.0
2010-03-03,20,218.29433892802007,0.0
2010-03-04,15,-364.3849243313665,0.0
2010-03-04,17,-47.97007053860433,0.0
2010-03-04,18,115.69072011983015,0.0
2010-03-04,19,171.55720497867398,0.0
2010-03-04,20,171.52289353767827,0.0
2010-03-05,15,599.4773910419843,0.0
2010-03-05,17,351.7937338589929,0.0
2010-03-05,18,-289.21488601105347,0.0
2010-03-05,19,327.5080713052562,0.0
2010-03-05,20,327.4425696909952,0.0
2010-03-08,15,82.27596009725828,0.0
2010-03-08,17,-191.889432091575,0.0
2010-03-08,18,-113.27360883594864,0.0
2010-03-08,19,0.0,0.0
2010-03-08,20,0.0,0.0
2010-03-09,15,52.89750977164081,0.0
2010-03-09,17,47.97312051765689,0.0
2010-03-09,18,4.826776137436852,0.0
2010-03-09,19,-163.75722018643003,0.0
2010-03-09,20,-163.7244687423928,0.0
2010-03-10,15,58.77020610880993,0.0
2010-03-10,17,-415.75789454920204,0.0
2010-03-10,18,-55.41633448750888,0.0
2010-03-10,19,7.793615724640038,0.0
2010-03-10,20,7.7920570014951105,0.0
2010-03-11,15,-94.03133186477775,0.0
2010-03-11,17,239.85950263017935,0.0
2010-03-11,18,79.51894016732314,0.0
2010-03-11,19,148.17211175968063,0.0
2010-03-11,20,148.14247733732873,0.0
2010-03-12,15,-64.64955517476345,0.0
2010-03-12,17,-79.95215088370892,0.0
2010-03-12,18,134.95910323188136,0.0
2010-03-12,19,101.37432602875955,0.0
2010-03-12,20,101.35405116355382,0.0
2010-03-15,15,-287.986650117868,0.0
2010-03-15,17,-31.982080345104592,0.0
2010-03-15,18,-28.93087110331635,0.0
2010-03-15,19,-7.804230837313206,0.0
2010-03-15,20,-7.802669991145744,0.0
2010-03-16,15,123.42142446577334,0.0
2010-03-16,17,495.710045432911,0.0
2010-03-16,18,173.53459089368,0.0
2010-03-16,19,382.10796485096375,0.0
2010-03-16,20,382.03154325799363,0.0
2010-03-17,15,387.89899423079925,0.0
2010-03-17,17,47.97312051765689,0.0
2010-03-17,18,93.99629000750599,0.0
2010-03-17,19,148.15088153433825,0.0
2010-03-17,20,148.1212513580314,0.0
2010-03-18,15,-117.54706494641046,0.0
2010-03-18,17,0.0,0.0
2010-03-18,18,-72.30781703944277,0.0
2010-03-18,19,-187.1465594504887,0.0
2010-03-18,20,-187.10913013859863,0.0
2010-03-19,15,-199.82967777245312,0.0
2010-03-19,17,-687.599477524486,0.0
2010-03-19,18,21.689962254128453,0.0
2010-03-19,19,-286.81185233886424,0.0
2010-03-19,20,-286.7544899683965,0.0
2010-03-22,15,17.634720833476106,0.0
2010-03-22,17,-79.95215088370892,0.0
2010-03-22,18,24.09962710768378,0.0
2010-03-22,19,382.93594363947085,0.0
2010-03-22,20,382.859356450743,0.0
2010-03-23,15,76.40825330668288,0.0
2010-03-23,17,191.88638211252245,0.0
2010-03-23,18,-103.61261013074873,0.0
2010-03-23,19,343.8638369120736,0.0
2010-03-23,20,343.79506414469125,0.0
2010-03-24,15,-282.10730105191135,0.0
2010-03-24,17,-687.5964275454335,0.0
2010-03-24,18,-400.086276423773,0.0
2010-03-24,19,-78.14845949986375,0.0
2010-03-24,20,-78.13282980796377,0.0
2010-03-25,15,-434.9154917542835,0.0
2010-03-25,17,47.97007053860433,0.0
2010-03-25,18,-137.37621451576013,0.0
2010-03-25,19,-531.418016689212,0.0
2010-03-25,20,-531.3117330858742,0.0
2010-03-26,15,476.05264021181415,0.0
2010-03-26,17,463.73101506685896,0.0
2010-03-26,18,60.25353562740239,0.0
2010-03-26,19,195.373271772194,0.0
2010-03-26,20,195.33419711783958,0.0
2010-03-29,15,464.30392117308526,0.0
2010-03-29,17,687.599477524486,0.0
2010-03-29,18,-81.95094431185981,0.0
2010-03-29,19,281.3387002445787,0.0
2010-03-29,20,281.2824325045299,0.0
2010-03-30,15,376.13696973448606,0.0
2010-03-30,17,-143.9163115739181,0.0
2010-03-30,18,67.50189090691926,0.0
2010-03-30,19,39.07847579500114,0.0
2010-03-30,20,39.070660099842144,0.0
2010-03-31,15,-94.02467913599025,0.0
2010-03-31,17,303.82061334133596,0.0
2010-03-31,18,146.99700249720135,0.0
2010-03-31,19,-132.87148835258006,0.0
2010-03-31,20,-132.84491405490957,0.0
2010-04-01,15,687.63602656959,0.0
2010-04-01,17,639.6294069858816,0.0
2010-04-01,18,-52.73710885614821,0.0
2010-04-01,19,461.09077220693854,0.0
2010-04-01,20,460.9985540524972,0.0
2010-04-05,15,305.6197077691441,0.0
2010-04-05,17,335.80269368644053,0.0
2010-04-05,18,-358.00054150620804,0.0
2010-04-05,19,328.2405140797048,0.0
2010-04-05,20,328.1748659768889,0.0
2010-04-06,15,29.37845032561746,0.0
2010-04-06,17,-223.86846245762703,0.0
2010-04-06,18,33.85296154892844,0.0
2010-04-06,19,46.88058360978366,0.0
2010-04-06,20,46.87120749306171,0.0
2010-04-07,15,-164.55690974110718,0.0
2010-04-07,17,255.85054280273164,0.0
2010-04-07,18,270.93687813238563,0.0
2010-04-07,19,-171.92873392223882,0.0
2010-04-07,20,-171.89434817545438,0.0
2010-04-07,15,0.0,25.601248796940506
2010-04-08,17,-79.95520086276149,0.0
2010-04-08,18,9.6729129937218,0.0
2010-04-08,19,62.51664457735636,0.0
2010-04-08,20,62.504141248440895,0.0
2010-04-09,17,463.73101506685896,0.0
2010-04-09,18,50.82486554838243,0.0
2010-04-09,19,46.8890756999222,0.0
2010-04-09,20,46.87969788478222,0.0
2010-04-12,17,-335.80574366549314,0.0
2010-04-12,18,113.67124821536721,0.0
2010-04-12,19,-85.96755149492334,0.0
2010-04-12,20,-85.95035798462436,0.0
2010-04-13,17,63.964160690209184,0.0
2010-04-13,18,70.15877724730412,0.0
2010-04-13,19,-101.59087432728823,0.0
2010-04-13,20,-101.57055615242278,0.0
2010-04-13,21,0.0,26.626755575746902
2010-04-14,17,367.78477403154517,0.0
2010-04-14,18,-152.40013234188538,0.0
2010-04-14,19,203.20085585738818,0.0
2010-04-14,20,203.1602156862167,0.0
2010-04-14,21,199.69394344998284,0.0
2010-04-15,17,0.0,0.0
2010-04-15,18,24.18898427159807,0.0
2010-04-15,19,0.0,0.0
2010-04-15,20,0.0,0.0
2010-04-15,21,0.0,0.0
2010-04-16,17,-1055.3842515560311,0.0
2010-04-16,18,157.22541919325698,0.0
2010-04-16,19,-468.90986420199414,0.0
2010-04-16,20,-468.81608222915384,0.0
2010-04-16,21,-460.81725153170686,0.0
2010-04-19,17,-47.97312051765689,0.0
2010-04-19,18,-53.20772325276347,0.0
2010-04-19,19,7.823338040120954,0.0
2010-04-19,20,7.821773372512931,0.0
2010-04-19,21,7.688320098762079,0.0
2010-04-20,17,159.9073517464704,0.0
2010-04-20,18,77.41606824320964,0.0
2010-04-20,19,85.95693638225016,0.0
2010-04-20,20,85.93974499497374,0.0
2010-04-20,21,84.47346110145202,0.0
2010-04-21,17,463.73101506685896,0.0
2010-04-21,18,179.00027075310402,0.0
2010-04-21,19,-70.33361354987342,0.0
2010-04-21,20,-70.31954682716345,0.0
2010-04-21,21,-69.11977111316237,0.0
2010-04-21,19,0.0,26.852097292195364
2010-04-22,17,-207.8804722641273,0.0
2010-04-22,18,-65.31412967708441,0.0
2010-04-22,20,265.64100835742227,0.0
2010-04-22,21,261.10870340310646,0.0
2010-04-23,17,431.7489347217543,0.0
2010-04-23,18,-77.40415395468773,0.0
2010-04-23,20,242.23087578605885,0.0
2010-04-23,21,238.09798905594894,0.0
2010-04-26,17,31.982080345104592,0.0
2010-04-26,18,24.191962843728547,0.0
2010-04-26,20,117.19075432022517,0.0
2010-04-26,21,115.19127299130737,0.0
2010-04-27,17,-79.95520086276149,0.0
2010-04-27,18,307.22333311191323,0.0
2010-04-27,20,-1000.1023441398626,0.0
2010-04-27,21,-983.0388311032419,0.0
2010-04-27,22,0.0,26.41978838479394
2010-04-28,17,-207.87742228507474,0.0
2010-04-28,18,-188.69701232386961,0.0
2010-04-28,20,320.33823441885323,0.0
2010-04-28,21,314.8726981453279,0.0
2010-04-28,22,380.74889312763867,0.0
2010-04-28,20,0.0,26.792025401479624
2010-04-29,17,623.6353168342824,0.0
2010-04-29,18,91.91724666043352,0.0
2010-04-29,21,238.09798905595284,0.0
2010-04-29,22,612.4892627574446,0.0
2010-04-30,17,191.88943209156932,0.0
2010-04-30,18,253.99327056817117,0.0
2010-04-30,21,-468.48470780388186,0.0
2010-04-30,22,-662.1622448933068,0.0
2010-04-30,21,0.0,26.10451939149675
2010-05-03,17,255.85054280273164,0.0
2010-05-03,18,-29.14532829671064,0.0
2010-05-03,22,513.1589328503389,0.0
2010-05-04,17,-1327.225834531315,0.0
2010-05-04,18,400.54199795973585,0.0
2010-05-04,22,-744.9019082075822,0.0
2010-05-04,23,0.0,26.51773298994453
2010-05-04,24,0.0,26.512429443346548
2010-05-05,17,-767.5516284081949,0.0
2010-05-05,18,133.50556003220893,0.0
2010-05-05,22,-148.9928891332093,0.0
2010-05-05,23,-194.0871276348457,0.0
2010-05-05,24,-148.9552920315515,0.0
2010-05-06,17,335.80269368644053,0.0
2010-05-06,18,703.9572266028351,0.0
2010-05-06,22,-1109.0992206539488,0.0
2010-05-06,23,-865.323693429753,0.0
2010-05-06,24,-1108.8193487997273,0.0
2010-05-07,17,1087.3663319011357,0.0
2010-05-07,18,-293.72295493052934,0.0
2010-05-07,22,-281.4159574931005,0.0
2010-05-07,23,-283.0513256634963,0.0
2010-05-07,24,-281.34494454460645,0.0
2010-05-07,17,0.0,28.783213515118785
2010-05-10,18,-480.6179311154608,0.0
2010-05-10,22,1390.5151781470493,0.0
2010-05-10,23,1196.895153272704,0.0
2010-05-10,24,1390.1642933443338,0.0
2010-05-11,18,-58.27725301883414,0.0
2010-05-11,22,-99.32251272478439,0.0
2010-05-11,23,-331.5736568152933,0.0
2010-05-11,24,-99.29744952459042,0.0
2010-05-11,25,0.0,26.438720964967807
2010-05-12,18,-172.34614061361995,0.0
2010-05-12,22,297.9753553566745,0.0
2010-05-12,23,541.8436827234364,0.0
2010-05-12,24,297.9001637834925,0.0
2010-05-12,25,550.127806130193,0.0
2010-05-12,18,0.0,22.490182464130086
2010-05-13,22,-480.06619439755343,0.0
2010-05-13,23,-396.272295323369,0.0
2010-05-13,24,-479.9450537336047,0.0
2010-05-13,25,-402.3308112788149,0.0
2010-05-14,22,-678.7034026648203,0.0
2010-05-14,23,-638.8883450270345,0.0
2010-05-14,24,-678.5321375730837,0.0
2010-05-14,25,-648.6561619493256,0.0
2010-05-17,22,16.54636922639273,0.0
2010-05-17,23,0.0,0.0
2010-05-17,24,16.54219388937167,0.0
2010-05-17,25,0.0,0.0
2010-05-18,22,-728.3607504360542,0.0
2010-05-18,23,-436.70757128319985,0.0
2010-05-18,24,-728.1769547305207,0.0
2010-05-18,25,-443.3842928701184,0.0
2010-05-18,26,0.0,25.390648276127678
2010-05-19,22,33.10576708996674,0.0
2010-05-19,23,0.0,0.0
2010-05-19,24,33.09741312825768,0.0
2010-05-19,25,0.0,0.0
2010-05-19,26,-289.63158044971016,0.0
2010-05-20,22,-1142.199776289046,0.0
2010-05-20,23,-1140.2835699565944,0.0
2010-05-20,24,-1141.9115517881821,0.0
2010-05-20,25,-1157.7171031201415,0.0
2010-05-20,26,-1121.7295218341494,0.0
2010-05-21,22,827.6832631608482,0.0
2010-05-21,23,590.3594229582106,0.0
2010-05-21,24,827.4744042551209,0.0
2010-05-21,25,599.3852923557204,0.0
2010-05-21,26,418.34650933308285,0.0
2010-05-24,22,-695.2628005283991,0.0
2010-05-24,23,-420.5246730098983,0.0
2010-05-24,24,-695.0873568119746,0.0
2010-05-24,25,-426.95397798820903,0.0
2010-05-24,26,-556.2576230650523,0.0
2010-05-25,22,215.1992118582829,0.0
2010-05-25,23,404.3549565706506,0.0
2010-05-25,24,215.14490814827374,0.0
2010-05-25,25,410.5370464743816,0.0
2010-05-25,26,55.15751066486745,0.0
2010-05-26,22,-165.5392583596069,0.0
2010-05-26,23,-194.09152157953028,0.0
2010-05-26,24,-165.49748592092803,0.0
2010-05-26,25,-197.05894219960362,0.0
2010-05-26,26,-50.57147881086377,0.0
2010-05-27,22,1075.9960592914144,0.0
2010-05-27,23,962.3661587610047,0.0
2010-05-27,24,1075.7245407413686,0.0
2010-05-27,25,977.0795535570676,0.0
2010-05-27,26,1011.400932362829,0.0
2010-05-28,22,-546.2751228500595,0.0
2010-05-28,23,-444.78583858580095,0.0
2010-05-28,24,-546.1372749202259,0.0
2010-05-28,25,-451.5860669429953,0.0
2010-05-28,26,-468.91648057265996,0.0
2010-06-01,22,-513.1667500326506,0.0
2010-06-01,23,-800.6316458387041,0.0
2010-06-01,24,-513.0372567220595,0.0
2010-06-01,25,-812.8723188758905,0.0
2010-06-01,26,-1158.5157687998312,0.0
2010-06-02,22,744.933176936824,0.0
2010-06-02,23,744.0156685779182,0.0
2010-06-02,24,744.7451993189356,0.0
2010-06-02,25,755.3907529640288,0.0
2010-06-02,26,1006.8043475098132,0.0
2010-06-03,22,-132.44130845194698,0.0
2010-06-03,23,-299.218845130414,0.0
2010-06-03,24,-132.407888002377,0.0
2010-06-03,25,-303.79353321430693,0.0
2010-06-03,26,326.40425927381756,0.0
2010-06-04,22,-976.6787580214997,0.0
2010-06-04,23,-970.4532139529626,0.0
2010-06-04,24,-976.4323013565811,0.0
2010-06-04,25,-985.29024987532,0.0
2010-06-04,26,-864.2800656406774,0.0
2010-06-04,22,0.0,23.423550999459245
2010-06-04,25,0.0,23.901597958134474
2010-06-07,23,-420.54005181629435,0.0
2010-06-07,24,-463.38201928500234,0.0
2010-06-07,26,-206.88099252518433,0.0
2010-06-08,23,525.6717693118545,0.0
2010-06-08,24,479.93463345398936,0.0
2010-06-08,26,390.777553214011,0.0
2010-06-09,23,32.33943287849551,0.0
2010-06-09,24,-248.2449263464401,0.0
2010-06-09,26,-248.2638243438819,0.0
2010-06-09,27,0.0,23.863880920748006
2010-06-09,28,0.0,23.85910814456385
2010-06-10,23,849.145189101132,0.0
2010-06-10,24,761.2873932083073,0.0
2010-06-10,26,1186.104323345635,0.0
2010-06-10,27,855.7698743436376,0.0
2010-06-10,28,134.34233588036736,0.0
2010-06-11,23,274.9708613885611,0.0
2010-06-11,24,66.18440597690972,0.0
2010-06-11,26,151.70237586229808,0.0
2010-06-11,27,277.11607216163054,0.0
2010-06-11,28,-13.434489824729942,0.0
2010-06-14,23,-242.61824667601184,0.0
2010-06-14,24,-99.28963431488376,0.0
2010-06-14,26,-128.72397431109266,0.0
2010-06-14,27,-244.5110555135895,0.0
2010-06-14,28,13.434489824729942,0.0
2010-06-15,23,606.5423212315162,0.0
2010-06-15,24,562.6950992290206,0.0
2010-06-15,26,726.3599064809853,0.0
2010-06-15,27,611.2743176156339,0.0
2010-06-15,28,443.3279147483599,0.0
2010-06-16,23,-32.35481168489153,0.0
2010-06-16,24,16.550009099083184,0.0
2010-06-16,26,-18.377293984332372,0.0
2010-06-16,27,-32.607230760267605,0.0
2010-06-16,28,-147.7768257050973,0.0
2010-06-17,23,-137.47115037405158,0.0
2010-06-17,24,-33.10262326807021,0.0
2010-06-17,26,-27.58855454579839,0.0
2010-06-17,27,-138.54364435133863,0.0
2010-06-17,28,335.8545585174524,0.0
2010-06-18,23,142.95918728508974,0.0
2010-06-18,24,134.32782452150565,0.0
2010-06-18,26,157.9422134177658,0.0
2010-06-18,27,144.07449669323776,0.0
2010-06-18,28,564.2357608039973,0.0
2010-06-21,23,154.3307161287822,0.0
2010-06-21,24,-33.17296015547384,0.0
2010-06-21,26,-55.421335640035,0.0
2010-06-21,27,155.5347415778175,0.0
2010-06-21,28,-564.2357608039973,0.0
2010-06-22,23,-625.4604500709676,0.0
2010-06-22,24,-381.426520110257,0.0
2010-06-22,26,-748.1503418583061,0.0
2010-06-22,27,-630.3400379983775,0.0
2010-06-22,28,120.90784605563744,0.0
2010-06-23,23,48.742028386021815,0.0
2010-06-23,24,-116.09494026454307,0.0
2010-06-23,26,-189.35246117523627,0.0
2010-06-23,27,49.12229385803194,0.0
2010-06-23,28,-322.42006869272245,0.0
2010-06-24,23,-625.4692379603326,0.0
2010-06-24,24,-431.1885654133716,0.0
2010-06-24,26,-517.2371554525469,0.0
2010-06-24,27,-630.3488944472795,0.0
2010-06-24,28,107.47335623090748,0.0
2010-06-25,23,357.40565761593257,0.0
2010-06-25,24,646.7867557249132,0.0
2010-06-25,26,69.27440819311096,0.0
2010-06-25,27,360.19399112589764,0.0
2010-06-25,28,550.8012709792674,0.0
2010-06-28,23,-276.1769992044778,0.0
2010-06-28,24,-232.17425010966312,0.0
2010-06-28,26,-327.88921699116776,0.0
2010-06-28,27,-278.3316197740015,0.0
2010-06-28,28,-389.59251781637215,0.0
2010-06-29,23,-893.510848581318,0.0
2010-06-29,24,-862.4005764558777,0.0
2010-06-29,26,-789.711067088829,0.0
2010-06-29,27,-900.4816566464042,0.0
2010-06-29,28,-335.8545585174524,0.0
2010-06-30,23,-235.56596545726384,0.0
2010-06-30,24,-281.9258751331624,0.0
2010-06-30,26,-180.11104918803434,0.0
2010-06-30,27,-237.40375526639326,0.0
2010-06-30,28,107.47335623090748,0.0
2010-07-01,23,-129.96848982514248,0.0
2010-07-01,24,-215.5955852416377,0.0
2010-07-01,26,-83.13049588876865,0.0
2010-07-01,27,-130.98245109770977,0.0
2010-07-01,28,-1034.430092834885,0.0
2010-07-02,23,-129.9706867974766,0.0
2010-07-02,24,-265.3524204049446,0.0
2010-07-02,26,-55.416812926175034,0.0
2010-07-02,27,-130.98466520992807,0.0
2010-07-02,28,26.866417282527834,0.0
2010-07-06,23,24.362226303643798,0.0
2010-07-06,24,132.66578992285696,0.0
2010-07-06,26,221.6642365621268,0.0
2010-07-06,27,24.552290480111868,0.0
2010-07-06,28,-80.60437658144761,0.0
2010-07-07,23,909.7816257483111,0.0
2010-07-07,24,995.0715765185423,0.0
2010-07-07,26,812.8130894855402,0.0
2010-07-07,27,916.8793717961661,0.0
2010-07-07,28,335.8545585174524,0.0
2010-07-08,23,389.89668158604604,0.0
2010-07-08,24,182.42783522597156,0.0
2010-07-08,26,337.12459869322305,0.0
2010-07-08,27,392.93849684421076,0.0
2010-07-08,28,-53.73539693198772,0.0
2010-07-09,23,576.7162247125995,0.0
2010-07-09,24,331.6853153663731,0.0
2010-07-09,26,124.68820597671548,0.0
2010-07-09,27,581.2155300281148,0.0
2010-07-09,28,161.20875316289522,0.0
2010-07-12,23,-324.9102397011305,0.0
2010-07-12,24,33.17296015547384,0.0
2010-07-12,26,-64.64767191437038,0.0
2010-07-12,27,-327.4450571831273,0.0
2010-07-12,28,-147.77426333816527,0.0
2010-07-13,23,657.951474041077,0.0
2010-07-13,24,597.0247104217985,0.0
2010-07-13,26,290.9416598978167,0.0
2010-07-13,27,663.0845437166865,0.0
2010-07-13,28,268.6821093938027,0.0
2010-07-14,23,-81.23085538379708,0.0
2010-07-14,24,-182.42002001626005,0.0
2010-07-14,26,-27.718205676453586,0.0
2010-07-14,27,-81.86458546412265,0.0
2010-07-14,28,188.0777328123551,0.0
2010-07-15,23,-24.368817220670664,0.0
2010-07-15,24,-49.746414883691564,0.0
2010-07-15,26,-27.700114821008103,0.0
2010-07-15,27,-24.55893281679149,0.0
2010-07-15,28,-13.431927457797894,0.0
2010-07-16,23,-682.3202912617517,0.0
2010-07-16,24,-1028.2341163944009,0.0
2010-07-16,26,-581.8818122243412,0.0
2010-07-16,27,-687.643476533482,0.0
2010-07-16,28,-617.9737201029171,0.0
2010-07-19,23,24.371014193012954,0.0
2010-07-19,24,-16.594295287448432,0.0
2010-07-19,26,152.38379808386642,0.0
2010-07-19,27,24.56114692901803,0.0
2010-07-19,28,-295.55108904326255,0.0
2010-07-20,23,731.057925703093,0.0
2010-07-20,24,248.77636060682306,0.0
2010-07-20,26,549.5775746938866,0.0
2010-07-20,27,736.7613421670651,0.0
2010-07-20,28,80.60437658144761,0.0
2010-07-21,23,-81.2264614391125,0.0
2010-07-21,24,-381.44215052968,0.0
2010-07-21,26,-401.7903614630333,0.0
2010-07-21,27,-81.86015723966958,0.0
2010-07-21,28,-26.868979649459884,0.0
2010-07-22,23,536.1007970207008,0.0
2010-07-22,24,679.9466905308678,0.0
2010-07-22,26,535.710933999228,0.0
2010-07-22,27,540.2832372960536,0.0
2010-07-22,28,537.3667811545374,0.0
2010-07-23,23,560.4849930477676,0.0
2010-07-23,24,182.43304536577924,0.0
2010-07-23,26,110.83965613749388,0.0
2010-07-23,27,564.8576688984308,0.0
2010-07-23,28,13.434489824729942,0.0
2010-07-26,23,154.33511007346678,0.0
2010-07-26,24,331.6853153663731,0.0
2010-07-26,26,217.05709871010714,0.0
2010-07-26,27,155.53916980227058,0.0
2010-07-26,28,80.60693894837965,0.0
2010-07-27,23,-211.19934520893548,0.0
2010-07-27,24,66.35373552065919,0.0
2010-07-27,26,-120.06599241182926,0.0
2010-07-27,27,-212.8470365618283,0.0
2010-07-27,28,-644.8426997523769,0.0
2010-07-28,23,-81.22865841145479,0.0
2010-07-28,24,-215.60600552125308,0.0
2010-07-28,26,-55.422843211321656,0.0
2010-07-28,27,-81.86237135189612,0.0
2010-07-28,28,-188.0777328123551,0.0
2010-07-29,23,-24.37101419300886,0.0
2010-07-29,24,82.9193750391654,0.0
2010-07-29,26,36.9430343794967,0.0
2010-07-29,27,-24.56114692901391,0.0
2010-07-29,28,107.47335623090748,0.0
2010-07-30,23,162.46390773993235,0.0
2010-07-30,24,-16.578664868025403,0.0
2010-07-30,26,-50.806659931582054,0.0
2010-07-30,27,163.73138504046773,0.0
2010-07-30,28,456.76240457308984,0.0
2010-07-30,23,0.0,26.001341231806503
2010-07-30,24,0.0,24.39559653074602
2010-08-02,26,868.2434705532952,0.0
2010-08-02,27,704.0256928976539,0.0
2010-08-02,28,510.4978015050776,0.0
2010-08-03,26,-9.244427129772445,0.0
2010-08-03,27,-491.18308456027876,0.0
2010-08-03,28,80.60693894837965,0.0
2010-08-04,26,198.58030502085552,0.0
2010-08-04,27,245.5848999434618,0.0
2010-08-04,28,-120.90784605563744,0.0
2010-08-05,26,83.13049588876584,0.0
2010-08-05,27,57.30343853510463,0.0
2010-08-05,28,40.30090710725778,0.0
2010-08-05,29,0.0,25.649709483436403
2010-08-06,26,-309.4199611583522,0.0
2010-08-06,27,-122.78359352282475,0.0
2010-08-06,28,147.7768257050973,0.0
2010-08-06,29,279.7596264727046,0.0
2010-08-09,26,106.22045771518377,0.0
2010-08-09,27,163.7225285915657,0.0
2010-08-09,28,-147.7768257050973,0.0
2010-08-09,29,-95.8507605527912,0.0
2010-08-10,26,-212.43790028779424,0.0
2010-08-10,27,-286.52383501220277,0.0
2010-08-10,28,13.434489824729942,0.0
2010-08-10,29,54.40693027732164,0.0
2010-08-11,26,-762.0094446965314,0.0
2010-08-11,27,-892.3071543060195,0.0
2010-08-11,28,-591.1021780865251,0.0
2010-08-11,29,347.10762137062216,0.0
2010-08-12,26,-147.77816780313623,0.0
2010-08-12,27,163.731385040476,0.0
2010-08-12,28,214.94671246181497,0.0
2010-08-12,29,-64.74939386549188,0.0
2010-08-12,30,0.0,25.216253014032272
2010-08-13,26,-41.56675551566677,0.0
2010-08-13,27,-122.79466408395746,0.0
2010-08-13,28,67.16988675671766,0.0
2010-08-13,29,326.3660317853372,0.0
2010-08-13,30,-285.7548832897321,0.0
2010-08-13,26,0.0,24.63819381824597
2010-08-16,27,114.60687707020926,0.0
2010-08-16,28,349.28904834218235,0.0
2010-08-16,29,663.1516509932413,0.0
2010-08-16,30,200.03500796492932,0.0
2010-08-17,27,605.7833192938125,0.0
2010-08-17,28,161.21131552982726,0.0
2010-08-17,29,-155.43757938112003,0.0
2010-08-17,30,432.7198535829659,0.0
2010-08-18,27,98.23351715493942,0.0
2010-08-18,28,-134.34233588036736,0.0
2010-08-18,29,72.54047509535684,0.0
2010-08-18,30,77.56807565906793,0.0
2010-08-19,27,-605.781105181586,0.0
2010-08-19,28,-134.34233588036736,0.0
2010-08-19,29,422.2136444265204,0.0
2010-08-19,30,-702.1575705898076,0.0
2010-08-19,31,0.0,25.067307367532944
2010-08-20,27,-57.30343853510463,0.0
2010-08-20,28,-443.3279147483599,0.0
2010-08-20,29,-31.076183394435112,0.0
2010-08-20,30,24.494161715531746,0.0
2010-08-20,31,-16.221109491756696,0.0
2010-08-23,27,-286.5194067877497,0.0
2010-08-23,28,26.868979649459884,0.0
2010-08-23,29,5.184610418419229,0.0
2010-08-23,30,-338.82879723325743,0.0
2010-08-23,31,-226.995751222165,0.0
2010-08-24,27,-589.4099593785427,0.0
2010-08-24,28,510.4978015050776,0.0
2010-08-24,29,440.3739464932238,0.0
2010-08-24,30,-281.680921592785,0.0
2010-08-24,31,-421.56999286244957,0.0
2010-08-25,27,73.68344078704997,0.0
2010-08-25,28,738.8815661585545,0.0
2010-08-25,29,-90.68818551562815,0.0
2010-08-25,30,367.4046731894212,0.0
2010-08-25,31,251.31988476829443,0.0
2010-08-25,30,0.0,24.710052613438602
2010-08-26,27,-32.75336216721518,0.0
2010-08-26,28,67.16988675671766,0.0
2010-08-26,29,261.6386733011015,0.0
2010-08-26,31,-170.25010809415517,0.0
2010-08-26,32,0.0,24.66068187894622
2010-08-27,27,744.9447009563602,0.0
2010-08-27,28,147.7768257050973,0.0
2010-08-27,29,-795.2380220660226,0.0
2010-08-27,31,397.253390007824,0.0
2010-08-27,32,532.111728668914,0.0
2010-08-30,27,-384.74628160600946,0.0
2010-08-30,28,-94.04142877310959,0.0
2010-08-30,29,523.2553112209469,0.0
2010-08-30,31,-437.79486769995646,0.0
2010-08-30,32,-532.111728668914,0.0
2010-08-31,27,106.42794650536723,0.0
2010-08-31,28,403.0270076411021,0.0
2010-08-31,29,308.2529483927542,0.0
2010-08-31,31,32.43468829200603,0.0
2010-08-31,32,220.18684702907981,0.0
2010-09-01,27,761.3114185349505,0.0
2010-09-01,28,40.30090710725778,0.0
2010-09-01,29,-581.4476052069201,0.0
2010-09-01,31,843.1437510706459,0.0
2010-09-01,32,954.1314749309983,0.0
2010-09-02,27,311.0761254923105,0.0
2010-09-02,28,429.895987290562,0.0
2010-09-02,29,-290.9835053111222,0.0
2010-09-02,31,470.2144946089618,0.0
2010-09-02,32,256.87456711328895,0.0
2010-09-03,27,311.0827678289984,0.0
2010-09-03,28,188.0777328123551,0.0
2010-09-03,29,-337.7425843367441,0.0
2010-09-03,31,381.03981120756765,0.0
2010-09-03,32,550.4714408958299,0.0
2010-09-03,27,0.0,26.793605289468033
2010-09-03,28,0.0,26.08918220813038
2010-09-07,29,550.7806503215284,0.0
2010-09-07,31,-421.57564088107137,0.0
2010-09-07,32,-605.5188732069549,0.0
2010-09-08,29,-218.24156387285169,0.0
2010-09-08,31,186.4618042215294,0.0
2010-09-08,32,256.88897819039016,0.0
2010-09-09,29,-537.8018107616361,0.0
2010-09-09,31,24.32413354612943,0.0
2010-09-09,32,330.27594722048934,0.0
2010-09-10,29,-122.09489962890602,0.0
2010-09-10,31,218.88331380341683,0.0
2010-09-10,32,36.70213116131033,0.0
2010-09-10,33,0.0,26.45039275626021
2010-09-10,34,0.0,26.326734826258075
2010-09-13,29,129.89227668198703,0.0
2010-09-13,31,316.1854960065528,0.0
2010-09-13,32,568.8080953993839,0.0
2010-09-13,33,643.4135413642975,0.0
2010-09-13,34,202.6919388063908,0.0
2010-09-14,29,257.21270958021665,0.0
2010-09-14,31,24.329781564754697,0.0
2010-09-14,32,-238.5321481788945,0.0
2010-09-14,33,-116.22266430675582,0.0
2010-09-14,34,-109.14204196479514,0.0
2010-09-15,29,-400.10586120335205,0.0
2010-09-15,31,48.63508838213676,0.0
2010-09-15,32,91.73227017991391,0.0
2010-09-15,33,153.58072349653526,0.0
2010-09-15,34,-311.83398077118596,0.0
2010-09-16,29,-262.40518977765595,0.0
2010-09-16,31,0.0,0.0
2010-09-16,32,-73.38985124551947,0.0
2010-09-16,33,-174.33695262645492,0.0
2010-09-16,34,-397.5922658975837,0.0
2010-09-17,29,106.5363465062363,0.0
2010-09-17,31,69.12798262745629,0.0
2010-09-17,32,-141.60036138087128,0.0
2010-09-17,33,112.0702360142434,0.0
2010-09-17,34,-257.26295978878835,0.0
2010-09-20,29,153.27181619479796,0.0
2010-09-20,31,512.4014283939172,0.0
2010-09-20,32,514.913549256354,0.0
2010-09-20,33,751.3412029737659,0.0
2010-09-20,34,444.3657273695809,0.0
2010-09-20,34,0.0,25.897961244011697
2010-09-21,29,368.92264881424404,0.0
2010-09-21,31,-113.86405548528701,0.0
2010-09-21,32,-257.4538924127568,0.0
2010-09-21,33,-161.89543396929741,0.0
2010-09-22,29,241.63369503209472,0.0
2010-09-22,31,-178.9348780669334,0.0
2010-09-22,32,-441.359411731881,0.0
2010-09-22,33,-327.9255592331801,0.0
2010-09-23,29,77.9454393263379,0.0
2010-09-23,31,-138.25973060066977,0.0
2010-09-23,32,-514.9193136871945,0.0
2010-09-23,33,-330.83836844833587,0.0
2010-09-24,29,-366.33191756083846,0.0
2010-09-24,31,691.3268930964716,0.0
2010-09-24,32,698.8190685754782,0.0
2010-09-24,33,878.0661408309719,0.0
2010-09-24,35,0.0,25.84621706570198
2010-09-27,29,467.6443047535552,0.0
2010-09-27,31,-178.93676073980498,0.0
2010-09-27,32,-294.2540188983552,0.0
2010-09-27,33,-70.73514773367609,0.0
2010-09-27,35,-283.0666464084894,0.0
2010-09-28,29,187.06464730695973,0.0
2010-09-28,31,211.46181732981873,0.0
2010-09-28,32,55.171367574195244,0.0
2010-09-28,33,274.66135445779656,0.0
2010-09-28,35,53.073783173687765,0.0
2010-09-29,29,-114.31641004547316,0.0
2010-09-29,31,-195.1992890348101,0.0
2010-09-29,32,-202.27387819230083,0.0
2010-09-29,33,79.05379976153318,0.0
2010-09-29,35,-194.58353897865464,0.0
2010-09-30,29,-18.191781182783682,0.0
2010-09-30,31,-73.20020405627739,0.0
2010-09-30,32,-36.77995097765675,0.0
2010-09-30,33,-70.72923540103369,0.0
2010-09-30,35,-35.381597904055454,0.0
2010-10-01,29,-132.4672683773525,0.0
2010-10-01,31,32.53446995438566,0.0
2010-10-01,32,275.8481912247155,0.0
2010-10-01,33,149.80077216049406,0.0
2010-10-01,35,265.36059796281137,0.0
2010-10-04,29,70.39989520189899,0.0
2010-10-04,31,-56.92826239689333,0.0
2010-10-04,32,-183.8968726728635,0.0
2010-10-04,33,-382.85507103617294,0.0
2010-10-04,35,-176.9052168850681,0.0
2010-10-05,29,-164.28950682288985,0.0
2010-10-05,31,569.3278081179353,0.0
2010-10-05,32,606.864867808206,0.0
2010-10-05,33,790.6798935987493,0.0
2010-10-05,35,583.7922064641012,0.0
2010-10-06,29,341.6145156146164,0.0
2010-10-06,31,-187.07179023306122,0.0
2010-10-06,32,-18.39429881195873,0.0
2010-10-06,33,-95.72263625800683,0.0
2010-10-06,35,-17.694957904841463,0.0
2010-10-06,29,0.0,27.52741987015441
2010-10-07,31,130.13411447178896,0.0
2010-10-07,32,-110.33697071755002,0.0
2010-10-07,33,-83.22199427442533,0.0
2010-10-07,35,-106.1420210769572,0.0
2010-10-08,31,284.66578673184625,0.0
2010-10-08,32,73.56278417073374,0.0
2010-10-08,33,362.03971857982924,0.0
2010-10-08,35,70.76596844332008,0.0
2010-10-08,36,0.0,27.46297593030322
2010-10-11,31,8.131264147502556,0.0
2010-10-11,32,-36.78859762391746,0.0
2010-10-11,33,24.963839193761146,0.0
2010-10-11,35,-35.389915809682925,0.0
2010-10-11,36,-37.37343297818576,0.0
2010-10-12,31,65.05952654439588,0.0
2010-10-12,32,312.6310244177871,0.0
2010-10-12,33,74.92107924449543,0.0
2010-10-12,35,300.7449685020708,0.0
2010-10-12,36,317.6009794508588,0.0
2010-10-13,31,40.67138212051348,0.0
2010-10-13,32,18.397181027384338,0.0
2010-10-13,33,441.121109227027,0.0
2010-10-13,35,17.697730540055787,0.0
2010-10-13,36,18.689644523646923,0.0
2010-10-14,31,-32.5288219357604,0.0
2010-10-14,32,-478.130716063277,0.0
2010-10-14,33,-20.815352456347338,0.0
2010-10-14,35,-459.95245484709346,0.0
2010-10-14,36,-485.7316512653742,0.0
2010-10-15,31,203.31925714506565,0.0
2010-10-15,32,-459.75659275926,0.0
2010-10-15,33,-99.87703532806304,0.0
2010-10-15,35,-442.2769053887161,0.0
2010-10-15,36,-467.06543101812144,0.0
2010-10-18,31,40.67891281201383,0.0
2010-10-18,32,588.4763334270878,0.0
2010-10-18,33,245.52537919604836,0.0
2010-10-18,35,566.1027938296781,0.0
2010-10-18,36,597.8314539580914,0.0
2010-10-18,35,0.0,25.952361859414143
2010-10-19,31,-512.3863670109164,0.0
2010-10-19,32,-367.793745345727,0.0
2010-10-19,33,-574.2826065542594,0.0
2010-10-19,36,-373.6406326763028,0.0
2010-10-20,31,357.8415160407405,0.0
2010-10-20,32,257.4538924127568,0.0
2010-10-20,33,295.4648822488555,0.0
2010-10-20,36,261.5466860526828,0.0
2010-10-21,31,162.66481908042795,0.0
2010-10-21,32,0.0,0.0
2010-10-21,33,-141.48803246527936,0.0
2010-10-21,36,0.0,0.0
2010-10-22,31,154.535437605804,0.0
2010-10-22,32,-18.379887734857544,0.0
2010-10-22,33,187.25934100519063,0.0
2010-10-22,36,-18.672076316349937,0.0
2010-10-22,37,0.0,25.909953088516954
2010-10-25,31,178.94240875843025,0.0
2010-10-25,32,-91.95996519811271,0.0
2010-10-25,33,174.79811457256582,0.0
2010-10-25,36,-93.42187030727005,0.0
2010-10-25,37,-88.74255564743326,0.0
2010-10-26,31,121.99531963278956,0.0
2010-10-26,32,36.77995097765675,0.0
2010-10-26,33,-20.819294011438597,0.0
2010-10-26,36,37.364648874539995,0.0
2010-10-26,37,35.49312833375841,0.0
2010-10-26,37,0.0,25.85670366120328
2010-10-27,31,-178.93111272118324,0.0
2010-10-27,32,18.39429881195873,0.0
2010-10-27,33,-74.90531302411937,0.0
2010-10-27,36,18.68671648909288,0.0
2010-10-28,31,130.1303491260423,0.0
2010-10-28,32,0.0,0.0
2010-10-28,33,-178.93477664469114,0.0
2010-10-28,36,0.0,0.0
2010-10-29,31,-8.138794839002905,0.0
2010-10-29,32,-36.79436205475794,0.0
2010-10-29,33,91.53867552473496,0.0
2010-10-29,36,-37.37928904728294,0.0
2010-10-29,31,0.0,28.677695961377957
2010-10-29,38,0.0,27.5424232833596
2010-10-29,39,0.0,26.88301649981587
2010-11-01,32,0.0,0.0
2010-11-01,33,-199.75407065613342,0.0
2010-11-01,36,0.0,0.0
2010-11-01,38,0.0,0.0
2010-11-01,39,0.0,0.0
2010-11-02,32,73.58007746325517,0.0
2010-11-02,33,603.4225233711026,0.0
2010-11-02,36,74.74979399092011,0.0
2010-11-02,38,75.68689783313947,0.0
2010-11-02,39,73.87484036299279,0.0
2010-11-03,32,257.44524576649604,0.0
2010-11-03,33,116.52419327151823,0.0
2010-11-03,36,261.537901949037,0.0
2010-11-03,38,264.8166825277795,0.0
2010-11-03,39,258.47657530272403,0.0
2010-11-03,38,0.0,27.88292686372052
2010-11-04,32,901.116004491141,0.0
2010-11-04,33,753.2154124214068,0.0
2010-11-04,36,915.4412175126014,0.0
2010-11-04,39,904.7258887919074,0.0
2010-11-04,33,0.0,30.52849514434746
2010-11-05,32,643.6390543550277,0.0
2010-11-05,36,653.8711071835353,0.0
2010-11-05,39,646.2174821113834,0.0
2010-11-05,40,0.0,28.975573276611318
2010-11-05,41,0.0,28.969778161955997
2010-11-08,32,-220.67394143510003,0.0
2010-11-08,36,-224.1820371781428,0.0
2010-11-08,39,-221.55796457174898,0.0
2010-11-08,40,-223.1696992204923,0.0
2010-11-08,41,-92.33606391535767,0.0
2010-11-09,32,-533.3136124991586,0.0
2010-11-09,36,-541.7918007326583,0.0
2010-11-09,39,-535.4500748719837,0.0
2010-11-09,40,-539.3452335949459,0.0
2010-11-09,41,-369.33545000971264,0.0
2010-11-10,32,312.6281422023669,0.0
2010-11-10,36,317.5980514163102,0.0
2010-11-10,39,313.8805352537492,0.0
2010-11-10,40,316.1638751247054,0.0
2010-11-10,41,761.7563836068844,0.0
2010-11-11,32,-275.8510734401304,0.0
2010-11-11,36,-280.23633057631884,0.0
2010-11-11,39,-276.95613699953685,0.0
2010-11-11,40,-278.9708684629129,0.0
2010-11-11,41,-153.89050464169011,0.0
2010-11-12,32,-459.75082832842486,0.0
2010-11-12,36,-467.0595749490297,0.0
2010-11-12,39,-461.5925970787029,0.0
2010-11-12,40,-464.95047583405784,0.0
2010-11-12,41,-1054.1451136871324,0.0
2010-11-15,32,128.73703396035995,0.0
2010-11-15,36,130.78359114727238,0.0
2010-11-15,39,129.25275645946613,0.0
2010-11-15,40,130.1930121908905,0.0
2010-11-15,41,23.082548370219744,0.0
2010-11-16,32,-459.7594749746856,0.0
2010-11-16,36,-467.0683590526755,0.0
2010-11-16,39,-461.6012783635589,0.0
2010-11-16,40,-464.9592202713608,0.0
2010-11-16,41,-807.9214803473238,0.0
2010-11-17,32,-183.8882260266028,0.0
2010-11-17,36,-186.81153223450562,0.0
2010-11-17,39,-184.6248850326806,0.0
2010-11-17,40,-185.96794812139686,0.0
2010-11-17,41,-554.0046426231886,0.0
2010-11-18,32,367.80239199198775,0.0
2010-11-18,36,373.6494167799486,0.0
2010-11-18,39,369.2758139199292,0.0
2010-11-18,40,371.9621295547025,0.0
2010-11-18,41,592.4765349793013,0.0
2010-11-19,32,0.0,0.0
2010-11-19,36,0.0,0.0
2010-11-19,39,0.0,0.0
2010-11-19,40,0.0,0.0
2010-11-19,41,-215.44494536802253,0.0
2010-11-22,32,-404.5823429696445,0.0
2010-11-22,36,-411.01406565448855,0.0
2010-11-22,39,-406.2031059357603,0.0
2010-11-22,40,-409.1580510289293,0.0
2010-11-22,41,-130.80795627147035,0.0
2010-11-22,32,0.0,26.92288088241344
2010-11-23,36,-429.69785410903285,0.0
2010-11-23,39,-424.6681988244851,0.0
2010-11-23,40,-427.7574691722599,0.0
2010-11-23,41,-76.94378471222538,0.0
2010-11-24,36,411.01992172358575,0.0
2010-11-24,39,406.2088934589976,0.0
2010-11-24,40,409.16388065379795,0.0
2010-11-24,41,869.4788562908956,0.0
2010-11-26,36,-392.33027719994425,0.0
2010-11-26,39,-387.7380130470354,0.0
2010-11-26,40,-390.5586328855988,0.0
2010-11-26,41,-84.63992431379152,0.0
2010-11-29,36,224.17910914359422,0.0
2010-11-29,39,221.5550708101303,0.0
2010-11-29,40,223.166784408058,0.0
2010-11-29,41,623.2522877338479,0.0
2010-11-29,42,0.0,27.218453344240825
2010-11-30,36,-149.45859549815998,0.0
2010-11-30,39,-147.7091680633242,0.0
2010-11-30,40,-148.7836858969073,0.0
2010-11-30,41,-569.3910513918422,0.0
2010-11-30,42,-149.75792693545688,0.0
2010-12-01,36,541.7947287672014,0.0
2010-12-01,39,535.4529686335969,0.0
2010-12-01,40,539.3481484073747,0.0
2010-12-01,41,892.5614046611154,0.0
2010-12-01,42,542.8798198878641,0.0
2010-12-02,36,709.9312566508086,0.0
2010-12-02,39,701.6214420624087,0.0
2010-12-02,40,706.7254228227439,0.0
2010-12-02,41,438.5860303376112,0.0
2010-12-02,42,711.3530868421533,0.0
2010-12-03,36,93.41601423817288,0.0
2010-12-03,39,92.32257068200563,0.0
2010-12-03,40,92.99417590421852,0.0
2010-12-03,41,415.50348196739145,0.0
2010-12-03,42,93.60310518276029,0.0
2010-12-06,36,-37.37928904728294,0.0
2010-12-06,39,-36.9417608239244,0.0
2010-12-06,40,-37.21049553639837,0.0
2010-12-06,41,-69.25058032789858,0.0
2010-12-06,42,-37.45415122753002,0.0
2010-12-07,36,37.37928904728294,0.0
2010-12-07,39,36.9417608239244,0.0
2010-12-07,40,37.21049553639837,0.0
2010-12-07,41,-323.17035326927316,0.0
2010-12-07,42,37.45415122753002,0.0
2010-12-08,36,467.05371887993255,0.0
2010-12-08,39,461.58680955546555,0.0
2010-12-08,40,464.9446462091892,0.0
2010-12-08,41,123.11181666990421,0.0
2010-12-08,42,467.98912082520843,0.0
2010-12-09,36,354.94806011810726,0.0
2010-12-09,39,350.79335846148695,0.0
2010-12-09,40,353.3452225367607,0.0
2010-12-09,41,-15.389343985892944,0.0
2010-12-09,42,355.65894002867225,0.0
2010-12-10,36,261.5701103290715,0.0
2010-12-10,39,258.5084066805294,0.0
2010-12-10,40,260.3889391941936,0.0
2010-12-10,41,-215.44494536802253,0.0
2010-12-10,42,262.09397552944847,0.0
2010-12-13,36,-18.686716489098334,0.0
2010-12-13,39,-18.46798665034892,0.0
2010-12-13,40,-18.602332955770304,0.0
2010-12-13,41,176.97305301190985,0.0
2010-12-13,42,-18.724141715037316,0.0
2010-12-14,36,-261.5583981908717,0.0
2010-12-14,39,-258.49683163404933,0.0
2010-12-14,40,-260.37727994445095,0.0
2010-12-14,41,7.696139601566146,0.0
2010-12-14,42,-262.08223993451037,0.0
2010-12-15,36,-242.87168170178427,0.0
2010-12-15,39,-240.02884498371117,0.0
2010-12-15,40,-241.77494698869148,0.0
2010-12-15,41,69.25058032789858,0.0
2010-12-15,42,-243.358098219484,0.0
2010-12-16,36,37.361720839991406,0.0
2010-12-16,39,36.924398254212385,0.0
2010-12-16,40,37.19300666179251,0.0
2010-12-16,41,-169.27984862758305,0.0
2010-12-16,42,37.43654783513106,0.0
2010-12-17,36,161.24979062532657,0.0
2010-12-17,39,159.362346101703,0.0
2010-12-17,40,160.52163556987267,0.0
2010-12-17,41,30.77868797178589,0.0
2010-12-17,42,161.57273713389517,0.0
2010-12-20,36,18.762845387356187,0.0
2010-12-20,39,18.543224452428916,0.0
2010-12-20,40,18.67811807905693,0.0
2010-12-20,41,184.66625739623663,0.0
2010-12-20,42,18.800423082094028,0.0
2010-12-21,36,506.2396052436892,0.0
2010-12-21,39,500.3140212981031,0.0
2010-12-21,40,503.9535810175513,0.0
2010-12-21,41,184.66919261347599,0.0
2010-12-21,42,507.2534875710932,0.0
2010-12-22,36,337.5086863467186,0.0
2010-12-22,39,333.55811426070164,0.0
2010-12-22,40,335.98459967801716,0.0
2010-12-22,41,269.30618171002817,0.0
2010-12-22,42,338.1846391739723,0.0
2010-12-23,36,-224.99895881719905,0.0
2010-12-23,39,-222.36532406335755,0.0
2010-12-23,40,-223.98293188966474,0.0
2010-12-23,41,261.61297732570137,0.0
2010-12-23,42,-225.44958035227083,0.0
2010-12-27,36,262.5012253155282,0.0
2010-12-27,39,259.4286228752714,0.0
2010-12-27,40,261.31584954830953,0.0
2010-12-27,41,-207.75174098369573,0.0
2010-12-27,42,263.0269553265991,0.0
2010-12-28,36,0.0,0.0
2010-12-28,39,0.0,0.0
2010-12-28,40,0.0,0.0
2010-12-28,41,153.89050464169011,0.0
2010-12-28,42,0.0,0.0
2010-12-29,36,-56.276824023874205,0.0
2010-12-29,39,-55.61809831081207,0.0
2010-12-29,40,-56.022694987433546,0.0
2010-12-29,41,-69.25058032789858,0.0
2010-12-29,42,-56.389533651349446,0.0
2010-12-30,36,-93.72638590032872,0.0
2010-12-30,39,-92.62930941358991,0.0
2010-12-30,40,-93.30314602226078,0.0
2010-12-30,41,-538.6152986372957,0.0
2010-12-30,42,-93.91409844848079,0.0
2010-12-31,36,37.4934823946779,0.0
2010-12-31,39,37.05461752705248,0.0
2010-12-31,40,37.32417322133645,0.0
2010-12-31,41,677.1164592930928,0.0
2010-12-31,42,37.56857327812329,0.0
2011-01-03,36,656.2545273060811,0.0
2011-01-03,39,648.5730040689743,0.0
2011-01-03,40,653.2910812769775,0.0
2011-01-03,41,38.47189235611269,0.0
2011-01-03,42,657.5688552658506,0.0
2011-01-04,36,-37.4934823946779,0.0
2011-01-04,39,-37.05461752705248,0.0
2011-01-04,40,-37.32417322133645,0.0
2011-01-04,41,-746.3641044037521,0.0
2011-01-04,42,-37.56857327812329,0.0
2011-01-05,36,356.23639531949175,0.0
2011-01-05,39,352.06661357370655,0.0
2011-01-05,40,354.62774000786237,0.0
2011-01-05,41,338.5567620379268,0.0
2011-01-05,42,356.9498554712684,0.0
2011-01-05,36,0.0,30.881301079949413
2011-01-06,39,-203.82499337254728,0.0
2011-01-06,40,-205.30772862304212,0.0
2011-01-06,41,-646.337771321307,0.0
2011-01-06,42,-206.65209116890998,0.0
2011-01-06,41,0.0,28.992860710326216
2011-01-07,39,-259.4228353520287,0.0
2011-01-07,40,-261.3100199234355,0.0
2011-01-07,42,-263.02108752912727,0.0
2011-01-10,39,-74.1237038621983,0.0
2011-01-10,40,-74.66292050484445,0.0
2011-01-10,42,-75.15181604991238,0.0
2011-01-11,39,111.17253386601342,0.0
2011-01-11,40,111.98126410131228,0.0
2011-01-11,42,112.71452153056936,0.0
2011-01-11,43,0.0,30.14630219466415
2011-01-11,44,0.0,29.60823090072581
2011-01-12,39,500.33138386781513,0.0
2011-01-12,40,503.9710698921572,0.0
2011-01-12,42,507.27109096349216,0.0
2011-01-12,43,85.2909349319742,0.0
2011-01-12,44,601.6265131147019,0.0
2011-01-13,39,-92.64377822167786,0.0
2011-01-13,40,-93.3177200844269,0.0
2011-01-13,42,-93.92876794214114,0.0
2011-01-13,43,-263.62518170175923,0.0
2011-01-13,44,-87.87248427079014,0.0
2011-01-14,39,481.7794781305302,0.0
2011-01-14,40,485.2842073757973,0.0
2011-01-14,42,488.46186618519863,0.0
2011-01-14,43,209.34671218668578,0.0
2011-01-14,44,-6.757393098495535,0.0
2011-01-18,39,-185.2991314898304,0.0
2011-01-18,40,-186.64709941859104,0.0
2011-01-18,42,-187.86927147921492,0.0
2011-01-18,43,-147.31882355932999,0.0
2011-01-18,44,-223.07874579075752,0.0
2011-01-19,39,-685.6363028808829,0.0
2011-01-19,40,-690.6239989356168,0.0
2011-01-19,42,-695.1462302401734,0.0
2011-01-19,43,-147.31882355932999,0.0
2011-01-19,44,81.1282781674687,0.0
2011-01-20,39,148.2358326779219,0.0
2011-01-20,40,149.31418175995165,0.0
2011-01-20,42,150.29189650489212,0.0
2011-01-20,43,-752.107744988986,0.0
2011-01-20,44,-493.4818495484251,0.0
2011-01-21,39,240.92012356226113,0.0
2011-01-21,40,242.6727092184589,0.0
2011-01-21,42,244.2617390292975,0.0
2011-01-21,43,-46.52313481568256,0.0
2011-01-21,44,-256.8826659913162,0.0
2011-01-24,39,-37.07487385838316,0.0
2011-01-24,40,-37.34457690837662,0.0
2011-01-24,42,-37.58911056925542,0.0
2011-01-24,43,-449.71180537738087,0.0
2011-01-24,44,-108.1521989920905,0.0
2011-01-25,39,-55.586266933012105,0.0
2011-01-25,40,-55.99063205066157,0.0
2011-01-25,42,-56.35726076529014,0.0
2011-01-25,43,-511.742651798291,0.0
2011-01-25,44,-162.23018234459272,0.0
2011-01-26,39,-18.543224452423527,0.0
2011-01-26,40,-18.6781180790515,0.0
2011-01-26,42,-18.800423082088564,0.0
2011-01-26,43,449.71180537738087,0.0
2011-01-26,44,175.75250396739756,0.0
2011-01-27,39,259.43730416012204,0.0
2011-01-27,40,261.32459398560707,0.0
2011-01-27,42,263.0357570227931,0.0
2011-01-27,43,-705.5846101733035,0.0
2011-01-27,44,33.800152487655275,0.0
2011-01-27,39,0.0,30.64955398524474
2011-01-28,40,-541.298157925928,0.0
2011-01-28,42,-544.8425981403486,0.0
2011-01-28,43,1271.605731486668,0.0
2011-01-28,44,-750.3494446881173,0.0
2011-01-31,40,279.9735639403209,0.0
2011-01-31,42,281.8068411175555,0.0
2011-01-31,43,798.6279220111144,0.0
2011-01-31,44,351.5106595041484,0.0
2011-02-01,40,634.627537260092,0.0
2011-02-01,42,638.7831016774223,0.0
2011-02-01,43,-418.69933996048013,0.0
2011-02-01,44,196.05105725322883,0.0
2011-02-02,40,-242.6464759065501,0.0
2011-02-02,42,-244.23533394069906,0.0
2011-02-02,43,85.2909349319742,0.0
2011-02-02,44,-33.81333948282586,0.0
2011-02-02,45,0.0,30.271456919309124
2011-02-03,40,18.669373641754,0.0
2011-02-03,42,18.791621385894548,0.0
2011-02-03,43,-69.7832233267467,0.0
2011-02-03,44,-74.35204650443875,0.0
2011-02-03,45,355.07807363144167,0.0
2011-02-03,40,0.0,31.021841560995185
2011-02-04,42,-18.791621385894548,0.0
2011-02-04,43,-581.5258751250376,0.0
2011-02-04,44,128.4375652827512,0.0
2011-02-04,45,209.82730324469844,0.0
2011-02-07,42,450.90209460327486,0.0
2011-02-07,43,-527.2503634035185,0.0
2011-02-07,44,-270.3993360447607,0.0
2011-02-07,45,161.4227607274436,0.0
2011-02-08,42,225.4495803522763,0.0
2011-02-08,43,-15.50771160522752,0.0
2011-02-08,44,74.37276892543011,0.0
2011-02-08,45,371.22592112942283,0.0
2011-02-09,42,-225.4495803522763,0.0
2011-02-09,43,-108.55102344303835,0.0
2011-02-09,44,-730.0734976797238,0.0
2011-02-09,45,209.8050175437271,0.0
2011-02-09,43,0.0,28.300925922751833
2011-02-09,46,0.0,30.17399763474801
2011-02-09,47,0.0,29.347102036874702
2011-02-10,42,0.0,0.0
2011-02-10,44,-87.88190355305734,0.0
2011-02-10,45,40.359404465356704,0.0
2011-02-10,46,-68.59351586329669,0.0
2011-02-10,47,9.09679799430549,0.0
2011-02-11,42,432.1192749135798,0.0
2011-02-11,44,209.56207573731302,0.0
2011-02-11,45,322.812092903425,0.0
2011-02-11,46,720.2526531746851,0.0
2011-02-11,47,63.6030035169553,0.0
2011-02-14,42,18.782819689695064,0.0
2011-02-14,44,162.23771777040298,0.0
2011-02-14,45,-129.1196371644759,0.0
2011-02-14,46,312.97606066010223,0.0
2011-02-14,47,99.94273393942436,0.0
2011-02-15,42,-37.5803088730614,0.0
2011-02-15,44,-81.11697502874804,0.0
2011-02-15,45,40.344547331373505,0.0
2011-02-15,46,38.59242646380633,0.0
2011-02-15,47,-63.609783739062856,0.0
2011-02-16,42,169.10698908065197,0.0
2011-02-16,44,344.749498692746,0.0
2011-02-16,45,258.235560045456,0.0
2011-02-16,46,493.0368312679962,0.0
2011-02-16,47,154.4579797582176,0.0
2011-02-17,42,-37.58324277178363,0.0
2011-02-17,44,236.59164813129516,0.0
2011-02-17,45,8.089709453851178,0.0
2011-02-17,46,171.4885750297963,0.0
2011-02-17,47,127.19470666373134,0.0
2011-02-18,42,75.1430143537129,0.0
2011-02-18,44,47.32059025400316,0.0
2011-02-18,45,169.471613062841,0.0
2011-02-18,46,235.79439798019263,0.0
2011-02-18,47,72.69980151126079,0.0
2011-02-22,42,-995.7358910474239,0.0
2011-02-22,44,-1034.261683073412,0.0
2011-02-22,45,-774.7475372548217,0.0
2011-02-22,46,-968.9165103889849,0.0
2011-02-22,47,-454.2884416505265,0.0
2011-02-23,42,-131.51494461266338,0.0
2011-02-23,44,27.037107819795906,0.0
2011-02-23,45,-460.0010109625252,0.0
2011-02-23,46,274.38044394859287,0.0
2011-02-23,47,-281.6707670142357,0.0
2011-02-24,42,-75.15181604991238,0.0
2011-02-24,44,-54.07421563959181,0.0
2011-02-24,45,185.62688912782065,0.0
2011-02-24,46,257.2392430401006,0.0
2011-02-24,47,99.95403430960361,0.0
2011-02-24,45,0.0,31.239887626594154
2011-02-24,48,0.0,30.18433584876927
2011-02-25,42,432.1104732173748,0.0
2011-02-25,44,459.67039392205265,0.0
2011-02-25,46,38.586045968394295,0.0
2011-02-25,47,181.7167327046321,0.0
2011-02-25,48,36.81052568707082,0.0
2011-02-25,42,0.0,31.506780559767748
2011-02-25,46,0.0,31.678834286029392
2011-02-28,44,412.35168752450295,0.0
2011-02-28,47,327.0869547646876,0.0
2011-02-28,48,155.41985244001683,0.0
2011-03-01,44,-189.27482559019887,0.0
2011-03-01,47,-236.22745837535362,0.0
2011-03-01,48,-466.2656442196924,0.0
2011-03-02,44,263.63440752045136,0.0
2011-03-02,47,90.85271616722642,0.0
2011-03-02,48,494.8923333154048,0.0
2011-03-03,44,513.7464934180979,0.0
2011-03-03,47,608.7577217789234,0.0
2011-03-03,48,462.17524764891937,0.0
2011-03-03,49,0.0,30.88287059020885
2011-03-03,50,0.0,30.876694016090806
2011-03-04,44,81.12639431101525,0.0
2011-03-04,47,-45.43652841677034,0.0
2011-03-04,48,98.1634307987626,0.0
2011-03-04,49,-364.4944787840284,0.0
2011-03-04,50,-282.05625278099114,0.0
2011-03-07,44,-229.8417904586134,0.0
2011-03-07,47,-227.1329204550882,0.0
2011-03-07,48,-376.2830065624701,0.0
2011-03-07,49,-281.6489732746124,0.0
2011-03-07,50,-524.9246930841393,0.0
2011-03-08,44,703.0307382905676,0.0
2011-03-08,47,163.52313671601692,0.0
2011-03-08,48,20.45198285383663,0.0
2011-03-08,49,472.18435069933764,0.0
2011-03-08,50,344.71596429537726,0.0
2011-03-08,50,0.0,30.41442903452105
2011-03-09,44,196.0359864015978,0.0
2011-03-09,47,45.42748812063956,0.0
2011-03-09,48,-147.24210274830597,0.0
2011-03-09,49,-66.26922944399395,0.0
2011-03-10,44,-534.033743565212,0.0
2011-03-10,47,-472.4571768247473,0.0
2011-03-10,48,-793.4638919329545,0.0
2011-03-10,49,-621.2990856527555,0.0
2011-03-10,51,0.0,30.296050911181176
2011-03-11,44,-74.36146578670595,0.0
2011-03-11,47,99.95177423556777,0.0
2011-03-11,48,245.39640319757456,0.0
2011-03-11,49,356.20106504283257,0.0
2011-03-11,51,446.0104060136878,0.0
2011-03-14,44,27.03899167624935,0.0
2011-03-14,47,-145.3747422081272,0.0
2011-03-14,48,347.65023056709884,0.0
2011-03-14,49,-256.81515828569667,0.0
2011-03-14,51,-113.53724852792814,0.0
2011-03-15,44,-513.7446095616444,0.0
2011-03-15,47,-345.2624701610118,0.0
2011-03-15,48,-314.92705800096024,0.0
2011-03-15,49,-281.6405321410336,0.0
2011-03-15,51,0.0,0.0
2011-03-16,44,-716.5511760569154,0.0
2011-03-16,47,-508.8082076173914,0.0
2011-03-16,48,-593.0588075639912,0.0
2011-03-16,49,-555.0361870589456,0.0
2011-03-16,51,-616.3002873434965,0.0
2011-03-17,44,155.48220852836087,0.0
2011-03-17,47,336.1792326109214,0.0
2011-03-17,48,65.44330168244777,0.0
2011-03-17,49,455.62495690107323,0.0
2011-03-17,51,535.2107814604661,0.0
2011-03-17,48,0.0,29.419498645932023
2011-03-17,52,0.0,29.891062081590245
2011-03-18,44,-202.79337950009682,0.0
2011-03-18,47,132.3454153914387,0.0
2011-03-18,49,188.8703638263051,0.0
2011-03-18,51,149.71420012838763,0.0
2011-03-18,52,396.4126784790047,0.0
2011-03-21,44,723.3029175860541,0.0
2011-03-21,47,246.42491242511917,0.0
2011-03-21,49,657.3152923502292,0.0
2011-03-21,51,528.8333863855012,0.0
2011-03-21,52,701.3661042693416,0.0
2011-03-22,44,54.07986720894512,0.0
2011-03-22,47,-18.238797469328023,0.0
2011-03-22,49,-241.29191363423354,0.0
2011-03-22,51,-73.22597093268816,0.0
2011-03-22,52,-163.9100179728101,0.0
2011-03-23,44,243.35469279915452,0.0
2011-03-23,47,-18.261398209686547,0.0
2011-03-23,49,99.839617686998,0.0
2011-03-23,51,455.6138120376464,0.0
2011-03-23,52,95.28323276021534,0.0
2011-03-24,44,297.42514072583594,0.0
2011-03-24,47,346.8400018380367,0.0
2011-03-24,49,316.1858713123924,0.0
2011-03-24,51,138.32188254712813,0.0
2011-03-24,52,213.52112784841407,0.0
2011-03-25,44,27.046527102063116,0.0
2011-03-25,47,82.14239083305168,0.0
2011-03-25,49,108.15413426214484,0.0
2011-03-25,51,170.85917737963433,0.0
2011-03-25,52,271.19350398386877,0.0
2011-03-28,44,-229.83425503279963,0.0
2011-03-28,47,-9.132959178879126,0.0
2011-03-28,49,-24.95621142580876,0.0
2011-03-28,51,-146.46473503502727,0.0
2011-03-28,52,-68.75976196320308,0.0
2011-03-29,44,263.6287559510911,0.0
2011-03-29,47,173.41096062287494,0.0
2011-03-29,49,249.60854049277117,0.0
2011-03-29,51,333.59042763597154,0.0
2011-03-29,52,294.11582061575825,0.0
2011-03-30,44,459.67039392205265,0.0
2011-03-30,47,219.05767592498373,0.0
2011-03-30,49,124.81482166335911,0.0
2011-03-30,51,333.57123788148317,0.0
2011-03-30,52,408.70224601157696,0.0
2011-03-31,44,344.7532664056529,0.0
2011-03-31,47,18.247837765471434,0.0
2011-03-31,49,124.80638052978028,0.0
2011-03-31,51,122.04257415615925,0.0
2011-03-31,52,110.76244532427116,0.0
2011-04-01,44,392.0813920854698,0.0
2011-04-01,47,155.17442322757856,0.0
2011-04-01,49,257.9314982014968,0.0
2011-04-01,51,122.03404537638664,0.0
2011-04-01,52,141.3291281330231,0.0
2011-04-04,44,581.3467983934015,0.0
2011-04-04,47,182.5371395796507,0.0
2011-04-04,49,41.61478854362834,0.0
2011-04-04,51,211.54358908992202,0.0
2011-04-04,52,72.5873360009833,0.0
2011-04-05,44,-236.5935319877486,0.0
2011-04-05,47,-136.90624479578443,0.0
2011-04-05,49,-116.5045256550017,0.0
2011-04-05,51,390.5264292029711,0.0
2011-04-05,52,175.69822721592666,0.0
2011-04-06,44,47.322474110456604,0.0
2011-04-06,47,63.88325269739677,0.0
2011-04-06,49,33.27916913453443,0.0
2011-04-06,51,-276.6352363144836,0.0
2011-04-06,52,72.55139633865673,0.0
2011-04-07,44,-54.0874026347659,0.0
2011-04-07,47,-54.75255359255771,0.0
2011-04-07,49,-149.76681252237847,0.0
2011-04-07,51,-65.09164722455365,0.0
2011-04-07,52,-194.78937584380324,0.0
2011-04-08,44,20.283482434207254,0.0
2011-04-08,47,-18.265918357762462,0.0
2011-04-08,49,-274.56475191857993,0.0
2011-04-08,51,-235.92737045981727,0.0
2011-04-08,52,-339.94607801460654,0.0
2011-04-08,44,0.0,31.108927906245587
2011-04-11,47,173.42452106709425,0.0
2011-04-11,49,-24.954101142414054,0.0
2011-04-11,51,-366.1213258836483,0.0
2011-04-11,52,-286.47145443889576,0.0
2011-04-12,47,-36.52053634533724,0.0
2011-04-12,49,-232.98583819266162,0.0
2011-04-12,51,-439.3494290112756,0.0
2011-04-12,52,-416.3538001209048,0.0
2011-04-13,47,-27.369496574171297,0.0
2011-04-13,49,-91.50399827790407,0.0
2011-04-13,51,-187.12782479588344,0.0
2011-04-13,52,42.04581095585996,0.0
2011-04-14,47,164.278001444,0.0
2011-04-14,49,0.0,0.0
2011-04-14,51,97.63320644694618,0.0
2011-04-14,52,145.12795044094204,0.0
2011-04-14,53,0.0,31.54886309193892
2011-04-15,47,273.8260500357882,0.0
2011-04-15,49,108.16257539572366,0.0
2011-04-15,51,211.54145689498284,0.0
2011-04-15,52,336.14366174045495,0.0
2011-04-15,53,251.5555633816875,0.0
2011-04-18,47,-346.83096154189326,0.0
2011-04-18,49,-440.9985826923568,0.0
2011-04-18,51,-447.4858849143453,0.0
2011-04-18,52,-527.1198394114085,0.0
2011-04-18,53,-614.4826089129633,0.0
2011-04-19,47,255.55335145592662,0.0
2011-04-19,49,266.2502353434331,0.0
2011-04-19,51,561.3856065826054,0.0
2011-04-19,52,7.640772210629821,0.0
2011-04-19,53,424.7809966556862,0.0
2011-04-20,47,301.20232683207126,0.0
2011-04-20,49,499.2339632527,0.0
2011-04-20,51,423.07438501019305,0.0
2011-04-20,52,641.699076874762,0.0
2011-04-20,53,573.2415268946585,0.0
2011-04-20,47,0.0,31.169347750279584
2011-04-21,49,91.53565252882862,0.0
2011-04-21,51,349.8484140775089,0.0
2011-04-21,52,236.81362300226726,0.0
2011-04-21,53,230.95190055923803,0.0
2011-04-21,54,0.0,32.2698241020217
2011-04-25,49,-91.53565252882862,0.0
2011-04-25,51,-252.23439738504314,0.0
2011-04-25,52,-42.00987129353339,0.0
2011-04-25,53,-177.3406420682949,0.0
2011-04-25,54,-40.09370299917844,0.0
2011-04-26,49,599.0672500895139,0.0
2011-04-26,51,366.1383834431895,0.0
2011-04-26,52,320.8477414542647,0.0
2011-04-26,53,272.1899138163241,0.0
2011-04-26,54,200.44354033078332,0.0
2011-04-27,49,141.45018566383692,0.0
2011-04-27,51,105.771794544963,0.0
2011-04-27,52,194.79656377626856,0.0
2011-04-27,53,-387.6551234316776,0.0
2011-04-27,54,200.4310529982289,0.0
2011-04-28,49,108.16468567911444,0.0
2011-04-28,51,-8.147116877785466,0.0
2011-04-28,52,148.9627124111876,0.0
2011-04-28,53,-433.0298268115909,0.0
2011-04-28,54,260.5731684135717,0.0
2011-04-29,49,133.12089710493106,0.0
2011-04-29,51,130.1726334743995,0.0
2011-04-29,52,118.42118736606426,0.0
2011-04-29,53,362.92090800883835,0.0
2011-04-29,54,-60.1514809147528,0.0
2011-05-02,49,-49.91242285161752,0.0
2011-05-02,51,-235.9401636294762,0.0
2011-05-02,52,-385.8086811095488,0.0
2011-05-02,53,-387.6581921928963,0.0
2011-05-02,54,-140.2795720834819,0.0
2011-05-03,49,-133.12933823850597,0.0
2011-05-03,51,-301.0232820742612,0.0
2011-05-03,52,-412.50825625196126,0.0
2011-05-03,53,-639.2321681418961,0.0
2011-05-03,54,140.2795720834819,0.0
2011-05-04,49,-465.9400221344026,0.0
2011-05-04,51,-577.660650583688,0.0
2011-05-04,52,-416.3502061546721,0.0
2011-05-04,53,-762.9554141968105,0.0
2011-05-04,54,-280.60597166403716,0.0
2011-05-05,49,-149.78158450614143,0.0
2011-05-05,51,-382.4006342746172,0.0
2011-05-05,52,-145.12795044094204,0.0
2011-05-05,53,-218.5633115192874,0.0
2011-05-05,54,-420.91051841262214,0.0
2011-05-06,49,274.5879650359217,0.0
2011-05-06,51,260.3516635336245,0.0
2011-05-06,52,168.05745500529684,0.0
2011-05-06,53,482.51360146336293,0.0
2011-05-06,54,160.3529591647493,0.0
2011-05-09,49,133.10823540455888,0.0
2011-05-09,51,463.75666452554555,0.0
2011-05-09,52,370.51635478959116,0.0
2011-05-09,53,115.47134713779094,0.0
2011-05-09,54,-80.16867499952522,0.0
2011-05-10,49,291.2169981862154,0.0
2011-05-10,51,276.63523631447964,0.0
2011-05-10,52,492.71480066617846,0.0
2011-05-10,53,284.5570215277437,0.0
2011-05-10,54,300.65126224705125,0.0
2011-05-11,49,-432.6439707327105,0.0
2011-05-11,51,-870.5581377295913,0.0
2011-05-11,52,-603.5024037540782,0.0
2011-05-11,53,-800.0690123759442,0.0
2011-05-11,54,-440.94332166308175,0.0
2011-05-12,49,66.54989713549003,0.0
2011-05-12,51,-32.543691417335666,0.0
2011-05-12,52,282.65466229981354,0.0
2011-05-12,53,24.7464904677141,0.0
2011-05-12,54,0.0,0.0
2011-05-12,52,0.0,32.348370004794496
2011-05-13,49,-382.74843014825063,0.0
2011-05-13,51,-406.7993410091105,0.0
2011-05-13,53,-630.9741317023353,0.0
2011-05-13,54,-461.01670874434916,0.0
2011-05-13,55,0.0,31.279348628503584
2011-05-16,49,-116.4686508372956,0.0
2011-05-16,51,-113.9082504480327,0.0
2011-05-16,53,-8.242692633467271,0.0
2011-05-16,54,-40.081215666618185,0.0
2011-05-16,55,-39.6639780962047,0.0
2011-05-17,49,-424.3378952911386,0.0
2011-05-17,51,-366.11919368870514,0.0
2011-05-17,53,486.6349477800966,0.0
2011-05-17,54,240.5185123311243,0.0
2011-05-17,55,238.01476193195458,0.0
2011-05-18,49,416.01704786581155,0.0
2011-05-18,51,691.5667688367776,0.0
2011-05-18,53,4.115208794296207,0.0
2011-05-18,54,140.30454674858498,0.0
2011-05-18,55,138.84400401729002,0.0
2011-05-19,49,199.67712509060522,0.0
2011-05-19,51,-8.142852487903133,0.0
2011-05-19,53,-346.4109726521541,0.0
2011-05-19,54,0.0,0.0
2011-05-19,55,0.0,0.0
2011-05-20,49,-332.8127941792953,0.0
2011-05-20,51,-317.30472266016926,0.0
2011-05-20,53,8.242692633467271,0.0
2011-05-20,54,-440.949565329359,0.0
2011-05-20,55,-436.35936709677065,0.0
2011-05-23,49,-440.9732592916203,0.0
2011-05-23,51,-325.44117856324294,0.0
2011-05-23,53,-408.2649237765645,0.0
2011-05-23,54,-440.95580899563623,0.0
2011-05-23,55,-436.36554576771016,0.0
2011-05-24,49,-158.08977023110413,0.0
2011-05-24,51,154.59479435326355,0.0
2011-05-24,53,507.24474812498346,0.0
2011-05-24,54,-40.09058116603402,0.0
2011-05-24,55,-39.67324610261397,0.0
2011-05-25,49,257.9272776347074,0.0
2011-05-25,51,439.3430324264501,0.0
2011-05-25,53,-41.23494449586736,0.0
2011-05-25,54,20.04841241615271,0.0
2011-05-25,55,19.83971238677387,0.0
2011-05-26,49,124.80638052978028,0.0
2011-05-26,51,73.22170654279391,0.0
2011-05-26,53,552.6194515048968,0.0
2011-05-26,54,160.3529591647435,0.0
2011-05-26,55,158.68371640406966,0.0
2011-05-27,49,149.777363939352,0.0
2011-05-27,51,341.6991650047803,0.0
2011-05-27,53,383.52763959250655,0.0
2011-05-27,54,220.47322174811018,0.0
2011-05-27,55,218.17813888065047,0.0
2011-05-31,49,282.90248161107246,0.0
2011-05-31,51,325.45183953796266,0.0
2011-05-31,53,362.9147704864009,0.0
2011-05-31,54,320.69343099693253,0.0
2011-05-31,55,317.35507546626025,0.0
2011-05-31,49,0.0,31.309753487274012
2011-06-01,51,-1008.8693593020076,0.0
2011-06-01,53,-647.468723252926,0.0
2011-06-01,54,-1062.3005022396142,0.0
2011-06-01,55,-1051.2421629843848,0.0
2011-06-02,51,48.820867613365344,0.0
2011-06-02,53,412.4016138993917,0.0
2011-06-02,54,20.04216874987549,0.0
2011-06-02,55,19.833533715834353,0.0
2011-06-03,51,-398.66928169087424,0.0
2011-06-03,53,103.10117066515261,0.0
2011-06-03,54,-200.44978399706056,0.0
2011-06-03,55,-198.3631411776289,0.0
2011-06-06,51,-309.17466334193296,0.0
2011-06-06,53,-746.4485476013449,0.0
2011-06-06,54,-581.2416247453896,0.0
2011-06-06,55,-575.1910137721817,0.0
2011-06-06,56,0.0,30.558526823253118
2011-06-07,51,113.912514837919,0.0
2011-06-07,53,90.72485667007685,0.0
2011-06-07,54,-60.120262583366696,0.0
2011-06-07,55,-59.49442247658081,0.0
2011-06-07,56,31.747624980633695,0.0
2011-06-07,51,0.0,30.786639116871353
2011-06-08,53,-123.72017729369564,0.0
2011-06-08,54,-280.6215808297244,0.0
2011-06-08,55,-277.7003653764591,0.0
2011-06-08,56,-238.0562280851209,0.0
2011-06-09,53,160.83070671161065,0.0
2011-06-09,54,340.7418434130911,0.0
2011-06-09,55,337.1947878530399,0.0
2011-06-09,56,253.92640062760688,0.0
2011-06-10,53,-507.2478168862022,0.0
2011-06-10,54,-200.4341748313733,0.0
2011-06-10,55,-198.34769450028585,0.0
2011-06-10,56,-563.4129649452348,0.0
2011-06-13,53,-107.22251698188624,0.0
2011-06-13,54,300.65126224705125,0.0
2011-06-13,55,297.52154175042017,0.0
2011-06-13,56,-39.66815146055671,0.0
2011-06-13,57,0.0,30.400498826633285
2011-06-14,53,317.55541091258124,0.0
2011-06-14,54,160.3529591647493,0.0
2011-06-14,55,158.6837164040754,0.0
2011-06-14,56,531.6653399646044,0.0
2011-06-14,57,380.15953468957883,0.0
2011-06-15,53,-507.2662294535145,0.0
2011-06-15,54,-661.4415180763009,0.0
2011-06-15,55,-654.5560419902397,0.0
2011-06-15,56,-468.17009000333707,0.0
2011-06-15,57,-576.3655588423555,0.0
2011-06-16,53,-362.9086329639635,0.0
2011-06-16,54,160.3529591647435,0.0
2011-06-16,55,158.68371640406966,0.0
2011-06-16,56,-71.43579615425666,0.0
2011-06-16,57,-73.5779737396067,0.0
2011-06-17,53,131.97207621081336,0.0
2011-06-17,54,267.52861264639654,0.0
2011-06-17,55,264.7436924163039,0.0
2011-06-17,56,225.3600900511321,0.0
2011-06-17,57,-27.089318484595275,0.0
2011-06-20,53,148.4543927165406,0.0
2011-06-20,54,-20.117092745213778,0.0
2011-06-20,55,-19.90767776712003,0.0
2011-06-20,56,246.87582167925933,0.0
2011-06-20,57,110.81292237424722,0.0
2011-06-21,53,197.95351117440052,0.0
2011-06-21,54,422.4152419854267,0.0
2011-06-21,55,418.0179824128232,0.0
2011-06-21,56,621.1188778815459,0.0
2011-06-21,57,541.7463474822406,0.0
2011-06-22,53,43.55185921599684,0.0
2011-06-22,54,-181.01637270920835,0.0
2011-06-22,55,-179.1320278783914,0.0
2011-06-22,56,-238.90069598187702,0.0
2011-06-22,57,-221.631562207018,0.0
2011-06-23,53,-389.4165923712198,0.0
2011-06-23,54,-301.7376601792878,0.0
2011-06-23,55,-298.5966304938956,0.0
2011-06-23,56,111.50616185011839,0.0
2011-06-23,57,209.3018629009754,0.0
2011-06-24,53,-104.68772021522803,0.0
2011-06-24,54,-181.04134737431724,0.0
2011-06-24,55,-179.15674256214947,0.0
2011-06-24,56,-302.62162270865684,0.0
2011-06-24,57,-529.416648176198,0.0
2011-06-27,53,360.1099227324959,0.0
2011-06-27,54,301.72205101359475,0.0
2011-06-27,55,298.5811838165468,0.0
2011-06-27,56,374.27763570667963,0.0
2011-06-27,57,406.3083312470496,0.0
2011-06-28,53,770.4585353765675,0.0
2011-06-28,54,140.82589288273297,0.0
2011-06-28,55,139.35992304073946,0.0
2011-06-28,56,589.2857141268873,0.0
2011-06-28,57,381.6775199275875,0.0
2011-06-29,53,242.87403789394403,0.0
2011-06-29,54,623.5611947723975,0.0
2011-06-29,55,617.070045400208,0.0
2011-06-29,56,143.33022573519983,0.0
2011-06-29,57,246.23664496312406,0.0
2011-06-30,53,209.3631653855812,0.0
2011-06-30,54,120.70255647124779,0.0
2011-06-30,55,119.44606660268566,0.0
2011-06-30,56,254.8327476374874,0.0
2011-06-30,57,394.0015017751012,0.0
2011-07-01,53,339.18097122086266,0.0
2011-07-01,54,563.2255257024608,0.0
2011-07-01,55,557.3624587762081,0.0
2011-07-01,56,645.0424349997774,0.0
2011-07-01,57,517.1241123505586,0.0
2011-07-05,53,-113.06543834231874,0.0
2011-07-05,54,-281.6080801015138,0.0
2011-07-05,55,-278.6765953848908,0.0
2011-07-05,56,143.3120259960456,0.0
2011-07-05,57,49.247328992625874,0.0
2011-07-06,53,-272.17763877144927,0.0
2011-07-06,54,-160.9273764622537,0.0
2011-07-06,55,-159.2521541305107,0.0
2011-07-06,56,-119.4339682256997,0.0
2011-07-06,57,147.75056316565764,0.0
2011-07-07,53,108.87044175633595,0.0
2011-07-07,54,502.87736929998135,0.0
2011-07-07,55,497.6425148103408,0.0
2011-07-07,56,453.8978545585922,0.0
2011-07-07,57,393.98720812879765,0.0
2011-07-08,53,-565.2780915320943,0.0
2011-07-08,54,-402.3137584059118,0.0
2011-07-08,55,-398.1257513230577,0.0
2011-07-08,56,-199.08330666025904,0.0
2011-07-08,57,-160.06311009613486,0.0
2011-07-11,53,-879.3412521777783,0.0
2011-07-11,54,-844.8367276371306,0.0
2011-07-11,55,-836.0421434965859,0.0
2011-07-11,56,-637.0600294067334,0.0
2011-07-11,57,-541.7463474822459,0.0
2011-07-11,55,0.0,29.938558498616214
2011-07-12,53,-251.23641221494117,0.0
2011-07-12,54,-120.68070363927751,0.0
2011-07-12,56,-159.25499749514853,0.0
2011-07-12,57,-283.17142702527804,0.0
2011-07-12,58,0.0,31.04218940174415
2011-07-13,53,494.0981750640104,0.0
2011-07-13,54,20.10772724579213,0.0
2011-07-13,56,167.21556340120745,0.0
2011-07-13,57,73.87528158283148,0.0
2011-07-13,58,20.714558759389003,0.0
2011-07-13,53,0.0,29.574992913404664
2011-07-14,54,-221.27553286473318,0.0
2011-07-14,56,-246.8576219401051,0.0
2011-07-14,57,-270.8703150118585,0.0
2011-07-14,58,-227.95341171642485,0.0
2011-07-15,54,-60.33879090306945,0.0
2011-07-15,56,15.932051655610374,0.0
2011-07-15,57,344.73987913616645,0.0
2011-07-15,58,-62.15975651319215,0.0
2011-07-18,54,-402.30751473963454,0.0
2011-07-18,56,-310.5603489277307,0.0
2011-07-18,57,-110.81006364498543,0.0
2011-07-18,58,-414.44876149102646,0.0
2011-07-19,54,362.0764510823514,0.0
2011-07-19,56,613.1455721580791,0.0
2011-07-19,57,763.3693335014733,0.0
2011-07-19,58,373.00356373721735,0.0
2011-07-19,59,0.0,30.525503720522387
2011-07-20,54,341.9687238365709,0.0
2011-07-20,56,-167.20828350554575,0.0
2011-07-20,57,-98.5003754437753,0.0
2011-07-20,58,352.2890049778403,0.0
2011-07-20,59,349.9293351498337,0.0
2011-07-20,54,0.0,30.173041752640625
2011-07-21,56,374.2667158631871,0.0
2011-07-21,57,147.73912824861586,0.0
2011-07-21,58,745.9942632864265,0.0
2011-07-21,59,740.9975130896564,0.0
2011-07-22,56,127.39817407958947,0.0
2011-07-22,57,283.1828619423304,0.0
2011-07-22,58,-82.8903955076063,0.0
2011-07-22,59,-82.3351866803449,0.0
2011-07-25,56,-214.99351862888435,0.0
2011-07-25,57,-86.17639359625629,0.0
2011-07-25,58,-227.95019566941386,0.0
2011-07-25,59,-226.42336062372985,0.0
2011-07-26,56,-55.738521133735816,0.0
2011-07-26,57,147.74198697788296,0.0
2011-07-26,58,-41.435549612794055,0.0
2011-07-26,59,-41.158009823454535,0.0
2011-07-26,60,0.0,30.11275595493305
2011-07-27,56,-565.396736513049,0.0
2011-07-27,57,-874.176538417197,0.0
2011-07-27,58,-746.0071274744527,0.0
2011-07-27,59,-741.0102911119609,0.0
2011-07-27,60,-713.6664499293183,0.0
2011-07-27,57,0.0,32.085905543852625
2011-07-28,56,-159.27319723430276,0.0
2011-07-28,58,20.711342712389964,0.0
2011-07-28,59,20.572615900580995,0.0
2011-07-28,60,19.81347078661388,0.0
2011-07-29,56,-151.28715169342792,0.0
2011-07-29,58,-82.88717946060127,0.0
2011-07-29,59,-82.33199217477028,0.0
2011-07-29,60,-79.29387928311364,0.0
2011-08-01,56,-167.2374030881925,0.0
2011-08-01,58,-103.61138636100536,0.0
2011-08-01,59,-102.91738609764383,0.0
2011-08-01,60,-99.11965657331595,0.0
2011-08-02,56,-1186.5301741859182,0.0
2011-08-02,58,-828.8846587940328,0.0
2011-08-02,59,-823.3326997700013,0.0
2011-08-02,60,-792.9510993347305,0.0
2011-08-02,61,0.0,29.999201799626793
2011-08-03,56,222.97592422192832,0.0
2011-08-03,58,145.0469359737934,0.0
2011-08-03,59,144.0753959210924,0.0
2011-08-03,60,138.75890465012642,0.0
2011-08-03,61,549.9599133354404,0.0
2011-08-04,56,-1481.162111405866,0.0
2011-08-04,58,-1512.7416778963025,0.0
2011-08-04,59,-1502.609170652358,0.0
2011-08-04,60,-1447.1617537747259,0.0
2011-08-04,61,-2214.907402541551,0.0
2011-08-05,56,-23.88351769209557,0.0
2011-08-05,58,-538.7714905644158,0.0
2011-08-05,59,-535.1627408943688,0.0
2011-08-05,60,-515.4148302790865,0.0
2011-08-05,61,-218.4780525779889,0.0
2011-08-05,56,0.0,28.938413343352554
2011-08-08,58,-2631.7459370139622,0.0
2011-08-08,59,-2614.118218309141,0.0
2011-08-08,60,-2517.655275416898,0.0
2011-08-08,61,489.6917904155882,0.0
2011-08-09,58,1947.9049981467178,0.0
2011-08-09,59,1934.8577199546576,0.0
2011-08-09,60,1863.460004106395,0.0
2011-08-09,61,-1243.062007129228,0.0
2011-08-09,60,0.0,25.969525389885
2011-08-09,61,0.0,27.362406041129052
2011-08-09,62,0.0,27.66471937042754
2011-08-09,63,0.0,27.659186426553457
2011-08-09,64,0.0,27.653654589268147
2011-08-10,58,-1885.737201516013,0.0
2011-08-10,59,-1873.1063299443988,0.0
2011-08-10,62,-1410.9147779058314,0.0
2011-08-10,63,-1353.891030545177,0.0
2011-08-10,64,-1410.3504684312604,0.0
2011-08-11,58,1409.1142113002718,0.0
2011-08-11,59,1399.675812026841,0.0
2011-08-11,62,1250.184497934989,0.0
2011-08-11,63,1314.0663113503938,0.0
2011-08-11,64,1249.6844741431948,0.0
2011-08-11,64,0.0,27.49298859498008
2011-08-12,58,-186.50017384510915,0.0
2011-08-12,59,-185.25097552520143,0.0
2011-08-12,62,535.7901367134718,0.0
2011-08-12,63,171.2377007681148,0.0
2011-08-15,58,849.621729882457,0.0
2011-08-15,59,843.9308717151733,0.0
2011-08-15,62,419.7007713048421,0.0
2011-08-15,63,784.4509644524659,0.0
2011-08-16,58,-538.7779226584258,0.0
2011-08-16,59,-535.169129905518,0.0
2011-08-16,62,-401.83584149190483,0.0
2011-08-16,63,-525.6351163096114,0.0
2011-08-16,65,0.0,27.626682963334055
2011-08-17,58,165.77596694470506,0.0
2011-08-17,59,164.66558160232788,0.0
2011-08-17,62,-89.29985857295621,0.0
2011-08-17,63,7.969800056474104,0.0
2011-08-17,65,-87.92822617830576,0.0
2011-08-18,58,-1305.517297150789,0.0
2011-08-18,59,-1296.772801204283,0.0
2011-08-18,62,-1544.8690731273985,0.0
2011-08-18,63,-1596.795295214607,0.0
2011-08-18,65,-1521.1401165528034,0.0
2011-08-19,58,-518.0537157580218,0.0
2011-08-19,59,-514.5837359826445,0.0
2011-08-19,62,-410.7739406010393,0.0
2011-08-19,63,-465.89990529340446,0.0
2011-08-19,65,-404.4645146645325,0.0
2011-08-19,62,0.0,26.012701284681714
2011-08-19,63,0.0,25.994689855818105
2011-08-22,58,-310.8389831535236,0.0
2011-08-22,59,-308.7569500512934,0.0
2011-08-22,65,96.71572304046231,0.0
2011-08-23,58,808.189396316674,0.0
2011-08-23,59,802.7760563972994,0.0
2011-08-23,65,905.6469714343914,0.0
2011-08-23,59,0.0,25.461945643528736
2011-08-23,66,0.0,26.120872775841924
2011-08-23,67,0.0,26.115648601286754
2011-08-23,68,0.0,26.040410218447185
2011-08-24,58,683.8296827027268,0.0
2011-08-24,65,536.3590729968553,0.0
2011-08-24,66,367.9038011972862,0.0
2011-08-24,67,526.2857484481865,0.0
2011-08-24,68,385.70201653064817,0.0
2011-08-25,58,-82.90325969562642,0.0
2011-08-25,65,-509.976610826608,0.0
2011-08-25,66,-403.7959287199608,0.0
2011-08-25,67,-500.39877356847575,0.0
2011-08-25,68,-649.1859492275565,0.0
2011-08-26,58,227.95019566941983,0.0
2011-08-26,65,553.9451620454893,0.0
2011-08-26,66,379.11799676359146,0.0
2011-08-26,67,543.5415543125745,0.0
2011-08-26,68,614.8053960984558,0.0
2011-08-29,58,1098.289700358271,0.0
2011-08-29,65,861.6850774101027,0.0
2011-08-29,66,760.4810665439433,0.0
2011-08-29,67,845.5018265237183,0.0
2011-08-29,68,1248.7445354773668,0.0
2011-08-30,58,-186.49856582160663,0.0
2011-08-30,65,237.4044354295342,0.0
2011-08-30,66,71.77531943135209,0.0
2011-08-30,67,232.9457583086026,0.0
2011-08-30,68,160.3978009300606,0.0
2011-08-31,58,352.28900497783434,0.0
2011-08-31,65,193.44254140524552,0.0
2011-08-31,66,121.14235286158706,0.0
2011-08-31,67,189.80950973076173,0.0
2011-08-31,68,-57.27226246482582,0.0
2011-09-01,58,-621.6779663070472,0.0
2011-09-01,65,-466.02581212664023,0.0
2011-09-01,66,-287.14818969888876,0.0
2011-09-01,67,-457.2734119343979,0.0
2011-09-01,68,-595.7325540791444,0.0
2011-09-02,58,-1119.0171233056801,0.0
2011-09-02,65,-896.8528173776423,0.0
2011-09-02,66,-693.1735541111192,0.0
2011-09-02,67,-880.0090834749889,0.0
2011-09-02,68,-1004.3495657218372,0.0
2011-09-06,58,-455.882703080312,0.0
2011-09-06,65,-281.37076758355124,0.0
2011-09-06,66,-192.91990619644258,0.0
2011-09-06,67,-276.08636166394865,0.0
2011-09-06,68,-72.5692262932368,0.0
2011-09-07,58,1222.609213384652,0.0
2011-09-07,65,835.3070533695839,0.0
2011-09-07,66,740.2910467175953,0.0
2011-09-07,67,819.6192064215127,0.0
2011-09-07,68,985.2534379262062,0.0
2011-09-08,58,-580.226336459228,0.0
2011-09-08,65,-413.2542305915532,0.0
2011-09-08,66,-280.41520455210707,0.0
2011-09-08,67,-405.4929300087186,0.0
2011-09-08,68,-496.4384214252645,0.0
2011-09-09,58,-828.8910908880458,0.0
2011-09-09,65,-729.7905190777799,0.0
2011-09-09,66,-699.8998375474072,0.0
2011-09-09,67,-716.0843712351852,0.0
2011-09-09,68,-782.8391404477807,0.0
2011-09-09,65,0.0,26.5363853854863
2011-09-12,58,290.12924846464216,0.0
2011-09-12,66,168.23303862607202,0.0
2011-09-12,67,51.76959498191631,0.0
2011-09-12,68,221.4835570706109,0.0
2011-09-13,58,165.76471078018744,0.0
2011-09-13,66,240.03739880291454,0.0
2011-09-13,67,483.13861292658265,0.0
2011-09-13,68,420.0700311648076,0.0
2011-09-14,58,310.84380722403114,0.0
2011-09-14,66,365.6564942770308,0.0
2011-09-14,67,465.8915166172052,0.0
2011-09-14,68,473.5341735945981,0.0
2011-09-14,69,0.0,26.48336563446635
2011-09-15,58,663.1183399903429,0.0
2011-09-15,66,462.11421347173825,0.0
2011-09-15,67,552.1531268291238,0.0
2011-09-15,68,378.05532583000576,0.0
2011-09-15,69,672.5942776288309,0.0
2011-09-16,58,83.1943119495815,0.0
2011-09-16,66,161.22304944538578,0.0
2011-09-16,67,145.75658048807048,0.0
2011-09-16,68,41.998584412734445,0.0
2011-09-16,69,84.3831557265801,0.0
2011-09-19,58,-728.0937456564375,0.0
2011-09-19,66,-272.83110217210583,0.0
2011-09-19,67,-260.269809765028,0.0
2011-09-19,68,-488.8132252873786,0.0
2011-09-19,69,-738.4981795451368,0.0
2011-09-20,58,-83.21200020810916,0.0
2011-09-20,66,-31.573992058601434,0.0
2011-09-20,67,-199.5402600661497,0.0
2011-09-20,68,-416.23325171276355,0.0
2011-09-20,69,-84.40109674969686,0.0
2011-09-21,58,-1289.792435319702,0.0
2011-09-21,66,-798.236269585004,0.0
2011-09-21,67,-1127.874309516435,0.0
2011-09-21,68,-977.617494506942,0.0
2011-09-21,69,-1308.2235236287074,0.0
2011-09-22,58,-707.2794894398926,0.0
2011-09-22,66,-850.0985732239169,0.0
2011-09-22,67,-980.3671084712668,0.0
2011-09-22,68,-710.2949911444265,0.0
2011-09-22,69,-717.386488343002,0.0
2011-09-23,58,249.6263524833124,0.0
2011-09-23,66,153.3329022859812,0.0
2011-09-23,67,260.2763419312899,0.0
2011-09-23,68,253.01966306159494,0.0
2011-09-23,69,253.19350423648146,0.0
2011-09-26,58,1081.7511786349114,0.0
2011-09-26,66,608.8258257859093,0.0
2011-09-26,67,642.0248475928603,0.0
2011-09-26,68,471.52622319042376,0.0
2011-09-26,69,1097.2093647397546,0.0
2011-09-27,58,124.8147842651587,0.0
2011-09-27,66,293.1395188839231,0.0
2011-09-27,67,459.80353766492397,0.0
2011-09-27,68,548.2134494651028,0.0
2011-09-27,69,126.59838312034225,0.0
2011-09-28,58,-728.098569726945,0.0
2011-09-28,66,-541.1809939247005,0.0
2011-09-28,67,-676.7084730330918,0.0
2011-09-28,68,-996.7369080788926,0.0
2011-09-28,69,-738.5030725514415,0.0
2011-09-29,58,686.494177646393,0.0
2011-09-29,66,205.20190763539185,0.0
2011-09-29,67,373.0607245386798,0.0
2011-09-29,68,433.1924617276843,0.0
2011-09-29,69,696.3041551786946,0.0
2011-09-30,58,-894.5161380491533,0.0
2011-09-30,66,-653.9261035325501,0.0
2011-09-30,67,-876.2574426542519,0.0
2011-09-30,68,-778.223183095815,0.0
2011-09-30,69,-907.2987420424291,0.0
2011-10-03,58,-1102.5702589219638,0.0
2011-10-03,66,-726.0633153307829,0.0
2011-10-03,67,-711.4247593046124,0.0
2011-10-03,68,-1268.9225562650774,0.0
2011-10-03,69,-1118.325948948194,0.0
2011-10-04,58,936.1333943177254,0.0
2011-10-04,66,543.4171313274596,0.0
2011-10-04,67,685.3918993784771,0.0
2011-10-04,68,1456.7760786895037,0.0
2011-10-04,69,949.5107074319882,0.0
2011-10-05,58,353.64456879045383,0.0
2011-10-05,66,469.02591089846936,0.0
2011-10-05,67,537.8999400545812,0.0
2011-10-05,68,341.17782099401916,0.0
2011-10-05,69,358.69813717780556,0.0
2011-10-06,58,769.7238661130298,0.0
2011-10-06,66,466.75626494321716,0.0
2011-10-06,67,520.5592160288336,0.0
2011-10-06,68,559.7184141805459,0.0
2011-10-06,69,780.7231929515082,0.0
2011-10-06,58,0.0,25.52518940649784
2011-10-07,66,-175.87522249705415,0.0
2011-10-07,67,-60.7295496988824,0.0
2011-10-07,68,-628.7159606290694,0.0
2011-10-07,69,-928.413695248767,0.0
2011-10-10,66,872.6386595314906,0.0
2011-10-10,67,919.6375587723844,0.0
2011-10-10,68,1100.2457662466193,0.0
2011-10-10,69,1287.113463428674,0.0
2011-10-11,66,27.05703918308548,0.0
2011-10-11,67,78.0855154458901,0.0
2011-10-11,68,180.18354594746432,0.0
2011-10-11,69,-21.098643185322693,0.0
2011-10-12,66,236.76919798348717,0.0
2011-10-12,67,347.0343967787983,0.0
2011-10-12,68,375.6819678589701,0.0
2011-10-12,69,675.2071429954734,0.0
2011-10-12,70,0.0,25.47419002706428
2011-10-13,66,-54.11407836617096,0.0
2011-10-13,67,-234.2478367826558,0.0
2011-10-13,68,-22.995599722381744,0.0
2011-10-13,69,-633.009856624828,0.0
2011-10-13,70,-132.06863367046142,0.0
2011-10-14,66,464.49778850546545,0.0
2011-10-14,67,494.51546915893937,0.0
2011-10-14,68,529.0331346320086,0.0
2011-10-14,69,316.51063681976933,0.0
2011-10-14,70,668.1170056118337,0.0
2011-10-14,70,0.0,26.01023839900565
2011-10-17,66,-527.6368370086587,0.0
2011-10-17,67,-798.1806367633682,0.0
2011-10-17,68,-828.0619092739975,0.0
2011-10-17,69,-822.9106933095444,0.0
2011-10-18,66,529.9042490604118,0.0
2011-10-18,67,780.8355579601234,0.0
2011-10-18,68,701.5556601703261,0.0
2011-10-18,69,1223.807747860097,0.0
2011-10-19,66,-326.9585839592765,0.0
2011-10-19,67,-338.3487930446644,0.0
2011-10-19,68,-529.0313434184455,0.0
2011-10-19,69,-379.8065663757344,0.0
2011-10-19,71,0.0,25.95826989071593
2011-10-20,66,119.51160330712435,0.0
2011-10-20,67,234.24565939390726,0.0
2011-10-20,68,72.83611711413062,0.0
2011-10-20,69,400.9003165547525,0.0
2011-10-20,71,241.7568815666225,0.0
2011-10-21,66,520.8658755023896,0.0
2011-10-21,67,537.8912304995666,0.0
2011-10-21,68,578.8772344508835,0.0
2011-10-21,69,696.3139411913037,0.0
2011-10-21,71,693.0827734402044,0.0
2011-10-24,66,342.75004779557366,0.0
2011-10-24,67,529.2252232642021,0.0
2011-10-24,68,877.8952618114942,0.0
2011-10-24,69,611.9030584289977,0.0
2011-10-24,71,644.7247117768421,0.0
2011-10-25,66,-550.19702844773,0.0
2011-10-25,67,-589.952595574336,0.0
2011-10-25,68,-789.7317302383808,0.0
2011-10-25,69,-844.0142295011717,0.0
2011-10-25,71,-701.1323527199786,0.0
2011-10-26,66,281.86054011614334,0.0
2011-10-26,67,199.54461484365896,0.0
2011-10-26,68,471.5405528989281,0.0
2011-10-26,69,485.3079373128585,0.0
2011-10-26,71,483.54927905532026,0.0
2011-10-27,66,976.3766702303035,0.0
2011-10-27,67,1240.6390956250514,0.0
2011-10-27,68,1468.2559664150608,0.0
2011-10-27,69,1666.9167678002086,0.0
2011-10-27,71,1482.8586893163786,0.0
2011-10-28,66,-6.77096150626084,0.0
2011-10-28,67,0.0,0.0
2011-10-28,68,-149.50005761248673,0.0
2011-10-28,69,21.092119176916594,0.0
2011-10-28,71,201.48600427699662,0.0
2011-10-31,66,-699.0085100512009,0.0
2011-10-31,67,-728.7720154966096,0.0
2011-10-31,68,-774.3828212166414,0.0
2011-10-31,69,-1160.5069252978242,0.0
2011-10-31,71,-1241.103896921639,0.0
2011-11-01,66,-789.2224689654738,0.0
2011-11-01,67,-876.2552652655033,0.0
2011-11-01,68,-1004.4122581965438,0.0
2011-11-01,69,-1350.4061309804392,0.0
2011-11-01,71,-741.436656759793,0.0
2011-11-02,66,448.72196199365897,0.0
2011-11-02,67,555.249373635331,0.0
2011-11-02,68,674.7322370637188,0.0
2011-11-02,69,801.8055261158156,0.0
2011-11-02,71,668.9110547101232,0.0
2011-11-03,66,509.6137035765969,0.0
2011-11-03,67,702.7543972917426,0.0
2011-11-03,68,697.7099246504634,0.0
2011-11-03,69,485.3079373128585,0.0
2011-11-03,71,564.1265495566435,0.0
2011-11-04,66,-173.6256816732953,0.0
2011-11-04,67,-225.5622330485219,0.0
2011-11-04,68,-141.84978448472154,0.0
2011-11-04,69,-379.811459382042,0.0
2011-11-04,71,-64.47184442611429,0.0
2011-11-07,66,175.88192420755195,0.0
2011-11-07,67,69.39337954549433,0.0
2011-11-07,68,-57.49616416020655,0.0
2011-11-07,69,147.70681231827407,0.0
2011-11-07,71,241.7777732854903,0.0
2011-11-08,66,365.2990697171444,0.0
2011-11-08,67,329.6827858092958,0.0
2011-11-08,68,417.8632560551352,0.0
2011-11-08,69,527.5117476919099,0.0
2011-11-08,71,338.47509406522977,0.0
2011-11-09,66,-1064.320983189341,0.0
2011-11-09,67,-1145.217210930923,0.0
2011-11-09,68,-1380.0960172690802,0.0
2011-11-09,69,-1561.4251828756965,0.0
2011-11-09,71,-1402.2605270961797,0.0
2011-11-10,66,261.5610590183273,0.0
2011-11-10,67,347.03657416755897,0.0
2011-11-10,68,203.17735445628637,0.0
2011-11-10,69,126.61143113715444,0.0
2011-11-10,71,330.40462306659157,0.0
2011-11-11,66,527.6614099471507,0.0
2011-11-11,67,685.3940767672257,0.0
2011-11-11,68,732.2176539425437,0.0
2011-11-11,69,654.0987137975416,0.0
2011-11-11,71,644.7309792925025,0.0
2011-11-14,66,-270.59273086584744,0.0
2011-11-14,67,-182.195181262905,0.0
2011-11-14,68,-410.2058180731145,0.0
2011-11-14,69,-569.7057720583523,0.0
2011-11-14,71,-298.18332505674,0.0
2011-11-15,66,139.80438269443846,0.0
2011-11-15,67,173.52046447253008,0.0
2011-11-15,68,356.52135637506933,0.0
2011-11-15,69,126.5951211161392,0.0
2011-11-15,71,56.415997630683584,0.0
2011-11-16,66,-450.9804384314149,0.0
2011-11-16,67,-433.8011611813252,0.0
2011-11-16,68,-460.02842332922955,0.0
2011-11-16,69,-675.215298005981,0.0
2011-11-16,71,-660.8447620552585,0.0
2011-11-17,66,-444.2184125391428,0.0
2011-11-17,67,-503.1945407268195,0.0
2011-11-17,68,-398.6901060762965,0.0
2011-11-17,69,-527.4856516582856,0.0
2011-11-17,71,-781.7305149401735,0.0
2011-11-17,66,0.0,27.534538289956657
2011-11-17,67,0.0,28.491519403023293
2011-11-17,68,0.0,27.60197945542912
2011-11-18,69,84.40109674969686,0.0
2011-11-18,71,145.05329327121876,0.0
2011-11-21,69,-654.1019758017446,0.0
2011-11-21,71,-467.4166937455794,0.0
2011-11-22,69,-232.12095708478316,0.0
2011-11-22,71,-201.4755584175666,0.0
2011-11-23,69,-696.3008931744915,0.0
2011-11-23,71,-693.0848626120872,0.0
2011-11-23,72,0.0,26.7559225519259
2011-11-23,73,0.0,26.750571367415514
2011-11-25,69,63.31223957698332,0.0
2011-11-25,71,-128.95204553978738,0.0
2011-11-25,72,68.3255934443319,0.0
2011-11-25,73,-137.50471393828778,0.0
2011-11-28,69,738.504703553543,0.0
2011-11-28,71,950.9847753478846,0.0
2011-11-28,72,796.982897285948,0.0
2011-11-28,73,1134.4203107242342,0.0
2011-11-29,69,-126.6081691329514,0.0
2011-11-29,71,48.34970497581118,0.0
2011-11-29,72,-136.6335853652869,0.0
2011-11-29,73,183.34703809851112,0.0
2011-11-30,69,1561.420289869392,0.0
2011-11-30,71,1507.0512997653316,0.0
2011-11-30,72,1685.0607186565462,0.0
2011-11-30,73,1426.621894307562,0.0
2011-12-01,69,-147.70518131617257,0.0
2011-12-01,71,-177.31010720314958,0.0
2011-12-01,72,-159.40115585326757,0.0
2011-12-01,73,-252.09340238316247,0.0
2011-12-01,74,0.0,28.52485587411683
2011-12-02,69,358.69813717780556,0.0
2011-12-02,71,-241.75897073850928,0.0
2011-12-02,72,387.10150286580176,0.0
2011-12-02,73,-5.73243076448937,0.0
2011-12-02,74,-353.09172939957097,0.0
2011-12-05,69,548.6152838835372,0.0
2011-12-05,71,322.3613113024777,0.0
2011-12-05,72,592.0571613707451,0.0
2011-12-05,73,332.29264282781065,0.0
2011-12-05,74,50.44255869045747,0.0
2011-12-06,69,21.088857172713542,0.0
2011-12-06,71,257.8894668763595,0.0
2011-12-06,72,22.75876972629222,0.0
2011-12-06,73,-137.49957735157807,0.0
2011-12-06,74,117.69655630723042,0.0
2011-12-07,69,337.6109110071936,0.0
2011-12-07,71,24.171718730077362,0.0
2011-12-07,72,364.3444932918472,0.0
2011-12-07,73,206.26820017862437,0.0
2011-12-07,74,210.1769844639121,0.0
2011-12-08,69,-1097.2126267439578,0.0
2011-12-08,71,-870.3845239558029,0.0
2011-12-08,72,-1184.0949610657758,0.0
2011-12-08,73,-968.2791258970323,0.0
2011-12-08,74,-529.643775532961,0.0
2011-12-09,69,590.8158322583856,0.0
2011-12-09,71,346.5392975482115,0.0
2011-12-09,72,637.5993429560573,0.0
2011-12-09,73,710.4532927493805,0.0
2011-12-09,74,411.94721922572666,0.0
2011-12-09,69,0.0,27.641261325399633
2011-12-12,71,-652.7763802284993,0.0
2011-12-12,72,-705.9073348770122,0.0
2011-12-12,73,-853.6801642787414,0.0
2011-12-12,74,-336.2782299953758,0.0
2011-12-13,71,-451.31335684226116,0.0
2011-12-13,72,-409.8813944201429,0.0
2011-12-13,73,-383.8725343392331,0.0
2011-12-13,74,-50.440498212585474,0.0
2011-12-14,71,-322.36548964625126,0.0
2011-12-14,72,-113.85193365860805,0.0
2011-12-14,73,-332.29777941451715,0.0
2011-12-14,74,-16.81555988206332,0.0
2011-12-15,71,177.2996613437118,0.0
2011-12-15,72,22.76933064031834,0.0
2011-12-15,73,137.489304178165,0.0
2011-12-15,74,311.05385993334676,0.0
2011-12-15,75,0.0,28.01009531456917
2011-12-16,71,166.36702486017722,0.0
2011-12-16,72,114.58239687874485,0.0
2011-12-16,73,-114.58012746703683,0.0
2011-12-16,74,-94.69132090921094,0.0
2011-12-16,75,210.60248829431976,0.0
2011-12-19,71,-470.6862477483984,0.0
2011-12-19,72,-641.6723354654648,0.0
2011-12-19,73,-257.8241209520798,0.0
2011-12-19,74,0.0,0.0
2011-12-19,75,-729.582172486171,0.0
2011-12-20,71,1022.5159315794419,0.0
2011-12-20,72,1054.1710764117515,0.0
2011-12-20,73,967.7295111194334,0.0
2011-12-20,74,591.8022113817751,0.0
2011-12-20,75,1151.949036504474,0.0
2011-12-21,71,40.57171804132259,0.0
2011-12-21,72,160.42732466613907,0.0
2011-12-21,73,-150.74854666329216,0.0
2011-12-21,74,185.9828533359598,0.0
2011-12-21,75,91.11414337695022,0.0
2011-12-22,71,267.80258747914405,0.0
2011-12-22,72,618.7551520287808,0.0
2011-12-22,73,255.1291251267227,0.0
2011-12-22,74,211.34321493729516,0.0
2011-12-22,75,379.6957069336599,0.0
2011-12-23,71,259.69660055842667,0.0
2011-12-23,72,206.2581712348318,0.0
2011-12-23,73,197.1421977966832,0.0
2011-12-23,74,185.99521620317262,0.0
2011-12-23,75,113.89663795178289,0.0
2011-12-27,71,-8.126878639585215,0.0
2011-12-27,72,-160.41676375211293,0.0
2011-12-27,73,-127.57226744341796,0.0
2011-12-27,74,67.62900458878596,0.0
2011-12-27,75,-280.9689246223216,0.0
2011-12-28,71,-657.320329082252,0.0
2011-12-28,72,-481.2678927797157,0.0
2011-12-28,73,-516.0403346894312,0.0
2011-12-28,74,-321.24704394714007,0.0
2011-12-28,75,-485.9896027775425,0.0
2011-12-29,71,348.9481127336682,0.0
2011-12-29,72,458.3331078196548,0.0
2011-12-29,73,516.0403346894312,0.0
2011-12-29,74,211.35969876023663,0.0
2011-12-29,75,326.52005821490405,0.0
2011-12-30,71,-16.243311419728734,0.0
2011-12-30,72,-160.40268253341145,0.0
2011-12-30,73,139.1586948577878,0.0
2011-12-30,74,-50.73514654772868,0.0
2011-12-30,75,22.78843267072532,0.0
2012-01-03,71,754.7175224440637,0.0
2012-01-03,72,779.1666353238807,0.0
2012-01-03,73,782.7764335773467,0.0
2012-01-03,74,380.44251262153847,0.0
2012-01-03,75,880.855165351647,0.0
2012-01-04,71,235.3514805617541,0.0
2012-01-04,72,-91.67225405141156,0.0
2012-01-04,73,-173.94879662112697,0.0
2012-01-04,74,-143.7286336935825,0.0
2012-01-04,75,-167.0524930175632,0.0
2012-01-05,71,81.14552525452807,0.0
2012-01-05,72,412.5163424696636,0.0
2012-01-05,73,-434.87712813952396,0.0
2012-01-05,74,84.54758836425734,0.0
2012-01-05,75,-129.09816343699202,0.0
2012-01-06,71,-40.58007472886583,0.0
2012-01-06,72,-183.34098779814772,0.0
2012-01-06,73,-394.2878199845105,0.0
2012-01-06,74,50.72690463625604,0.0
2012-01-06,75,-372.0850473645657,0.0
2012-01-09,71,56.815029461059105,0.0
2012-01-09,72,160.42380436146368,0.0
2012-01-09,73,110.17122387726062,0.0
2012-01-09,74,50.72484415839555,0.0
2012-01-09,75,303.74350173596406,0.0
2012-01-10,71,527.4845638343633,0.0
2012-01-10,72,550.0018415663909,0.0
2012-01-10,73,434.8719915528174,0.0
2012-01-10,74,219.80559754182926,0.0
2012-01-10,75,637.8603639628794,0.0
2012-01-11,71,284.02709635189564,0.0
2012-01-11,72,366.667894377594,0.0
2012-01-11,73,-92.76675591996239,0.0
2012-01-11,74,25.362422079195856,0.0
2012-01-11,75,22.790412036019188,0.0
2012-01-12,71,405.7589638509654,0.0
2012-01-12,72,114.58591718342022,0.0
2012-01-12,73,121.75422690048958,0.0
2012-01-12,74,92.98524523437733,0.0
2012-01-12,75,121.49740069438562,0.0
2012-01-13,71,-194.76722748910692,0.0
2012-01-13,72,-229.16127345281433,0.0
2012-01-13,73,-313.1023548922082,0.0
2012-01-13,74,-135.2394648767623,0.0
2012-01-13,75,-273.37014124501644,0.0
2012-01-17,71,162.2931396809507,0.0
2012-01-17,72,-252.09253810819988,0.0
2012-01-17,73,342.0966746550108,0.0
2012-01-17,74,185.9704904687585,0.0
2012-01-17,75,569.5168389689728,0.0
2012-01-18,71,332.7361388922451,0.0
2012-01-18,72,481.2538115610142,0.0
2012-01-18,73,487.05800029561055,0.0
2012-01-18,74,169.0786929055694,0.0
2012-01-18,75,766.9506099386739,0.0
2012-01-18,71,0.0,29.790776328487336
2012-01-19,72,297.9057831535157,0.0
2012-01-19,73,365.30377339512097,0.0
2012-01-19,74,0.0,0.0
2012-01-19,75,273.36816187971885,0.0
2012-01-20,72,206.26169153950715,0.0
2012-01-20,73,156.54604085939758,0.0
2012-01-20,74,0.0,0.0
2012-01-20,75,-22.77457711364245,0.0
2012-01-23,72,114.58591718342022,0.0
2012-01-23,73,115.9670058777972,0.0
2012-01-23,74,-135.26831156691273,0.0
2012-01-23,75,303.74350173596406,0.0
2012-01-24,72,-45.83436687336809,0.0
2012-01-24,73,-168.15130242502153,0.0
2012-01-24,74,8.46238260453793,0.0
2012-01-24,75,45.555092323173874,0.0
2012-01-24,76,0.0,30.736791382975323
2012-01-25,72,68.76211122407825,0.0
2012-01-25,73,313.1023548922082,0.0
2012-01-25,74,219.81177897542992,0.0
2012-01-25,75,356.899356801748,0.0
2012-01-25,76,377.04077162165265,0.0
2012-01-26,72,-275.0132418495593,0.0
2012-01-26,73,11.594988392210876,0.0
2012-01-26,74,-135.2744930005134,0.0
2012-01-26,75,-129.09222534109568,0.0
2012-01-26,76,-424.1664312726829,0.0
2012-01-27,72,114.58591718342022,0.0
2012-01-27,73,52.187720938362006,0.0
2012-01-27,74,16.902099952526086,0.0
2012-01-27,75,167.0683279399436,0.0
2012-01-27,76,-64.26127030977615,0.0
2012-01-30,72,-297.93042528624335,0.0
2012-01-30,73,-359.4891572433271,0.0
2012-01-30,74,-42.26040107598562,0.0
2012-01-30,75,-463.21106693330495,0.0
2012-01-30,76,-145.6718029757434,0.0
2012-01-31,72,137.50310062010428,0.0
2012-01-31,73,156.54946525053526,0.0
2012-01-31,74,25.358301123459533,0.0
2012-01-31,75,273.3661825144213,0.0
2012-01-31,76,-192.79200194779253,0.0
2012-02-01,72,504.1674746930229,0.0
2012-02-01,73,475.4527387299866,0.0
2012-02-01,74,295.8887428236805,0.0
2012-02-01,75,706.2078476873737,0.0
2012-02-01,76,119.95473529017174,0.0
2012-02-02,72,160.4378855801652,0.0
2012-02-02,73,63.78955811284826,0.0
2012-02-02,74,-118.34972779144135,0.0
2012-02-02,75,91.12404020343799,0.0
2012-02-02,76,231.36350796691795,0.0
2012-02-03,72,893.7490322026255,0.0
2012-02-03,73,481.2639304906428,0.0
2012-02-03,74,177.53901503223915,0.0
2012-02-03,75,546.7383031247354,0.0
2012-02-03,76,539.8481852561418,0.0
2012-02-03,75,0.0,33.32072251107684
2012-02-06,72,-160.42028405679488,0.0
2012-02-06,73,-150.76909301011827,0.0
2012-02-06,74,-169.0848743391777,0.0
2012-02-06,76,372.7350262410226,0.0
2012-02-07,72,-22.906622522651364,0.0
2012-02-07,73,191.35155238285634,0.0
2012-02-07,74,109.8955870983799,0.0
2012-02-07,76,162.8210653319548,0.0
2012-02-08,72,252.07141628014762,0.0
2012-02-08,73,110.16608729055407,0.0
2012-02-08,74,0.0,0.0
2012-02-08,76,-107.11121831459548,0.0
2012-02-09,72,-137.4995803154289,0.0
2012-02-09,73,81.17861631002688,0.0
2012-02-09,74,-160.61424982316714,0.0
2012-02-09,76,4.286633004173219,0.0
2012-02-10,72,-320.8511290276027,0.0
2012-02-10,73,-597.2240875861646,0.0
2012-02-10,74,-126.81417087384361,0.0
2012-02-10,76,-317.0606736370686,0.0
2012-02-13,72,297.9480268096202,0.0
2012-02-13,73,353.70193622063476,0.0
2012-02-13,74,228.26385919063088,0.0
2012-02-13,76,248.50457930464495,0.0
2012-02-14,72,-320.84408841824546,0.0
2012-02-14,73,-231.94428492900747,0.0
2012-02-14,74,126.80386848450664,0.0
2012-02-14,76,55.70711667786112,0.0
2012-02-14,77,0.0,31.978175727654808
2012-02-15,72,-206.26521184418908,0.0
2012-02-15,73,34.79866274118338,0.0
2012-02-15,74,-59.168682462116195,0.0
2012-02-15,76,-51.42321401317593,0.0
2012-02-15,77,26.174653954801947,0.0
2012-02-16,72,527.1093002624345,0.0
2012-02-16,73,429.07278516114314,0.0
2012-02-16,74,169.0786929055694,0.0
2012-02-16,76,411.3038019206549,0.0
2012-02-16,77,566.8263984747757,0.0
2012-02-17,72,206.23000879742878,0.0
2012-02-17,73,139.15355827108127,0.0
2012-02-17,74,-101.4558697503879,0.0
2012-02-17,76,119.96838698763729,0.0
2012-02-17,77,17.441537573967647,0.0
2012-02-21,72,-22.906622522657923,0.0
2012-02-21,73,5.81119176065619,0.0
2012-02-21,74,-219.8097184975656,0.0
2012-02-21,76,218.50633929387615,0.0
2012-02-21,77,191.8479332453862,0.0
2012-02-22,72,-435.43352590634106,0.0
2012-02-22,73,-92.78045348451315,0.0
2012-02-22,74,0.0,0.0
2012-02-22,76,72.8399969971139,0.0
2012-02-22,77,-52.31787767071368,0.0
2012-02-23,72,297.91986437221067,0.0
2012-02-23,73,260.9249071272593,0.0
2012-02-23,74,25.366543034932178,0.0
2012-02-23,76,162.80468329499615,0.0
2012-02-23,77,34.880830130875,0.0
2012-02-23,72,0.0,33.73360117614436
2012-02-23,73,0.0,31.786242979315116
2012-02-24,74,152.17865343091145,0.0
2012-02-24,76,128.53073163802145,0.0
2012-02-24,77,-17.446027608096614,0.0
2012-02-27,74,59.17486389572068,0.0
2012-02-27,76,-102.82185497092915,0.0
2012-02-27,77,8.72413631258473,0.0
2012-02-28,74,118.36827209225864,0.0
2012-02-28,76,-107.10302729611107,0.0
2012-02-28,77,104.6514704608662,0.0
2012-02-29,74,-185.9972766810446,0.0
2012-02-29,76,-368.48115731076155,0.0
2012-02-29,77,-619.1555012308033,0.0
2012-02-29,78,0.0,32.32810056025597
2012-02-29,79,0.0,32.321634940143916
2012-03-01,74,160.62661269036843,0.0
2012-03-01,76,308.4983289866895,0.0
2012-03-01,77,357.5391726724863,0.0
2012-03-01,78,358.5183888231635,0.0
2012-03-01,79,269.42268152329666,0.0
2012-03-01,74,0.0,30.747639644430922
2012-03-02,76,-368.48388765025464,0.0
2012-03-02,77,-78.48579657432636,0.0
2012-03-02,78,-78.70075081005353,0.0
2012-03-02,79,-22.464600182868104,0.0
2012-03-05,76,-205.64917062083435,0.0
2012-03-05,77,-523.2326571166425,0.0
2012-03-05,78,-524.6656689586196,0.0
2012-03-05,79,-29.92455567509062,0.0
2012-03-06,76,-518.4204809142366,0.0
2012-03-06,77,-654.0385763787386,0.0
2012-03-06,78,-655.8298350326335,0.0
2012-03-06,79,-508.8869138890174,0.0
2012-03-07,76,261.36993899616607,0.0
2012-03-07,77,78.47681650606424,0.0
2012-03-07,78,78.69174614748526,0.0
2012-03-07,79,366.6969762197771,0.0
2012-03-07,80,0.0,31.92323263897944
2012-03-08,76,257.0505419180705,0.0
2012-03-08,77,523.239392167836,0.0
2012-03-08,78,524.6724224555426,0.0
2012-03-08,79,329.28535026647324,0.0
2012-03-08,80,531.6187063617828,0.0
2012-03-09,76,-29.976397294823954,0.0
2012-03-09,77,8.715156244326797,0.0
2012-03-09,78,8.739025018442739,0.0
2012-03-09,79,187.078465856003,0.0
2012-03-09,80,8.854723397552767,0.0
2012-03-12,76,-175.66458230753616,0.0
2012-03-12,77,-174.39966062022927,0.0
2012-03-12,78,-174.87730049133896,0.0
2012-03-12,79,-89.79400311478071,0.0
2012-03-12,80,-177.19254963724322,0.0
2012-03-13,76,381.32467428634294,0.0
2012-03-13,77,523.2281670825136,0.0
2012-03-13,78,524.6611666273375,0.0
2012-03-13,79,508.8869138890174,0.0
2012-03-13,80,531.6073015145422,0.0
2012-03-13,76,0.0,31.992163257153113
2012-03-14,77,-122.08402796658008,0.0
2012-03-14,78,-122.41838755865227,0.0
2012-03-14,79,-44.902085579758094,0.0
2012-03-14,80,-124.03911858801867,0.0
2012-03-14,77,0.0,32.17876126731516
2012-03-14,81,0.0,32.62673658633211
2012-03-14,82,0.0,32.19411925152893
2012-03-15,78,236.09324776758396,0.0
2012-03-15,79,112.23487785991796,0.0
2012-03-15,80,239.21895183959262,0.0
2012-03-15,81,52.94821016232843,0.0
2012-03-15,82,235.56078231345066,0.0
2012-03-16,78,62.316767274707836,0.0
2012-03-16,79,-107.33388029437371,0.0
2012-03-16,80,63.14179626247762,0.0
2012-03-16,81,449.5593200772358,0.0
2012-03-16,82,62.17622312064668,0.0
2012-03-19,78,201.87553002408424,0.0
2012-03-19,79,172.65339971564592,0.0
2012-03-19,80,204.54821622837738,0.0
2012-03-19,81,150.58131327865033,0.0
2012-03-19,82,201.42023641959076,0.0
2012-03-20,78,-184.32544268669452,0.0
2012-03-20,79,52.548455225592775,0.0
2012-03-20,80,-186.76577841094095,0.0
2012-03-20,81,-500.48036055354396,0.0
2012-03-20,82,-183.90973011771368,0.0
2012-03-21,78,0.0,0.0
2012-03-21,79,45.04104885788961,0.0
2012-03-21,80,0.0,0.0
2012-03-21,81,-389.759220144013,0.0
2012-03-21,82,0.0,0.0
2012-03-22,78,-526.6534482196399,0.0
2012-03-22,79,-82.5679126516068,0.0
2012-03-22,80,-533.6259594761163,0.0
2012-03-22,81,-730.7876427873151,0.0
2012-03-22,82,-525.4656769888711,0.0
2012-03-23,78,342.3280055329413,0.0
2012-03-23,79,37.52686379371718,0.0
2012-03-23,80,346.8601810651711,0.0
2012-03-23,81,345.4567059379952,0.0
2012-03-23,82,341.5559468711532,0.0
2012-03-26,78,421.3326637045367,0.0
2012-03-26,79,532.9716225340652,0.0
2012-03-26,80,426.910803846469,0.0
2012-03-26,81,239.16384882315728,0.0
2012-03-26,82,420.3824243807019,0.0
2012-03-27,78,-70.22286100596489,0.0
2012-03-27,79,-52.5450658773392,0.0
2012-03-27,80,-71.15256096422257,0.0
2012-03-27,81,-323.3293475067355,0.0
2012-03-27,82,-70.06448609296065,0.0
2012-03-28,78,-456.44859653880326,0.0
2012-03-28,79,-292.7583442057054,0.0
2012-03-28,80,-462.4916462674786,0.0
2012-03-28,81,-398.60735190807054,0.0
2012-03-28,82,-455.4191596042756,0.0
2012-03-29,78,43.87972067475634,0.0
2012-03-29,79,-7.504017019443268,0.0
2012-03-29,80,44.46065648248731,0.0
2012-03-29,81,0.0,0.0
2012-03-29,82,43.78075793178402,0.0
2012-03-30,78,114.12959566841766,0.0
2012-03-30,79,150.13456996082158,0.0
2012-03-30,80,115.6405890800914,0.0
2012-03-30,81,256.8910400441295,0.0
2012-03-30,82,113.87219708729663,0.0
2012-04-02,78,456.4350895449529,0.0
2012-04-02,79,90.06176162630827,0.0
2012-04-02,80,462.4779604507857,0.0
2012-04-02,81,310.030439580451,0.0
2012-04-02,82,455.40568307299753,0.0
2012-04-03,78,-245.7777623552508,0.0
2012-04-03,79,-67.54293187148394,0.0
2012-04-03,80,-249.03168240534575,0.0
2012-04-03,81,-279.0296449091588,0.0
2012-04-03,82,-245.22345523683126,0.0
2012-04-04,78,-456.4350895449529,0.0
2012-04-04,79,-315.27378461228244,0.0
2012-04-04,80,-462.4779604507857,0.0
2012-04-04,81,-407.48359975654415,0.0
2012-04-04,82,-455.40568307299753,0.0
2012-04-05,78,-184.32544268669452,0.0
2012-04-05,79,232.6923145676866,0.0
2012-04-05,80,-186.76577841094095,0.0
2012-04-05,81,-177.15101304681372,0.0
2012-04-05,82,-183.90973011771368,0.0
2012-04-09,78,-465.232644870058,0.0
2012-04-09,79,-307.76298889634467,0.0
2012-04-09,80,-471.39198905398496,0.0
2012-04-09,81,-394.187503438706,0.0
2012-04-09,82,-464.18339710939256,0.0
2012-04-09,78,0.0,31.555860698760565
2012-04-09,81,0.0,30.830551780185157
2012-04-10,79,-818.229339068581,0.0
2012-04-10,80,-658.1463626176854,0.0
2012-04-10,82,-648.081896784378,0.0
2012-04-11,79,450.3901524894757,0.0
2012-04-11,80,337.97352409535335,0.0
2012-04-11,82,332.80518589731014,0.0
2012-04-12,79,420.38086310819716,0.0
2012-04-12,80,862.7059836933033,0.0
2012-04-12,82,849.513363646697,0.0
2012-04-12,83,0.0,32.0782552770652
2012-04-12,84,0.0,30.18350902509941
2012-04-13,79,-90.09226576053365,0.0
2012-04-13,80,-382.42733766949635,0.0
2012-04-13,82,-376.5792055634572,0.0
2012-04-13,83,-482.90333868300695,0.0
2012-04-13,84,-354.99257041363063,0.0
2012-04-16,79,-120.1015551418122,0.0
2012-04-16,80,97.82393672093337,0.0
2012-04-16,82,96.32799945723481,0.0
2012-04-16,83,-211.5572360629245,0.0
2012-04-16,84,90.8061932919562,0.0
2012-04-17,79,352.8108164507351,0.0
2012-04-17,80,435.8202705107678,0.0
2012-04-17,82,429.15564624000143,0.0
2012-04-17,83,510.4869712447729,0.0
2012-04-17,84,404.5551738267421,0.0
2012-04-18,79,52.56201261857552,0.0
2012-04-18,80,-88.95096556780425,0.0
2012-04-18,82,-87.59071501466565,0.0
2012-04-18,83,-64.37835326199333,0.0
2012-04-18,84,-82.56975586556732,0.0
2012-04-19,79,-270.2462931473756,0.0
2012-04-19,80,-115.62462229395041,0.0
2012-04-19,82,-113.8564744674729,0.0
2012-04-19,83,-41.37836836343179,0.0
2012-04-19,84,-107.32988421112185,0.0
2012-04-20,79,52.555233922080994,0.0
2012-04-20,80,-17.78243781743644,0.0
2012-04-20,82,-17.510506301877086,0.0
2012-04-20,83,-73.60111948368937,0.0
2012-04-20,84,-16.506752230374953,0.0
2012-04-23,79,-360.3317802114147,0.0
2012-04-23,80,-400.2325851814138,0.0
2012-04-23,82,-394.11217275079076,0.0
2012-04-23,83,-32.19647543301085,0.0
2012-04-23,84,-371.5204960049989,0.0
2012-04-24,79,-112.6009274706162,0.0
2012-04-24,80,0.0,0.0
2012-04-24,82,0.0,0.0
2012-04-24,83,234.56597952388347,0.0
2012-04-24,84,0.0,0.0
2012-04-25,79,555.4938416371432,0.0
2012-04-25,80,675.9288004351218,0.0
2012-04-25,82,665.5924030862551,0.0
2012-04-25,83,317.32855529236707,0.0
2012-04-25,84,627.4386756587905,0.0
2012-04-26,79,420.3774737599562,0.0
2012-04-26,80,-35.571718543217195,0.0
2012-04-26,82,-35.02775086939112,0.0
2012-04-26,83,340.3256206701186,0.0
2012-04-26,84,-33.019856469047895,0.0
2012-04-27,79,420.37069506344903,0.0
2012-04-27,80,160.0989645931306,0.0
2012-04-27,82,157.650708930535,0.0
2012-04-27,83,-13.78597723926293,0.0
2012-04-27,84,148.61370347585782,0.0
2012-04-30,79,-195.1790081669648,0.0
2012-04-30,80,-231.25608749625363,0.0
2012-04-30,82,-227.71968720059112,0.0
2012-04-30,83,202.3461479244359,0.0
2012-04-30,84,-214.66612043054957,0.0
2012-05-01,79,225.2018549412324,0.0
2012-05-01,80,195.67980701414024,0.0
2012-05-01,82,192.6874441541087,0.0
2012-05-01,83,469.10276383972104,0.0
2012-05-01,84,181.64202928930303,0.0
2012-05-02,79,187.668212451027,0.0
2012-05-02,80,-160.0944026542344,0.0
2012-05-02,82,-157.6462167534437,0.0
2012-05-02,83,-542.6863661985775,0.0
2012-05-02,84,-148.60946880365915,0.0
2012-05-03,79,-270.25646119211734,0.0
2012-05-03,80,-373.5383997302262,0.0
2012-05-03,82,-367.8261985010643,0.0
2012-05-03,83,-542.6746881153591,0.0
2012-05-03,84,-346.7413116345425,0.0
2012-05-03,79,0.0,34.3803826844525
2012-05-03,85,0.0,32.102475651998276
2012-05-04,80,-542.5422690487594,0.0
2012-05-04,82,-534.2456371138076,0.0
2012-05-04,83,-735.8593797550008,0.0
2012-05-04,84,-503.6210952421798,0.0
2012-05-04,85,-609.2616756851211,0.0
2012-05-07,80,26.694185451179116,0.0
2012-05-07,82,26.2859742497181,0.0
2012-05-07,83,-91.97366390696133,0.0
2012-05-07,84,24.779184370448508,0.0
2012-05-07,85,83.62733653238394,0.0
2012-05-08,80,-151.1986218066157,0.0
2012-05-08,82,-148.88647142540967,0.0
2012-05-08,83,-101.17891300382985,0.0
2012-05-08,84,-140.35185801626906,0.0
2012-05-08,85,-19.901777744496616,0.0
2012-05-09,80,-284.60568191801104,0.0
2012-05-09,82,-280.25345219476804,0.0
2012-05-09,83,-151.77128902654937,0.0
2012-05-09,84,-264.18849445777374,0.0
2012-05-09,85,-179.18983304398463,0.0
2012-05-10,80,-97.84218447651823,0.0
2012-05-10,82,-96.3459681656,0.0
2012-05-10,83,133.3607908328123,0.0
2012-05-10,84,-90.82313198075084,0.0
2012-05-10,85,119.44758313873724,0.0
2012-05-11,80,-88.92587490387083,0.0
2012-05-11,82,-87.56600804065933,0.0
2012-05-11,83,-229.95021713182857,0.0
2012-05-11,84,-82.54646516847075,0.0
2012-05-11,85,-79.62187764668948,0.0
2012-05-14,80,-426.9108038464647,0.0
2012-05-14,82,-420.3824243806977,0.0
2012-05-14,83,-515.0793774703857,0.0
2012-05-14,84,-396.28485902276,0.0
2012-05-14,85,-418.09238265581064,0.0
2012-05-15,80,-462.4825223896819,0.0
2012-05-15,82,-455.4101752500888,0.0
2012-05-15,83,-505.9062431023676,0.0
2012-05-15,84,-429.3047154918079,0.0
2012-05-15,85,-55.76817019054686,0.0
2012-05-16,80,-329.0845861560832,0.0
2012-05-16,82,-324.05217883491724,0.0
2012-05-16,83,-170.15843105385514,0.0
2012-05-16,84,-305.4765483947044,0.0
2012-05-16,85,-222.9859265835572,0.0
2012-05-17,80,-658.1326768009967,0.0
2012-05-17,82,-648.0684202531041,0.0
2012-05-17,83,-188.55433164355836,0.0
2012-05-17,84,-610.9192194118197,0.0
2012-05-17,85,-696.8409419291511,0.0
2012-05-18,80,-115.6405890800914,0.0
2012-05-18,82,-113.87219708729663,0.0
2012-05-18,83,-183.97068398035935,0.0
2012-05-18,84,-107.34470556382111,0.0
2012-05-18,85,-282.7171014872773,0.0
2012-05-21,80,853.8238886623775,0.0
2012-05-21,82,840.767094849941,0.0
2012-05-21,83,676.0675936770219,0.0
2012-05-21,84,792.5718353816193,0.0
2012-05-21,85,700.8057924759122,0.0
2012-05-22,80,-186.76805938038905,0.0
2012-05-22,82,-183.91197620625934,0.0
2012-05-22,83,-73.58652187966099,0.0
2012-05-22,84,-173.3695971492216,0.0
2012-05-22,85,-183.1694502594488,0.0
2012-05-23,80,355.7536809433417,0.0
2012-05-23,82,350.31344611064156,0.0
2012-05-23,83,110.3783230590892,0.0
2012-05-23,84,330.2324420680682,0.0
2012-05-23,85,195.13045190889585,0.0
2012-05-24,80,186.77718325818148,0.0
2012-05-24,82,183.92096056044193,0.0
2012-05-24,83,-22.99414585693604,0.0
2012-05-24,84,173.37806649361892,0.0
2012-05-24,85,63.70710045200855,0.0
2012-05-25,80,-124.52040314157334,0.0
2012-05-25,82,-122.61621979551111,0.0
2012-05-25,83,-142.57479849210006,0.0
2012-05-25,84,-115.58749499851588,0.0
2012-05-25,85,-19.909161078848125,0.0
2012-05-29,80,524.7461454146429,0.0
2012-05-29,82,516.7216542806649,0.0
2012-05-29,83,501.2992392727265,0.0
2012-05-29,84,487.1016389952168,0.0
2012-05-29,85,441.9903901180623,0.0
2012-05-30,80,-551.4198021407933,0.0
2012-05-30,82,-542.9874137334764,0.0
2012-05-30,83,-933.6072824122148,0.0
2012-05-30,84,-511.86176734077526,0.0
2012-05-30,85,-593.3136734858583,0.0
2012-05-31,80,-124.53408895825773,0.0
2012-05-31,82,-122.62969632678082,0.0
2012-05-31,83,-257.56304490162955,0.0
2012-05-31,84,-115.6001990151079,0.0
2012-05-31,85,-39.81278465693262,0.0
2012-06-01,80,-640.3502389835645,0.0
2012-06-01,82,-630.5579139512312,0.0
2012-06-01,83,-731.2231807173083,0.0
2012-06-01,84,-594.4124671814486,0.0
2012-06-01,85,-911.8620965810162,0.0
2012-06-04,80,26.687342542847546,0.0
2012-06-04,82,26.279235984093706,0.0
2012-06-04,83,-23.00582394016527,0.0
2012-06-04,84,24.77283236216235,0.0
2012-06-04,85,-67.6959468354121,0.0
2012-06-04,80,0.0,29.465567892575624
2012-06-05,82,280.24896001768093,0.0
2012-06-05,83,243.75663101672905,0.0
2012-06-05,84,264.18425978557906,0.0
2012-06-05,85,378.2869813332295,0.0
2012-06-06,82,735.6636274448526,0.0
2012-06-06,83,887.6014735735042,0.0
2012-06-06,84,693.4932099495777,0.0
2012-06-06,85,732.6796468713832,0.0
2012-06-07,82,52.5472415254508,0.0
2012-06-07,83,18.401739631323277,0.0
2012-06-07,84,49.535078043820164,0.0
2012-06-07,85,-199.09899412283278,0.0
2012-06-08,82,201.4359590394103,0.0
2012-06-08,83,4.598245267227378,0.0
2012-06-08,84,189.8890533961925,0.0
2012-06-08,85,410.13683989205805,0.0
2012-06-08,86,0.0,30.158810852038656
2012-06-11,82,-560.5158887437186,0.0
2012-06-11,83,-404.7127324945148,0.0
2012-06-11,84,-528.3854582599448,0.0
2012-06-11,85,-676.915168348012,0.0
2012-06-11,86,-707.0235876811529,0.0
2012-06-11,82,0.0,29.72435622415038
2012-06-12,83,413.9150620705842,0.0
2012-06-12,84,520.1278474725588,0.0
2012-06-12,85,378.27590633170223,0.0
2012-06-12,86,434.6473929437931,0.0
2012-06-13,83,-377.1203413703514,0.0
2012-06-13,84,-437.5644436152973,0.0
2012-06-13,85,-350.40751082192577,0.0
2012-06-13,86,17.37468352508391,0.0
2012-06-14,83,459.90335378446173,0.0
2012-06-14,84,231.1686379887298,0.0
2012-06-14,85,342.4390472230581,0.0
2012-06-14,86,121.70919443110998,0.0
2012-06-15,83,568.8803068573483,0.0
2012-06-15,84,327.87372965341484,0.0
2012-06-15,85,406.1609143437696,0.0
2012-06-15,86,365.102292633177,0.0
2012-06-15,87,0.0,30.255820866208193
2012-06-18,83,-272.66572602376743,0.0
2012-06-18,84,149.39076582431184,0.0
2012-06-18,85,35.835013275056326,0.0
2012-06-18,86,81.13033021568475,0.0
2012-06-18,87,35.2607198920811,0.0
2012-06-19,83,434.40425907718304,0.0
2012-06-19,84,547.8670677098781,0.0
2012-06-19,85,533.5880360829019,0.0
2012-06-19,86,1112.706852084768,0.0
2012-06-19,87,525.036732473634,0.0
2012-06-20,83,-120.14412015044421,0.0
2012-06-20,84,-166.02455822064263,0.0
2012-06-20,85,-47.78863159015186,0.0
2012-06-20,86,-231.8247287371003,0.0
2012-06-20,87,-47.02276903296485,0.0
2012-06-21,83,-1243.120280510692,0.0
2012-06-21,84,-954.5671030052453,0.0
2012-06-21,85,-760.5554257155077,0.0
2012-06-21,86,-1094.683041615758,0.0
2012-06-21,87,-748.3667334713681,0.0
2012-06-22,83,194.0809845266504,0.0
2012-06-22,84,149.42040852970246,0.0
2012-06-22,85,346.42789360645816,0.0
2012-06-22,86,-260.09125656805924,0.0
2012-06-22,87,340.8760260670448,0.0
2012-06-25,83,-656.2119326850134,0.0
2012-06-25,84,-356.93628495281536,0.0
2012-06-25,85,-481.8160956101101,0.0
2012-06-25,86,-827.5209379799335,0.0
2012-06-25,87,-474.09449122849685,0.0
2012-06-26,83,309.6268594098618,0.0
2012-06-26,84,91.30588461139803,0.0
2012-06-26,85,118.85876222420428,0.0
2012-06-26,86,41.37973512026898,0.0
2012-06-26,87,116.95392685746258,0.0
2012-06-27,83,600.7673130850618,0.0
2012-06-27,84,307.11960120778434,0.0
2012-06-27,85,496.2117517619677,0.0
2012-06-27,86,-65.02860991829986,0.0
2012-06-27,87,488.259442008261,0.0
2012-06-27,86,0.0,29.146689170492234
2012-06-28,83,203.3358654772024,0.0
2012-06-28,84,8.302074845472061,0.0
2012-06-28,85,-52.010053005628,0.0
2012-06-28,87,-51.176537776819266,0.0
2012-06-29,83,896.5118510691093,0.0
2012-06-29,84,854.9570262122679,0.0
2012-06-29,85,900.3699366628902,0.0
2012-06-29,87,885.9405713690522,0.0
2012-06-29,88,0.0,29.9546997982854
2012-07-02,83,13.861884780187676,0.0
2012-07-02,84,-149.40982184920188,0.0
2012-07-02,85,368.17365910524796,0.0
2012-07-02,87,362.27329304183996,0.0
2012-07-02,88,509.8602682520002,0.0
2012-07-03,83,734.7849960989121,0.0
2012-07-03,84,415.0423395267225,0.0
2012-07-03,85,420.17817461011236,0.0
2012-07-03,87,413.44438206210845,0.0
2012-07-03,88,475.1105900771453,0.0
2012-07-05,83,-411.2991714296672,0.0
2012-07-05,84,-41.506139555161646,0.0
2012-07-05,85,-36.030671635371355,0.0
2012-07-05,87,-35.4532426235409,0.0
2012-07-05,88,-92.70092793176774,0.0
2012-07-06,83,-374.3176013979407,0.0
2012-07-06,84,-340.33213526187126,0.0
2012-07-06,85,-364.1534335508505,0.0
2012-07-06,87,-358.3174957859961,0.0
2012-07-06,88,-619.9618584075836,0.0
2012-07-09,83,-138.62468684348596,0.0
2012-07-09,84,-182.61176922279606,0.0
2012-07-09,85,-124.06216710843132,0.0
2012-07-09,87,-122.07394176298315,0.0
2012-07-09,88,-231.75541860578593,0.0
2012-07-10,83,-476.0015915009644,0.0
2012-07-10,84,-431.6274331927726,0.0
2012-07-10,85,-356.1498991138131,0.0
2012-07-10,87,-350.44222631798004,0.0
2012-07-10,88,-498.27497634280417,0.0
2012-07-10,83,0.0,30.019610652604687
2012-07-10,84,0.0,28.56246380343594
2012-07-11,85,-108.03294823130197,0.0
2012-07-11,87,-106.30160780074806,0.0
2012-07-11,88,-69.52827826246462,0.0
2012-07-12,85,-108.04402323282923,0.0
2012-07-12,87,-106.31250531384956,0.0
2012-07-12,88,-214.381612443814,0.0
2012-07-13,85,392.1694957476572,0.0
2012-07-13,87,385.8845714284194,0.0
2012-07-13,88,515.6570459084203,0.0
2012-07-16,85,-128.05285932542276,0.0
2012-07-16,87,-126.00067898388969,0.0
2012-07-16,88,-156.42829683599012,0.0
2012-07-16,89,0.0,30.234738540201285
2012-07-16,90,0.0,28.23028881402907
2012-07-17,85,112.04579045134794,0.0
2012-07-17,87,110.25014004785757,0.0
2012-07-17,88,307.07427697193754,0.0
2012-07-17,89,384.3590076228916,0.0
2012-07-17,90,122.27768750867347,0.0
2012-07-18,85,196.06444370436193,0.0
2012-07-18,87,192.9223069401903,0.0
2012-07-18,88,202.7901229818848,0.0
2012-07-18,89,183.45774577986265,0.0
2012-07-18,90,529.8988369586281,0.0
2012-07-19,85,-108.04402323282923,0.0
2012-07-19,87,-106.31250531384956,0.0
2012-07-19,88,451.931742855109,0.0
2012-07-19,89,331.95046721797667,0.0
2012-07-19,90,138.56956763051932,0.0
2012-07-20,85,-408.15810628585325,0.0
2012-07-20,87,-401.61694784261573,0.0
2012-07-20,88,-567.807386307091,0.0
2012-07-20,89,-192.1817321604554,0.0
2012-07-20,90,-358.6911491284988,0.0
2012-07-23,85,-504.23743620205965,0.0
2012-07-23,87,-496.15650650248,0.0
2012-07-23,88,-782.1786694963496,0.0
2012-07-23,89,-489.2117420169205,0.0
2012-07-23,90,-146.72758768164627,0.0
2012-07-24,85,-408.1525687850896,0.0
2012-07-24,87,-401.61149908606495,0.0
2012-07-24,88,-162.2312720451434,0.0
2012-07-24,89,-471.72365897351705,0.0
2012-07-24,90,-317.9272221849728,0.0
2012-07-25,85,68.02450521405433,0.0
2012-07-25,87,66.9343417215857,0.0
2012-07-25,88,-34.770336683965475,0.0
2012-07-25,89,0.0,0.0
2012-07-25,90,97.81973400890172,0.0
2012-07-26,85,264.1166364222344,0.0
2012-07-26,87,259.88389244452975,0.0
2012-07-26,88,961.7982086598423,0.0
2012-07-26,89,139.76873505751294,0.0
2012-07-26,90,432.0569563010189,0.0
2012-07-27,85,736.303018204387,0.0
2012-07-27,87,724.5029960312739,0.0
2012-07-27,88,1083.4623663645964,0.0
2012-07-27,89,550.3487255004599,0.0
2012-07-27,90,627.6964243188186,0.0
2012-07-30,85,-108.02925656412621,0.0
2012-07-30,87,-106.29797529638088,0.0
2012-07-30,88,-46.34943104042449,0.0
2012-07-30,89,-26.19201428289137,0.0
2012-07-30,90,-81.51376056514741,0.0
2012-07-31,85,-280.13108863066077,0.0
2012-07-31,87,-275.6416963892962,0.0
2012-07-31,88,-596.770616080081,0.0
2012-07-31,89,-209.6631301568322,0.0
2012-07-31,90,-81.52584055535145,0.0
2012-07-31,85,0.0,31.3535175987154
2012-08-01,87,-507.94216692175036,0.0
2012-08-01,88,115.87977515380787,0.0
2012-08-01,89,8.726214729608548,0.0
2012-08-01,90,-195.6354413543946,0.0
2012-08-02,87,-110.2592213087755,0.0
2012-08-02,88,-388.2064398018015,0.0
2012-08-02,89,-358.16030829296534,0.0
2012-08-02,90,-146.73765434014965,0.0
2012-08-03,87,720.5798913147345,0.0
2012-08-03,88,869.0972807280746,0.0
2012-08-03,89,594.0199094307122,0.0
2012-08-03,90,627.7105176407233,0.0
2012-08-06,87,240.1884537657553,0.0
2012-08-06,88,422.9499204239194,0.0
2012-08-06,89,279.55529690712734,0.0
2012-08-06,90,0.0,0.0
2012-08-06,91,0.0,30.8724187403116
2012-08-07,87,283.5097008485779,0.0
2012-08-07,88,23.18297892385839,0.0
2012-08-07,89,358.18036343407016,0.0
2012-08-07,90,301.59306209741277,0.0
2012-08-07,91,280.5904701346223,0.0
2012-08-08,87,-47.247984303729154,0.0
2012-08-08,88,440.3361216913577,0.0
2012-08-08,89,34.94274085163219,0.0
2012-08-08,90,-40.74983362162135,0.0
2012-08-08,91,-46.76148325442077,0.0
2012-08-09,87,149.630119892305,0.0
2012-08-09,88,-5.788514252775905,0.0
2012-08-09,89,174.70479086211435,0.0
2012-08-09,90,24.459966831476173,0.0
2012-08-09,91,148.08941479327288,0.0
2012-08-10,87,-110.26467006532624,0.0
2012-08-10,88,283.89956145172334,0.0
2012-08-10,89,-26.198699329930463,0.0
2012-08-10,90,138.59372761093115,0.0
2012-08-10,91,-109.12930146751306,0.0
2012-08-13,87,-51.181986533370015,0.0
2012-08-13,88,-231.75748445669697,0.0
2012-08-13,89,-174.72038930519585,0.0
2012-08-13,90,-65.22590710670666,0.0
2012-08-13,91,-50.65497801605202,0.0
2012-08-14,87,-74.8150599461525,0.0
2012-08-14,88,-451.925545302372,0.0
2012-08-14,89,-139.7821051515828,0.0
2012-08-14,90,-40.77802026543077,0.0
2012-08-14,91,-74.04470739663644,0.0
2012-08-15,87,275.6416963892962,0.0
2012-08-15,88,139.05862237583645,0.0
2012-08-15,89,52.42859554601568,0.0
2012-08-15,90,65.22993377010425,0.0
2012-08-15,91,272.80348061135976,0.0
2012-08-16,87,330.75042014357274,0.0
2012-08-16,88,550.43564599603,0.0
2012-08-16,89,463.00412929094756,0.0
2012-08-16,90,301.6393687265283,0.0
2012-08-16,91,327.3447631863438,0.0
2012-08-17,87,224.45244484719186,0.0
2012-08-17,88,-75.33538517344002,0.0
2012-08-17,89,-43.68901072234555,0.0
2012-08-17,90,146.72557434994562,0.0
2012-08-17,91,222.14131239260854,0.0
2012-08-20,87,-70.88105771651165,0.0
2012-08-20,88,5.796777656420125,0.0
2012-08-20,89,-61.15035357760924,0.0
2012-08-20,90,-65.2118137847982,0.0
2012-08-20,91,-70.15121263500518,0.0
2012-08-21,87,-19.695438678774465,0.0
2012-08-21,88,-312.87518633017976,0.0
2012-08-21,89,43.67341227926403,0.0
2012-08-21,90,-65.21986711160089,0.0
2012-08-21,91,-19.492639517603553,0.0
2012-08-22,87,-153.57501963504737,0.0
2012-08-22,88,115.87564345198192,0.0
2012-08-22,89,262.07835560878215,0.0
2012-08-22,90,-146.73765434014965,0.0
2012-08-22,91,-151.99369485895298,0.0
2012-08-23,87,-224.44154733409036,0.0
2012-08-23,88,-509.87059750655163,0.0
2012-08-23,89,-532.8918393432194,0.0
2012-08-23,90,-244.5594016807483,0.0
2012-08-23,91,-222.1305270885597,0.0
2012-08-24,87,86.64249416564525,0.0
2012-08-24,88,52.15034039866673,0.0
2012-08-24,89,-61.14589687958594,0.0
2012-08-24,90,138.5876876158254,0.0
2012-08-24,91,85.75035739097748,0.0
2012-08-27,87,94.49596860745831,0.0
2012-08-27,88,-312.8689887774466,0.0
2012-08-27,89,-183.44437568579693,0.0
2012-08-27,90,-89.67580727967572,0.0
2012-08-27,91,93.52296650884153,0.0
2012-08-28,87,145.692485158297,0.0
2012-08-28,88,-75.32299006797369,0.0
2012-08-28,89,-69.90108014634589,0.0
2012-08-28,90,-114.13577411115189,0.0
2012-08-28,91,144.19232493029202,0.0
2012-08-29,87,98.4372358458335,0.0
2012-08-29,88,-504.0779515519574,0.0
2012-08-29,89,69.90108014634589,0.0
2012-08-29,90,-8.143926729222251,0.0
2012-08-29,91,97.42365147317201,0.0
2012-08-30,87,-318.9302509328143,0.0
2012-08-30,88,-220.15773159112356,0.0
2012-08-30,89,-279.5486118600883,0.0
2012-08-30,90,-252.71540840017457,0.0
2012-08-30,91,-315.646303394702,0.0
2012-08-31,87,129.92378370042906,0.0
2012-08-31,88,225.95864094936582,0.0
2012-08-31,89,297.0010413193137,0.0
2012-08-31,90,179.35564122275278,0.0
2012-08-31,91,128.58598997162048,0.0
2012-09-04,87,389.82583866679465,0.0
2012-09-04,88,-556.2241602488059,0.0
2012-09-04,89,-401.8225788271753,0.0
2012-09-04,90,-309.77322879724716,0.0
2012-09-04,91,385.81189643510567,0.0
2012-09-05,87,7.878901972383219,0.0
2012-09-05,88,283.9078248553714,0.0
2012-09-05,89,139.75759331245885,0.0
2012-09-05,90,-81.517787228545,0.0
2012-09-05,91,7.797774827311343,0.0
2012-09-06,87,594.5646823133761,0.0
2012-09-06,88,886.4731527409538,0.0
2012-09-06,89,777.4932536536563,0.0
2012-09-06,90,660.2862245576085,0.0
2012-09-06,91,588.4425938033626,0.0
2012-09-07,87,244.14061851723199,0.0
2012-09-07,88,869.0828197716972,0.0
2012-09-07,89,620.2498056468057,0.0
2012-09-07,90,252.7355417171813,0.0
2012-09-07,91,241.62676170751286,0.0
2012-09-10,87,-149.630119892305,0.0
2012-09-10,88,-689.4798074154929,0.0
2012-09-10,89,-52.4152254519541,0.0
2012-09-10,90,-195.65356133970064,0.0
2012-09-10,91,-148.08941479327288,0.0
2012-09-11,87,70.88832272524597,0.0
2012-09-11,88,434.55380499131496,0.0
2012-09-11,89,113.57449242560992,0.0
2012-09-11,90,163.03758778880194,0.0
2012-09-11,91,70.15840283770441,0.0
2012-09-12,87,169.30739604924364,0.0
2012-09-12,88,-5.7947118055090705,0.0
2012-09-12,89,-43.68901072234971,0.0
2012-09-12,90,122.28171417206731,0.0
2012-09-12,91,167.56407880412837,0.0
2012-09-12,87,0.0,33.268730779718936
2012-09-13,88,950.2087850488242,0.0
2012-09-13,89,794.9389980658427,0.0
2012-09-13,90,342.3771223579493,0.0
2012-09-13,91,432.5554041827784,0.0
2012-09-14,88,341.844613655903,0.0
2012-09-14,89,410.59113218799683,0.0
2012-09-14,90,187.49755462027437,0.0
2012-09-14,91,311.77437924116845,0.0
2012-09-17,88,-336.05609940312706,0.0
2012-09-17,89,-515.3970712527728,0.0
2012-09-17,90,-146.73362767674828,0.0
2012-09-17,91,-155.86561901248655,0.0
2012-09-18,88,5.788514252775905,0.0
2012-09-18,89,-87.36465135062538,0.0
2012-09-18,90,8.153993387725615,0.0
2012-09-18,91,-109.12211126481384,0.0
2012-09-18,92,0.0,32.66645324361617
2012-09-19,88,-127.45886951026688,0.0
2012-09-19,89,183.45551743084684,0.0
2012-09-19,90,73.35976717742554,0.0
2012-09-19,91,-58.46713324876182,0.0
2012-09-19,92,69.57912225127127,0.0
2012-09-19,91,0.0,33.347045637595
2012-09-20,88,-81.11976772439766,0.0
2012-09-20,89,-52.42191049898489,0.0
2012-09-20,90,-293.4672553535003,0.0
2012-09-20,92,-347.8849130303575,0.0
2012-09-21,88,-115.8694458992449,0.0
2012-09-21,89,-143.1379987631311,0.0
2012-09-21,90,-90.24960681436752,0.0
2012-09-21,92,173.93817722477922,0.0
2012-09-24,88,17.377937863794045,0.0
2012-09-24,89,-96.59001625883448,0.0
2012-09-24,90,0.0,0.0
2012-09-24,92,-69.57270331567196,0.0
2012-09-25,88,-689.4777415645781,0.0
2012-09-25,89,-526.8998088509014,0.0
2012-09-25,90,-402.0381806439883,0.0
2012-09-25,92,0.0,0.0
2012-09-25,93,0.0,32.13786157793416
2012-09-26,88,-81.11770187348276,0.0
2012-09-26,89,-158.07685053720652,0.0
2012-09-26,90,-114.8585601916935,0.0
2012-09-26,92,-347.89561125635635,0.0
2012-09-26,93,-123.32773243888131,0.0
2012-09-26,88,0.0,31.652318981997524
2012-09-26,90,0.0,29.816029128113133
2012-09-27,89,395.17987042345226,0.0
2012-09-27,92,382.68838184979165,0.0
2012-09-27,93,299.53491347787315,0.0
2012-09-28,89,-184.4203925528982,0.0
2012-09-28,92,-626.2035416806424,0.0
2012-09-28,93,-132.1715991746294,0.0
2012-10-01,89,105.37862476077744,0.0
2012-10-01,92,-104.35905497350794,0.0
2012-10-01,93,149.77934656221655,0.0
2012-10-02,89,-175.62287065490864,0.0
2012-10-02,92,-139.16252379294207,0.0
2012-10-02,93,-52.86431609774761,0.0
2012-10-02,94,0.0,31.937636412366388
2012-10-02,95,0.0,31.504715424386934
2012-10-03,89,-149.2971554313226,0.0
2012-10-03,92,-139.14968592174347,0.0
2012-10-03,93,167.38277037770516,0.0
2012-10-03,94,-1323.6937643210206,0.0
2012-10-03,95,163.3686678621287,0.0
2012-10-04,89,412.7504023802825,0.0
2012-10-04,92,382.6712646881935,0.0
2012-10-04,93,185.012135625809,0.0
2012-10-04,94,1248.5888449157335,0.0
2012-10-04,95,180.57525315963937,0.0
2012-10-05,89,158.05679539610585,0.0
2012-10-05,92,0.0,0.0
2012-10-05,93,105.72647040943993,0.0
2012-10-05,94,-553.8862464151599,0.0
2012-10-05,95,103.1909830956866,0.0
2012-10-08,89,-61.46232243923978,0.0
2012-10-08,92,-173.94031686997897,0.0
2012-10-08,93,-79.30079771871993,0.0
2012-10-08,94,-122.04012223409187,0.0
2012-10-08,95,-77.39903966505867,0.0
2012-10-09,89,-307.3539508274202,0.0
2012-10-09,92,-521.8316488359358,0.0
2012-10-09,93,-378.8205786942342,0.0
2012-10-09,94,901.2375456654466,0.0
2012-10-09,95,-369.735864452396,0.0
2012-10-10,89,-351.2657964509304,0.0
2012-10-10,92,-243.52585805684956,0.0
2012-10-10,93,-299.526266333664,0.0
2012-10-10,94,-319.18874507313734,0.0
2012-10-10,95,-292.34315461638215,0.0
2012-10-10,89,0.0,31.94742307871382
2012-10-11,92,173.9467358055783,0.0
2012-10-11,93,96.91070689236236,0.0
2012-10-11,94,422.4562186555739,0.0
2012-10-11,95,94.58663547542314,0.0
2012-10-11,92,0.0,31.13575106770179
2012-10-12,93,35.239274421750316,0.0
2012-10-12,94,-272.2499610446661,0.0
2012-10-12,95,34.39418110787911,0.0
2012-10-15,93,220.24060111729898,0.0
2012-10-15,94,0.0,0.0
2012-10-15,95,214.95888455243332,0.0
2012-10-16,93,343.57481891433406,0.0
2012-10-16,94,122.04370343375834,0.0
2012-10-16,95,335.3353535154721,0.0
2012-10-16,96,0.0,31.92557870158297
2012-10-16,97,0.0,31.03155513684779
2012-10-17,93,193.83222271498911,0.0
2012-10-17,94,-28.16613537681591,0.0
2012-10-17,95,189.18382066593537,0.0
2012-10-17,96,287.62820775683156,0.0
2012-10-17,97,169.57314046338465,0.0
2012-10-18,93,96.88260367369989,0.0
2012-10-18,94,-28.162554177149435,0.0
2012-10-18,95,94.55920621621583,0.0
2012-10-18,96,-176.41671312457572,0.0
2012-10-18,97,203.48317963521654,0.0
2012-10-19,93,-554.9996565145555,0.0
2012-10-19,94,-685.3162741747459,0.0
2012-10-19,95,-541.6898904476419,0.0
2012-10-19,96,-648.0982177206702,0.0
2012-10-19,97,-406.96218752421026,0.0
2012-10-22,93,-88.11439944975025,0.0
2012-10-22,94,-413.0663131300798,0.0
2012-10-22,95,-86.00127734230982,0.0
2012-10-22,96,-7.661251959266247,0.0
2012-10-22,97,440.8826560615991,0.0
2012-10-23,93,-325.9389683080764,0.0
2012-10-23,94,-873.0767820881338,0.0
2012-10-23,95,-318.12243838891266,0.0
2012-10-23,96,-157.2318669119513,0.0
2012-10-23,97,-644.3762650623726,0.0
2012-10-24,93,-202.63501551575908,0.0
2012-10-24,94,-319.188745073134,0.0
2012-10-24,95,-197.77550862810136,0.0
2012-10-24,96,-84.37244453024493,0.0
2012-10-24,97,67.82842183610931,0.0
2012-10-25,93,176.2071810389878,0.0
2012-10-25,94,140.81993328508347,0.0
2012-10-25,95,171.98145525445716,0.0
2012-10-25,96,126.56219083030727,0.0
2012-10-25,97,237.40156229949397,0.0
2012-10-26,93,26.427834476771267,0.0
2012-10-26,94,9.388114925657556,0.0
2012-10-26,95,25.7940533736442,0.0
2012-10-26,96,-149.5670909177452,0.0
2012-10-26,97,-169.56896871716188,0.0
2012-10-31,93,149.75556691565257,0.0
2012-10-31,94,-9.388114925657556,0.0
2012-10-31,95,146.16419250763423,0.0
2012-10-31,96,187.9085910634751,0.0
2012-10-31,97,-203.48526550832793,0.0
2012-11-01,93,572.6290217626633,0.0
2012-11-01,94,262.8618461190019,0.0
2012-11-01,95,558.8964757451565,0.0
2012-11-01,96,329.7932858123149,0.0
2012-11-01,97,305.2237265162691,0.0
2012-11-02,93,-273.10275542899933,0.0
2012-11-02,94,-666.5418349232573,0.0
2012-11-02,95,-266.5533211287744,0.0
2012-11-02,96,-498.53817487280475,0.0
2012-11-02,97,-237.39947642638256,0.0
2012-11-05,93,176.19853389478274,0.0
2012-11-05,94,244.08561626768343,0.0
2012-11-05,95,171.97301548239216,0.0
2012-11-05,96,207.08991324115962,0.0
2012-11-05,97,0.0,0.0
2012-11-06,93,352.3970677895655,0.0
2012-11-06,94,891.851221339619,0.0
2012-11-06,95,343.9460309647843,0.0
2012-11-06,96,233.93601141305027,0.0
2012-11-06,97,67.82842183610931,0.0
2012-11-07,93,-775.2726844226235,0.0
2012-11-07,94,-1267.3686559667217,0.0
2012-11-07,95,-756.680424145319,0.0
2012-11-07,96,-766.978012382072,0.0
2012-11-07,97,-373.0584059717126,0.0
2012-11-08,93,-334.7482464670042,0.0
2012-11-08,94,84.49124373111812,0.0
2012-11-08,95,-326.7204561801313,0.0
2012-11-08,96,-433.34705252024435,0.0
2012-11-08,97,-135.65684367221863,0.0
2012-11-09,93,88.10359051949793,0.0
2012-11-09,94,403.6799888042521,0.0
2012-11-09,95,85.9907276272325,0.0
2012-11-09,96,65.18055024774081,0.0
2012-11-09,97,0.0,0.0
2012-11-12,93,88.09061980318629,0.0
2012-11-12,94,-131.43002775958934,0.0
2012-11-12,95,85.97806796913108,0.0
2012-11-12,96,-88.19602243999833,0.0
2012-11-12,97,-305.22789826249186,0.0
2012-11-13,93,-88.09061980318629,0.0
2012-11-13,94,-168.98248746222956,0.0
2012-11-13,95,-85.97806796913108,0.0
2012-11-13,96,-172.56141890036355,0.0
2012-11-13,97,33.91421091805466,0.0
2012-11-14,93,-748.8362028016471,0.0
2012-11-14,94,337.96497492445576,0.0
2012-11-14,95,-730.8779309996098,0.0
2012-11-14,96,-559.9057193156117,0.0
2012-11-14,97,-373.0521483523784,0.0
2012-11-15,93,0.0,0.0
2012-11-15,94,-262.8618461190019,0.0
2012-11-15,95,0.0,0.0
2012-11-15,96,-153.38890681002866,0.0
2012-11-15,97,474.7906093603196,0.0
2012-11-16,93,88.09926694739137,0.0
2012-11-16,94,413.068103729913,0.0
2012-11-16,95,85.98650774119608,0.0
2012-11-16,96,245.4366994392993,0.0
2012-11-16,97,542.6378040544314,0.0
2012-11-19,93,590.2475780805069,0.0
2012-11-19,94,694.7025985005736,0.0
2012-11-19,95,576.0925113275821,0.0
2012-11-19,96,628.9204195779255,0.0
2012-11-19,97,440.8826560615991,0.0
2012-11-20,93,26.438643407027616,0.0
2012-11-20,94,-675.9263686492551,0.0
2012-11-20,95,25.804603088725443,0.0
2012-11-20,96,53.67810020402184,0.0
2012-11-20,97,-67.82842183610931,0.0
2012-11-21,93,44.050714366721316,0.0
2012-11-21,94,159.59258193673875,0.0
2012-11-21,95,42.994308842106165,0.0
2012-11-21,96,161.06954096146416,0.0
2012-11-21,97,33.91838266427743,0.0
2012-11-23,93,414.0425588275703,0.0
2012-11-23,94,187.75871731355133,0.0
2012-11-23,95,404.1131660161412,0.0
2012-11-23,96,302.97185588500327,0.0
2012-11-23,97,373.050062479267,0.0
2012-11-26,93,26.438643407027616,0.0
2012-11-26,94,-122.04370343375834,0.0
2012-11-26,95,25.804603088725443,0.0
2012-11-26,96,99.70552055359703,0.0
2012-11-26,97,0.0,0.0
2012-11-27,93,-70.50232849005656,0.0
2012-11-27,94,-197.14504163937565,0.0
2012-11-27,95,-68.8115715889291,0.0
2012-11-27,96,-38.35912032042921,0.0
2012-11-27,97,-169.57314046338465,0.0
2012-11-28,93,273.12869686161054,0.0
2012-11-28,94,-178.36881178806055,0.0
2012-11-28,95,266.57864044496546,0.0
2012-11-28,96,260.78210958494094,0.0
2012-11-28,97,33.91212504494327,0.0
2012-11-29,93,185.0013266955567,0.0
2012-11-29,94,356.7376235761144,0.0
2012-11-29,95,180.56470344456207,0.0
2012-11-29,96,356.64290801914535,0.0
2012-11-29,97,373.0646635910467,0.0
2012-11-30,93,-70.48503420165444,0.0
2012-11-30,94,366.131110301275,0.0
2012-11-30,95,-68.79469204480696,0.0
2012-11-30,96,-61.364020407867145,0.0
2012-11-30,97,-101.73846100794118,0.0
2012-12-03,93,-352.3905824314076,0.0
2012-12-03,94,37.54887850297709,0.0
2012-12-03,95,-343.93970113573164,0.0
2012-12-03,96,-34.52144627091636,0.0
2012-12-03,97,-135.66518716466416,0.0
2012-12-04,93,123.34070315518892,0.0
2012-12-04,94,-187.75513611388487,0.0
2012-12-04,95,120.38279879208751,0.0
2012-12-04,96,38.35207225054948,0.0
2012-12-04,97,33.920468537388814,0.0
2012-12-05,93,343.5813042724879,0.0
2012-12-05,94,-168.98248746222956,0.0
2012-12-05,95,335.34168334452085,0.0
2012-12-05,96,-38.35207225054948,0.0
2012-12-05,97,0.0,0.0
2012-12-06,93,-8.815763517077565,0.0
2012-12-06,94,-525.7236922380105,0.0
2012-12-06,95,-8.60434762026348,0.0
2012-12-06,96,49.87566650390764,0.0
2012-12-06,97,169.57731220960744,0.0
2012-12-07,93,211.42699938627268,0.0
2012-12-07,94,-122.04191283392177,0.0
2012-12-07,95,206.3566468751861,0.0
2012-12-07,96,23.008424122377797,0.0
2012-12-07,97,101.73428926171842,0.0
2012-12-10,93,167.38277037770516,0.0
2012-12-10,94,-131.43181835942255,0.0
2012-12-10,95,163.3686678621287,0.0
2012-12-10,96,138.05406876920665,0.0
2012-12-10,97,-101.73428926171842,0.0
2012-12-11,93,70.48503420164639,0.0
2012-12-11,94,75.10312880545055,0.0
2012-12-11,95,68.7946920447991,0.0
2012-12-11,96,333.6380079317074,0.0
2012-12-11,97,-33.91838266427743,0.0
2012-12-12,93,52.85999252564507,0.0
2012-12-12,94,291.02619089599455,0.0
2012-12-12,95,51.592326633320894,0.0
2012-12-12,96,-180.24381506926898,0.0
2012-12-12,97,135.65267192599583,0.0
2012-12-13,93,-105.71349969313634,0.0
2012-12-13,94,-187.75871731355465,0.0
2012-12-13,95,-103.17832343759305,0.0
2012-12-13,96,-203.2487151567069,0.0
2012-12-13,97,-135.65267192599583,0.0
2012-12-14,93,-70.47422527139004,0.0
2012-12-14,94,215.92127149069742,0.0
2012-12-14,95,-68.78414232971787,0.0
2012-12-14,96,-19.177798142744674,0.0
2012-12-14,97,169.56896871716188,0.0
2012-12-17,93,308.3333827065365,0.0
2012-12-17,94,187.75692671372144,0.0
2012-12-17,95,300.9390624645807,0.0
2012-12-17,96,444.84245449408354,0.0
2012-12-17,97,305.2258123893805,0.0
2012-12-18,93,431.67408586172144,0.0
2012-12-18,94,159.5961631364019,0.0
2012-12-18,95,421.32186125666425,0.0
2012-12-18,96,437.1847265697572,0.0
2012-12-18,97,483.3447749901211,0.0
2012-12-19,93,-184.98619419318976,0.0
2012-12-19,94,460.005097158551,0.0
2012-12-19,95,-180.54993384344047,0.0
2012-12-19,96,72.33081714072665,0.0
2012-12-19,97,514.1906665613203,0.0
2012-12-20,93,176.18772496452638,0.0
2012-12-20,94,56.32868955396534,0.0
2012-12-20,95,171.9624657673109,0.0
2012-12-20,96,162.45801072777093,0.0
2012-12-20,97,445.63636088245585,0.0
2012-12-21,93,-212.9834853431828,0.0
2012-12-21,94,-347.3512992502868,0.0
2012-12-21,95,-207.87580584688146,0.0
2012-12-21,96,-135.38285028478907,0.0
2012-12-21,97,-205.68377576773068,0.0
2012-12-24,93,-97.63274343349447,0.0
2012-12-24,94,-112.65379790826421,0.0
2012-12-24,95,-95.29135644285816,0.0
2012-12-24,96,-158.5886203637993,0.0
2012-12-24,97,0.0,0.0
2012-12-24,93,0.0,33.56277258862382
2012-12-26,94,854.2987616369754,0.0
2012-12-26,95,-112.5865593470474,0.0
2012-12-26,96,-232.07884499974148,0.0
2012-12-26,97,-34.28132458565891,0.0
2012-12-27,94,37.54887850297709,0.0
2012-12-27,95,-51.97422631925804,0.0
2012-12-27,96,-23.21986621876969,0.0
2012-12-27,97,34.28132458565891,0.0
2012-12-28,94,-140.81635208541366,0.0
2012-12-28,95,-355.13083889392425,0.0
2012-12-28,96,-228.20945463576984,0.0
2012-12-28,97,-239.95258511472517,0.0
2012-12-31,94,309.7988395476432,0.0
2012-12-31,95,588.9884830428961,0.0
2012-12-31,96,692.3918128798318,0.0
2012-12-31,97,274.2359955734955,0.0
2012-12-31,98,0.0,32.74446468754178
2013-01-02,94,422.4562186555739,0.0
2013-01-02,95,788.1903131499818,0.0
2013-01-02,96,959.298695190258,0.0
2013-01-02,97,822.7121584666975,0.0
2013-01-02,98,1089.5816872164173,0.0
2013-01-02,94,0.0,31.749877695052838
2013-01-02,95,0.0,33.61537160137544
2013-01-03,96,-77.38428324449288,0.0
2013-01-03,97,-308.5152342860391,0.0
2013-01-03,98,-215.64348441484242,0.0
2013-01-04,96,247.56697856044764,0.0
2013-01-04,97,-137.12529834263563,0.0
2013-01-04,98,-136.1989958709737,0.0
2013-01-07,96,-127.64759359178565,0.0
2013-01-07,97,-308.5194060322619,0.0
2013-01-07,98,-45.395382060586066,0.0
2013-01-08,96,-23.20577007901023,0.0
2013-01-08,97,-445.636360882452,0.0
2013-01-08,98,-124.8424405422979,0.0
2013-01-08,99,0.0,33.20078110512339
2013-01-08,100,0.0,32.785117707002215
2013-01-09,96,162.45448669283107,0.0
2013-01-09,97,445.636360882452,0.0
2013-01-09,98,56.746797513575686,0.0
2013-01-09,99,56.55739437895185,0.0
2013-01-09,100,-53.90023563291052,0.0
2013-01-10,96,77.37371113967329,0.0
2013-01-10,97,274.24016731971824,0.0
2013-01-10,98,170.24810235425636,0.0
2013-01-10,99,169.67986721742875,0.0
2013-01-10,100,296.49065153012964,0.0
2013-01-11,96,-50.28797859187183,0.0
2013-01-11,97,102.83354439141979,0.0
2013-01-11,98,45.40566181195848,0.0
2013-01-11,99,45.2541118557729,0.0
2013-01-11,100,40.42658228000343,0.0
2013-01-14,96,19.329331645158863,0.0
2013-01-14,97,205.68586164084206,0.0
2013-01-14,98,-215.65376416621484,0.0
2013-01-14,99,-214.93397907320164,0.0
2013-01-14,100,4.4977770424980505,0.0
2013-01-15,96,146.9980694465837,0.0
2013-01-15,97,-102.84188788386923,0.0
2013-01-15,98,-215.64862429052863,0.0
2013-01-15,99,-214.9288563528195,0.0
2013-01-15,100,148.24110909908225,0.0
2013-01-16,96,-100.55833700904432,0.0
2013-01-16,97,-411.35503629679306,0.0
2013-01-16,98,113.49873490283758,0.0
2013-01-16,99,113.11991147828583,0.0
2013-01-16,100,148.25516465234526,0.0
2013-01-16,96,0.0,33.849948461194984
2013-01-16,97,0.0,33.55961457499183
2013-01-17,98,136.19642593312582,0.0
2013-01-17,99,135.74184468578537,0.0
2013-01-17,100,211.13970992762472,0.0
2013-01-18,98,-45.395382060586066,0.0
2013-01-18,99,-45.243866415008625,0.0
2013-01-18,100,332.4335123209085,0.0
2013-01-22,98,90.79590399686313,0.0
2013-01-22,99,90.49285555040416,0.0
2013-01-22,100,323.4407693465849,0.0
2013-01-23,98,351.8424802858161,0.0
2013-01-23,99,350.6681396784186,0.0
2013-01-23,100,-116.7960253507962,0.0
2013-01-23,101,0.0,33.78973822632926
2013-01-23,102,0.0,33.48514036822681
2013-01-24,98,-578.8373801536482,0.0
2013-01-24,99,-576.9054012747991,0.0
2013-01-24,100,98.82740606605833,0.0
2013-01-24,101,-578.6616022929504,0.0
2013-01-24,102,-460.7298361338861,0.0
2013-01-25,98,34.038826731910234,0.0
2013-01-25,99,33.92521573068327,0.0
2013-01-25,100,323.4463915678932,0.0
2013-01-25,101,34.028490025351985,0.0
2013-01-25,102,168.4379776792851,0.0
2013-01-25,98,0.0,33.25520385472886
2013-01-28,99,113.13015691905011,0.0
2013-01-28,100,-58.38395712214556,0.0
2013-01-28,101,113.47454491806315,0.0
2013-01-28,102,74.30682817328598,0.0
2013-01-28,99,0.0,33.25733849950234
2013-01-29,100,557.0384422694804,0.0
2013-01-29,101,45.391873293161105,0.0
2013-01-29,102,4.954493710510694,0.0
2013-01-30,100,-175.1996602474974,0.0
2013-01-30,101,-102.12143827993326,0.0
2013-01-30,102,-69.34598797210492,0.0
2013-01-30,103,0.0,33.563143818861064
2013-01-30,104,0.0,32.8165063428542
2013-01-31,100,-116.7960253507962,0.0
2013-01-31,101,56.729564986772154,0.0
2013-01-31,102,-74.31105916705704,0.0
2013-01-31,103,57.17467777491166,0.0
2013-01-31,104,55.90278389823088,0.0
2013-02-01,100,323.44920267853956,0.0
2013-02-01,101,374.4392789924424,0.0
2013-02-01,102,391.3669241866812,0.0
2013-02-01,103,377.3772128810618,0.0
2013-02-01,104,368.9821718429311,0.0
2013-02-04,100,-332.4335123209085,0.0
2013-02-04,101,-442.52195061734443,0.0
2013-02-04,102,-584.587947902977,0.0
2013-02-04,103,-445.9940762946372,0.0
2013-02-04,104,-436.0726013209039,0.0
2013-02-05,100,300.97999524066256,0.0
2013-02-05,101,385.77697068605823,0.0
2013-02-05,102,485.5044201833468,0.0
2013-02-05,103,388.8038626261273,0.0
2013-02-05,104,380.1546271367582,0.0
2013-02-06,100,22.48045188048323,0.0
2013-02-06,101,-11.3274150639366,0.0
2013-02-06,102,-108.99039964377198,0.0
2013-02-06,103,-11.416292482663467,0.0
2013-02-06,104,-11.162328436547442,0.0
2013-02-07,100,-89.85996308759871,0.0
2013-02-07,101,0.0,0.0
2013-02-07,102,29.72484676620031,0.0
2013-02-07,103,0.0,0.0
2013-02-07,104,0.0,0.0
2013-02-08,100,327.9357352784157,0.0
2013-02-08,101,294.99836241457086,0.0
2013-02-08,102,341.83468006285983,0.0
2013-02-08,103,297.3129851976215,0.0
2013-02-08,104,290.6990333565764,0.0
2013-02-11,100,-175.20247135814373,0.0
2013-02-11,101,68.07239499522281,0.0
2013-02-11,102,9.917449408579252,0.0
2013-02-11,103,68.60650615117338,0.0
2013-02-11,104,67.08030262069315,0.0
2013-02-12,100,94.33806235553065,0.0
2013-02-12,101,-113.46426828838392,0.0
2013-02-12,102,-138.7173619068598,0.0
2013-02-12,103,-114.35453418102433,0.0
2013-02-12,104,-111.8106312251016,0.0
2013-02-13,100,125.78876832511457,0.0
2013-02-13,101,-11.347968323290276,0.0
2013-02-13,102,118.88669408347627,0.0
2013-02-13,103,-11.437007007462741,0.0
2013-02-13,104,-11.182582151102116,0.0
2013-02-14,100,305.4777722831501,0.0
2013-02-14,101,-90.76576248438356,0.0
2013-02-14,102,-9.902640930366783,0.0
2013-02-14,103,-91.47793085049834,0.0
2013-02-14,104,-89.44293520857745,0.0
2013-02-15,100,-408.7973331703929,0.0
2013-02-15,101,-22.70107496142017,0.0
2013-02-15,102,-99.08352771963021,0.0
2013-02-15,103,-22.87919264612651,0.0
2013-02-15,104,-22.37022773084408,0.0
2013-02-19,100,408.7973331703929,0.0
2013-02-19,101,226.93367489160747,0.0
2013-02-19,102,242.74903684634214,0.0
2013-02-19,103,228.7142469932497,0.0
2013-02-19,104,223.62632587884306,0.0
2013-02-20,100,-745.7173780911828,0.0
2013-02-20,101,-465.19990316198636,0.0
2013-02-20,102,-520.1752986725118,0.0
2013-02-20,103,-468.8499651003591,0.0
2013-02-20,104,-458.4200436228687,0.0
2013-02-20,102,0.0,33.28697965927821
2013-02-21,100,-242.5932270078759,0.0
2013-02-21,101,-272.31527155508934,0.0
2013-02-21,103,-274.4519177606986,0.0
2013-02-21,104,-268.3465276259718,0.0
2013-02-21,105,0.0,33.22047220741152
2013-02-22,100,363.8926516224628,0.0
2013-02-22,101,408.4703381752142,0.0
2013-02-22,103,411.6752873254474,0.0
2013-02-22,104,402.5172597246378,0.0
2013-02-22,105,334.863647163987,0.0
2013-02-25,100,-916.4417501814103,0.0
2013-02-25,101,-476.5504406426964,0.0
2013-02-25,103,-480.2895614234223,0.0
2013-02-25,104,-469.60515748829073,0.0
2013-02-25,105,-414.81707004460645,0.0
2013-02-26,100,336.92566714209823,0.0
2013-02-26,101,192.89490823657624,0.0
2013-02-26,103,194.4084046020625,0.0
2013-02-26,104,190.08364285417656,0.0
2013-02-26,105,124.94536344140138,0.0
2013-02-27,100,525.5961696318407,0.0
2013-02-27,101,283.6555324061202,0.0
2013-02-27,103,285.8811568213598,0.0
2013-02-27,104,279.52151463411417,0.0
2013-02-27,105,339.8468641836923,0.0
2013-02-28,100,-71.87728824960307,0.0
2013-02-28,101,-68.08524078232185,0.0
2013-02-28,103,-68.61945272917593,0.0
2013-02-28,104,-67.09296119229276,0.0
2013-02-28,105,-69.9784522810039,0.0
2013-03-01,100,44.921548211844694,0.0
2013-03-01,101,56.73213414419674,0.0
2013-03-01,103,57.17726709051699,0.0
2013-03-01,104,55.90531561255552,0.0
2013-03-01,105,139.95477042195253,0.0
2013-03-04,100,-76.3778764027422,0.0
2013-03-04,101,102.11886912250867,0.0
2013-03-04,103,102.92011648915728,0.0
2013-03-04,104,100.6305807883147,0.0
2013-03-04,105,149.9297410215641,0.0
2013-03-05,100,224.63304105508746,0.0
2013-03-05,101,465.20504147682595,0.0
2013-03-05,103,468.8551437315601,0.0
2013-03-05,104,458.4251070515086,0.0
2013-03-05,105,499.7793196255384,0.0
2013-03-06,100,40.42939339066022,0.0
2013-03-06,101,-22.698505804000362,0.0
2013-03-06,103,-22.876603330525995,0.0
2013-03-06,104,-22.367696016524153,0.0
2013-03-06,105,-84.96865200109366,0.0
2013-03-07,100,179.68619284737355,0.0
2013-03-07,101,79.43577826303672,0.0
2013-03-07,103,80.059049052244,0.0
2013-03-07,104,78.27807505771952,0.0
2013-03-07,105,89.98174698151662,0.0
2013-03-08,100,170.70469431566661,0.0
2013-03-08,101,68.08010246747745,0.0
2013-03-08,103,68.61427409797008,0.0
2013-03-08,104,67.0878977636482,0.0
2013-03-08,105,39.95963831989761,0.0
2013-03-11,100,17.98829705929876,0.0
2013-03-11,101,79.43063994819232,0.0
2013-03-11,103,80.05387042103817,0.0
2013-03-11,104,78.27301162907496,0.0
2013-03-11,105,99.96312000128198,0.0
2013-03-12,100,40.40971561609934,0.0
2013-03-12,101,-124.8173749265138,0.0
2013-03-12,103,-125.79671981968811,0.0
2013-03-12,104,-122.99827680484357,0.0
2013-03-12,105,-124.93682688119235,0.0
2013-03-13,100,-80.85597567067413,0.0
2013-03-13,101,-22.69336748915596,0.0
2013-03-13,103,-22.871424699320148,0.0
2013-03-13,104,-22.36263258787959,0.0
2013-03-13,105,-44.97913572047436,0.0
2013-03-14,100,485.1639651305394,0.0
2013-03-14,101,249.6296115381832,0.0
2013-03-14,103,251.58826100817035,0.0
2013-03-14,104,245.99149018104256,0.0
2013-03-14,105,114.95118558132047,0.0
2013-03-14,104,0.0,34.04643088147328
2013-03-14,106,0.0,33.97840604454726
2013-03-15,100,-28.411895355274197,0.0
2013-03-15,101,-143.5568091465906,0.0
2013-03-15,103,-144.6831878098247,0.0
2013-03-15,105,-95.6841691984944,0.0
2013-03-15,106,-94.47039449210125,0.0
2013-03-18,100,-288.7938305661675,0.0
2013-03-18,101,11.39164399942222,0.0
2013-03-18,103,11.481025372666627,0.0
2013-03-18,105,-75.1516077652678,0.0
2013-03-18,106,-74.19829311129371,0.0
2013-03-18,101,0.0,34.41779958749027
2013-03-19,100,-392.60533581743766,0.0
2013-03-19,103,-45.921512175080466,0.0
2013-03-19,105,-65.11901538426808,0.0
2013-03-19,106,-64.2929663686291,0.0
2013-03-20,100,198.5599897619225,0.0
2013-03-20,103,172.2257378524738,0.0
2013-03-20,105,240.45142543604695,0.0
2013-03-20,106,237.40124628148894,0.0
2013-03-21,100,-180.50141493633487,0.0
2013-03-21,103,-390.3962917204375,0.0
2013-03-21,105,-390.7268971459161,0.0
2013-03-21,106,-385.7704406198699,0.0
2013-03-21,100,0.0,35.25596871418211
2013-03-21,107,0.0,34.330732833418786
2013-03-21,108,0.0,34.32386668685211
2013-03-22,103,218.1705538679637,0.0
2013-03-22,105,330.6167084619684,0.0
2013-03-22,106,326.4227628845175,0.0
2013-03-22,107,217.58098472449475,0.0
2013-03-22,108,217.5374685275499,0.0
2013-03-25,103,-80.38530281790374,0.0
2013-03-25,105,-125.231338208267,0.0
2013-03-25,106,-123.64275117199736,0.0
2013-03-25,107,-80.16807508808587,0.0
2013-03-25,108,-80.15204147306827,0.0
2013-03-26,103,218.16278592116217,0.0
2013-03-26,105,185.34152689221466,0.0
2013-03-26,106,182.99042890734975,0.0
2013-03-26,107,217.57323776925995,0.0
2013-03-26,108,217.52972312170613,0.0
2013-03-27,103,-91.85597092817795,0.0
2013-03-27,105,45.09011100314017,0.0
2013-03-27,106,44.518133039569875,0.0
2013-03-27,107,-91.60774565147352,0.0
2013-03-27,108,-91.58942410234324,0.0
2013-03-28,103,68.89133086723454,0.0
2013-03-28,105,85.16072460570359,0.0
2013-03-28,106,84.08044210578362,0.0
2013-03-28,107,68.70516365900345,0.0
2013-03-28,108,68.69142262627166,0.0
2013-04-01,103,-229.64640060943412,0.0
2013-04-01,105,-235.43833045562002,0.0
2013-04-01,106,-232.45174351217653,0.0
2013-04-01,107,-229.02581992470078,0.0
2013-04-01,108,-228.98001476071587,0.0
2013-04-02,103,137.79819762806252,0.0
2013-04-02,105,270.500117357863,0.0
2013-04-02,106,267.0687639451136,0.0
2013-04-02,107,137.42582122846687,0.0
2013-04-02,108,137.39833606422118,0.0
2013-04-03,103,-275.5860379937278,0.0
2013-04-03,105,-315.5859600809046,0.0
2013-04-03,106,-311.58268284865557,0.0
2013-04-03,107,-274.84131318329213,0.0
2013-04-03,108,-274.78634492065555,0.0
2013-04-03,103,0.0,34.38930639025411
2013-04-04,105,10.017653400640855,0.0
2013-04-04,106,9.890577266553436,0.0
2013-04-04,107,11.457746792268846,0.0
2013-04-04,108,11.455455242910395,0.0
2013-04-05,105,-285.54153643918715,0.0
2013-04-05,106,-281.9193793210588,0.0
2013-04-05,107,-263.3784017542049,0.0
2013-04-05,108,-263.3257260738541,0.0
2013-04-05,109,0.0,34.174794819554975
2013-04-08,105,180.33910261204804,0.0
2013-04-08,106,178.05146147812067,0.0
2013-04-08,107,148.86807411026132,0.0
2013-04-08,108,148.83830049543928,0.0
2013-04-08,109,389.90051618196446,0.0
2013-04-09,105,230.43590617545738,0.0
2013-04-09,106,227.51277608295138,0.0
2013-04-09,107,240.46807280650003,0.0
2013-04-09,108,240.41997919193878,0.0
2013-04-09,109,-90.978615148135,0.0
2013-04-10,105,671.2596068847828,0.0
2013-04-10,106,662.744531307652,0.0
2013-04-10,107,606.9119670044329,0.0
2013-04-10,108,606.7905846110322,0.0
2013-04-10,109,402.8892144106005,0.0
2013-04-11,105,-15.03715080121761,0.0
2013-04-11,106,-14.846401239909566,0.0
2013-04-11,107,-114.50258068871362,0.0
2013-04-11,108,-114.4796801725759,0.0
2013-04-11,109,292.43621105166386,0.0
2013-04-12,105,-25.03773108144834,0.0
2013-04-12,106,-24.72012196233594,0.0
2013-04-12,107,-148.8784033839029,0.0
2013-04-12,108,-148.84862770322613,0.0
2013-04-12,109,188.44003390105144,0.0
2013-04-15,105,-691.2949136860645,0.0
2013-04-15,106,-682.5256858407588,0.0
2013-04-15,107,-572.5516382196939,0.0
2013-04-15,108,-572.4371278920502,0.0
2013-04-15,109,-929.2547669373834,0.0
2013-04-16,105,455.8395101100304,0.0
2013-04-16,106,450.0570857844513,0.0
2013-04-16,107,423.6887287462559,0.0
2013-04-16,108,423.60399100050665,0.0
2013-04-16,109,493.8736023135038,0.0
2013-04-17,105,-681.2687237252186,0.0
2013-04-17,106,-672.6266803021418,0.0
2013-04-17,107,-709.9697124929261,0.0
2013-04-17,108,-709.8277185504276,0.0
2013-04-17,109,-357.4056795913013,0.0
2013-04-18,105,-470.8873316115004,0.0
2013-04-18,106,-464.9140223644364,0.0
2013-04-18,107,-354.9913120424968,0.0
2013-04-18,108,-354.9203137800884,0.0
2013-04-18,109,-376.9147043307126,0.0
2013-04-19,105,460.8718123509108,0.0
2013-04-19,106,455.02555216589883,0.0
2013-04-19,107,45.810328621768164,0.0
2013-04-19,108,45.80116655604382,0.0
2013-04-19,109,409.40954092137576,0.0
2013-04-22,105,350.6520152632502,0.0
2013-04-22,106,346.2039174176244,0.0
2013-04-22,107,263.3732371173769,0.0
2013-04-22,108,263.3205624699535,0.0
2013-04-22,109,149.46239370560681,0.0
2013-04-23,105,330.620976742071,0.0
2013-04-23,106,326.42697702054926,0.0
2013-04-23,107,366.44905883475604,0.0
2013-04-23,108,366.3757690229892,0.0
2013-04-23,109,350.9026713448308,0.0
2013-04-24,105,-15.020077680807484,0.0
2013-04-24,106,-14.829544695782506,0.0
2013-04-24,107,57.244834548318195,0.0
2013-04-24,108,57.233385581408534,0.0
2013-04-24,109,25.988941966808614,0.0
2013-04-25,105,185.33725861211212,0.0
2013-04-25,106,182.98621477131798,0.0
2013-04-25,107,114.52065691759,0.0
2013-04-25,108,114.4977527862065,0.0
2013-04-25,109,298.9219010338295,0.0
2013-04-26,105,-110.19845568715193,0.0
2013-04-26,106,-108.80056406811956,0.0
2013-04-26,107,-11.462911429087235,0.0
2013-04-26,108,-11.460618846801419,0.0
2013-04-26,109,-155.9567428199248,0.0
2013-04-29,105,320.5969209212763,0.0
2013-04-29,106,316.5300785499482,0.0
2013-04-29,107,492.4119686341357,0.0
2013-04-29,108,492.31348624040896,0.0
2013-04-29,109,123.46479260664577,0.0
2013-04-30,105,255.4736372569057,0.0
2013-04-30,106,252.23289804528733,0.0
2013-04-30,107,377.8887293981389,0.0
2013-04-30,108,377.8131516522593,0.0
2013-04-30,109,97.48162339460544,0.0
2013-05-01,105,-165.3104883710355,0.0
2013-05-01,106,-163.21348851027463,0.0
2013-05-01,107,-309.18356573914025,0.0
2013-05-01,108,-309.12172902599247,0.0
2013-05-01,109,-188.46023854274043,0.0
2013-05-02,105,445.8303932695946,0.0
2013-05-02,106,440.1749367899614,0.0
2013-05-02,107,446.5913107387308,0.0
2013-05-02,108,446.50199247658304,0.0
2013-05-02,109,344.41986774004937,0.0
2013-05-03,105,420.7883939080437,0.0
2013-05-03,106,415.4506006915937,0.0
2013-05-03,107,332.09131236842876,0.0
2013-05-03,108,332.02489410595507,0.0
2013-05-03,109,448.38718111682044,0.0
2013-05-06,105,140.27702556968967,0.0
2013-05-06,106,138.49758068397045,0.0
2013-05-06,107,171.7680737843198,0.0
2013-05-06,108,171.73372016956296,0.0
2013-05-06,109,116.96178436017533,0.0
2013-05-07,105,-20.0481116415893,0.0
2013-05-07,106,-19.793796941202167,0.0
2013-05-07,107,-22.89741735564688,0.0
2013-05-07,108,-22.892837872175754,0.0
2013-05-07,109,305.4220229029158,0.0
2013-05-08,105,175.33241005177888,0.0
2013-05-08,106,173.10827991285984,0.0
2013-05-08,107,286.2706544730238,0.0
2013-05-08,108,286.2134003421292,0.0
2013-05-08,109,25.997601098961038,0.0
2013-05-09,105,-50.09680356340933,0.0
2013-05-09,106,-49.46131460483071,0.0
2013-05-09,107,-103.05516317008636,0.0
2013-05-09,108,-103.03455213745235,0.0
2013-05-09,109,64.99255955871052,0.0
2013-05-10,105,220.40971621461145,0.0
2013-05-10,106,217.61377054433441,0.0
2013-05-10,107,103.05516317008636,0.0
2013-05-10,108,103.03455213745235,0.0
2013-05-10,109,285.9129981635045,0.0
2013-05-13,105,45.0943792832427,0.0
2013-05-13,106,44.52234717560164,0.0
2013-05-13,107,-91.61549260669871,0.0
2013-05-13,108,-91.59716950817737,0.0
2013-05-13,109,6.503008246470436,0.0
2013-05-14,105,190.34395117238128,0.0
2013-05-14,106,187.9293963365788,0.0
2013-05-14,107,114.53356850963357,0.0
2013-05-14,108,114.51066179593165,0.0
2013-05-14,109,376.9089315759443,0.0
2013-05-15,105,75.15587604537033,0.0
2013-05-15,106,74.20250724732547,0.0
2013-05-15,107,114.4999983702972,0.0
2013-05-15,108,114.47709837062317,0.0
2013-05-15,109,201.44605039399232,0.0
2013-05-16,105,-40.087686722973544,0.0
2013-05-16,106,-39.5791656103408,0.0
2013-05-16,107,194.66807345837827,0.0
2013-05-16,108,194.62913984368663,0.0
2013-05-16,109,-435.3869373786478,0.0
2013-05-17,105,355.6629761036218,0.0
2013-05-17,106,351.15131311891696,0.0
2013-05-17,107,366.4438941979329,0.0
2013-05-17,108,366.37060541909335,0.0
2013-05-17,109,357.40279321391716,0.0
2013-05-20,105,-55.09922784357597,0.0
2013-05-20,106,-54.40028203405978,0.0
2013-05-20,107,0.0,0.0
2013-05-20,108,0.0,0.0
2013-05-20,109,-110.46743524585732,0.0
2013-05-20,105,0.0,37.16460204583614
2013-05-21,106,39.57495147430904,0.0
2013-05-21,107,-114.51290996235521,0.0
2013-05-21,108,-114.49000738036275,0.0
2013-05-21,109,168.968532067634,0.0
2013-05-22,106,-321.4711530471931,0.0
2013-05-22,107,-400.7964760274274,0.0
2013-05-22,108,-400.71631673222197,0.0
2013-05-22,109,-357.4143387234537,0.0
2013-05-23,106,-84.09729864991068,0.0
2013-05-23,107,-11.444835200206043,0.0
2013-05-23,108,-11.442546233166002,0.0
2013-05-23,109,-77.9841441647307,0.0
2013-05-24,106,-19.772726261043342,0.0
2013-05-24,107,-57.257746140380995,0.0
2013-05-24,108,-57.24629459115293,0.0
2013-05-24,109,-110.46743524585732,0.0
2013-05-24,110,0.0,36.78854894556907
2013-05-28,106,237.3949250774413,0.0
2013-05-28,107,171.7680737843198,0.0
2013-05-28,108,171.73372016956296,0.0
2013-05-28,109,357.4056795912959,0.0
2013-05-28,110,200.17403123602685,0.0
2013-05-29,106,-173.10406577682807,0.0
2013-05-29,107,-91.6051633330523,0.0
2013-05-29,108,-91.58684230038571,0.0
2013-05-29,109,-383.4061670676411,0.0
2013-05-29,110,-469.97671796292985,0.0
2013-05-30,106,192.88522030993494,0.0
2013-05-30,107,229.00774369581478,0.0
2013-05-30,108,228.96194214707566,0.0
2013-05-30,109,0.0,0.0
2013-05-30,110,0.0,0.0
2013-05-31,106,-336.3175542871027,0.0
2013-05-31,107,-343.5361475686444,0.0
2013-05-31,108,-343.4674403391307,0.0
2013-05-31,109,-415.89523090354135,0.0
2013-05-31,110,-661.4343588689409,0.0
2013-06-03,106,64.28664516458144,0.0
2013-06-03,107,183.22840289500505,0.0
2013-06-03,108,183.19175721442608,0.0
2013-06-03,109,162.45975106639526,0.0
2013-06-03,110,530.8823004836064,0.0
2013-06-04,106,-187.92518220054706,0.0
2013-06-04,107,-160.32065626571176,0.0
2013-06-04,108,-160.28859213445864,0.0
2013-06-04,109,-129.96491447573206,0.0
2013-06-04,110,-443.86318772044973,0.0
2013-06-05,106,-469.85931099771705,0.0
2013-06-05,107,-354.9809827688408,0.0
2013-06-05,108,-354.9099865722871,0.0
2013-06-05,109,-604.3439239367452,0.0
2013-06-05,110,-644.0305363163095,0.0
2013-06-06,106,173.1124940488916,0.0
2013-06-06,107,80.15258117761147,0.0
2013-06-06,108,80.13655066137596,0.0
2013-06-06,109,376.8973860664131,0.0
2013-06-06,110,295.9028516890365,0.0
2013-06-07,106,489.6362513947921,0.0
2013-06-07,107,332.09131236843837,0.0
2013-06-07,108,332.02489410596473,0.0
2013-06-07,109,662.8363616263641,0.0
2013-06-07,110,-182.76575358995217,0.0
2013-06-10,106,14.829544695782506,0.0
2013-06-10,107,80.14999885920949,0.0
2013-06-10,108,80.13396885943766,0.0
2013-06-10,109,-110.4818671327834,0.0
2013-06-10,110,-478.67306037243617,0.0
2013-06-11,106,-361.0503186575339,0.0
2013-06-11,107,-377.8809824429041,0.0
2013-06-11,108,-377.8054062464156,0.0
2013-06-11,109,-363.8913695734615,0.0
2013-06-11,110,-661.4432690558317,0.0
2013-06-11,106,0.0,35.951283326770465
2013-06-12,107,-240.47065512491164,0.0
2013-06-12,108,-240.4225609938867,0.0
2013-06-12,109,-402.90653267490535,0.0
2013-06-12,110,-234.99504162164033,0.0
2013-06-13,107,412.2361465908102,0.0
2013-06-13,108,412.1536993614921,0.0
2013-06-13,109,675.8221734776214,0.0
2013-06-13,110,722.3666719503024,0.0
2013-06-13,110,0.0,34.76069287541956
2013-06-14,107,-274.83356622804774,0.0
2013-06-14,108,-274.7785995148022,0.0
2013-06-14,109,-116.96467073755947,0.0
2013-06-17,107,332.08614773161037,0.0
2013-06-17,108,332.0197305020641,0.0
2013-06-17,109,201.45470952614474,0.0
2013-06-17,111,0.0,36.262897450892474
2013-06-17,112,0.0,35.63535635363537
2013-06-18,107,286.2835660650818,0.0
2013-06-18,108,286.2263093518688,0.0
2013-06-18,109,376.8887269342553,0.0
2013-06-18,111,-221.9507523078242,0.0
2013-06-18,112,152.70885550627816,0.0
2013-06-18,107,0.0,36.55226779277791
2013-06-18,108,0.0,36.54495733921936
2013-06-19,109,-422.380920885707,0.0
2013-06-19,111,-1301.1137350311294,0.0
2013-06-19,112,-1104.8952421227764,0.0
2013-06-20,109,-961.7496035280466,0.0
2013-06-20,111,-1109.7807947476842,0.0
2013-06-20,112,-1554.0505657300387,0.0
2013-06-21,109,69.09121544419122,0.0
2013-06-21,111,0.0,0.0
2013-06-21,112,476.08974459877516,0.0
2013-06-21,112,0.0,33.60520914588762
2013-06-24,109,-325.95282523631846,0.0
2013-06-24,111,-665.8711801694703,0.0
2013-06-24,113,0.0,35.02308587290428
2013-06-24,114,0.0,35.0160812557297
2013-06-24,115,0.0,35.00907803947855
2013-06-25,109,319.4296123481591,0.0
2013-06-25,111,535.763050651381,0.0
2013-06-25,113,745.3677065152167,0.0
2013-06-25,114,27.658659444581012,0.0
2013-06-25,115,69.40822979654598,0.0
2013-06-26,109,449.8332561862752,0.0
2013-06-26,111,619.9444621328918,0.0
2013-06-26,113,563.8183902913935,0.0
2013-06-26,114,-96.80062807981618,0.0
2013-06-26,115,55.52288765033007,0.0
2013-06-27,109,312.91505859215204,0.0
2013-06-27,111,439.3031558381907,0.0
2013-06-27,113,729.0246482217385,0.0
2013-06-27,114,-13.834009698507863,0.0
2013-06-27,115,-83.29049178701203,0.0
2013-06-28,109,130.38632557381132,0.0
2013-06-28,111,-335.52807478642944,0.0
2013-06-28,113,212.99294948047222,0.0
2013-06-28,114,-179.7797263977041,0.0
2013-06-28,115,-485.8483681085493,0.0
2013-07-01,109,254.24655188209522,0.0
2013-07-01,111,-54.62059791212974,0.0
2013-07-01,113,116.18442054992929,0.0
2013-07-01,114,221.2692755566481,0.0
2013-07-01,115,-152.69256127204108,0.0
2013-07-02,109,65.20037873036333,0.0
2013-07-02,111,-1139.2172555576462,0.0
2013-07-02,113,-668.0402400371688,0.0
2013-07-02,114,138.29017723876015,0.0
2013-07-02,115,-13.882261990460314,0.0
2013-07-02,109,0.0,37.08752771559091
2013-07-03,111,-226.3030988873109,0.0
2013-07-03,113,-338.85308667346237,0.0
2013-07-03,114,318.079263588899,0.0
2013-07-03,115,166.5748232625014,0.0
2013-07-05,111,-444.7584573272616,0.0
2013-07-05,113,-232.35905776655366,0.0
2013-07-05,114,-82.97597833374303,0.0
2013-07-05,115,-374.79951265213936,0.0
2013-07-05,115,0.0,34.19007078437773
2013-07-08,111,-7.807190634507829,0.0
2013-07-08,113,48.41037904857849,0.0
2013-07-08,114,179.78596636599391,0.0
2013-07-08,114,0.0,35.52777425541481
2013-07-09,111,397.9450500496397,0.0
2013-07-09,113,474.4060613428187,0.0
2013-07-09,116,0.0,35.512789177806965
2013-07-09,117,0.0,35.50568661997141
2013-07-09,118,0.0,35.49858548264742
2013-07-10,111,-351.12353280944734,0.0
2013-07-10,113,-348.53614081650994,0.0
2013-07-10,116,109.89727941182144,0.0
2013-07-10,117,-337.43257223978486,0.0
2013-07-10,118,-8.972028590434597,0.0
2013-07-11,111,1108.01822954904,0.0
2013-07-11,113,1781.4080289880853,0.0
2013-07-11,116,178.59470166245663,0.0
2013-07-11,117,1724.6564216320744,0.0
2013-07-11,118,574.5892439321859,0.0
2013-07-12,111,-507.2024657990401,0.0
2013-07-12,113,-406.6344656747907,0.0
2013-07-12,116,137.38244704180136,0.0
2013-07-12,117,-393.68001663343,0.0
2013-07-12,118,-125.69097863868289,0.0
2013-07-15,111,928.5555711479192,0.0
2013-07-15,113,387.270803222023,0.0
2013-07-15,116,-96.16709305628605,0.0
2013-07-15,117,374.933236416855,0.0
2013-07-15,118,89.7604591666912,0.0
2013-07-16,111,-148.2528191090872,0.0
2013-07-16,113,154.90929962214196,0.0
2013-07-16,116,41.2153539855153,0.0
2013-07-16,117,149.97424173260035,0.0
2013-07-16,118,-269.32824630614306,0.0
2013-07-17,111,546.2005724795837,0.0
2013-07-17,113,348.54103248316466,0.0
2013-07-17,116,-27.475869535388263,0.0
2013-07-17,117,337.43730806906785,0.0
2013-07-17,118,332.19270633270725,0.0
2013-07-18,111,163.86449705724604,0.0
2013-07-18,113,-455.03995305672817,0.0
2013-07-18,116,151.12193149193416,0.0
2013-07-18,117,-440.54341530291424,0.0
2013-07-18,118,17.948520876681176,0.0
2013-07-19,111,-374.5342914295435,0.0
2013-07-19,113,-106.49647474022699,0.0
2013-07-19,116,27.472770170522455,0.0
2013-07-19,117,-103.10373931919611,0.0
2013-07-19,118,233.42450900905234,0.0
2013-07-22,111,632.0283063628902,0.0
2013-07-22,113,377.58285741232527,0.0
2013-07-22,116,-27.472770170522455,0.0
2013-07-22,117,365.5539265219682,0.0
2013-07-22,118,35.912664688722984,0.0
2013-07-23,111,491.59078785088127,0.0
2013-07-23,113,416.31262815118356,0.0
2013-07-23,116,54.951739070776526,0.0
2013-07-23,117,403.04985486975534,0.0
2013-07-23,118,107.72237113082495,0.0
2013-07-24,111,-678.8552302447962,0.0
2013-07-24,113,-396.9587490317253,0.0
2013-07-24,116,-288.5043785337413,0.0
2013-07-24,117,-384.3125463117462,0.0
2013-07-24,118,-341.1558075315096,0.0
2013-07-25,111,366.74332072017665,0.0
2013-07-25,113,222.69067862347487,0.0
2013-07-25,116,-41.209155255783685,0.0
2013-07-25,117,215.59626019185816,0.0
2013-07-25,118,341.1558075315096,0.0
2013-07-26,111,-78.02324656965042,0.0
2013-07-26,113,-87.13770395411854,0.0
2013-07-26,116,-219.8069562831061,0.0
2013-07-26,117,-84.36169493190843,0.0
2013-07-26,118,-134.6630072291175,0.0
2013-07-29,111,-358.94964668995794,0.0
2013-07-29,113,-484.0817779858842,0.0
2013-07-29,116,-13.742583814992845,0.0
2013-07-29,117,-468.66003375581016,0.0
2013-07-29,118,206.51735062937666,0.0
2013-07-30,111,-413.54861803522806,0.0
2013-07-30,113,-87.12547478748625,0.0
2013-07-30,116,-123.63986322681428,0.0
2013-07-30,117,-84.34985535870545,0.0
2013-07-30,118,-89.80732797276065,0.0
2013-07-31,111,-132.67358101121025,0.0
2013-07-31,113,-222.6833411234882,0.0
2013-07-31,116,247.27972645362857,0.0
2013-07-31,117,-215.58915644792933,0.0
2013-07-31,118,-125.68205124704647,0.0
2013-08-01,111,304.3290487778232,0.0
2013-08-01,113,687.3990108232819,0.0
2013-08-01,116,82.4338073358964,0.0
2013-08-01,117,665.5000420725274,0.0
2013-08-01,118,269.330478154047,0.0
2013-08-02,111,54.62600455384339,0.0
2013-08-02,113,-9.685499976379479,0.0
2013-08-02,116,-137.38554640667294,0.0
2013-08-02,117,-9.376941980254148,0.0
2013-08-02,118,206.4972639982082,0.0
2013-08-05,111,-522.797923822058,0.0
2013-08-05,113,-242.04700357625595,0.0
2013-08-05,116,-178.5916022975908,0.0
2013-08-05,117,-234.33593666450437,0.0
2013-08-05,118,-98.76373362784292,0.0
2013-08-06,111,-397.95045669135334,0.0
2013-08-06,113,-484.0719946525747,0.0
2013-08-06,116,-288.4981798040097,0.0
2013-08-06,117,-468.6505620972443,0.0
2013-08-06,118,-341.15134383568926,0.0
2013-08-06,116,0.0,35.100644936046415
2013-08-06,119,0.0,36.11599717964588
2013-08-07,111,-249.70034090312296,0.0
2013-08-07,113,-406.6246823414858,0.0
2013-08-07,117,-393.6705449748685,0.0
2013-08-07,118,17.9507527245934,0.0
2013-08-07,119,-126.66400473348499,0.0
2013-08-07,111,0.0,33.131246217588085
2013-08-08,113,716.4310524191329,0.0
2013-08-08,117,693.6071888668619,0.0
2013-08-08,118,538.6743473955548,0.0
2013-08-08,119,196.5580529302354,0.0
2013-08-08,113,0.0,38.029460173904404
2013-08-09,117,74.98238503701722,0.0
2013-08-09,118,215.48045182817484,0.0
2013-08-09,119,-109.20945030741967,0.0
2013-08-12,117,346.8142500493176,0.0
2013-08-12,118,-53.87904034867702,0.0
2013-08-12,119,-152.88781396662802,0.0
2013-08-13,117,224.95662676961757,0.0
2013-08-13,118,134.66523907702972,0.0
2013-08-13,119,65.5392113438123,0.0
2013-08-13,120,0.0,36.44114657510478
2013-08-13,121,0.0,35.00780874021394
2013-08-14,117,121.85051953577116,0.0
2013-08-14,118,-80.7861987283527,0.0
2013-08-14,119,-165.98482330790168,0.0
2013-08-14,120,294.4452890507571,0.0
2013-08-14,121,-32.40837039454628,0.0
2013-08-15,117,-431.1759449812216,0.0
2013-08-15,118,-269.3438692414954,0.0
2013-08-15,119,-196.57971878522005,0.0
2013-08-15,120,350.5266414951441,0.0
2013-08-15,121,-561.8541814429132,0.0
2013-08-16,117,-318.68105619392685,0.0
2013-08-16,118,-287.28792642237704,0.0
2013-08-16,119,-144.1429332464238,0.0
2013-08-16,120,14.025873807801698,0.0
2013-08-16,121,-32.42534066629687,0.0
2013-08-19,117,-693.6237642693478,0.0
2013-08-19,118,-287.29908566190494,0.0
2013-08-19,119,-563.5045141950121,0.0
2013-08-19,120,-42.06496840236688,0.0
2013-08-19,121,-108.04244726236907,0.0
2013-08-20,117,-65.60307514213042,0.0
2013-08-20,118,206.4861047586637,0.0
2013-08-20,119,214.05052260252762,0.0
2013-08-20,120,-70.10722625218867,0.0
2013-08-20,121,54.028496604791926,0.0
2013-08-20,117,0.0,36.07744802513177
2013-08-20,122,0.0,35.80054089508859
2013-08-21,118,-278.30027489657766,0.0
2013-08-21,119,-192.21404900479212,0.0
2013-08-21,120,-42.0649684023551,0.0
2013-08-21,121,-75.64134984143018,0.0
2013-08-21,122,-837.1230939574689,0.0
2013-08-22,118,430.93412148146115,0.0
2013-08-22,119,519.823442303925,0.0
2013-08-22,120,14.019547297288485,0.0
2013-08-22,121,151.26815373564557,0.0
2013-08-22,122,567.3893830237748,0.0
2013-08-23,118,296.27111425234784,0.0
2013-08-23,119,253.35780001758081,0.0
2013-08-23,120,294.45161556127033,0.0
2013-08-23,121,248.5150838401066,0.0
2013-08-23,122,418.55449775854856,0.0
2013-08-26,118,0.0,0.0
2013-08-26,119,-61.16270863589961,0.0
2013-08-26,120,210.31218899077263,0.0
2013-08-26,121,-162.070943867161,0.0
2013-08-26,122,-390.65603400278167,0.0
2013-08-27,118,-646.4011822221959,0.0
2013-08-27,119,-222.77644569963604,0.0
2013-08-27,120,364.55251530293987,0.0
2013-08-27,121,-605.0774635916539,0.0
2013-08-27,122,-818.5061034464826,0.0
2013-08-28,118,-71.84764785653498,0.0
2013-08-28,119,589.7066575731807,0.0
2013-08-28,120,56.08451569964358,0.0
2013-08-28,121,21.61042891210697,0.0
2013-08-28,122,74.40216932221033,0.0
2013-08-29,118,116.71671820034024,0.0
2013-08-29,119,-375.65613497064294,0.0
2013-08-29,120,-392.59160989750507,0.0
2013-08-29,121,183.68379710379472,0.0
2013-08-29,122,279.0433810592183,0.0
2013-08-30,118,-62.83767785166321,0.0
2013-08-30,119,-13.11325873251089,0.0
2013-08-30,120,-112.17219465454377,0.0
2013-08-30,121,-162.0685195426297,0.0
2013-08-30,122,269.73606067376045,0.0
2013-09-03,118,215.4648288928225,0.0
2013-09-03,119,262.0972642740477,0.0
2013-09-03,120,196.29896820400916,0.0
2013-09-03,121,32.422916341765585,0.0
2013-09-03,122,223.23470484737024,0.0
2013-09-04,118,341.1602712273257,0.0
2013-09-04,119,192.18696668606006,0.0
2013-09-04,120,-322.4843836453164,0.0
2013-09-04,121,324.1370390852549,0.0
2013-09-04,122,632.4701335201555,0.0
2013-09-05,118,62.86669187446394,0.0
2013-09-05,119,122.31187611243067,0.0
2013-09-05,120,-84.13310005998449,0.0
2013-09-05,121,21.603155938495057,0.0
2013-09-05,122,427.8759165843826,0.0
2013-09-06,118,-44.90254806242629,0.0
2013-09-06,119,-4.368378012296585,0.0
2013-09-06,120,210.31851550129173,0.0
2013-09-06,121,21.61770188570533,0.0
2013-09-06,122,539.4650721273218,0.0
2013-09-09,118,556.6340275117722,0.0
2013-09-09,119,406.2374892885927,0.0
2013-09-09,120,-238.36077335111352,0.0
2013-09-09,121,410.5836033827318,0.0
2013-09-09,122,976.6342106567992,0.0
2013-09-10,118,332.17708339735077,0.0
2013-09-10,119,13.102425805016043,0.0
2013-09-10,120,-336.5039309426049,0.0
2013-09-10,121,216.0945918228813,0.0
2013-09-10,122,288.34600196455654,0.0
2013-09-11,118,233.4245090090482,0.0
2013-09-11,119,279.5626516276129,0.0
2013-09-11,120,56.07818918913037,0.0
2013-09-11,121,-162.0733681916968,0.0
2013-09-11,122,27.893764275642965,0.0
2013-09-12,118,-395.0281523364582,0.0
2013-09-12,119,-218.4053594554607,0.0
2013-09-12,120,182.27942090672656,0.0
2013-09-12,121,32.41564336815368,0.0
2013-09-12,122,-446.4553112543774,0.0
2013-09-13,118,251.37302988573353,0.0
2013-09-13,119,-13.099717573142332,0.0
2013-09-13,120,-112.17219465454377,0.0
2013-09-13,121,32.410794719082084,0.0
2013-09-13,122,251.13081886307955,0.0
2013-09-16,118,421.9620928910266,0.0
2013-09-16,119,-8.739464256466881,0.0
2013-09-16,120,-462.69567289443125,0.0
2013-09-16,121,-54.01879930664874,0.0
2013-09-16,122,427.8500694437009,0.0
2013-09-17,118,-107.73576221827336,0.0
2013-09-17,119,165.99023977164407,0.0
2013-09-17,120,-378.5752258554732,0.0
2013-09-17,121,172.8810069722838,0.0
2013-09-17,122,-83.70009074742465,0.0
2013-09-18,118,879.8390823186884,0.0
2013-09-18,119,445.55559963114075,0.0
2013-09-18,120,785.1895463055175,0.0
2013-09-18,121,442.98954945274227,0.0
2013-09-18,122,1618.4187137825984,0.0
2013-09-19,118,-134.678630164474,0.0
2013-09-19,119,-91.738646490102,0.0
2013-09-19,120,-140.21128924910894,0.0
2013-09-19,121,21.617701885709845,0.0
2013-09-19,122,-213.93913316222228,0.0
2013-09-20,118,-454.7345475731016,0.0
2013-09-20,119,-301.48308041343347,0.0
2013-09-20,120,-336.5134207083747,0.0
2013-09-20,121,-251.88731926940147,0.0
2013-09-20,122,-892.9176717289407,0.0
2013-09-23,118,-288.7430912584293,0.0
2013-09-23,119,-179.9078433706523,0.0
2013-09-23,120,-266.40303120093535,0.0
2013-09-23,121,108.56367703756561,0.0
2013-09-23,122,139.51581617945422,0.0
2013-09-23,121,0.0,35.296683978926005
2013-09-24,118,-18.046722184640338,0.0
2013-09-24,119,35.09868508329548,0.0
2013-09-24,120,-14.019547297282593,0.0
2013-09-24,122,-334.849707531,0.0
2013-09-25,118,99.25027647179766,0.0
2013-09-25,119,-8.774671270820086,0.0
2013-09-25,120,56.08451569964358,0.0
2013-09-25,122,-297.62042598915116,0.0
2013-09-25,123,0.0,35.43098545061942
2013-09-26,118,252.65411058496474,0.0
2013-09-26,119,65.81003453118848,0.0
2013-09-26,120,280.4225784982179,0.0
2013-09-26,122,158.11165902988284,0.0
2013-09-26,123,131.53789185127556,0.0
2013-09-27,118,-460.1802564687883,0.0
2013-09-27,119,-127.26252397757523,0.0
2013-09-27,120,-182.27309439621334,0.0
2013-09-27,122,-455.75793215971566,0.0
2013-09-27,123,-219.24695473133835,0.0
2013-09-30,118,-135.34372084107832,0.0
2013-09-30,119,-280.85989469512066,0.0
2013-09-30,120,-154.23399980164817,0.0
2013-09-30,122,-437.16913852947295,0.0
2013-09-30,123,-219.24450687716515,0.0
2013-10-01,118,162.41603596594692,0.0
2013-10-01,119,232.60191093745618,0.0
2013-10-01,120,-238.36077335111352,0.0
2013-10-01,122,753.4042052895485,0.0
2013-10-01,123,306.9535697572279,0.0
2013-10-02,118,99.25027647179766,0.0
2013-10-02,119,83.38645939157585,0.0
2013-10-02,120,350.5298047504007,0.0
2013-10-02,122,148.81843708479246,0.0
2013-10-02,123,10.954147425086685,0.0
2013-10-03,118,-324.8231445402615,0.0
2013-10-03,119,-320.37028950069214,0.0
2013-10-03,120,-56.08451569964358,0.0
2013-10-03,122,-148.81843708479246,0.0
2013-10-03,123,-306.9535697572325,0.0
2013-10-03,118,0.0,37.84187402046139
2013-10-04,119,368.63098149023034,0.0
2013-10-04,120,112.16903139928127,0.0
2013-10-04,122,502.26163772615473,0.0
2013-10-04,123,142.51162210974786,0.0
2013-10-07,119,-302.80740579967835,0.0
2013-10-07,120,252.380320648402,0.0
2013-10-07,122,-334.82386039031394,0.0
2013-10-07,123,-153.46576953483,0.0
2013-10-08,119,-390.5541185079297,0.0
2013-10-08,120,126.18857869656976,0.0
2013-10-08,122,-372.06489063247693,0.0
2013-10-08,123,-559.0923410139047,0.0
2013-10-09,119,-127.27064867319636,0.0
2013-10-09,120,-266.3998679456787,0.0
2013-10-09,122,288.3389527443706,0.0
2013-10-09,123,131.54523541379973,0.0
2013-10-09,124,0.0,36.71533951780895
2013-10-10,119,667.0266775676378,0.0
2013-10-10,120,462.69883614968785,0.0
2013-10-10,122,911.5229135396173,0.0
2013-10-10,123,581.012875134935,0.0
2013-10-10,124,1046.8771022083063,0.0
2013-10-11,119,394.97936938957923,0.0
2013-10-11,120,-196.29896820400916,0.0
2013-10-11,122,176.7380485011171,0.0
2013-10-11,123,295.9945266237994,0.0
2013-10-11,124,205.63333803385598,0.0
2013-10-14,119,250.13500408785913,0.0
2013-10-14,120,-14.019547297282593,0.0
2013-10-14,122,232.51147861203123,0.0
2013-10-14,123,120.59843155122809,0.0
2013-10-14,124,186.92850120699336,0.0
2013-10-15,119,-136.01823762528943,0.0
2013-10-15,120,-126.18857869657565,0.0
2013-10-15,122,-390.6442853024718,0.0
2013-10-15,123,-219.26164185637757,0.0
2013-10-15,124,-280.40808364395986,0.0
2013-10-16,119,557.2918302767282,0.0
2013-10-16,120,280.428905008737,0.0
2013-10-16,122,316.25151494050937,0.0
2013-10-16,123,339.8380427200468,0.0
2013-10-16,124,803.8563913694112,0.0
2013-10-17,119,78.99370729241586,0.0
2013-10-17,120,-196.29896820400916,0.0
2013-10-17,122,251.13081886307955,0.0
2013-10-17,123,10.973730258472315,0.0
2013-10-17,124,336.5002932758666,0.0
2013-10-18,119,412.52058723560333,0.0
2013-10-18,120,210.31535224603513,0.0
2013-10-18,122,37.191685700857285,0.0
2013-10-18,123,613.8949002435944,0.0
2013-10-18,124,74.7635951857608,0.0
2013-10-21,119,-171.1412967954483,0.0
2013-10-21,120,-84.12361029420876,0.0
2013-10-21,122,-65.10659763705797,0.0
2013-10-21,123,197.31662919360159,0.0
2013-10-21,124,-74.7635951857608,0.0
2013-10-22,119,210.6300257460351,0.0
2013-10-22,120,-42.06496840236099,0.0
2013-10-22,122,390.65368426271965,0.0
2013-10-22,123,-10.954147425086685,0.0
2013-10-22,124,74.7635951857608,0.0
2013-10-23,119,-596.8049333141734,0.0
2013-10-23,120,-560.8514835069491,0.0
2013-10-23,122,-948.7263479407844,0.0
2013-10-23,123,-175.40588648926413,0.0
2013-10-23,124,-317.7898812368403,0.0
2013-10-24,119,179.90513513877858,0.0
2013-10-24,120,14.022710552539198,0.0
2013-10-24,122,-83.7118394477345,0.0
2013-10-24,123,87.69682360920133,0.0
2013-10-24,124,56.07269638932579,0.0
2013-10-25,119,228.20645060642246,0.0
2013-10-25,120,112.17219465454377,0.0
2013-10-25,122,186.0383196663934,0.0
2013-10-25,123,186.37716889356324,0.0
2013-10-25,124,168.24317762272213,0.0
2013-10-28,119,30.708641216014247,0.0
2013-10-28,120,140.20812599385235,0.0
2013-10-28,122,232.53027653252698,0.0
2013-10-28,123,120.58129657201566,0.0
2013-10-28,124,-93.46006919436996,0.0
2013-10-29,119,267.70872071637785,0.0
2013-10-29,120,-98.14948410200458,0.0
2013-10-29,122,130.20379631386808,0.0
2013-10-29,123,241.1748324148928,0.0
2013-10-29,124,112.17048123340152,0.0
2013-10-30,119,-258.91509182243675,0.0
2013-10-30,120,112.16903139929306,0.0
2013-10-30,122,-223.22530588712675,0.0
2013-10-30,123,-76.73043691324408,0.0
2013-10-30,124,-149.57457967495776,0.0
2013-10-31,119,-131.6525678448615,0.0
2013-10-31,120,-308.461673092789,0.0
2013-10-31,122,-409.2636255535201,0.0
2013-10-31,123,-120.58374442618887,0.0
2013-10-31,124,-411.26110085554814,0.0
2013-10-31,119,0.0,37.91164157533653
2013-11-01,120,-448.6856153629185,0.0
2013-11-01,122,18.60524181067652,0.0
2013-11-01,123,10.949251716744836,0.0
2013-11-01,124,93.47958243696651,0.0
2013-11-04,120,-154.23083654639154,0.0
2013-11-04,122,241.83524717792722,0.0
2013-11-04,123,142.52630923477798,0.0
2013-11-04,124,18.70204922077812,0.0
2013-11-05,120,-98.14948410200458,0.0
2013-11-05,122,-799.907910855992,0.0
2013-11-05,123,-98.67789743018415,0.0
2013-11-05,124,-205.64727606427837,0.0
2013-11-06,120,28.048584360335006,0.0
2013-11-06,122,120.91527384890163,0.0
2013-11-06,123,372.73965066207813,0.0
2013-11-06,124,186.94522684350025,0.0
2013-11-06,125,0.0,37.85916393963348
2013-11-07,120,-252.38348390365272,0.0
2013-11-07,122,-706.8864012827332,0.0
2013-11-07,123,-482.3521126839679,0.0
2013-11-07,124,-429.9687252884901,0.0
2013-11-07,125,-422.2922615290478,0.0
2013-11-07,120,0.0,35.17923548209703
2013-11-08,122,-83.71418918779646,0.0
2013-11-08,123,328.87899958661376,0.0
2013-11-08,124,878.6144113429979,0.0
2013-11-08,125,862.9280339613107,0.0
2013-11-11,122,-195.33859083166968,0.0
2013-11-11,123,43.82393326286635,0.0
2013-11-11,124,18.710412039031564,0.0
2013-11-11,125,18.37636495259408,0.0
2013-11-12,122,-204.61771433638825,0.0
2013-11-12,123,98.68768884688151,0.0
2013-11-12,124,-373.89324129309017,0.0
2013-11-12,125,-367.2179234202354,0.0
2013-11-13,122,65.10894737711995,0.0
2013-11-13,123,317.8954779114486,0.0
2013-11-13,124,336.5002932758666,0.0
2013-11-13,125,330.4925718895246,0.0
2013-11-13,126,0.0,36.136603762155026
2013-11-14,122,613.8789901498508,0.0
2013-11-14,123,-98.63628390924424,0.0
2013-11-14,124,336.48635524544943,0.0
2013-11-14,125,330.4788827022885,0.0
2013-11-14,126,216.85955128774896,0.0
2013-11-14,122,0.0,38.56300809946321
2013-11-15,123,76.73778047576369,0.0
2013-11-15,124,186.95080205566921,0.0
2013-11-15,125,183.61306846628753,0.0
2013-11-15,126,200.13509152960157,0.0
2013-11-18,123,-142.52141352644068,0.0
2013-11-18,124,-18.69926161468845,0.0
2013-11-18,125,-18.365413602796014,0.0
2013-11-18,126,-279.3774810253136,0.0
2013-11-19,123,-131.5648182471808,0.0
2013-11-19,124,56.07269638931541,0.0
2013-11-19,125,55.071600271364076,0.0
2013-11-19,126,62.5385168552851,0.0
2013-11-20,123,-120.59843155122809,0.0
2013-11-20,124,-112.13702996038776,0.0
2013-11-20,125,-110.13498703039363,0.0
2013-11-20,126,-87.56215844448732,0.0
2013-11-20,127,0.0,38.02573204681795
2013-11-21,123,317.94688284908585,0.0
2013-11-21,124,560.8161672879094,0.0
2013-11-21,125,550.8036135120354,0.0
2013-11-21,126,346.1054763367095,0.0
2013-11-21,127,540.8979139088286,0.0
2013-11-22,123,-76.75736330914931,0.0
2013-11-22,124,186.9396516313313,0.0
2013-11-22,125,183.60211711649458,0.0
2013-11-22,126,195.98936069864675,0.0
2013-11-22,127,180.30020083625752,0.0
2013-11-25,123,0.0,0.0
2013-11-25,124,56.07548399540508,0.0
2013-11-25,125,55.074338108817415,0.0
2013-11-25,126,-333.59365554210837,0.0
2013-11-25,127,54.08387647100634,0.0
2013-11-26,123,131.54278755962196,0.0
2013-11-26,124,-37.38737280504936,0.0
2013-11-26,125,-36.71987585580926,0.0
2013-11-26,126,-91.73619656230777,0.0
2013-11-26,127,-36.05950244726273,0.0
2013-11-27,123,296.0067658946609,0.0
2013-11-27,124,112.15375559689464,0.0
2013-11-27,125,110.15141405508308,0.0
2013-11-27,126,-246.02635031819096,0.0
2013-11-27,127,108.17044154195655,0.0
2013-11-29,123,153.47311309735872,0.0
2013-11-29,124,-149.541128401944,0.0
2013-11-29,125,-146.87128991089233,0.0
2013-11-29,126,-75.06577798818134,0.0
2013-11-29,127,-144.2299439892193,0.0
2013-12-02,123,-120.5935358428908,0.0
2013-12-02,124,-18.69926161469364,0.0
2013-12-02,125,-18.365413602801116,0.0
2013-12-02,126,25.015921420061844,0.0
2013-12-02,127,-18.035128423519115,0.0
2013-12-03,123,87.70171931754774,0.0
2013-12-03,124,-411.26110085554296,0.0
2013-12-03,125,-403.91863441390194,0.0
2013-12-03,126,87.57759878277766,0.0
2013-12-03,127,-396.65452691989003,0.0
2013-12-04,123,32.89181652534306,0.0
2013-12-04,124,93.47121961871308,0.0
2013-12-04,125,91.8024274769765,0.0
2013-12-04,126,-116.75469137207988,0.0
2013-12-04,127,90.15144471810571,0.0
2013-12-05,123,-120.5935358428908,0.0
2013-12-05,124,-373.8848784748315,0.0
2013-12-05,125,-367.2097099078856,0.0
2013-12-05,126,-120.94159643847559,0.0
2013-12-05,127,-360.60577887240277,0.0
2013-12-06,123,263.1076058068119,0.0
2013-12-06,124,542.1336313097174,0.0
2013-12-06,125,532.4546269339187,0.0
2013-12-06,126,112.59609359254976,0.0
2013-12-06,127,522.8789170849678,0.0
2013-12-09,123,120.5788487178379,0.0
2013-12-09,124,168.24039001663763,0.0
2013-12-09,125,165.23670351369347,0.0
2013-12-09,126,50.036989619544215,0.0
2013-12-09,127,162.2650724127384,0.0
2013-12-10,123,-76.74022832993688,0.0
2013-12-10,124,-149.55227882628193,0.0
2013-12-10,125,-146.8822412606853,0.0
2013-12-10,126,-108.42462886444437,0.0
2013-12-10,127,-144.2406983889948,0.0
2013-12-11,123,-350.7872944367917,0.0
2013-12-11,124,-542.1419941279812,0.0
2013-12-11,125,-532.4628404462736,0.0
2013-12-11,126,-508.7256926002234,0.0
2013-12-11,127,-522.8869828848094,0.0
2013-12-11,126,0.0,35.46525013312214
2013-12-12,123,-252.13387554832588,0.0
2013-12-12,124,0.0,0.0
2013-12-12,125,0.0,0.0
2013-12-12,127,0.0,0.0
2013-12-12,128,0.0,35.8546175779101
2013-12-13,123,-120.6057751137477,0.0
2013-12-13,124,37.401310835476956,0.0
2013-12-13,125,36.73356504305557,0.0
2013-12-13,127,36.07294544698711,0.0
2013-12-13,128,-117.5700364079029,0.0
2013-12-16,123,372.7396506620736,0.0
2013-12-16,124,243.0234984449898,0.0
2013-12-16,125,238.68466873765672,0.0
2013-12-16,127,234.39214310709548,0.0
2013-12-16,128,310.66085487316326,0.0
2013-12-17,123,-10.9639388417795,0.0
2013-12-17,124,-261.72276005967825,0.0
2013-12-17,125,-257.0500823404527,0.0
2013-12-17,127,-252.4272715306096,0.0
2013-12-17,128,-205.6996362167315,0.0
2013-12-18,123,295.97494379041376,0.0
2013-12-18,124,916.0101469662955,0.0
2013-12-18,125,899.6561233294597,0.0
2013-12-18,127,883.4766301575389,0.0
2013-12-18,128,541.5263130824453,0.0
2013-12-19,123,65.77628948815739,0.0
2013-12-19,124,-56.06712117715164,0.0
2013-12-19,125,-55.0661245964727,0.0
2013-12-19,127,-54.075810671174715,0.0
2013-12-19,128,104.95085595435535,0.0
2013-12-20,123,298.55987779731237,0.0
2013-12-20,124,246.02853780405954,0.0
2013-12-20,125,241.6360575068606,0.0
2013-12-20,127,237.29045384659364,0.0
2013-12-20,128,64.53113650532046,0.0
2013-12-20,123,0.0,38.51402106395692
2013-12-23,124,187.83447318445465,0.0
2013-12-23,125,184.48096293738504,0.0
2013-12-23,127,181.16324141824666,0.0
2013-12-23,128,37.95857770588765,0.0
2013-12-24,124,75.12319637065876,0.0
2013-12-24,125,73.78198139264866,0.0
2013-12-24,127,72.45507988750994,0.0
2013-12-24,128,202.43538506265773,0.0
2013-12-26,124,93.91444898612986,0.0
2013-12-26,125,92.23774363123154,0.0
2013-12-26,127,90.57893210916694,0.0
2013-12-26,128,261.48206149403853,0.0
2013-12-27,124,-18.788465009391818,0.0
2013-12-27,125,-18.45302440113973,0.0
2013-12-27,127,-18.121163621718136,0.0
2013-12-27,128,181.35246768820278,0.0
2013-12-27,129,0.0,38.437069972920035
2013-12-30,124,-75.12598397673804,0.0
2013-12-30,125,-73.78471923009181,0.0
2013-12-30,127,-72.4577684874488,0.0
2013-12-30,128,-265.6867278615416,0.0
2013-12-30,129,98.69462131420735,0.0
2013-12-31,124,206.59227452691198,0.0
2013-12-31,125,202.90387112658902,0.0
2013-12-31,127,199.25483044057717,0.0
2013-12-31,128,358.4717715781923,0.0
2013-12-31,129,26.92216583844417,0.0
2014-01-02,124,-225.38910235456763,0.0
2014-01-02,125,-221.3651090400837,0.0
2014-01-02,127,-217.38405986213695,0.0
2014-01-02,128,-531.3967718027552,0.0
2014-01-02,129,-475.5305923048986,0.0
2014-01-03,124,281.7461345645052,0.0
2014-01-03,125,276.71596873117346,0.0
2014-01-03,127,271.73948492747473,0.0
2014-01-03,128,-134.96124116764182,0.0
2014-01-03,129,-71.77485388697374,0.0
2014-01-06,124,37.560204382281945,0.0
2014-01-06,125,36.88962177759511,0.0
2014-01-06,127,36.22619564377802,0.0
2014-01-06,128,50.61143694118836,0.0
2014-01-06,129,-143.5593014187897,0.0
2014-01-07,124,18.79125261548668,0.0
2014-01-07,125,18.45576223859817,0.0
2014-01-07,127,18.123852221672028,0.0
2014-01-07,128,278.35513114995695,0.0
2014-01-07,129,206.35930055587852,0.0
2014-01-07,124,0.0,41.17030200481157
2014-01-08,125,129.1109383841525,0.0
2014-01-08,127,126.78899615329672,0.0
2014-01-08,128,-257.2670324244638,0.0
2014-01-08,129,-287.1090091927372,0.0
2014-01-09,125,147.5886033223264,0.0
2014-01-09,127,144.93435717450976,0.0
2014-01-09,128,-113.86537041559136,0.0
2014-01-09,129,197.3988362732569,0.0
2014-01-10,125,-73.79840841732792,0.0
2014-01-10,127,-72.47121148716317,0.0
2014-01-10,128,29.525928891219145,0.0
2014-01-10,129,53.849128499304975,0.0
2014-01-10,128,0.0,36.65003268254009
2014-01-13,125,-608.7253025670287,0.0
2014-01-13,127,-597.7779343214709,0.0
2014-01-13,129,-215.34374895060117,0.0
2014-01-13,130,0.0,38.98169647118183
2014-01-13,131,0.0,38.68315303197932
2014-01-14,125,332.0312365354361,0.0
2014-01-14,127,326.0599581935422,0.0
2014-01-14,129,197.3748521611514,0.0
2014-01-14,130,508.026035203915,0.0
2014-01-14,131,504.13529022655587,0.0
2014-01-15,125,479.6088885079746,0.0
2014-01-15,127,470.9835609682814,0.0
2014-01-15,129,8.977253161095458,0.0
2014-01-15,130,-114.40411860960234,0.0
2014-01-15,131,-113.52794845487621,0.0
2014-01-16,125,-258.24377946789605,0.0
2014-01-16,127,-253.59950110614946,0.0
2014-01-16,129,8.991643628354302,0.0
2014-01-16,130,54.91352709826877,0.0
2014-01-16,131,54.492968869080954,0.0
2014-01-17,125,-129.12462757139372,0.0
2014-01-17,127,-126.80243915301611,0.0
2014-01-17,129,-296.11744169956535,0.0
2014-01-17,130,-64.07327885365798,0.0
2014-01-17,131,-63.582570168260105,0.0
2014-01-21,125,36.88414610270883,0.0
2014-01-21,127,36.220818443900285,0.0
2014-01-21,129,143.57129347484243,0.0
2014-01-21,130,324.96595039835125,0.0
2014-01-21,131,322.4771810209755,0.0
2014-01-22,125,18.439335213903625,0.0
2014-01-22,127,18.107720622003765,0.0
2014-01-22,129,0.0,0.0
2014-01-22,130,183.06851919946106,0.0
2014-01-22,131,181.666479004214,0.0
2014-01-22,125,0.0,40.509037408500014
2014-01-23,127,-652.1333593868037,0.0
2014-01-23,129,-331.96649406368783,0.0
2014-01-23,130,-453.11531957028393,0.0
2014-01-23,131,-449.64511129035793,0.0
2014-01-24,127,-887.6278284708833,0.0
2014-01-24,129,-340.9485440472044,0.0
2014-01-24,130,-823.8406682407639,0.0
2014-01-24,131,-817.5312397469754,0.0
2014-01-27,127,-235.49984628397232,0.0
2014-01-27,129,-152.53175775746405,0.0
2014-01-27,130,-137.31474385657103,0.0
2014-01-27,131,-136.2631114343018,0.0
2014-01-28,127,507.20975661205944,0.0
2014-01-28,129,287.1233996600005,0.0
2014-01-28,130,292.9321224361468,0.0
2014-01-28,131,290.68868586971547,0.0
2014-01-28,132,0.0,38.70827307247515
2014-01-29,127,-452.85433154672666,0.0
2014-01-29,129,-654.9845159008069,0.0
2014-01-29,130,-215.11921594941813,0.0
2014-01-29,131,-213.47171375269963,0.0
2014-01-29,132,-619.9136039685825,0.0
2014-01-30,127,543.4413294557352,0.0
2014-01-30,129,53.817949153572265,0.0
2014-01-30,130,123.5638703649863,0.0
2014-01-30,131,122.61754975405017,0.0
2014-01-30,132,638.154688298512,0.0
2014-01-31,127,-452.88390614610427,0.0
2014-01-31,129,-179.43713471743433,0.0
2014-01-31,130,-498.88034077167225,0.0
2014-01-31,131,-495.05963859175046,0.0
2014-01-31,132,-546.9893510708948,0.0
2014-02-03,127,-960.0855969583521,0.0
2014-02-03,129,-789.5593689248694,0.0
2014-02-03,130,-681.9685402235184,0.0
2014-02-03,131,-676.745647126068,0.0
2014-02-03,132,-1002.8080203245748,0.0
2014-02-04,127,362.3076626368812,0.0
2014-02-04,129,188.4191847009509,0.0
2014-02-04,130,384.462164838934,0.0
2014-02-04,131,381.51774047251087,0.0
2014-02-04,132,455.8133246640678,0.0
2014-02-05,127,-36.23695004355854,0.0
2014-02-05,129,26.91257219360196,0.0
2014-02-05,130,-370.722537205858,0.0
2014-02-05,131,-367.88333852374996,0.0
2014-02-05,132,48.62507624780077,0.0
2014-02-06,127,579.6809680992326,0.0
2014-02-06,129,385.81562256299725,0.0
2014-02-06,130,558.3849896061417,0.0
2014-02-06,131,554.1085678419091,0.0
2014-02-06,132,796.1701523350474,0.0
2014-02-07,127,470.98087236834255,0.0
2014-02-07,129,340.9533408696255,0.0
2014-02-07,130,411.9301742465771,0.0
2014-02-07,131,408.77538463854205,0.0
2014-02-07,132,474.0517366991986,0.0
2014-02-10,127,36.23695004355854,0.0
2014-02-10,129,143.55690300757914,0.0
2014-02-10,130,-187.64277214789342,0.0
2014-02-10,131,-186.20569978805042,0.0
2014-02-10,132,-24.30452123948934,0.0
2014-02-11,127,398.5257924808276,0.0
2014-02-11,129,430.65631855547406,0.0
2014-02-11,130,498.87190637779065,0.0
2014-02-11,131,495.0512687931324,0.0
2014-02-11,132,285.6442638603909,0.0
2014-02-12,127,0.0,0.0
2014-02-12,129,-161.49222204008564,0.0
2014-02-12,130,-91.54972265517745,0.0
2014-02-12,131,-90.84858413290411,0.0
2014-02-12,132,36.4661348910469,0.0
2014-02-13,127,144.9155369749076,0.0
2014-02-13,129,188.3999974112665,0.0
2014-02-13,130,183.07976505796458,0.0
2014-02-13,131,181.6776387356995,0.0
2014-02-13,132,121.55467373509087,0.0
2014-02-14,127,54.35811366528168,0.0
2014-02-14,129,215.33655371697398,0.0
2014-02-14,130,508.0541498501922,0.0
2014-02-14,131,504.1631895552878,0.0
2014-02-14,132,237.0165153177864,0.0
2014-02-14,132,0.0,39.60775414192055
2014-02-18,127,72.45239128756606,0.0
2014-02-18,129,-215.33655371697398,0.0
2014-02-18,130,178.48864332176385,0.0
2014-02-18,131,177.12167835462182,0.0
2014-02-19,127,-543.446706655618,0.0
2014-02-19,129,-80.73771658080588,0.0
2014-02-19,130,50.35052000833993,0.0
2014-02-19,131,49.964907816730026,0.0
2014-02-19,133,0.0,39.23366596386524
2014-02-20,127,108.70009573089509,0.0
2014-02-20,129,161.50181568492783,0.0
2014-02-20,130,260.8842371508117,0.0
2014-02-20,131,258.8862410540973,0.0
2014-02-20,133,110.11408819090853,0.0
2014-02-20,127,0.0,38.83856033625027
2014-02-21,129,-80.76409910412195,0.0
2014-02-21,130,-315.80057571370764,0.0
2014-02-21,131,-313.3819998560509,0.0
2014-02-21,133,73.39486640041912,0.0
2014-02-24,129,134.59164190253642,0.0
2014-02-24,130,594.9930705167837,0.0
2014-02-24,131,590.4362837770107,0.0
2014-02-24,133,293.61214848708994,0.0
2014-02-25,129,143.5473093627369,0.0
2014-02-25,130,-18.302634723010033,0.0
2014-02-25,131,-18.162463001117064,0.0
2014-02-25,133,-238.5632751129979,0.0
2014-02-26,129,-35.882630121065766,0.0
2014-02-26,130,-251.73854271855845,0.0
2014-02-26,131,-249.81058941928154,0.0
2014-02-26,133,-55.048873374092025,0.0
2014-02-26,134,0.0,39.44869274162806
2014-02-27,129,170.46467837876,0.0
2014-02-27,130,41.20201411145948,0.0
2014-02-27,131,40.88646624904157,0.0
2014-02-27,133,201.87401263415057,0.0
2014-02-27,134,0.0,0.0
2014-02-28,129,260.2012338215563,0.0
2014-02-28,130,201.3795883163422,0.0
2014-02-28,131,199.8373118039387,0.0
2014-02-28,133,201.84677689627983,0.0
2014-02-28,134,204.924358420349,0.0
2014-03-03,129,-206.35930055587852,0.0
2014-03-03,130,-256.3156071316285,0.0
2014-03-03,131,-254.35260013600103,0.0
2014-03-03,133,-311.97448295613134,0.0
2014-03-03,134,-922.1616666945973,0.0
2014-03-04,129,511.4108240147538,0.0
2014-03-04,130,434.8098733826467,0.0
2014-03-04,131,431.4798583563682,0.0
2014-03-04,133,807.427961191938,0.0
2014-03-04,134,990.4752629761189,0.0
2014-03-05,129,-125.59999827417766,0.0
2014-03-05,130,-375.30803601280434,0.0
2014-03-05,131,-372.43371903908223,0.0
2014-03-05,133,422.0776768518987,0.0
2014-03-05,134,-444.0116763905395,0.0
2014-03-06,129,-8.989245217148218,0.0
2014-03-06,130,288.3578694877092,0.0
2014-03-06,131,286.1494650858738,0.0
2014-03-06,133,128.44646334829773,0.0
2014-03-06,134,751.3961602180436,0.0
2014-03-07,129,107.68626494256613,0.0
2014-03-07,130,77.80447209284712,0.0
2014-03-07,131,77.20860231839782,0.0
2014-03-07,133,183.5116781651142,0.0
2014-03-07,134,-273.2215242776627,0.0
2014-03-10,129,35.88982535469742,0.0
2014-03-10,130,64.07609031827992,0.0
2014-03-10,131,63.585360101127584,0.0
2014-03-10,133,18.343269452530375,0.0
2014-03-10,134,-170.7819369007767,0.0
2014-03-11,129,-17.954506322190916,0.0
2014-03-11,130,-457.70081837722506,0.0
2014-03-11,131,-454.1954918056851,0.0
2014-03-11,133,-275.25798473941836,0.0
2014-03-11,134,-409.8610396588595,0.0
2014-03-12,129,80.75210704806919,0.0
2014-03-12,130,4.568630019183225,0.0
2014-03-12,131,4.53364091809628,0.0
2014-03-12,133,-73.39758997420061,0.0
2014-03-12,134,-375.7062953211257,0.0
2014-03-13,129,-188.4191847009509,0.0
2014-03-13,130,-398.17648929036517,0.0
2014-03-13,131,-395.12703302541775,0.0
2014-03-13,133,-458.76693933074597,0.0
2014-03-13,134,-648.9360348108885,0.0
2014-03-14,129,17.954506322190916,0.0
2014-03-14,130,36.619326769145545,0.0
2014-03-14,131,36.33887566658711,0.0
2014-03-14,133,-256.9092681393199,0.0
2014-03-14,134,-444.0034611784318,0.0
2014-03-17,129,224.29941641080612,0.0
2014-03-17,130,210.54215153635334,0.0
2014-03-17,131,208.9297030359853,0.0
2014-03-17,133,422.05316468782974,0.0
2014-03-17,134,409.8528244467518,0.0
2014-03-18,129,80.75210704806919,0.0
2014-03-18,130,334.10883336596686,0.0
2014-03-18,131,331.5500427229082,0.0
2014-03-18,133,201.85767119142608,0.0
2014-03-18,134,-34.15885194378765,0.0
2014-03-19,129,-296.08146553141154,0.0
2014-03-19,130,-302.0778168683896,0.0
2014-03-19,131,-299.7643375045209,0.0
2014-03-19,133,-18.337822304962316,0.0
2014-03-19,134,-204.92846602640284,0.0
2014-03-20,129,134.58924349132587,0.0
2014-03-20,130,155.61175565031618,0.0
2014-03-20,131,154.41999456966312,0.0
2014-03-20,133,642.267723200719,0.0
2014-03-20,134,-546.471801797687,0.0
2014-03-21,129,-21.652856408861823,0.0
2014-03-21,130,109.00048359614901,0.0
2014-03-21,131,108.16569747360076,0.0
2014-03-21,133,5.520684065366727,0.0
2014-03-21,134,-170.7819369007767,0.0
2014-03-24,129,-36.04812049459384,0.0
2014-03-24,130,-82.78919887685966,0.0
2014-03-24,131,-82.15515330165515,0.0
2014-03-24,133,-18.41680594476262,0.0
2014-03-24,134,136.62308495698906,0.0
2014-03-25,129,279.52763135618284,0.0
2014-03-25,130,358.7710010756747,0.0
2014-03-25,131,356.02333388201004,0.0
2014-03-25,133,-36.82544116818076,0.0
2014-03-25,134,170.77372168866904,0.0
2014-03-26,129,-90.17066787190619,0.0
2014-03-26,130,-188.58742426262916,0.0
2014-03-26,131,-187.1431172332691,0.0
2014-03-26,133,-423.6491789267429,0.0
2014-03-26,134,273.250277520032,0.0
2014-03-27,129,-27.04208639897176,0.0
2014-03-27,130,326.5825425589801,0.0
2014-03-27,131,324.0813924227582,0.0
2014-03-27,133,-221.00711848478545,0.0
2014-03-27,134,546.4676941916332,0.0
2014-03-27,129,0.0,38.45197609859362
2014-03-28,130,505.9146252688956,0.0
2014-03-28,131,502.0400506391772,0.0
2014-03-28,133,165.7539770766958,0.0
2014-03-28,134,409.86514726491333,0.0
2014-03-31,130,0.0,0.0
2014-03-31,131,0.0,0.0
2014-03-31,133,423.6246667626689,0.0
2014-03-31,134,0.0,0.0
2014-04-01,130,243.7680405004862,0.0
2014-04-01,131,241.90112972525935,0.0
2014-04-01,133,73.68084164800361,0.0
2014-04-01,134,102.44780258898604,0.0
2014-04-02,130,147.1773617687524,0.0
2014-04-02,131,146.0501959516444,0.0
2014-04-02,133,92.10309474034443,0.0
2014-04-02,134,341.55976619549193,0.0
2014-04-02,135,0.0,39.70219605148129
2014-04-03,130,266.77987847402846,0.0
2014-04-03,131,264.73673028809606,0.0
2014-04-03,133,-73.68084164800361,0.0
2014-04-03,134,-204.93668123850287,0.0
2014-04-03,135,-192.31627813305437,0.0
2014-04-04,130,-151.77972936346714,0.0
2014-04-04,131,-150.617316064218,0.0
2014-04-04,133,-405.2105843916928,0.0
2014-04-04,134,-170.75729126445364,0.0
2014-04-04,135,-655.0792157860424,0.0
2014-04-07,130,-694.5104839254063,0.0
2014-04-07,131,-689.1915376710643,0.0
2014-04-07,133,-626.2258735978278,0.0
2014-04-07,134,-375.71861813928723,0.0
2014-04-07,135,-757.2764626893058,0.0
2014-04-08,130,409.3380038603082,0.0
2014-04-08,131,406.20306652993605,0.0
2014-04-08,133,55.23952353915681,0.0
2014-04-08,134,-819.7138641056114,0.0
2014-04-08,135,384.6536305791802,0.0
2014-04-09,130,188.570555474866,0.0
2014-04-09,131,187.12637763603306,0.0
2014-04-09,133,349.96289013116615,0.0
2014-04-09,134,546.4800170097948,0.0
2014-04-09,135,414.68189240287364,0.0
2014-04-10,130,-574.9360818664073,0.0
2014-04-10,131,-570.5329026633447,0.0
2014-04-10,133,-939.3469811181039,0.0
2014-04-10,134,-1092.9559264135357,0.0
2014-04-10,135,-967.6086442009232,0.0
2014-04-10,130,0.0,40.79699451727177
2014-04-10,131,0.0,40.48454851940925
2014-04-11,133,-478.8859788921182,0.0
2014-04-11,134,-136.6148697448814,0.0
2014-04-11,135,-522.8695127938963,0.0
2014-04-14,133,313.10476607755675,0.0
2014-04-14,134,512.3211650660071,0.0
2014-04-14,135,294.48454785585324,0.0
2014-04-15,133,368.3742489283658,0.0
2014-04-15,134,-34.15885194378765,0.0
2014-04-15,135,48.08104525011435,0.0
2014-04-16,133,313.1156603727081,0.0
2014-04-16,134,717.2496310924099,0.0
2014-04-16,135,528.8756920164616,0.0
2014-04-16,136,0.0,39.550010375588265
2014-04-16,137,0.0,39.54210037351314
2014-04-17,133,73.6753945004254,0.0
2014-04-17,134,102.46423301320142,0.0
2014-04-17,135,48.09421669577787,0.0
2014-04-17,136,49.69265838202469,0.0
2014-04-17,137,49.68271985034828,0.0
2014-04-21,133,-36.830888315748815,0.0
2014-04-21,134,0.0,0.0
2014-04-21,135,102.149829698865,0.0
2014-04-21,136,105.544843845088,0.0
2014-04-21,137,105.52373487631895,0.0
2014-04-22,133,276.2684306142399,0.0
2014-04-22,134,-273.2338470958166,0.0
2014-04-22,135,330.5664061065006,0.0
2014-04-22,136,341.55298952329247,0.0
2014-04-22,137,341.48467892538775,0.0
2014-04-23,133,92.09220044519309,0.0
2014-04-23,134,102.45601780109372,0.0
2014-04-23,135,-180.31709113359233,0.0
2014-04-23,136,-186.3100436133861,0.0
2014-04-23,137,-186.2727816046634,0.0
2014-04-24,133,-18.40863522340799,0.0
2014-04-24,134,-136.6148697448814,0.0
2014-04-24,135,210.36379298121474,0.0
2014-04-24,136,217.35536658569117,0.0
2014-04-24,137,217.311895512374,0.0
2014-04-25,133,-331.52974274368415,0.0
2014-04-25,134,-239.08321036413665,0.0
2014-04-25,135,-661.1091036108069,0.0
2014-04-25,136,-683.0814824740133,0.0
2014-04-25,137,-682.9448661775185,0.0
2014-04-28,133,-239.44026587227253,0.0
2014-04-28,134,204.93668123851052,0.0
2014-04-28,135,-96.15945621109108,0.0
2014-04-28,136,-99.35537650867913,0.0
2014-04-28,137,-99.33550543337738,0.0
2014-04-29,133,386.79922559449824,0.0
2014-04-29,134,102.44780258898604,0.0
2014-04-29,135,174.29247188709326,0.0
2014-04-29,136,180.0851923388184,0.0
2014-04-29,137,180.04917530035058,0.0
2014-04-30,133,55.236799965365165,0.0
2014-04-30,134,-102.44780258898604,0.0
2014-04-30,135,162.27484486370227,0.0
2014-04-30,136,167.66815188646015,0.0
2014-04-30,137,167.63461825608283,0.0
2014-05-01,133,73.68901236935824,0.0
2014-05-01,134,478.1582055161656,0.0
2014-05-01,135,150.251949262041,0.0
2014-05-01,136,155.2456677513032,0.0
2014-05-01,137,155.2146186177529,0.0
2014-05-02,133,-18.438594535050083,0.0
2014-05-02,134,-68.30127346335992,0.0
2014-05-02,135,96.15945621109599,0.0
2014-05-02,136,99.35537650868419,0.0
2014-05-02,137,99.33550543338244,0.0
2014-05-05,133,-165.76214779806057,0.0
2014-05-05,134,-102.47244822530911,0.0
2014-05-05,135,36.06605251585117,0.0
2014-05-05,136,37.26473056407406,0.0
2014-05-05,137,37.257277617961236,0.0
2014-05-06,133,-570.9509435994507,0.0
2014-05-06,134,-102.46834061925526,0.0
2014-05-06,135,-552.932020376315,0.0
2014-05-06,136,-571.309065512966,0.0
2014-05-06,137,-571.1948036998632,0.0
2014-05-07,133,534.1200552837018,0.0
2014-05-07,134,-170.7696140826152,0.0
2014-05-07,135,-48.07841096098164,0.0
2014-05-07,136,-49.67632733364368,0.0
2014-05-07,137,-49.66639206817695,0.0
2014-05-08,133,110.51717711132555,0.0
2014-05-08,134,-136.6066545327737,0.0
2014-05-08,135,108.17971752362457,0.0
2014-05-08,136,111.77513880244432,0.0
2014-05-08,137,111.75278377468382,0.0
2014-05-08,136,0.0,39.425818196333466
2014-05-08,138,0.0,39.428495808322474
2014-05-09,133,-18.411358797189486,0.0
2014-05-09,134,307.3762686153889,0.0
2014-05-09,135,210.3532558246839,0.0
2014-05-09,137,217.30101032425978,0.0
2014-05-09,138,-158.9842984629426,0.0
2014-05-12,133,405.19696652274985,0.0
2014-05-12,134,34.15885194378765,0.0
2014-05-12,135,480.805183922883,0.0
2014-05-12,137,496.68569105800293,0.0
2014-05-12,138,840.3539511561704,0.0
2014-05-13,133,-36.83361188953538,0.0
2014-05-13,134,512.3129498538993,0.0
2014-05-13,135,-108.1876203910276,0.0
2014-05-13,137,-111.76094766577455,0.0
2014-05-13,138,113.55477036969562,0.0
2014-05-14,133,-294.6988544279353,0.0
2014-05-14,134,-204.92025081429514,0.0
2014-05-14,135,-432.7162358053607,0.0
2014-05-14,137,-447.00841380170164,0.0
2014-05-14,138,454.2483889609679,0.0
2014-05-15,133,-460.46372579977736,0.0
2014-05-15,134,-375.7062953211257,0.0
2014-05-15,135,-276.4686444772902,0.0
2014-05-15,137,-285.6001231469602,0.0
2014-05-15,138,-283.90451041354754,0.0
2014-05-16,133,55.25314140808457,0.0
2014-05-16,134,68.31359628152146,0.0
2014-05-16,135,282.47745798898325,0.0
2014-05-16,137,291.8074016690915,0.0
2014-05-16,138,454.25131970917823,0.0
2014-05-16,133,0.0,40.06054841261462
2014-05-19,134,68.3094886754676,0.0
2014-05-19,135,174.28456901970495,0.0
2014-05-19,137,180.04101140927506,0.0
2014-05-19,138,-238.48670531316924,0.0
2014-05-20,134,-444.0034611784318,0.0
2014-05-20,135,-348.569138039405,0.0
2014-05-20,137,-360.08202281854506,0.0
2014-05-20,138,-238.4779130685273,0.0
2014-05-21,134,444.0034611784318,0.0
2014-05-21,135,462.76557194212074,0.0
2014-05-21,137,478.0502490064459,0.0
2014-05-21,138,556.4582329872758,0.0
2014-05-22,134,375.7021877150719,0.0
2014-05-22,135,204.32863657818976,0.0
2014-05-22,137,211.07740401995204,0.0
2014-05-22,138,352.0297526900071,0.0
2014-05-22,139,0.0,40.13384132731804
2014-05-23,134,375.7021877150719,0.0
2014-05-23,135,306.53115205970886,0.0
2014-05-23,137,316.65556483684213,0.0
2014-05-23,138,-11.356649336256432,0.0
2014-05-23,139,438.4444441577441,0.0
2014-05-23,134,0.0,38.902212724618266
2014-05-27,135,204.32336799992436,0.0
2014-05-27,137,211.07196142589493,0.0
2014-05-27,138,-215.76168364779315,0.0
2014-05-27,139,583.3832799446006,0.0
2014-05-28,135,-42.05906029275289,0.0
2014-05-28,137,-43.44822835792631,0.0
2014-05-28,138,499.67205555777235,0.0
2014-05-28,139,-213.78518877674392,0.0
2014-05-29,135,162.26957628543195,0.0
2014-05-29,137,167.62917566202066,0.0
2014-05-29,138,79.48775310915306,0.0
2014-05-29,139,137.69595390886815,0.0
2014-05-30,135,36.06341822672337,0.0
2014-05-30,137,37.25455632093775,0.0
2014-05-30,138,215.76754514421933,0.0
2014-05-30,139,-184.80066954845984,0.0
2014-05-30,140,0.0,40.616733182068394
2014-06-02,135,132.22550872694717,0.0
2014-06-02,137,136.59278305134367,0.0
2014-06-02,138,306.6178090860604,0.0
2014-06-02,139,-221.0280706547323,0.0
2014-06-02,140,136.0539028172176,0.0
2014-06-03,135,-72.13473932083504,0.0
2014-06-03,137,-74.51727653295103,0.0
2014-06-03,138,374.7489128589516,0.0
2014-06-03,139,-97.84711186364389,0.0
2014-06-03,140,-74.22329403601763,0.0
2014-06-04,135,192.31627813305928,0.0
2014-06-04,137,198.66828956973634,0.0
2014-06-04,138,-352.0385449346545,0.0
2014-06-04,139,159.4440871173746,0.0
2014-06-04,140,197.88451159841753,0.0
2014-06-05,135,258.4395696530637,0.0
2014-06-05,137,266.97556628352237,0.0
2014-06-05,138,340.6936185912613,0.0
2014-06-05,139,855.1440030360932,0.0
2014-06-05,140,265.92230525134374,0.0
2014-06-06,135,234.4043156062719,0.0
2014-06-06,137,242.14645219497675,0.0
2014-06-06,138,-227.11247148761797,0.0
2014-06-06,139,398.5858583252219,0.0
2014-06-06,140,241.19114596329553,0.0
2014-06-09,135,12.009724155997771,0.0
2014-06-09,137,12.406393153187151,0.0
2014-06-09,138,420.15792571468245,0.0
2014-06-09,139,369.60458702603717,0.0
2014-06-09,140,12.35744796078605,0.0
2014-06-10,135,-78.13038138686946,0.0
2014-06-10,137,-80.71094856994466,0.0
2014-06-10,138,193.05717721992772,0.0
2014-06-10,139,-83.34186053312577,0.0
2014-06-10,140,-80.39253105263292,0.0
2014-06-11,135,-120.20524741441858,0.0
2014-06-11,137,-124.1755047100423,0.0
2014-06-11,138,-181.69466638723966,0.0
2014-06-11,139,-206.54230689877375,0.0
2014-06-11,140,-123.68561261211411,0.0
2014-06-12,135,-510.8492514813678,0.0
2014-06-12,137,-527.7220836686799,0.0
2014-06-12,138,-113.56063186613815,0.0
2014-06-12,139,-257.2749593355401,0.0
2014-06-12,140,-525.6401361920406,0.0
2014-06-13,135,18.02907482422162,0.0
2014-06-13,137,18.624556863432716,0.0
2014-06-13,138,647.2879816916007,0.0
2014-06-13,139,72.47753771616141,0.0
2014-06-13,140,18.551080027110487,0.0
2014-06-16,135,90.15064269940295,0.0
2014-06-16,137,93.1282269112511,0.0
2014-06-16,138,-79.49068385735795,0.0
2014-06-16,139,202.90787424341255,0.0
2014-06-16,140,92.76082125774144,0.0
2014-06-17,135,156.26603135200432,0.0
2014-06-17,137,161.42733973394644,0.0
2014-06-17,138,-34.05822501591152,0.0
2014-06-17,139,297.117305522596,0.0
2014-06-17,140,160.79048322742455,0.0
2014-06-18,135,300.50389852407704,0.0
2014-06-18,137,310.42923723550075,0.0
2014-06-18,138,329.31352326927845,0.0
2014-06-18,139,286.26922235109794,0.0
2014-06-18,140,309.2045445665025,0.0
2014-06-19,135,-96.18316481328542,0.0
2014-06-19,137,-99.35999710663438,0.0
2014-06-19,138,-397.4475577903854,0.0
2014-06-19,139,36.22740110624823,0.0
2014-06-19,140,-98.9680061294576,0.0
2014-06-20,135,-149.51171401575115,0.0
2014-06-20,137,-154.44993415272864,0.0
2014-06-20,138,-113.57528560721174,0.0
2014-06-20,139,141.32389070606095,0.0
2014-06-20,140,-153.8406046199546,0.0
2014-06-23,135,48.233834019811184,0.0
2014-06-23,137,49.826948592861754,0.0
2014-06-23,138,-533.7302805736784,0.0
2014-06-23,139,-83.36134810768534,0.0
2014-06-23,140,49.630373363016574,0.0
2014-06-24,135,-96.45713088309155,0.0
2014-06-24,137,-99.64301199760928,0.0
2014-06-24,138,-138.2727008218267,0.0
2014-06-24,139,-456.5386571363117,0.0
2014-06-24,140,-99.24990448171573,0.0
2014-06-25,135,337.62893527128017,0.0
2014-06-25,137,348.7804762589466,0.0
2014-06-25,138,80.65126015082888,0.0
2014-06-25,139,358.7370162799795,0.0
2014-06-25,140,347.40448185787795,0.0
2014-06-26,135,30.141536256399757,0.0
2014-06-26,137,31.13708060073862,0.0
2014-06-26,138,414.82396396190626,0.0
2014-06-26,139,-72.4872815034412,0.0
2014-06-26,140,31.014239869996487,0.0
2014-06-27,135,96.46503375049457,0.0
2014-06-27,137,99.65117588870002,0.0
2014-06-27,138,92.18082363181253,0.0
2014-06-27,139,286.2659744219986,0.0
2014-06-27,140,99.25803616495884,0.0
2014-06-30,135,-18.08439489601822,0.0
2014-06-30,137,-18.68170410104253,0.0
2014-06-30,138,-195.89707224104578,0.0
2014-06-30,139,170.29217028887265,0.0
2014-06-30,140,-18.60800180978707,0.0
2014-06-30,135,0.0,40.23908525103944
2014-07-01,137,442.2216523284766,0.0
2014-07-01,138,322.63727883366755,0.0
2014-07-01,139,438.45094001593066,0.0
2014-07-01,140,440.4770176397403,0.0
2014-07-02,137,62.279603795534356,0.0
2014-07-02,138,806.591731710061,0.0
2014-07-02,139,-167.7068187306354,0.0
2014-07-02,140,62.03390086215168,0.0
2014-07-03,137,323.88332974468705,0.0
2014-07-03,138,472.43661238826206,0.0
2014-07-03,139,261.9162500098188,0.0
2014-07-03,140,322.6055585428458,0.0
2014-07-07,137,-261.59011946400994,0.0
2014-07-07,138,-92.1954773728861,0.0
2014-07-07,139,-745.6693050185803,0.0
2014-07-07,140,-260.5581048752973,0.0
2014-07-07,141,0.0,40.15868747831009
2014-07-08,137,-411.07912913368085,0.0
2014-07-08,138,-230.43887071256017,0.0
2014-07-08,139,-520.1590922151331,0.0
2014-07-08,140,-409.45735664758513,0.0
2014-07-08,141,-350.11992406742365,0.0
2014-07-09,137,504.51214131212515,0.0
2014-07-09,138,-207.40612048452422,0.0
2014-07-09,139,54.56196083771725,0.0
2014-07-09,140,502.52176074620945,0.0
2014-07-09,141,105.03159392061582,0.0
2014-07-10,137,-392.40014632967194,0.0
2014-07-10,138,-265.03342265195914,0.0
2014-07-10,139,-451.02692146504455,0.0
2014-07-10,140,-390.8520653988825,0.0
2014-07-10,141,-262.58027400731237,0.0
2014-07-11,137,137.01186279374133,0.0
2014-07-11,138,184.37337025648827,0.0
2014-07-11,139,-54.56845669591588,0.0
2014-07-11,140,136.4713292234385,0.0
2014-07-11,141,70.02450049579673,0.0
2014-07-14,137,118.3328799897324,0.0
2014-07-14,138,576.1382072564218,0.0
2014-07-14,139,214.6101627664448,0.0
2014-07-14,140,117.86603797473582,0.0
2014-07-14,141,245.08317332373574,0.0
2014-07-14,139,0.0,42.08116319861655
2014-07-14,142,0.0,41.99708495046747
2014-07-15,137,-143.23546909805412,0.0
2014-07-15,138,0.0,0.0
2014-07-15,140,-142.67038241193174,0.0
2014-07-15,141,280.09284516009564,0.0
2014-07-15,142,-413.83136818019204,0.0
2014-07-15,137,0.0,41.9480779940734
2014-07-16,138,138.26097782896346,0.0
2014-07-16,140,105.45708935344705,0.0
2014-07-16,141,-70.03739255347213,0.0
2014-07-16,142,-112.53630435328182,0.0
2014-07-17,138,-633.7391326899144,0.0
2014-07-17,140,-397.0375657819739,0.0
2014-07-17,141,-525.1631264261559,0.0
2014-07-17,142,-638.9137012059471,0.0
2014-07-18,138,311.11064610089426,0.0
2014-07-18,140,384.63674884391816,0.0
2014-07-18,141,455.1592532226572,0.0
2014-07-18,142,635.2768058351136,0.0
2014-07-21,138,-34.568175205456676,0.0
2014-07-21,140,-192.3170191414194,0.0
2014-07-21,141,-105.02901550907978,0.0
2014-07-21,142,-166.97952596506914,0.0
2014-07-21,143,0.0,41.783775123430416
2014-07-22,138,990.938725232607,0.0
2014-07-22,140,173.70359620947866,0.0
2014-07-22,141,122.53385142725014,0.0
2014-07-22,142,348.4742190162038,0.0
2014-07-22,143,352.5552747254347,0.0
2014-07-23,138,599.1797497291051,0.0
2014-07-23,140,-31.014239869996487,0.0
2014-07-23,141,87.55254211780107,0.0
2014-07-23,142,50.841982077916654,0.0
2014-07-23,143,51.43740334556012,0.0
2014-07-24,138,610.7093132100888,0.0
2014-07-24,140,93.05085129322752,0.0
2014-07-24,141,87.51128753321962,0.0
2014-07-24,142,-83.48976298252853,0.0
2014-07-24,143,-84.4675293574532,0.0
2014-07-25,138,80.65419089903922,0.0
2014-07-25,140,-465.27865151585183,0.0
2014-07-25,141,-227.57575899401974,0.0
2014-07-25,142,-377.54345046502823,0.0
2014-07-25,143,-381.96494212760473,0.0
2014-07-28,138,990.9563097219072,0.0
2014-07-28,140,80.64461323301306,0.0
2014-07-28,141,17.499679095107883,0.0
2014-07-28,142,-206.92054624968267,0.0
2014-07-28,143,-209.34383678467105,0.0
2014-07-28,140,0.0,41.534431583339625
2014-07-28,142,0.0,41.031463297994975
2014-07-28,144,0.0,42.29303416353349
2014-07-28,145,0.0,40.18838442185985
2014-07-29,138,-115.23408909735913,0.0
2014-07-29,141,-210.0683446642989,0.0
2014-07-29,143,113.84440275048337,0.0
2014-07-29,144,-529.4559766772611,0.0
2014-07-29,145,-114.03836924298173,0.0
2014-07-29,138,0.0,47.18537451831076
2014-07-30,141,175.04835918179964,0.0
2014-07-30,143,165.2883648978788,0.0
2014-07-30,144,39.51443383391072,0.0
2014-07-30,145,222.08382954366192,0.0
2014-07-31,141,-822.7711211505757,0.0
2014-07-31,143,-954.9057965171827,0.0
2014-07-31,144,-845.5340106514044,0.0
2014-07-31,145,-744.3402723719424,0.0
2014-08-01,141,-332.63571544152717,0.0
2014-08-01,143,-187.2898656339581,0.0
2014-08-01,144,-39.52940851276772,0.0
2014-08-01,145,-144.04487743067185,0.0
2014-08-04,141,315.1231442887343,0.0
2014-08-04,143,359.9076915759772,0.0
2014-08-04,144,142.23698712321462,0.0
2014-08-04,145,384.1625108637278,0.0
2014-08-04,146,0.0,41.64257318024624
2014-08-05,141,-402.6344318219539,0.0
2014-08-05,143,-102.8256156774134,0.0
2014-08-05,144,-244.95579674281123,0.0
2014-08-05,145,-276.1275414320932,0.0
2014-08-05,146,-104.4146484757207,0.0
2014-08-06,141,157.56157214436715,0.0
2014-08-06,143,128.5492364515623,0.0
2014-08-06,144,-205.448850248336,0.0
2014-08-06,145,-84.03186105529161,0.0
2014-08-06,146,130.53579351298296,0.0
2014-08-07,141,-175.05093759333568,0.0
2014-08-07,143,-198.341446716168,0.0
2014-08-07,144,39.51069016419647,0.0
2014-08-07,145,-204.10772543401382,0.0
2014-08-07,146,-201.40654933694367,0.0
2014-08-08,141,385.1218606691754,0.0
2014-08-08,143,396.6632170268667,0.0
2014-08-08,144,576.858322599097,0.0
2014-08-08,145,606.2935493180901,0.0
2014-08-08,146,402.79311819580505,0.0
2014-08-11,141,35.001936601747005,0.0
2014-08-11,143,392.9542145924372,0.0
2014-08-11,144,165.94190375385378,0.0
2014-08-11,145,180.0626535814933,0.0
2014-08-11,146,399.0267980737693,0.0
2014-08-12,141,87.52675800244066,0.0
2014-08-12,143,-286.4523904897586,0.0
2014-08-12,144,-94.81217918310023,0.0
2014-08-12,145,-102.04206048933304,0.0
2014-08-12,146,-290.8791302728664,0.0
2014-08-13,141,175.06640806255672,0.0
2014-08-13,143,323.1784013324045,0.0
2014-08-13,144,403.0060447390326,0.0
2014-08-13,145,144.07110460328585,0.0
2014-08-13,146,328.1726926482261,0.0
2014-08-14,141,245.08317332373093,0.0
2014-08-14,143,62.439793414063175,0.0
2014-08-14,144,181.74018994798956,0.0
2014-08-14,145,312.1610538864831,0.0
2014-08-14,146,63.40471717358386,0.0
2014-08-15,141,-192.55577351151564,0.0
2014-08-15,143,-80.79787973401115,0.0
2014-08-15,144,-86.91303608603233,0.0
2014-08-15,145,-78.06255656834269,0.0
2014-08-15,146,-82.04650324173535,0.0
2014-08-18,141,437.6389468352514,0.0
2014-08-18,143,605.9939362078733,0.0
2014-08-18,144,632.1860173060005,0.0
2014-08-18,145,372.1793156963861,0.0
2014-08-18,146,615.3587645521121,0.0
2014-08-19,141,70.03997096500818,0.0
2014-08-19,143,146.91060217243708,0.0
2014-08-19,144,102.72629695902512,0.0
2014-08-19,145,306.1392950543061,0.0
2014-08-19,146,149.18090966083034,0.0
2014-08-20,141,105.02643709754373,0.0
2014-08-20,143,-179.97024279256772,0.0
2014-08-20,144,450.4271090094397,0.0
2014-08-20,145,192.07994407323318,0.0
2014-08-20,146,-182.75144295006444,0.0
2014-08-21,141,472.65635390622424,0.0
2014-08-21,143,91.81338740617873,0.0
2014-08-21,144,-39.49945915505372,0.0
2014-08-21,145,-36.01253071629866,0.0
2014-08-21,146,93.23224089857906,0.0
2014-08-22,141,-140.03610893390368,0.0
2014-08-22,143,3.6893260289357865,0.0
2014-08-22,144,-150.143617559718,0.0
2014-08-22,145,78.04157483025146,0.0
2014-08-22,146,3.7463396439285686,0.0
2014-08-25,141,350.1096104212747,0.0
2014-08-25,143,198.31193210793657,0.0
2014-08-25,144,165.93816008413953,0.0
2014-08-25,145,120.06012807515867,0.0
2014-08-25,146,201.3765786197923,0.0
2014-08-26,141,87.53707164858002,0.0
2014-08-26,143,385.6280329492176,0.0
2014-08-26,144,-142.2294997837931,0.0
2014-08-26,145,5.998154376824342,0.0
2014-08-26,146,391.58740006086657,0.0
2014-08-27,141,-87.53707164858002,0.0
2014-08-27,143,-106.49854470177004,0.0
2014-08-27,144,-23.70866030034643,0.0
2014-08-27,145,42.010685093123,0.0
2014-08-27,146,-108.14433772122563,0.0
2014-08-28,141,-122.55705713108411,0.0
2014-08-28,143,-220.3593444568203,0.0
2014-08-28,144,-63.23058147368565,0.0
2014-08-28,145,-54.022730150340095,0.0
2014-08-28,146,-223.76470433187234,0.0
2014-08-29,141,192.59702809608748,0.0
2014-08-29,143,238.7043131731221,0.0
2014-08-29,144,-39.50320282476797,0.0
2014-08-29,145,-6.000777094085743,0.0
2014-08-29,146,242.3931700813023,0.0
2014-09-02,141,157.52547438287218,0.0
2014-09-02,143,235.06745755882608,0.0
2014-09-02,144,142.24073079293584,0.0
2014-09-02,145,78.03632939572378,0.0
2014-09-02,146,238.70011171231573,0.0
2014-09-03,141,-70.01160843811174,0.0
2014-09-03,143,-271.78035079782575,0.0
2014-09-03,144,-55.32395103718926,0.0
2014-09-03,145,-108.0533284524595,0.0
2014-09-03,146,-275.9803537689538,0.0
2014-09-04,141,35.01225024789597,0.0
2014-09-04,143,-165.26868849239727,0.0
2014-09-04,144,15.81700454270704,0.0
2014-09-04,145,156.07790422598015,0.0
2014-09-04,146,-167.82269572899423,0.0
2014-09-05,141,52.52739981222009,0.0
2014-09-05,143,135.88525629754403,0.0
2014-09-05,144,142.2220124443646,0.0
2014-09-05,145,138.0624593574159,0.0
2014-09-05,146,137.98518176495477,0.0
2014-09-08,141,17.476473391283516,0.0
2014-09-08,143,66.09632543385293,0.0
2014-09-08,144,-39.50320282476797,0.0
2014-09-08,145,-174.06974463919175,0.0
2014-09-08,146,67.11775602067756,0.0
2014-09-09,141,-420.14442456321075,0.0
2014-09-09,143,-506.8150143475058,0.0
2014-09-09,144,-134.34533136558218,0.0
2014-09-09,145,-414.20311437581614,0.0
2014-09-09,146,-514.6471646844346,0.0
2014-09-10,141,210.09670719119057,0.0
2014-09-10,143,249.72965904802126,0.0
2014-09-10,144,31.626521745985578,0.0
2014-09-10,145,144.06061373424023,0.0
2014-09-10,146,253.58889797718408,0.0
2014-09-11,141,105.03159392062062,0.0
2014-09-11,143,275.4598386240055,0.0
2014-09-11,144,15.798286194135787,0.0
2014-09-11,145,18.00757671678003,0.0
2014-09-11,146,279.7167031738195,0.0
2014-09-12,141,-35.01740707096805,0.0
2014-09-12,143,-455.4005668083418,0.0
2014-09-12,144,-142.24073079293584,0.0
2014-09-12,145,-120.05225992337448,0.0
2014-09-12,146,-462.43817540673257,0.0
2014-09-15,141,-17.494522272035802,0.0
2014-09-15,143,-462.7562630597867,0.0
2014-09-15,144,-15.813260872992789,0.0
2014-09-15,145,-168.06372211058323,0.0
2014-09-15,146,-469.90754413678053,0.0
2014-09-15,141,0.0,40.92896471899841
2014-09-15,144,0.0,42.648634118680974
2014-09-16,143,117.53044937850454,0.0
2014-09-16,145,210.08752079001323,0.0
2014-09-16,146,119.34672577648058,0.0
2014-09-16,147,0.0,42.94411818679366
2014-09-16,148,0.0,42.9355293631563
2014-09-17,143,110.15507672154757,0.0
2014-09-17,145,-17.999708564995828,0.0
2014-09-17,146,111.85737656830692,0.0
2014-09-17,147,112.56110263245377,0.0
2014-09-17,148,112.53859041192726,0.0
2014-09-18,143,257.08535529947227,0.0
2014-09-18,145,180.0705217332775,0.0
2014-09-18,146,261.0582667072382,0.0
2014-09-18,147,262.70065733161243,0.0
2014-09-18,148,262.64811720014603,0.0
2014-09-19,143,-536.1853289386884,0.0
2014-09-19,145,17.475165112715604,0.0
2014-09-19,146,-544.4713583297278,0.0
2014-09-19,147,-547.8967800389888,0.0
2014-09-19,148,-547.7872006829809,0.0
2014-09-22,143,-587.62929108609,0.0
2014-09-22,145,-578.2068701657504,0.0
2014-09-22,146,-596.7103183245874,0.0
2014-09-22,147,-600.4643899525229,0.0
2014-09-22,148,-600.3442970745323,0.0
2014-09-22,143,0.0,41.26960113343055
2014-09-22,146,0.0,41.90736779635836
2014-09-23,145,-349.31446661149124,0.0
2014-09-23,147,-394.050985997428,0.0
2014-09-23,148,-393.9721758002284,0.0
2014-09-23,149,0.0,41.988930275127835
2014-09-23,150,0.0,41.980532489072814
2014-09-24,145,457.7402209150697,0.0
2014-09-24,147,378.2006134028601,0.0
2014-09-24,148,378.1249732801794,0.0
2014-09-24,149,380.1194779313838,0.0
2014-09-24,150,380.0434540357976,0.0
2014-09-25,145,-596.2616557932308,0.0
2014-09-25,147,-711.2360424865687,0.0
2014-09-25,148,-711.0937952780713,0.0
2014-09-25,149,-714.8446183718789,0.0
2014-09-25,150,-714.7016494482046,0.0
2014-09-26,145,415.5774182207903,0.0
2014-09-26,147,372.53067039439526,0.0
2014-09-26,148,372.4561642603163,0.0
2014-09-26,149,374.42076751183583,0.0
2014-09-26,150,374.3458833583335,0.0
2014-09-29,145,-210.79827716785292,0.0
2014-09-29,147,-33.85210654340284,0.0
2014-09-29,148,-33.84533612209415,0.0
2014-09-29,149,-34.02386090910174,0.0
2014-09-29,150,-34.017056136919926,0.0
2014-09-30,145,-222.8365493976889,0.0
2014-09-30,147,-632.2321557446019,0.0
2014-09-30,148,-632.1057093134527,0.0
2014-09-30,149,-635.4398921005399,0.0
2014-09-30,150,-635.3128041221198,0.0
2014-10-01,145,-536.0388220369384,0.0
2014-10-01,147,-583.2702542690585,0.0
2014-10-01,148,-583.1536002182045,0.0
2014-10-01,149,-586.2295741691236,0.0
2014-10-01,150,-586.1123282542899,0.0
2014-10-01,148,0.0,40.5589950938193
2014-10-02,145,180.67899213791767,0.0
2014-10-02,147,387.600252964755,0.0
2014-10-02,149,389.56680814817736,0.0
2014-10-02,150,389.48889478654775,0.0
2014-10-03,145,511.9386731219334,0.0
2014-10-03,147,308.5796110720414,0.0
2014-10-03,149,310.14524171601147,0.0
2014-10-03,150,310.0832126676683,0.0
2014-10-06,145,-216.8200360000299,0.0
2014-10-06,147,-353.74479539119903,0.0
2014-10-06,149,-355.53957920690647,0.0
2014-10-06,150,-355.46847129106516,0.0
2014-10-07,145,-596.2616557932308,0.0
2014-10-07,147,-673.597271877227,0.0
2014-10-07,149,-677.0148811187507,0.0
2014-10-07,150,-676.8794781425271,0.0
2014-10-07,147,0.0,40.235946312290785
2014-10-07,151,0.0,40.62375920893813
2014-10-07,152,0.0,40.61563445709634
2014-10-08,145,620.3539365564613,0.0
2014-10-08,149,775.3546842096373,0.0
2014-10-08,150,775.1996132727954,0.0
2014-10-08,151,-158.75645037222293,0.0
2014-10-08,152,778.7203811937756,0.0
2014-10-09,145,-909.4534375634494,0.0
2014-10-09,149,-1111.9894988864683,0.0
2014-10-09,150,-1111.767100986691,0.0
2014-10-09,151,-476.2653715601253,0.0
2014-10-09,152,-1116.8164764994438,0.0
2014-10-10,145,-343.2953304965757,0.0
2014-10-10,149,-487.90661123906386,0.0
2014-10-10,150,-487.80902991681614,0.0
2014-10-10,151,-141.11507608350556,0.0
2014-10-10,152,-490.02453977348983,0.0
2014-10-13,145,-788.989411030035,0.0
2014-10-13,149,-158.86334105729625,0.0
2014-10-13,150,-158.83156838908482,0.0
2014-10-13,151,0.0,0.0
2014-10-13,152,-159.5529427051301,0.0
2014-10-14,145,277.048115190845,0.0
2014-10-14,149,461.45071859987297,0.0
2014-10-14,150,461.35842845615304,0.0
2014-10-14,151,-599.7390733548987,0.0
2014-10-14,152,463.4538061203968,0.0
2014-10-15,145,-319.2109178851293,0.0
2014-10-15,149,400.9103404726615,0.0
2014-10-15,150,400.83015840456704,0.0
2014-10-15,151,-493.9147049619889,0.0
2014-10-15,152,402.65063140185623,0.0
2014-10-16,145,42.16280269428427,0.0
2014-10-16,149,453.886118362125,0.0
2014-10-16,150,453.7953411384526,0.0
2014-10-16,151,388.07043878621346,0.0
2014-10-16,152,455.85636910133456,0.0
2014-10-16,151,0.0,39.1420389713916
2014-10-17,145,421.591308901183,0.0
2014-10-17,149,-121.03697183633717,0.0
2014-10-17,150,-121.0127644419699,0.0
2014-10-17,152,-121.562374957483,0.0
2014-10-20,145,536.0440674714662,0.0
2014-10-20,149,476.56307891458596,0.0
2014-10-20,150,476.4677662988031,0.0
2014-10-20,152,478.6317668971568,0.0
2014-10-21,145,758.8779941518887,0.0
2014-10-21,149,677.0249852152393,0.0
2014-10-21,150,676.8895802181963,0.0
2014-10-21,152,679.9638479026402,0.0
2014-10-21,153,0.0,40.47875874428139
2014-10-22,145,-343.31368951740546,0.0
2014-10-22,149,-597.6067868152426,0.0
2014-10-22,150,-597.4872654578796,0.0
2014-10-22,152,-600.2009071591918,0.0
2014-10-22,153,-453.99645732182915,0.0
2014-10-22,145,0.0,39.46154554177324
2014-10-23,149,729.9805549117257,0.0
2014-10-23,150,729.8345588007434,0.0
2014-10-23,152,733.1492896884432,0.0
2014-10-23,153,472.1584460532635,0.0
2014-10-24,149,71.87380635521333,0.0
2014-10-24,150,71.85943159394229,0.0
2014-10-24,152,72.18579963804861,0.0
2014-10-24,153,-254.23916325945368,0.0
2014-10-27,149,-22.690432681112384,0.0
2014-10-27,150,-22.685894594576165,0.0
2014-10-27,152,-22.788928404939035,0.0
2014-10-27,153,-108.96373839414117,0.0
2014-10-28,149,1195.189997405339,0.0
2014-10-28,150,1194.950959405858,0.0
2014-10-28,152,1200.378135752423,0.0
2014-10-28,153,326.8830211879586,0.0
2014-10-28,154,0.0,39.382701294936524
2014-10-29,149,-102.11873517760394,0.0
2014-10-29,150,-102.09831143056843,0.0
2014-10-29,152,-102.5620171052312,0.0
2014-10-29,153,472.166640047736,0.0
2014-10-29,154,128.65299123912064,0.0
2014-10-30,149,366.87974349922155,0.0
2014-10-30,150,366.8063675505217,0.0
2014-10-30,152,368.4723127728507,0.0
2014-10-30,153,-345.04500991939295,0.0
2014-10-30,154,-142.44031969165673,0.0
2014-10-31,149,639.1986159942802,0.0
2014-10-31,150,639.0707762710814,0.0
2014-10-31,152,641.9732801549931,0.0
2014-10-31,153,-54.48186919707059,0.0
2014-10-31,154,799.5092926534156,0.0
2014-10-31,154,0.0,40.168423259137406
2014-11-03,149,-75.63589828111648,0.0
2014-11-03,150,-75.62077110146026,0.0
2014-11-03,152,-75.96422223391086,0.0
2014-11-03,153,-363.1988046563624,0.0
2014-11-04,149,-204.24420641953984,0.0
2014-11-04,150,-204.20335757825598,0.0
2014-11-04,152,-205.1307995150271,0.0
2014-11-04,153,-581.1221844474123,0.0
2014-11-04,155,0.0,40.08816666920906
2014-11-05,149,79.41483036784015,0.0
2014-11-05,150,79.39894740176659,0.0
2014-11-05,152,79.75955809117538,0.0
2014-11-05,153,108.95964139690872,0.0
2014-11-05,155,387.7177382199525,0.0
2014-11-06,149,189.11837397616287,0.0
2014-11-06,150,189.08055030136765,0.0
2014-11-06,152,189.9393081291377,0.0
2014-11-06,153,36.315783468411425,0.0
2014-11-06,155,328.7404141288532,0.0
2014-11-07,149,68.0881382041765,0.0
2014-11-07,150,68.07452057653568,0.0
2014-11-07,152,68.3836984762383,0.0
2014-11-07,153,181.60759632263847,0.0
2014-11-07,155,193.8568245518406,0.0
2014-11-10,149,219.37003886289173,0.0
2014-11-10,150,219.32616485511917,0.0
2014-11-10,152,220.3222909008913,0.0
2014-11-10,153,-381.3648903850292,0.0
2014-11-10,155,109.5719598103932,0.0
2014-11-11,149,30.251664886722587,0.0
2014-11-11,150,30.245614553745245,0.0
2014-11-11,152,30.382982771747283,0.0
2014-11-11,153,199.75729406239074,0.0
2014-11-11,155,202.30493878412423,0.0
2014-11-12,149,200.46864236497274,0.0
2014-11-12,150,200.42854863649978,0.0
2014-11-12,152,201.33884631003545,0.0
2014-11-12,153,-127.11753313111825,0.0
2014-11-12,155,101.15655850834105,0.0
2014-11-13,149,-378.2165397593675,0.0
2014-11-13,150,-378.14089645141564,0.0
2014-11-13,152,-379.85832034461913,0.0
2014-11-13,153,-726.4017063099573,0.0
2014-11-13,155,8.423579534610015,0.0
2014-11-14,149,-79.43503856081725,0.0
2014-11-14,150,-79.4191515531051,0.0
2014-11-14,152,-79.77985400485056,0.0
2014-11-14,153,417.6847708506654,0.0
2014-11-14,155,126.43138622845004,0.0
2014-11-17,149,-366.8831115313781,0.0
2014-11-17,150,-366.8097349090719,0.0
2014-11-17,152,-368.47569542512366,0.0
2014-11-17,153,-163.44560759121174,0.0
2014-11-17,155,-8.452203348562573,0.0
2014-11-18,149,253.40400386848202,0.0
2014-11-18,150,253.35332306770835,0.0
2014-11-18,152,254.5039921821634,0.0
2014-11-18,153,-199.7572940623831,0.0
2014-11-18,155,497.33876742570055,0.0
2014-11-19,149,-468.98500654817406,0.0
2014-11-19,150,-468.8912095468645,0.0
2014-11-19,152,-471.02079926896516,0.0
2014-11-19,153,-199.76139105961553,0.0
2014-11-19,155,-59.01003702133841,0.0
2014-11-20,149,487.90324320690104,0.0
2014-11-20,150,487.8056625582597,0.0
2014-11-20,152,490.02115712121065,0.0
2014-11-20,153,326.8830211879586,0.0
2014-11-20,155,219.16436520218107,0.0
2014-11-21,149,52.95220166432352,0.0
2014-11-21,150,52.94161122399066,0.0
2014-11-21,152,53.18205913352391,0.0
2014-11-21,153,417.6765768561929,0.0
2014-11-21,155,514.1573026809604,0.0
2014-11-24,149,525.7262443957036,0.0
2014-11-24,150,525.6210991468245,0.0
2014-11-24,152,528.0083422165849,0.0
2014-11-24,153,-345.04091292215287,0.0
2014-11-24,155,-193.86500278439084,0.0
2014-11-25,149,34.05754123073651,0.0
2014-11-25,150,34.05072972249037,0.0
2014-11-25,152,34.20537984723278,0.0
2014-11-25,153,-181.59530533094875,0.0
2014-11-25,155,-151.73483776251157,0.0
2014-11-26,149,147.50633660417324,0.0
2014-11-26,150,147.47683533685242,0.0
2014-11-26,152,148.14663921968656,0.0
2014-11-26,153,-90.80174966271446,0.0
2014-11-26,155,33.743387533787306,0.0
2014-11-28,149,-665.6814528907677,0.0
2014-11-28,150,-665.5483166001895,0.0
2014-11-28,152,-668.5710750263133,0.0
2014-11-28,153,-1779.690530805098,0.0
2014-11-28,155,-960.9300582013273,0.0
2014-12-01,149,-688.3786216362057,0.0
2014-12-01,150,-688.2409459118786,0.0
2014-12-01,152,-691.3667687358109,0.0
2014-12-01,153,762.725683772826,0.0
2014-12-01,155,-429.86834882324933,0.0
2014-12-01,155,0.0,41.00691340387688
2014-12-02,149,521.9607844376438,0.0
2014-12-02,150,521.8563922807564,0.0
2014-12-02,152,524.2265369684498,0.0
2014-12-02,153,-799.0414672412297,0.0
2014-12-03,149,423.6007731537739,0.0
2014-12-03,150,423.5160529991432,0.0
2014-12-03,152,425.4395598067953,0.0
2014-12-03,153,-217.92747678828235,0.0
2014-12-03,156,0.0,40.92498150896404
2014-12-04,149,-211.79533452864897,0.0
2014-12-04,150,-211.75297546174323,0.0
2014-12-04,152,-212.71470592498514,0.0
2014-12-04,153,-108.95554439967627,0.0
2014-12-04,156,-354.52413246314234,0.0
2014-12-05,149,332.8390424292993,0.0
2014-12-05,150,332.77247462081345,0.0
2014-12-05,152,334.2838461870139,0.0
2014-12-05,153,-90.79765266547437,0.0
2014-12-05,156,-484.34876426177385,0.0
2014-12-08,149,-555.9913814110713,0.0
2014-12-08,150,-555.8801831347891,0.0
2014-12-08,152,-558.4048555974426,0.0
2014-12-08,153,-635.5999566472505,0.0
2014-12-08,156,-1622.8230102403675,0.0
2014-12-08,156,0.0,38.463285601998756
2014-12-09,149,737.5451551494862,0.0
2014-12-09,150,737.3976461184564,0.0
2014-12-09,152,740.7467267075181,0.0
2014-12-09,153,254.24326025668614,0.0
2014-12-10,149,-949.3539618067803,0.0
2014-12-10,150,-949.164091014419,0.0
2014-12-10,152,-953.4749632416138,0.0
2014-12-10,153,-562.9642927132104,0.0
2014-12-10,157,0.0,38.38643588051623
2014-12-11,149,173.97906940416587,0.0
2014-12-11,150,173.94427359028504,0.0
2014-12-11,152,174.73428613416303,0.0
2014-12-11,153,-326.88711818519107,0.0
2014-12-11,157,-25.4314187184627,0.0
2014-12-12,149,-533.2942126656269,0.0
2014-12-12,150,-533.1875538230938,0.0
2014-12-12,152,-535.609161887939,0.0
2014-12-12,153,-290.5590437250899,0.0
2014-12-12,157,-712.1043550309687,0.0
2014-12-15,149,-438.733341661464,0.0
2014-12-15,150,-438.6455949931318,0.0
2014-12-15,152,-440.63781649723046,0.0
2014-12-15,153,-562.9642927132104,0.0
2014-12-15,157,-335.67625389819784,0.0
2014-12-16,149,-60.540378127211426,0.0
2014-12-16,150,-60.528270051585984,0.0
2014-12-16,152,-60.803174718540525,0.0
2014-12-16,153,-199.7572940623793,0.0
2014-12-16,157,330.60228561151183,0.0
2014-12-17,149,1323.8117776724137,0.0
2014-12-17,150,1323.5470153168794,0.0
2014-12-17,152,1329.5582436426562,0.0
2014-12-17,153,199.7572940623793,0.0
2014-12-17,157,1561.5014247706163,0.0
2014-12-18,149,658.1101165886689,0.0
2014-12-18,150,657.9784945653513,0.0
2014-12-18,152,660.9668727026675,0.0
2014-12-18,153,-108.95144740244383,0.0
2014-12-18,157,752.7761517949992,0.0
2014-12-18,149,0.0,44.86912992344609
2014-12-18,150,0.0,44.860156097461406
2014-12-19,152,102.57554771434168,0.0
2014-12-19,153,508.47422952167494,0.0
2014-12-19,157,1276.909686535461,0.0
2014-12-22,152,307.6826686634207,0.0
2014-12-22,153,-635.5979081486342,0.0
2014-12-22,157,-419.67690727541554,0.0
2014-12-23,152,56.96386438167165,0.0
2014-12-23,153,345.04296142077675,0.0
2014-12-23,157,496.44838738980627,0.0
2014-12-24,152,131.5648777470601,0.0
2014-12-24,153,-454.00260281768544,0.0
2014-12-24,157,-301.9565326143533,0.0
2014-12-24,158,0.0,42.09422735330007
2014-12-24,159,0.0,42.08580850782942
2014-12-26,152,297.4027883869243,0.0
2014-12-26,153,-36.319880465640054,0.0
2014-12-26,157,-10.231065908160312,0.0
2014-12-26,158,333.66566337150425,0.0
2014-12-26,159,145.81567034490865,0.0
2014-12-29,152,194.44500096503975,0.0
2014-12-29,153,-326.8809726893386,0.0
2014-12-29,157,148.41049352131446,0.0
2014-12-29,158,-258.3161926005835,0.0
2014-12-29,159,0.0,0.0
2014-12-30,152,-270.71027925179277,0.0
2014-12-30,153,-36.321928964252464,0.0
2014-12-30,157,-327.53265795263684,0.0
2014-12-30,158,86.10012631237325,0.0
2014-12-30,159,-145.81567034490865,0.0
2014-12-31,152,-274.5225283704533,0.0
2014-12-31,153,-254.23916325945368,0.0
2014-12-31,157,-307.0920781860662,0.0
2014-12-31,158,32.29150078300959,0.0
2014-12-31,159,-411.7817326615381,0.0
2015-01-02,152,-263.07901570993226,0.0
2015-01-02,153,-399.52278211923493,0.0
2015-01-02,157,189.3593880679917,0.0
2015-01-02,158,-559.6719059150428,0.0
2015-01-02,159,60.056585970930406,0.0
2015-01-05,152,-606.2558547389596,0.0
2015-01-05,153,-472.1604945518835,0.0
2015-01-05,157,-1683.781597388348,0.0
2015-01-05,158,-742.6518057975782,0.0
2015-01-05,159,-1063.7153691470162,0.0
2015-01-05,152,0.0,44.73996707502919
2015-01-06,153,-308.7271779523691,0.0
2015-01-06,157,-573.2013943186872,0.0
2015-01-06,158,-172.21343067762888,0.0
2015-01-06,159,-360.29402467792016,0.0
2015-01-06,158,0.0,40.813431308776124
2015-01-07,153,-199.75319706515447,0.0
2015-01-07,157,81.87931590783894,0.0
2015-01-07,159,454.6385292747153,0.0
2015-01-08,153,127.11958162972684,0.0
2015-01-08,157,864.9330187533777,0.0
2015-01-08,159,969.3708645502211,0.0
2015-01-09,153,-54.48186919707059,0.0
2015-01-09,157,-312.1875985225136,0.0
2015-01-09,159,-214.46594765639665,0.0
2015-01-09,160,0.0,40.72819284880095
2015-01-09,161,0.0,40.72004721023119
2015-01-12,153,-708.2438145757592,0.0
2015-01-12,157,-1125.9529722780487,0.0
2015-01-12,159,-94.34036903791329,0.0
2015-01-12,160,-331.884125223454,0.0
2015-01-12,161,-10.778537068303347,0.0
2015-01-13,153,-127.11958162972303,0.0
2015-01-13,157,-301.9503748858443,0.0
2015-01-13,159,-463.25289840963615,0.0
2015-01-13,160,352.62577193563567,0.0
2015-01-13,161,-64.84176888241981,0.0
2015-01-13,157,0.0,37.65248082589145
2015-01-14,153,345.0409129221643,0.0
2015-01-14,159,-480.38651882540233,0.0
2015-01-14,160,-228.1555741440846,0.0
2015-01-14,161,241.2626199828139,0.0
2015-01-15,153,-435.84266258487116,0.0
2015-01-15,159,-77.21501973991859,0.0
2015-01-15,160,93.33106098023946,0.0
2015-01-15,161,324.11030645015256,0.0
2015-01-16,153,599.2841731788467,0.0
2015-01-16,159,643.3895718514185,0.0
2015-01-16,160,342.2562184244472,0.0
2015-01-16,161,-230.46513330644393,0.0
2015-01-16,162,0.0,40.35654696165075
2015-01-20,153,-435.84266258486736,0.0
2015-01-20,159,68.62546395823519,0.0
2015-01-20,160,-62.21986075688825,0.0
2015-01-20,161,97.22285914668979,0.0
2015-01-20,162,-61.30863075775738,0.0
2015-01-20,153,0.0,31.435053198875327
2015-01-21,159,403.1797702032167,0.0
2015-01-21,160,902.3060765512377,0.0
2015-01-21,161,-169.24273956475184,0.0
2015-01-21,162,889.0915120159009,0.0
2015-01-22,159,523.2929421450775,0.0
2015-01-22,160,798.585144541306,0.0
2015-01-22,161,10.797486676369983,0.0
2015-01-22,162,786.8896066260152,0.0
2015-01-23,159,-651.9625853976052,0.0
2015-01-23,160,-321.5196510919033,0.0
2015-01-23,161,248.4634710481361,0.0
2015-01-23,162,-316.81089173723694,0.0
2015-01-26,159,180.14908011839717,0.0
2015-01-26,160,20.739107022358034,0.0
2015-01-26,161,-68.4118750421743,0.0
2015-01-26,162,20.43537608750752,0.0
2015-01-26,163,0.0,37.89714336299291
2015-01-27,159,-283.09141161463185,0.0
2015-01-27,160,-228.16319321352233,0.0
2015-01-27,161,129.61910909741306,0.0
2015-01-27,162,-224.82166940063533,0.0
2015-01-27,163,456.4700225571915,0.0
2015-01-28,159,-746.3236322298894,0.0
2015-01-28,160,-456.3416245659296,0.0
2015-01-28,161,158.4642024964485,0.0
2015-01-28,162,-449.65835377267956,0.0
2015-01-28,163,-1037.437177162883,0.0
2015-01-29,159,531.8618201323823,0.0
2015-01-29,160,0.0,0.0
2015-01-29,161,-46.80932184620768,0.0
2015-01-29,162,0.0,0.0
2015-01-29,163,31.136303424874527,0.0
2015-01-30,159,-162.97823967277873,0.0
2015-01-30,160,-1140.8337438963106,0.0
2015-01-30,161,298.8732184270049,0.0
2015-01-30,162,-1124.1258644698203,0.0
2015-01-30,163,-1753.2596252035098,0.0
2015-02-02,159,368.85876710635847,0.0
2015-02-02,160,725.9906508936105,0.0
2015-02-02,161,-28.80719418290216,0.0
2015-02-02,162,715.3582828340343,0.0
2015-02-02,163,414.9755577458754,0.0
2015-02-03,159,909.3266852559209,0.0
2015-02-03,160,777.8434978291338,0.0
2015-02-03,161,-190.84529276071848,0.0
2015-02-03,162,766.4517280432727,0.0
2015-02-03,163,1016.6830759499555,0.0
2015-02-04,159,-274.5183980684375,0.0
2015-02-04,160,-207.42154650135015,0.0
2015-02-04,161,86.40263294063983,0.0
2015-02-04,162,-204.383790817893,0.0
2015-02-04,163,-487.6028915784297,0.0
2015-02-05,159,1012.2483389577769,0.0
2015-02-05,160,248.90737961550866,0.0
2015-02-05,161,-180.0250665546685,0.0
2015-02-05,162,245.26205047861248,0.0
2015-02-05,163,290.48529450466714,0.0
2015-02-06,159,-102.94646705510114,0.0
2015-02-06,160,-715.6236370722455,0.0
2015-02-06,161,-324.0989366853126,0.0
2015-02-06,162,-705.1430972855154,0.0
2015-02-06,163,-1120.4226723818597,0.0
2015-02-09,159,-51.454623512616735,0.0
2015-02-09,160,-62.23001951614486,0.0
2015-02-09,161,-72.03125018290204,0.0
2015-02-09,162,-61.31864073869664,0.0
2015-02-09,163,456.4734569608342,0.0
2015-02-10,159,317.3958724759934,0.0
2015-02-10,160,-103.71585263030337,0.0
2015-02-10,161,-136.82754000596194,0.0
2015-02-10,162,-102.19690039941612,0.0
2015-02-10,163,-1058.170671953967,0.0
2015-02-11,159,-68.62959951710937,0.0
2015-02-11,160,-300.7678456204745,0.0
2015-02-11,161,-75.64304548040313,0.0
2015-02-11,162,-296.36300317355534,0.0
2015-02-11,163,-684.7033166339595,0.0
2015-02-12,159,737.7464831248362,0.0
2015-02-12,160,871.1974160177006,0.0
2015-02-12,161,-64.79249990144656,0.0
2015-02-12,162,858.4384478846396,0.0
2015-02-12,163,1348.6490976513423,0.0
2015-02-13,159,368.87944490072937,0.0
2015-02-13,160,477.09850941698664,0.0
2015-02-13,161,-82.84768646733866,0.0
2015-02-13,162,470.1112473268308,0.0
2015-02-13,163,591.3287503957695,0.0
2015-02-17,159,51.46289463037281,0.0
2015-02-17,160,-93.35645787838097,0.0
2015-02-17,161,-205.23941504813624,0.0
2015-02-17,162,-91.98922233660163,0.0
2015-02-17,163,331.9866281232623,0.0
2015-02-18,159,120.1131719418377,0.0
2015-02-18,160,-10.37463289080732,0.0
2015-02-18,161,169.24273956475184,0.0
2015-02-18,162,-10.222693034223392,0.0
2015-02-18,163,20.74379800201215,0.0
2015-02-19,159,120.08835858860029,0.0
2015-02-19,160,-176.3179653474414,0.0
2015-02-19,161,-32.407619715563264,0.0
2015-02-19,162,-173.73573167710134,0.0
2015-02-19,163,-425.3508911505306,0.0
2015-02-20,159,128.66964325253534,0.0
2015-02-20,160,280.0490561166297,0.0
2015-02-20,161,3.6042154542744314,0.0
2015-02-20,162,275.94764704792635,0.0
2015-02-20,163,-124.48339443392919,0.0
2015-02-23,159,-51.47116574811348,0.0
2015-02-23,160,-425.25328155090574,0.0
2015-02-23,161,75.62030595072316,0.0
2015-02-23,162,-419.02530960329676,0.0
2015-02-23,163,-114.12179864385126,0.0
2015-02-24,159,188.7303647823322,0.0
2015-02-24,160,601.5483896900198,0.0
2015-02-24,161,244.85546567224836,0.0
2015-02-24,162,592.7385188232848,0.0
2015-02-24,163,1058.1741063576098,0.0
2015-02-25,159,-128.66550769366114,0.0
2015-02-25,160,-82.97420591813119,0.0
2015-02-25,161,68.4270347286276,0.0
2015-02-25,162,-81.7590218166738,0.0
2015-02-25,163,-653.5773164200195,0.0
2015-02-26,159,-283.1079538501209,0.0
2015-02-26,160,10.382251960245041,0.0
2015-02-26,161,-28.810984104515484,0.0
2015-02-26,162,10.230200519923178,0.0
2015-02-26,163,-228.22985967313167,0.0
2015-02-27,159,-102.92578926073791,0.0
2015-02-27,160,-31.10866053353232,0.0
2015-02-27,161,237.6773541366061,0.0
2015-02-27,162,-30.653064131256617,0.0
2015-02-27,163,477.2035173482755,0.0
2015-03-02,159,291.6644251608185,0.0
2015-03-02,160,-62.252876724472216,0.0
2015-03-02,161,-334.9002132832959,0.0
2015-03-02,162,-61.34116319580998,0.0
2015-03-02,163,-912.9194386925267,0.0
2015-03-03,159,-240.1973949715792,0.0
2015-03-03,160,-321.50187326320423,0.0
2015-03-03,161,57.60680852257766,0.0
2015-03-03,162,-316.79337427059323,0.0
2015-03-03,163,-280.1168299073102,0.0
2015-03-04,159,-154.40522612658435,0.0
2015-03-04,160,-456.3390848761107,0.0
2015-03-04,161,39.61605062411213,0.0
2015-03-04,162,-449.65585127744004,0.0
2015-03-04,163,-1006.3043081416384,0.0
2015-03-05,159,-188.72209366458384,0.0
2015-03-05,160,-62.227479826340165,0.0
2015-03-05,161,-72.00851065322207,0.0
2015-03-05,162,-61.316138243471144,0.0
2015-03-05,163,-477.2069517519246,0.0
2015-03-06,159,-591.9266772210534,0.0
2015-03-06,160,-632.6519708439238,0.0
2015-03-06,161,-471.73154321087117,0.0
2015-03-06,162,-623.3865779640718,0.0
2015-03-06,163,-902.5612773060915,0.0
2015-03-09,159,60.04831485317433,0.0
2015-03-09,160,-155.57377894545505,0.0
2015-03-09,161,-61.20344413362544,0.0
2015-03-09,162,-153.2953505991242,0.0
2015-03-09,163,-1203.415036408122,0.0
2015-03-10,159,-660.5438700615402,0.0
2015-03-10,160,-902.2933781021669,0.0
2015-03-10,161,46.794162159754364,0.0
2015-03-10,162,-889.0789995397267,0.0
2015-03-10,163,-321.60442591132806,0.0
2015-03-11,159,-51.462894630365106,0.0
2015-03-11,160,300.7627662408509,0.0
2015-03-11,161,68.41566496378763,0.0
2015-03-11,162,296.3579981830904,0.0
2015-03-11,163,155.616263455161,0.0
2015-03-12,159,531.8700912501307,0.0
2015-03-12,160,248.91753837476054,0.0
2015-03-12,161,-90.01821815975426,0.0
2015-03-12,162,245.27206045954708,0.0
2015-03-12,163,-259.3489910797926,0.0
2015-03-13,159,-411.77346154378205,0.0
2015-03-13,160,-487.46298354854207,0.0
2015-03-13,161,-129.61531917579973,0.0
2015-03-13,162,-480.3239303801196,0.0
2015-03-13,163,-1089.3035409751988,0.0
2015-03-16,159,-68.63373507598355,0.0
2015-03-16,160,477.0908903475489,0.0
2015-03-16,161,57.59543875773768,0.0
2015-03-16,162,470.10373984113096,0.0
2015-03-16,163,217.86826388305374,0.0
2015-03-17,159,-471.8010986025854,0.0
2015-03-17,160,466.7086383872944,0.0
2015-03-17,161,39.612260702498794,0.0
2015-03-17,162,459.8735393211985,0.0
2015-03-17,163,975.1680047167767,0.0
2015-03-17,163,0.0,31.599965088659566
2015-03-17,164,0.0,31.536828295275637
2015-03-18,159,643.3771651747959,0.0
2015-03-18,160,995.6472962907337,0.0
2015-03-18,161,615.7713040469953,0.0
2015-03-18,162,981.0657193810936,0.0
2015-03-18,164,480.64252095873064,0.0
2015-03-19,159,-737.7382120070879,0.0
2015-03-19,160,-705.2490041814382,0.0
2015-03-19,161,-25.21434849346771,0.0
2015-03-19,162,-694.920404251292,0.0
2015-03-19,164,-551.1360570752256,0.0
2015-03-20,159,271.2264932045858,0.0
2015-03-20,160,611.9103241317563,0.0
2015-03-20,161,122.4372076401575,0.0
2015-03-20,162,602.9486993813341,0.0
2015-03-20,164,202.62295975212373,0.0
2015-03-23,159,0.0,0.0
2015-03-23,160,124.44226120359065,0.0
2015-03-23,161,-17.998337741692193,0.0
2015-03-23,162,122.61976401074956,0.0
2015-03-23,164,0.0,0.0
2015-03-24,159,-137.76787277574357,0.0
2015-03-24,160,165.96111028533312,0.0
2015-03-24,161,198.05372366926733,0.0
2015-03-24,162,163.53055610952165,0.0
2015-03-24,164,-102.92111884335353,0.0
2015-03-25,159,-473.5876600362336,0.0
2015-03-25,160,-663.7707901367222,0.0
2015-03-25,161,-10.812646362823294,0.0
2015-03-25,162,-654.049652076277,0.0
2015-03-25,164,-353.7992629143419,0.0
2015-03-25,159,0.0,41.77999220020114
2015-03-26,160,-383.73951184879155,0.0
2015-03-26,161,-219.65248694362063,0.0
2015-03-26,162,-378.1195224949943,0.0
2015-03-26,164,70.75614516106272,0.0
2015-03-27,160,114.07524738222578,0.0
2015-03-27,161,17.98696797685221,0.0
2015-03-27,162,112.40457846223062,0.0
2015-03-27,164,-12.864753665642013,0.0
2015-03-30,160,788.2282894791978,0.0
2015-03-30,161,-122.42204795370418,0.0
2015-03-30,162,776.6844310584354,0.0
2015-03-30,164,424.5739451844272,0.0
2015-03-31,160,-93.34883880893378,0.0
2015-03-31,161,93.637593300482,0.0
2015-03-31,162,-91.98171485089252,0.0
2015-03-31,164,-315.21735999008416,0.0
2015-03-31,165,0.0,39.33042406140255
2015-04-01,160,518.558945632999,0.0
2015-04-01,161,316.89429569837705,0.0
2015-04-01,162,510.9644820351974,0.0
2015-04-01,164,90.06563373221991,0.0
2015-04-01,165,1103.311125503603,0.0
2015-04-02,160,632.6697486726275,0.0
2015-04-02,161,-151.2519816662863,0.0
2015-04-02,162,623.4040954307202,0.0
2015-04-02,164,32.16188416411942,0.0
2015-04-02,165,1241.2182715002725,0.0
2015-04-06,160,549.6701458563549,0.0
2015-04-06,161,162.0380985778163,0.0
2015-04-06,162,541.6200486616982,0.0
2015-04-06,164,250.8812335891598,0.0
2015-04-06,165,539.110436983587,0.0
2015-04-07,160,-217.788560322715,0.0
2015-04-07,161,90.03337784620756,0.0
2015-04-07,162,-214.59897636641193,0.0
2015-04-07,164,-51.474462253447996,0.0
2015-04-07,165,-213.13224423431566,0.0
2015-04-08,160,902.3009971716093,0.0
2015-04-08,161,-100.81949475773756,0.0
2015-04-08,162,889.0865070254313,0.0
2015-04-08,164,90.07181276856268,0.0
2015-04-08,165,965.4039795069338,0.0
2015-04-09,160,435.60251754357154,0.0
2015-04-09,161,-147.6667158200785,0.0
2015-04-09,162,429.222977685172,0.0
2015-04-09,164,90.06254421404853,0.0
2015-04-09,165,-100.31119919484591,0.0
2015-04-09,160,0.0,44.44113808701584
2015-04-09,161,0.0,41.072941971334565
2015-04-10,162,30.650561636026463,0.0
2015-04-10,164,90.05636517770576,0.0
2015-04-10,165,325.98234332850865,0.0
2015-04-10,165,0.0,43.1920067747963
2015-04-13,162,-255.4897485033055,0.0
2015-04-13,164,-128.65062617464906,0.0
2015-04-14,162,194.1786152503133,0.0
2015-04-14,164,135.07682397113018,0.0
2015-04-15,162,306.5806912173091,0.0
2015-04-15,164,308.7849831572603,0.0
2015-04-15,166,0.0,41.45971266607259
2015-04-15,167,0.0,41.451420723539385
2015-04-15,168,0.0,41.44313043939467
2015-04-16,162,347.4464384018545,0.0
2015-04-16,164,-70.76850323374826,0.0
2015-04-16,166,47.05694150807007,0.0
2015-04-16,167,196.96806961187443,0.0
2015-04-16,168,-87.85823451275823,0.0
2015-04-16,162,0.0,44.413649793724865
2015-04-17,164,-295.9140504552697,0.0
2015-04-17,166,-882.3741278377993,0.0
2015-04-17,167,-415.8319543389496,0.0
2015-04-17,168,-497.90206107685975,0.0
2015-04-20,164,231.57483453617397,0.0
2015-04-20,166,-35.29075873238064,0.0
2015-04-20,167,87.54750423065018,0.0
2015-04-20,168,475.92724981511105,0.0
2015-04-21,164,-238.0010323326551,0.0
2015-04-21,166,-11.762287978345606,0.0
2015-04-21,167,196.98107187738833,0.0
2015-04-21,168,-51.25291516211574,0.0
2015-04-22,164,64.32376832823884,0.0
2015-04-22,166,1047.061738724013,0.0
2015-04-22,167,153.1926922133518,0.0
2015-04-22,168,175.73355674810867,0.0
2015-04-22,169,0.0,41.51333067141484
2015-04-23,164,83.63325689939603,0.0
2015-04-23,166,1047.0890023054199,0.0
2015-04-23,167,284.5090727097828,0.0
2015-04-23,168,-43.93253480089883,0.0
2015-04-23,169,68.39937281117871,0.0
2015-04-24,164,270.17527456946004,0.0
2015-04-24,166,1058.8473954864216,0.0
2015-04-24,167,306.40488782497744,0.0
2015-04-24,168,-175.73355674811503,0.0
2015-04-24,169,-68.39937281117871,0.0
2015-04-27,164,283.0554758259647,0.0
2015-04-27,166,-423.53973715403015,0.0
2015-04-27,167,175.07875562942766,0.0
2015-04-27,168,-14.644178266966275,0.0
2015-04-27,169,-153.87435135887935,0.0
2015-04-28,164,45.01736927525303,0.0
2015-04-28,166,35.29465352971721,0.0
2015-04-28,167,196.96806961187443,0.0
2015-04-28,168,73.2277264238708,0.0
2015-04-28,169,239.35181580054896,0.0
2015-04-29,164,-19.294040980300267,0.0
2015-04-29,166,-517.641935778146,0.0
2015-04-29,167,-131.3001276645341,0.0
2015-04-29,168,-205.028748371087,0.0
2015-04-29,169,-17.078091630490896,0.0
2015-04-30,164,-205.85150624122122,0.0
2015-04-30,166,-223.5652623327868,0.0
2015-04-30,167,-459.6105823038431,0.0
2015-04-30,168,-358.7806587684139,0.0
2015-04-30,169,-324.87154043983935,0.0
2015-05-01,164,533.9243513424332,0.0
2015-05-01,166,0.0,0.0
2015-05-01,167,21.886063416069817,0.0
2015-05-01,168,512.553074432859,0.0
2015-05-01,169,359.0575544285553,0.0
2015-05-04,164,-90.04709662318585,0.0
2015-05-04,166,-94.10219862410867,0.0
2015-05-04,167,109.43356764672605,0.0
2015-05-04,168,65.89025834004896,0.0
2015-05-04,169,410.33906130560064,0.0
2015-05-05,164,-373.11493052184187,0.0
2015-05-05,166,541.193775316244,0.0
2015-05-05,167,-678.4647153317874,0.0
2015-05-05,168,-556.4753566001988,0.0
2015-05-05,169,-376.12570248312863,0.0
2015-05-06,164,6.432376832823884,0.0
2015-05-06,166,-329.42585413789726,0.0
2015-05-06,167,153.20569447886567,0.0
2015-05-06,168,-21.96797617270927,0.0
2015-05-06,169,-205.19314664559357,0.0
2015-05-07,164,141.52464839481098,0.0
2015-05-07,166,188.2472400189994,0.0
2015-05-07,167,-109.42381594759516,0.0
2015-05-07,168,212.33887609875114,0.0
2015-05-07,169,290.66315340532844,0.0
2015-05-08,164,521.050329122277,0.0
2015-05-08,166,847.0677899160434,0.0
2015-05-08,167,1466.333743212908,0.0
2015-05-08,168,483.2578828098871,0.0
2015-05-08,169,598.4193138050126,0.0
2015-05-11,164,-154.37704398777896,0.0
2015-05-11,166,-964.7335124702814,0.0
2015-05-11,167,262.63601155921475,0.0
2015-05-11,168,-36.60190180611641,0.0
2015-05-11,169,-153.87683725285297,0.0
2015-05-12,164,-347.3637965633466,0.0
2015-05-12,166,176.48495204065378,0.0
2015-05-12,167,-350.180265223494,0.0
2015-05-12,168,-43.93936988993825,0.0
2015-05-12,169,-153.8867808287659,0.0
2015-05-13,164,-38.618977142302874,0.0
2015-05-13,166,-494.12904421348634,0.0
2015-05-13,167,218.84763189519032,0.0
2015-05-13,168,87.87532223535679,0.0
2015-05-13,169,17.107922358225107,0.0
2015-05-14,164,340.9623149122251,0.0
2015-05-14,166,835.3093967350488,0.0
2015-05-14,167,415.83845547170347,0.0
2015-05-14,168,417.357371836279,0.0
2015-05-14,169,376.14061784699805,0.0
2015-05-15,164,160.81559985694562,0.0
2015-05-15,166,376.4827956459601,0.0
2015-05-15,167,-131.31312993004195,0.0
2015-05-15,168,-36.61215443967554,0.0
2015-05-15,169,-188.07279481747727,0.0
2015-05-18,164,-147.95393570946348,0.0
2015-05-18,166,-1176.4975388512844,0.0
2015-05-18,167,-240.7531987095219,0.0
2015-05-18,168,80.54127169605466,0.0
2015-05-18,169,239.3717029523702,0.0
2015-05-19,164,-160.81868937511126,0.0
2015-05-19,166,-694.1346774134875,0.0
2015-05-19,167,-328.2714478427855,0.0
2015-05-19,168,-117.15684368024992,0.0
2015-05-19,169,239.36673116441375,0.0
2015-05-20,164,-19.309488571157193,0.0
2015-05-20,166,70.59320185679275,0.0
2015-05-20,167,262.62951042646085,0.0
2015-05-20,168,-153.75532794184662,0.0
2015-05-20,169,-119.66596432435922,0.0
2015-05-21,164,115.79514106350969,0.0
2015-05-21,166,-435.302025132383,0.0
2015-05-21,167,437.7082660558885,0.0
2015-05-21,168,226.9830543657174,0.0
2015-05-21,169,-102.60775984569885,0.0
2015-05-22,164,-38.606619069623086,0.0
2015-05-22,166,-1211.7805079889774,0.0
2015-05-22,167,-437.7082660558885,0.0
2015-05-22,168,-190.36748238152217,0.0
2015-05-22,169,17.097978782312158,0.0
2015-05-26,164,-411.6968334460996,0.0
2015-05-26,166,-1364.7447788702766,0.0
2015-05-26,167,-744.113153880866,0.0
2015-05-26,168,-453.976361364994,0.0
2015-05-26,169,-478.738434116784,0.0
2015-05-27,164,212.28697259221647,0.0
2015-05-27,166,470.59278386475637,0.0
2015-05-27,167,328.27469840916245,0.0
2015-05-27,168,263.595208805393,0.0
2015-05-27,169,461.6404553344718,0.0
2015-05-28,164,83.63016738122465,0.0
2015-05-28,166,-329.4180645432096,0.0
2015-05-28,167,-43.775377398516596,0.0
2015-05-28,168,-197.7015329208243,0.0
2015-05-28,169,-51.293936346936476,0.0
2015-05-29,164,-212.293151628565,0.0
2015-05-29,166,-1047.0812127107322,0.0
2015-05-29,167,-350.16076182523227,0.0
2015-05-29,168,-410.03699147505574,0.0
2015-05-29,169,-376.1356460590416,0.0
2015-06-01,164,12.877111738339062,0.0
2015-06-01,166,258.8287574837607,0.0
2015-06-01,167,-437.7180177550254,0.0
2015-06-01,168,183.06760728741716,0.0
2015-06-01,169,34.17109862484195,0.0
2015-06-02,164,102.93038739786192,0.0
2015-06-02,166,1294.1476822161471,0.0
2015-06-02,167,175.0885073285646,0.0
2015-06-02,168,80.5241839734561,0.0
2015-06-02,169,68.40683049311805,0.0
2015-06-03,164,32.14952609143963,0.0
2015-06-03,166,-376.47500605127965,0.0
2015-06-03,167,21.886063416069817,0.0
2015-06-03,168,205.01849573752787,0.0
2015-06-03,169,359.0476108526424,0.0
2015-06-04,164,-385.9704156329755,0.0
2015-06-04,166,-564.7144564755914,0.0
2015-06-04,167,-415.8254532061956,0.0
2015-06-04,168,-461.2933241816975,0.0
2015-06-04,169,-376.1356460590416,0.0
2015-06-05,164,-147.95702522763486,0.0
2015-06-05,166,-82.35159503779454,0.0
2015-06-05,167,-372.0630780731869,0.0
2015-06-05,168,29.298609167491687,0.0
2015-06-05,169,239.3567875885008,0.0
2015-06-08,164,-115.78278299082992,0.0
2015-06-08,166,388.2372940296253,0.0
2015-06-08,167,-65.64843854908463,0.0
2015-06-08,168,-300.20052815602907,0.0
2015-06-08,169,-256.46968173468235,0.0
2015-06-09,164,19.297130498471653,0.0
2015-06-09,166,141.17471932155402,0.0
2015-06-09,167,-218.85413302794424,0.0
2015-06-09,168,-7.323797905742994,0.0
2015-06-09,169,102.58787269387295,0.0
2015-06-10,164,334.5083114522188,0.0
2015-06-10,166,541.1859857215563,0.0
2015-06-10,167,1028.6124748915179,0.0
2015-06-10,168,402.7063584802733,0.0
2015-06-10,169,598.4292573809256,0.0
2015-06-11,164,77.19470103022363,0.0
2015-06-11,166,23.53626034872268,0.0
2015-06-11,167,87.5410030979023,0.0
2015-06-11,168,234.31026981598012,0.0
2015-06-11,169,170.9797878231216,0.0
2015-06-12,164,-192.9867525755792,0.0
2015-06-12,166,-341.18424731889905,0.0
2015-06-12,167,-240.73694587764317,0.0
2015-06-12,168,-241.63065017720342,0.0
2015-06-12,169,-188.08273839339023,0.0
2015-06-12,164,0.0,32.29295388302226
2015-06-15,166,-317.6596713622078,0.0
2015-06-15,167,-240.72719417850018,0.0
2015-06-15,168,-344.1433155904871,0.0
2015-06-15,169,-188.0877101813467,0.0
2015-06-16,166,858.8378674890765,0.0
2015-06-16,167,21.876311716938936,0.0
2015-06-16,168,36.61215443968191,0.0
2015-06-16,169,239.38661831623963,0.0
2015-06-17,166,117.6618277568943,0.0
2015-06-17,167,262.6230092937069,0.0
2015-06-17,168,109.83304577450056,0.0
2015-06-17,169,-51.29890813489295,0.0
2015-06-18,166,717.6592533701787,0.0
2015-06-18,167,415.82220263981867,0.0
2015-06-18,168,410.05066165313457,0.0
2015-06-18,169,393.26345556909257,0.0
2015-06-18,170,0.0,41.50077267432468
2015-06-19,166,-858.8378674890765,0.0
2015-06-19,167,-218.85738359432122,0.0
2015-06-19,168,-200.15874743049727,0.0
2015-06-19,169,-721.2572788456018,0.0
2015-06-19,170,-201.61254501141457,0.0
2015-06-22,166,341.1764577242114,0.0
2015-06-22,167,481.4966457199129,0.0
2015-06-22,168,250.19159919908216,0.0
2015-06-22,169,652.5521410750954,0.0
2015-06-22,170,252.00879653045413,0.0
2015-06-22,168,0.0,41.25154972870865
2015-06-23,166,35.30244312441211,0.0
2015-06-23,167,21.882812849692858,0.0
2015-06-23,169,85.84786264442688,0.0
2015-06-23,170,-103.78391988029534,0.0
2015-06-24,166,-329.4180645432096,0.0
2015-06-24,167,-196.9778213110053,0.0
2015-06-24,169,-360.60378048301857,0.0
2015-06-24,170,-385.4073989119993,0.0
2015-06-25,166,-753.6316016377284,0.0
2015-06-25,167,-28.965796985088094,0.0
2015-06-25,169,-257.5734186610195,0.0
2015-06-25,170,-318.7080977212267,0.0
2015-06-25,171,0.0,41.169129049930014
2015-06-26,166,575.1018809915674,0.0
2015-06-26,167,-267.4110935669686,0.0
2015-06-26,169,137.35558587349172,0.0
2015-06-26,170,74.11071714162587,0.0
2015-06-26,171,74.88534216155043,0.0
2015-06-29,166,-670.9567384204038,0.0
2015-06-29,167,-1225.6553075300562,0.0
2015-06-29,169,-1030.3632796754687,0.0
2015-06-29,170,-770.8388943923478,0.0
2015-06-29,171,-778.8959085052488,0.0
2015-06-30,166,299.5449689160941,0.0
2015-06-30,167,-222.85232967161076,0.0
2015-06-30,169,154.57288756675925,0.0
2015-06-30,170,22.2445749532874,0.0
2015-06-30,171,22.47708119504289,0.0
2015-07-01,166,-611.0469656777104,0.0
2015-07-01,167,89.14678288812647,0.0
2015-07-01,169,635.3895290493491,0.0
2015-07-01,170,200.1151154068465,0.0
2015-07-01,171,202.20677206917512,0.0
2015-07-02,166,862.6469792913355,0.0
2015-07-02,167,200.55669489203797,0.0
2015-07-02,169,-188.89313983029538,0.0
2015-07-02,170,-74.11760187543995,0.0
2015-07-02,171,-74.89229885644211,0.0
2015-07-06,166,-1293.976311133019,0.0
2015-07-06,167,-623.9689700220637,0.0
2015-07-06,169,-171.74047138046203,0.0
2015-07-06,170,-155.6466197017332,0.0
2015-07-06,171,-157.27347976378385,0.0
2015-07-07,166,-155.75684057682753,0.0
2015-07-07,167,-334.26874280827013,0.0
2015-07-07,169,85.86774979625278,0.0
2015-07-07,170,326.11607130517297,0.0
2015-07-07,171,329.5247236293669,0.0
2015-07-08,166,-1210.1096399284772,0.0
2015-07-08,167,-713.115752910178,0.0
2015-07-08,169,-738.4049755074788,0.0
2015-07-08,170,-726.3566292195999,0.0
2015-07-08,171,-733.9487028100676,0.0
2015-07-09,166,407.36074898779646,0.0
2015-07-09,167,579.4134566930707,0.0
2015-07-09,169,326.25866927970003,0.0
2015-07-09,170,96.35529209490686,0.0
2015-07-09,171,97.36242335658683,0.0
2015-07-09,166,0.0,37.261794929371824
2015-07-10,167,1181.0867919355555,0.0
2015-07-10,169,498.019027811988,0.0
2015-07-10,170,415.0668321830406,0.0
2015-07-10,171,419.40522162994586,0.0
2015-07-10,172,0.0,37.1873457886538
2015-07-13,167,245.12521048653878,0.0
2015-07-13,169,515.1617526859084,0.0
2015-07-13,170,444.7056112526397,0.0
2015-07-13,171,449.35379313865263,0.0
2015-07-13,172,405.4157887834146,0.0
2015-07-13,167,0.0,41.29346920215016
2015-07-14,169,103.02041824608614,0.0
2015-07-14,170,111.16779689589232,0.0
2015-07-14,171,112.32975241604855,0.0
2015-07-14,172,210.5052119930616,0.0
2015-07-15,169,360.6286394228009,0.0
2015-07-15,170,-170.46945160343978,0.0
2015-07-15,171,-172.2512438655831,0.0
2015-07-15,172,-296.2682511934644,0.0
2015-07-16,169,429.3337771933074,0.0
2015-07-16,170,185.3060529727745,0.0
2015-07-16,171,187.24292135716573,0.0
2015-07-16,172,-93.55290238723465,0.0
2015-07-17,169,-120.22280457548425,0.0
2015-07-17,170,-14.836601369334735,0.0
2015-07-17,171,-14.991677491582625,0.0
2015-07-17,172,-257.2630271503364,0.0
2015-07-17,173,0.0,40.769436681117355
2015-07-20,169,51.51269501702131,0.0
2015-07-20,170,7.432070152295521,0.0
2015-07-20,171,7.509752135574684,0.0
2015-07-20,172,-311.85170477438066,0.0
2015-07-20,173,-342.17773299243413,0.0
2015-07-20,169,0.0,43.65248221399119
2015-07-21,170,-437.31484950322863,0.0
2015-07-21,171,-441.8857811724281,0.0
2015-07-21,172,-226.07002953765274,0.0
2015-07-21,173,-248.05421622015007,0.0
2015-07-22,170,-177.87742518738602,0.0
2015-07-22,171,-179.73664756903688,0.0
2015-07-22,172,-155.93889761261588,0.0
2015-07-22,173,-171.10318030497342,0.0
2015-07-22,170,0.0,40.09843157083617
2015-07-23,171,-374.47192932454806,0.0
2015-07-23,172,-530.135598332468,0.0
2015-07-23,173,-581.6886502103034,0.0
2015-07-24,171,-524.263483732324,0.0
2015-07-24,172,-787.394898275545,0.0
2015-07-24,173,-863.9651383553008,0.0
2015-07-24,172,0.0,35.14479148016658
2015-07-24,174,0.0,39.480008523568145
2015-07-24,175,0.0,39.472112521863444
2015-07-24,176,0.0,39.46421809935906
2015-07-27,171,-194.7109333233903,0.0
2015-07-27,173,-427.7252334852778,0.0
2015-07-27,174,-194.02875061542758,0.0
2015-07-27,175,-193.98994486530455,0.0
2015-07-27,176,-193.95114687633142,0.0
2015-07-28,171,763.9181444034496,0.0
2015-07-28,173,795.5533117827657,0.0
2015-07-28,174,761.2417063651939,0.0
2015-07-28,175,761.089458023921,0.0
2015-07-28,176,760.937240132316,0.0
2015-07-29,171,494.28708544405043,0.0
2015-07-29,173,282.2805778046443,0.0
2015-07-29,174,492.5553177579535,0.0
2015-07-29,175,492.456806694402,0.0
2015-07-29,176,492.358315333063,0.0
2015-07-30,171,-37.44788860194397,0.0
2015-07-30,173,196.749435950388,0.0
2015-07-30,174,-37.316687433021784,0.0
2015-07-30,175,-37.309224095535185,0.0
2015-07-30,176,-37.30176225071607,0.0
2015-07-31,171,-37.437453559606446,0.0
2015-07-31,173,-102.6463674763306,0.0
2015-07-31,174,-37.30628895054927,0.0
2015-07-31,175,-37.29882769275917,0.0
2015-07-31,176,-37.291367927220605,0.0
2015-08-03,171,-194.7283250606195,0.0
2015-08-03,173,-307.95546106757917,0.0
2015-08-03,174,-194.04608141954844,0.0
2015-08-03,175,-194.00727220326456,0.0
2015-08-03,176,-193.96847074882385,0.0
2015-08-04,171,-22.46664615269888,0.0
2015-08-04,173,171.09500098569495,0.0
2015-08-04,174,-22.387932763318567,0.0
2015-08-04,175,-22.38345517676591,0.0
2015-08-04,176,-22.37897848573055,0.0
2015-08-05,171,224.68037491677217,0.0
2015-08-05,173,196.74125663108669,0.0
2015-08-05,174,223.89319227648235,0.0
2015-08-05,175,223.8484136380271,0.0
2015-08-05,176,223.80364395529944,0.0
2015-08-06,171,-209.7165242047563,0.0
2015-08-06,173,-136.86454974153108,0.0
2015-08-06,174,-208.9817684109,0.0
2015-08-06,175,-208.93997205721786,0.0
2015-08-06,176,-208.89818406280637,0.0
2015-08-07,171,-194.70745497594444,0.0
2015-08-07,173,-547.4704679451029,0.0
2015-08-07,174,-194.02528445460342,0.0
2015-08-07,175,-193.98647939771254,0.0
2015-08-07,176,-193.94768210183292,0.0
2015-08-10,171,786.3813122087026,0.0
2015-08-10,173,949.5126388481445,0.0
2015-08-10,174,783.6261729676883,0.0
2015-08-10,175,783.4694477330949,0.0
2015-08-10,176,783.3127538435481,0.0
2015-08-11,171,-501.7829241898417,0.0
2015-08-11,173,-735.6561565949683,0.0
2015-08-11,174,-500.02489433404133,0.0
2015-08-11,175,-499.9248893551747,0.0
2015-08-11,176,-499.8249043773035,0.0
2015-08-12,171,7.485403703453784,0.0
2015-08-12,173,145.41602806309797,0.0
2015-08-12,174,7.459178093615352,0.0
2015-08-12,175,7.45768625799663,0.0
2015-08-12,176,7.456194720745029,0.0
2015-08-13,171,-29.965963245936035,0.0
2015-08-13,173,-111.20193545754432,0.0
2015-08-13,174,-29.8609755002306,0.0
2015-08-13,175,-29.855003305130563,0.0
2015-08-13,176,-29.849032304469528,0.0
2015-08-14,171,254.63938146781652,0.0
2015-08-14,173,179.63421032831369,0.0
2015-08-14,174,253.7472354550646,0.0
2015-08-14,175,253.69648600797365,0.0
2015-08-14,176,253.645746710772,0.0
2015-08-17,171,202.2241638064173,0.0
2015-08-17,173,222.40387091508865,0.0
2015-08-17,174,201.51565799564275,0.0
2015-08-17,175,201.47535486404368,0.0
2015-08-17,176,201.4350597930708,0.0
2015-08-18,171,-74.90273389878611,0.0
2015-08-18,173,-256.62205318028913,0.0
2015-08-18,174,-74.64030718769837,0.0
2015-08-18,175,-74.62537912626084,0.0
2015-08-18,176,-74.61045405043556,0.0
2015-08-19,171,-381.9608113754477,0.0
2015-08-19,173,-479.025924095393,0.0
2015-08-19,174,-380.622586263009,0.0
2015-08-19,175,-380.5464617457565,0.0
2015-08-19,176,-380.4703524534072,0.0
2015-08-20,171,-838.8069649124458,0.0
2015-08-20,173,-727.1169472523495,0.0
2015-08-20,174,-835.8681489095891,0.0
2015-08-20,175,-835.7009752798074,0.0
2015-08-20,176,-835.5338350847511,0.0
2015-08-21,171,-1093.4498247277081,0.0
2015-08-21,173,-923.8622935430907,0.0
2015-08-21,174,-1089.618850525478,0.0
2015-08-21,175,-1089.400926755373,0.0
2015-08-21,176,-1089.1830465700216,0.0
2015-08-24,171,-1370.5523740007777,0.0
2015-08-24,173,-1548.3165146805222,0.0
2015-08-24,174,-1365.7505525830368,0.0
2015-08-24,175,-1365.4774024725205,0.0
2015-08-24,176,-1365.2043069920257,0.0
2015-08-25,171,-486.80516008804244,0.0
2015-08-25,173,-556.0137669473685,0.0
2015-08-25,174,-485.0996058251623,0.0
2015-08-25,175,-485.0025859039974,0.0
2015-08-25,176,-484.9055853868165,0.0
2015-08-26,171,1145.8754774314514,0.0
2015-08-26,173,940.9693398458713,0.0
2015-08-26,174,1141.8608264673787,0.0
2015-08-26,175,1141.6324543020855,0.0
2015-08-26,176,1141.4041278112247,0.0
2015-08-27,171,913.6992637688879,0.0
2015-08-27,173,1300.229581183205,0.0
2015-08-27,174,910.4980576148084,0.0
2015-08-27,175,910.3159580032857,0.0
2015-08-27,176,910.1338948116847,0.0
2015-08-28,171,14.981242449245096,0.0
2015-08-28,173,213.84830293387492,0.0
2015-08-28,174,14.928754669703215,0.0
2015-08-28,175,14.925768918769279,0.0
2015-08-28,176,14.92278376498552,0.0
2015-08-31,171,-344.5094444260514,0.0
2015-08-31,173,-205.28046597372062,0.0
2015-08-31,174,-343.3024326691566,0.0
2015-08-31,175,-343.23377218262283,0.0
2015-08-31,176,-343.16512542818623,0.0
2015-09-01,171,-1018.5575258712726,0.0
2015-09-01,173,-1129.1672974746925,0.0
2015-09-01,174,-1014.9889418202649,0.0
2015-09-01,175,-1014.7859440319011,0.0
2015-09-01,176,-1014.5829868430944,0.0
2015-09-02,171,831.3180828615461,0.0
2015-09-02,173,513.2481960202404,0.0
2015-09-02,174,828.4055046551496,0.0
2015-09-02,175,828.2398235542187,0.0
2015-09-02,176,828.0741755895076,0.0
2015-09-03,171,22.459689457807194,0.0
2015-09-03,173,222.42022955367605,0.0
2015-09-03,174,22.381000441670224,0.0
2015-09-03,175,22.376524241581897,0.0
2015-09-03,176,22.372048936733574,0.0
2015-09-04,171,-531.7314956985485,0.0
2015-09-04,173,-727.1169472523495,0.0
2015-09-04,174,-529.868539030151,0.0
2015-09-04,175,-529.7625653223452,0.0
2015-09-04,176,-529.6566128092805,0.0
2015-09-08,171,1041.0206936765192,0.0
2015-09-08,173,898.1914999398026,0.0
2015-09-08,174,1037.3734084227528,0.0
2015-09-08,175,1037.1659337410686,0.0
2015-09-08,176,1036.95850055432,0.0
2015-09-09,171,-411.9163395790462,0.0
2015-09-09,173,-282.2969364432317,0.0
2015-09-09,174,-410.4731632807671,0.0
2015-09-09,175,-410.39106864811106,0.0
2015-09-09,176,-410.3089904343813,0.0
2015-09-10,171,22.45621111035487,0.0
2015-09-10,173,85.54750049284367,0.0
2015-09-10,174,22.377534280839598,0.0
2015-09-10,175,22.373058773983438,0.0
2015-09-10,176,22.368584162228633,0.0
2015-09-11,171,209.71652420476278,0.0
2015-09-11,173,-51.32113890834187,0.0
2015-09-11,174,208.98176841090645,0.0
2015-09-11,175,208.9399720572243,0.0
2015-09-11,176,208.89818406281282,0.0
2015-09-14,171,-194.7283250606195,0.0
2015-09-14,173,-436.268532487551,0.0
2015-09-14,174,-194.04608141954844,0.0
2015-09-14,175,-194.00727220326456,0.0
2015-09-14,176,-193.96847074882385,0.0
2015-09-15,171,666.5522426994169,0.0
2015-09-15,173,265.18989014045104,0.0
2015-09-15,174,664.2169325750075,0.0
2015-09-15,175,664.0840891884927,0.0
2015-09-15,176,663.9512723706548,0.0
2015-09-16,171,284.5844746290775,0.0
2015-09-16,173,521.7996743418073,0.0
2015-09-16,174,283.58741399035017,0.0
2015-09-16,175,283.5306965075522,0.0
2015-09-16,176,283.4739903682506,0.0
2015-09-17,171,-172.24428717069142,0.0
2015-09-17,173,-171.08682166639363,0.0
2015-09-17,174,-171.64081785210902,0.0
2015-09-17,175,-171.60648968853863,0.0
2015-09-17,176,-171.57216839060086,0.0
2015-09-18,171,-865.1763168993804,0.0
2015-09-18,173,-775.8820488814091,0.0
2015-09-18,174,-862.1451141176271,0.0
2015-09-18,175,-861.9726850948039,0.0
2015-09-18,176,-861.8002905577846,0.0
2015-09-21,171,188.2481637690143,0.0
2015-09-21,173,120.42002830154804,0.0
2015-09-21,174,187.5886238041184,0.0
2015-09-21,175,187.55110607935762,0.0
2015-09-21,176,187.5135958581417,0.0
2015-09-22,171,-557.2173474342391,0.0
2015-09-22,173,-670.9250237046073,0.0
2015-09-22,174,-555.2650993888499,0.0
2015-09-22,175,-555.1540463689722,0.0
2015-09-22,176,-555.0430155596982,0.0
2015-09-22,171,0.0,37.92782054747903
2015-09-23,173,-756.9591936954263,0.0
2015-09-23,174,-262.6206071649416,0.0
2015-09-23,175,-262.5680830435087,0.0
2015-09-23,176,-262.5155694268999,0.0
2015-09-24,173,-94.63881388779498,0.0
2015-09-24,174,-232.60018826679917,0.0
2015-09-24,175,-232.55366822914584,0.0
2015-09-24,176,-232.50715749549997,0.0
2015-09-24,173,0.0,34.622277445253864
2015-09-24,175,0.0,37.29225716620473
2015-09-25,174,75.03891568247154,0.0
2015-09-25,176,75.00890311775517,0.0
2015-09-28,174,-735.335620365342,0.0
2015-09-28,176,-735.0415155306206,0.0
2015-09-28,177,0.0,36.73614460040482
2015-09-28,178,0.0,36.72879737148474
2015-09-28,179,0.0,36.72145161201045
2015-09-29,174,240.10096029030456,0.0
2015-09-29,176,240.00492951022684,0.0
2015-09-29,177,141.49397955357944,0.0
2015-09-29,178,141.46568075766874,0.0
2015-09-29,179,141.43738762151722,0.0
2015-09-30,174,555.2512347455531,0.0
2015-09-30,176,555.0291564617042,0.0
2015-09-30,177,773.3919042779172,0.0
2015-09-30,178,773.2372258970616,0.0
2015-09-30,179,773.0825784518825,0.0
2015-10-01,174,-82.52582306268026,0.0
2015-10-01,176,-82.4928160344881,0.0
2015-10-01,177,424.4146758828559,0.0
2015-10-01,178,424.3297929476793,0.0
2015-10-01,179,424.24492698908983,0.0
2015-10-02,174,472.7150132004004,0.0
2015-10-02,176,472.52594610372074,0.0
2015-10-02,177,933.7284300089747,0.0
2015-10-02,178,933.541684322973,0.0
2015-10-02,179,933.3549759861085,0.0
2015-10-05,174,1073.0020755344035,0.0
2015-10-05,176,1072.5729176242728,0.0
2015-10-05,177,1018.6230240670454,0.0
2015-10-05,178,1018.4192994622322,0.0
2015-10-05,179,1018.2156156023399,0.0
2015-10-06,174,-37.524657082472025,0.0
2015-10-06,176,-37.509648720625314,0.0
2015-10-06,177,518.7305430296657,0.0
2015-10-06,178,518.6267969210597,0.0
2015-10-06,179,518.5230715616756,0.0
2015-10-07,174,510.23620412204826,0.0
2015-10-07,176,510.0321300498476,0.0
2015-10-07,177,537.5999943182967,0.0
2015-10-07,178,537.492474319433,0.0
2015-10-07,179,537.3849758245692,0.0
2015-10-08,174,547.753928882872,0.0
2015-10-08,176,547.534849221476,0.0
2015-10-08,177,575.3388968955586,0.0
2015-10-08,178,575.2238291161796,0.0
2015-10-08,179,575.1087843503564,0.0
2015-10-09,174,135.05549035298725,0.0
2015-10-09,176,135.00147355906566,0.0
2015-10-09,177,-18.864967103438826,0.0
2015-10-09,178,-18.86119411001814,0.0
2015-10-09,179,-18.857421871196138,0.0
2015-10-09,174,0.0,40.05348483192719
2015-10-12,176,7.497772014726879,0.0
2015-10-12,177,-358.4029856689925,0.0
2015-10-12,178,-358.33130507185876,0.0
2015-10-12,179,-358.2596388108445,0.0
2015-10-13,176,-427.5254549173655,0.0
2015-10-13,177,-160.34997828663393,0.0
2015-10-13,178,-160.31790829097662,0.0
2015-10-13,179,-160.28584470931847,0.0
2015-10-14,176,-427.528919691864,0.0
2015-10-14,177,330.11674547681474,0.0
2015-10-14,178,330.0507221277194,0.0
2015-10-14,179,329.9847119832939,0.0
2015-10-15,176,427.528919691864,0.0
2015-10-15,177,113.1718658798643,0.0
2015-10-15,178,113.14923150668834,0.0
2015-10-15,179,113.12660166038701,0.0
2015-10-16,176,-202.51606943659243,0.0
2015-10-16,177,18.882903844207487,0.0
2015-10-16,178,18.879127263438647,0.0
2015-10-16,179,18.875351437985962,0.0
2015-10-19,176,52.51558707357454,0.0
2015-10-19,177,-292.39129545512924,0.0
2015-10-19,178,-292.3328171960382,0.0
2015-10-19,179,-292.27435063259907,0.0
2015-10-19,180,0.0,40.09329456976334
2015-10-20,176,262.501710328906,0.0
2015-10-20,177,66.02065858424764,0.0
2015-10-20,178,66.0074544525308,0.0
2015-10-20,179,65.9942529616403,0.0
2015-10-20,180,-55.47397578547226,0.0
2015-10-20,176,0.0,39.72993858519706
2015-10-21,177,-367.83771131330803,0.0
2015-10-21,178,-367.7641437710454,0.0
2015-10-21,179,-367.69059094229124,0.0
2015-10-21,180,-610.1954645883966,0.0
2015-10-22,177,1122.3646484877866,0.0
2015-10-22,178,1122.140175558089,0.0
2015-10-22,179,1121.9157475229774,0.0
2015-10-22,180,346.7009305018334,0.0
2015-10-23,177,348.968260024677,0.0
2015-10-23,178,348.89846637267215,0.0
2015-10-23,179,348.82868667939766,0.0
2015-10-23,180,391.7798158140739,0.0
2015-10-26,177,-348.968260024677,0.0
2015-10-26,178,-348.89846637267215,0.0
2015-10-26,179,-348.82868667939766,0.0
2015-10-26,180,-273.9048487696155,0.0
2015-10-26,181,0.0,39.65055808852334
2015-10-27,177,-179.1970086493041,0.0
2015-10-27,178,-179.16116924757426,0.0
2015-10-27,179,-179.12533701372476,0.0
2015-10-27,180,-436.8617459683035,0.0
2015-10-27,181,729.2294832909628,0.0
2015-10-28,177,631.9203456502986,0.0
2015-10-28,178,631.7939615811686,0.0
2015-10-28,179,631.6676027888525,0.0
2015-10-28,180,1151.078146654125,0.0
2015-10-28,181,336.09590045661963,0.0
2015-10-29,177,84.8811415024943,0.0
2015-10-29,178,84.86416527419381,0.0
2015-10-29,179,84.84719244113899,0.0
2015-10-29,180,-433.3693122328603,0.0
2015-10-29,181,182.31128537817474,0.0
2015-10-30,177,56.59490131031648,0.0
2015-10-30,178,56.58358233005442,0.0
2015-10-30,179,56.57226561358842,0.0
2015-10-30,180,-183.77143688084848,0.0
2015-10-30,181,-256.3616256722773,0.0
2015-11-02,177,264.07366596660626,0.0
2015-11-02,178,264.02085123341294,0.0
2015-11-02,179,263.9680470631663,0.0
2015-11-02,180,832.0974574142241,0.0
2015-11-02,181,865.9309784552157,0.0
2015-11-03,177,169.78021974575728,0.0
2015-11-03,178,169.74626370180812,0.0
2015-11-03,179,169.7123144490678,0.0
2015-11-03,180,211.49776782670227,0.0
2015-11-03,181,-148.12155821718179,0.0
2015-11-04,177,-282.95208562562993,0.0
2015-11-04,178,-282.8954952085048,0.0
2015-11-04,179,-282.8389161094632,0.0
2015-11-04,180,-20.80540515627835,0.0
2015-11-04,181,-182.3034562673115,0.0
2015-11-05,177,-216.91797448579743,0.0
2015-11-05,178,-216.8745908909003,0.0
2015-11-05,179,-216.83121597272213,0.0
2015-11-05,180,31.19745078752669,0.0
2015-11-05,181,-131.02278008125856,0.0
2015-11-06,177,113.17635006506481,0.0
2015-11-06,178,113.15371479505181,0.0
2015-11-06,179,113.13108405209282,0.0
2015-11-06,180,291.2452237681594,0.0
2015-11-06,181,-170.90688054697728,0.0
2015-11-09,177,-292.39129545512924,0.0
2015-11-09,178,-292.3328171960382,0.0
2015-11-09,179,-292.27435063259907,0.0
2015-11-09,180,-485.3965269123964,0.0
2015-11-09,181,-313.3236266449425,0.0
2015-11-10,177,-311.2338416326072,0.0
2015-11-10,178,-311.17159486428073,0.0
2015-11-10,179,-311.10936054530794,0.0
2015-11-10,180,121.3460868861313,0.0
2015-11-10,181,273.44996499371456,0.0
2015-11-11,177,47.16914403638531,0.0
2015-11-11,178,47.15971020757804,0.0
2015-11-11,179,47.15027826553653,0.0
2015-11-11,180,-357.10515550094726,0.0
2015-11-11,181,-404.49101300033203,0.0
2015-11-12,177,-848.8428043212882,0.0
2015-11-12,178,-848.673035760424,0.0
2015-11-12,179,-848.5033011532721,0.0
2015-11-12,180,-776.6204367867855,0.0
2015-11-12,181,-700.7210809165919,0.0
2015-11-13,177,528.160784488789,0.0
2015-11-13,178,528.0551523318912,0.0
2015-11-13,179,527.949541301425,0.0
2015-11-13,180,-287.7680142425481,0.0
2015-11-13,181,-96.84871114200665,0.0
2015-11-16,177,537.5955101331045,0.0
2015-11-16,178,537.4879910310779,0.0
2015-11-16,179,537.3804934328717,0.0
2015-11-16,180,339.7678253443868,0.0
2015-11-16,181,495.6375217267399,0.0
2015-11-17,177,-47.15569148080882,0.0
2015-11-17,178,-47.14626034251266,0.0
2015-11-17,179,-47.13683109044416,0.0
2015-11-17,180,-152.54962735759074,0.0
2015-11-17,181,170.90166113973189,0.0
2015-11-18,177,754.5269371744785,0.0
2015-11-18,178,754.3760317870435,0.0
2015-11-18,179,754.2251565806863,0.0
2015-11-18,180,672.6238594250746,0.0
2015-11-18,181,786.1836551527599,0.0
2015-11-19,177,-47.15120729561665,0.0
2015-11-19,178,-47.14177705415753,0.0
2015-11-19,179,-47.13234869874671,0.0
2015-11-19,180,-169.8991368820111,0.0
2015-11-19,181,-689.3271148998851,0.0
2015-11-20,177,-132.04131716849528,0.0
2015-11-20,178,-132.0149089050616,0.0
2015-11-20,179,-131.9885059232806,0.0
2015-11-20,180,260.03559361275586,0.0
2015-11-20,181,347.5159635095533,0.0
2015-11-23,177,56.57696456954782,0.0
2015-11-23,178,56.56564917663391,0.0
2015-11-23,179,56.554336046798596,0.0
2015-11-23,180,201.09658766954345,0.0
2015-11-23,181,-102.55352326122808,0.0
2015-11-24,177,358.4029856689925,0.0
2015-11-24,178,358.33130507185876,0.0
2015-11-24,179,358.2596388108445,0.0
2015-11-24,180,298.17528408363967,0.0
2015-11-24,181,125.32840677652791,0.0
2015-11-25,177,-273.5083916109301,0.0
2015-11-25,178,-273.4536899326079,0.0
2015-11-25,179,-273.39899919462147,0.0
2015-11-25,180,318.96546503007477,0.0
2015-11-25,181,222.17711791853458,0.0
2015-11-27,177,-56.59041712511596,0.0
2015-11-27,178,-56.579099041690945,0.0
2015-11-27,179,-56.567783221882614,0.0
2015-11-27,180,156.01770235729725,0.0
2015-11-27,181,79.74993300607856,0.0
2015-11-30,177,103.74162442074096,0.0
2015-11-30,178,103.72087609585682,0.0
2015-11-30,179,103.70013192063767,0.0
2015-11-30,180,-180.2972721972092,0.0
2015-11-30,181,-558.2704086715315,0.0
2015-12-01,177,301.8125685438682,0.0
2015-12-01,178,301.75220603015947,0.0
2015-12-01,179,301.6918555889535,0.0
2015-12-01,180,273.9048487696212,0.0
2015-12-01,181,683.6066445589275,0.0
2015-12-02,177,-584.7467174287211,0.0
2015-12-02,178,-584.6297680852355,0.0
2015-12-02,179,-584.5128421316185,0.0
2015-12-02,180,-447.262926125451,0.0
2015-12-02,181,-347.5107441023079,0.0
2015-12-03,177,-377.26795277243974,0.0
2015-12-03,178,-377.19249918188524,0.0
2015-12-03,179,-377.11706068204893,0.0
2015-12-03,180,-693.4049058456218,0.0
2015-12-03,181,-894.4185032006051,0.0
2015-12-04,177,745.0877273449875,0.0
2015-12-04,178,744.9387097995185,0.0
2015-12-04,179,744.7897220575587,0.0
2015-12-04,180,409.11410112868504,0.0
2015-12-04,181,939.9995866746772,0.0
2015-12-07,177,-773.3874200927418,0.0
2015-12-07,178,-773.2327426087232,0.0
2015-12-07,179,-773.0780960602017,0.0
2015-12-07,180,-613.6757189559743,0.0
2015-12-07,181,-227.881930037756,0.0
2015-12-08,177,-801.6915970256632,0.0
2015-12-08,178,-801.5312587062581,0.0
2015-12-08,179,-801.370952454517,0.0
2015-12-08,180,-221.89590314188905,0.0
2015-12-08,181,91.15433783727602,0.0
2015-12-09,177,1254.423902397042,0.0
2015-12-09,178,1254.1730176165627,0.0
2015-12-09,179,1253.9221830130396,0.0
2015-12-09,180,-447.2507467575912,0.0
2015-12-09,181,-410.18016689781723,0.0
2015-12-10,177,-320.68650401768303,0.0
2015-12-10,178,-320.6223667168795,0.0
2015-12-10,179,-320.5582422435362,0.0
2015-12-10,180,131.75944641115564,0.0
2015-12-10,181,301.94009944272665,0.0
2015-12-11,177,-1131.803858317294,0.0
2015-12-11,178,-1131.5774975456306,0.0
2015-12-11,179,-1131.3511820461217,0.0
2015-12-11,180,-884.1094478839226,0.0
2015-12-11,181,-598.1753867662318,0.0
2015-12-14,177,-547.0347199626121,0.0
2015-12-14,178,-546.9253130186197,0.0
2015-12-14,179,-546.815927956016,0.0
2015-12-14,180,-277.372923769322,0.0
2015-12-14,181,262.0612183842533,0.0
2015-12-15,177,226.34821594492075,0.0
2015-12-15,178,226.3029463017318,0.0
2015-12-15,179,226.25768571247147,0.0
2015-12-15,180,554.7336681707899,0.0
2015-12-15,181,524.1224367685066,0.0
2015-12-15,180,0.0,39.0774408996781
2015-12-15,182,0.0,38.99936409468374
2015-12-16,177,424.446065179201,0.0
2015-12-16,178,424.3611759661652,0.0
2015-12-16,179,424.276303730972,0.0
2015-12-16,181,529.801151851501,0.0
2015-12-16,182,595.1499422654621,0.0
2015-12-17,177,-829.9957739586181,0.0
2015-12-17,178,-829.8297748038264,0.0
2015-12-17,179,-829.6638088488658,0.0
2015-12-17,181,-444.34640672620105,0.0
2015-12-17,182,-422.1443122112967,0.0
2015-12-18,177,-550.17813378232,0.0
2015-12-18,178,-550.0680981555635,0.0
2015-12-18,179,-549.9580845359325,0.0
2015-12-18,181,-593.28219247367,0.0
2015-12-18,182,-598.6019717692861,0.0
2015-12-21,177,361.0845284139073,0.0
2015-12-21,178,361.01231150822457,0.0
2015-12-21,179,360.94010904592295,0.0
2015-12-21,181,366.1544667828742,0.0
2015-12-21,182,290.6481214373262,0.0
2015-12-22,177,513.1387640950358,0.0
2015-12-22,178,513.0361363422168,0.0
2015-12-22,179,512.9335291149483,0.0
2015-12-22,181,274.6138928094386,0.0
2015-12-22,182,356.39165868675957,0.0
2015-12-23,177,969.2207558049619,0.0
2015-12-23,178,969.026911653801,0.0
2015-12-23,179,968.8331062714703,0.0
2015-12-23,181,440.51536180807796,0.0
2015-12-23,182,494.8162185353179,0.0
2015-12-23,177,0.0,42.00956432313182
2015-12-23,178,0.0,42.00116241026719
2015-12-23,179,0.0,41.992762177785146
2015-12-24,181,40.043292386703406,0.0
2015-12-24,182,75.04821536627018,0.0
2015-12-28,181,-194.5246983324091,0.0
2015-12-28,182,-184.1730670493948,0.0
2015-12-29,181,503.46663259483887,0.0
2015-12-29,182,427.44086804330016,0.0
2015-12-30,181,-177.3580679022908,0.0
2015-12-30,182,-403.11560732310284,0.0
2015-12-31,181,-371.8697177165864,0.0
2015-12-31,182,-493.4761260958797,0.0
2016-01-04,181,-743.7263869150593,0.0
2016-01-04,182,-907.0237908896286,0.0
2016-01-05,181,194.5012109998048,0.0
2016-01-05,182,83.40783963127197,0.0
2016-01-06,181,-331.8159865153922,0.0
2016-01-06,182,-583.8214510768433,0.0
2016-01-07,181,-818.1159886801128,0.0
2016-01-07,182,-1007.8042120995873,0.0
2016-01-07,183,0.0,40.4218368360094
2016-01-07,184,0.0,40.413752468642194
2016-01-07,185,0.0,40.40566971814847
2016-01-08,181,-594.9889386429155,0.0
2016-01-08,182,-632.4871663090852,0.0
2016-01-08,183,-696.2098727375288,0.0
2016-01-08,184,-410.344128788943,0.0
2016-01-08,185,-629.9378555229205,0.0
2016-01-11,181,-463.4050722827766,0.0
2016-01-11,182,-156.3775442751658,0.0
2016-01-11,183,-172.13248900234106,0.0
2016-01-11,184,24.134413005196077,0.0
2016-01-11,185,53.99482056370598,0.0
2016-01-11,185,0.0,39.82972668318925
2016-01-12,181,492.0100336911874,0.0
2016-01-12,182,107.72398407638248,0.0
2016-01-12,183,118.57711150450031,0.0
2016-01-12,184,321.8562067449415,0.0
2016-01-13,181,-1155.64983583284,0.0
2016-01-13,182,-1157.2290772332312,0.0
2016-01-13,183,-1273.8192195902948,0.0
2016-01-13,184,-973.5555482797096,0.0
2016-01-14,181,1012.6328579016538,0.0
2016-01-14,182,483.04710738361103,0.0
2016-01-14,183,531.7138166143128,0.0
2016-01-14,184,466.6552963135418,0.0
2016-01-14,182,0.0,35.36678372377694
2016-01-14,186,0.0,39.4417910619837
2016-01-14,187,0.0,39.4339027037713
2016-01-15,181,-543.5073152779196,0.0
2016-01-15,183,-631.1680692620736,0.0
2016-01-15,184,-699.9644733138721,0.0
2016-01-15,186,-639.4662403747587,0.0
2016-01-15,187,-639.3383471266839,0.0
2016-01-19,181,-5.7256897482030285,0.0
2016-01-19,183,-516.4141915643394,0.0
2016-01-19,184,-8.06081267064715,0.0
2016-01-19,186,-523.2036562652867,0.0
2016-01-19,187,-523.0990155340336,0.0
2016-01-20,181,74.38699206143077,0.0
2016-01-20,183,156.8462435982294,0.0
2016-01-20,184,-506.8965577348797,0.0
2016-01-20,186,158.90835198289733,0.0
2016-01-20,187,158.87657031250077,0.0
2016-01-20,183,0.0,37.93923016556986
2016-01-21,181,-114.43289415175688,0.0
2016-01-21,184,168.96675065538926,0.0
2016-01-21,186,-89.14470151863075,0.0
2016-01-21,187,-89.12687257832702,0.0
2016-01-22,181,606.4324890284535,0.0
2016-01-22,184,337.92980707949044,0.0
2016-01-22,186,937.8849488456801,0.0
2016-01-22,187,937.697371855911,0.0
2016-01-22,188,0.0,38.544476036856025
2016-01-25,181,-360.42877703467116,0.0
2016-01-25,184,-482.7362851106669,0.0
2016-01-25,186,-871.9947974818049,0.0
2016-01-25,187,-871.8203985223086,0.0
2016-01-25,188,-855.5191169226663,0.0
2016-01-25,181,0.0,38.45691618735123
2016-01-26,184,732.1523105271391,0.0
2016-01-26,186,767.3628773378124,0.0
2016-01-26,187,767.2094047623449,0.0
2016-01-26,188,752.8641375787336,0.0
2016-01-26,184,0.0,39.38388944706917
2016-01-27,186,-538.7044304430558,0.0
2016-01-27,187,-538.5966895569671,0.0
2016-01-27,188,-528.5260186711005,0.0
2016-01-28,186,-7.760553753190056,0.0
2016-01-28,187,-7.759001642439419,0.0
2016-01-28,188,-7.613923974011525,0.0
2016-01-29,186,1267.3221501126488,0.0
2016-01-29,187,1267.0686856826264,0.0
2016-01-29,188,1243.3770589594963,0.0
2016-01-29,189,0.0,39.34200648489247
2016-01-29,190,0.0,38.343273064344274
2016-02-01,186,-182.15273547334738,0.0
2016-02-01,187,-182.11630492625272,0.0
2016-02-01,188,-178.71109764328364,0.0
2016-02-01,189,-179.59188522969038,0.0
2016-02-01,190,-92.04564540712225,0.0
2016-02-02,186,-856.5008010802395,0.0
2016-02-02,187,-856.3295009200234,0.0
2016-02-02,188,-840.3178678356878,0.0
2016-02-02,189,-844.4594211940743,0.0
2016-02-02,190,-767.0294360821929,0.0
2016-02-03,186,50.37582163369877,0.0
2016-02-03,187,50.365746469372034,0.0
2016-02-03,188,49.424008678463466,0.0
2016-02-03,189,49.66759765468554,0.0
2016-02-03,190,605.946034824297,0.0
2016-02-04,186,151.15457600591094,0.0
2016-02-04,187,151.12434509070977,0.0
2016-02-04,188,148.29862489643497,0.0
2016-02-04,189,149.02952291906755,0.0
2016-02-04,190,659.6428497738835,0.0
2016-02-05,186,-1069.6686404615325,0.0
2016-02-05,187,-1069.4547067334402,0.0
2016-02-05,188,-1049.458062513973,0.0
2016-02-05,189,-1054.6303749562692,0.0
2016-02-05,190,-368.16145085589784,0.0
2016-02-08,186,-623.958688420786,0.0
2016-02-08,187,-623.8338966831019,0.0
2016-02-08,188,-612.1694620834184,0.0
2016-02-08,189,-615.1865733321928,0.0
2016-02-08,190,-322.1597589249279,0.0
2016-02-09,186,-251.91638593761397,0.0
2016-02-09,187,-251.86600266042646,0.0
2016-02-09,188,-247.1566168262536,0.0
2016-02-09,189,-248.3747419615677,0.0
2016-02-09,190,230.11059172236722,0.0
2016-02-10,186,19.370884390058674,0.0
2016-02-10,187,19.367010213180663,0.0
2016-02-10,188,19.00488621635366,0.0
2016-02-10,189,19.098552855309958,0.0
2016-02-10,190,-199.432231715425,0.0
2016-02-11,186,-403.0641841673213,0.0
2016-02-11,187,-402.9835713304878,0.0
2016-02-11,188,-395.44859200742746,0.0
2016-02-11,189,-397.3975823918825,0.0
2016-02-11,190,-744.0039375486848,0.0
2016-02-12,186,697.6127824259531,0.0
2016-02-12,187,697.4732598694679,0.0
2016-02-12,188,684.4319178262858,0.0
2016-02-12,189,687.8051786081387,0.0
2016-02-12,190,751.6849733855739,0.0
2016-02-12,188,0.0,36.726955912533974
2016-02-16,186,887.5091272119814,0.0
2016-02-16,187,887.331625386539,0.0
2016-02-16,189,875.0318072378261,0.0
2016-02-16,190,767.0118271050335,0.0
2016-02-17,186,600.714304930336,0.0
2016-02-17,187,600.5941620693499,0.0
2016-02-17,189,592.2689781546961,0.0
2016-02-17,190,598.2755643737036,0.0
2016-02-18,186,-186.03640123804425,0.0
2016-02-18,187,-185.99919395779665,0.0
2016-02-18,189,-183.4209512850062,0.0
2016-02-18,190,-23.007889556348704,0.0
2016-02-19,186,193.7732327745215,0.0
2016-02-19,187,193.73447812796658,0.0
2016-02-19,189,191.04901219625054,0.0
2016-02-19,190,-76.70822630136708,0.0
2016-02-22,186,434.0860658514705,0.0
2016-02-22,187,433.99924863830023,0.0
2016-02-22,189,427.9833334131399,0.0
2016-02-22,190,667.3097984290451,0.0
2016-02-23,186,-360.43874962250703,0.0
2016-02-23,187,-360.3666618725826,0.0
2016-02-23,189,-355.3714106259468,0.0
2016-02-23,190,-398.8574198399994,0.0
2016-02-24,186,375.9327460240725,0.0
2016-02-24,187,375.85755947486774,0.0
2016-02-24,189,370.64757991469367,0.0
2016-02-24,190,23.014933147212425,0.0
2016-02-25,186,360.4421385106089,0.0
2016-02-25,187,360.3700500829068,0.0
2016-02-25,189,355.37475187032317,0.0
2016-02-25,190,521.577903458632,0.0
2016-02-26,186,251.89266372090117,0.0
2016-02-26,187,251.842285188157,0.0
2016-02-26,189,248.35135325093316,0.0
2016-02-26,190,53.70033674501837,0.0
2016-02-29,186,-178.26906970865053,0.0
2016-02-29,187,-178.2334158947088,0.0
2016-02-29,189,-175.76281917437456,0.0
2016-02-29,190,-253.12200307416092,0.0
2016-02-29,191,0.0,36.653575381240195
2016-03-01,186,856.4974121921376,0.0
2016-03-01,187,856.3261127096993,0.0
2016-03-01,189,844.4560799496978,0.0
2016-03-01,190,782.3598115970908,0.0
2016-03-01,191,1233.9585838883995,0.0
2016-03-02,186,418.5785138974977,0.0
2016-03-02,187,418.4947981947182,0.0
2016-03-02,189,412.6937991468876,0.0
2016-03-02,190,30.678360006942224,0.0
2016-03-02,191,417.0776828850967,0.0
2016-03-03,186,430.18206675816896,0.0
2016-03-03,187,430.0960303448174,0.0
2016-03-03,189,424.1342198915721,0.0
2016-03-03,190,291.4884425088494,0.0
2016-03-03,191,260.6968771823025,0.0
2016-03-04,186,228.65505800664215,0.0
2016-03-04,187,228.60932699504085,0.0
2016-03-04,189,225.44044056217675,0.0
2016-03-04,190,168.72217554960258,0.0
2016-03-04,191,156.43305455201457,0.0
2016-03-07,186,453.45017246533183,0.0
2016-03-07,187,453.3594824308388,0.0
2016-03-07,189,447.0752037797034,0.0
2016-03-07,190,122.73104900492821,0.0
2016-03-07,191,-17.37896246534055,0.0
2016-03-08,186,-1019.28604105163,0.0
2016-03-08,187,-1019.0821838434197,0.0
2016-03-08,189,-1004.956094812831,0.0
2016-03-08,190,-582.9416670633802,0.0
2016-03-08,191,-625.6774813184037,0.0
2016-03-09,186,209.27739584039875,0.0
2016-03-09,187,209.2355403612307,0.0
2016-03-09,189,206.33520521813273,0.0
2016-03-09,190,130.39095406922615,0.0
2016-03-09,191,52.1393754364605,0.0
2016-03-10,186,-337.1570883629432,0.0
2016-03-10,187,-337.08965694527063,0.0
2016-03-10,189,-332.4170617603163,0.0
2016-03-10,190,-61.35319821845259,0.0
2016-03-10,191,-34.76041297111995,0.0
2016-03-11,186,879.7485734587914,0.0
2016-03-11,187,879.5726237440996,0.0
2016-03-11,189,867.3803576159472,0.0
2016-03-11,190,590.60509392311,0.0
2016-03-11,191,990.6406691714329,0.0
2016-03-14,186,-108.51219702058759,0.0
2016-03-14,187,-108.49049458118348,0.0
2016-03-14,189,-106.98664493124997,0.0
2016-03-14,190,38.352352252967606,0.0
2016-03-14,191,-121.65771333826154,0.0
2016-03-15,186,-651.0969043402383,0.0
2016-03-15,187,-650.9666849593704,0.0
2016-03-15,189,-641.9432582981344,0.0
2016-03-15,190,-23.018454942644286,0.0
2016-03-15,191,-17.376474424897072,0.0
2016-03-16,186,290.664932493935,0.0
2016-03-16,187,290.6067995074362,0.0
2016-03-16,189,286.5785301609404,0.0
2016-03-16,190,145.72837317498133,0.0
2016-03-16,191,-86.89730036714623,0.0
2016-03-17,186,635.5893523862655,0.0
2016-03-17,187,635.4622345157884,0.0
2016-03-17,189,626.6537240318821,0.0
2016-03-17,190,912.7648528480379,0.0
2016-03-17,191,469.2494028472668,0.0
2016-03-18,186,379.79946734826024,0.0
2016-03-18,187,379.7235074547906,0.0
2016-03-18,189,374.4599397481276,0.0
2016-03-18,190,364.6502208103323,0.0
2016-03-18,191,349.14671478328876,0.0
2016-03-21,186,-100.76180993170303,0.0
2016-03-21,187,-100.7416575697167,0.0
2016-03-21,189,-99.34521904250018,0.0
2016-03-21,190,254.41802379307924,0.0
2016-03-21,191,-69.836807077978,0.0
2016-03-22,186,-50.3792105218006,0.0
2016-03-22,187,-50.36913467969624,0.0
2016-03-22,189,-49.6709388990619,0.0
2016-03-22,190,-246.71233538817367,0.0
2016-03-22,191,-122.21254635612425,0.0
2016-03-23,186,-782.4942627124758,0.0
2016-03-23,187,-782.3377638599333,0.0
2016-03-23,189,-771.49332650298,0.0
2016-03-23,190,-277.5421325986728,0.0
2016-03-23,191,-296.7510711816178,0.0
2016-03-24,186,124.38913777765352,0.0
2016-03-24,187,124.36425995009799,0.0
2016-03-24,189,122.64037483452002,0.0
2016-03-24,190,-123.35792859179948,0.0
2016-03-24,191,-244.3877721056658,0.0
2016-03-28,186,50.535099374484766,0.0
2016-03-28,187,50.52499235460987,0.0
2016-03-28,189,49.82463614037476,0.0
2016-03-28,190,15.42546399155171,0.0
2016-03-28,191,122.18268987084882,0.0
2016-03-29,186,1158.379564303129,0.0
2016-03-29,187,1158.1478883902685,0.0
2016-03-29,189,1142.0941289964107,0.0
2016-03-29,190,277.55269798497494,0.0
2016-03-29,191,69.8318309971003,0.0
2016-03-30,186,3.9006102052060063,0.0
2016-03-30,187,3.8998300831649653,0.0
2016-03-30,189,3.845772277197649,0.0
2016-03-30,190,77.09210200343993,0.0
2016-03-30,191,226.93416842715988,0.0
2016-03-31,186,120.49530534865748,0.0
2016-03-31,187,120.47120628758775,0.0
2016-03-31,189,118.80128504608133,0.0
2016-03-31,190,-100.22677619533565,0.0
2016-03-31,191,-87.28543467560624,0.0
2016-04-01,186,190.4792335395367,0.0
2016-04-01,187,190.4411376928288,0.0
2016-04-01,189,187.80132266241625,0.0
2016-04-01,190,200.44650879980756,0.0
2016-04-01,191,349.1516908641664,0.0
2016-04-04,186,-361.5028604864753,0.0
2016-04-04,187,-361.430559914378,0.0
2016-04-04,189,-356.4205613601196,0.0
2016-04-04,190,-485.6802426216716,0.0
2016-04-04,191,-192.04188931278108,0.0
2016-04-05,186,-485.9021649284469,0.0
2016-04-05,187,-485.8049844954612,0.0
2016-04-05,189,-479.0709599277812,0.0
2016-04-05,190,-262.14484297058254,0.0
2016-04-05,191,-558.6048871679884,0.0
2016-04-06,186,478.1246667347477,0.0
2016-04-06,187,478.02904180140075,0.0
2016-04-06,189,471.40280408402043,0.0
2016-04-06,190,208.15924079558343,0.0
2016-04-06,191,209.47807670821507,0.0
2016-04-07,186,-579.1948654837172,0.0
2016-04-07,187,-579.0790265106206,0.0
2016-04-07,189,-571.05207636477,0.0
2016-04-07,190,-408.6022277999591,0.0
2016-04-07,191,-733.1881967213859,0.0
2016-04-08,186,167.1501278465472,0.0
2016-04-08,187,167.11669782097792,0.0
2016-04-08,189,164.80019637551663,0.0
2016-04-08,190,161.9004577980876,0.0
2016-04-08,191,139.65868591331363,0.0
2016-04-11,186,-132.17680263566453,0.0
2016-04-11,187,-132.1503672751374,0.0
2016-04-11,189,-130.31855441141607,0.0
2016-04-11,190,15.411376809817705,0.0
2016-04-11,191,157.1023374300642,0.0
2016-04-12,186,454.8192832584584,0.0
2016-04-12,187,454.72831940180674,0.0
2016-04-12,189,448.42506650774294,0.0
2016-04-12,190,246.70529179730994,0.0
2016-04-12,191,488.79544853484236,0.0
2016-04-13,186,921.2522860419125,0.0
2016-04-13,187,921.0680355847041,0.0
2016-04-13,189,908.3005774933182,0.0
2016-04-13,190,632.1798889962305,0.0
2016-04-13,191,890.2930221918889,0.0
2016-04-13,186,0.0,43.657357749597566
2016-04-13,187,0.0,43.648626278047644
2016-04-14,189,-53.64033721819133,0.0
2016-04-14,190,77.09914559430366,0.0
2016-04-14,191,87.29289879691814,0.0
2016-04-15,189,107.3140868801401,0.0
2016-04-15,190,61.67368160275851,0.0
2016-04-15,191,-139.66366199419133,0.0
2016-04-18,189,325.76130296258833,0.0
2016-04-18,190,38.560138183440856,0.0
2016-04-18,191,296.758535302939,0.0
2016-04-19,189,34.4950069415998,0.0
2016-04-19,190,308.3754516046235,0.0
2016-04-19,191,506.26149241554253,0.0
2016-04-19,192,0.0,43.002808939857196
2016-04-20,189,65.14424160601439,0.0
2016-04-20,190,-69.38993539395966,0.0
2016-04-20,191,314.20716290056725,0.0
2016-04-20,192,-489.78110927055405,0.0
2016-04-21,189,-218.45055732682462,0.0
2016-04-21,190,-107.92542100938405,0.0
2016-04-21,191,-366.5754380574016,0.0
2016-04-21,192,-293.8548926113101,0.0
2016-04-22,189,429.2563475205293,0.0
2016-04-22,190,107.92542100938405,0.0
2016-04-22,191,384.04148193810175,0.0
2016-04-22,192,-159.19136096305266,0.0
2016-04-22,190,0.0,43.489521291719356
2016-04-25,189,-310.44503874131885,0.0
2016-04-25,191,-87.29787487779583,0.0
2016-04-25,192,-502.0240650894342,0.0
2016-04-26,189,425.4339639539724,0.0
2016-04-26,191,261.86874422899905,0.0
2016-04-26,192,244.8830693358063,0.0
2016-04-26,193,0.0,42.911075421641364
2016-04-27,189,153.27958576579928,0.0
2016-04-27,191,69.81939079490144,0.0
2016-04-27,192,306.1098249093367,0.0
2016-04-27,193,-344.2418405131453,0.0
2016-04-27,189,0.0,44.001735963372354
2016-04-28,191,-436.4197092566915,0.0
2016-04-28,192,-391.82249212062175,0.0
2016-04-28,193,-514.3625629339504,0.0
2016-04-29,191,-226.9341684271645,0.0
2016-04-29,192,-661.2004554535342,0.0
2016-04-29,193,-221.58685179876682,0.0
2016-05-02,191,366.5903663000439,0.0
2016-05-02,192,-73.4547407934635,0.0
2016-05-02,193,395.6690049981966,0.0
2016-05-02,193,0.0,42.2265531713937
2016-05-03,191,-523.7175841344966,0.0
2016-05-03,192,-991.8171508391459,0.0
2016-05-03,194,0.0,42.26642967202953
2016-05-03,195,0.0,42.25797638609513
2016-05-03,196,0.0,42.249524790817915
2016-05-04,191,-314.2021868196849,0.0
2016-05-04,192,-502.030053329013,0.0
2016-05-04,194,-271.84137703043524,0.0
2016-05-04,195,-130.66473314860747,0.0
2016-05-04,196,-271.7326513532782,0.0
2016-05-05,191,-17.453603678505935,0.0
2016-05-05,192,61.22675557353039,0.0
2016-05-05,194,-11.98721268184808,0.0
2016-05-05,195,20.102266638247304,0.0
2016-05-05,196,-11.982418276263852,0.0
2016-05-06,191,174.56091718944782,0.0
2016-05-06,192,-232.64310763672117,0.0
2016-05-06,194,223.85972057590757,0.0
2016-05-06,195,311.53800481673386,0.0
2016-05-06,196,223.77018564206608,0.0
2016-05-09,191,-104.74899051586293,0.0
2016-05-09,192,-599.9826822393776,0.0
2016-05-09,194,119.92461598189978,0.0
2016-05-09,195,0.0,0.0
2016-05-09,196,119.87665093249169,0.0
2016-05-10,191,576.0684430082498,0.0
2016-05-10,192,893.8495513298398,0.0
2016-05-10,194,579.6607949699579,0.0
2016-05-10,195,552.7309295112873,0.0
2016-05-10,196,579.4289538384019,0.0
2016-05-11,191,-436.4022929736196,0.0
2016-05-11,192,-661.2124319326974,0.0
2016-05-11,194,-387.7800971698404,0.0
2016-05-11,195,-311.5294360756343,0.0
2016-05-11,196,-387.6250006421765,0.0
2016-05-12,191,17.45111563806709,0.0
2016-05-12,192,-73.46372315282613,0.0
2016-05-12,194,-187.8783990940797,0.0
2016-05-12,195,-120.58789360616124,0.0
2016-05-12,196,-187.80325524957806,0.0
2016-05-13,191,-488.77305617089274,0.0
2016-05-13,192,-624.4685938771268,0.0
2016-05-13,194,-155.89609574558585,0.0
2016-05-13,195,-160.79242688265586,0.0
2016-05-13,196,-155.83374354313148,0.0
2016-05-16,191,209.46563650602084,0.0
2016-05-16,192,746.9161167846087,0.0
2016-05-16,194,527.6735592366826,0.0
2016-05-16,195,592.9097565644514,0.0
2016-05-16,196,527.4625109199304,0.0
2016-05-17,191,-226.92919234627755,0.0
2016-05-17,192,-232.64310763672117,0.0
2016-05-17,194,-535.6715955033446,0.0
2016-05-17,195,-432.1173296817955,0.0
2016-05-17,196,-535.4573482920072,0.0
2016-05-18,191,698.2685491621751,0.0
2016-05-18,192,-306.1188072687105,0.0
2016-05-18,194,151.90691933039363,0.0
2016-05-18,195,80.38336032966664,0.0
2016-05-18,196,151.84616263893827,0.0
2016-05-19,191,-384.05143409985715,0.0
2016-05-19,192,-208.15420187917707,0.0
2016-05-19,194,-219.87054416070924,0.0
2016-05-19,195,-231.12893826375262,0.0
2016-05-19,196,-219.7826047378668,0.0
2016-05-20,191,279.29746750311654,0.0
2016-05-20,192,489.7900916299279,0.0
2016-05-20,194,463.7220748305405,0.0
2016-05-20,195,512.5178274936773,0.0
2016-05-20,196,463.53660454949136,0.0
2016-05-23,191,-34.924623640083794,0.0
2016-05-23,192,-85.71865545085831,0.0
2016-05-23,194,-55.979692721165186,0.0
2016-05-23,195,-80.40906655299719,0.0
2016-05-23,196,-55.95730308326444,0.0
2016-05-24,191,610.9980427292112,0.0
2016-05-24,192,746.9131226648193,0.0
2016-05-24,194,851.5054525730847,0.0
2016-05-24,195,803.9578500427335,0.0
2016-05-24,196,851.1648844522738,0.0
2016-05-25,191,436.4197092566915,0.0
2016-05-25,192,722.4242169072863,0.0
2016-05-25,194,311.80859435473326,0.0
2016-05-25,195,301.4954402387257,0.0
2016-05-25,196,311.6838833893352,0.0
2016-05-25,191,0.0,41.52956488011821
2016-05-26,192,-146.93343454523665,0.0
2016-05-26,194,127.9292133939876,0.0
2016-05-26,195,140.69016024440856,0.0
2016-05-26,196,127.87804682579856,0.0
2016-05-27,192,232.64909587629998,0.0
2016-05-27,194,227.84233584567394,0.0
2016-05-27,195,211.03524036661284,0.0
2016-05-27,196,227.75120802502917,0.0
2016-05-31,192,991.8141567193564,0.0
2016-05-31,194,83.95641679092358,0.0
2016-05-31,195,90.44306238989782,0.0
2016-05-31,196,83.92283758246391,0.0
2016-06-01,192,-257.1469839932011,0.0
2016-06-01,194,3.999018133334041,0.0
2016-06-01,195,-110.54532902814512,0.0
2016-06-01,196,3.997418686041434,0.0
2016-06-02,192,355.09661878378193,0.0
2016-06-02,194,91.938050194024,0.0
2016-06-02,195,-40.19168016483332,0.0
2016-06-02,196,91.90127865146842,0.0
2016-06-03,192,48.97182327549822,0.0
2016-06-03,194,-207.8702091880156,0.0
2016-06-03,195,-100.49419570902147,0.0
2016-06-03,196,-207.7870694191488,0.0
2016-06-06,192,526.5219532063409,0.0
2016-06-06,194,159.90495559704337,0.0
2016-06-06,195,80.40478218243545,0.0
2016-06-06,196,159.84100001100282,0.0
2016-06-07,192,538.7559266658473,0.0
2016-06-07,194,-111.94298257879326,0.0
2016-06-07,195,180.87327166813435,0.0
2016-06-07,196,-111.89820986348107,0.0
2016-06-08,192,122.43854054811375,0.0
2016-06-08,194,75.95181937884188,0.0
2016-06-08,195,90.45163113100534,0.0
2016-06-08,196,75.92144168916313,0.0
2016-06-08,197,0.0,44.13316058107635
2016-06-09,192,-244.8770810962275,0.0
2016-06-09,194,-71.95608181822382,0.0
2016-06-09,195,10.055417689677412,0.0
2016-06-09,196,-71.92730226373982,0.0
2016-06-09,197,-639.0975203482172,0.0
2016-06-10,192,-1138.738608905225,0.0
2016-06-10,194,-499.6804323033993,0.0
2016-06-10,195,-341.6956891446665,0.0
2016-06-10,196,-499.48058011769535,0.0
2016-06-10,197,-1349.2039951491586,0.0
2016-06-13,192,-869.3606455723013,0.0
2016-06-13,194,-363.78598836986674,0.0
2016-06-13,195,-492.4198452259837,0.0
2016-06-13,196,-363.6404885259584,0.0
2016-06-13,197,-390.55771462682964,0.0
2016-06-14,192,110.1955847292392,0.0
2016-06-14,194,0.0,0.0
2016-06-14,195,100.4899113384677,0.0
2016-06-14,196,0.0,0.0
2016-06-14,197,-106.51851076120684,0.0
2016-06-15,192,61.214779094372766,0.0
2016-06-15,194,-123.93347583335732,0.0
2016-06-15,195,-110.53247591648383,0.0
2016-06-15,196,-123.88390740036303,0.0
2016-06-15,197,-923.1367242138274,0.0
2016-06-16,192,-110.1955847292392,0.0
2016-06-16,194,127.92265224855565,0.0
2016-06-16,195,90.4559155015591,0.0
2016-06-16,196,127.87148830456233,0.0
2016-06-16,197,-1171.67652993524,0.0
2016-06-17,192,-171.41934618298018,0.0
2016-06-17,194,-506.248138868547,0.0
2016-06-17,195,-291.86417523387064,0.0
2016-06-17,196,-506.0456598629253,0.0
2016-06-17,197,1846.2768344824312,0.0
2016-06-20,192,710.1782669686169,0.0
2016-06-20,194,268.5640848932536,0.0
2016-06-20,195,181.76870511387042,0.0
2016-06-20,196,268.4566700018598,0.0
2016-06-20,197,887.6339400148598,0.0
2016-06-21,192,411.97591242309716,0.0
2016-06-21,194,136.28483208600676,0.0
2016-06-21,195,302.9649793386658,0.0
2016-06-21,196,136.23032360456565,0.0
2016-06-21,197,-71.00895445270528,0.0
2016-06-22,192,345.3747118275859,0.0
2016-06-22,194,-104.21723384705025,0.0
2016-06-22,195,-151.47820529877913,0.0
2016-06-22,196,-104.1755511222008,0.0
2016-06-22,197,-532.5823956417742,0.0
2016-06-23,192,1011.4406119389134,0.0
2016-06-23,194,613.2505789462928,0.0
2016-06-23,195,595.8017066882402,0.0
2016-06-23,196,613.0053032447375,0.0
2016-06-23,197,852.1277697611158,0.0
2016-06-24,192,-2577.940132796981,0.0
2016-06-24,194,-1795.6870841999319,0.0
2016-06-24,195,-1706.6318820146537,0.0
2016-06-24,196,-1794.9688811937356,0.0
2016-06-24,197,-2059.3104699500873,0.0
2016-06-27,192,-135.68452649642762,0.0
2016-06-27,194,-829.6962051978946,0.0
2016-06-27,195,-858.3650717049463,0.0
2016-06-27,196,-829.364359903664,0.0
2016-06-27,197,-745.6126450546791,0.0
2016-06-28,192,962.1065001688861,0.0
2016-06-28,194,897.8468226726727,0.0
2016-06-28,195,828.074571889847,0.0
2016-06-28,196,897.4877198574768,0.0
2016-06-28,197,994.1524507760793,0.0
2016-06-29,192,740.0775471856091,0.0
2016-06-29,194,741.5176913293783,0.0
2016-06-29,195,656.3912750595304,0.0
2016-06-29,196,741.2211139135544,0.0
2016-06-29,197,1136.1703596814898,0.0
2016-06-30,192,567.4036648108685,0.0
2016-06-30,194,493.00774741152975,0.0
2016-06-30,195,474.6140012045524,0.0
2016-06-30,196,492.81056403287516,0.0
2016-06-30,197,-781.1188153084042,0.0
2016-06-30,197,0.0,41.0796976603502
2016-07-01,192,320.7031647628937,0.0
2016-07-01,194,216.45874854244752,0.0
2016-07-01,195,100.99546706381152,0.0
2016-07-01,196,216.37217370138052,0.0
2016-07-05,192,-962.1124884084705,0.0
2016-07-05,194,-264.5486638963886,0.0
2016-07-05,195,-323.140080276327,0.0
2016-07-05,196,-264.44285501277665,0.0
2016-07-06,192,-98.6772058994005,0.0
2016-07-06,194,352.7271777649049,0.0
2016-07-06,195,302.9392731153432,0.0
2016-07-06,196,352.58610100288615,0.0
2016-07-07,192,-197.36040003837982,0.0
2016-07-07,194,128.25070951953623,0.0
2016-07-07,195,0.0,0.0
2016-07-07,196,128.19941436575684,0.0
2016-07-07,198,0.0,42.2134137565389
2016-07-08,192,888.1038354539728,0.0
2016-07-08,194,673.3965990089952,0.0
2016-07-08,195,686.7074810979442,0.0
2016-07-08,196,673.1272673052557,0.0
2016-07-08,198,39.015139681654944,0.0
2016-07-11,192,320.6941824035255,0.0
2016-07-11,194,252.52208434201597,0.0
2016-07-11,195,262.55051190503684,0.0
2016-07-11,196,252.4210856091626,0.0
2016-07-11,198,-702.257631515762,0.0
2016-07-12,192,863.4263001497018,0.0
2016-07-12,194,224.44694309097378,0.0
2016-07-12,195,363.53741022774085,0.0
2016-07-12,196,224.35717329161517,0.0
2016-07-12,198,2106.7691738587796,0.0
2016-07-13,192,-185.0096559070867,0.0
2016-07-13,194,-108.20969083496456,0.0
2016-07-13,195,10.098261395215024,0.0
2016-07-13,196,-108.16641128701824,0.0
2016-07-13,198,-1716.6252184192433,0.0
2016-07-14,192,703.0732207083603,0.0
2016-07-14,194,304.6142984019948,0.0
2016-07-14,195,292.85386483178945,0.0
2016-07-14,196,304.492464867206,0.0
2016-07-14,198,468.1705141143391,0.0
2016-07-15,192,-123.35174708388209,0.0
2016-07-15,194,-72.14307446268624,0.0
2016-07-15,195,-40.3930455808601,0.0
2016-07-15,196,-72.11422011862416,0.0
2016-07-15,198,468.1705141143391,0.0
2016-07-15,192,0.0,43.738748613493854
2016-07-18,194,296.60642041720325,0.0
2016-07-18,195,302.95212622701246,0.0
2016-07-18,196,296.48778971329324,0.0
2016-07-18,198,-663.2424918341071,0.0
2016-07-19,194,-164.33700932807986,0.0
2016-07-19,195,-100.97832958160446,0.0
2016-07-19,196,-164.27128109782905,0.0
2016-07-19,198,-468.1705141143391,0.0
2016-07-20,194,525.0753456504863,0.0
2016-07-20,195,595.7974223176864,0.0
2016-07-20,196,524.86533651524,0.0
2016-07-20,198,117.0416983564581,0.0
2016-07-21,194,-104.2139532743465,0.0
2016-07-21,195,-242.34970474405304,0.0
2016-07-21,196,-104.17227186159491,0.0
2016-07-21,198,-936.3410282286782,0.0
2016-07-21,199,0.0,43.651358506373995
2016-07-22,194,188.39344900953492,0.0
2016-07-22,195,272.6444889297061,0.0
2016-07-22,196,188.3180991656691,0.0
2016-07-22,198,-273.0985363945711,0.0
2016-07-22,199,-84.58648371616462,0.0
2016-07-25,194,3.9957375606180636,0.0
2016-07-25,195,-60.598137112413625,0.0
2016-07-25,196,3.99413942542332,0.0
2016-07-25,198,-1131.4130059484462,0.0
2016-07-25,199,56.39754623587069,0.0
2016-07-26,194,52.11189749623805,0.0
2016-07-26,195,100.9954670638195,0.0
2016-07-26,196,52.09105482171547,0.0
2016-07-26,198,-195.07197771976797,0.0
2016-07-26,199,56.397546235878025,0.0
2016-07-27,194,316.6507196744909,0.0
2016-07-27,195,383.73821738872465,0.0
2016-07-27,196,316.52407205264996,0.0
2016-07-27,198,-702.257631515762,0.0
2016-07-27,199,281.98773117934616,0.0
2016-07-28,194,160.3347106220482,0.0
2016-07-28,195,30.29478418564507,0.0
2016-07-28,196,160.27058315118782,0.0
2016-07-28,198,-897.3258885470233,0.0
2016-07-28,199,-140.99583271720502,0.0
2016-07-29,194,100.20509342289508,0.0
2016-07-29,195,171.6832968303167,0.0
2016-07-29,196,100.16501539372967,0.0
2016-07-29,198,351.128815757881,0.0
2016-07-29,199,169.19657296266865,0.0
2016-07-29,194,0.0,46.186822319220084
2016-07-29,195,0.0,46.9070068551691
2016-07-29,196,0.0,46.1683494377653
2016-08-01,198,-1365.5001233498692,0.0
2016-08-01,199,-479.37324162232335,0.0
2016-08-02,198,-312.11367607622606,0.0
2016-08-02,199,366.5860176606951,0.0
2016-08-03,198,1404.5115423430173,0.0
2016-08-03,199,-140.99976697225426,0.0
2016-08-04,198,585.215933159304,0.0
2016-08-04,199,169.18083594243507,0.0
2016-08-04,200,0.0,44.28361704587323
2016-08-04,201,0.0,44.274760322464054
2016-08-04,202,0.0,44.26590537039956
2016-08-05,198,78.02655867480316,0.0
2016-08-05,199,28.208608755576762,0.0
2016-08-05,200,200.23176785545925,0.0
2016-08-05,201,845.286420381698,0.0
2016-08-05,202,466.10940378246875,0.0
2016-08-08,198,936.3447489171849,0.0
2016-08-08,199,56.39754623587069,0.0
2016-08-08,200,92.4319572939793,0.0
2016-08-08,201,56.360239562461096,0.0
2016-08-08,202,-148.0529171041914,0.0
2016-08-09,198,-117.04541904496483,0.0
2016-08-09,199,56.39361198081413,0.0
2016-08-09,200,354.2653074077953,0.0
2016-08-09,201,37.5646162950329,0.0
2016-08-09,202,-131.62482175207197,0.0
2016-08-10,198,-1170.4244249415945,0.0
2016-08-10,199,56.401480490927256,0.0
2016-08-10,200,154.02959503147687,0.0
2016-08-10,201,-356.8931480666184,0.0
2016-08-10,202,93.23676886329653,0.0
2016-08-11,198,1716.6252184192433,0.0
2016-08-11,199,394.76708663086856,0.0
2016-08-11,200,323.4625440181873,0.0
2016-08-11,201,93.9195298095293,0.0
2016-08-11,202,444.19131904618314,0.0
2016-08-12,198,1131.4130059484462,0.0
2016-08-12,199,-84.58648371616462,0.0
2016-08-12,200,-115.52318240382245,0.0
2016-08-12,201,-131.4894721525269,0.0
2016-08-12,202,-21.959957536664653,0.0
2016-08-12,199,0.0,44.412731281940836
2016-08-15,198,1014.3713075919882,0.0
2016-08-15,200,177.13659822475688,0.0
2016-08-15,201,300.538234552122,0.0
2016-08-15,202,87.77004214601243,0.0
2016-08-16,198,624.2273521524521,0.0
2016-08-16,200,-69.30917601726242,0.0
2016-08-16,201,-112.688522837134,0.0
2016-08-16,202,-257.74569651984854,0.0
2016-08-17,198,273.0985363945711,0.0
2016-08-17,200,-15.407298476092823,0.0
2016-08-17,201,150.2637912280963,0.0
2016-08-17,202,-104.17952736461756,0.0
2016-08-18,198,1209.4432853117562,0.0
2016-08-18,200,231.0463648076449,0.0
2016-08-18,201,-37.5752683909623,0.0
2016-08-18,202,-27.43598932070158,0.0
2016-08-18,203,0.0,46.00449395150219
2016-08-19,198,156.05683803811303,0.0
2016-08-19,200,-338.86984249428014,0.0
2016-08-19,201,-18.763666979639996,0.0
2016-08-19,202,27.43598932070158,0.0
2016-08-19,203,-373.7912896470706,0.0
2016-08-22,198,-1443.5266820246723,0.0
2016-08-22,200,46.21006186570082,0.0
2016-08-22,201,0.0,0.0
2016-08-22,202,-43.89199987307083,0.0
2016-08-22,203,28.751016043485716,0.0
2016-08-23,198,468.1705141143391,0.0
2016-08-23,200,192.5360076591313,0.0
2016-08-23,201,56.3389353706023,0.0
2016-08-23,202,224.84763301523927,0.0
2016-08-23,203,316.27321122771076,0.0
2016-08-24,198,-1053.3864472736432,0.0
2016-08-24,200,-107.81953316577604,0.0
2016-08-24,201,-18.800949315392902,0.0
2016-08-24,202,-213.86300171353054,0.0
2016-08-24,203,-143.75508021746595,0.0
2016-08-25,198,507.1856537959941,0.0
2016-08-25,200,-184.83630294195143,0.0
2016-08-25,201,93.9568121452822,0.0
2016-08-25,202,-148.0715272376884,0.0
2016-08-25,203,-143.7631033836564,0.0
2016-08-26,198,0.0,0.0
2016-08-26,200,-269.55277743529194,0.0
2016-08-26,201,56.3336093226376,0.0
2016-08-26,202,-126.1348323679058,0.0
2016-08-26,203,-287.53422993350324,0.0
2016-08-29,198,-390.1402347510292,0.0
2016-08-29,200,138.63018559710247,0.0
2016-08-29,201,394.4790685535101,0.0
2016-08-29,202,153.56616915523097,0.0
2016-08-29,203,172.5181310102523,0.0
2016-08-30,198,-468.17423480284583,0.0
2016-08-30,200,-61.61736034179364,0.0
2016-08-30,201,413.2693657729736,0.0
2016-08-30,202,-246.78432788502187,0.0
2016-08-30,203,-143.7671149667591,0.0
2016-08-31,198,-1443.5266820246723,0.0
2016-08-31,200,-92.408290168824,0.0
2016-08-31,201,37.5646162950329,0.0
2016-08-31,202,-115.16415866633497,0.0
2016-08-31,203,-86.24502496428912,0.0
2016-09-01,198,-1170.4244249415945,0.0
2016-09-01,200,308.05919006295375,0.0
2016-09-01,201,-187.8656898588821,0.0
2016-09-01,202,87.75143201251545,0.0
2016-09-01,203,287.52219518422504,0.0
2016-09-02,198,702.2539108272553,0.0
2016-09-02,200,523.6943118736392,0.0
2016-09-02,201,206.6506610303809,0.0
2016-09-02,202,87.73282187900114,0.0
2016-09-02,203,948.8356800155057,0.0
2016-09-06,198,585.215933159304,0.0
2016-09-06,200,308.0631345838203,0.0
2016-09-06,201,-75.1558628298893,0.0
2016-09-06,202,82.2567900949642,0.0
2016-09-06,203,86.25705971357479,0.0
2016-09-06,202,0.0,44.435894982373526
2016-09-07,198,507.1856537959941,0.0
2016-09-07,200,23.09911415156159,0.0
2016-09-07,201,-18.768993027604697,0.0
2016-09-07,203,-287.530218350408,0.0
2016-09-08,198,1716.6252184192433,0.0
2016-09-08,200,-130.92259183819684,0.0
2016-09-08,201,-37.5752683909623,0.0
2016-09-08,203,-57.49400892079592,0.0
2016-09-09,198,-1443.5266820246723,0.0
2016-09-09,200,-893.3708622783939,0.0
2016-09-09,201,-864.0873696970859,0.0
2016-09-09,203,-862.5826318850336,0.0
2016-09-09,204,0.0,45.176772599012885
2016-09-12,198,195.07197771976797,0.0
2016-09-12,200,369.67260588388814,0.0
2016-09-12,201,507.1942216304676,0.0
2016-09-12,203,287.5221951842176,0.0
2016-09-12,204,633.61241101412,0.0
2016-09-13,198,-1053.3864472736432,0.0
2016-09-13,200,-916.4818099925332,0.0
2016-09-13,201,-807.7377822305543,0.0
2016-09-13,203,-1035.1007628952784,0.0
2016-09-13,204,-650.9023011854821,0.0
2016-09-14,198,-1092.3978662667912,0.0
2016-09-14,200,-61.61341582093443,0.0
2016-09-14,201,-112.6938488850987,0.0
2016-09-14,203,57.49802050389115,0.0
2016-09-14,204,5.771441575008104,0.0
2016-09-15,198,195.07197771976797,0.0
2016-09-15,200,385.0838488808402,0.0
2016-09-15,201,262.9736182570891,0.0
2016-09-15,203,488.8033769872413,0.0
2016-09-15,204,328.31732373731535,0.0
2016-09-16,198,-546.200793477649,0.0
2016-09-16,200,-577.6198565399715,0.0
2016-09-16,201,-426.5525293969417,0.0
2016-09-16,203,-690.0645008747813,0.0
2016-09-16,204,-98.29043556150549,0.0
2016-09-19,198,-78.03027936330989,0.0
2016-09-19,200,231.04242028678567,0.0
2016-09-19,201,284.2618319720021,0.0
2016-09-19,203,345.03225043738695,0.0
2016-09-19,204,-34.70684002176761,0.0
2016-09-20,198,351.128815757881,0.0
2016-09-20,200,269.5606664770104,0.0
2016-09-20,201,23.24287331795315,0.0
2016-09-20,203,28.755027626588415,0.0
2016-09-20,204,34.70684002176761,0.0
2016-09-21,198,1287.4698439865592,0.0
2016-09-21,200,785.5513291126252,0.0
2016-09-21,201,278.786654664285,0.0
2016-09-21,203,488.7913422379556,0.0
2016-09-21,204,439.4505607036653,0.0
2016-09-22,198,507.1856537959941,0.0
2016-09-22,200,462.0887850944306,0.0
2016-09-22,201,92.9448630319891,0.0
2016-09-22,203,402.54631727366643,0.0
2016-09-22,204,335.3642490134895,0.0
2016-09-23,198,-1326.4849836682142,0.0
2016-09-23,200,-385.0720153182626,0.0
2016-09-23,201,-232.3541685080257,0.0
2016-09-23,203,-402.54631727366643,0.0
2016-09-23,204,-104.09119860090821,0.0
2016-09-26,198,936.3447489171849,0.0
2016-09-26,200,-423.5823724667762,0.0
2016-09-26,201,-720.2467923144136,0.0
2016-09-26,203,-460.0363146113672,0.0
2016-09-26,204,-508.82025855060857,0.0
2016-09-27,198,-1092.401586955298,0.0
2016-09-27,200,215.63906633155207,0.0
2016-09-27,201,348.4992964742454,0.0
2016-09-27,203,115.0120873401632,0.0
2016-09-27,204,462.5607615573599,0.0
2016-09-28,198,1950.7123358206663,0.0
2016-09-28,200,323.4625440181947,0.0
2016-09-28,201,209.12727333396666,0.0
2016-09-28,203,517.5503814476392,0.0
2016-09-28,204,127.21606018680012,0.0
2016-09-29,198,858.314469553875,0.0
2016-09-29,200,-569.9162073019324,0.0
2016-09-29,201,-627.3285595222529,0.0
2016-09-29,203,-345.04027360358486,0.0
2016-09-29,204,-237.06892654125159,0.0
2016-09-30,198,234.08711740142292,0.0
2016-09-30,200,354.27319644951376,0.0
2016-09-30,201,604.0963383002291,0.0
2016-09-30,203,287.530218350408,0.0
2016-09-30,204,370.0662021245247,0.0
2016-10-03,198,663.2424918341071,0.0
2016-10-03,200,-123.22683164186886,0.0
2016-10-03,201,-209.11662123803725,0.0
2016-10-03,203,-28.75903920967617,0.0
2016-10-03,204,-28.925624625294635,0.0
2016-10-03,198,0.0,43.305815343494196
2016-10-04,200,-7.699704717187196,0.0
2016-10-04,201,185.8897260639782,0.0
2016-10-04,203,143.77112654983938,0.0
2016-10-04,204,-161.9180132978353,0.0
2016-10-05,200,184.83630294194407,0.0
2016-10-05,201,720.2361402184891,0.0
2016-10-05,203,28.755027626588415,0.0
2016-10-05,204,190.84363792312993,0.0
2016-10-06,200,-246.44971876287852,0.0
2016-10-06,201,69.70731576200065,0.0
2016-10-06,203,-460.05236094374806,0.0
2016-10-06,204,34.692179289570305,0.0
2016-10-07,200,-231.0503093285041,0.0
2016-10-07,201,-23.23222122202375,0.0
2016-10-07,203,-517.546369864544,0.0
2016-10-07,204,-208.16773646961911,0.0
2016-10-07,205,0.0,45.68668716010019
2016-10-10,200,130.9383699216337,0.0
2016-10-10,201,232.3435164120963,0.0
2016-10-10,203,-57.502032086986375,0.0
2016-10-10,204,75.17046088634602,0.0
2016-10-10,205,209.75191577879644,0.0
2016-10-11,200,-639.2293278400467,0.0
2016-10-11,201,-418.206612236251,0.0
2016-10-11,203,-948.8517263479016,0.0
2016-10-11,204,-560.8707447617951,0.0
2016-10-11,205,-1150.5925587653544,0.0
2016-10-12,200,-100.12377296944805,0.0
2016-10-12,201,-46.4804205879416,0.0
2016-10-12,203,0.0,0.0
2016-10-12,204,213.9489518660921,0.0
2016-10-12,205,-209.76338248823245,0.0
2016-10-13,200,-169.42505994499203,0.0
2016-10-13,201,-441.43883345827476,0.0
2016-10-13,203,-143.75909180054623,0.0
2016-10-13,204,-167.70411560504073,0.0
2016-10-13,205,19.077737833069396,0.0
2016-10-14,200,77.01676977616803,0.0
2016-10-14,201,209.10596914210785,0.0
2016-10-14,203,-143.7671149667591,0.0
2016-10-14,204,-52.02605165752436,0.0
2016-10-14,205,-298.7880479136224,0.0
2016-10-17,200,-130.9344254007745,0.0
2016-10-17,201,-209.10596914210785,0.0
2016-10-17,203,-316.28123439390123,0.0
2016-10-17,204,-375.83275678880034,0.0
2016-10-17,205,-146.206278732112,0.0
2016-10-18,200,438.989670942869,0.0
2016-10-18,201,371.7474958401682,0.0
2016-10-18,203,603.8074411612065,0.0
2016-10-18,204,300.6720697239192,0.0
2016-10-18,205,527.6062348160416,0.0
2016-10-19,200,123.21499807929122,0.0
2016-10-19,201,394.9477607744037,0.0
2016-10-19,203,143.7671149667591,0.0
2016-10-19,204,202.36208651948397,0.0
2016-10-19,205,-165.26681650101935,0.0
2016-10-20,200,69.32100957984005,0.0
2016-10-20,201,0.0,0.0
2016-10-20,203,-57.50203208699385,0.0
2016-10-20,204,-86.7231178578271,0.0
2016-10-20,205,209.79204926183587,0.0
2016-10-21,200,-100.12377296944805,0.0
2016-10-21,201,-23.205590982200246,0.0
2016-10-21,203,-57.49802050388368,0.0
2016-10-21,204,364.26543908512195,0.0
2016-10-21,205,-368.7091754096999,0.0
2016-10-24,200,-7.695760196327981,0.0
2016-10-24,201,139.4039794280719,0.0
2016-10-24,203,-230.02818626342165,0.0
2016-10-24,204,329.59769434921384,0.0
2016-10-24,205,-82.6176415250278,0.0
2016-10-25,200,-30.802763389615347,0.0
2016-10-25,201,-46.4804205879416,0.0
2016-10-25,203,-57.51406683627206,0.0
2016-10-25,204,-543.5319854831087,0.0
2016-10-25,205,-127.14860764056499,0.0
2016-10-26,200,-200.23965689717033,0.0
2016-10-26,201,278.8186109520732,0.0
2016-10-26,203,-230.01213993104074,0.0
2016-10-26,204,-196.60530567667317,0.0
2016-10-26,205,-266.99086263272,0.0
2016-10-27,200,-53.91371110374723,0.0
2016-10-27,201,116.17175820604815,0.0
2016-10-27,203,-28.751016043493188,0.0
2016-10-27,204,-381.60419836380845,0.0
2016-10-27,205,203.41082545771678,0.0
2016-10-28,200,-15.407298476092823,0.0
2016-10-28,201,-209.11662123803725,0.0
2016-10-28,203,-28.76305079277887,0.0
2016-10-28,204,-104.08142477944334,0.0
2016-10-28,205,-953.5170902739859,0.0
2016-10-28,201,0.0,45.933824263468274
2016-10-28,206,0.0,44.589265065501394
2016-10-31,200,23.10700319328002,0.0
2016-10-31,203,-28.751016043493188,0.0
2016-10-31,204,34.70195311103517,0.0
2016-10-31,205,-266.999462664801,0.0
2016-10-31,206,-276.3103876107368,0.0
2016-10-31,200,0.0,44.5300667646361
2016-10-31,205,0.0,42.81972599870051
2016-11-01,203,-143.7631033836564,0.0
2016-11-01,204,-318.025489734803,0.0
2016-11-01,206,-236.83323703003407,0.0
2016-11-02,203,-230.01615151413597,0.0
2016-11-02,204,-271.7464450986246,0.0
2016-11-02,206,-230.22651768358295,0.0
2016-11-03,203,28.755027626588415,0.0
2016-11-03,204,-115.66340321531905,0.0
2016-11-03,206,-414.4581648025596,0.0
2016-11-04,203,-431.3013449002549,0.0
2016-11-04,204,-86.70845712562979,0.0
2016-11-04,206,302.6245324706477,0.0
2016-11-04,207,0.0,44.0305543210544
2016-11-04,208,0.0,44.0217482101902
2016-11-07,203,632.5624687878025,0.0
2016-11-07,204,1023.431506319155,0.0
2016-11-07,206,1118.3570898370472,0.0
2016-11-07,207,1125.9389396043641,0.0
2016-11-07,208,1125.7137518164434,0.0
2016-11-08,203,158.14462878004582,0.0
2016-11-08,204,185.00866650860016,0.0
2016-11-08,206,124.97883818019436,0.0
2016-11-08,207,125.82612638875224,0.0
2016-11-08,208,125.80096116347451,0.0
2016-11-09,203,546.3094206573303,0.0
2016-11-09,204,92.50922016503252,0.0
2016-11-09,206,1585.4079446144094,0.0
2016-11-09,207,1596.1561438838653,0.0
2016-11-09,208,1595.8369126550888,0.0
2016-11-10,203,0.0,0.0
2016-11-10,204,167.70411560504073,0.0
2016-11-10,206,513.1436246407709,0.0
2016-11-10,207,516.6224579279544,0.0
2016-11-10,208,516.5191334363689,0.0
2016-11-11,203,-416.92784267006334,0.0
2016-11-11,204,260.1742404842137,0.0
2016-11-11,206,-703.8959583890694,0.0
2016-11-11,207,-708.6679882325116,0.0
2016-11-11,208,-708.5262546348652,0.0
2016-11-14,203,-201.269147053738,0.0
2016-11-14,204,5.805649950135162,0.0
2016-11-14,206,-144.72779672950963,0.0
2016-11-14,207,-145.70897208211352,0.0
2016-11-14,208,-145.67983028769711,0.0
2016-11-14,203,0.0,43.07169775907732
2016-11-15,204,179.24699875505692,0.0
2016-11-15,206,131.57369094497247,0.0
2016-11-15,207,132.46568865048306,0.0
2016-11-15,208,132.439195512753,0.0
2016-11-15,204,0.0,46.279958488485406
2016-11-16,206,-197.36498638558606,0.0
2016-11-16,207,-198.7030131122035,0.0
2016-11-16,208,-198.66327250958108,0.0
2016-11-17,206,184.19308072853937,0.0
2016-11-17,207,185.44180913465746,0.0
2016-11-17,208,185.40472077283056,0.0
2016-11-18,206,-493.38873280061915,0.0
2016-11-18,207,-496.73363871928797,0.0
2016-11-18,208,-496.63429199154416,0.0
2016-11-18,209,0.0,45.79823858936005
2016-11-18,210,0.0,44.93273418855415
2016-11-21,206,164.46488869715188,0.0
2016-11-21,207,165.5798707448644,0.0
2016-11-21,208,165.54675477071544,0.0
2016-11-21,209,164.27084259218807,0.0
2016-11-21,210,455.39388886924,0.0
2016-11-22,206,-664.4247410992031,0.0
2016-11-22,207,-668.9291776646623,0.0
2016-11-22,208,-668.7953918291295,0.0
2016-11-22,209,-663.6408106562177,0.0
2016-11-22,210,142.32562255116574,0.0
2016-11-23,206,177.60416125459778,0.0
2016-11-23,207,178.80822038823183,0.0
2016-11-23,208,178.77245874415422,0.0
2016-11-23,209,177.39461260266464,0.0
2016-11-23,210,-180.27110468238865,0.0
2016-11-23,209,0.0,45.476263233898685
2016-11-25,206,177.6486609358716,0.0
2016-11-25,207,178.85302175302084,0.0
2016-11-25,208,178.81725114867027,0.0
2016-11-25,210,189.75146230339337,0.0
2016-11-28,206,-342.10168305135045,0.0
2016-11-28,207,-344.4209454672748,0.0
2016-11-28,208,-344.3520612781814,0.0
2016-11-28,210,37.9575079548511,0.0
2016-11-28,211,0.0,45.3854015690957
2016-11-29,206,296.0415462875426,0.0
2016-11-29,207,298.0485461530001,0.0
2016-11-29,208,297.9889364437695,0.0
2016-11-29,210,28.45309868661243,0.0
2016-11-29,211,296.17122615619246,0.0
2016-11-30,206,-434.1893234793654,0.0
2016-11-30,207,-437.13288976164574,0.0
2016-11-30,208,-437.04546318369347,0.0
2016-11-30,210,-540.789262399947,0.0
2016-11-30,211,-434.37951845417234,0.0
2016-12-01,206,-328.920877458049,0.0
2016-12-01,207,-331.15078121677095,0.0
2016-12-01,208,-331.08455106052764,0.0
2016-12-01,210,-929.7725446277235,0.0
2016-12-01,211,-329.0649599921387,0.0
2016-12-02,206,105.25657943964336,0.0
2016-12-02,207,105.97016151426438,0.0
2016-12-02,208,105.94896748196153,0.0
2016-12-02,210,161.2903464010263,0.0
2016-12-02,211,105.3026866822498,0.0
2016-12-02,210,0.0,44.297073203610374
2016-12-05,206,-78.95430116140554,0.0
2016-12-05,207,-79.48956816630869,0.0
2016-12-05,208,-79.47367025267543,0.0
2016-12-05,211,-78.98888679147115,0.0
2016-12-05,212,0.0,44.20856756284391
2016-12-06,206,124.99960469812213,0.0
2016-12-06,207,125.84703369232045,0.0
2016-12-06,208,125.821864285582,0.0
2016-12-06,211,125.05436029753652,0.0
2016-12-06,212,363.3126377578167,0.0
2016-12-06,208,0.0,45.34610433139412
2016-12-07,206,-388.1440199426488,0.0
2016-12-07,207,-390.775424235634,0.0
2016-12-07,211,-388.314044948107,0.0
2016-12-07,212,429.36660645025177,0.0
2016-12-07,211,0.0,44.68118243204578
2016-12-08,206,85.53135405367412,0.0
2016-12-08,207,86.1112098821239,0.0
2016-12-08,212,495.424088464781,0.0
2016-12-09,206,546.0199891658591,0.0
2016-12-09,207,549.7217062340727,0.0
2016-12-09,212,-165.13667839213477,0.0
2016-12-12,206,217.08724512613705,0.0
2016-12-12,207,218.5589779866914,0.0
2016-12-12,212,-478.9079613001016,0.0
2016-12-12,213,0.0,45.223786947557706
2016-12-12,214,0.0,44.62362511705416
2016-12-13,206,368.4039613295883,0.0
2016-12-13,207,370.90153881523054,0.0
2016-12-13,212,330.28038342845787,0.0
2016-12-13,213,366.0849947728154,0.0
2016-12-13,214,400.2673290716014,0.0
2016-12-14,206,-236.83027038461583,0.0
2016-12-14,207,-238.43585016474745,0.0
2016-12-14,212,-990.8516902516561,0.0
2016-12-14,213,-235.33951150495741,0.0
2016-12-14,214,-304.2004636043349,0.0
2016-12-15,206,296.0356129967061,0.0
2016-12-15,207,298.04257263769483,0.0
2016-12-15,212,231.19064708456986,0.0
2016-12-15,213,294.1721784025841,0.0
2016-12-15,214,-106.74396884149857,0.0
2016-12-16,206,36.356239600699816,0.0
2016-12-16,207,36.602715032618654,0.0
2016-12-16,212,-115.59532354228493,0.0
2016-12-16,213,36.127390531162746,0.0
2016-12-16,214,-219.0497748018937,0.0
2016-12-16,214,0.0,44.39389823887804
2016-12-19,206,-191.61859421042854,0.0
2016-12-19,207,-192.9176635391164,0.0
2016-12-19,212,-214.67803324198462,0.0
2016-12-19,213,-190.4124260953352,0.0
2016-12-19,215,0.0,44.30519914149766
2016-12-20,206,-33.05436325018338,0.0
2016-12-20,207,-33.27845376527434,0.0
2016-12-20,212,-82.5876624675853,0.0
2016-12-20,213,-32.846298269948214,0.0
2016-12-20,215,352.696367062492,0.0
2016-12-21,206,-257.688754320358,0.0
2016-12-21,207,-259.4357432201813,0.0
2016-12-21,212,-241.7692599101069,0.0
2016-12-21,213,-256.0666990059452,0.0
2016-12-21,215,-21.380707538146844,0.0
2016-12-22,206,59.46640740889659,0.0
2016-12-22,207,59.86955714637625,0.0
2016-12-22,212,-596.1650861929276,0.0
2016-12-22,213,59.092088388180926,0.0
2016-12-22,215,-480.9402035622922,0.0
2016-12-23,206,343.5939056967321,0.0
2016-12-23,207,345.92328456653286,0.0
2016-12-23,212,66.23666144133176,0.0
2016-12-23,213,341.43110925571096,0.0
2016-12-23,215,-96.18624476895414,0.0
2016-12-27,206,92.49110420489744,0.0
2016-12-27,207,93.11814333512459,0.0
2016-12-27,212,331.19736049503547,0.0
2016-12-27,213,91.90890694329343,0.0
2016-12-27,215,171.00076171731638,0.0
2016-12-28,206,-350.17985852525544,0.0
2016-12-28,207,-352.5538865553059,0.0
2016-12-28,212,-149.0351232345671,0.0
2016-12-28,213,-347.9756059492386,0.0
2016-12-28,215,-304.5875301722687,0.0
2016-12-29,206,79.28063215741345,0.0
2016-12-29,207,79.81811150809473,0.0
2016-12-29,212,745.2107493937837,0.0
2016-12-29,213,78.78158992695171,0.0
2016-12-29,215,-58.790210941725064,0.0
2016-12-30,206,-165.18578353378754,0.0
2016-12-30,207,-166.3056528544463,0.0
2016-12-30,212,231.83709834989006,0.0
2016-12-30,213,-164.1460001767175,0.0
2016-12-30,215,-368.71618321035174,0.0
2016-12-30,206,0.0,45.55132740812316
2016-12-30,207,0.0,45.860140509277265
2016-12-30,212,0.0,44.39789697717649
2016-12-30,213,0.0,45.264598664776265
2016-12-30,215,0.0,43.49829519008373
