date,shadow_nav,shadow_drawdown,decision_multiplier,executed_multiplier,applied_return_multiplier,raw_net_return,controlled_return,nav,raw_long_exposure,controlled_long_exposure,cash_exposure,raw_alpha_turnover,overlay_turnover,alpha_cost,overlay_cost,total_cost
2008-01-02,100000.0,0.0,1.0,1.0,1.0,0.0,0.0,100000.0,0.0,0.0,1.0,0.0,0.0,0.0,0.0,0.0
2008-01-03,100000.0,0.0,1.0,1.0,1.0,0.0,0.0,100000.0,0.0,0.0,1.0,0.0,0.0,0.0,0.0,0.0
2008-01-04,100000.0,0.0,1.0,1.0,1.0,0.0,0.0,100000.0,0.0,0.0,1.0,0.0,0.0,0.0,0.0,0.0
2008-01-07,100000.0,0.0,1.0,1.0,1.0,0.0,0.0,100000.0,0.0,0.0,1.0,0.0,0.0,0.0,0.0,0.0
2008-01-08,100000.0,0.0,1.0,1.0,1.0,0.0,0.0,100000.0,0.0,0.0,1.0,0.0,0.0,0.0,0.0,0.0
2008-01-09,100000.0,0.0,1.0,1.0,1.0,0.0,0.0,100000.0,0.0,0.0,1.0,0.0,0.0,0.0,0.0,0.0
2008-01-10,100000.0,0.0,1.0,1.0,1.0,0.0,0.0,100000.0,0.0,0.0,1.0,0.0,0.0,0.0,0.0,0.0
2008-01-11,100000.0,0.0,1.0,1.0,1.0,0.0,0.0,100000.0,0.0,0.0,1.0,0.0,0.0,0.0,0.0,0.0
2008-01-14,100000.0,0.0,1.0,1.0,1.0,0.0,0.0,100000.0,0.0,0.0,1.0,0.0,0.0,0.0,0.0,0.0
2008-01-15,100000.0,0.0,1.0,1.0,1.0,0.0,0.0,100000.0,0.0,0.0,1.0,0.0,0.0,0.0,0.0,0.0
2008-01-16,100000.0,0.0,1.0,1.0,1.0,0.0,0.0,100000.0,0.0,0.0,1.0,0.0,0.0,0.0,0.0,0.0
2008-01-17,100000.0,0.0,1.0,1.0,1.0,0.0,0.0,100000.0,0.0,0.0,1.0,0.0,0.0,0.0,0.0,0.0
2008-01-18,100000.0,0.0,1.0,1.0,1.0,0.0,0.0,100000.0,0.0,0.0,1.0,0.0,0.0,0.0,0.0,0.0
2008-01-22,100000.0,0.0,1.0,1.0,1.0,0.0,0.0,100000.0,0.0,0.0,1.0,0.0,0.0,0.0,0.0,0.0
2008-01-23,100000.0,0.0,1.0,1.0,1.0,0.0,0.0,100000.0,0.0,0.0,1.0,0.0,0.0,0.0,0.0,0.0
2008-01-24,100000.0,0.0,1.0,1.0,1.0,0.0,0.0,100000.0,0.0,0.0,1.0,0.0,0.0,0.0,0.0,0.0
2008-01-25,100000.0,0.0,1.0,1.0,1.0,0.0,0.0,100000.0,0.0,0.0,1.0,0.0,0.0,0.0,0.0,0.0
2008-01-28,100000.0,0.0,1.0,1.0,1.0,0.0,0.0,100000.0,0.0,0.0,1.0,0.0,0.0,0.0,0.0,0.0
2008-01-29,100000.0,0.0,1.0,1.0,1.0,0.0,0.0,100000.0,0.0,0.0,1.0,0.0,0.0,0.0,0.0,0.0
2008-01-30,100000.0,0.0,1.0,1.0,1.0,0.0,0.0,100000.0,0.0,0.0,1.0,0.0,0.0,0.0,0.0,0.0
2008-01-31,100000.0,0.0,1.0,1.0,1.0,0.0,0.0,100000.0,0.0,0.0,1.0,0.0,0.0,0.0,0.0,0.0
2008-02-01,100000.0,0.0,1.0,1.0,1.0,0.0,0.0,100000.0,0.0,0.0,1.0,0.0,0.0,0.0,0.0,0.0
2008-02-04,100000.0,0.0,1.0,1.0,1.0,0.0,0.0,100000.0,0.0,0.0,1.0,0.0,0.0,0.0,0.0,0.0
2008-02-05,100000.0,0.0,1.0,1.0,1.0,0.0,0.0,100000.0,0.0,0.0,1.0,0.0,0.0,0.0,0.0,0.0
2008-02-06,100000.0,0.0,1.0,1.0,1.0,0.0,0.0,100000.0,0.0,0.0,1.0,0.0,0.0,0.0,0.0,0.0
2008-02-07,100000.0,0.0,1.0,1.0,1.0,0.0,0.0,100000.0,0.0,0.0,1.0,0.0,0.0,0.0,0.0,0.0
2008-02-08,100000.0,0.0,1.0,1.0,1.0,0.0,0.0,100000.0,0.0,0.0,1.0,0.0,0.0,0.0,0.0,0.0
2008-02-11,100000.0,0.0,1.0,1.0,1.0,0.0,0.0,100000.0,0.0,0.0,1.0,0.0,0.0,0.0,0.0,0.0
2008-02-12,100000.0,0.0,1.0,1.0,1.0,0.0,0.0,100000.0,0.0,0.0,1.0,0.0,0.0,0.0,0.0,0.0
2008-02-13,100000.0,0.0,1.0,1.0,1.0,0.0,0.0,100000.0,0.0,0.0,1.0,0.0,0.0,0.0,0.0,0.0
2008-02-14,100000.0,0.0,1.0,1.0,1.0,0.0,0.0,100000.0,0.0,0.0,1.0,0.0,0.0,0.0,0.0,0.0
2008-02-15,100000.0,0.0,1.0,1.0,1.0,0.0,0.0,100000.0,0.0,0.0,1.0,0.0,0.0,0.0,0.0,0.0
2008-02-19,100000.0,0.0,1.0,1.0,1.0,0.0,0.0,100000.0,0.0,0.0,1.0,0.0,0.0,0.0,0.0,0.0
2008-02-20,100000.0,0.0,1.0,1.0,1.0,0.0,0.0,100000.0,0.0,0.0,1.0,0.0,0.0,0.0,0.0,0.0
2008-02-21,100000.0,0.0,1.0,1.0,1.0,0.0,0.0,100000.0,0.0,0.0,1.0,0.0,0.0,0.0,0.0,0.0
2008-02-22,100000.0,0.0,1.0,1.0,1.0,0.0,0.0,100000.0,0.0,0.0,1.0,0.0,0.0,0.0,0.0,0.0
2008-02-25,100000.0,0.0,1.0,1.0,1.0,0.0,0.0,100000.0,0.0,0.0,1.0,0.0,0.0,0.0,0.0,0.0
2008-02-26,100000.0,0.0,1.0,1.0,1.0,0.0,0.0,100000.0,0.0,0.0,1.0,0.0,0.0,0.0,0.0,0.0
2008-02-27,100000.0,0.0,1.0,1.0,1.0,0.0,0.0,100000.0,0.0,0.0,1.0,0.0,0.0,0.0,0.0,0.0
2008-02-28,100000.0,0.0,1.0,1.0,1.0,0.0,0.0,100000.0,0.0,0.0,1.0,0.0,0.0,0.0,0.0,0.0
2008-02-29,100000.0,0.0,1.0,1.0,1.0,0.0,0.0,100000.0,0.0,0.0,1.0,0.0,0.0,0.0,0.0,0.0
2008-03-03,100000.0,0.0,1.0,1.0,1.0,0.0,0.0,100000.0,0.0,0.0,1.0,0.0,0.0,0.0,0.0,0.0
2008-03-04,100000.0,0.0,1.0,1.0,1.0,0.0,0.0,100000.0,0.0,0.0,1.0,0.0,0.0,0.0,0.0,0.0
2008-03-05,100000.0,0.0,1.0,1.0,1.0,0.0,0.0,100000.0,0.0,0.0,1.0,0.0,0.0,0.0,0.0,0.0
2008-03-06,100000.0,0.0,1.0,1.0,1.0,0.0,0.0,100000.0,0.0,0.0,1.0,0.0,0.0,0.0,0.0,0.0
2008-03-07,100000.0,0.0,1.0,1.0,1.0,0.0,0.0,100000.0,0.0,0.0,1.0,0.0,0.0,0.0,0.0,0.0
2008-03-10,100000.0,0.0,1.0,1.0,1.0,0.0,0.0,100000.0,0.0,0.0,1.0,0.0,0.0,0.0,0.0,0.0
2008-03-11,100000.0,0.0,1.0,1.0,1.0,0.0,0.0,100000.0,0.0,0.0,1.0,0.0,0.0,0.0,0.0,0.0
2008-03-12,100000.0,0.0,1.0,1.0,1.0,0.0,0.0,100000.0,0.0,0.0,1.0,0.0,0.0,0.0,0.0,0.0
2008-03-13,100000.0,0.0,1.0,1.0,1.0,0.0,0.0,100000.0,0.0,0.0,1.0,0.0,0.0,0.0,0.0,0.0
2008-03-14,100000.0,0.0,1.0,1.0,1.0,0.0,0.0,100000.0,0.0,0.0,1.0,0.0,0.0,0.0,0.0,0.0
2008-03-17,100000.0,0.0,1.0,1.0,1.0,0.0,0.0,100000.0,0.0,0.0,1.0,0.0,0.0,0.0,0.0,0.0
2008-03-18,100000.0,0.0,1.0,1.0,1.0,0.0,0.0,100000.0,0.0,0.0,1.0,0.0,0.0,0.0,0.0,0.0
2008-03-19,100000.0,0.0,1.0,1.0,1.0,0.0,0.0,100000.0,0.0,0.0,1.0,0.0,0.0,0.0,0.0,0.0
2008-03-20,100000.0,0.0,1.0,1.0,1.0,0.0,0.0,100000.0,0.0,0.0,1.0,0.0,0.0,0.0,0.0,0.0
2008-03-24,100000.0,0.0,1.0,1.0,1.0,0.0,0.0,100000.0,0.0,0.0,1.0,0.0,0.0,0.0,0.0,0.0
2008-03-25,100000.0,0.0,1.0,1.0,1.0,0.0,0.0,100000.0,0.0,0.0,1.0,0.0,0.0,0.0,0.0,0.0
2008-03-26,100000.0,0.0,1.0,1.0,1.0,0.0,0.0,100000.0,0.0,0.0,1.0,0.0,0.0,0.0,0.0,0.0
2008-03-27,100000.0,0.0,1.0,1.0,1.0,0.0,0.0,100000.0,0.0,0.0,1.0,0.0,0.0,0.0,0.0,0.0
2008-03-28,100000.0,0.0,1.0,1.0,1.0,0.0,0.0,100000.0,0.0,0.0,1.0,0.0,0.0,0.0,0.0,0.0
2008-03-31,100000.0,0.0,1.0,1.0,1.0,0.0,0.0,100000.0,0.0,0.0,1.0,0.0,0.0,0.0,0.0,0.0
2008-04-01,100000.0,0.0,1.0,1.0,1.0,0.0,0.0,100000.0,0.0,0.0,1.0,0.0,0.0,0.0,0.0,0.0
2008-04-02,100000.0,0.0,1.0,1.0,1.0,0.0,0.0,100000.0,0.0,0.0,1.0,0.0,0.0,0.0,0.0,0.0
2008-04-03,100000.0,0.0,1.0,1.0,1.0,0.0,0.0,100000.0,0.0,0.0,1.0,0.0,0.0,0.0,0.0,0.0
2008-04-04,100000.0,0.0,1.0,1.0,1.0,0.0,0.0,100000.0,0.0,0.0,1.0,0.0,0.0,0.0,0.0,0.0
2008-04-07,100000.0,0.0,1.0,1.0,1.0,0.0,0.0,100000.0,0.0,0.0,1.0,0.0,0.0,0.0,0.0,0.0
2008-04-08,100000.0,0.0,1.0,1.0,1.0,0.0,0.0,100000.0,0.0,0.0,1.0,0.0,0.0,0.0,0.0,0.0
2008-04-09,100000.0,0.0,1.0,1.0,1.0,0.0,0.0,100000.0,0.0,0.0,1.0,0.0,0.0,0.0,0.0,0.0
2008-04-10,100000.0,0.0,1.0,1.0,1.0,0.0,0.0,100000.0,0.0,0.0,1.0,0.0,0.0,0.0,0.0,0.0
2008-04-11,100000.0,0.0,1.0,1.0,1.0,0.0,0.0,100000.0,0.0,0.0,1.0,0.0,0.0,0.0,0.0,0.0
2008-04-14,100000.0,0.0,1.0,1.0,1.0,0.0,0.0,100000.0,0.0,0.0,1.0,0.0,0.0,0.0,0.0,0.0
2008-04-15,100000.0,0.0,1.0,1.0,1.0,0.0,0.0,100000.0,0.0,0.0,1.0,0.0,0.0,0.0,0.0,0.0
2008-04-16,100000.0,0.0,1.0,1.0,1.0,0.0,0.0,100000.0,0.0,0.0,1.0,0.0,0.0,0.0,0.0,0.0
2008-04-17,100000.0,0.0,1.0,1.0,1.0,0.0,0.0,100000.0,0.0,0.0,1.0,0.0,0.0,0.0,0.0,0.0
2008-04-18,100000.0,0.0,1.0,1.0,1.0,0.0,0.0,100000.0,0.0,0.0,1.0,0.0,0.0,0.0,0.0,0.0
2008-04-21,100000.0,0.0,1.0,1.0,1.0,0.0,0.0,100000.0,0.0,0.0,1.0,0.0,0.0,0.0,0.0,0.0
2008-04-22,100000.0,0.0,1.0,1.0,1.0,0.0,0.0,100000.0,0.0,0.0,1.0,0.0,0.0,0.0,0.0,0.0
2008-04-23,100000.0,0.0,1.0,1.0,1.0,0.0,0.0,100000.0,0.0,0.0,1.0,0.0,0.0,0.0,0.0,0.0
2008-04-24,100000.0,0.0,1.0,1.0,1.0,0.0,0.0,100000.0,0.0,0.0,1.0,0.0,0.0,0.0,0.0,0.0
2008-04-25,100000.0,0.0,1.0,1.0,1.0,0.0,0.0,100000.0,0.0,0.0,1.0,0.0,0.0,0.0,0.0,0.0
2008-04-28,100000.0,0.0,1.0,1.0,1.0,0.0,0.0,100000.0,0.0,0.0,1.0,0.0,0.0,0.0,0.0,0.0
2008-04-29,100000.0,0.0,1.0,1.0,1.0,0.0,0.0,100000.0,0.0,0.0,1.0,0.0,0.0,0.0,0.0,0.0
2008-04-30,100000.0,0.0,1.0,1.0,1.0,0.0,0.0,100000.0,0.0,0.0,1.0,0.0,0.0,0.0,0.0,0.0
2008-05-01,100000.0,0.0,1.0,1.0,1.0,0.0,0.0,100000.0,0.0,0.0,1.0,0.0,0.0,0.0,0.0,0.0
2008-05-02,100000.0,0.0,1.0,1.0,1.0,0.0,0.0,100000.0,0.0,0.0,1.0,0.0,0.0,0.0,0.0,0.0
2008-05-05,100000.0,0.0,1.0,1.0,1.0,0.0,0.0,100000.0,0.0,0.0,1.0,0.0,0.0,0.0,0.0,0.0
2008-05-06,100000.0,0.0,1.0,1.0,1.0,0.0,0.0,100000.0,0.0,0.0,1.0,0.0,0.0,0.0,0.0,0.0
2008-05-07,100000.0,0.0,1.0,1.0,1.0,0.0,0.0,100000.0,0.0,0.0,1.0,0.0,0.0,0.0,0.0,0.0
2008-05-08,100000.0,0.0,1.0,1.0,1.0,0.0,0.0,100000.0,0.0,0.0,1.0,0.0,0.0,0.0,0.0,0.0
2008-05-09,100000.0,0.0,1.0,1.0,1.0,0.0,0.0,100000.0,0.0,0.0,1.0,0.0,0.0,0.0,0.0,0.0
2008-05-12,100000.0,0.0,1.0,1.0,1.0,0.0,0.0,100000.0,0.0,0.0,1.0,0.0,0.0,0.0,0.0,0.0
2008-05-13,100000.0,0.0,1.0,1.0,1.0,0.0,0.0,100000.0,0.0,0.0,1.0,0.0,0.0,0.0,0.0,0.0
2008-05-14,100000.0,0.0,1.0,1.0,1.0,0.0,0.0,100000.0,0.0,0.0,1.0,0.0,0.0,0.0,0.0,0.0
2008-05-15,100000.0,0.0,1.0,1.0,1.0,0.0,0.0,100000.0,0.0,0.0,1.0,0.0,0.0,0.0,0.0,0.0
2008-05-16,100000.0,0.0,1.0,1.0,1.0,0.0,0.0,100000.0,0.0,0.0,1.0,0.0,0.0,0.0,0.0,0.0
2008-05-19,100000.0,0.0,1.0,1.0,1.0,0.0,0.0,100000.0,0.0,0.0,1.0,0.0,0.0,0.0,0.0,0.0
2008-05-20,100000.0,0.0,1.0,1.0,1.0,0.0,0.0,100000.0,0.0,0.0,1.0,0.0,0.0,0.0,0.0,0.0
2008-05-21,100000.0,0.0,1.0,1.0,1.0,0.0,0.0,100000.0,0.0,0.0,1.0,0.0,0.0,0.0,0.0,0.0
2008-05-22,100000.0,0.0,1.0,1.0,1.0,0.0,0.0,100000.0,0.0,0.0,1.0,0.0,0.0,0.0,0.0,0.0
2008-05-23,100000.0,0.0,1.0,1.0,1.0,0.0,0.0,100000.0,0.0,0.0,1.0,0.0,0.0,0.0,0.0,0.0
2008-05-27,100000.0,0.0,1.0,1.0,1.0,0.0,0.0,100000.0,0.0,0.0,1.0,0.0,0.0,0.0,0.0,0.0
2008-05-28,100000.0,0.0,1.0,1.0,1.0,0.0,0.0,100000.0,0.0,0.0,1.0,0.0,0.0,0.0,0.0,0.0
2008-05-29,100000.0,0.0,1.0,1.0,1.0,0.0,0.0,100000.0,0.0,0.0,1.0,0.0,0.0,0.0,0.0,0.0
2008-05-30,100000.0,0.0,1.0,1.0,1.0,0.0,0.0,100000.0,0.0,0.0,1.0,0.0,0.0,0.0,0.0,0.0
2008-06-02,100000.0,0.0,1.0,1.0,1.0,0.0,0.0,100000.0,0.0,0.0,1.0,0.0,0.0,0.0,0.0,0.0
2008-06-03,100000.0,0.0,1.0,1.0,1.0,0.0,0.0,100000.0,0.0,0.0,1.0,0.0,0.0,0.0,0.0,0.0
2008-06-04,100000.0,0.0,1.0,1.0,1.0,0.0,0.0,100000.0,0.0,0.0,1.0,0.0,0.0,0.0,0.0,0.0
2008-06-05,100000.0,0.0,1.0,1.0,1.0,0.0,0.0,100000.0,0.0,0.0,1.0,0.0,0.0,0.0,0.0,0.0
2008-06-06,100000.0,0.0,1.0,1.0,1.0,0.0,0.0,100000.0,0.0,0.0,1.0,0.0,0.0,0.0,0.0,0.0
2008-06-09,100000.0,0.0,1.0,1.0,1.0,0.0,0.0,100000.0,0.0,0.0,1.0,0.0,0.0,0.0,0.0,0.0
2008-06-10,100000.0,0.0,1.0,1.0,1.0,0.0,0.0,100000.0,0.0,0.0,1.0,0.0,0.0,0.0,0.0,0.0
2008-06-11,100000.0,0.0,1.0,1.0,1.0,0.0,0.0,100000.0,0.0,0.0,1.0,0.0,0.0,0.0,0.0,0.0
2008-06-12,100000.0,0.0,1.0,1.0,1.0,0.0,0.0,100000.0,0.0,0.0,1.0,0.0,0.0,0.0,0.0,0.0
2008-06-13,100000.0,0.0,1.0,1.0,1.0,0.0,0.0,100000.0,0.0,0.0,1.0,0.0,0.0,0.0,0.0,0.0
2008-06-16,100000.0,0.0,1.0,1.0,1.0,0.0,0.0,100000.0,0.0,0.0,1.0,0.0,0.0,0.0,0.0,0.0
2008-06-17,100000.0,0.0,1.0,1.0,1.0,0.0,0.0,100000.0,0.0,0.0,1.0,0.0,0.0,0.0,0.0,0.0
2008-06-18,100000.0,0.0,1.0,1.0,1.0,0.0,0.0,100000.0,0.0,0.0,1.0,0.0,0.0,0.0,0.0,0.0
2008-06-19,100000.0,0.0,1.0,1.0,1.0,0.0,0.0,100000.0,0.0,0.0,1.0,0.0,0.0,0.0,0.0,0.0
2008-06-20,100000.0,0.0,1.0,1.0,1.0,0.0,0.0,100000.0,0.0,0.0,1.0,0.0,0.0,0.0,0.0,0.0
2008-06-23,100000.0,0.0,1.0,1.0,1.0,0.0,0.0,100000.0,0.0,0.0,1.0,0.0,0.0,0.0,0.0,0.0
2008-06-24,100000.0,0.0,1.0,1.0,1.0,0.0,0.0,100000.0,0.0,0.0,1.0,0.0,0.0,0.0,0.0,0.0
2008-06-25,100000.0,0.0,1.0,1.0,1.0,0.0,0.0,100000.0,0.0,0.0,1.0,0.0,0.0,0.0,0.0,0.0
2008-06-26,100000.0,0.0,1.0,1.0,1.0,0.0,0.0,100000.0,0.0,0.0,1.0,0.0,0.0,0.0,0.0,0.0
2008-06-27,100000.0,0.0,1.0,1.0,1.0,0.0,0.0,100000.0,0.0,0.0,1.0,0.0,0.0,0.0,0.0,0.0
2008-06-30,100000.0,0.0,1.0,1.0,1.0,0.0,0.0,100000.0,0.0,0.0,1.0,0.0,0.0,0.0,0.0,0.0
2008-07-01,100000.0,0.0,1.0,1.0,1.0,0.0,0.0,100000.0,0.0,0.0,1.0,0.0,0.0,0.0,0.0,0.0
2008-07-02,100000.0,0.0,1.0,1.0,1.0,0.0,0.0,100000.0,0.0,0.0,1.0,0.0,0.0,0.0,0.0,0.0
2008-07-03,100000.0,0.0,1.0,1.0,1.0,0.0,0.0,100000.0,0.0,0.0,1.0,0.0,0.0,0.0,0.0,0.0
2008-07-07,100000.0,0.0,1.0,1.0,1.0,0.0,0.0,100000.0,0.0,0.0,1.0,0.0,0.0,0.0,0.0,0.0
2008-07-08,100000.0,0.0,1.0,1.0,1.0,0.0,0.0,100000.0,0.0,0.0,1.0,0.0,0.0,0.0,0.0,0.0
2008-07-09,100000.0,0.0,1.0,1.0,1.0,0.0,0.0,100000.0,0.0,0.0,1.0,0.0,0.0,0.0,0.0,0.0
2008-07-10,100000.0,0.0,1.0,1.0,1.0,0.0,0.0,100000.0,0.0,0.0,1.0,0.0,0.0,0.0,0.0,0.0
2008-07-11,100000.0,0.0,1.0,1.0,1.0,0.0,0.0,100000.0,0.0,0.0,1.0,0.0,0.0,0.0,0.0,0.0
2008-07-14,100000.0,0.0,1.0,1.0,1.0,0.0,0.0,100000.0,0.0,0.0,1.0,0.0,0.0,0.0,0.0,0.0
2008-07-15,100000.0,0.0,1.0,1.0,1.0,0.0,0.0,100000.0,0.0,0.0,1.0,0.0,0.0,0.0,0.0,0.0
2008-07-16,100000.0,0.0,1.0,1.0,1.0,0.0,0.0,100000.0,0.0,0.0,1.0,0.0,0.0,0.0,0.0,0.0
2008-07-17,100000.0,0.0,1.0,1.0,1.0,0.0,0.0,100000.0,0.0,0.0,1.0,0.0,0.0,0.0,0.0,0.0
2008-07-18,100000.0,0.0,1.0,1.0,1.0,0.0,0.0,100000.0,0.0,0.0,1.0,0.0,0.0,0.0,0.0,0.0
2008-07-21,100000.0,0.0,1.0,1.0,1.0,0.0,0.0,100000.0,0.0,0.0,1.0,0.0,0.0,0.0,0.0,0.0
2008-07-22,100000.0,0.0,1.0,1.0,1.0,0.0,0.0,100000.0,0.0,0.0,1.0,0.0,0.0,0.0,0.0,0.0
2008-07-23,100000.0,0.0,1.0,1.0,1.0,0.0,0.0,100000.0,0.0,0.0,1.0,0.0,0.0,0.0,0.0,0.0
2008-07-24,100000.0,0.0,1.0,1.0,1.0,0.0,0.0,100000.0,0.0,0.0,1.0,0.0,0.0,0.0,0.0,0.0
2008-07-25,100000.0,0.0,1.0,1.0,1.0,0.0,0.0,100000.0,0.0,0.0,1.0,0.0,0.0,0.0,0.0,0.0
2008-07-28,100000.0,0.0,1.0,1.0,1.0,0.0,0.0,100000.0,0.0,0.0,1.0,0.0,0.0,0.0,0.0,0.0
2008-07-29,100000.0,0.0,1.0,1.0,1.0,0.0,0.0,100000.0,0.0,0.0,1.0,0.0,0.0,0.0,0.0,0.0
2008-07-30,100000.0,0.0,1.0,1.0,1.0,0.0,0.0,100000.0,0.0,0.0,1.0,0.0,0.0,0.0,0.0,0.0
2008-07-31,100000.0,0.0,1.0,1.0,1.0,0.0,0.0,100000.0,0.0,0.0,1.0,0.0,0.0,0.0,0.0,0.0
2008-08-01,100000.0,0.0,1.0,1.0,1.0,0.0,0.0,100000.0,0.0,0.0,1.0,0.0,0.0,0.0,0.0,0.0
2008-08-04,100000.0,0.0,1.0,1.0,1.0,0.0,0.0,100000.0,0.0,0.0,1.0,0.0,0.0,0.0,0.0,0.0
2008-08-05,100000.0,0.0,1.0,1.0,1.0,0.0,0.0,100000.0,0.0,0.0,1.0,0.0,0.0,0.0,0.0,0.0
2008-08-06,100000.0,0.0,1.0,1.0,1.0,0.0,0.0,100000.0,0.0,0.0,1.0,0.0,0.0,0.0,0.0,0.0
2008-08-07,100000.0,0.0,1.0,1.0,1.0,0.0,0.0,100000.0,0.0,0.0,1.0,0.0,0.0,0.0,0.0,0.0
2008-08-08,100000.0,0.0,1.0,1.0,1.0,0.0,0.0,100000.0,0.0,0.0,1.0,0.0,0.0,0.0,0.0,0.0
2008-08-11,100000.0,0.0,1.0,1.0,1.0,0.0,0.0,100000.0,0.0,0.0,1.0,0.0,0.0,0.0,0.0,0.0
2008-08-12,100000.0,0.0,1.0,1.0,1.0,0.0,0.0,100000.0,0.0,0.0,1.0,0.0,0.0,0.0,0.0,0.0
2008-08-13,100000.0,0.0,1.0,1.0,1.0,0.0,0.0,100000.0,0.0,0.0,1.0,0.0,0.0,0.0,0.0,0.0
2008-08-14,100000.0,0.0,1.0,1.0,1.0,0.0,0.0,100000.0,0.0,0.0,1.0,0.0,0.0,0.0,0.0,0.0
2008-08-15,100000.0,0.0,1.0,1.0,1.0,0.0,0.0,100000.0,0.0,0.0,1.0,0.0,0.0,0.0,0.0,0.0
2008-08-18,100000.0,0.0,1.0,1.0,1.0,0.0,0.0,100000.0,0.0,0.0,1.0,0.0,0.0,0.0,0.0,0.0
2008-08-19,100000.0,0.0,1.0,1.0,1.0,0.0,0.0,100000.0,0.0,0.0,1.0,0.0,0.0,0.0,0.0,0.0
2008-08-20,100000.0,0.0,1.0,1.0,1.0,0.0,0.0,100000.0,0.0,0.0,1.0,0.0,0.0,0.0,0.0,0.0
2008-08-21,100000.0,0.0,1.0,1.0,1.0,0.0,0.0,100000.0,0.0,0.0,1.0,0.0,0.0,0.0,0.0,0.0
2008-08-22,100000.0,0.0,1.0,1.0,1.0,0.0,0.0,100000.0,0.0,0.0,1.0,0.0,0.0,0.0,0.0,0.0
2008-08-25,100000.0,0.0,1.0,1.0,1.0,0.0,0.0,100000.0,0.0,0.0,1.0,0.0,0.0,0.0,0.0,0.0
2008-08-26,100000.0,0.0,1.0,1.0,1.0,0.0,0.0,100000.0,0.0,0.0,1.0,0.0,0.0,0.0,0.0,0.0
2008-08-27,100000.0,0.0,1.0,1.0,1.0,0.0,0.0,100000.0,0.0,0.0,1.0,0.0,0.0,0.0,0.0,0.0
2008-08-28,100000.0,0.0,1.0,1.0,1.0,0.0,0.0,100000.0,0.0,0.0,1.0,0.0,0.0,0.0,0.0,0.0
2008-08-29,100000.0,0.0,1.0,1.0,1.0,0.0,0.0,100000.0,0.0,0.0,1.0,0.0,0.0,0.0,0.0,0.0
2008-09-02,100000.0,0.0,1.0,1.0,1.0,0.0,0.0,100000.0,0.0,0.0,1.0,0.0,0.0,0.0,0.0,0.0
2008-09-03,100000.0,0.0,1.0,1.0,1.0,0.0,0.0,100000.0,0.0,0.0,1.0,0.0,0.0,0.0,0.0,0.0
2008-09-04,100000.0,0.0,1.0,1.0,1.0,0.0,0.0,100000.0,0.0,0.0,1.0,0.0,0.0,0.0,0.0,0.0
2008-09-05,100000.0,0.0,1.0,1.0,1.0,0.0,0.0,100000.0,0.0,0.0,1.0,0.0,0.0,0.0,0.0,0.0
2008-09-08,100000.0,0.0,1.0,1.0,1.0,0.0,0.0,100000.0,0.0,0.0,1.0,0.0,0.0,0.0,0.0,0.0
2008-09-09,100000.0,0.0,1.0,1.0,1.0,0.0,0.0,100000.0,0.0,0.0,1.0,0.0,0.0,0.0,0.0,0.0
2008-09-10,100000.0,0.0,1.0,1.0,1.0,0.0,0.0,100000.0,0.0,0.0,1.0,0.0,0.0,0.0,0.0,0.0
2008-09-11,100000.0,0.0,1.0,1.0,1.0,0.0,0.0,100000.0,0.0,0.0,1.0,0.0,0.0,0.0,0.0,0.0
2008-09-12,100000.0,0.0,1.0,1.0,1.0,0.0,0.0,100000.0,0.0,0.0,1.0,0.0,0.0,0.0,0.0,0.0
2008-09-15,100000.0,0.0,1.0,1.0,1.0,0.0,0.0,100000.0,0.0,0.0,1.0,0.0,0.0,0.0,0.0,0.0
2008-09-16,100000.0,0.0,1.0,1.0,1.0,0.0,0.0,100000.0,0.0,0.0,1.0,0.0,0.0,0.0,0.0,0.0
2008-09-17,100000.0,0.0,1.0,1.0,1.0,0.0,0.0,100000.0,0.0,0.0,1.0,0.0,0.0,0.0,0.0,0.0
2008-09-18,100000.0,0.0,1.0,1.0,1.0,0.0,0.0,100000.0,0.0,0.0,1.0,0.0,0.0,0.0,0.0,0.0
2008-09-19,100000.0,0.0,1.0,1.0,1.0,0.0,0.0,100000.0,0.0,0.0,1.0,0.0,0.0,0.0,0.0,0.0
2008-09-22,100000.0,0.0,1.0,1.0,1.0,0.0,0.0,100000.0,0.0,0.0,1.0,0.0,0.0,0.0,0.0,0.0
2008-09-23,100000.0,0.0,1.0,1.0,1.0,0.0,0.0,100000.0,0.0,0.0,1.0,0.0,0.0,0.0,0.0,0.0
2008-09-24,100000.0,0.0,1.0,1.0,1.0,0.0,0.0,100000.0,0.0,0.0,1.0,0.0,0.0,0.0,0.0,0.0
2008-09-25,100000.0,0.0,1.0,1.0,1.0,0.0,0.0,100000.0,0.0,0.0,1.0,0.0,0.0,0.0,0.0,0.0
2008-09-26,100000.0,0.0,1.0,1.0,1.0,0.0,0.0,100000.0,0.0,0.0,1.0,0.0,0.0,0.0,0.0,0.0
2008-09-29,100000.0,0.0,1.0,1.0,1.0,0.0,0.0,100000.0,0.0,0.0,1.0,0.0,0.0,0.0,0.0,0.0
2008-09-30,100000.0,0.0,1.0,1.0,1.0,0.0,0.0,100000.0,0.0,0.0,1.0,0.0,0.0,0.0,0.0,0.0
2008-10-01,100000.0,0.0,1.0,1.0,1.0,0.0,0.0,100000.0,0.0,0.0,1.0,0.0,0.0,0.0,0.0,0.0
2008-10-02,100000.0,0.0,1.0,1.0,1.0,0.0,0.0,100000.0,0.0,0.0,1.0,0.0,0.0,0.0,0.0,0.0
2008-10-03,100000.0,0.0,1.0,1.0,1.0,0.0,0.0,100000.0,0.0,0.0,1.0,0.0,0.0,0.0,0.0,0.0
2008-10-06,100000.0,0.0,1.0,1.0,1.0,0.0,0.0,100000.0,0.0,0.0,1.0,0.0,0.0,0.0,0.0,0.0
2008-10-07,100000.0,0.0,1.0,1.0,1.0,0.0,0.0,100000.0,0.0,0.0,1.0,0.0,0.0,0.0,0.0,0.0
2008-10-08,100000.0,0.0,1.0,1.0,1.0,0.0,0.0,100000.0,0.0,0.0,1.0,0.0,0.0,0.0,0.0,0.0
2008-10-09,100000.0,0.0,1.0,1.0,1.0,0.0,0.0,100000.0,0.0,0.0,1.0,0.0,0.0,0.0,0.0,0.0
2008-10-10,100000.0,0.0,1.0,1.0,1.0,0.0,0.0,100000.0,0.0,0.0,1.0,0.0,0.0,0.0,0.0,0.0
2008-10-13,100000.0,0.0,1.0,1.0,1.0,0.0,0.0,100000.0,0.0,0.0,1.0,0.0,0.0,0.0,0.0,0.0
2008-10-14,100000.0,0.0,1.0,1.0,1.0,0.0,0.0,100000.0,0.0,0.0,1.0,0.0,0.0,0.0,0.0,0.0
2008-10-15,100000.0,0.0,1.0,1.0,1.0,0.0,0.0,100000.0,0.0,0.0,1.0,0.0,0.0,0.0,0.0,0.0
2008-10-16,100000.0,0.0,1.0,1.0,1.0,0.0,0.0,100000.0,0.0,0.0,1.0,0.0,0.0,0.0,0.0,0.0
2008-10-17,100000.0,0.0,1.0,1.0,1.0,0.0,0.0,100000.0,0.0,0.0,1.0,0.0,0.0,0.0,0.0,0.0
2008-10-20,100000.0,0.0,1.0,1.0,1.0,0.0,0.0,100000.0,0.0,0.0,1.0,0.0,0.0,0.0,0.0,0.0
2008-10-21,100000.0,0.0,1.0,1.0,1.0,0.0,0.0,100000.0,0.0,0.0,1.0,0.0,0.0,0.0,0.0,0.0
2008-10-22,100000.0,0.0,1.0,1.0,1.0,0.0,0.0,100000.0,0.0,0.0,1.0,0.0,0.0,0.0,0.0,0.0
2008-10-23,100000.0,0.0,1.0,1.0,1.0,0.0,0.0,100000.0,0.0,0.0,1.0,0.0,0.0,0.0,0.0,0.0
2008-10-24,100000.0,0.0,1.0,1.0,1.0,0.0,0.0,100000.0,0.0,0.0,1.0,0.0,0.0,0.0,0.0,0.0
2008-10-27,100000.0,0.0,1.0,1.0,1.0,0.0,0.0,100000.0,0.0,0.0,1.0,0.0,0.0,0.0,0.0,0.0
2008-10-28,100000.0,0.0,1.0,1.0,1.0,0.0,0.0,100000.0,0.0,0.0,1.0,0.0,0.0,0.0,0.0,0.0
2008-10-29,100000.0,0.0,1.0,1.0,1.0,0.0,0.0,100000.0,0.0,0.0,1.0,0.0,0.0,0.0,0.0,0.0
2008-10-30,100000.0,0.0,1.0,1.0,1.0,0.0,0.0,100000.0,0.0,0.0,1.0,0.0,0.0,0.0,0.0,0.0
2008-10-31,100000.0,0.0,1.0,1.0,1.0,0.0,0.0,100000.0,0.0,0.0,1.0,0.0,0.0,0.0,0.0,0.0
2008-11-03,100000.0,0.0,1.0,1.0,1.0,0.0,0.0,100000.0,0.0,0.0,1.0,0.0,0.0,0.0,0.0,0.0
2008-11-04,100000.0,0.0,1.0,1.0,1.0,0.0,0.0,100000.0,0.0,0.0,1.0,0.0,0.0,0.0,0.0,0.0
2008-11-05,100000.0,0.0,1.0,1.0,1.0,0.0,0.0,100000.0,0.0,0.0,1.0,0.0,0.0,0.0,0.0,0.0
2008-11-06,100000.0,0.0,1.0,1.0,1.0,0.0,0.0,100000.0,0.0,0.0,1.0,0.0,0.0,0.0,0.0,0.0
2008-11-07,100000.0,0.0,1.0,1.0,1.0,0.0,0.0,100000.0,0.0,0.0,1.0,0.0,0.0,0.0,0.0,0.0
2008-11-10,100000.0,0.0,1.0,1.0,1.0,0.0,0.0,100000.0,0.0,0.0,1.0,0.0,0.0,0.0,0.0,0.0
2008-11-11,100000.0,0.0,1.0,1.0,1.0,0.0,0.0,100000.0,0.0,0.0,1.0,0.0,0.0,0.0,0.0,0.0
2008-11-12,100000.0,0.0,1.0,1.0,1.0,0.0,0.0,100000.0,0.0,0.0,1.0,0.0,0.0,0.0,0.0,0.0
2008-11-13,100000.0,0.0,1.0,1.0,1.0,0.0,0.0,100000.0,0.0,0.0,1.0,0.0,0.0,0.0,0.0,0.0
2008-11-14,100000.0,0.0,1.0,1.0,1.0,0.0,0.0,100000.0,0.0,0.0,1.0,0.0,0.0,0.0,0.0,0.0
2008-11-17,100000.0,0.0,1.0,1.0,1.0,0.0,0.0,100000.0,0.0,0.0,1.0,0.0,0.0,0.0,0.0,0.0
2008-11-18,100000.0,0.0,1.0,1.0,1.0,0.0,0.0,100000.0,0.0,0.0,1.0,0.0,0.0,0.0,0.0,0.0
2008-11-19,100000.0,0.0,1.0,1.0,1.0,0.0,0.0,100000.0,0.0,0.0,1.0,0.0,0.0,0.0,0.0,0.0
2008-11-20,100000.0,0.0,1.0,1.0,1.0,0.0,0.0,100000.0,0.0,0.0,1.0,0.0,0.0,0.0,0.0,0.0
2008-11-21,100000.0,0.0,1.0,1.0,1.0,0.0,0.0,100000.0,0.0,0.0,1.0,0.0,0.0,0.0,0.0,0.0
2008-11-24,100000.0,0.0,1.0,1.0,1.0,0.0,0.0,100000.0,0.0,0.0,1.0,0.0,0.0,0.0,0.0,0.0
2008-11-25,100000.0,0.0,1.0,1.0,1.0,0.0,0.0,100000.0,0.0,0.0,1.0,0.0,0.0,0.0,0.0,0.0
2008-11-26,100000.0,0.0,1.0,1.0,1.0,0.0,0.0,100000.0,0.0,0.0,1.0,0.0,0.0,0.0,0.0,0.0
2008-11-28,100000.0,0.0,1.0,1.0,1.0,0.0,0.0,100000.0,0.0,0.0,1.0,0.0,0.0,0.0,0.0,0.0
2008-12-01,100000.0,0.0,1.0,1.0,1.0,0.0,0.0,100000.0,0.0,0.0,1.0,0.0,0.0,0.0,0.0,0.0
2008-12-02,100000.0,0.0,1.0,1.0,1.0,0.0,0.0,100000.0,0.0,0.0,1.0,0.0,0.0,0.0,0.0,0.0
2008-12-03,100000.0,0.0,1.0,1.0,1.0,0.0,0.0,100000.0,0.0,0.0,1.0,0.0,0.0,0.0,0.0,0.0
2008-12-04,100000.0,0.0,1.0,1.0,1.0,0.0,0.0,100000.0,0.0,0.0,1.0,0.0,0.0,0.0,0.0,0.0
2008-12-05,100000.0,0.0,1.0,1.0,1.0,0.0,0.0,100000.0,0.0,0.0,1.0,0.0,0.0,0.0,0.0,0.0
2008-12-08,100000.0,0.0,1.0,1.0,1.0,0.0,0.0,100000.0,0.0,0.0,1.0,0.0,0.0,0.0,0.0,0.0
2008-12-09,100000.0,0.0,1.0,1.0,1.0,0.0,0.0,100000.0,0.0,0.0,1.0,0.0,0.0,0.0,0.0,0.0
2008-12-10,100000.0,0.0,1.0,1.0,1.0,0.0,0.0,100000.0,0.0,0.0,1.0,0.0,0.0,0.0,0.0,0.0
2008-12-11,100000.0,0.0,1.0,1.0,1.0,0.0,0.0,100000.0,0.0,0.0,1.0,0.0,0.0,0.0,0.0,0.0
2008-12-12,100000.0,0.0,1.0,1.0,1.0,0.0,0.0,100000.0,0.0,0.0,1.0,0.0,0.0,0.0,0.0,0.0
2008-12-15,100000.0,0.0,1.0,1.0,1.0,0.0,0.0,100000.0,0.0,0.0,1.0,0.0,0.0,0.0,0.0,0.0
2008-12-16,100000.0,0.0,1.0,1.0,1.0,0.0,0.0,100000.0,0.0,0.0,1.0,0.0,0.0,0.0,0.0,0.0
2008-12-17,100000.0,0.0,1.0,1.0,1.0,0.0,0.0,100000.0,0.0,0.0,1.0,0.0,0.0,0.0,0.0,0.0
2008-12-18,100000.0,0.0,1.0,1.0,1.0,0.0,0.0,100000.0,0.0,0.0,1.0,0.0,0.0,0.0,0.0,0.0
2008-12-19,100000.0,0.0,1.0,1.0,1.0,0.0,0.0,100000.0,0.0,0.0,1.0,0.0,0.0,0.0,0.0,0.0
2008-12-22,100000.0,0.0,1.0,1.0,1.0,0.0,0.0,100000.0,0.0,0.0,1.0,0.0,0.0,0.0,0.0,0.0
2008-12-23,100000.0,0.0,1.0,1.0,1.0,0.0,0.0,100000.0,0.0,0.0,1.0,0.0,0.0,0.0,0.0,0.0
2008-12-24,100000.0,0.0,1.0,1.0,1.0,0.0,0.0,100000.0,0.0,0.0,1.0,0.0,0.0,0.0,0.0,0.0
2008-12-26,100000.0,0.0,1.0,1.0,1.0,0.0,0.0,100000.0,0.0,0.0,1.0,0.0,0.0,0.0,0.0,0.0
2008-12-29,100000.0,0.0,1.0,1.0,1.0,0.0,0.0,100000.0,0.0,0.0,1.0,0.0,0.0,0.0,0.0,0.0
2008-12-30,100000.0,0.0,1.0,1.0,1.0,0.0,0.0,100000.0,0.0,0.0,1.0,0.0,0.0,0.0,0.0,0.0
2008-12-31,100000.0,0.0,1.0,1.0,1.0,0.0,0.0,100000.0,0.0,0.0,1.0,0.0,0.0,0.0,0.0,0.0
2009-01-02,100000.0,0.0,1.0,1.0,1.0,0.0,0.0,100000.0,0.0,0.0,1.0,0.0,0.0,0.0,0.0,0.0
2009-01-05,100000.0,0.0,1.0,1.0,1.0,0.0,0.0,100000.0,0.0,0.0,1.0,0.0,0.0,0.0,0.0,0.0
2009-01-06,100000.0,0.0,1.0,1.0,1.0,0.0,0.0,100000.0,0.0,0.0,1.0,0.0,0.0,0.0,0.0,0.0
2009-01-07,100000.0,0.0,1.0,1.0,1.0,0.0,0.0,100000.0,0.0,0.0,1.0,0.0,0.0,0.0,0.0,0.0
2009-01-08,100000.0,0.0,1.0,1.0,1.0,0.0,0.0,100000.0,0.0,0.0,1.0,0.0,0.0,0.0,0.0,0.0
2009-01-09,100000.0,0.0,1.0,1.0,1.0,0.0,0.0,100000.0,0.0,0.0,1.0,0.0,0.0,0.0,0.0,0.0
2009-01-12,100000.0,0.0,1.0,1.0,1.0,0.0,0.0,100000.0,0.0,0.0,1.0,0.0,0.0,0.0,0.0,0.0
2009-01-13,100000.0,0.0,1.0,1.0,1.0,0.0,0.0,100000.0,0.0,0.0,1.0,0.0,0.0,0.0,0.0,0.0
2009-01-14,100000.0,0.0,1.0,1.0,1.0,0.0,0.0,100000.0,0.0,0.0,1.0,0.0,0.0,0.0,0.0,0.0
2009-01-15,100000.0,0.0,1.0,1.0,1.0,0.0,0.0,100000.0,0.0,0.0,1.0,0.0,0.0,0.0,0.0,0.0
2009-01-16,100000.0,0.0,1.0,1.0,1.0,0.0,0.0,100000.0,0.0,0.0,1.0,0.0,0.0,0.0,0.0,0.0
2009-01-20,100000.0,0.0,1.0,1.0,1.0,0.0,0.0,100000.0,0.0,0.0,1.0,0.0,0.0,0.0,0.0,0.0
2009-01-21,100000.0,0.0,1.0,1.0,1.0,0.0,0.0,100000.0,0.0,0.0,1.0,0.0,0.0,0.0,0.0,0.0
2009-01-22,100000.0,0.0,1.0,1.0,1.0,0.0,0.0,100000.0,0.0,0.0,1.0,0.0,0.0,0.0,0.0,0.0
2009-01-23,100000.0,0.0,1.0,1.0,1.0,0.0,0.0,100000.0,0.0,0.0,1.0,0.0,0.0,0.0,0.0,0.0
2009-01-26,100000.0,0.0,1.0,1.0,1.0,0.0,0.0,100000.0,0.0,0.0,1.0,0.0,0.0,0.0,0.0,0.0
2009-01-27,100000.0,0.0,1.0,1.0,1.0,0.0,0.0,100000.0,0.0,0.0,1.0,0.0,0.0,0.0,0.0,0.0
2009-01-28,100000.0,0.0,1.0,1.0,1.0,0.0,0.0,100000.0,0.0,0.0,1.0,0.0,0.0,0.0,0.0,0.0
2009-01-29,100000.0,0.0,1.0,1.0,1.0,0.0,0.0,100000.0,0.0,0.0,1.0,0.0,0.0,0.0,0.0,0.0
2009-01-30,100000.0,0.0,1.0,1.0,1.0,0.0,0.0,100000.0,0.0,0.0,1.0,0.0,0.0,0.0,0.0,0.0
2009-02-02,100000.0,0.0,1.0,1.0,1.0,0.0,0.0,100000.0,0.0,0.0,1.0,0.0,0.0,0.0,0.0,0.0
2009-02-03,100000.0,0.0,1.0,1.0,1.0,0.0,0.0,100000.0,0.0,0.0,1.0,0.0,0.0,0.0,0.0,0.0
2009-02-04,100000.0,0.0,1.0,1.0,1.0,0.0,0.0,100000.0,0.0,0.0,1.0,0.0,0.0,0.0,0.0,0.0
2009-02-05,100000.0,0.0,1.0,1.0,1.0,0.0,0.0,100000.0,0.0,0.0,1.0,0.0,0.0,0.0,0.0,0.0
2009-02-06,100000.0,0.0,1.0,1.0,1.0,0.0,0.0,100000.0,0.0,0.0,1.0,0.0,0.0,0.0,0.0,0.0
2009-02-09,100000.0,0.0,1.0,1.0,1.0,0.0,0.0,100000.0,0.0,0.0,1.0,0.0,0.0,0.0,0.0,0.0
2009-02-10,100000.0,0.0,1.0,1.0,1.0,0.0,0.0,100000.0,0.0,0.0,1.0,0.0,0.0,0.0,0.0,0.0
2009-02-11,100000.0,0.0,1.0,1.0,1.0,0.0,0.0,100000.0,0.0,0.0,1.0,0.0,0.0,0.0,0.0,0.0
2009-02-12,100000.0,0.0,1.0,1.0,1.0,0.0,0.0,100000.0,0.0,0.0,1.0,0.0,0.0,0.0,0.0,0.0
2009-02-13,100000.0,0.0,1.0,1.0,1.0,0.0,0.0,100000.0,0.0,0.0,1.0,0.0,0.0,0.0,0.0,0.0
2009-02-17,100000.0,0.0,1.0,1.0,1.0,0.0,0.0,100000.0,0.0,0.0,1.0,0.0,0.0,0.0,0.0,0.0
2009-02-18,100000.0,0.0,1.0,1.0,1.0,0.0,0.0,100000.0,0.0,0.0,1.0,0.0,0.0,0.0,0.0,0.0
2009-02-19,100000.0,0.0,1.0,1.0,1.0,0.0,0.0,100000.0,0.0,0.0,1.0,0.0,0.0,0.0,0.0,0.0
2009-02-20,100000.0,0.0,1.0,1.0,1.0,0.0,0.0,100000.0,0.0,0.0,1.0,0.0,0.0,0.0,0.0,0.0
2009-02-23,100000.0,0.0,1.0,1.0,1.0,0.0,0.0,100000.0,0.0,0.0,1.0,0.0,0.0,0.0,0.0,0.0
2009-02-24,100000.0,0.0,1.0,1.0,1.0,0.0,0.0,100000.0,0.0,0.0,1.0,0.0,0.0,0.0,0.0,0.0
2009-02-25,100000.0,0.0,1.0,1.0,1.0,0.0,0.0,100000.0,0.0,0.0,1.0,0.0,0.0,0.0,0.0,0.0
2009-02-26,100000.0,0.0,1.0,1.0,1.0,0.0,0.0,100000.0,0.0,0.0,1.0,0.0,0.0,0.0,0.0,0.0
2009-02-27,100000.0,0.0,1.0,1.0,1.0,0.0,0.0,100000.0,0.0,0.0,1.0,0.0,0.0,0.0,0.0,0.0
2009-03-02,100000.0,0.0,1.0,1.0,1.0,0.0,0.0,100000.0,0.0,0.0,1.0,0.0,0.0,0.0,0.0,0.0
2009-03-03,100000.0,0.0,1.0,1.0,1.0,0.0,0.0,100000.0,0.0,0.0,1.0,0.0,0.0,0.0,0.0,0.0
2009-03-04,100000.0,0.0,1.0,1.0,1.0,0.0,0.0,100000.0,0.0,0.0,1.0,0.0,0.0,0.0,0.0,0.0
2009-03-05,100000.0,0.0,1.0,1.0,1.0,0.0,0.0,100000.0,0.0,0.0,1.0,0.0,0.0,0.0,0.0,0.0
2009-03-06,100000.0,0.0,1.0,1.0,1.0,0.0,0.0,100000.0,0.0,0.0,1.0,0.0,0.0,0.0,0.0,0.0
2009-03-09,100000.0,0.0,1.0,1.0,1.0,0.0,0.0,100000.0,0.0,0.0,1.0,0.0,0.0,0.0,0.0,0.0
2009-03-10,100000.0,0.0,1.0,1.0,1.0,0.0,0.0,100000.0,0.0,0.0,1.0,0.0,0.0,0.0,0.0,0.0
2009-03-11,100000.0,0.0,1.0,1.0,1.0,0.0,0.0,100000.0,0.0,0.0,1.0,0.0,0.0,0.0,0.0,0.0
2009-03-12,100000.0,0.0,1.0,1.0,1.0,0.0,0.0,100000.0,0.0,0.0,1.0,0.0,0.0,0.0,0.0,0.0
2009-03-13,100000.0,0.0,1.0,1.0,1.0,0.0,0.0,100000.0,0.0,0.0,1.0,0.0,0.0,0.0,0.0,0.0
2009-03-16,100000.0,0.0,1.0,1.0,1.0,0.0,0.0,100000.0,0.0,0.0,1.0,0.0,0.0,0.0,0.0,0.0
2009-03-17,100000.0,0.0,1.0,1.0,1.0,0.0,0.0,100000.0,0.0,0.0,1.0,0.0,0.0,0.0,0.0,0.0
2009-03-18,100000.0,0.0,1.0,1.0,1.0,0.0,0.0,100000.0,0.0,0.0,1.0,0.0,0.0,0.0,0.0,0.0
2009-03-19,100000.0,0.0,1.0,1.0,1.0,0.0,0.0,100000.0,0.0,0.0,1.0,0.0,0.0,0.0,0.0,0.0
2009-03-20,100000.0,0.0,1.0,1.0,1.0,0.0,0.0,100000.0,0.0,0.0,1.0,0.0,0.0,0.0,0.0,0.0
2009-03-23,100000.0,0.0,1.0,1.0,1.0,0.0,0.0,100000.0,0.0,0.0,1.0,0.0,0.0,0.0,0.0,0.0
2009-03-24,100000.0,0.0,1.0,1.0,1.0,0.0,0.0,100000.0,0.0,0.0,1.0,0.0,0.0,0.0,0.0,0.0
2009-03-25,100000.0,0.0,1.0,1.0,1.0,0.0,0.0,100000.0,0.0,0.0,1.0,0.0,0.0,0.0,0.0,0.0
2009-03-26,100000.0,0.0,1.0,1.0,1.0,0.0,0.0,100000.0,0.0,0.0,1.0,0.0,0.0,0.0,0.0,0.0
2009-03-27,100000.0,0.0,1.0,1.0,1.0,0.0,0.0,100000.0,0.0,0.0,1.0,0.0,0.0,0.0,0.0,0.0
2009-03-30,100000.0,0.0,1.0,1.0,1.0,0.0,0.0,100000.0,0.0,0.0,1.0,0.0,0.0,0.0,0.0,0.0
2009-03-31,100000.0,0.0,1.0,1.0,1.0,0.0,0.0,100000.0,0.0,0.0,1.0,0.0,0.0,0.0,0.0,0.0
2009-04-01,100000.0,0.0,1.0,1.0,1.0,0.0,0.0,100000.0,0.0,0.0,1.0,0.0,0.0,0.0,0.0,0.0
2009-04-02,100000.0,0.0,1.0,1.0,1.0,0.0,0.0,100000.0,0.0,0.0,1.0,0.0,0.0,0.0,0.0,0.0
2009-04-03,100000.0,0.0,1.0,1.0,1.0,0.0,0.0,100000.0,0.0,0.0,1.0,0.0,0.0,0.0,0.0,0.0
2009-04-06,100000.0,0.0,1.0,1.0,1.0,0.0,0.0,100000.0,0.0,0.0,1.0,0.0,0.0,0.0,0.0,0.0
2009-04-07,99900.09990009991,-0.0009990009990008542,1.0,1.0,1.0,-0.0009990009990008,-0.0009990009990009988,99900.0999000999,1.0,1.0,0.0,0.9990009990009988,0.0,99.90009990009987,0.0,99.90009990009987
2009-04-08,100542.65991112417,0.0,1.0,1.0,1.0,0.0064320257103525,0.0064320257103527,100542.65991112414,1.0,1.0,0.0,0.0,0.0,0.0,0.0,0.0
2009-04-09,105566.51566554556,0.0,1.0,1.0,1.0,0.0499674044715179,0.0499674044715179,105566.51566554555,1.0,1.0,0.0,0.0,0.0,0.0,0.0,0.0
2009-04-13,106371.62458945005,0.0,1.0,1.0,1.0,0.0076265558148684,0.0076265558148684,106371.62458945002,1.0,1.0,0.0,0.0,0.0,0.0,0.0,0.0
2009-04-14,103505.25614384506,-0.02694673938343961,1.0,1.0,1.0,-0.0269467393834396,-0.0269467393834394,103505.25614384505,1.0,1.0,0.0,0.0,0.0,0.0,0.0,0.0
2009-04-15,106701.72601137488,0.0,1.0,1.0,1.0,0.0308821985145137,0.0308821985145138,106701.72601137486,1.0,1.0,0.0,0.0,0.0,0.0,0.0,0.0
2009-04-16,108008.5382157754,0.0,1.0,1.0,1.0,0.0122473389442752,0.0122473389442752,108008.53821577536,1.0,1.0,0.0,0.0,0.0,0.0,0.0,0.0
2009-04-17,108387.03257900798,0.0,1.0,1.0,1.0,0.0035043003959227,0.0035043003959229,108387.03257900797,1.0,1.0,0.0,0.0,0.0,0.0,0.0,0.0
2009-04-20,102396.61870318414,-0.055268732183964664,1.0,1.0,1.0,-0.0552687321839646,-0.0552687321839646,102396.61870318413,1.0,1.0,0.0,0.0,0.0,0.0,0.0,0.0
2009-04-21,106164.11390938,-0.0205090832061261,1.0,1.0,1.0,0.0367931603006994,0.0367931603006995,106164.11390937999,1.0,1.0,0.0,0.0,0.0,0.0,0.0,0.0
2009-04-22,104365.58169650252,-0.03710269380771225,1.0,1.0,1.0,-0.0169410561313843,-0.0169410561313844,104365.5816965025,1.0,1.0,0.0,0.0,0.0,0.0,0.0,0.0
2009-04-23,107355.65534592248,-0.009515688441176562,1.0,1.0,1.0,0.028649997449496,0.028649997449496,107355.65534592247,1.0,1.0,0.0,0.0,0.0,0.0,0.0,0.0
2009-04-24,109677.0069012801,0.0,1.0,1.0,1.0,0.0216230020475189,0.0216230020475188,109677.00690128007,1.0,1.0,0.0,0.0,0.0,0.0,0.0,0.0
2009-04-27,107889.01160230422,-0.016302371385692904,1.0,1.0,1.0,-0.0163023713856929,-0.0163023713856927,107889.01160230422,1.0,1.0,0.0,0.0,0.0,0.0,0.0,0.0
2009-04-28,107025.10350064033,-0.024179210169609555,1.0,1.0,1.0,-0.0080073780344601,-0.0080073780344603,107025.1035006403,1.0,1.0,0.0,0.0,0.0,0.0,0.0,0.0
2009-04-29,109981.89936188929,0.0,1.0,1.0,1.0,0.0276271245206625,0.0276271245206623,109981.89936188924,1.0,1.0,0.0,0.0,0.0,0.0,0.0,0.0
2009-04-30,110438.45720316505,0.0,1.0,1.0,1.0,0.0041512089164188,0.0041512089164189,110438.457203165,1.0,1.0,0.0,0.0,0.0,0.0,0.0,0.0
2009-05-01,111388.02427933524,0.0,1.0,1.0,1.0,0.0085981559342445,0.0085981559342445,111388.02427933521,1.0,1.0,0.0,0.0,0.0,0.0,0.0,0.0
2009-05-04,116001.2877921192,0.0,1.0,1.0,1.0,0.0414161535104975,0.0414161535104973,116001.28779211915,1.0,1.0,0.0,0.0,0.0,0.0,0.0,0.0
2009-05-05,114630.08809420287,-0.011820555823255918,1.0,1.0,1.0,-0.0118205558232559,-0.0118205558232559,114630.08809420283,1.0,1.0,0.0,0.0,0.0,0.0,0.0,0.0
2009-05-06,118152.43381105864,0.0,1.0,1.0,1.0,0.0307279334371715,0.0307279334371715,118152.4338110586,1.0,1.0,0.0,0.0,0.0,0.0,0.0,0.0
2009-05-07,114928.23906335718,-0.027288432778772687,1.0,1.0,1.0,-0.0272884327787727,-0.0272884327787729,114928.23906335712,1.0,1.0,0.0,0.0,0.0,0.0,0.0,0.0
2009-05-08,120522.1138144164,0.0,1.0,1.0,1.0,0.0486727613391471,0.0486727613391471,120522.11381441636,1.0,1.0,0.0,0.0,0.0,0.0,0.0,0.0
2009-05-11,117015.19988274724,-0.029097680256995884,1.0,1.0,1.0,-0.0290976802569959,-0.029097680256996,117015.19988274718,1.0,1.0,0.0,0.0,0.0,0.0,0.0,0.0
2009-05-12,118202.52678902385,-0.01924615285925302,1.0,1.0,1.0,0.0101467750127022,0.0101467750127021,118202.52678902376,1.0,1.0,0.0,0.0,0.0,0.0,0.0,0.0
2009-05-13,113517.7796634839,-0.058116588974849726,1.0,1.0,1.0,-0.0396332231873655,-0.0396332231873655,113517.77966348385,1.0,1.0,0.0,0.0,0.0,0.0,0.0,0.0
2009-05-14,115052.55412699142,-0.04538220841236795,1.0,1.0,1.0,0.0135201240550797,0.0135201240550799,115052.55412699138,1.0,1.0,0.0,0.0,0.0,0.0,0.0,0.0
2009-05-15,113864.32754559931,-0.05524120062372073,1.0,1.0,1.0,-0.0103276853817653,-0.0103276853817654,113864.32754559927,1.0,1.0,0.0,0.0,0.0,0.0,0.0,0.0
2009-05-18,118832.88121928464,-0.014015955592455831,1.0,1.0,1.0,0.043635735447483,0.0436357354474829,118832.8812192846,1.0,1.0,0.0,0.0,0.0,0.0,0.0,0.0
2009-05-19,119014.98444604236,-0.012505002780608065,1.0,1.0,1.0,0.0015324313009095,0.0015324313009096,119014.98444604228,1.0,1.0,0.0,0.0,0.0,0.0,0.0,0.0
2009-05-20,119603.8227793029,-0.007619274223214512,1.0,1.0,1.0,0.0049475982877391,0.0049475982877391,119603.82277930282,1.0,1.0,0.0,0.0,0.0,0.0,0.0,0.0
2009-05-21,118828.415961096,-0.014053004877830122,1.0,1.0,1.0,-0.0064831273799474,-0.0064831273799477,118828.4159610959,1.0,1.0,0.0,0.0,0.0,0.0,0.0,0.0
2009-05-22,118328.8579566712,-0.018197953788982146,1.0,1.0,1.0,-0.0042040281390973,-0.0042040281390971,118328.85795667111,1.0,1.0,0.0,0.0,0.0,0.0,0.0,0.0
2009-05-26,121755.43196689805,0.0,1.0,1.0,1.0,0.0289580586629303,0.0289580586629303,121755.43196689796,1.0,1.0,0.0,0.0,0.0,0.0,0.0,0.0
2009-05-27,119790.39788959252,-0.016139190223888766,1.0,1.0,1.0,-0.0161391902238886,-0.0161391902238887,119790.39788959245,1.0,1.0,0.0,0.0,0.0,0.0,0.0,0.0
2009-05-28,120512.97539403058,-0.010204526835445482,1.0,1.0,1.0,0.0060320152296684,0.0060320152296682,120512.9753940305,1.0,1.0,0.0,0.0,0.0,0.0,0.0,0.0
2009-05-29,123434.93907851508,0.0,1.0,1.0,1.0,0.0242460504765633,0.0242460504765633,123434.93907851499,1.0,1.0,0.0,0.0,0.0,0.0,0.0,0.0
2009-06-01,127140.58144644824,0.0,1.0,1.0,1.0,0.0300210167039987,0.0300210167039987,127140.58144644815,1.0,1.0,0.0,0.0,0.0,0.0,0.0,0.0
2009-06-02,127164.03851809488,0.0,1.0,1.0,1.0,0.000184497124205,0.0001844971242051,127164.03851809479,1.0,1.0,0.0,0.0,0.0,0.0,0.0,0.0
2009-06-03,123595.04759989456,-0.028066039422713573,1.0,1.0,1.0,-0.0280660394227135,-0.0280660394227135,123595.04759989447,1.0,1.0,0.0,0.0,0.0,0.0,0.0,0.0
2009-06-04,124676.31542253285,-0.019563102309054448,1.0,1.0,1.0,0.0087484720758277,0.0087484720758277,124676.31542253277,1.0,1.0,0.0,0.0,0.0,0.0,0.0,0.0
2009-06-05,123662.73261725636,-0.027533774026375357,1.0,1.0,1.0,-0.0081297141469205,-0.0081297141469205,123662.73261725626,1.0,1.0,0.0,0.0,0.0,0.0,0.0,0.0
2009-06-08,123616.22297484888,-0.027899519271253448,1.0,1.0,1.0,-0.0003761007170318,-0.0003761007170318,123616.2229748488,1.0,1.0,0.0,0.0,0.0,0.0,0.0,0.0
2009-06-09,124370.18931008896,-0.021970434727962562,1.0,1.0,1.0,0.0060992507059003,0.0060992507059003,124370.18931008887,1.0,1.0,0.0,0.0,0.0,0.0,0.0,0.0
2009-06-10,124390.78993624912,-0.02180843431966928,1.0,1.0,1.0,0.000165639581916,0.000165639581916,124390.78993624901,1.0,1.0,0.0,0.0,0.0,0.0,0.0,0.0
2009-06-11,125493.06868709603,-0.013140270240482144,1.0,1.0,1.0,0.0088614177256358,0.0088614177256359,125493.06868709593,1.0,1.0,0.0,0.0,0.0,0.0,0.0,0.0
2009-06-12,125847.058316986,-0.010356545895021108,1.0,1.0,1.0,0.0028207902921919,0.0028207902921919,125847.05831698586,1.0,1.0,0.0,0.0,0.0,0.0,0.0,0.0
2009-06-15,121668.41457001543,-0.04321680887240342,1.0,1.0,1.0,-0.0332041432104459,-0.0332041432104458,121668.41457001533,1.0,1.0,0.0,0.0,0.0,0.0,0.0,0.0
2009-06-16,120539.78281710926,-0.05209220922975821,1.0,1.0,1.0,-0.009276292100089,-0.009276292100089,120539.78281710915,1.0,1.0,0.0,0.0,0.0,0.0,0.0,0.0
2009-06-17,120412.88561453077,-0.05309011086969728,1.0,1.0,1.0,-0.0010527412578055,-0.0010527412578055,120412.88561453068,1.0,1.0,0.0,0.0,0.0,0.0,0.0,0.0
2009-06-18,120041.65912972912,-0.05600938340246464,1.0,1.0,1.0,-0.0030829465044963,-0.0030829465044963,120041.65912972904,1.0,1.0,0.0,0.0,0.0,0.0,0.0,0.0
2009-06-19,122209.2315830245,-0.03896390042980058,1.0,1.0,1.0,0.0180568351771353,0.0180568351771352,122209.23158302442,1.0,1.0,0.0,0.0,0.0,0.0,0.0,0.0
2009-06-22,117760.65518586934,-0.0739468755617374,1.0,1.0,1.0,-0.0364013122374716,-0.0364013122374718,117760.65518586924,1.0,1.0,0.0,0.0,0.0,0.0,0.0,0.0
2009-06-23,118928.68652974934,-0.06476164239761617,1.0,1.0,1.0,0.0099186892433336,0.0099186892433336,118928.68652974923,1.0,1.0,0.0,0.0,0.0,0.0,0.0,0.0
2009-06-24,119807.94500092596,-0.05784727823127589,1.0,1.0,1.0,0.0073931571669774,0.0073931571669775,119807.94500092586,1.0,1.0,0.0,0.0,0.0,0.0,0.0,0.0
2009-06-25,121392.16426872285,-0.04538920214106534,1.0,1.0,1.0,0.0132229900761975,0.0132229900761976,121392.16426872273,1.0,1.0,0.0,0.0,0.0,0.0,0.0,0.0
2009-06-26,121397.99551737373,-0.045343346027034825,1.0,1.0,1.0,4.8036450177812995e-05,4.803645017771307e-05,121397.99551737361,1.0,1.0,0.0,0.0,0.0,0.0,0.0,0.0
2009-06-29,122140.6599941688,-0.0395031376988807,1.0,1.0,1.0,0.0061176008189425,0.0061176008189425,122140.65999416867,1.0,1.0,0.0,0.0,0.0,0.0,0.0,0.0
2009-06-30,121524.38703413162,-0.04434942102881356,1.0,1.0,1.0,-0.0050456003763741,-0.0050456003763743,121524.3870341315,1.0,1.0,0.0,0.0,0.0,0.0,0.0,0.0
2009-07-01,123072.44875899794,-0.032175682738439626,1.0,1.0,1.0,0.0127386919008407,0.0127386919008408,123072.44875899784,1.0,1.0,0.0,0.0,0.0,0.0,0.0,0.0
2009-07-02,119330.1754620736,-0.061604390260903474,1.0,1.0,1.0,-0.0304070759512757,-0.0304070759512758,119330.1754620735,1.0,1.0,0.0,0.0,0.0,0.0,0.0,0.0
2009-07-06,119905.2477881886,-0.057082102884561836,1.0,1.0,1.0,0.0048191693667438,0.0048191693667438956,119905.2477881885,0.0,0.0,1.0,1.005824994361105,0.0,120.02527306124975,0.0,120.02527306124975
2009-07-07,119905.2477881886,-0.057082102884561836,1.0,1.0,1.0,0.0,0.0,119905.2477881885,0.0,0.0,1.0,0.0,0.0,0.0,0.0,0.0
2009-07-08,119905.2477881886,-0.057082102884561836,1.0,1.0,1.0,0.0,0.0,119905.2477881885,0.0,0.0,1.0,0.0,0.0,0.0,0.0,0.0
2009-07-09,119905.2477881886,-0.057082102884561836,1.0,1.0,1.0,0.0,0.0,119905.2477881885,0.0,0.0,1.0,0.0,0.0,0.0,0.0,0.0
2009-07-10,119905.2477881886,-0.057082102884561836,1.0,1.0,1.0,0.0,0.0,119905.2477881885,0.0,0.0,1.0,0.0,0.0,0.0,0.0,0.0
2009-07-13,119905.2477881886,-0.057082102884561836,1.0,1.0,1.0,0.0,0.0,119905.2477881885,0.0,0.0,1.0,0.0,0.0,0.0,0.0,0.0
2009-07-14,119905.2477881886,-0.057082102884561836,1.0,1.0,1.0,0.0,0.0,119905.2477881885,0.0,0.0,1.0,0.0,0.0,0.0,0.0,0.0
2009-07-15,119905.2477881886,-0.057082102884561836,1.0,1.0,1.0,0.0,0.0,119905.2477881885,0.0,0.0,1.0,0.0,0.0,0.0,0.0,0.0
2009-07-16,119905.2477881886,-0.057082102884561836,1.0,1.0,1.0,0.0,0.0,119905.2477881885,0.0,0.0,1.0,0.0,0.0,0.0,0.0,0.0
2009-07-17,119881.26673863096,-0.05727068646398492,1.0,1.0,1.0,-0.0001999999999999,-0.0002,119881.26673863086,0.2000400080016003,0.2000400080016003,0.7999599919983997,0.2,0.0,23.9810495576377,0.0,23.9810495576377
2009-07-20,120394.95885386904,-0.053231084378172144,1.0,1.0,1.0,0.0042850074011817,0.0042850074011817,120394.95885386896,0.203453216862731,0.203453216862731,0.796546783137269,0.0,0.0,0.0,0.0,0.0
2009-07-21,120683.33298028108,-0.05096335106478733,1.0,1.0,1.0,0.0023952342287194,0.0023952342287194,120683.332980281,0.2053565739963219,0.2053565739963219,0.7946434260036781,0.0,0.0,0.0,0.0,0.0
2009-07-22,120755.43642130736,-0.050396339810139024,1.0,1.0,1.0,0.000597459808622,0.0005974598086221,120755.43642130725,0.2058310580204107,0.2058310580204107,0.7941689419795893,0.0,0.0,0.0,0.0,0.0
2009-07-23,121602.56328789573,-0.043734654034346176,1.0,1.0,1.0,0.0070152275681634,0.0070152275681634,121602.56328789562,0.2113635223794734,0.2113635223794734,0.7886364776205266,0.0,0.0,0.0,0.0,0.0
2009-07-24,121809.8386943134,-0.04210466957621517,1.0,1.0,1.0,0.0017045315560244,0.0017045315560245,121809.8386943133,0.2127054907144355,0.2127054907144355,0.7872945092855645,0.0,0.0,0.0,0.0,0.0
2009-07-27,121863.90946235464,-0.04167946470956141,1.0,1.0,1.0,0.0004438949153926,0.0004438949153927,121863.90946235451,0.2130548116822226,0.2130548116822226,0.7869451883177774,0.0,0.0,0.0,0.0,0.0
2009-07-28,121647.62391283397,-0.04338030365775114,1.0,1.0,1.0,-0.001774812169369,-0.001774812169369,121647.62391283383,0.2116556485335866,0.2116556485335866,0.7883443514664135,0.0,0.0,0.0,0.0,0.0
2009-07-29,121106.90880035434,-0.04763241076901337,1.0,1.0,1.0,-0.0044449295028323,-0.0044449295028322,121106.90880035424,0.2081358682923245,0.2081358682923245,0.7918641317076756,0.0,0.0,0.0,0.0,0.0
2009-07-30,121872.91960545762,-0.041608610219502906,1.0,1.0,1.0,0.0063250793261186,0.0063250793261187,121872.9196054575,0.2131129910446594,0.2131129910446594,0.7868870089553406,0.0,0.0,0.0,0.0,0.0
2009-07-31,122143.28583244278,-0.03948248847835756,1.0,1.0,1.0,0.0022184274230929,0.002218427423093,122143.28583244265,0.2148547787346249,0.2148547787346249,0.7851452212653751,0.0,0.0,0.0,0.0,0.0
2009-08-03,123071.52380580458,-0.032182956439433585,1.0,1.0,1.0,0.0075995824660815,0.0075995824660815,123071.52380580446,0.2207765515903187,0.2207765515903187,0.7792234484096813,0.0,0.0,0.0,0.0,0.0
2009-08-04,122972.40479960424,-0.03296241427480451,1.0,1.0,1.0,-0.0008053772565354,-0.0008053772565354,122972.40479960412,0.2201484769101475,0.2201484769101475,0.7798515230898525,0.0,0.0,0.0,0.0,0.0
2009-08-05,123188.68291705743,-0.0312616337713415,1.0,1.0,1.0,0.0017587532569249,0.0017587532569252,123188.68291705736,0.2215176353045146,0.2215176353045146,0.7784823646954854,0.0,0.0,0.0,0.0,0.0
2009-08-06,122963.38474707796,-0.03303334669116531,1.0,1.0,1.0,-0.0018288869126977,-0.0018288869126978,122963.38474707787,0.2200912704359161,0.2200912704359161,0.7799087295640839,0.0,0.0,0.0,0.0,0.0
2009-08-07,123125.59952855745,-0.031757712609628896,1.0,1.0,1.0,0.0013192120712448,0.0013192120712447,123125.5995285573,0.2211187799434805,0.2211187799434805,0.7788812200565195,0.0,0.0,0.0,0.0,0.0
2009-08-10,122765.11452905164,-0.03459251562238874,1.0,1.0,1.0,-0.0029277826941437,-0.0029277826941438,122765.1145290515,0.2188316888809726,0.2188316888809726,0.7811683111190274,0.0,0.0,0.0,0.0,0.0
2009-08-11,122702.03857261906,-0.03508853601594997,1.0,1.0,1.0,-0.0005137938141023,-0.0005137938141022,122702.03857261893,0.2184301231129395,0.2184301231129395,0.7815698768870605,0.0,0.0,0.0,0.0,0.0
2009-08-12,122945.3669382278,-0.03317503618970685,1.0,1.0,1.0,0.001983083316621,0.0019830833166209,122945.36693822766,0.2199769737628505,0.2199769737628505,0.7800230262371495,0.0,0.0,0.0,0.0,0.0
2009-08-13,123441.02142576918,-0.029277279455039662,1.0,1.0,1.0,0.0040315019580234,0.0040315019580234,123441.02142576905,0.2231090113049454,0.2231090113049454,0.7768909886950546,0.0,0.0,0.0,0.0,0.0
2009-08-14,122747.08928813404,-0.03473426356565679,1.0,1.0,1.0,-0.0056215683378191,-0.0056215683378191,122747.0892881339,0.2187169753909275,0.2187169753909275,0.7812830246090725,0.0,0.0,0.0,0.0,0.0
2009-08-17,121728.72758753996,-0.042742515839346296,1.0,1.0,1.0,-0.0082964223958386,-0.0082964223958385,121728.72758753983,0.2121808953270493,0.2121808953270493,0.7878191046729507,0.0,0.0,0.0,0.0,0.0
2009-08-18,122116.25292577798,-0.039695071430108864,1.0,1.0,1.0,0.0031835158874831,0.0031835158874829,122116.25292577784,0.2146809709328274,0.2146809709328274,0.7853190290671725,0.0,0.0,0.0,0.0,0.0
2009-08-19,122458.7176390778,-0.037001977397466246,1.0,1.0,1.0,0.0028044155064923,0.0028044155064924,122458.71763907763,0.2168771727331029,0.2168771727331029,0.7831228272668971,0.0,0.0,0.0,0.0,0.0
2009-08-20,122512.78097505154,-0.03657683097553943,1.0,1.0,1.0,0.0004414821338656,0.0004414821338657,122512.78097505138,0.2172227549016105,0.2172227549016105,0.7827772450983895,0.0,0.0,0.0,0.0,0.0
2009-08-21,123215.71334636644,-0.031049070301165438,1.0,1.0,1.0,0.0057376248071459,0.0057376248071458,123215.71334636628,0.2216884147607681,0.2216884147607681,0.7783115852392319,0.0,0.0,0.0,0.0,0.0
2009-08-24,122999.43275155738,-0.03274987028620435,1.0,1.0,1.0,-0.0017553004315372,-0.0017553004315372,122999.43275155725,0.2203198418426936,0.2203198418426936,0.7796801581573064,0.0,0.0,0.0,0.0,0.0
2009-08-25,122864.24592203108,-0.03381296037914017,1.0,1.0,1.0,-0.0010990849835816,-0.0010990849835817,122864.24592203094,0.2194619642084407,0.2194619642084407,0.7805380357915593,0.0,0.0,0.0,0.0,0.0
2009-08-26,122765.11452905164,-0.03459251562238874,1.0,1.0,1.0,-0.0008068367834394,-0.0008068367834393,122765.1145290515,0.2188316888809726,0.2188316888809726,0.7811683111190274,0.0,0.0,0.0,0.0,0.0
2009-08-27,122954.36717190754,-0.033104259625950205,1.0,1.0,1.0,0.0015415832387066,0.0015415832387066,122954.36717190739,0.2200340712834444,0.2200340712834444,0.7799659287165556,0.0,0.0,0.0,0.0,0.0
2009-08-28,123125.59952855745,-0.031757712609628896,1.0,1.0,1.0,0.0013926496519678,0.0013926496519679,123125.59952855729,0.2211187799434805,0.2211187799434805,0.7788812200565195,0.0,0.0,0.0,0.0,0.0
2009-08-31,122765.11452905164,-0.03459251562238874,1.0,1.0,1.0,-0.0029277826941437,-0.0029277826941438,122765.11452905148,0.2188316888809726,0.2188316888809726,0.7811683111190274,0.0,0.0,0.0,0.0,0.0
2009-09-01,121972.05347579288,-0.040829035494678756,1.0,1.0,1.0,-0.006459987076142,-0.0064599870761419,121972.05347579272,0.2137525404536538,0.2137525404536538,0.7862474595463462,0.0,0.0,0.0,0.0,0.0
2009-09-02,122215.3793640458,-0.038915555150011216,1.0,1.0,1.0,0.0019949314725704,0.0019949314725705,122215.37936404563,0.215317927416213,0.215317927416213,0.784682072583787,0.0,0.0,0.0,0.0,0.0
2009-09-03,122593.8896044692,-0.03593900419398344,1.0,1.0,1.0,0.0030970753631254,0.0030970753631253,122593.88960446902,0.2177406435965046,0.2177406435965046,0.7822593564034954,0.0,0.0,0.0,0.0,0.0
2009-09-04,122963.38474707796,-0.03303334669116531,1.0,1.0,1.0,0.0030139768287056,0.0030139768287057,122963.38474707777,0.2200912704359161,0.2200912704359161,0.7799087295640839,0.0,0.0,0.0,0.0,0.0
2009-09-08,123332.8699802635,-0.030127767114648707,1.0,1.0,1.0,0.0030048394808381,0.0030048394808381,123332.86998026329,0.2224277502312254,0.2224277502312254,0.7775722497687746,0.0,0.0,0.0,0.0,0.0
2009-09-09,123459.0491440426,-0.029135512030196153,1.0,1.0,1.0,0.0010230781445312,0.0010230781445312,123459.04914404242,0.223222454361331,0.223222454361331,0.776777545638669,0.0,0.0,0.0,0.0,0.0
2009-09-10,123612.2562597749,-0.02793071295714289,1.0,1.0,1.0,0.0012409549303553,0.0012409549303553,123612.2562597747,0.2241852055555395,0.2241852055555395,0.7758147944444604,0.0,0.0,0.0,0.0,0.0
2009-09-11,123648.29930954268,-0.02764727551533308,1.0,1.0,1.0,0.0002915815215931,0.0002915815215931,123648.29930954249,0.224411352873399,0.224411352873399,0.775588647126601,0.0,0.0,0.0,0.0,0.0
2009-09-14,123999.76425652222,-0.024883404918933927,1.0,1.0,1.0,0.0028424567821969,0.0028424567821969,123999.76425652202,0.2266096814297047,0.2266096814297047,0.7733903185702953,0.0,0.0,0.0,0.0,0.0
2009-09-15,124621.59047577529,-0.019993451544540353,1.0,1.0,1.0,0.0050147371084243,0.0050147371084243,124621.59047577508,0.230468678702709,0.230468678702709,0.769531321297291,0.0,0.0,0.0,0.0,0.0
2009-09-16,125018.13091182792,-0.01687511368209349,1.0,1.0,1.0,0.0031819561485193,0.0031819561485193,125018.13091182774,0.2329095269499014,0.2329095269499014,0.7670904730500986,0.0,0.0,0.0,0.0,0.0
2009-09-17,124882.94408230162,-0.017938203775029304,1.0,1.0,1.0,-0.0010813377910893,-0.0010813377910892,124882.94408230144,0.2320791451089421,0.2320791451089421,0.7679208548910579,0.0,0.0,0.0,0.0,0.0
2009-09-18,124867.56218003972,-0.018059164877249345,1.0,1.0,1.0,-0.0001231705608393,-0.0001231705608393,124867.56218003956,0.2319845482150125,0.2319845482150125,0.7680154517849875,0.0,0.0,0.0,0.0,0.0
2009-09-21,124553.06103130829,-0.02053235739611292,1.0,1.0,1.0,-0.0025186777353591,-0.0025186777353590657,124553.06103130813,0.4302853284151372,0.4302853284151372,0.5697146715848628,0.1995361716872656,0.0,24.915595325326695,0.0,24.915595325326695
2009-09-22,125191.45200995676,-0.015512141098424026,1.0,1.0,1.0,0.0051254539500076,0.0051254539500076,125191.45200995659,0.4331904844853337,0.4331904844853337,0.5668095155146663,0.0,0.0,0.0,0.0,0.0
2009-09-23,124457.77434743824,-0.021281678391108505,1.0,1.0,1.0,-0.0058604453478195,-0.0058604453478195,124457.77434743808,0.4298491465687875,0.4298491465687875,0.5701508534312125,0.0,0.0,0.0,0.0,0.0
2009-09-24,123858.09050445016,-0.02599750725260508,1.0,1.0,1.0,-0.0048183719026982,-0.0048183719026982,123858.09050445003,0.427088646600832,0.427088646600832,0.572911353399168,0.0,0.0,0.0,0.0,0.0
2009-09-25,123388.66398496176,-0.029689010958832474,1.0,1.0,1.0,-0.0037900351731287,-0.0037900351731287,123388.6639849616,0.4249090316028582,0.4249090316028582,0.5750909683971418,0.0,0.0,0.0,0.0,0.0
2009-09-28,124111.48436673952,-0.02400485378514461,1.0,1.0,1.0,0.0058580777069268,0.0058580777069268,124111.48436673937,0.4282583386831398,0.4282583386831398,0.5717416613168602,0.0,0.0,0.0,0.0,0.0
2009-09-29,123619.03113160594,-0.02787743632398476,1.0,1.0,1.0,-0.0039678297108947,-0.0039678297108946,123619.03113160579,0.425980727960917,0.425980727960917,0.574019272039083,0.0,0.0,0.0,0.0,0.0
2009-09-30,123552.707396934,-0.028398996785927055,1.0,1.0,1.0,-0.0005365171856209,-0.000536517185621,123552.70739693387,0.4256725914360493,0.4256725914360493,0.5743274085639507,0.0,0.0,0.0,0.0,0.0
2009-10-01,121839.17323954498,-0.04187398686455046,1.0,1.0,1.0,-0.0138688515491935,-0.0138688515491935,121839.17323954485,0.4175953072101938,0.4175953072101938,0.5824046927898062,0.0,0.0,0.0,0.0,0.0
2009-10-02,121408.91804231956,-0.045257452836844125,1.0,1.0,1.0,-0.0035313371371907,-0.0035313371371908,121408.91804231943,0.4155313513657478,0.4155313513657478,0.5844686486342522,0.0,0.0,0.0,0.0,0.0
2009-10-05,122010.5089422066,-0.040526627149820804,1.0,1.0,1.0,0.0049550799857827,0.004955079985782785,122010.50894220646,0.8189333127133004,0.8189333127133004,0.1810666872866996,0.4021026587705155,0.0,48.818848743268255,0.0,48.818848743268255
2009-10-06,124131.48502802204,-0.023847571415729463,1.0,1.0,1.0,0.0173835524841559,0.017383552484156,124131.4850280219,0.8220271137226592,0.8220271137226592,0.17797288627734076,0.0,0.0,0.0,0.0,0.0
2009-10-07,124954.28874521347,-0.017377159444074808,1.0,1.0,1.0,0.0066284852469598,0.0066284852469598,124954.28874521334,0.8231990363021785,0.8231990363021785,0.1768009636978215,0.0,0.0,0.0,0.0,0.0
2009-10-08,126734.49222590568,-0.0033778912434279107,1.0,1.0,1.0,0.014246837772188,0.014246837772188,126734.49222590553,0.8256825093128531,0.8256825093128531,0.17431749068714686,0.0,0.0,0.0,0.0,0.0
2009-10-09,126954.6335030455,-0.0016467313989841914,1.0,1.0,1.0,0.0017370273338641,0.0017370273338642,126954.63350304532,0.8259847785090914,0.8259847785090914,0.17401522149090864,0.0,0.0,0.0,0.0,0.0
2009-10-12,126523.68527728252,-0.005035647249605368,1.0,1.0,1.0,-0.0033945056897244,-0.003394505689724398,126523.68527728235,1.0,1.0,0.0,0.1738413801107979,0.0,22.069968699629943,0.0,22.069968699629943
2009-10-13,126949.56684736884,-0.001686574862086676,1.0,1.0,1.0,0.0033660224894094,0.00336602248940938,126949.56684736864,0.7738997325091063,0.7738997325091063,0.22610026749089374,0.2270884144906202,0.0,28.732063085128278,0.0,28.732063085128278
2009-10-14,129769.35236208036,0.0,1.0,1.0,1.0,0.0222118561310393,0.0222118561310395,129769.35236208019,0.7788127127123543,0.7788127127123543,0.2211872872876457,0.0,0.0,0.0,0.0,0.0
2009-10-15,129362.48013374514,-0.003135349147770916,1.0,1.0,1.0,-0.0031353491477709,-0.0031353491477709,129362.48013374495,0.7781170321381639,0.7781170321381639,0.22188296786183614,0.0,0.0,0.0,0.0,0.0
2009-10-16,127385.53547234224,-0.01836964465297508,1.0,1.0,1.0,-0.0152822105710942,-0.015282210571094117,127385.53547234206,0.5845160748739816,0.5845160748739816,0.4154839251260184,0.1874388833148164,0.0,24.247558819104285,0.0,24.247558819104285
2009-10-19,129354.53933951196,-0.003196540747240517,1.0,1.0,1.0,0.015457044317227,0.01545704431722704,129354.53933951176,0.9913606238736744,0.9913606238736744,0.008639376126325593,0.4063047050749599,0.0,51.757342420905786,0.0,51.757342420905786
2009-10-20,128522.60997869264,-0.009607371545702792,1.0,1.0,1.0,-0.0064313889954474,-0.0064313889954474,128522.60997869245,0.991304701023525,0.991304701023525,0.00869529897647503,0.0,0.0,0.0,0.0,0.0
2009-10-21,127920.1648403736,-0.014249801575237808,1.0,1.0,1.0,-0.0046874642400969,-0.0046874642400968,127920.16484037343,0.99126375016483,0.99126375016483,0.008736249835169962,0.0,0.0,0.0,0.0,0.0
2009-10-22,128705.40398826668,-0.008198764611578424,1.0,1.0,1.0,0.0061385095060888,0.0061385095060888,128705.40398826651,0.9913170505326762,0.9913170505326762,0.008682949467323842,0.0,0.0,0.0,0.0,0.0
2009-10-23,127371.71573968828,-0.018476139232800004,1.0,1.0,1.0,-0.0103623329499046,-0.0103623329499045,127371.71573968812,0.991226132799486,0.991226132799486,0.008773867200513985,0.0,0.0,0.0,0.0,0.0
2009-10-26,126441.11351994085,-0.025647341082916997,1.0,1.0,1.0,-0.0073061920721028,-0.0073061920721028,126441.1135199407,0.9911615574405284,0.9911615574405284,0.008838442559471638,0.0,0.0,0.0,0.0,0.0
2009-10-27,125740.18668463912,-0.03104866907402859,1.0,1.0,1.0,-0.0055435041323893,-0.0055435041323893,125740.186684639,0.9911122883744043,0.9911122883744043,0.008887711625595651,0.0,0.0,0.0,0.0,0.0
2009-10-28,122211.81315880788,-0.05823824397447519,1.0,1.0,1.0,-0.0280608262073012,-0.0280608262073012,122211.81315880774,0.990855691523458,0.990855691523458,0.009144308476542018,0.0,0.0,0.0,0.0,0.0
2009-10-29,125163.1406989174,-0.03549537374826983,1.0,1.0,1.0,0.0241492820033235,0.0241492820033237,125163.1406989173,0.9910713129060104,0.9910713129060104,0.00892868709398964,0.0,0.0,0.0,0.0,0.0
2009-10-30,121683.26455498756,-0.062311228806406715,1.0,1.0,1.0,-0.0278027231060041,-0.0278027231060041,121683.26455498749,0.9908159719161987,0.9908159719161987,0.009184028083801254,0.0,0.0,0.0,0.0,0.0
2009-11-02,123713.09705726852,-0.04666938067097515,1.0,1.0,1.0,0.0166812791364887,0.0166812791364882,123713.09705726836,0.9909666595891272,0.9909666595891272,0.009033340410872781,0.0,0.0,0.0,0.0,0.0
2009-11-03,123464.86970901664,-0.04858221558718312,1.0,1.0,1.0,-0.0020064759039778,-0.0020064759039774,123464.86970901654,0.9909484979684062,0.9909484979684062,0.009051502031593772,0.0,0.0,0.0,0.0,0.0
2009-11-04,124522.95022262917,-0.040428668587424,1.0,1.0,1.0,0.0085698913067839,0.0085698913067838,124522.95022262902,0.9910254092357784,0.9910254092357784,0.00897459076422158,0.0,0.0,0.0,0.0,0.0
2009-11-05,126556.58282471466,-0.02475753695989391,1.0,1.0,1.0,0.0163313878963649,0.0163313878963649,126556.58282471451,0.9911696215711712,0.9911696215711712,0.008830378428828833,0.0,0.0,0.0,0.0,0.0
2009-11-06,126169.06763271683,-0.027743721177848513,1.0,1.0,1.0,-0.0030619915878618,-0.0030619915878617,126169.06763271672,0.9911424999806224,0.9911424999806224,0.008857500019377573,0.0,0.0,0.0,0.0,0.0
2009-11-09,129412.39268141444,-0.0027507240667268285,1.0,1.0,1.0,0.0257061822644124,0.0257061822644123,129412.39268141429,0.9913644860755122,0.9913644860755122,0.008635513924487803,0.0,0.0,0.0,0.0,0.0
2009-11-10,128496.96911288988,-0.009804959538060154,1.0,1.0,1.0,-0.0070736932495958,-0.007073693249595796,128496.96911288972,0.7961887519061668,0.7961887519061668,0.20381124809383322,0.1939279638833957,0.0,25.096681813985143,0.0,25.096681813985143
2009-11-11,128771.79471068073,-0.007687159049821424,1.0,1.0,1.0,0.0021387710518634,0.0021387710518634,128771.79471068057,0.7966237271910864,0.7966237271910864,0.20337627280891357,0.0,0.0,0.0,0.0,0.0
2009-11-12,126849.48522386304,-0.022500437006654384,1.0,1.0,1.0,-0.0149280321139938,-0.0149280321139939,126849.4852238629,0.7935417112260689,0.7935417112260689,0.20645828877393113,0.0,0.0,0.0,0.0,0.0
2009-11-13,128367.0562508325,-0.010806065420864597,1.0,1.0,1.0,0.0119635568429092,0.0119635568429091,128367.05625083233,0.7959824863475984,0.7959824863475984,0.20401751365240162,0.0,0.0,0.0,0.0,0.0
2009-11-16,130310.71817313704,0.0,1.0,1.0,1.0,0.0151414387699799,0.015141438769979997,130310.71817313689,0.9992655770042568,0.9992655770042568,0.0007344229957432225,0.2030689015343028,0.0,26.06735710604859,0.0,26.06735710604859
2009-11-17,129464.30725560315,-0.006495328468755002,1.0,1.0,1.0,-0.0064953284687551,-0.006495328468754976,129464.30725560301,0.8075708065846885,0.8075708065846885,0.1924291934153115,0.1906355151164748,0.0,24.84185088413374,0.0,24.84185088413374
2009-11-18,128264.20639597294,-0.015704861471525278,1.0,1.0,1.0,-0.0092697430285618,-0.009269743028561874,128264.20639597278,0.6071509410727643,0.6071509410727643,0.39284905892723565,0.1969752309175739,0.0,25.501261817256143,0.0,25.501261817256143
2009-11-19,126695.26359321066,-0.02774487494668476,1.0,1.0,1.0,-0.0122321171809903,-0.0122321171809903,126695.26359321053,0.6022860575238828,0.6022860575238828,0.39771394247611724,0.0,0.0,0.0,0.0,0.0
2009-11-20,126517.4599615842,-0.029109333942223592,1.0,1.0,1.0,-0.0014033960432598,-0.0014033960432598,126517.45996158406,0.6017271229440848,0.6017271229440848,0.3982728770559152,0.0,0.0,0.0,0.0,0.0
2009-11-23,128128.25480384962,-0.01674814934553348,1.0,1.0,1.0,0.0127317987790342,0.012731798779034438,128128.2548038495,1.0,1.0,0.0,0.3978750020538614,0.0,50.338134642064574,0.0,50.338134642064574
2009-11-24,126660.3115020277,-0.028013096100500512,1.0,1.0,1.0,-0.0114568274114805,-0.0114568274114807,126660.31150202759,1.0,1.0,0.0,0.0,0.0,0.0,0.0,0.0
2009-11-25,127960.81593362118,-0.01803306951615191,1.0,1.0,1.0,0.0102676554018474,0.0102676554018475,127960.81593362108,1.0,1.0,0.0,0.0,0.0,0.0,0.0,0.0
2009-11-27,124170.13672992493,-0.047122612240179995,1.0,1.0,1.0,-0.0296237498646667,-0.0296237498646666,124170.13672992482,1.0,1.0,0.0,0.0,0.0,0.0,0.0,0.0
2009-11-30,126112.45401689084,-0.032217335727274365,1.0,1.0,1.0,0.0156423866327095,0.0156423866327093,126112.45401689071,1.0,1.0,0.0,0.0,0.0,0.0,0.0,0.0
2009-12-01,129974.53233296142,-0.0025798786537953866,1.0,1.0,1.0,0.030624083451372,0.0306240834513721,129974.53233296127,1.0,1.0,0.0,0.0,0.0,0.0,0.0,0.0
2009-12-02,129962.49930197396,-0.002672219722558933,1.0,1.0,1.0,-9.257991370681395e-05,-9.257991370683544e-05,129962.49930197382,1.0,1.0,0.0,0.0,0.0,0.0,0.0,0.0
2009-12-03,130111.17245367242,-0.001531307034924656,1.0,1.0,1.0,0.0011439696258304,0.0011439696258306,130111.17245367229,1.0,1.0,0.0,0.0,0.0,0.0,0.0,0.0
2009-12-04,131104.02026629553,0.0,1.0,1.0,1.0,0.0076307652440579,0.0076307652440578,131104.02026629538,1.0,1.0,0.0,0.0,0.0,0.0,0.0,0.0
2009-12-07,129645.97941741096,-0.011121252009839488,1.0,1.0,1.0,-0.0111212520098393,-0.0111212520098394,129645.97941741081,1.0,1.0,0.0,0.0,0.0,0.0,0.0,0.0
2009-12-08,128189.28102970912,-0.022232264355174225,1.0,1.0,1.0,-0.0112359704037703,-0.0112359704037703,128189.28102970897,1.0,1.0,0.0,0.0,0.0,0.0,0.0,0.0
2009-12-09,128402.65044056918,-0.020604782524894283,1.0,1.0,1.0,0.0016644871485831,0.001664487148583,128402.650440569,1.0,1.0,0.0,0.0,0.0,0.0,0.0,0.0
2009-12-10,128046.20128756344,-0.02332360954699264,1.0,1.0,1.0,-0.0027760264432447,-0.0027760264432445,128046.2012875633,1.0,1.0,0.0,0.0,0.0,0.0,0.0,0.0
2009-12-11,128509.8924755962,-0.019786790560885836,1.0,1.0,1.0,0.0036212803142154,0.0036212803142153,128509.89247559599,1.0,1.0,0.0,0.0,0.0,0.0,0.0,0.0
2009-12-14,128934.3026720892,-0.016549588561809547,1.0,1.0,1.0,0.0033025488413165,0.0033025488413167,128934.302672089,1.0,1.0,0.0,0.0,0.0,0.0,0.0,0.0
2009-12-15,127691.1291591296,-0.026031933271258523,1.0,1.0,1.0,-0.0096419144261499,-0.0096419144261498,127691.12915912943,1.0,1.0,0.0,0.0,0.0,0.0,0.0,0.0
2009-12-16,128215.2195334732,-0.022034417609426926,1.0,1.0,1.0,0.0041043600898107,0.0041043600898107,128215.21953347303,1.0,1.0,0.0,0.0,0.0,0.0,0.0,0.0
2009-12-17,125389.24110967932,-0.043589656099091934,1.0,1.0,1.0,-0.0220408968145635,-0.0220408968145634,125389.24110967915,1.0,1.0,0.0,0.0,0.0,0.0,0.0,0.0
2009-12-18,125029.04533154644,-0.04633706062109866,1.0,1.0,1.0,-0.0028726210873051,-0.0028726210873052,125029.04533154628,1.0,1.0,0.0,0.0,0.0,0.0,0.0,0.0
2009-12-21,124964.78766325378,-0.046827187988376484,1.0,1.0,1.0,-0.0005139419254324,-0.0005139419254324,124964.7876632536,1.0,1.0,0.0,0.0,0.0,0.0,0.0,0.0
2009-12-22,125536.18695331764,-0.04246882209766434,1.0,1.0,1.0,0.0045724823828263,0.0045724823828264,125536.18695331748,1.0,1.0,0.0,0.0,0.0,0.0,0.0,0.0
2009-12-23,126453.23473411036,-0.03547401157293728,1.0,1.0,1.0,0.0073050472779909,0.0073050472779908,126453.23473411014,1.0,1.0,0.0,0.0,0.0,0.0,0.0,0.0
2009-12-24,127810.0358223194,-0.025124968992449315,1.0,1.0,1.0,0.0107296669085765,0.0107296669085766,127810.03582231917,1.0,1.0,0.0,0.0,0.0,0.0,0.0,0.0
2009-12-28,127429.0880003601,-0.028030660375410132,1.0,1.0,1.0,-0.0029805783208518,-0.0029805783208517,127429.08800035989,1.0,1.0,0.0,0.0,0.0,0.0,0.0,0.0
2009-12-29,127393.2296977772,-0.028304170695765407,1.0,1.0,1.0,-0.0002813980947803,-0.0002813980947804,127393.22969777697,1.0,1.0,0.0,0.0,0.0,0.0,0.0,0.0
2009-12-30,126862.77206809746,-0.03235025279608772,1.0,1.0,1.0,-0.0041639389388131,-0.0041639389388131,126862.77206809724,1.0,1.0,0.0,0.0,0.0,0.0,0.0,0.0
2009-12-31,126760.45183419951,-0.033130703568612585,1.0,1.0,1.0,-0.0008065426305127,-0.0008065426305125863,126760.45183419931,0.5960804135379352,0.5960804135379352,0.40391958646206483,0.4039978059021863,0.0,51.25228156618045,0.0,51.25228156618045
2010-01-04,128780.08807850654,-0.0177258651799439,1.0,1.0,1.0,0.0159326999476829,0.0159326999476828,128780.08807850629,0.602415015794978,0.602415015794978,0.397584984205022,0.0,0.0,0.0,0.0,0.0
2010-01-05,129275.6267351688,-0.013946128634445665,1.0,1.0,1.0,0.0038479446943706,0.0038479446943707,129275.62673516857,0.603939036478209,0.603939036478209,0.396060963521791,0.0,0.0,0.0,0.0,0.0
2010-01-06,129541.37537520418,-0.01191912260140715,1.0,1.0,1.0,0.0020556747373561,0.002055674737356,129541.37537520392,0.6047515387549693,0.6047515387549693,0.39524846124503066,0.0,0.0,0.0,0.0,0.0
2010-01-07,128865.98573088236,-0.017070678159733954,1.0,1.0,1.0,-0.0052136982671799,-0.0052136982671799935,128865.98573088211,1.0,1.0,0.0,0.3948536076373933,0.0,51.14987940520905,0.0,51.14987940520905
2010-01-08,129885.31941731644,-0.009295678702328836,1.0,1.0,1.0,0.0079100290169882,0.0079100290169883,129885.31941731618,0.815964763368138,0.815964763368138,0.18403523663186205,0.1856766373310995,0.0,23.92740289686765,0.0,23.92740289686765
2010-01-11,130169.32009944013,-0.0071294546494978794,1.0,1.0,1.0,0.0021865495145851,0.0021865495145851,130169.32009943985,0.8163662875729069,0.8163662875729069,0.18363371242709314,0.0,0.0,0.0,0.0,0.0
2010-01-12,129351.39918851743,-0.013368171885333568,1.0,1.0,1.0,-0.0062835152730138,-0.0062835152730139,129351.39918851719,0.8152051261607633,0.8152051261607633,0.18479487383923665,0.0,0.0,0.0,0.0,0.0
2010-01-13,129108.01004206655,-0.015224630184297316,1.0,1.0,1.0,-0.0018816120117584,-0.0018816120117583,129108.01004206634,0.8148567584134982,0.8148567584134982,0.18514324158650175,0.0,0.0,0.0,0.0,0.0
2010-01-14,129618.51422464798,-0.011330743623500061,1.0,1.0,1.0,0.0039540860587585,0.0039540860587585,129618.51422464773,0.8155859474477344,0.8155859474477344,0.18441405255226562,0.0,0.0,0.0,0.0,0.0
2010-01-15,128699.76617197428,-0.018338523024982623,1.0,1.0,1.0,-0.0070880927633638,-0.0070880927633638,128699.76617197406,0.8142694722379685,0.8142694722379685,0.18573052776203147,0.0,0.0,0.0,0.0,0.0
2010-01-19,129751.75761421148,-0.010314425517519266,1.0,1.0,1.0,0.0081739965310543,0.0081739965310542,129751.75761421125,0.8157753240997121,0.8157753240997121,0.1842246759002879,0.0,0.0,0.0,0.0,0.0
2010-01-20,126904.41290878408,-0.0320326359861528,1.0,1.0,1.0,-0.0219445559565625,-0.0219445559565625,126904.41290878385,0.8116418889928432,0.8116418889928432,0.18835811100715683,0.0,0.0,0.0,0.0,0.0
2010-01-21,125870.16250493808,-0.03992141317044706,1.0,1.0,1.0,-0.0081498379775761,-0.0081498379775762,125870.16250493783,0.810094187389064,0.810094187389064,0.18990581261093598,0.0,0.0,0.0,0.0,0.0
2010-01-22,124398.41199389496,-0.05114723605561666,1.0,1.0,1.0,-0.011692608333491,-0.0116926083334909,124398.41199389474,0.8078474225607967,0.8078474225607967,0.19215257743920333,0.0,0.0,0.0,0.0,0.0
2010-01-25,125487.37800337144,-0.04284111388434686,1.0,1.0,1.0,0.0087538578027019,0.0087538578027018,125487.3780033712,0.8095149020220296,0.8095149020220296,0.19048509797797042,0.0,0.0,0.0,0.0,0.0
2010-01-26,124030.5184716355,-0.05395335536082335,1.0,1.0,1.0,-0.0116096101051438,-0.0116096101051438,124030.51847163527,0.8072774685736939,0.8072774685736939,0.19272253142630613,0.0,0.0,0.0,0.0,0.0
2010-01-27,123315.72260994252,-0.05940548307011173,1.0,1.0,1.0,-0.0057630643691652,-0.0057630643691653,123315.72260994228,0.8061603582409405,0.8061603582409405,0.19383964175905954,0.0,0.0,0.0,0.0,0.0
2010-01-28,122931.56704885408,-0.062335641583238566,1.0,1.0,1.0,-0.0031152196407554,-0.0031152196407553,122931.56704885385,0.8055546181684045,0.8055546181684045,0.19444538183159554,0.0,0.0,0.0,0.0,0.0
2010-01-29,121741.60514242967,-0.07141211310567841,1.0,1.0,1.0,-0.0096798725908334,-0.009679872590833485,121741.60514242944,0.6214675521138969,0.6214675521138969,0.3785324478861031,0.1806035237111849,0.0,22.201874184360793,0.0,22.201874184360793
2010-02-01,122986.64207932042,-0.061915555072127315,1.0,1.0,1.0,0.0102268812328711,0.0102268812328712,122986.64207932017,0.6252995689204531,0.6252995689204531,0.37470043107954687,0.0,0.0,0.0,0.0,0.0
2010-02-02,124176.77177232716,-0.05283780375230207,1.0,1.0,1.0,0.009676902083717,0.009676902083717,124176.77177232692,0.6288907567299398,0.6288907567299398,0.37110924327006023,0.0,0.0,0.0,0.0,0.0
2010-02-03,123637.01057238608,-0.056954849124707496,1.0,1.0,1.0,-0.0043467163160813,-0.0043467163160813,123637.01057238583,0.6272706077993783,0.6272706077993783,0.37272939220062173,0.0,0.0,0.0,0.0,0.0
2010-02-04,121541.7804542038,-0.0729362821419901,1.0,1.0,1.0,-0.0169466255167628,-0.0169466255167627,121541.78045420356,0.6208452136217377,0.6208452136217377,0.3791547863782623,0.0,0.0,0.0,0.0,0.0
2010-02-05,121169.34494888585,-0.07577704556451126,1.0,1.0,1.0,-0.0030642590879133,-0.0030642590879134,121169.34494888558,0.6196798140355794,0.6196798140355794,0.38032018596442063,0.0,0.0,0.0,0.0,0.0
2010-02-08,120556.42117381391,-0.0804521407585943,1.0,1.0,1.0,-0.0050584062770206,-0.0050584062770207,120556.42117381365,0.6177462191109151,0.6177462191109151,0.3822537808890849,0.0,0.0,0.0,0.0,0.0
2010-02-09,121638.45225329584,-0.07219891498196196,1.0,1.0,1.0,0.0089753085646255,0.0089753085646256,121638.45225329559,0.6211465457634623,0.6211465457634623,0.3788534542365377,0.0,0.0,0.0,0.0,0.0
2010-02-10,121738.3596078622,-0.07143686852172804,1.0,1.0,1.0,0.0008213468086415,0.0008213468086415,121738.35960786193,0.6214574604702401,0.6214574604702401,0.3785425395297599,0.0,0.0,0.0,0.0,0.0
2010-02-11,122625.3473301616,-0.06467134202988001,1.0,1.0,1.0,0.0072860167095771,0.0072860167095772,122625.34733016133,0.6241955777701399,0.6241955777701399,0.3758044222298601,0.0,0.0,0.0,0.0,0.0
2010-02-12,121802.89827332196,-0.07094459783980189,1.0,1.0,1.0,-0.0067070069504084,-0.006707006950408324,121802.8982733217,1.0,1.0,0.0,0.3754289932366235,0.0,46.03711069345375,0.0,46.03711069345375
2010-02-16,123692.9959815207,-0.056527818671934904,1.0,1.0,1.0,0.0155176743328178,0.0155176743328177,123692.99598152042,1.0,1.0,0.0,0.0,0.0,0.0,0.0,0.0
2010-02-17,123399.91668333791,-0.058763290151661374,1.0,1.0,1.0,-0.00236940900216,-0.0023694090021601,123399.91668333765,1.0,1.0,0.0,0.0,0.0,0.0,0.0,0.0
2010-02-18,123651.1019461293,-0.05684736673237045,1.0,1.0,1.0,0.0020355383499646,0.0020355383499647,123651.10194612903,1.0,1.0,0.0,0.0,0.0,0.0,0.0,0.0
2010-02-19,122647.0691844632,-0.06450565790930562,1.0,1.0,1.0,-0.0081198852728666,-0.0081198852728667,122647.0691844629,1.0,1.0,0.0,0.0,0.0,0.0,0.0,0.0
2010-02-22,123170.37409363176,-0.060514133407573056,1.0,1.0,1.0,0.0042667542946459,0.004266754294646,123170.37409363146,1.0,1.0,0.0,0.0,0.0,0.0,0.0,0.0
2010-02-23,122407.8350742902,-0.06633042353958207,1.0,1.0,1.0,-0.0061909288248314,-0.00619092882483132,122407.83507428993,0.5665288316027615,0.5665288316027615,0.43347116839723854,0.4312187980441189,0.0,53.11338067130023,0.0,53.11338067130023
2010-02-24,122934.41458338132,-0.06231392192489815,1.0,1.0,1.0,0.0043018448024305,0.0043018448024303,122934.41458338102,0.5683855698955603,0.5683855698955603,0.4316144301044397,0.0,0.0,0.0,0.0,0.0
2010-02-25,123102.8484990894,-0.06102918698415438,1.0,1.0,1.0,0.0013701119924709,0.0013701119924709,123102.8484990891,0.568976120881382,0.568976120881382,0.43102387911861795,0.0,0.0,0.0,0.0,0.0
2010-02-26,124048.10666014424,-0.05381920090489578,1.0,1.0,1.0,0.0076786051060533,0.0076786051060534,124048.10666014392,0.5722605631055799,0.5722605631055799,0.42773943689442007,0.0,0.0,0.0,0.0,0.0
2010-03-01,124640.30578463788,-0.04930218362891314,1.0,1.0,1.0,0.0047739473051056,0.004773947305105574,124640.30578463756,0.974813018568192,0.974813018568192,0.025186981431807975,0.4020301839565253,0.0,49.87108314003633,0.0,49.87108314003633
2010-03-02,125934.23720641546,-0.03943268138825429,1.0,1.0,1.0,0.0103813241922987,0.0103813241922987,125934.23720641514,0.9750718062292544,0.9750718062292544,0.02492819377074562,0.0,0.0,0.0,0.0,0.0
2010-03-03,126660.66364067646,-0.033891841124275346,1.0,1.0,1.0,0.0057682997918218,0.0057682997918218,126660.66364067614,0.9752147748383944,0.9752147748383944,0.02478522516160564,0.0,0.0,0.0,0.0,0.0
2010-03-04,126707.07946444268,-0.0335378029821044,1.0,1.0,1.0,0.000366458081239,0.0003664580812389,126707.07946444233,0.9752238542572238,0.9752238542572238,0.0247761457427762,0.0,0.0,0.0,0.0,0.0
2010-03-05,128024.08634432884,-0.023492291965652834,1.0,1.0,1.0,0.0103941065128547,0.0103941065128548,128024.08634432849,0.9754787309396672,0.9754787309396672,0.024521269060332807,0.0,0.0,0.0,0.0,0.0
2010-03-08,127801.19926349858,-0.025192370120217022,1.0,1.0,1.0,-0.0017409777112629,-0.0017409777112628,127801.19926349822,0.9754359655031096,0.9754359655031096,0.024564034496890375,0.0,0.0,0.0,0.0,0.0
2010-03-09,127579.4149809965,-0.026884036646167897,1.0,1.0,1.0,-0.0017353849868404,-0.0017353849868405,127579.41498099614,0.9753932633417376,0.9753932633417376,0.024606736658262407,0.0,0.0,0.0,0.0,0.0
2010-03-10,127182.59663079472,-0.02991078097785027,1.0,1.0,1.0,-0.0031103634568389,-0.0031103634568388,127182.59663079439,0.9753164886500484,0.9753164886500484,0.024683511349951615,0.0,0.0,0.0,0.0,0.0
2010-03-11,127704.25833082446,-0.025931790105029107,1.0,1.0,1.0,0.004101675180796,0.0041016751807961,127704.2583308241,0.975417318823308,0.975417318823308,0.024582681176692045,0.0,0.0,0.0,0.0,0.0
2010-03-12,127897.3441051902,-0.02445902234418129,1.0,1.0,1.0,0.0015119760052599,0.0015119760052599,127897.34410518983,0.9754544311344684,0.9754544311344684,0.02454556886553161,0.0,0.0,0.0,0.0,0.0
2010-03-15,127532.83760279544,-0.027239307049824912,1.0,1.0,1.0,-0.0028499927417959,-0.0028499927417957,127532.8376027951,0.9753842765011624,0.9753842765011624,0.02461572349883756,0.0,0.0,0.0,0.0,0.0
2010-03-16,129089.64317169676,-0.015364724060385027,1.0,1.0,1.0,0.0122070958206861,0.012207095820686,129089.6431716964,0.9756811391656176,0.9756811391656176,0.024318860834382394,0.0,0.0,0.0,0.0,0.0
2010-03-17,129915.78370934508,-0.009063311365562488,1.0,1.0,1.0,0.0063997429797639,0.0063997429797641,129915.78370934473,0.9758357839377236,0.9758357839377236,0.024164216062276367,0.0,0.0,0.0,0.0,0.0
2010-03-18,129351.67313777017,-0.013366082328871598,1.0,1.0,1.0,-0.0043421249941192,-0.0043421249941192,129351.6731377698,0.9757304023110012,0.9757304023110012,0.024269597688998834,0.0,0.0,0.0,0.0,0.0
2010-03-19,127912.36760242008,-0.024344430150903262,1.0,1.0,1.0,-0.0111270731984818,-0.0111270731984818,127912.36760241975,0.975457314047925,0.975457314047925,0.024542685952074983,0.0,0.0,0.0,0.0,0.0
2010-03-22,128639.94509956776,-0.018794810118887173,1.0,1.0,1.0,0.0056880934250951,0.005688093425095,128639.9450995674,0.975596125565642,0.975596125565642,0.024403874434357986,0.0,0.0,0.0,0.0,0.0
2010-03-23,129492.28602591297,-0.012293553142831537,1.0,1.0,1.0,0.0066257873919761,0.0066257873919761,129492.28602591263,0.9757567561451164,0.9757567561451164,0.024243243854883634,0.0,0.0,0.0,0.0,0.0
2010-03-24,127966.21473158404,-0.02393370949523932,1.0,1.0,1.0,-0.0117850363227316,-0.0117850363227316,127966.21473158369,0.9754676414080276,0.9754676414080276,0.024532358591972447,0.0,0.0,0.0,0.0,0.0
2010-03-25,126379.1633460775,-0.036038993393345264,1.0,1.0,1.0,-0.0124021124547244,-0.0124021124547244,126379.16334607717,0.9751595675716268,0.9751595675716268,0.024840432428373194,0.0,0.0,0.0,0.0,0.0
2010-03-26,127769.9080058736,-0.025431045162839006,1.0,1.0,1.0,0.0110045408038321,0.0110045408038323,127769.90800587327,0.9754299496927848,0.9754299496927848,0.024570050307215152,0.0,0.0,0.0,0.0,0.0
2010-03-29,129402.48159300844,-0.012978539253265864,1.0,1.0,1.0,0.012777449812829,0.0127774498128289,129402.48159300807,0.9757399315004932,0.9757399315004932,0.024260068499506793,0.0,0.0,0.0,0.0,0.0
2010-03-30,129780.35327797076,-0.0100963112011071,1.0,1.0,1.0,0.0029201270355139,0.0029201270355138,129780.35327797037,0.9758105677156804,0.9758105677156804,0.02418943228431958,0.0,0.0,0.0,0.0,0.0
2010-03-31,129871.4298122658,-0.00940162209767581,1.0,1.0,1.0,0.0007017744365356,0.0007017744365357,129871.4298122654,0.9758275313362564,0.9758275313362564,0.024172468663743563,0.0,0.0,0.0,0.0,0.0
2010-04-01,132068.04746322456,0.0,1.0,1.0,1.0,0.0169137866129143,0.0169137866129144,132068.04746322412,0.9762295791620096,0.9762295791620096,0.023770420837990414,0.0,0.0,0.0,0.0,0.0
2010-04-05,133007.88470323055,0.0,1.0,1.0,1.0,0.0071163105539793,0.0071163105539791,133007.88470323008,0.9763975415859214,0.9763975415859214,0.023602458414078598,0.0,0.0,0.0,0.0,0.0
2010-04-06,132940.9994437503,-0.0005028668761215549,1.0,1.0,1.0,-0.0005028668761215,-0.0005028668761214,132940.99944374984,0.9763856667199132,0.9763856667199132,0.023614333280086774,0.0,0.0,0.0,0.0,0.0
2010-04-07,132933.80562404968,-0.0005569525396644792,1.0,1.0,1.0,-5.4112875115475134e-05,-5.411287511548039e-05,132933.80562404922,0.7839905321238981,0.7839905321238981,0.21600946787610187,0.1925760217243804,0.0,25.60124879694041,0.0,25.60124879694041
2010-04-08,132988.54412200645,-0.00014540928357176242,1.0,1.0,1.0,0.0004117725938845,0.0004117725938845,132988.544122006,0.7840794422920186,0.7840794422920186,0.21592055770798135,0.0,0.0,0.0,0.0,0.0
2010-04-09,133596.8687762064,0.0,1.0,1.0,1.0,0.0045742635819958,0.0045742635819958,133596.86877620593,0.7850626225102796,0.7850626225102796,0.21493737748972042,0.0,0.0,0.0,0.0,0.0
2010-04-12,133202.8163712767,-0.0029495631786832233,1.0,1.0,1.0,-0.0029495631786832,-0.0029495631786832,133202.81637127625,0.7844267756654724,0.7844267756654724,0.21557322433452764,0.0,0.0,0.0,0.0,0.0
2010-04-13,133107.15112315878,-0.00366563720791957,1.0,1.0,1.0,-0.0007181923830446,-0.0007181923830445495,133107.15112315828,0.98451188935472,0.98451188935472,0.015488110645279995,0.1998963407915493,0.0,26.626755575746813,0.0,26.626755575746813
2010-04-14,133928.59077984202,0.0,1.0,1.0,1.0,0.0061712661547628,0.0061712661547628,133928.59077984153,0.9846068843682348,0.9846068843682348,0.015393115631765153,0.0,0.0,0.0,0.0,0.0
2010-04-15,133952.77976411363,0.0,1.0,1.0,1.0,0.0001806110564648,0.0001806110564648,133952.77976411313,0.984609664033073,0.984609664033073,0.01539033596692696,0.0,0.0,0.0,0.0,0.0
2010-04-16,131656.07773378797,-0.017145609328675926,1.0,1.0,1.0,-0.0171456093286759,-0.0171456093286757,131656.0777337875,0.9843411840929818,0.9843411840929818,0.01565881590701823,0.0,0.0,0.0,0.0,0.0
2010-04-19,131578.23032152897,-0.01772676495975789,1.0,1.0,1.0,-0.0005912937222419,-0.0005912937222422,131578.23032152848,0.9843319196554344,0.9843319196554344,0.01566808034456557,0.0,0.0,0.0,0.0,0.0
2010-04-20,132071.9238839973,-0.014041185882282092,1.0,1.0,1.0,0.0037520915219937,0.0037520915219937,132071.92388399685,0.9843904879731727,0.9843904879731727,0.015609512026827255,0.0,0.0,0.0,0.0,0.0
2010-04-21,132478.0301410349,-0.011009473828581418,1.0,1.0,1.0,0.003074887115253,0.0030748871152529006,132478.0301410344,0.7819500829803704,0.7819500829803704,0.2180499170196296,0.2033141980711991,0.0,26.85209729219527,0.0,26.85209729219527
2010-04-22,132731.5852508542,-0.009116604488610958,1.0,1.0,1.0,0.0019139408213526,0.0019139408213526,132731.5852508537,0.7823666203896956,0.7823666203896956,0.21763337961030438,0.0,0.0,0.0,0.0,0.0
2010-04-23,133566.2588964633,-0.0028855009080885896,1.0,1.0,1.0,0.0062884327346171,0.0062884327346169,133566.25889646276,0.7837266408609312,0.7837266408609312,0.21627335913906875,0.0,0.0,0.0,0.0,0.0
2010-04-26,133854.81496696363,-0.0007313382919152955,1.0,1.0,1.0,0.0021603964420686,0.0021603964420688,133854.81496696314,0.7841928698171514,0.7841928698171514,0.21580713018284858,0.0,0.0,0.0,0.0,0.0
2010-04-27,132072.52213558488,-0.01403671974437426,1.0,1.0,1.0,-0.0133151193090711,-0.013315119309070972,132072.5221355844,0.9815206428518692,0.9815206428518692,0.01847935714813076,0.1973764514284715,0.0,26.41978838479384,0.0,26.41978838479384
2010-04-28,132665.1155012663,-0.009612822258073805,1.0,1.0,1.0,0.0044868785429346,0.004486878542934435,132665.1155012658,0.7798528379391696,0.7798528379391696,0.2201471620608304,0.2028584369273654,0.0,26.792025401479528,0.0,26.792025401479528
2010-04-29,134231.25531657442,0.0,1.0,1.0,1.0,0.0118052120136522,0.0118052120136522,134231.25531657392,0.782421399448316,0.782421399448316,0.217578600551684,0.0,0.0,0.0,0.0,0.0
2010-04-30,133520.3865471455,-0.005295851310876842,1.0,1.0,1.0,-0.0052958513108768,-0.005295851310876958,133520.38654714497,0.5859488952673105,0.5859488952673105,0.41405110473268947,0.1944742253205573,0.0,26.104519391496655,0.0,26.104519391496655
2010-05-03,134260.25069450182,0.0,1.0,1.0,1.0,0.0055412073503477,0.005541207350348,134260.2506945013,0.5882305949213806,0.5882305949213806,0.41176940507861937,0.0,0.0,0.0,0.0,0.0
2010-05-04,132535.63478728937,-0.012845320176979813,1.0,1.0,1.0,-0.0128453201769798,-0.012845320176979735,132535.6347872889,0.983392610130932,0.983392610130932,0.016607389869067957,0.3949803620876357,0.0,53.030162433290876,0.0,53.030162433290876
2010-05-05,131409.5534101138,-0.021232622981425586,1.0,1.0,1.0,-0.0084964423264948,-0.0084964423264948,131409.55341011332,0.9832502972475096,0.9832502972475096,0.016749702752490436,0.0,0.0,0.0,0.0,0.0
2010-05-06,129366.07106751965,-0.03645293079422651,1.0,1.0,1.0,-0.0155504854066179,-0.0155504854066179,129366.07106751918,0.9829857168862448,0.9829857168862448,0.01701428311375519,0.0,0.0,0.0,0.0,0.0
2010-05-07,129285.11900327393,-0.03705587964786694,1.0,1.0,1.0,-0.0006257596259801,-0.000625759625979922,129285.11900327349,0.760564081166397,0.760564081166397,0.23943591883360305,0.2224943006895219,0.0,28.783213515118682,0.0,28.783213515118682
2010-05-10,132782.07569692255,-0.0110097738528937,1.0,1.0,1.0,0.0270484083598212,0.0270484083598211,132782.07569692208,0.766869879856999,0.766869879856999,0.23313012014300105,0.0,0.0,0.0,0.0,0.0
2010-05-11,132167.16610387407,-0.015589756311347847,1.0,1.0,1.0,-0.0046309683729603,-0.004630968372960218,132167.16610387363,0.9660252867145632,0.9660252867145632,0.033974713285436775,0.1991136290512181,0.0,26.43872096496771,0.0,26.43872096496771
2010-05-12,133660.1767887901,-0.004469482982548234,1.0,1.0,1.0,0.0112963811582569,0.011296381158257126,133660.1767887897,0.7983091560742669,0.7983091560742669,0.2016908439257331,0.1701646719613734,0.0,22.49018246413001,0.0,22.49018246413001
2010-05-13,131901.56243405677,-0.017568031105588022,1.0,1.0,1.0,-0.0131573546959486,-0.0131573546959488,131901.56243405637,0.7956200566670979,0.7956200566670979,0.2043799433329021,0.0,0.0,0.0,0.0,0.0
2010-05-14,129256.7823868425,-0.037266937025496105,1.0,1.0,1.0,-0.020051165417669,-0.0200511654176689,129256.78238684213,0.7914381484825053,0.7914381484825053,0.20856185151749473,0.0,0.0,0.0,0.0,0.0
2010-05-17,129289.87094995828,-0.037020486099443084,1.0,1.0,1.0,0.000255990923685,0.000255990923685,129289.8709499579,0.7914915247596782,0.7914915247596782,0.2085084752403218,0.0,0.0,0.0,0.0,0.0
2010-05-18,126927.85073236226,-0.054613334357790255,1.0,1.0,1.0,-0.0182691822664919,-0.018269182266492028,126927.85073236188,0.9878514059562752,0.9878514059562752,0.012148594043724814,0.1963854406348285,0.0,25.390648276127607,0.0,25.390648276127607
2010-05-19,126704.42233213077,-0.056277478429291206,1.0,1.0,1.0,-0.001760278764214,-0.0017602787642138,126704.4223321304,0.9878299833343784,0.9878299833343784,0.012170016665621564,0.0,0.0,0.0,0.0,0.0
2010-05-20,121000.58080914264,-0.09876094984755002,1.0,1.0,1.0,-0.045016909575868,-0.0450169095758679,121000.58080914231,0.9872563014071628,0.9872563014071628,0.012743698592837194,0.0,0.0,0.0,0.0,0.0
2010-05-21,124263.82970120564,-0.07445555137568016,1.0,1.0,1.0,0.0269688696553465,0.0269688696553464,124263.82970120528,0.9875909592107556,0.9875909592107556,0.01240904078924443,0.0,0.0,0.0,0.0,0.0
2010-05-24,121469.74326980211,-0.09526652422095849,1.0,1.0,1.0,-0.0224851144385452,-0.0224851144385454,121469.74326980178,0.9873055224298534,0.9873055224298534,0.012694477570146634,0.0,0.0,0.0,0.0,0.0
2010-05-25,122770.13690351856,-0.08558090523105066,1.0,1.0,1.0,0.0107054942137161,0.0107054942137161,122770.13690351823,0.9874399836126128,0.9874399836126128,0.01256001638738724,0.0,0.0,0.0,0.0,0.0
2010-05-26,121997.37821664802,-0.09133658260296984,1.0,1.0,1.0,-0.0062943538743288,-0.0062943538743287,121997.37821664772,0.9873604256588888,0.9873604256588888,0.012639574341111182,0.0,0.0,0.0,0.0,0.0
2010-05-27,127099.94546136173,-0.053331534807221415,1.0,1.0,1.0,0.0418252205031188,0.0418252205031187,127099.94546136136,0.9878678552866984,0.9878678552866984,0.012132144713301596,0.0,0.0,0.0,0.0,0.0
2010-05-28,124642.24467748996,-0.07163703305527747,1.0,1.0,1.0,-0.0193367571870349,-0.0193367571870349,124642.24467748964,0.9876286331702396,0.9876286331702396,0.012371366829760366,0.0,0.0,0.0,0.0,0.0
2010-06-01,120844.02093722082,-0.09992704235156347,1.0,1.0,1.0,-0.0304730049598914,-0.0304730049598912,120844.02093722051,0.9872397912662056,0.9872397912662056,0.012760208733794354,0.0,0.0,0.0,0.0,0.0
2010-06-02,124839.91008252834,-0.07016477746201066,1.0,1.0,1.0,0.0330665027058592,0.0330665027058592,124839.91008252802,0.9876482213871302,0.9876482213871302,0.012351778612869846,0.0,0.0,0.0,0.0,0.0
2010-06-03,124298.45276700312,-0.0741976711347423,1.0,1.0,1.0,-0.0043372132771264,-0.0043372132771265,124298.4527670028,0.9875944157222905,0.9875944157222905,0.012405584277709547,0.0,0.0,0.0,0.0,0.0
2010-06-04,119477.9930291985,-0.11010151991254025,0.75,1.0,1.0,-0.038781333399544,-0.03878133339954409,119477.99302919817,0.5913907029883293,0.5913907029883293,0.4086092970116707,0.3807380373937919,0.0,47.32514895759359,0.0,47.32514895759359
2010-06-07,118387.189965572,-0.11822606204607544,0.75,0.75,1.0,-0.0091297404314442,-0.009276646889916881,118369.63787675035,0.5876258338911219,0.4407193754183414,0.5592806245816586,0.0,0.14690645847278047,0.0,17.552088821355056,17.552088821355056
2010-06-08,119783.57392155186,-0.10782548593544983,0.75,0.75,0.75,0.0117950595531994,0.00884629466489955,119416.77057278552,0.5924331096348907,0.44432483222616803,0.555675167773832,0.0,0.0,0.0,0.0,0.0
2010-06-09,119271.68161467472,-0.1116381728940189,0.75,0.75,0.75,-0.004273476655592,-0.003205107491693986,119034.02698678878,0.9912040589061348,0.7434030441796011,0.2565969558203989,0.2988075962938357,0.0,35.68263817202649,0.0,35.68263817202649
2010-06-10,123058.3307305538,-0.08343437395657094,1.0,0.75,0.75,0.0317480986653011,0.023811073998975828,121868.3550117673,0.9914747203263626,0.743606040244772,0.25639395975522805,0.0,0.0,0.0,0.0,0.0
2010-06-11,123814.86995611846,-0.07779950271470126,1.0,1.0,0.75,0.0061478099131797,0.004362975731915849,122400.06368717215,0.991526811876306,0.991526811876306,0.00847318812369402,0.0,0.2478817029690765,0.0,30.208935378356866,30.208935378356866
2010-06-14,123113.16153512764,-0.08302598201412914,1.0,1.0,1.0,-0.0056674002180797,-0.0056674002180799,121706.37353953849,0.9914785172229568,0.9914785172229568,0.008521482777043232,0.0,0.0,0.0,0.0,0.0
2010-06-15,126063.36109443314,-0.061052244112965615,1.0,1.0,1.0,0.0239633157212335,0.0239633157212337,124622.86179395285,0.9916779413420284,0.9916779413420284,0.008322058657971643,0.0,0.0,0.0,0.0,0.0
2010-06-16,125848.79494139765,-0.06265038021002778,1.0,1.0,1.0,-0.0017020500736512,-0.0017020500736512,124410.74744285783,0.9916637526315808,0.9916637526315808,0.008336247368419203,0.0,0.0,0.0,0.0,0.0
2010-06-17,125847.94352737584,-0.06265672172970616,1.0,1.0,1.0,-6.765372860373375e-06,-6.765372860366972e-06,124409.90575776354,0.9916636962333776,0.9916636962333776,0.008336303766622422,0.0,0.0,0.0,0.0,0.0
2010-06-18,126991.48301009744,-0.054139387099342406,1.0,1.0,1.0,0.009086675957266,0.0090866759572661,125540.37825725834,0.9917387634132478,0.9917387634132478,0.008261236586752152,0.0,0.0,0.0,0.0,0.0
2010-06-21,126648.51841120452,-0.056693863179335,1.0,1.0,1.0,-0.0027006897688222,-0.002700689768822,125201.33264212492,0.9917163919577592,0.9917163919577592,0.00828360804224082,0.0,0.0,0.0,0.0,0.0
2010-06-22,124384.04890722226,-0.07356013217755752,1.0,1.0,1.0,-0.0178799525836531,-0.0178799525836532,122962.73875107353,0.9915655850178068,0.9915655850178068,0.008434414982193217,0.0,0.0,0.0,0.0,0.0
2010-06-23,123854.0457593338,-0.07750771267995382,1.0,1.0,1.0,-0.0042610218315355,-0.0042610218315354,122438.79183678982,0.9915294919982872,0.9915294919982872,0.008470508001712784,0.0,0.0,0.0,0.0,0.0
2010-06-24,121757.27526229116,-0.09312492243635206,1.0,1.0,1.0,-0.0169293662083268,-0.0169293662083267,120365.98069167972,0.9913836221828312,0.9913836221828312,0.008616377817168841,0.0,0.0,0.0,0.0,0.0
2010-06-25,123741.7373459303,-0.07834421054750995,1.0,1.0,1.0,0.0162985093035648,0.0162985093035645,122327.76674781574,0.991521804136982,0.991521804136982,0.008478195863018012,0.0,0.0,0.0,0.0,0.0
2010-06-28,122237.57274203462,-0.0895475607283337,1.0,1.0,1.0,-0.0121556771074796,-0.0121556771074796,120840.78991395023,0.9914174777679616,0.9914174777679616,0.00858252223203837,0.0,0.0,0.0,0.0,0.0
2010-06-29,118455.61403474474,-0.11771642446668185,0.75,1.0,1.0,-0.0309394126736398,-0.0309394126736398,117102.04684699391,0.9911434616738282,0.9911434616738282,0.008856538326171837,0.0,0.0,0.0,0.0,0.0
2010-06-30,117628.08074593078,-0.12388007517143829,0.75,0.75,1.0,-0.0069860200004638,-0.007233790289073792,116254.95519768145,0.9910811544403676,0.7433108658302757,0.2566891341697243,0.0,0.2477702886100919,0.0,29.014407944112182,29.014407944112182
2010-07-01,116033.97363104264,-0.13575333703890946,0.75,0.75,0.75,-0.0135520966148492,-0.010164072461136901,115073.331409086,0.9909586248508148,0.7432189686381111,0.2567810313618889,0.0,0.0,0.0,0.0,0.0
2010-07-02,115479.11546298664,-0.1398860432210135,0.75,0.75,0.75,-0.0047818595769227,-0.0035863946826919504,114660.6330252008,0.9909151825293884,0.7431863868970413,0.2568136131029587,0.0,0.0,0.0,0.0,0.0
2010-07-06,115801.75562967396,-0.13748294800095862,0.75,0.75,0.75,0.0027939265502143,0.0020954449126606503,114900.89806535591,0.9909404941233888,0.7432053705925417,0.25679462940745834,0.0,0.0,0.0,0.0,0.0
2010-07-07,119772.15585173995,-0.107910530241213,0.75,0.75,0.75,0.0342861833180065,0.02571463748850495,117855.53300621019,0.991240813207474,0.7434306099056055,0.2565693900943945,0.0,0.0,0.0,0.0,0.0
2010-07-08,121020.8080671574,-0.0986102927624476,1.0,0.75,0.75,0.0104252295246576,0.007818922143493275,118777.03624296565,0.9913311875667964,0.7434983906750973,0.25650160932490274,0.0,0.0,0.0,0.0,0.0
2010-07-09,122796.32209640412,-0.08538587213115612,1.0,1.0,0.75,0.0146711467028171,0.010755495894595643,120054.5421686491,0.9914565300675268,0.9914565300675268,0.008543469932473235,0.0,0.2478641325168817,0.0,29.440567051288895,29.440567051288895
2010-07-12,121964.71782442278,-0.09157984441766398,1.0,1.0,1.0,-0.0067722245893363,-0.0067722245893362,119241.50584611308,0.9913982772693396,0.9913982772693396,0.0086017227306604,0.0,0.0,0.0,0.0,0.0
2010-07-13,124442.40232189395,-0.07312550305710053,1.0,1.0,1.0,0.0203147643160046,0.0203147643160048,121663.86893406238,0.9915695400757756,0.9915695400757756,0.00843045992422442,0.0,0.0,0.0,0.0,0.0
2010-07-14,124257.24638816567,-0.07450458534519766,1.0,1.0,1.0,-0.0014878845978023,-0.0014878845978024,121482.84713736635,0.9915569778331348,0.9915569778331348,0.00844302216686521,0.0,0.0,0.0,0.0,0.0
2010-07-15,124117.44018096571,-0.07554589285413482,1.0,1.0,1.0,-0.0011251352437283,-0.0011251352437283,121346.16250454364,0.9915474675910226,0.9915474675910226,0.008452532408977365,0.0,0.0,0.0,0.0,0.0
2010-07-16,120519.38676444883,-0.10234498936933467,0.75,1.0,1.0,-0.0289891042811619,-0.0289891042811619,117828.44594558062,0.9912951209443228,0.9912951209443228,0.008704879055677184,0.0,0.0,0.0,0.0,0.0
2010-07-19,120408.55733932403,-0.10317047140554048,0.75,0.75,1.0,-0.0009195983160901,-0.0011674200932362121,117690.89065022895,0.9912871085840482,0.7434653314380362,0.25653466856196383,0.0,0.24782177714601206,0.0,29.200454872586608,29.200454872586608
2010-07-20,122755.33491907635,-0.0856911536803544,1.0,0.75,0.75,0.0194901228916717,0.0146175921687537,119411.24809173138,0.9914536774606127,0.7435902580954595,0.25640974190454047,0.0,0.0,0.0,0.0,0.0
2010-07-21,121782.14680875538,-0.09293967366513667,1.0,1.0,0.75,-0.0079278681530422,-0.00619374746025754,118671.64497713702,0.99138538190416,0.99138538190416,0.008614618095839965,0.0,0.24784634547604,0.0,29.595641448268378,29.595641448268378
2010-07-22,124611.55524875678,-0.07186561469857422,1.0,1.0,1.0,0.0232333598490808,0.0232333598490806,121428.78600877318,0.9915809839339969,0.9915809839339969,0.008419016066003149,0.0,0.0,0.0,0.0,0.0
2010-07-23,126043.605102031,-0.06119939110770123,1.0,1.0,1.0,0.0114921112284931,0.0114921112284929,122824.25912392687,0.9916766369479856,0.9916766369479856,0.00832336305201442,0.0,0.0,0.0,0.0,0.0
2010-07-26,126982.8287349316,-0.05420384605216777,1.0,1.0,1.0,0.0074515770327285,0.0074515770327285,123739.49355227663,0.9917382003842512,0.9917382003842512,0.0082617996157488,0.0,0.0,0.0,0.0,0.0
2010-07-27,125860.22739651726,-0.06256522875931558,1.0,1.0,1.0,-0.0088405759235186,-0.0088405759235185,122645.56516479,0.9916645098507272,0.9916645098507272,0.008335490149272817,0.0,0.0,0.0,0.0,0.0
2010-07-28,125238.029785209,-0.06719949398740621,1.0,1.0,1.0,-0.004943560203082,-0.004943560203082,122039.25942975684,0.9916230981320272,0.9916230981320272,0.008376901867972797,0.0,0.0,0.0,0.0,0.0
2010-07-29,125416.43338973651,-0.06587070453852117,1.0,1.0,1.0,0.0014245162179051,0.0014245162179053,122213.1063340357,0.9916350141899763,0.9916350141899763,0.00836498581002365,0.0,0.0,0.0,0.0,0.0
2010-07-30,126081.60882452788,-0.06091633098901161,1.0,1.0,1.0,0.0053037342620347,0.005303734262034605,122861.2921733692,0.5923620582763344,0.5923620582763344,0.40763794172366563,0.4018367960276947,0.0,49.109723081860885,0.0,49.109723081860885
2010-08-02,128164.3757894839,-0.04540342263242603,1.0,1.0,1.0,0.0165191972435463,0.0165191972435463,124890.86209237807,0.5989864797152471,0.5989864797152471,0.4010135202847529,0.0,0.0,0.0,0.0,0.0
2010-08-03,127744.5552167422,-0.048530338980116716,1.0,1.0,1.0,-0.0032756416918166,-0.0032756416918165,124481.76437758138,0.5976685861621523,0.5976685861621523,0.40233141383784765,0.0,0.0,0.0,0.0,0.0
2010-08-04,128067.8125756509,-0.046122646776083465,1.0,1.0,1.0,0.0025304981363802,0.0025304981363801,124796.76525035215,0.5986841152605852,0.5986841152605852,0.4013158847394148,0.0,0.0,0.0,0.0,0.0
2010-08-05,128222.8977076986,-0.04496753846036472,1.0,1.0,1.0,0.0012109610442208,0.001210961044220824,124947.8892715151,0.7994095533845139,0.7994095533845139,0.20059044661548608,0.2002822486585758,0.0,24.994576769656952,0.0,24.994576769656952
2010-08-06,128218.2306051952,-0.04500230007059003,1.0,1.0,1.0,-3.639835463731256e-05,-3.639835463720614e-05,124943.34137393022,0.7994022519565411,0.7994022519565411,0.20059774804345887,0.0,0.0,0.0,0.0,0.0
2010-08-09,128244.54600524406,-0.04480629715898565,1.0,1.0,1.0,0.0002052391452029,0.000205239145203,124968.9846385126,0.7994434140188128,0.7994434140188128,0.2005565859811872,0.0,0.0,0.0,0.0,0.0
2010-08-10,127813.42569004612,-0.04801737648416082,1.0,1.0,1.0,-0.0033617048726602,-0.0033617048726603,124548.8757939219,0.7987669278195233,0.7987669278195233,0.2012330721804767,0.0,0.0,0.0,0.0,0.0
2010-08-11,125915.11453432766,-0.06215641723448617,1.0,1.0,1.0,-0.0148522046527566,-0.0148522046527565,122699.05040135983,0.7957331142282601,0.7957331142282601,0.2042668857717399,0.0,0.0,0.0,0.0,0.0
2010-08-12,126056.04881714733,-0.06110670756918579,1.0,1.0,1.0,0.0011192801066091,0.0011192801066086176,122836.38500757383,0.9962015384825578,0.9962015384825578,0.003798461517442231,0.2002639088030824,0.0,24.57219143980274,0.0,24.57219143980274
2010-08-13,125974.83023898175,-0.06171164147736374,1.0,1.0,1.0,-0.0006443052826714,-0.0006443052826711519,122757.24087580924,0.8008143799257459,0.8008143799257459,0.1991856200742541,0.1954542764860519,0.0,24.008896757817457,0.0,24.008896757817457
2010-08-16,127301.91282335232,-0.05182723728844085,1.0,1.0,1.0,0.0105345058362293,0.0105345058362294,124050.42774625488,0.802890827652218,0.802890827652218,0.19710917234778202,0.0,0.0,0.0,0.0,0.0
2010-08-17,128346.1897323778,-0.04404923223017798,1.0,1.0,1.0,0.0082031517505518,0.0082031517505518,125068.03222977827,0.8044945882131596,0.8044945882131596,0.19550541178684044,0.0,0.0,0.0,0.0,0.0
2010-08-18,128460.1894644068,-0.043200137047953224,1.0,1.0,1.0,0.0008882206185216,0.0008882206185217,125179.12023472268,0.8046680860465882,0.8046680860465882,0.19533191395341176,0.0,0.0,0.0,0.0,0.0
2010-08-19,127415.05478981402,-0.05098453093360811,1.0,1.0,1.0,-0.008135864340153,-0.008135864340153036,124160.67989427329,1.0,1.0,0.0,0.1951367771762355,0.0,24.427050092360272,0.0,24.427050092360272
2010-08-20,126891.6203053599,-0.054883186579985144,1.0,1.0,1.0,-0.0041081054771556,-0.0041081054771556,123650.61472515226,1.0,1.0,0.0,0.0,0.0,0.0,0.0,0.0
2010-08-23,126071.3299401846,-0.060992890389803045,1.0,1.0,1.0,-0.0064644959470239,-0.0064644959470238,122851.2758274145,1.0,1.0,0.0,0.0,0.0,0.0,0.0,0.0
2010-08-24,125729.54081434914,-0.06353861128684779,1.0,1.0,1.0,-0.002711077340087,-0.002711077340087,122518.21651731803,1.0,1.0,0.0,0.0,0.0,0.0,0.0,0.0
2010-08-25,127045.4321411234,-0.053737562056212385,1.0,1.0,1.0,0.0104660473445719,0.010466047344571745,123800.49797196075,0.8056967326979184,0.8056967326979184,0.19430326730208158,0.1965333878847549,0.0,24.078920169746443,0.0,24.078920169746443
2010-08-26,127146.57654904088,-0.05298421616720739,1.0,1.0,1.0,0.0007961278592458,0.0007961278592459623,123899.05899738474,1.0,1.0,0.0,0.1941091581439376,0.0,24.03081043913756,0.0,24.03081043913756
2010-08-27,128173.42517231306,-0.0453360208304604,1.0,1.0,1.0,0.0080761012301115,0.0080761012301114,124899.68034016316,1.0,1.0,0.0,0.0,0.0,0.0,0.0,0.0
2010-08-30,127247.986176786,-0.052228894862349495,1.0,1.0,1.0,-0.0072202096049388,-0.0072202096049388,123997.87846851733,1.0,1.0,0.0,0.0,0.0,0.0,0.0,0.0
2010-08-31,128318.31561464632,-0.0442568448153422,1.0,1.0,1.0,0.0084113664193734,0.0084113664193734,125040.87005954096,1.0,1.0,0.0,0.0,0.0,0.0,0.0,0.0
2010-09-01,130335.75556108326,-0.029230506520864674,1.0,1.0,1.0,0.0157221510956824,0.0157221510956824,127006.78151175266,1.0,1.0,0.0,0.0,0.0,0.0,0.0,0.0
2010-09-02,131512.83323027726,-0.020463372070383512,1.0,1.0,1.0,0.0090311186222598,0.0090311186222598,128153.79482141673,1.0,1.0,0.0,0.0,0.0,0.0,0.0,0.0
2010-09-03,132552.87961118767,-0.01271687691987955,1.0,1.0,1.0,0.0079083261714034,0.00790832617140334,129167.27683096757,0.6014427987904543,0.6014427987904543,0.39855720120954574,0.4021112327874599,0.0,51.53208042203107,0.0,51.53208042203107
2010-09-07,132076.56574742118,-0.016264567776276828,1.0,1.0,1.0,-0.0035933875232559,-0.003593387523256,128703.12874999024,0.6000054634133131,0.6000054634133131,0.39999453658668693,0.0,0.0,0.0,0.0,0.0
2010-09-08,132301.6749659602,-0.014587904598794443,1.0,1.0,1.0,0.0017043842506438,0.0017043842506441,128922.48833564034,0.6006860478244637,0.6006860478244637,0.39931395217553634,0.0,0.0,0.0,0.0,0.0
2010-09-09,132118.4732359652,-0.01595243154587911,1.0,1.0,1.0,-0.0013847272156012,-0.0013847272156014,128743.96585733893,0.6001323401932904,0.6001323401932904,0.3998676598067096,0.0,0.0,0.0,0.0,0.0
2010-09-10,132199.1866537185,-0.015351260184022109,1.0,1.0,1.0,0.0006109169730499,0.0006109169730499056,128822.61773125894,1.0,1.0,0.0,0.3994681916150945,0.0,51.42911922238666,0.0,51.42911922238666
2010-09-13,134060.17800197712,-0.0014901856021403148,1.0,1.0,1.0,0.0140771769884886,0.0140771769884884,130636.07652118226,1.0,1.0,0.0,0.0,0.0,0.0,0.0,0.0
2010-09-14,133877.82363867166,-0.0028484011749713156,1.0,1.0,1.0,-0.0013602425867491,-0.0013602425867492,130458.37976653232,1.0,1.0,0.0,0.0,0.0,0.0,0.0,0.0
2010-09-15,133459.8318787557,-0.005961696120822868,1.0,1.0,1.0,-0.0031221881903614,-0.0031221881903614,130051.06415389158,1.0,1.0,0.0,0.0,0.0,0.0,0.0,0.0
2010-09-16,132552.1076192085,-0.012722626886643273,1.0,1.0,1.0,-0.006801479117491,-0.0068014791174909,129166.52455684144,1.0,1.0,0.0,0.0,0.0,0.0,0.0,0.0
2010-09-17,132440.97886318676,-0.013550338405479923,1.0,1.0,1.0,-0.0008383778878943,-0.0008383778878942,129058.23419879682,1.0,1.0,0.0,0.0,0.0,0.0,0.0,0.0
2010-09-20,134791.37462613118,0.0,1.0,1.0,1.0,0.0177467411002179,0.017746741100217858,131348.59726797417,0.8080584655024949,0.8080584655024949,0.19194153449750506,0.195543414631242,0.0,25.236487801511274,0.0,25.236487801511274
2010-09-21,134627.08389307806,-0.0012188519740881087,1.0,1.0,1.0,-0.0012188519740881,-0.001218851974088,131188.5027709004,0.807824231687916,0.807824231687916,0.19217576831208405,0.0,0.0,0.0,0.0,0.0
2010-09-22,133920.49773907816,-0.00646092444318902,1.0,1.0,1.0,-0.0052484695766052,-0.0052484695766052,130499.96390530694,0.8068102813269474,0.8068102813269474,0.19318971867305257,0.0,0.0,0.0,0.0,0.0
2010-09-23,133014.4257656683,-0.013182956738823748,1.0,1.0,1.0,-0.006765745264591,-0.0067657452645911,129617.03439248531,0.8054943053443953,0.8054943053443953,0.19450569465560474,0.0,0.0,0.0,0.0,0.0
2010-09-24,134890.45973354467,0.0,1.0,1.0,1.0,0.0141039887747316,0.014103988774731766,131445.15159057095,1.0,1.0,0.0,0.1943113832723323,0.0,25.186065248461304,0.0,25.186065248461304
2010-09-27,134531.11146451792,-0.0026640006249262216,1.0,1.0,1.0,-0.0026640006249262,-0.0026640006249263,131094.98162459015,1.0,1.0,0.0,0.0,0.0,0.0,0.0,0.0
2010-09-28,135312.54443436037,0.0,1.0,1.0,1.0,0.0058085669651852,0.0058085669651852,131856.4556041563,1.0,1.0,0.0,0.0,0.0,0.0,0.0,0.0
2010-09-29,134685.22511787066,-0.004636076567121394,1.0,1.0,1.0,-0.0046360765671213,-0.0046360765671213,131245.1589801062,1.0,1.0,0.0,0.0,0.0,0.0,0.0,0.0
2010-09-30,134450.94234834885,-0.0063674960042561235,1.0,1.0,1.0,-0.001739483817299,-0.0017394838172989,131016.86014996147,1.0,1.0,0.0,0.0,0.0,0.0,0.0,0.0
2010-10-01,135042.01911127393,-0.0019992627011583552,1.0,1.0,1.0,0.004396226256218,0.0043962262562179,131592.83991055997,1.0,1.0,0.0,0.0,0.0,0.0,0.0,0.0
2010-10-04,134311.8335834848,-0.007395551203761452,1.0,1.0,1.0,-0.0054070987133822,-0.0054070987133821,130881.30443518929,1.0,1.0,0.0,0.0,0.0,0.0,0.0,0.0
2010-10-05,136698.20885265092,0.0,1.0,1.0,1.0,0.0177674238039702,0.0177674238039702,133206.72803910574,1.0,1.0,0.0,0.0,0.0,0.0,0.0,0.0
2010-10-06,136693.41226518748,-3.508888304903923e-05,1.0,1.0,1.0,-3.508888304903923e-05,-3.508888304882456e-05,133202.05396380427,0.7988206454533888,0.7988206454533888,0.20117935454661118,0.2013736690568245,0.0,26.824327568289313,0.0,26.824327568289313
2010-10-07,136523.84539359034,-0.001275535799072025,1.0,1.0,1.0,-0.001240490443447,-0.0012404904434471,133036.81808881465,0.7985707744240309,0.7985707744240309,0.2014292255759691,0.0,0.0,0.0,0.0,0.0
2010-10-08,137287.4166755858,0.0,1.0,1.0,1.0,0.005592951764537,0.005592951764536669,133780.8865952928,0.9999311404913892,0.9999311404913892,6.885950861079682e-05,0.2011588221173308,0.0,26.76152962498357,0.0,26.76152962498357
2010-10-11,137210.95983251528,-0.0005569107855760702,1.0,1.0,1.0,-0.000556910785576,-0.0005569107855761,133706.38257664395,0.9999311021214172,0.9999311021214172,6.88978785827743e-05,0.0,0.0,0.0,0.0,0.0
2010-10-12,138281.91741067488,0.0,1.0,1.0,1.0,0.0078051897564659,0.0078051897564659,134749.9862643053,0.999931635717614,0.999931635717614,6.83642823859909e-05,0.0,0.0,0.0,0.0,0.0
2010-10-13,138818.4944581135,0.0,1.0,1.0,1.0,0.0038803124622945,0.0038803124622945,135272.85831530072,0.9999318999670206,0.9999318999670206,6.810003297941236e-05,0.0,0.0,0.0,0.0,0.0
2010-10-14,137341.33546154568,-0.010640938027270841,1.0,1.0,1.0,-0.0106409380272708,-0.010640938027271,133833.4282131958,0.9999311675249192,0.9999311675249192,6.883247508082668e-05,0.0,0.0,0.0,0.0,0.0
2010-10-15,136075.67875419656,-0.01975828735662133,1.0,1.0,1.0,-0.0092154099353686,-0.0092154099353684,132600.0983091555,0.9999305273055604,0.9999305273055604,6.947269443957627e-05,0.0,0.0,0.0,0.0,0.0
2010-10-18,138088.34126556007,-0.005259768847109547,1.0,1.0,1.0,0.0147907585675111,0.014790758567510963,134561.35434927442,0.8121791977229434,0.8121791977229434,0.18782080227705655,0.190720061784838,0.0,25.28949894219774,0.0,25.28949894219774
2010-10-19,136260.23791397287,-0.018428787562687066,1.0,1.0,1.0,-0.0132386509594719,-0.013238650959472,132779.94354641053,0.8096593442176437,0.8096593442176437,0.19034065578235626,0.0,0.0,0.0,0.0,0.0
2010-10-20,137432.5448907279,-0.009983897122611385,1.0,1.0,1.0,0.0086034414345816,0.0086034414345817,133922.30801439914,0.8112829602171233,0.8112829602171233,0.18871703978287668,0.0,0.0,0.0,0.0,0.0
2010-10-21,137453.72167734307,-0.009831346940462837,1.0,1.0,1.0,0.0001540885867463,0.0001540885867462,133942.94391357485,0.8113120348790048,0.8113120348790048,0.18868796512099517,0.0,0.0,0.0,0.0,0.0
2010-10-22,137732.5545388143,-0.007822732291819179,1.0,1.0,1.0,0.0020285581071841,0.00202855810718456,134214.65495835093,1.0,1.0,0.0,0.1884994656553397,0.0,25.248173356011996,0.0,25.248173356011996
2010-10-25,137812.1706709925,-0.007249205453850105,1.0,1.0,1.0,0.0005780487586597,0.0005780487586596,134292.2375730435,1.0,1.0,0.0,0.0,0.0,0.0,0.0,0.0
2010-10-26,137997.1277211386,-0.005916839396516771,1.0,1.0,1.0,0.0013420951810392,0.001342095181039274,134472.47053794126,0.8128160536084458,0.8128160536084458,0.18718394639155422,0.1876227878518261,0.0,25.196284000314176,0.0,25.196284000314176
2010-10-27,137780.37231069434,-0.007478269746920563,1.0,1.0,1.0,-0.0015707240724768,-0.0015707240724768,134261.2513913819,0.812521576735955,0.812521576735955,0.18747842326404496,0.0,0.0,0.0,0.0,0.0
2010-10-28,137731.56788317568,-0.00782983981479346,1.0,1.0,1.0,-0.000354219013203,-0.000354219013203,134213.69350340264,0.8124551447824084,0.8124551447824084,0.18754485521759157,0.0,0.0,0.0,0.0,0.0
2010-10-29,137657.69097701483,-0.008362023270962138,1.0,1.0,1.0,-0.0005363832511041,-0.0005363832511042411,134141.70352613856,1.0,1.0,0.0,0.6033702877400027,0.0,80.98055486779658,0.0,80.98055486779658
2010-11-01,137457.9369063587,-0.009800981901336936,1.0,1.0,1.0,-0.0014510927013114,-0.0014510927013114,133947.05147921032,1.0,1.0,0.0,0.0,0.0,0.0,0.0,0.0
2010-11-02,138359.2510393801,-0.0033082293575226185,1.0,1.0,1.0,0.0065570177561693,0.0065570177561694,134825.344674146,1.0,1.0,0.0,0.0,0.0,0.0,0.0,0.0
2010-11-03,139490.16871133394,0.0,1.0,1.0,1.0,0.0081737770583332,0.008173777058333038,135927.3769833254,0.8003081923680152,0.8003081923680152,0.1996918076319848,0.2015255695174616,0.0,27.17075437084534,0.0,27.17075437084534
2010-11-04,142934.13873940666,0.0,1.0,1.0,1.0,0.0246896972015266,0.024689697201526667,139283.38276244147,0.591748961439874,0.591748961439874,0.408251038560126,0.2188576831355351,0.0,29.74875080126106,0.0,29.74875080126106
2010-11-05,144819.92103161805,0.0,1.0,1.0,1.0,0.0131933652019236,0.01319336520192331,141120.99929778566,0.9975851816962552,0.9975851816962552,0.0024148183037447923,0.4053989617148887,0.0,56.4653387560312,0.0,56.4653387560312
2010-11-08,143838.0013252972,-0.006780280636297764,1.0,1.0,1.0,-0.0067802806362977,-0.0067802806362977,140164.15931887188,0.9975686967780988,0.9975686967780988,0.0024313032219012154,0.0,0.0,0.0,0.0,0.0
2010-11-09,141318.76515358873,-0.02417592726945994,1.0,1.0,1.0,-0.017514399174743,-0.0175143991747429,137709.26828256893,0.9975253548552172,0.9975253548552172,0.0024746451447827944,0.0,0.0,0.0,0.0,0.0
2010-11-10,143340.79214119274,-0.010213573380573715,1.0,1.0,1.0,0.0143082695734457,0.0143082695734457,139679.6496159179,0.997560263266094,0.997560263266094,0.0024397367339059617,0.0,0.0,0.0,0.0,0.0
2010-11-11,142074.88722707218,-0.01895480804706806,1.0,1.0,1.0,-0.0088314351777379,-0.0088314351777382,138446.07784468576,0.9975385249083808,0.9975385249083808,0.002461475091619203,0.0,0.0,0.0,0.0,0.0
2010-11-12,139167.38863719482,-0.039031456129499875,1.0,1.0,1.0,-0.0204645496936445,-0.0204645496936444,135612.84120474302,0.9974870995318758,0.9974870995318758,0.002512900468124246,0.0,0.0,0.0,0.0,0.0
2010-11-15,139709.43757932304,-0.0352885391449651,1.0,1.0,1.0,0.0038949422521774,0.0038949422521774,136141.04538988922,0.9974968491598466,0.9974968491598466,0.002503150840153401,0.0,0.0,0.0,0.0,0.0
2010-11-16,137048.12776631344,-0.05366522236680282,1.0,1.0,1.0,-0.019048890748691,-0.0190488907486911,133547.7094898446,0.9974482409810782,0.9974482409810782,0.0025517590189217954,0.0,0.0,0.0,0.0,0.0
2010-11-17,135752.83053227505,-0.06260941474594106,1.0,1.0,1.0,-0.0094514040808134,-0.0094514040808134,132285.496123389,0.9974238931543244,0.9974238931543244,0.002576106845675552,0.0,0.0,0.0,0.0,0.0
2010-11-18,137827.9968195009,-0.04828012722497366,1.0,1.0,1.0,0.0152863574121386,0.0152863574121388,134307.65949757324,0.9974626795417189,0.9974626795417189,0.002537320458281145,0.0,0.0,0.0,0.0,0.0
2010-11-19,137612.55187413289,-0.04976780201331288,1.0,1.0,1.0,-0.0015631435581999,-0.0015631435582,134097.71734481267,0.9974587071361491,0.9974587071361491,0.0025412928638508525,0.0,0.0,0.0,0.0,0.0
2010-11-22,135823.86347139018,-0.062118923254099734,1.0,1.0,1.0,-0.0129980032953587,-0.012998003295358681,132354.71477286474,0.7994043822547864,0.7994043822547864,0.20059561774521362,0.1956426250058818,0.0,26.235229428635922,0.0,26.235229428635922
2010-11-23,134464.79616457218,-0.07150345610798303,1.0,1.0,1.0,-0.0100061010788746,-0.0100061010788746,131030.36011858184,0.7973769151872365,0.7973769151872365,0.20262308481276348,0.0,0.0,0.0,0.0,0.0
2010-11-24,136560.66771669948,-0.05703119609570395,1.0,1.0,1.0,0.0155867677779553,0.0155867677779552,133072.699913612,0.8004866829290312,0.8004866829290312,0.19951331707096875,0.0,0.0,0.0,0.0,0.0
2010-11-26,135305.4008692531,-0.0656989735568747,1.0,1.0,1.0,-0.0091920087125707,-0.0091920087125706,131849.4944966008,0.79863574090503,0.79863574090503,0.20136425909497002,0.0,0.0,0.0,0.0,0.0
2010-11-29,136570.33566800447,-0.05696443766056525,1.0,1.0,1.0,0.0093487384141723,0.009348738414172428,133082.12093069038,1.0,1.0,0.0,0.2011630959989711,0.0,26.523252518835516,0.0,26.523252518835516
2010-11-30,135405.23524021878,-0.0650096045097538,1.0,1.0,1.0,-0.008531138347774,-0.008531138347774,131946.77894541548,1.0,1.0,0.0,0.0,0.0,0.0,0.0,0.0
2010-12-01,138457.27231057594,-0.04393489981017862,1.0,1.0,1.0,0.0225400226582275,0.0225400226582274,134920.86233252528,1.0,1.0,0.0,0.0,0.0,0.0,0.0,0.0
2010-12-02,141725.48954929167,-0.02136744351387121,1.0,1.0,1.0,0.0236045184494515,0.0236045184494515,138105.60431666928,1.0,1.0,0.0,0.0,0.0,0.0,0.0,0.0
2010-12-03,142513.32889726618,-0.015927312471384902,1.0,1.0,1.0,0.0055589107540214,0.0055589107540217,138873.32104569586,1.0,1.0,0.0,0.0,0.0,0.0,0.0,0.0
2010-12-06,142295.09262030318,-0.01743426175991103,1.0,1.0,1.0,-0.0015313394098057,-0.001531339409806,138660.65885620794,1.0,1.0,0.0,0.0,0.0,0.0,0.0,0.0
2010-12-07,142120.90796366904,-0.018637028999344274,1.0,1.0,1.0,-0.0012241086704158,-0.0012241086704158,138490.9231414565,1.0,1.0,0.0,0.0,0.0,0.0,0.0,0.0
2010-12-08,144105.59407580874,-0.004932518611533876,1.0,1.0,1.0,0.0139647722532636,0.0139647722532637,140424.9173422712,1.0,1.0,0.0,0.0,0.0,0.0,0.0,0.0
2010-12-09,145504.95031296788,0.0,1.0,1.0,1.0,0.0097106309170966,0.0097106309170966,141788.5318861458,1.0,1.0,0.0,0.0,0.0,0.0,0.0,0.0
2010-12-10,146332.0667993331,0.0,1.0,1.0,1.0,0.00568445598989,0.0056844559898901,142594.52255552373,1.0,1.0,0.0,0.0,0.0,0.0,0.0,0.0
2010-12-13,146434.55867453475,0.0,1.0,1.0,1.0,0.0007004061204316,0.0007004061204315,142694.3966318616,1.0,1.0,0.0,0.0,0.0,0.0,0.0,0.0
2010-12-14,145399.74006443244,-0.007066764973166606,1.0,1.0,1.0,-0.0070667649731666,-0.0070667649731666,141686.00886787643,1.0,1.0,0.0,0.0,0.0,0.0,0.0,0.0
2010-12-15,144500.95707286667,-0.013204544194828305,1.0,1.0,1.0,-0.0061814621619507,-0.0061814621619508,140810.18216518182,1.0,1.0,0.0,0.0,0.0,0.0,0.0,0.0
2010-12-16,144480.5928978302,-0.013343610923480353,1.0,1.0,1.0,-0.0001409276135534,-0.0001409276135533,140790.33812224527,1.0,1.0,0.0,0.0,0.0,0.0,0.0,0.0
2010-12-17,145154.07809523278,-0.008744387874640824,1.0,1.0,1.0,0.0046614232672677,0.0046614232672677,141446.6214801748,1.0,1.0,0.0,0.0,0.0,0.0,0.0,0.0
2010-12-20,145413.52896362997,-0.006972600731321332,1.0,1.0,1.0,0.0017874170109568,0.0017874170109568,141699.44557755082,1.0,1.0,0.0,0.0,0.0,0.0,0.0,0.0
2010-12-21,147615.95885137387,0.0,1.0,1.0,1.0,0.0151459764675319,0.0151459764675319,143845.62204573074,1.0,1.0,0.0,0.0,0.0,0.0,0.0,0.0
2010-12-22,149230.50107254332,0.0,1.0,1.0,1.0,0.0109374503524719,0.0109374503524719,145418.92639527636,1.0,1.0,0.0,0.0,0.0,0.0,0.0,0.0
2010-12-23,148595.3172547465,-0.004256394056386892,1.0,1.0,1.0,-0.0042563940563868,-0.0042563940563867,144799.96614128136,1.0,1.0,0.0,0.0,0.0,0.0,0.0,0.0
2010-12-27,149433.83816682853,0.0,1.0,1.0,1.0,0.0056429834235254,0.0056429834235252,145617.06994994363,1.0,1.0,0.0,0.0,0.0,0.0,0.0,0.0
2010-12-28,149587.72867147022,0.0,1.0,1.0,1.0,0.0010298236766821,0.0010298236766821,145767.02985630717,1.0,1.0,0.0,0.0,0.0,0.0,0.0,0.0
2010-12-29,149294.17094016887,-0.0019624452748130405,1.0,1.0,1.0,-0.001962445274813,-0.0019624452748132,145480.9700373421,1.0,1.0,0.0,0.0,0.0,0.0,0.0,0.0
2010-12-30,148381.98270174692,-0.008060460443058082,1.0,1.0,1.0,-0.0061100057200995,-0.0061100057200995,144592.08047824833,1.0,1.0,0.0,0.0,0.0,0.0,0.0,0.0
2010-12-31,149208.54000746118,-0.0025348915140079864,1.0,1.0,1.0,0.0055704694779261,0.0055704694779263,145397.52624930226,1.0,1.0,0.0,0.0,0.0,0.0,0.0,0.0
2011-01-03,151862.6993677352,0.0,1.0,1.0,1.0,0.017788253675971,0.017788253675971,147983.8943300835,1.0,1.0,0.0,0.0,0.0,0.0,0.0,0.0
2011-01-04,150966.89441691025,-0.00589878195603355,1.0,1.0,1.0,-0.0058987819560335,-0.0058987819560335,147110.96960442566,1.0,1.0,0.0,0.0,0.0,0.0,0.0,0.0
2011-01-05,152694.45048224056,0.0,1.0,1.0,1.0,0.0114432774947299,0.01144327749472995,148794.40125212786,0.7979597838596133,0.7979597838596133,0.2020402161403867,0.2045567751739503,0.0,30.092545534994343,0.0,30.092545534994343
2011-01-06,151403.3350370444,-0.00845554924307046,1.0,1.0,1.0,-0.0084555492430704,-0.008455549243070145,147536.26286524738,0.6049341474951634,0.6049341474951634,0.3950658525048366,0.1898750126069466,0.0,28.252338813590857,0.0,28.252338813590857
2011-01-07,150619.5810942398,-0.013588374570574602,1.0,1.0,1.0,-0.0051765962923657,-0.0051765962923658,146772.52719390963,0.6028784093413414,0.6028784093413414,0.3971215906586586,0.0,0.0,0.0,0.0,0.0
2011-01-10,150395.64265382287,-0.015054953347404476,1.0,1.0,1.0,-0.0014867817237974,-0.0014867817237975,146554.30848292218,0.6022870970659405,0.6022870970659405,0.3977129029340595,0.0,0.0,0.0,0.0,0.0
2011-01-11,150671.75644022538,-0.01324667684796077,1.0,1.0,1.0,0.0018359161311478,0.0018359161311477872,146823.3699019552,1.0,1.0,0.0,0.3973155873467128,0.0,58.22831115308355,0.0,58.22831115308355
2011-01-12,152870.2474329955,0.0,1.0,1.0,1.0,0.014591261459425,0.014591261459425,148965.7080805485,1.0,1.0,0.0,0.0,0.0,0.0,0.0,0.0
2011-01-13,152238.8595007747,-0.004130221170064785,1.0,1.0,1.0,-0.0041302211700647,-0.0041302211700647,148350.44675942056,1.0,1.0,0.0,0.0,0.0,0.0,0.0,0.0
2011-01-14,153896.97437155442,0.0,1.0,1.0,1.0,0.010891535027371,0.0108915350273711,149966.21084662693,1.0,1.0,0.0,0.0,0.0,0.0,0.0,0.0
2011-01-18,152966.76129981672,-0.0060443883028648004,1.0,1.0,1.0,-0.0060443883028648,-0.0060443883028649,149059.7568359606,1.0,1.0,0.0,0.0,0.0,0.0,0.0,0.0
2011-01-19,150829.16422236818,-0.01993418104360911,1.0,1.0,1.0,-0.013974258585882,-0.013974258585882,146976.7572491862,1.0,1.0,0.0,0.0,0.0,0.0,0.0,0.0
2011-01-20,150031.4165387735,-0.025117828654956265,1.0,1.0,1.0,-0.0052890811117838,-0.0052890811117836,146199.3852585483,1.0,1.0,0.0,0.0,0.0,0.0,0.0,0.0
2011-01-21,150455.86530977656,-0.02235982270496084,1.0,1.0,1.0,0.0028290659436209,0.0028290659436207,146612.99296036156,1.0,1.0,0.0,0.0,0.0,0.0,0.0,0.0
2011-01-24,149785.99274407106,-0.026712556528617593,1.0,1.0,1.0,-0.004452286152662,-0.0044522861526619,145960.22996200385,1.0,1.0,0.0,0.0,0.0,0.0,0.0,0.0
2011-01-25,148944.0857501792,-0.032183144870784997,1.0,1.0,1.0,-0.0056207324761693,-0.0056207324761692,145139.8265572273,1.0,1.0,0.0,0.0,0.0,0.0,0.0,0.0
2011-01-26,149513.52829391044,-0.028482990621121584,1.0,1.0,1.0,0.0038231967443564,0.0038231967443563,145694.7246695973,1.0,1.0,0.0,0.0,0.0,0.0,0.0,0.0
2011-01-27,149594.89193740807,-0.027954301582042818,1.0,1.0,1.0,0.0005441891742243,0.0005441891742242661,145774.01016150406,0.7953211902177064,0.7953211902177064,0.20467880978229358,0.2049951889637338,0.0,29.866717614663276,0.0,29.866717614663276
2011-01-28,149030.0074681403,-0.031624838131409705,1.0,1.0,1.0,-0.0037760946376704,-0.0037760946376703,145223.55370342152,0.7945453741065858,0.7945453741065858,0.20545462589341423,0.0,0.0,0.0,0.0,0.0
2011-01-31,150741.92645471348,-0.020501039281147215,1.0,1.0,1.0,0.0114870757618334,0.0114870757618334,146891.74766721542,0.7968786445059918,0.7968786445059918,0.20312135549400823,0.0,0.0,0.0,0.0,0.0
2011-02-01,151792.68881094374,-0.013673339383075134,1.0,1.0,1.0,0.0069706045354669,0.006970604535467,147915.6719497272,0.7982847219381229,0.7982847219381229,0.20171527806187706,0.0,0.0,0.0,0.0,0.0
2011-02-02,151327.01313962633,-0.016699231693297678,1.0,1.0,1.0,-0.0030678399267135,-0.003067839926713413,147461.89034553317,0.9979040354497816,0.9979040354497816,0.002095964550218432,0.1994263172781128,0.0,29.49827772465156,0.0,29.49827772465156
2011-02-03,151544.39509689322,-0.015286715572337073,1.0,1.0,1.0,0.0014365046448534,0.0014365046448536118,147673.72003595342,0.7934071018961288,0.7934071018961288,0.20659289810387116,0.2049987039152881,0.0,30.22949639773265,0.0,30.22949639773265
2011-02-04,151282.34246890974,-0.016989495169230207,1.0,1.0,1.0,-0.001729213593257,-0.0017292135932571,147418.3606319004,0.7930492398285053,0.7930492398285053,0.20695076017149472,0.0,0.0,0.0,0.0,0.0
2011-02-07,151097.01762479218,-0.01819370886397209,1.0,1.0,1.0,-0.0012250262726838,-0.0012250262726837,147237.76926705037,0.7927954087604162,0.7927954087604162,0.2072045912395838,0.0,0.0,0.0,0.0,0.0
2011-02-08,151752.55818359408,-0.013934102322135655,1.0,1.0,1.0,0.0043385406880085,0.0043385406880085,147876.56631982708,0.7936904909597107,0.7936904909597107,0.20630950904028933,0.0,0.0,0.0,0.0,0.0
2011-02-09,150810.4670740684,-0.020055672374911238,1.0,1.0,1.0,-0.0062080739909894,-0.006208073990989375,146958.53765458017,1.0,1.0,0.0,0.5787185840262754,0.0,85.57891707127793,0.0,85.57891707127793
2011-02-10,150703.4478571117,-0.020751067572859272,1.0,1.0,1.0,-0.0007096272495737,-0.0007096272495736,146854.251871703,1.0,1.0,0.0,0.0,0.0,0.0,0.0,0.0
2011-02-11,152451.79695735767,-0.0093905511794381,1.0,1.0,1.0,0.0116012548160389,0.0116012548160387,148557.94546848533,1.0,1.0,0.0,0.0,0.0,0.0,0.0,0.0
2011-02-14,152916.61665225282,-0.006370220878642585,1.0,1.0,1.0,0.0030489617319837,0.0030489617319838,149010.89295920086,1.0,1.0,0.0,0.0,0.0,0.0,0.0,0.0
2011-02-15,152813.24655840712,-0.007041904609059069,1.0,1.0,1.0,-0.0006759899356181,-0.000675989935618,148910.16309526298,1.0,1.0,0.0,0.0,0.0,0.0,0.0,0.0
2011-02-16,154232.8334172522,0.0,1.0,1.0,1.0,0.0092896845713077,0.0092896845713076,150293.49153987993,1.0,1.0,0.0,0.0,0.0,0.0,0.0,0.0
2011-02-17,154738.61481375908,0.0,1.0,1.0,1.0,0.0032793367358983,0.0032793367358983,150786.3545078531,1.0,1.0,0.0,0.0,0.0,0.0,0.0,0.0
2011-02-18,155339.04423092108,0.0,1.0,1.0,1.0,0.0038802817117411,0.0038802817117412,151371.44804163004,1.0,1.0,0.0,0.0,0.0,0.0,0.0,0.0
2011-02-22,151111.09416750591,-0.02721756197450309,1.0,1.0,1.0,-0.027217561974503,-0.027217561974503,147251.48627338672,1.0,1.0,0.0,0.0,0.0,0.0,0.0,0.0
2011-02-23,150539.3249966849,-0.030898344057667115,1.0,1.0,1.0,-0.0037837669958712,-0.0037837669958714,146694.3209595325,1.0,1.0,0.0,0.0,0.0,0.0,0.0,0.0
2011-02-24,150891.49490799755,-0.028631239138512843,1.0,1.0,1.0,0.0023393881387496,0.002339388138749805,147037.49591400716,0.9934116395695088,0.9934116395695088,0.006588360430491158,0.4080277593692948,0.0,59.855355093318224,0.0,59.855355093318224
2011-02-25,151977.20346465128,-0.021641956038252808,1.0,1.0,1.0,0.0071952932623253,0.0071952932623253595,148095.4738176664,0.5781172746726196,0.5781172746726196,0.42188272532738036,0.41874868351144,0.0,61.57175784080925,0.0,61.57175784080925
2011-02-28,152872.06195938046,-0.015881276235183317,1.0,1.0,1.0,0.0058881100212988,0.0058881100212989,148967.47626116124,0.5805868255879402,0.5805868255879402,0.41941317441205983,0.0,0.0,0.0,0.0,0.0
2011-03-01,151980.29403119523,-0.02162206041858261,1.0,1.0,1.0,-0.0058334264400919,-0.005833426440092,148098.4854464256,0.5781258537890418,0.5781258537890418,0.4218741462109582,0.0,0.0,0.0,0.0,0.0
2011-03-02,152829.6734881983,-0.01615415335627035,1.0,1.0,1.0,0.0055887472939666,0.0055887472939665,148926.17045620483,0.5804704981572049,0.5804704981572049,0.41952950184279514,0.0,0.0,0.0,0.0,0.0
2011-03-03,154352.59338643795,-0.006350308445420283,1.0,1.0,1.0,0.0099648181107789,0.00996481811077896,150410.19265673577,0.9851299381238864,0.9851299381238864,0.014870061876113616,0.4041071553494407,0.0,60.18213110014285,0.0,60.18213110014285
2011-03-04,153839.89595156594,-0.009650814364008609,1.0,1.0,1.0,-0.0033215990973888,-0.0033215990973887,149910.59029656908,0.9850803811313188,0.9850803811313188,0.014919618868681206,0.0,0.0,0.0,0.0,0.0
2011-03-07,152200.06456773102,-0.020207280653302906,1.0,1.0,1.0,-0.010659337577498,-0.010659337577498,148312.64270815594,0.9849196344238508,0.9849196344238508,0.015080365576149224,0.0,0.0,0.0,0.0,0.0
2011-03-08,153873.55631155163,-0.00943412473422267,1.0,1.0,1.0,0.0109953418782937,0.010995341878293902,149943.3909196054,0.7876227208675483,0.7876227208675483,0.21237727913245175,0.1998319062537994,0.0,29.63759811390947,0.0,29.63759811390947
2011-03-09,153901.50845388154,-0.009254181935756889,1.0,1.0,1.0,0.0001816565691983,0.0001816565691985,149970.62912157385,0.787661293588463,0.787661293588463,0.21233870641153696,0.0,0.0,0.0,0.0,0.0
2011-03-10,151449.9585049947,-0.025036112106786357,1.0,1.0,1.0,-0.0159293432112231,-0.015929343211223166,147581.6954986932,0.984464173638506,0.984464173638506,0.015535826361493976,0.196853502058167,0.0,29.522243548448337,0.0,29.522243548448337
2011-03-11,152523.1566876977,-0.01812736493368272,1.0,1.0,1.0,0.0070861569940119,0.0070861569940117,148627.48256243937,0.9845734883221252,0.9845734883221252,0.015426511677874788,0.0,0.0,0.0,0.0,0.0
2011-03-14,152382.11876091926,-0.01903530103871487,1.0,1.0,1.0,-0.0009246984513126,-0.0009246984513124,148490.04695949145,0.9845592102477544,0.9845592102477544,0.01544078975224561,0.0,0.0,0.0,0.0,0.0
2011-03-15,150926.54409105465,-0.028405608916371228,1.0,1.0,1.0,-0.0095521356554199,-0.0095521356554201,147071.64988745467,0.9844102952733776,0.9844102952733776,0.015589704726622355,0.0,0.0,0.0,0.0,0.0
2011-03-16,147936.78942541388,-0.04765224893815678,1.0,1.0,1.0,-0.0198093362810787,-0.0198093362810786,144158.25811742104,0.984095232383184,0.984095232383184,0.01590476761681603,0.0,0.0,0.0,0.0,0.0
2011-03-17,149425.41934586962,-0.03806914684154028,1.0,1.0,1.0,0.0100626079978995,0.010062607997899457,145608.8661585166,0.9878064504059648,0.9878064504059648,0.01219354959403518,0.4009182635224432,0.0,57.7956785168566,0.0,57.7956785168566
2011-03-18,150089.96862419468,-0.033791089888021486,1.0,1.0,1.0,0.00444736431883,0.00444736431883,146256.44183437532,0.9878604394543818,0.9878604394543818,0.012139560545618155,0.0,0.0,0.0,0.0,0.0
2011-03-21,152947.2112372109,-0.015397500387311358,1.0,1.0,1.0,0.0190368659491853,0.0190368659491854,149040.70611178112,0.98808722142323,0.98808722142323,0.011912778576769978,0.0,0.0,0.0,0.0,0.0
2011-03-22,152504.6244044108,-0.01824666709225231,1.0,1.0,1.0,-0.0028937228029196,-0.0028937228029198,148609.4236219422,0.9880526491015008,0.9880526491015008,0.011947350898499187,0.0,0.0,0.0,0.0,0.0
2011-03-23,153380.45436148514,-0.012608484100908757,1.0,1.0,1.0,0.0057429731097977,0.0057429731097976,149462.88354566554,0.988120870622086,0.988120870622086,0.011879129377914022,0.0,0.0,0.0,0.0,0.0
2011-03-24,154692.74838575695,-0.004160549901436106,1.0,1.0,1.0,0.0085558099937492,0.0085558099937493,150741.6595784001,0.988221643998077,0.988221643998077,0.011778356001923007,0.0,0.0,0.0,0.0,0.0
2011-03-25,155352.1441193177,0.0,1.0,1.0,1.0,0.0042626156716565,0.0042626156716566,151384.21333889052,0.9882716374998728,0.9882716374998728,0.01172836250012721,0.0,0.0,0.0,0.0,0.0
2011-03-28,154872.99619668198,-0.0030842697753029613,1.0,1.0,1.0,-0.0030842697753029,-0.0030842697753029,150917.3035852314,0.9882353521520986,0.9882353521520986,0.011764647847901433,0.0,0.0,0.0,0.0,0.0
2011-03-29,156187.35070200043,0.0,1.0,1.0,1.0,0.0084866602803324,0.0084866602803324,152198.08747118304,0.9883343545222192,0.9883343545222192,0.011665645477780817,0.0,0.0,0.0,0.0,0.0
2011-03-30,157733.1670774039,0.0,1.0,1.0,1.0,0.009897193136676,0.009897193136676,153704.42133791806,0.9884486801656038,0.9884486801656038,0.011551319834396168,0.0,0.0,0.0,0.0,0.0
2011-03-31,158453.77958158526,0.0,1.0,1.0,1.0,0.0045685540811319,0.0045685540811319,154406.62829930944,0.9885012129958994,0.9885012129958994,0.011498787004100564,0.0,0.0,0.0,0.0,0.0
2011-04-01,159522.3300686092,0.0,1.0,1.0,1.0,0.0067436099652882,0.0067436099652881,155447.8863766152,0.9885782369112855,0.9885782369112855,0.011421763088714454,0.0,0.0,0.0,0.0,0.0
2011-04-04,160611.95972021678,0.0,1.0,1.0,1.0,0.0068305775820785,0.0068305775820786,156509.68522448078,0.9886557248627234,0.9886557248627234,0.01134427513727665,0.0,0.0,0.0,0.0,0.0
2011-04-05,160688.18007419715,0.0,1.0,1.0,1.0,0.0004745621316939,0.0004745621316939,156583.95879433167,0.9886611058724916,0.9886611058724916,0.011338894127508437,0.0,0.0,0.0,0.0,0.0
2011-04-06,160628.58113016371,-0.00037089812085688845,1.0,1.0,1.0,-0.0003708981208568,-0.0003708981208569,156525.88209825853,0.9886568987375486,0.9886568987375486,0.011343101262451416,0.0,0.0,0.0,0.0,0.0
2011-04-07,160110.09333834564,-0.0035975685055651407,1.0,1.0,1.0,-0.0032278675947334,-0.0032278675947333,156020.63727569653,0.9886201661406004,0.9886201661406004,0.011379833859399557,0.0,0.0,0.0,0.0,0.0
2011-04-08,159230.56377412283,-0.009071085996501305,1.0,1.0,1.0,-0.0054932799418472,-0.005493279941847039,155163.57223843577,0.7933823478361046,0.7933823478361046,0.20661765216389538,0.1942971068070393,0.0,30.31435842485836,0.0,30.31435842485836
2011-04-11,158726.44141372497,-0.012208356952990274,1.0,1.0,1.0,-0.0031659899233478,-0.0031659899233478,154672.32593225822,0.7927261208232579,0.7927261208232579,0.20727387917674212,0.0,0.0,0.0,0.0,0.0
2011-04-12,157601.23181005477,-0.019210798595870604,1.0,1.0,1.0,-0.0070889865207606,-0.0070889865207605,153575.85589858974,0.7912462684340281,0.7912462684340281,0.20875373156597188,0.0,0.0,0.0,0.0,0.0
2011-04-13,157337.2763013627,-0.020853455252820674,1.0,1.0,1.0,-0.001674831507727,-0.0016748315077272,153318.64221630464,0.7908960545578115,0.7908960545578115,0.20910394544218847,0.0,0.0,0.0,0.0,0.0
2011-04-14,157712.76659660265,-0.0185166916211299,1.0,1.0,1.0,0.0023865310501545,0.0023865310501545306,153684.54191652135,0.9916339475035229,0.9916339475035229,0.00836605249647715,0.2005174096919693,0.0,30.74305699470322,0.0,30.74305699470322
2011-04-15,158893.99590405126,-0.011165626303798026,1.0,1.0,1.0,0.0074897507217659,0.0074897507217661,154835.60082526493,0.9916961413349528,0.9916961413349528,0.008303858665047237,0.0,0.0,0.0,0.0,0.0
2011-04-18,156517.0780265783,-0.025957740299833332,1.0,1.0,1.0,-0.0149591421875265,-0.0149591421875265,152519.3930568287,0.9915700363094704,0.9915700363094704,0.008429963690529618,0.0,0.0,0.0,0.0,0.0
2011-04-19,158032.68898882662,-0.01652574000243434,1.0,1.0,1.0,0.0096833583999758,0.0096833583999754,153996.29300274467,0.991650883794016,0.991650883794016,0.008349116205983997,0.0,0.0,0.0,0.0,0.0
2011-04-20,160439.9709199407,-0.0015446634229215883,1.0,1.0,1.0,0.0152328100377023,0.015232810037702427,156342.08928056582,0.7976962255656515,0.7976962255656515,0.20230377443434855,0.1972335467409742,0.0,30.37323505389361,0.0,30.37323505389361
2011-04-21,161316.8506860065,0.0,1.0,1.0,1.0,0.0054654694901643,0.005465469490164455,157196.57219955733,0.999035948442732,0.999035948442732,0.0009640515572679753,0.2011333205621452,0.0,31.445603560623585,0.0,31.445603560623585
2011-04-25,160713.63641973163,-0.003739313430120239,1.0,1.0,1.0,-0.0037393134301202,-0.0037393134301201,156608.76494596264,0.9990323300213853,0.9990323300213853,0.0009676699786147491,0.0,0.0,0.0,0.0,0.0
2011-04-26,162472.3232488657,0.0,1.0,1.0,1.0,0.0109429844804267,0.0109429844804267,158322.53223026512,0.9990428045958376,0.9990428045958376,0.000957195404162392,0.0,0.0,0.0,0.0,0.0
2011-04-27,162727.11772241732,0.0,1.0,1.0,1.0,0.0015682330901451,0.001568233090145,158570.81886422416,0.9990443033509468,0.9990443033509468,0.0009556966490531504,0.0,0.0,0.0,0.0,0.0
2011-04-28,162803.64134523182,0.0,1.0,1.0,1.0,0.000470257347918,0.000470257347918,158645.38795696045,0.9990447525630732,0.9990447525630732,0.000955247436926765,0.0,0.0,0.0,0.0,0.0
2011-04-29,163488.1254902713,0.0,1.0,1.0,1.0,0.0042043540266276,0.0042043540266277,159312.3893326232,0.9990487519466564,0.9990487519466564,0.0009512480533435674,0.0,0.0,0.0,0.0,0.0
2011-05-02,162288.5264584043,-0.0073375300393814236,1.0,1.0,1.0,-0.0073375300393814,-0.0073375300393813,158143.42989024945,0.99904172054235,0.99904172054235,0.0009582794576500353,0.0,0.0,0.0,0.0,0.0
2011-05-03,160942.91298578115,-0.015568179626853862,1.0,1.0,1.0,-0.0082914886343985,-0.0082914886343985,156832.18543870965,0.999033708547756,0.999033708547756,0.000966291452244028,0.0,0.0,0.0,0.0,0.0
2011-05-04,158439.40072104754,-0.03088129339108614,1.0,1.0,1.0,-0.0155552811757221,-0.0155552811757221,154392.61669680753,0.9990184401076396,0.9990184401076396,0.000981559892360373,0.0,0.0,0.0,0.0,0.0
2011-05-05,157122.61672189392,-0.038935603116669104,1.0,1.0,1.0,-0.0083109630127419,-0.0083109630127418,153109.46536999993,0.999010214033078,0.999010214033078,0.0009897859669220077,0.0,0.0,0.0,0.0,0.0
2011-05-06,158468.4803660969,-0.03070342331665632,1.0,1.0,1.0,0.0085656901105786,0.0085656901105785,154420.9536033557,0.999018620228085,0.999018620228085,0.0009813797719150363,0.0,0.0,0.0,0.0,0.0
2011-05-09,159471.16429295484,-0.02457035448458611,1.0,1.0,1.0,0.0063273398251912,0.0063273398251913,155398.02745293424,0.999024790708672,0.999024790708672,0.0009752092913279942,0.0,0.0,0.0,0.0,0.0
2011-05-10,161116.9396118965,-0.014503719283978977,1.0,1.0,1.0,0.0103202063284513,0.0103202063284514,157001.76715928284,0.9990347522644608,0.9990347522644608,0.0009652477355391875,0.0,0.0,0.0,0.0,0.0
2011-05-11,157969.2227656411,-0.03375720840935703,1.0,1.0,1.0,-0.0195368460562725,-0.0195368460562726,153934.44780372918,0.9990155186029616,0.9990155186029616,0.0009844813970384392,0.0,0.0,0.0,0.0,0.0
2011-05-12,158278.281754122,-0.031866802072174516,1.0,1.0,1.0,0.0019564506495002,0.0019564506495001774,154235.61295411526,0.7948452621797465,0.7948452621797465,0.2051547378202535,0.2047764079512226,0.0,31.52214328120264,0.0,31.52214328120264
2011-05-13,156365.46379388942,-0.043566844228119406,1.0,1.0,1.0,-0.0120851574772845,-0.012085157477284343,152371.6512829593,0.9925756532765748,0.9925756532765748,0.007424346723425179,0.1976224930031437,0.0,30.480426341860223,0.0,30.480426341860223
2011-05-16,156047.0990062078,-0.04551417090231613,1.0,1.0,1.0,-0.0020360300795145,-0.0020360300795146,152061.41801768186,0.9925605062435104,0.9925605062435104,0.007439493756489557,0.0,0.0,0.0,0.0,0.0
2011-05-17,156221.81013927117,-0.04444552366852195,1.0,1.0,1.0,0.0011196051331683,0.001119605133168,152231.66676185126,0.9925688262238156,0.9925688262238156,0.007431173776184408,0.0,0.0,0.0,0.0,0.0
2011-05-18,157612.65771553392,-0.03593819280218624,1.0,1.0,1.0,0.008903030729338,0.0089030307293381,153586.98996901038,0.992634402365892,0.992634402365892,0.007365597634108045,0.0,0.0,0.0,0.0,0.0
2011-05-19,157457.78101548445,-0.036885519707947956,1.0,1.0,1.0,-0.0009826412567003,-0.0009826412567002,153436.06905617443,0.992627157506679,0.992627157506679,0.007372842493321041,0.0,0.0,0.0,0.0,0.0
2011-05-20,155938.59725885233,-0.04617783835235323,1.0,1.0,1.0,-0.0096481974205054,-0.0096481974205055,151955.68757049413,0.9925553298594322,0.9925553298594322,0.007444670140567822,0.0,0.0,0.0,0.0,0.0
2011-05-23,153886.59654245756,-0.05872921301789047,1.0,1.0,1.0,-0.0131590302366804,-0.0131590302366804,149956.09808311844,0.992456058910532,0.992456058910532,0.007543941089467987,0.0,0.0,0.0,0.0,0.0
2011-05-24,154310.58248743607,-0.05613583846113257,1.0,1.0,1.0,0.0027551843663105,0.0027551843663103,150369.25478018995,0.9924767867500628,0.9924767867500628,0.007523213249937211,0.0,0.0,0.0,0.0,0.0
2011-05-25,155006.50597780425,-0.05187911652318611,1.0,1.0,1.0,0.0045098882989755,0.0045098882989757,151047.40332284884,0.9925105632731231,0.9925105632731231,0.0074894367268768525,0.0,0.0,0.0,0.0,0.0
2011-05-26,156076.19019195056,-0.04533623023747868,1.0,1.0,1.0,0.0069008988196888,0.0069008988196886,152089.7661701565,0.9925618928976466,0.9925618928976466,0.007438107102353375,0.0,0.0,0.0,0.0,0.0
2011-05-27,157389.84572111597,-0.03730105627468483,1.0,1.0,1.0,0.0084167580432978,0.0084167580432979,153369.86893287246,0.9926239751144298,0.9926239751144298,0.007376024885570209,0.0,0.0,0.0,0.0,0.0
2011-05-31,158967.8535657273,-0.027648931144011457,1.0,1.0,1.0,0.0100261096094309,0.010026109609431072,154907.57204957752,0.7959376413222484,0.7959376413222484,0.20406235867775158,0.1989312165840276,0.0,30.510054614149176,0.0,30.510054614149176
2011-06-01,155197.97281794838,-0.05070798045706537,1.0,1.0,1.0,-0.0237147364276402,-0.0237147364276402,151233.9798077761,0.7909808062337643,0.7909808062337643,0.20901919376623568,0.0,0.0,0.0,0.0,0.0
2011-06-02,155699.07100192684,-0.04764293715513901,1.0,1.0,1.0,0.0032287675855551,0.0032287675855551,151722.27917961395,0.7916535086316585,0.7916535086316585,0.2083464913683415,0.0,0.0,0.0,0.0,0.0
2011-06-03,155004.68996572643,-0.051890224437429855,1.0,1.0,1.0,-0.0044597635151709,-0.0044597635151709,151045.63369449016,0.7907201700817278,0.7907201700817278,0.2092798299182722,0.0,0.0,0.0,0.0,0.0
2011-06-06,152762.0755894423,-0.0656075165622183,1.0,1.0,1.0,-0.0144680420752427,-0.014468042075242802,148860.29911091656,0.9878878982538958,0.9878878982538958,0.01211210174610422,0.1971458207491012,0.0,29.778015425268368,0.0,29.778015425268368
2011-06-07,152848.05926175416,-0.06508158434509859,1.0,1.0,1.0,0.0005628600683778,0.0005628600683777552,148944.08662905288,0.7866762428144313,0.7866762428144313,0.21332375718556873,0.2015332601241448,0.0,30.000301382878355,0.0,30.000301382878355
2011-06-08,151927.96091016915,-0.07070950593772685,1.0,1.0,1.0,-0.0060196927329598,-0.0060196927329598,148047.48899315463,0.7853843223794799,0.7853843223794799,0.21461567762052014,0.0,0.0,0.0,0.0,0.0
2011-06-09,153020.6546487745,-0.06402587839396134,1.0,1.0,1.0,0.0071921832693551,0.007192183269355,149112.2736665612,0.7869168554070031,0.7869168554070031,0.21308314459299693,0.0,0.0,0.0,0.0,0.0
2011-06-10,151551.2119976114,-0.07301394799691585,1.0,1.0,1.0,-0.0096029039644086,-0.0096029039644084,147680.36282262663,0.784850798284914,0.784850798284914,0.215149201715086,0.0,0.0,0.0,0.0,0.0
2011-06-13,151972.0936343398,-0.07043956141399876,1.0,1.0,1.0,0.0027771578411068,0.002777157841106643,148090.49450021697,0.9856866948216576,0.9856866948216576,0.014313305178342395,0.200595550678357,0.0,29.624023704784353,0.0,29.624023704784353
2011-06-14,153520.51059547538,-0.060968433425393154,1.0,1.0,1.0,0.0101888243038963,0.0101888243038964,149599.36252975682,0.9858310596653002,0.9858310596653002,0.014168940334699842,0.0,0.0,0.0,0.0,0.0
2011-06-15,150652.71115710965,-0.07850976512618624,1.0,1.0,1.0,-0.018680236453371,-0.0186802364533711,146804.81106442734,0.9855613421220712,0.9855613421220712,0.014438657877928751,0.0,0.0,0.0,0.0,0.0
2011-06-16,150463.82542982063,-0.07966511342272209,1.0,1.0,1.0,-0.0012537824632444,-0.0012537824632444,146620.74976679488,0.9855432164603942,0.9855432164603942,0.014456783539605778,0.0,0.0,0.0,0.0,0.0
2011-06-17,151326.3405826607,-0.07438940822851581,1.0,1.0,1.0,0.0057323755419362,0.0057323755419361,147461.23496669836,0.9856256158286484,0.9856256158286484,0.014374384171351617,0.0,0.0,0.0,0.0,0.0
2011-06-20,151792.4589489184,-0.07153832430508156,1.0,1.0,1.0,0.0030802196396411,0.0030802196396409,147915.44795872847,0.9856697561272662,0.9856697561272662,0.01433024387273385,0.0,0.0,0.0,0.0,0.0
2011-06-21,153993.71090985485,-0.058074031688506,1.0,1.0,1.0,0.0145017214700844,0.0145017214700844,150060.47658614872,0.9858745987616776,0.9858745987616776,0.0141254012383224,0.0,0.0,0.0,0.0,0.0
2011-06-22,153216.58211029432,-0.06282745825835667,1.0,1.0,1.0,-0.0050464969963316,-0.0050464969963313,149303.1968417887,0.9858029534086976,0.9858029534086976,0.014197046591302387,0.0,0.0,0.0,0.0,0.0
2011-06-23,152547.639252001,-0.06691914905416985,1.0,1.0,1.0,-0.0043659951754553,-0.0043659951754553,148651.3398046974,0.9857406973621756,0.9857406973621756,0.014259302637824378,0.0,0.0,0.0,0.0,0.0
2011-06-24,151250.71517096448,-0.07485198256820824,1.0,1.0,1.0,-0.008501764349785,-0.0085017643497851,147387.54114339803,0.9856184286314202,0.9856184286314202,0.01438157136857976,0.0,0.0,0.0,0.0,0.0
2011-06-27,152991.71429548084,-0.06420289646916943,1.0,1.0,1.0,0.0115106835861795,0.0115106835861797,149084.07249404473,0.9857820865345764,0.9857820865345764,0.01421791346542356,0.0,0.0,0.0,0.0,0.0
2011-06-28,155013.32188083537,-0.05183742601501817,1.0,1.0,1.0,0.0132138370673466,0.0132138370673465,151054.0451373175,0.9859675095766792,0.9859675095766792,0.014032490423320776,0.0,0.0,0.0,0.0,0.0
2011-06-29,156886.39402960023,-0.040380495163631513,1.0,1.0,1.0,0.0120832979129674,0.0120832979129676,152879.2761656706,0.9861350439709288,0.9861350439709288,0.01386495602907123,0.0,0.0,0.0,0.0,0.0
2011-06-30,157984.74006747233,-0.033662294471205945,1.0,1.0,1.0,0.0070009005220992,0.0070009005220992,153949.568769997,0.9862314363156154,0.9862314363156154,0.013768563684384616,0.0,0.0,0.0,0.0,0.0
2011-07-01,160606.6755705222,-0.017624826947572836,1.0,1.0,1.0,0.0165961313854114,0.0165961313854115,156504.5360400313,0.986456210820298,0.986456210820298,0.013543789179702004,0.0,0.0,0.0,0.0,0.0
2011-07-05,160125.88481168213,-0.02056565679315503,1.0,1.0,1.0,-0.0029935913755275,-0.0029935913755274,156036.02541071095,0.9864155445115064,0.9864155445115064,0.01358445548849363,0.0,0.0,0.0,0.0,0.0
2011-07-06,159561.8442372579,-0.02401569680513005,1.0,1.0,1.0,-0.0035224821713714,-0.0035224821713716,155486.39129311003,0.9863675243591096,0.9863675243591096,0.013632475640890429,0.0,0.0,0.0,0.0,0.0
2011-07-07,161519.11962581196,-0.012043724023103608,1.0,1.0,1.0,0.0122665628359353,0.0122665628359353,157393.67488203978,0.9865327215761251,0.9865327215761251,0.013467278423874851,0.0,0.0,0.0,0.0,0.0
2011-07-08,159794.25560779448,-0.022594117287720983,1.0,1.0,1.0,-0.0106790082933428,-0.0106790082933427,155712.8665226548,0.9863873519951876,0.9863873519951876,0.013612648004812433,0.0,0.0,0.0,0.0,0.0
2011-07-11,156025.29054909537,-0.04564756564916417,1.0,1.0,1.0,-0.0235863613767807,-0.023586361376780565,152040.16658183708,0.7943676773042,0.7943676773042,0.2056323226958,0.187356913330468,0.0,29.173882037523782,0.0,29.173882037523782
2011-07-12,155179.904819319,-0.05081849612036016,1.0,1.0,1.0,-0.0054182608909185,-0.0054182608909186265,151216.37329339795,0.9934874859929296,0.9934874859929296,0.006512514007070425,0.1989561390496262,0.0,30.249324523584313,0.0,30.249324523584313
2011-07-13,155926.34113245882,-0.04625280481463756,1.0,1.0,1.0,0.0048101351396556,0.004810135139655594,151943.7444842678,0.8040354887934831,0.8040354887934831,0.19596451120651692,0.1905851981791056,0.0,28.819602472047865,0.0,28.819602472047865
2011-07-14,154959.38425092568,-0.052167343736858496,1.0,1.0,1.0,-0.0062013696628187,-0.0062013696628185,151001.485156768,0.8028126571878762,0.8028126571878762,0.1971873428121238,0.0,0.0,0.0,0.0,0.0
2011-07-15,155197.5576343012,-0.05071051999102816,1.0,1.0,1.0,0.0015370052257683,0.0015370052257683,151233.57522855274,0.8031152700466885,0.8031152700466885,0.19688472995331152,0.0,0.0,0.0,0.0,0.0
2011-07-18,153959.43094549782,-0.05828371030739177,1.0,1.0,1.0,-0.0079777459624772,-0.0079777459624772,150027.07218438215,0.8015319423006971,0.8015319423006971,0.19846805769930287,0.0,0.0,0.0,0.0,0.0
2011-07-19,156040.50036225645,-0.04555453251225905,1.0,1.0,1.0,0.0135169986273546,0.013516998627354608,152054.98791316448,1.0,1.0,0.0,0.1982697879113915,0.0,29.74583578296448,0.0,29.74583578296448
2011-07-20,156788.80572551873,-0.04097740887702106,1.0,1.0,1.0,0.0047955842331002,0.004795584233100059,152784.18041576506,0.8077485916714143,0.8077485916714143,0.19225140832858567,0.1933667328840415,0.0,29.402376231491036,0.0,29.402376231491036
2011-07-21,158797.8033460066,-0.028689069192024075,1.0,1.0,1.0,0.0128133995994899,0.01281339959949,154741.86517191282,0.8101808206678446,0.8101808206678446,0.18981917933215542,0.0,0.0,0.0,0.0,0.0
2011-07-22,159043.15879984057,-0.027188315219231263,1.0,1.0,1.0,0.0015450809058066,0.0015450809058067,154980.95387311885,0.8104736542058784,0.8104736542058784,0.18952634579412164,0.0,0.0,0.0,0.0,0.0
2011-07-25,158287.6153313223,-0.03180971182679859,1.0,1.0,1.0,-0.0047505562277541,-0.0047505562277542,154244.7081375136,0.8095690010378009,0.8095690010378009,0.19043099896219906,0.0,0.0,0.0,0.0,0.0
2011-07-26,158266.91248177527,-0.03193634395671585,1.0,1.0,1.0,-0.0001307926049911,-0.00013079260499123692,154224.53407033018,1.0,1.0,0.0,0.1902407582039949,0.0,29.343630225034495,0.0,29.343630225034495
2011-07-27,154594.56943278544,-0.05439878909135265,1.0,1.0,1.0,-0.0232034794348611,-0.023203479434860987,150645.98826567826,0.7926588252361275,0.7926588252361275,0.20734117476387248,0.2027328709501891,0.0,31.266382563033297,0.0,31.266382563033297
2011-07-28,154496.3936649507,-0.05499929611619203,1.0,1.0,1.0,-0.0006350531470474,-0.0006350531470473,150550.3200567401,0.7925270688983044,0.7925270688983044,0.20747293110169562,0.0,0.0,0.0,0.0,0.0
2011-07-29,154100.5934623388,-0.057420268290317766,1.0,1.0,1.0,-0.0025618734083222,-0.0025618734083221,150164.62919517234,0.791994184330364,0.791994184330364,0.20800581566963605,0.0,0.0,0.0,0.0,0.0
2011-08-01,153627.70763021865,-0.06031274644860629,1.0,1.0,1.0,-0.0030686827447923,-0.0030686827447924,149703.82158868297,0.7913539156916785,0.7913539156916785,0.20864608430832154,0.0,0.0,0.0,0.0,0.0
2011-08-02,149966.0097963343,-0.08271007850500833,1.0,1.0,1.0,-0.0238348790746655,-0.023834879074665284,146135.64910410144,0.9864994831853436,0.9864994831853436,0.01350051681465636,0.195272078600787,0.0,29.232976416103508,0.0,29.232976416103508
2011-08-03,151166.82687043672,-0.07536509812492642,1.0,1.0,1.0,0.0080072616170372,0.0080072616170369,147305.79547805348,0.9866067266291326,0.9866067266291326,0.013393273370867376,0.0,0.0,0.0,0.0,0.0
2011-08-04,143008.2447541659,-0.12526830725283533,0.75,1.0,1.0,-0.0539707175520952,-0.0539707175520951,139355.59599652074,0.9858426439652992,0.9858426439652992,0.014157356034700808,0.0,0.0,0.0,0.0,0.0
2011-08-05,141147.5957088146,-0.13664925030158315,0.75,0.75,1.0,-0.0130107816409452,-0.013155402595637269,137522.31702723153,0.7808386787493843,0.5856290090620382,0.4143709909379618,0.15176614498572233,0.19520966968734607,21.14946158657972,27.203559863564063,48.353021450143785
2011-08-08,133873.7680684902,-0.18114072403101455,0.5,0.75,0.75,-0.0515334859499143,-0.038650114462435874,132207.06373298963,0.7689308815819272,0.5766981611864455,0.42330183881355454,0.0,0.0,0.0,0.0,0.0
2011-08-09,138240.61929175147,-0.1544302139547269,0.5,0.5,0.75,0.03261917017998,0.024471009785099276,135442.30408325884,0.991665581898128,0.495832790949064,0.5041672090509359,0.50909709117744,0.247916395474532,67.30623157957544,32.77629869695451,100.08253027652995
2011-08-10,130306.6194834088,-0.20295973121813704,0.25,0.5,0.5,-0.0573926813189274,-0.02869634065946375,131555.60558558296,0.991158122861242,0.495579061430621,0.504420938569379,0.0,0.0,0.0,0.0,0.0
2011-08-11,136901.8518015695,-0.16261898904874228,0.5,0.25,0.5,0.050613179470905,0.025161595887908575,134865.7545701165,0.7909622817395943,0.19774057043489857,0.8022594295651014,0.052746722890928424,0.19774057043489857,6.939127072571022,26.013880492401704,32.95300756497272
2011-08-12,137237.12848968076,-0.1605682181618302,0.5,0.5,0.25,0.0024490296055106,0.000414389158725619,134921.6414766937,0.7914729706081242,0.3957364853040621,0.6042635146959379,0.0,0.19786824265203104,0.0,26.685649850729074,26.685649850729074
2011-08-15,140134.83282703572,-0.1428439685952928,0.75,0.5,0.5,0.0211145800647734,0.0105572900323866,136346.04837740885,0.7957848869627852,0.3978924434813926,0.6021075565186074,0.0,0.0,0.0,0.0,0.0
2011-08-16,138105.78813370693,-0.15525492925218476,0.5,0.75,0.5,-0.0144792315543215,-0.007537157826445247,135318.3866917762,0.9930246147323366,0.7447684610492524,0.25523153895074757,0.1478576868042126,0.24825615368308415,20.15981131797894,33.848745540063234,54.00855685804217
2011-08-17,138266.97139755916,-0.15426902728915926,0.5,0.5,0.75,0.0011670999892936,0.0006270668054166611,135403.24036023312,0.9930327462141556,0.4965163731070778,0.5034836268929221,0.0,0.2482581865535389,0.0,33.593897287450886,33.593897287450886
2011-08-18,131001.87681430927,-0.19870708394595415,0.5,0.5,0.5,-0.052543962667415,-0.02627198133370745,131845.9289569656,0.9926463566526424,0.4963231783263212,0.5036768216736788,0.0,0.0,0.0,0.0,0.0
2011-08-19,128636.09361086914,-0.2131777569464891,0.25,0.5,0.5,-0.0180591550363324,-0.009029577518166208,130655.41592099404,0.588616823289363,0.2943084116446815,0.7056915883553185,0.19849864904690845,0.0,26.171238780292338,0.0,26.171238780292338
2011-08-22,128113.2134007048,-0.21637603332647892,0.25,0.25,0.5,-0.0040648016858012,-0.002179135294748778,130370.70009271053,0.5869378073925112,0.1467344518481278,0.8532655481518722,0.0,0.1467344518481278,0.0,19.17165083615621,19.17165083615621
2011-08-23,130526.08694761404,-0.2016173250736718,0.25,0.25,0.25,0.0188339163686606,0.004708479092165163,130984.547808328,1.0,0.25,0.75,0.20243594412591226,0.0,26.39171575962401,0.0,26.39171575962401
2011-08-24,133026.16726948976,-0.18632520331021996,0.5,0.25,0.25,0.0191538747566921,0.004788468689173025,131611.76321427367,1.0,0.25,0.75,0.0,0.0,0.0,0.0,0.0
2011-08-25,130879.90674745152,-0.1994531324219031,0.5,0.5,0.25,-0.0161341228278062,-0.004283530706951525,131048.00018514929,1.0,0.5,0.5,0.0,0.25,0.0,32.90294080356842,32.90294080356842
2011-08-26,133199.26705234105,-0.18526641214522133,0.5,0.5,0.5,0.0177212863496687,0.00886064317483435,132209.1697535655,1.0,0.5,0.5,0.0,0.0,0.0,0.0,0.0
2011-08-29,138013.96925865446,-0.15581655337489786,0.5,0.5,0.5,0.0361466118610205,0.0180733059305103,134598.62652534046,1.0,0.5,0.5,0.0,0.0,0.0,0.0,0.0
2011-08-30,138529.9940069324,-0.1526602094708347,0.5,0.5,0.5,0.0037389312911568,0.0018694656455784,134850.25403357163,1.0,0.5,0.5,0.0,0.0,0.0,0.0,0.0
2011-08-31,139329.405153443,-0.1477704895348252,0.75,0.5,0.5,0.0057706719201229,0.00288533596006145,135239.3423207581,1.0,0.5,0.5,0.0,0.0,0.0,0.0,0.0
2011-09-01,136901.5472192969,-0.16262085207256538,0.5,0.75,0.5,-0.0174253089753186,-0.00896265448765935,134027.23882239885,1.0,0.75,0.25,0.0,0.25,0.0,33.80983558018952,33.80983558018952
2011-09-02,132308.1450753056,-0.19071709533314785,0.5,0.5,0.75,-0.0335525948193508,-0.025414446114512948,130621.01078347006,1.0,0.5,0.5,0.0,0.25,0.0,33.506809705599714,33.506809705599714
2011-09-06,131029.31611048811,-0.19853924731502737,0.5,0.5,0.5,-0.0096655346811007,-0.0048327673405504,129989.74982856604,1.0,0.5,0.5,0.0,0.0,0.0,0.0,0.0
2011-09-07,135632.3960683077,-0.1703838082333462,0.5,0.5,0.5,0.0351301532699606,0.0175650766349802,132273.0297460667,1.0,0.5,0.5,0.0,0.0,0.0,0.0,0.0
2011-09-08,133456.5689452708,-0.18369258595963056,0.5,0.5,0.5,-0.0160420901356126,-0.00802104506780615,131212.06181321823,1.0,0.5,0.5,0.0,0.0,0.0,0.0,0.0
2011-09-09,129672.52760068912,-0.20683825071805872,0.25,0.5,0.5,-0.0283541033198108,-0.014177051659905456,129351.86163448953,0.7955631043012079,0.39778155215060396,0.602218447849396,0.0994195549728564,0.0,13.045044792541082,0.0,13.045044792541082
2011-09-12,130404.14303983236,-0.20236321354365083,0.25,0.25,0.5,0.0056420234314871,0.0026218341980322785,129691.00076890197,0.7967100708448865,0.19917751771122164,0.8008224822887784,0.0,0.19917751771122164,0.0,25.763982711683028,25.763982711683028
2011-09-13,131713.15379350685,-0.1943564500570122,0.5,0.25,0.25,0.0100381070966024,0.002509526774150575,130016.46380769792,0.7987304362807863,0.19968260907019658,0.8003173909298034,0.0,0.0,0.0,0.0,0.0
2011-09-14,133302.59641958523,-0.1846343823452935,0.5,0.5,0.25,0.01206745552969,0.002716596758616555,130369.66611184468,1.0,0.5,0.5,0.1005342476119948,0.25,13.071107366079069,32.50411595192448,45.57522331800355
2011-09-15,136030.63170333527,-0.16794793936621388,0.5,0.5,0.5,0.0204649823561067,0.0102324911780534,131703.67257021987,1.0,0.5,0.5,0.0,0.0,0.0,0.0,0.0
2011-09-16,136547.18738535765,-0.16478834792510255,0.5,0.5,0.5,0.0037973482557143,0.00189867412785705,131953.73492587273,1.0,0.5,0.5,0.0,0.0,0.0,0.0,0.0
2011-09-19,134058.68132293154,-0.1800096739692023,0.5,0.5,0.5,-0.0182245135185622,-0.00911225675928105,130751.33861288206,1.0,0.5,0.5,0.0,0.0,0.0,0.0,0.0
2011-09-20,133243.72072213623,-0.18499450450873778,0.5,0.5,0.5,-0.0060791333522979,-0.00303956667614895,130353.91120117248,1.0,0.5,0.5,0.0,0.0,0.0,0.0,0.0
2011-09-21,127741.97668957942,-0.21864675916673249,0.25,0.5,0.5,-0.0412908315884547,-0.0206454157942272,127662.70050402051,1.0,0.5,0.5,0.0,0.0,0.0,0.0,0.0
2011-09-22,123776.55003895696,-0.24290189475368018,0.25,0.25,0.5,-0.0310424713425148,-0.01577123567125755,125649.30196794242,1.0,0.25,0.75,0.0,0.25,0.0,31.91567512600513,31.91567512600513
2011-09-23,124945.9988029556,-0.23574878341613403,0.25,0.25,0.25,0.0094480639800558,0.002362015995013975,125946.08762895303,1.0,0.25,0.75,0.0,0.0,0.0,0.0,0.0
2011-09-26,128847.33624289946,-0.2118856592397178,0.25,0.25,0.25,0.0312241886680695,0.00780604716701735,126929.22872948593,1.0,0.25,0.75,0.0,0.0,0.0,0.0,0.0
2011-09-27,130399.9059162989,-0.20238913055456975,0.25,0.25,0.25,0.0120496839024486,0.00301242097561215,127311.5930005289,1.0,0.25,0.75,0.0,0.0,0.0,0.0,0.0
2011-09-28,126718.67789898383,-0.2249059219501267,0.25,0.25,0.25,-0.0282302965745847,-0.007057574143646175,126413.08199358196,1.0,0.25,0.75,0.0,0.0,0.0,0.0,0.0
2011-09-29,129112.93132571068,-0.21026110649611796,0.25,0.25,0.25,0.0188942424780935,0.0047235606195234,127010.20184947945,1.0,0.25,0.75,0.0,0.0,0.0,0.0,0.0
2011-09-30,125002.70971633648,-0.23540190248389004,0.25,0.25,0.25,-0.0318343140936473,-0.007958578523411825,125999.38118478598,1.0,0.25,0.75,0.0,0.0,0.0,0.0,0.0
2011-10-03,120075.40287756584,-0.26554052462537303,0.0,0.25,0.25,-0.0394176002260427,-0.0098544000565107,124757.7328757183,1.0,0.25,0.75,0.0,0.0,0.0,0.0,0.0
2011-10-04,124646.632088711,-0.2375799054829315,0.25,0.0,0.25,0.0380696554131587,0.0092674138532897,125913.91441767574,1.0,0.0,1.0,0.0,0.25,0.0,31.189433218929576,31.189433218929576
2011-10-05,126707.07846662634,-0.22497687164340086,0.25,0.25,0.0,0.0165303012475213,-0.00025,125882.43593907134,1.0,0.25,0.75,0.0,0.25,0.0,31.478478604418935,31.478478604418935
2011-10-06,129779.03423143696,-0.206186786702379,0.25,0.25,0.25,0.0242445473606256,0.006061136840156415,126645.42660907027,0.8035147636280188,0.2008786909070047,0.7991213090929953,0.050362595593309675,0.0,6.339766213500163,0.0,6.339766213500163
2011-10-07,127985.2998033632,-0.21715843631114828,0.25,0.25,0.25,-0.0138214499645217,-0.00345536249113045,126207.82075229209,0.8007609916430319,0.20019024791075798,0.799809752089242,0.0,0.0,0.0,0.0,0.0
2011-10-10,132164.93525134237,-0.19159306001580456,0.5,0.25,0.25,0.0326571524573584,0.008164288114339625,127238.21776319672,0.8070618037333595,0.20176545093333986,0.7982345490666601,0.0,0.0,0.0,0.0,0.0
2011-10-11,132429.16270873346,-0.18997687256121898,0.5,0.5,0.25,0.0019992251113247,0.0002979445875802182,127276.12770151263,0.8074467610040272,0.4037233805020136,0.5962766194979864,0.0,0.2018616902510068,0.0,25.68452170220457,25.68452170220457
2011-10-12,134038.38122432312,-0.18013384261171095,0.5,0.5,0.5,0.0121515418709472,0.0060757709354736225,128049.42829898109,1.0,0.5,0.5,0.09618043905892755,0.0,12.241473844051615,0.0,12.241473844051615
2011-10-13,132961.94521915665,-0.18671802725471442,0.5,0.5,0.5,-0.0080308042766121,-0.0040154021383062,127535.25835078048,1.0,0.5,0.5,0.0,0.0,0.0,0.0,0.0
2011-10-14,135408.60901548565,-0.1717526357989626,0.5,0.5,0.5,0.0184012334679388,0.009200616733969469,128708.6613829338,0.8081050507088879,0.40405252535444397,0.595947474645556,0.0978108373645326,0.0,12.47433041279184,0.0,12.47433041279184
2011-10-17,132431.81893913008,-0.18996062532375968,0.5,0.5,0.5,-0.0219837578865841,-0.01099187894329205,127293.91135805943,0.8037916539336379,0.40189582696681897,0.5981041730331811,0.0,0.0,0.0,0.0,0.0
2011-10-18,135667.92215418103,-0.1701665075225649,0.5,0.5,0.5,0.0244359946195287,0.01221799730976425,128849.18802458156,0.8084718351396535,0.40423591756982674,0.5957640824301733,0.0,0.0,0.0,0.0,0.0
2011-10-19,134067.8185974922,-0.17995378443879595,0.5,0.5,0.5,-0.0117942659641414,-0.005897132982070658,128089.34722816879,1.0,0.5,0.5,0.0956684140161571,0.0,12.326797465581341,0.0,12.326797465581341
2011-10-20,135137.06917542874,-0.17341355055495855,0.5,0.5,0.5,0.007975445480669,0.00398772274033455,128600.13203090517,1.0,0.5,0.5,0.0,0.0,0.0,0.0,0.0
2011-10-21,138164.10023051308,-0.1548982544378441,0.5,0.5,0.5,0.0223997092252665,0.0111998546126333,130040.43481281675,1.0,0.5,0.5,0.0,0.0,0.0,0.0,0.0
2011-10-24,141170.5985335902,-0.13650855002315843,0.75,0.5,0.5,0.0217603436642448,0.0108801718321223,131455.2970887041,1.0,0.5,0.5,0.0,0.0,0.0,0.0,0.0
2011-10-25,137695.57059710863,-0.15776408724374003,0.5,0.75,0.5,-0.0246158050796585,-0.0125579025398293,129804.49427951986,1.0,0.75,0.25,0.0,0.25,0.0,32.863824272176025,32.863824272176025
2011-10-26,139617.3735213355,-0.1460090871881473,0.75,0.5,0.75,0.0139568972036869,0.0102176729027654,131130.79414337687,1.0,0.5,0.5,0.0,0.25,0.0,32.45112356987997,32.45112356987997
2011-10-27,146452.4207107225,-0.10420148086267311,0.75,0.75,0.5,0.0489555634588878,0.02422778172944395,134307.80240189124,1.0,0.75,0.25,0.0,0.25,0.0,32.78269853584422,32.78269853584422
2011-10-28,146518.72781505767,-0.103795903368061,0.75,0.75,0.75,0.0004527552635413,0.00033956644765605,134353.40882524534,1.0,0.75,0.25,0.0,0.0,0.0,0.0,0.0
2011-10-31,141914.95364607376,-0.1319555886979774,0.75,0.75,0.75,-0.0314210629428546,-0.02356579720714095,131187.2636387815,1.0,0.75,0.25,0.0,0.0,0.0,0.0,0.0
2011-11-01,137153.220865906,-0.1610814519121293,0.5,0.75,0.75,-0.0335534251876175,-0.025165068890713127,127885.92711172742,1.0,0.75,0.25,0.0,0.0,0.0,0.0,0.0
2011-11-02,140302.64101942466,-0.14181754424865767,0.75,0.5,0.75,0.0229627866821866,0.016972090011640024,130056.4185778897,1.0,0.5,0.5,0.0,0.25,0.0,31.971481777931857,31.971481777931857
2011-11-03,143262.15353181298,-0.12371523557325226,0.75,0.75,0.5,0.0210937762175025,0.01029688810875115,131395.59496781114,1.0,0.75,0.25,0.0,0.25,0.0,32.514104644472425,32.514104644472425
2011-11-04,142276.83252879826,-0.1297421014392588,0.75,0.75,0.75,-0.0068777480913402,-0.005158311068505,130717.81561593588,1.0,0.75,0.25,0.0,0.0,0.0,0.0,0.0
2011-11-07,142854.09625399485,-0.12621118001321951,0.75,0.75,0.75,0.0040573276403221,0.003042995730241725,131115.5893707217,1.0,0.75,0.25,0.0,0.0,0.0,0.0,0.0
2011-11-08,144832.9282073336,-0.11410735322210186,0.75,0.75,0.75,0.0138521190867386,0.010389089315053725,132477.76093929005,1.0,0.75,0.25,0.0,0.0,0.0,0.0,0.0
2011-11-09,138279.60828597235,-0.15419173183803514,0.5,0.75,0.75,-0.045247444779822,-0.03393558358486627,127982.05080979883,1.0,0.75,0.25,0.0,0.0,0.0,0.0,0.0
2011-11-10,139548.3993278183,-0.14643097833963226,0.75,0.5,0.75,0.009175546977411,0.0066316602330581745,128830.7842866994,1.0,0.5,0.5,0.0,0.25,0.0,31.99551270244971,31.99551270244971
2011-11-11,142792.50216156527,-0.1265879296532615,0.75,0.75,0.5,0.0232471518797297,0.01137357593986485,130296.05099517651,1.0,0.75,0.25,0.0,0.25,0.0,32.20769607167485,32.20769607167485
2011-11-14,141061.6193342483,-0.1371751378809316,0.75,0.75,0.75,-0.0121216646610654,-0.009091248495799049,129111.49721755806,1.0,0.75,0.25,0.0,0.0,0.0,0.0,0.0
2011-11-15,141914.47665653715,-0.13195850627706862,0.75,0.75,0.75,0.0060459912931241,0.004534493469843075,129696.95245857273,1.0,0.75,0.25,0.0,0.0,0.0,0.0,0.0
2011-11-16,139233.60657353397,-0.14835645612794468,0.75,0.75,0.75,-0.0188907442437423,-0.014168058182806875,127859.39849000693,1.0,0.75,0.25,0.0,0.0,0.0,0.0,0.0
2011-11-17,136494.6593104448,-0.1651096438892915,0.5,0.75,0.75,-0.0196715960355635,-0.01475369702667251,125972.9996626728,0.387929098960228,0.290946824220171,0.7090531757798291,0.4504733404875332,0.0,57.59725035052008,0.0,57.59725035052008
2011-11-18,136724.11370046574,-0.16370615119321452,0.5,0.5,0.75,0.001681050314936,0.0011635486626584135,126119.57537796137,0.3889562941743459,0.19447814708717295,0.8055218529128271,0.0,0.09723907354358648,0.0,12.249497778704836,12.249497778704836
2011-11-21,135602.59503091843,-0.17056609081380814,0.5,0.5,0.5,-0.0082027861742393,-0.0041013930871197,125602.30942335573,0.3839025787654587,0.19195128938272935,0.8080487106172707,0.0,0.0,0.0,0.0,0.0
2011-11-22,135168.99851541605,-0.1732182498877599,0.5,0.5,0.5,-0.003197553228266,-0.00159877661413295,125401.49938836858,0.3819262550670419,0.19096312753352096,0.809036872466479,0.0,0.0,0.0,0.0,0.0
2011-11-23,133726.10626571014,-0.18204391991962876,0.5,0.5,0.5,-0.0106747276783392,-0.005337363839169634,124732.18596015545,0.7757774488818086,0.3878887244409043,0.6121112755590957,0.19792442981383404,0.0,24.82002026424271,0.0,24.82002026424271
2011-11-25,133591.28733925338,-0.18286856040071853,0.5,0.5,0.5,-0.0010081720781496,-0.0005040860390748,124669.31020658964,0.7755511658342293,0.38777558291711467,0.6122244170828853,0.0,0.0,0.0,0.0,0.0
2011-11-28,137212.18002616498,-0.16072081923570614,0.5,0.5,0.5,0.0271042577628313,0.0135521288814157,126358.84476606656,0.7814741468849036,0.3907370734424518,0.6092629265575482,0.0,0.0,0.0,0.0,0.0
2011-11-29,137180.63501474107,-0.16091376909875765,0.5,0.5,0.5,-0.0002298994988483,-0.0001149497494242,126344.31984852317,0.7814238963482137,0.39071194817410687,0.6092880518258932,0.0,0.0,0.0,0.0,0.0
2011-11-30,143360.7892173399,-0.12311191539185606,0.75,0.5,0.5,0.0450512144220263,0.02252560721101315,129190.30237077363,0.7908465148546127,0.39542325742730633,0.6045767425726937,0.0,0.0,0.0,0.0,0.0
2011-12-01,142595.75451471002,-0.1277913665772903,0.75,0.75,0.5,-0.0053364292063853,-0.0029654488408524917,128807.19513835883,0.9899644419788016,0.7424733314841012,0.2575266685158988,0.14922938149534123,0.2474911104947004,19.27898891798667,31.973451398888894,51.252440316875564
2011-12-02,142740.97102385105,-0.1269031276993562,0.75,0.75,0.75,0.001018378910615,0.0007637841829613249,128905.5760366571,0.9899746515822018,0.7424809886866514,0.25751901131334864,0.0,0.0,0.0,0.0,0.0
2011-12-05,144586.7399819261,-0.11561320096895955,0.75,0.75,0.75,0.0129308981495344,0.009698173612150574,130155.7246926349,0.9901026334213786,0.7425769750660339,0.25742302493396607,0.0,0.0,0.0,0.0,0.0
2011-12-06,144868.6740546571,-0.11388870830696629,0.75,0.75,0.75,0.0019499303516092,0.0014624477637070498,130346.07064114531,0.9901218950380604,0.7425914212785453,0.25740857872145473,0.0,0.0,0.0,0.0,0.0
2011-12-07,146011.24636232876,-0.10689999090473723,0.75,0.75,0.75,0.0078869522008642,0.005915214150648076,131117.0955626832,0.9901991935302172,0.7426493951476629,0.2573506048523371,0.0,0.0,0.0,0.0,0.0
2011-12-08,141361.63134913324,-0.13534006873456228,0.75,0.75,0.75,-0.031844225215758,-0.0238831689118185,127985.60382213257,0.9898768289927652,0.7424076217445739,0.25759237825542614,0.0,0.0,0.0,0.0,0.0
2011-12-09,144031.3450725456,-0.11901035845495411,0.75,0.75,0.75,0.0188857025625202,0.01416427692189015,129798.42735668458,0.7983449504171887,0.5987587128128915,0.4012412871871085,0.1466518587554262,0.0,18.76932669445133,0.0,18.76932669445133
2011-12-12,141482.70296316597,-0.13459951578204876,0.75,0.75,0.75,-0.0176950517826236,-0.013271288836967701,128075.83493664984,0.7947123752672103,0.5960342814504077,0.4039657185495923,0.0,0.0,0.0,0.0,0.0
2011-12-13,140187.19517935172,-0.1425236862985878,0.75,0.75,0.75,-0.0091566513551237,-0.006867488516342625,127196.2756110014,0.7928152568076975,0.5946114426057731,0.40538855739422686,0.0,0.0,0.0,0.0,0.0
2011-12-14,139401.8644167503,-0.14732728142359375,0.75,0.75,0.75,-0.005602014945778,-0.0042015112093335,126661.8590332363,0.791648066160346,0.5937360496202595,0.4062639503797405,0.0,0.0,0.0,0.0,0.0
2011-12-15,140022.4664775313,-0.14353127447250835,0.75,0.75,0.75,0.004451892113334,0.0033389190850003697,127084.772731704,0.9928115634046414,0.7446086725534811,0.25539132744651893,0.15069792340168042,0.0,19.08767913050509,0.0,19.08767913050509
2011-12-16,140304.74693918828,-0.1418046630699341,0.75,0.75,0.75,0.0020159655000955,0.001511974125071625,127276.92161976494,0.992826025888948,0.744619519416711,0.255380480583289,0.0,0.0,0.0,0.0,0.0
2011-12-19,138204.98206253618,-0.15464819449067368,0.5,0.75,0.75,-0.0149657436577124,-0.011224307743284374,125848.3262828868,0.9927170308394236,0.7445377731295677,0.2554622268704323,0.0,0.0,0.0,0.0,0.0
2011-12-20,142993.14982953307,-0.12536063765657302,0.75,0.5,0.75,0.0346454063778272,0.02573581455756825,129087.13547048354,0.9929609032083048,0.4964804516041524,0.5035195483958477,0.0,0.2482402258020762,0.0,31.24061693327718,31.24061693327718
2011-12-21,143320.49732229015,-0.12335836689974944,0.75,0.75,0.5,0.0022892529687423,0.0008963822392021145,129202.84688602874,0.9929769806761416,0.7447327355071062,0.25526726449289383,0.0,0.2482442451690354,0.0,32.0451385059032,32.0451385059032
2011-12-22,145053.22310879573,-0.11275988593173136,0.75,0.75,0.75,0.0120898672477332,0.0090674004357999,130374.38083618972,0.9930608737908256,0.7447956553431192,0.2552043446568808,0.0,0.0,0.0,0.0,0.0
2011-12-23,146016.21193254064,-0.1068696182388511,0.75,0.75,0.75,0.006638865397859,0.004979149048394175,131023.53431046523,0.9931066378939862,0.7448299784204897,0.2551700215795103,0.0,0.0,0.0,0.0,0.0
2011-12-27,145506.756102672,-0.1099857823537731,0.75,0.75,0.75,-0.0034890360674745,-0.0026167770506059502,130680.67493279232,0.993082502495697,0.7448118768717727,0.25518812312822725,0.0,0.0,0.0,0.0,0.0
2011-12-28,143044.89089939592,-0.12504415552854276,0.75,0.75,0.75,-0.0169192501380412,-0.012689437603530977,129022.41066224534,0.9929634493348848,0.7447225870011636,0.25527741299883644,0.0,0.0,0.0,0.0,0.0
2011-12-29,144906.09221161378,-0.11365983445545891,0.75,0.75,0.75,0.0130113092506523,0.009758481937989375,130281.47352628871,0.9930538281252554,0.7447903710939416,0.25520962890605836,0.0,0.0,0.0,0.0,0.0
2011-12-30,144840.65819864144,-0.11406007155387887,0.75,0.75,0.75,-0.000451561504238,-0.00033867112817865,130237.3509526688,0.9930506900844164,0.7447880175633123,0.25521198243668775,0.0,0.0,0.0,0.0,0.0
2012-01-03,148418.61646795992,-0.0921749452880487,1.0,0.75,0.75,0.0247027203122172,0.018527040234162826,132650.26359375968,0.993218218535161,0.7449136639013707,0.2550863360986293,0.0,0.0,0.0,0.0,0.0
2012-01-04,148077.56577113798,-0.09426103377795703,1.0,1.0,0.75,-0.0022978970222079,-0.0019717234163576505,132388.71396284585,0.9932025988072012,0.9932025988072012,0.006797401192798813,0.0,0.2483006497018003,0.0,32.93714663344559,32.93714663344559
2012-01-05,148091.7999356499,-0.09417396834449354,1.0,1.0,1.0,9.61264080605595e-05,9.612640806057484e-05,132401.44001438687,0.9932032521541584,0.9932032521541584,0.006796747845841611,0.0,0.0,0.0,0.0,0.0
2012-01-06,147152.23291041006,-0.09992097304237146,1.0,1.0,1.0,-0.0063444905501054,-0.0063444905501054,131561.42032939525,0.9931598549183264,0.9931598549183264,0.006840145081673632,0.0,0.0,0.0,0.0,0.0
2012-01-09,147834.11131400423,-0.0957501600151297,1.0,1.0,1.0,0.0046338298108552,0.004633829810855,132171.05356087603,0.9931914047897814,0.9931914047897814,0.006808595210218593,0.0,0.0,0.0,0.0,0.0
2012-01-10,150204.13567246252,-0.08125354534448603,1.0,1.0,1.0,0.0160316474823885,0.0160316474823883,134289.97329893985,0.993298835496818,0.993298835496818,0.006701164503182033,0.0,0.0,0.0,0.0,0.0
2012-01-11,150810.21674138727,-0.07754635824996636,1.0,1.0,1.0,0.0040350491430301,0.00403504914303,134831.83994061724,0.9933257663575572,0.9933257663575572,0.006674233642442795,0.0,0.0,0.0,0.0,0.0
2012-01-12,151666.79849525087,-0.07230694559357398,1.0,1.0,1.0,0.005679865544736,0.0056798655447364,135597.66666262934,0.9933634610067216,0.9933634610067216,0.006636538993278429,0.0,0.0,0.0,0.0,0.0
2012-01-13,150521.15803329498,-0.07931442982840953,1.0,1.0,1.0,-0.0075536668098902,-0.0075536668098903,134573.40706846127,0.993312949253441,0.993312949253441,0.0066870507465589535,0.0,0.0,0.0,0.0,0.0
2012-01-17,151528.94263896046,-0.07315016191816637,1.0,1.0,1.0,0.0066953019683955,0.0066953019683955,135474.41666570044,0.9933574233102274,0.9933574233102274,0.006642576689772639,0.0,0.0,0.0,0.0,0.0
2012-01-18,153736.2291162251,-0.059648958264106655,1.0,1.0,1.0,0.0145667648623657,0.014566764862365543,137447.84063813582,0.7998680704526846,0.7998680704526846,0.2001319295473154,0.1966012288455556,0.0,26.634436793611528,0.0,26.634436793611528
2012-01-19,154672.80683465343,-0.05392023811626889,1.0,1.0,1.0,0.0060921080464402,0.0060921080464403,138285.18773405324,0.8010799131145978,0.8010799131145978,0.1989200868854022,0.0,0.0,0.0,0.0,0.0
2012-01-20,155012.83998993872,-0.051840373574024046,1.0,1.0,1.0,0.0021984029529429,0.0021984029529428,138589.19429911603,0.8015162603539467,0.8015162603539467,0.19848373964605326,0.0,0.0,0.0,0.0,0.0
2012-01-23,155411.86810316896,-0.04939965739336183,1.0,1.0,1.0,0.0025741616840007,0.0025741616840009,138945.94529289738,0.8020258777538566,0.8020258777538566,0.1979741222461434,0.0,0.0,0.0,0.0,0.0
2012-01-24,155221.16311741533,-0.050566133461160345,1.0,1.0,1.0,-0.0012270940957163,-0.001227094095716343,138775.44554380473,1.0,1.0,0.0,0.1977763459002432,0.0,27.48022133768434,0.0,27.48022133768434
2012-01-25,156556.77949093044,-0.04239663265179061,1.0,1.0,1.0,0.0086046022764614,0.0086046022764615,139969.5530584479,1.0,1.0,0.0,0.0,0.0,0.0,0.0,0.0
2012-01-26,155604.8280878588,-0.04821938828139316,1.0,1.0,1.0,-0.0060805504952712,-0.0060805504952711,139118.46112327545,1.0,1.0,0.0,0.0,0.0,0.0,0.0,0.0
2012-01-27,155891.31088356327,-0.04646707266308525,1.0,1.0,1.0,0.0018410919456992,0.0018410919456992,139374.5910015476,1.0,1.0,0.0,0.0,0.0,0.0,0.0,0.0
2012-01-30,154582.74803004868,-0.054471096500232186,1.0,1.0,1.0,-0.0083940717805111,-0.0083940717805111,138204.67068030123,1.0,1.0,0.0,0.0,0.0,0.0,0.0,0.0
2012-01-31,154982.7330776094,-0.05202452708510663,1.0,1.0,1.0,0.0025875141479756,0.0025875141479757,138562.27722100285,1.0,1.0,0.0,0.0,0.0,0.0,0.0,0.0
2012-02-01,157084.40461683364,-0.0391693332725791,1.0,1.0,1.0,0.0135606818739724,0.0135606818739723,140441.27618213,1.0,1.0,0.0,0.0,0.0,0.0,0.0,0.0
2012-02-02,157512.76988090557,-0.03654917194411966,1.0,1.0,1.0,0.0027269751259957,0.0027269751259955,140824.25604894172,1.0,1.0,0.0,0.0,0.0,0.0,0.0,0.0
2012-02-03,160118.58762450083,-0.02061029114907187,1.0,1.0,1.0,0.0165435332358483,0.016543533235848392,143153.98680930102,0.7921078228179912,0.7921078228179912,0.2078921771820088,0.2115429913160083,0.0,29.79038437444462,0.0,29.79038437444462
2012-02-06,160011.04839933582,-0.02126807118564955,1.0,1.0,1.0,-0.0006716223691481,-0.0006716223691484,143057.84138952714,0.7919681039431029,0.7919681039431029,0.2080318960568971,0.0,0.0,0.0,0.0,0.0
2012-02-07,160452.20998162637,-0.01856963922939836,1.0,1.0,1.0,0.0027570695067853,0.0027570695067852,143452.2618017287,0.7925400853476711,0.7925400853476711,0.20745991465232894,0.0,0.0,0.0,0.0,0.0
2012-02-08,160707.33626688243,-0.017009120479238526,1.0,1.0,1.0,0.0015900453180748,0.0015900453180752,143680.35739897384,0.792869432337014,0.792869432337014,0.207130567662986,0.0,0.0,0.0,0.0,0.0
2012-02-09,160494.68768605805,-0.018309817885772905,1.0,1.0,1.0,-0.001323203941799,-0.0013232039417992,143490.23898370442,0.7925949932144863,0.7925949932144863,0.20740500678551366,0.0,0.0,0.0,0.0,0.0
2012-02-10,159132.73762493336,-0.026640392702998672,1.0,1.0,1.0,-0.008485951035269,-0.008485951035269,142272.58784164966,0.7908199011379907,0.7908199011379907,0.20918009886200928,0.0,0.0,0.0,0.0,0.0
2012-02-13,160261.1560264589,-0.019738249821724452,1.0,1.0,1.0,0.0070910512718329,0.0070910512718328,143281.4500566111,0.7922927637994197,0.7922927637994197,0.2077072362005803,0.0,0.0,0.0,0.0,0.0
2012-02-14,159858.90046254636,-0.022198707195654532,1.0,1.0,1.0,-0.0025100003886538,-0.00251000038865387,142921.81356128212,0.9920101546958748,0.9920101546958748,0.007989845304125165,0.19953790750377,0.0,28.590080728402107,0.0,28.590080728402107
2012-02-15,159603.0166709229,-0.02376385934879177,1.0,1.0,1.0,-0.001600685297366,-0.001600685297366,142693.0407156417,0.9919973449636182,0.9919973449636182,0.008002655036381756,0.0,0.0,0.0,0.0,0.0
2012-02-16,161706.40764964744,-0.010898148322887824,1.0,1.0,1.0,0.0131788923705711,0.0131788923705712,144573.57694126264,0.9921014392456818,0.9921014392456818,0.007898560754318162,0.0,0.0,0.0,0.0,0.0
2012-02-17,162087.74527152715,-0.008565638724798319,1.0,1.0,1.0,0.0023582097173657,0.0023582097173658,144914.51175527988,0.9921200218866414,0.9921200218866414,0.00787997811335861,0.0,0.0,0.0,0.0,0.0
2012-02-21,162261.19439480687,-0.007504710765904865,1.0,1.0,1.0,0.0010700939974774,0.0010700939974773,145069.58390445655,0.9921284451901942,0.9921284451901942,0.007871554809805836,0.0,0.0,0.0,0.0,0.0
2012-02-22,161753.5025347424,-0.01061008529106977,1.0,1.0,1.0,-0.0031288556820872,-0.0031288556820872,144615.68211255906,0.9921037389288744,0.9921037389288744,0.007896261071125621,0.0,0.0,0.0,0.0,0.0
2012-02-23,162469.8795185472,-0.00622825644780356,1.0,1.0,1.0,0.0044288189904941,0.004428818990494157,145256.15879182244,0.5892680391329437,0.5892680391329437,0.4107319608670563,0.4050598171213431,0.0,58.578001749391476,0.0,58.578001749391476
2012-02-24,162733.14287600806,-0.004617966057162803,1.0,1.0,1.0,0.0016203825486975,0.0016203825486974,145491.5293366195,0.5899325053450706,0.5899325053450706,0.4100674946549294,0.0,0.0,0.0,0.0,0.0
2012-02-27,162698.22002124542,-0.004831577013052812,1.0,1.0,1.0,-0.000214601980552,-0.0002146019805518,145460.30656627036,0.5898444851592515,0.5898444851592515,0.4101555148407485,0.0,0.0,0.0,0.0,0.0
2012-02-28,162814.13673650246,-0.004122554783398957,1.0,1.0,1.0,0.0007124645570302,0.00071246455703,145563.94187915354,0.5901364983773777,0.5901364983773777,0.4098635016226223,0.0,0.0,0.0,0.0,0.0
2012-02-29,161575.85306577943,-0.01169670530356448,1.0,1.0,1.0,-0.0076055046296567,-0.007605504629656546,144456.85464528057,0.9875155419432272,0.9875155419432272,0.012484458056772785,0.3970769172521466,0.0,57.800081304444944,0.0,57.800081304444944
2012-03-01,162999.710610831,-0.0029874639395102154,1.0,1.0,1.0,0.0088123164324058,0.008812316432405877,145729.85415924483,0.7991770731205311,0.7991770731205311,0.2008229268794689,0.1902984824837235,0.0,27.489920223368728,0.0,27.489920223368728
2012-03-02,162451.5755756135,-0.006340215300343011,1.0,1.0,1.0,-0.0033627975973908,-0.0033627975973908,145239.79415581003,0.7984994676143516,0.7984994676143516,0.20150053238564836,0.0,0.0,0.0,0.0,0.0
2012-03-05,161168.10352324232,-0.014190767433852836,1.0,1.0,1.0,-0.0079006439169547,-0.0079006439169547,144092.3062596132,0.7968948057972719,0.7968948057972719,0.2031051942027281,0.0,0.0,0.0,0.0,0.0
2012-03-06,158830.92771702772,-0.02848645893564139,1.0,1.0,1.0,-0.0145014786122215,-0.0145014786122216,142002.75476220372,0.7939061400957603,0.7939061400957603,0.20609385990423967,0.0,0.0,0.0,0.0,0.0
2012-03-07,159584.23996225823,-0.0238787099448724,1.0,1.0,1.0,0.0047428561682432,0.0047428561682432546,142676.25340353517,0.9951190475078284,0.9951190475078284,0.004880952492171575,0.2009887689874461,0.0,28.54095887248153,0.0,28.54095887248153
2012-03-08,161750.10637542792,-0.010630858416361355,1.0,1.0,1.0,0.0135719317501648,0.0135719317501648,144612.64577709715,0.995184404442077,0.995184404442077,0.004815595557922991,0.0,0.0,0.0,0.0,0.0
2012-03-09,161933.51734864942,-0.009508997286254872,1.0,1.0,1.0,0.0011339156265888,0.0011339156265888,144776.62431594616,0.995189858736422,0.995189858736422,0.004810141263578038,0.0,0.0,0.0,0.0,0.0
2012-03-12,161141.5892524783,-0.014352946006055078,1.0,1.0,1.0,-0.0048904520147368,-0.0048904520147368,144068.60118187344,0.9951662193641726,0.9951662193641726,0.0048337806358274005,0.0,0.0,0.0,0.0,0.0
2012-03-13,163579.3053126209,0.0,1.0,1.0,1.0,0.0151277896131654,0.01512778961316534,146248.04067041585,0.7998579702665781,0.7998579702665781,0.20014202973342188,0.1985344901062596,0.0,28.602586275965322,0.0,28.602586275965322
2012-03-14,163068.8620758227,-0.0031204634096146933,1.0,1.0,1.0,-0.0031204634096146,-0.0031204634096144517,145791.67901077602,1.0,1.0,0.0,0.5929822046853517,0.0,86.72248558765615,0.0,86.72248558765615
2012-03-15,163944.91814576558,0.0,1.0,1.0,1.0,0.0053723074950724,0.0053723074950724,146574.9167406448,1.0,1.0,0.0,0.0,0.0,0.0,0.0,0.0
2012-03-16,164474.77837220626,0.0,1.0,1.0,1.0,0.0032319405348666,0.0032319405348666,147048.6381554536,1.0,1.0,0.0,0.0,0.0,0.0,0.0,0.0
2012-03-19,165405.85706787262,0.0,1.0,1.0,1.0,0.0056609208103588,0.0056609208103586,147881.0688513227,1.0,1.0,0.0,0.0,0.0,0.0,0.0,0.0
2012-03-20,164402.92421132931,-0.006063466399087503,1.0,1.0,1.0,-0.0060634663990875,-0.0060634663990874,146984.39695928158,1.0,1.0,0.0,0.0,0.0,0.0,0.0,0.0
2012-03-21,164058.20604004318,-0.008147541155549609,1.0,1.0,1.0,-0.0020967885634626,-0.0020967885634625,146676.20175672992,1.0,1.0,0.0,0.0,0.0,0.0,0.0,0.0
2012-03-22,161659.10539991964,-0.02265186816459308,1.0,1.0,1.0,-0.0146234723518673,-0.0146234723518674,144531.28637566345,1.0,1.0,0.0,0.0,0.0,0.0,0.0,0.0
2012-03-23,163072.83310312065,-0.014104844931788874,1.0,1.0,1.0,0.0087451164578924,0.0087451164578922,145795.2293068276,1.0,1.0,0.0,0.0,0.0,0.0,0.0,0.0
2012-03-26,165113.59446640956,-0.0017669422754669206,1.0,1.0,1.0,0.0125144165613313,0.0125144165613314,147619.77153902806,1.0,1.0,0.0,0.0,0.0,0.0,0.0,0.0
2012-03-27,164526.28014496234,-0.005317689098212286,1.0,1.0,1.0,-0.0035570318927719,-0.0035570318927718,147094.68330366004,1.0,1.0,0.0,0.0,0.0,0.0,0.0,0.0
2012-03-28,162460.555046438,-0.01780651588550486,1.0,1.0,1.0,-0.0125555935301292,-0.0125555935301293,145247.8222496562,1.0,1.0,0.0,0.0,0.0,0.0,0.0,0.0
2012-03-29,162585.1721645076,-0.01705311379758212,1.0,1.0,1.0,0.0007670607676673,0.0007670607676673,145359.236155693,1.0,1.0,0.0,0.0,0.0,0.0,0.0,0.0
2012-03-30,163335.8401563483,-0.012514773951897706,1.0,1.0,1.0,0.0046170753571623,0.0046170753571624,146030.3707028834,1.0,1.0,0.0,0.0,0.0,0.0,0.0,0.0
2012-04-02,165110.25109062385,-0.0017871554398916079,1.0,1.0,1.0,0.0108635736809326,0.0108635736809324,147616.78239466806,1.0,1.0,0.0,0.0,0.0,0.0,0.0,0.0
2012-04-03,164023.64561384576,-0.008356484338155501,1.0,1.0,1.0,-0.0065810903296469,-0.0065810903296468,146645.3030155569,1.0,1.0,0.0,0.0,0.0,0.0,0.0,0.0
2012-04-04,161926.56949640822,-0.021034851081704553,1.0,1.0,1.0,-0.012785206118236,-0.0127852061182362,144770.41259023183,1.0,1.0,0.0,0.0,0.0,0.0,0.0,0.0
2012-04-05,161427.10984671375,-0.0240544518295156,1.0,1.0,1.0,-0.0030844823752382,-0.0030844823752383,144323.87080414128,1.0,1.0,0.0,0.0,0.0,0.0,0.0,0.0
2012-04-09,159261.96491086629,-0.03714434461946081,1.0,1.0,1.0,-0.0134125236950808,-0.013412523695080576,142388.123467215,0.6086697404408675,0.6086697404408675,0.3913302595591325,0.386468001181375,0.0,55.77655787243548,0.0,55.77655787243548
2012-04-10,157137.50731239567,-0.04998825254467332,1.0,1.0,1.0,-0.0133393908561884,-0.0133393908561886,140488.75263500656,0.603379058682889,0.603379058682889,0.396620941317111,0.0,0.0,0.0,0.0,0.0
2012-04-11,158258.6761748778,-0.04320996257141041,1.0,1.0,1.0,0.0071349538481171,0.0071349538481173,141491.1334012369,0.6061888828287813,0.6061888828287813,0.39381111717121875,0.0,0.0,0.0,0.0,0.0
2012-04-12,160329.01462102385,-0.03069324470635615,1.0,1.0,1.0,0.0130819901706893,0.013081990170689152,143342.11901763154,1.0,1.0,0.0,0.3934176994717471,0.0,55.6651161983647,0.0,55.6651161983647
2012-04-13,158642.0199029337,-0.04089236792965223,1.0,1.0,1.0,-0.0105220799995419,-0.0105220799995418,141833.86177402418,1.0,1.0,0.0,0.0,0.0,0.0,0.0,0.0
2012-04-16,158595.3192411991,-0.041174707760674445,1.0,1.0,1.0,-0.0002943776293519,-0.0002943776293518,141792.10905803333,1.0,1.0,0.0,0.0,0.0,0.0,0.0,0.0
2012-04-17,160728.1481194721,-0.028280189295116998,1.0,1.0,1.0,0.0134482460672709,0.0134482460672708,143698.96423104306,1.0,1.0,0.0,0.0,0.0,0.0,0.0,0.0
2012-04-18,160457.22034238066,-0.02991814687348915,1.0,1.0,1.0,-0.0016856274414986,-0.0016856274414987,143456.74131362027,1.0,1.0,0.0,0.0,0.0,0.0,0.0,0.0
2012-04-19,159808.7846998973,-0.03383841701372525,1.0,1.0,1.0,-0.0040411745953203,-0.0040411745953203,142877.00757509624,1.0,1.0,0.0,0.0,0.0,0.0,0.0,0.0
2012-04-20,159735.939117986,-0.034278822107006945,1.0,1.0,1.0,-0.0004558296469627,-0.0004558296469627,142811.8799991742,1.0,1.0,0.0,0.0,0.0,0.0,0.0,0.0
2012-04-23,158177.54560840438,-0.043700456486871375,1.0,1.0,1.0,-0.0097560606472569,-0.009756060647257,141418.59863675348,1.0,1.0,0.0,0.0,0.0,0.0,0.0,0.0
2012-04-24,158299.51066045766,-0.04296308808761806,1.0,1.0,1.0,0.0007710642593685,0.0007710642593684,141527.64146377225,1.0,1.0,0.0,0.0,0.0,0.0,0.0,0.0
2012-04-25,161141.29293656733,-0.02578242516258278,1.0,1.0,1.0,0.017951933421987,0.0179519334219871,144068.33626070071,1.0,1.0,0.0,0.0,0.0,0.0,0.0,0.0
2012-04-26,161798.37670511575,-0.021809870742827364,1.0,1.0,1.0,0.0040776870817778,0.0040776870817778,144655.8018543642,1.0,1.0,0.0,0.0,0.0,0.0,0.0,0.0
2012-04-27,162671.32479993947,-0.01653225778341738,1.0,1.0,1.0,0.0053952833928285,0.0053952833928284,145436.26089978532,1.0,1.0,0.0,0.0,0.0,0.0,0.0,0.0
2012-04-30,162004.85004456955,-0.020561587622060506,1.0,1.0,1.0,-0.0040970635493967,-0.0040970635493968,144840.39929649225,1.0,1.0,0.0,0.0,0.0,0.0,0.0,0.0
2012-05-01,163269.16394380806,-0.01291788067207189,1.0,1.0,1.0,0.0078041731398206,0.0078041731398206,145970.75885024286,1.0,1.0,0.0,0.0,0.0,0.0,0.0,0.0
2012-05-02,162447.79570184916,-0.017883655503260987,1.0,1.0,1.0,-0.0050307616093483,-0.0050307616093482,145236.41476053162,1.0,1.0,0.0,0.0,0.0,0.0,0.0,0.0
2012-05-03,160480.27578433938,-0.02977875977821076,1.0,1.0,1.0,-0.0121117058499267,-0.012111705849926501,143477.35402625415,0.986219962775428,0.986219962775428,0.013780037224571995,0.4092567587588016,0.0,59.43898435864415,0.0,59.43898435864415
2012-05-04,157554.7457274945,-0.0474657396028999,1.0,1.0,1.0,-0.0182298419076518,-0.0182298419076518,140861.78454502736,0.9859640903616916,0.9859640903616916,0.014035909638308364,0.0,0.0,0.0,0.0,0.0
2012-05-07,157624.15874419129,-0.04704608688970546,1.0,1.0,1.0,0.0004405644296925,0.0004405644296924,140923.84323680087,0.9859702713610882,0.9859702713610882,0.014029728638911831,0.0,0.0,0.0,0.0,0.0
2012-05-08,157062.64110219467,-0.05044087382138107,1.0,1.0,1.0,-0.0035623831173487,-0.0035623831173488,140421.81851682218,0.9859201134108088,0.9859201134108088,0.014079886589191237,0.0,0.0,0.0,0.0,0.0
2012-05-09,155902.63235155356,-0.05745397947074815,1.0,1.0,1.0,-0.0073856439857415,-0.0073856439857414,139384.71295742656,0.9858153506405772,0.9858153506405772,0.014184649359422763,0.0,0.0,0.0,0.0,0.0
2012-05-10,155870.42944090226,-0.057648669738808556,1.0,1.0,1.0,-0.0002065578378348,-0.0002065578378349,139355.92195249084,0.985812420084746,0.985812420084746,0.01418757991525399,0.0,0.0,0.0,0.0,0.0
2012-05-11,155301.81899801074,-0.06108633786599105,1.0,1.0,1.0,-0.00364796866815,-0.0036479686681501,138847.555915487,0.9857604747427582,0.9857604747427582,0.014239525257241814,0.0,0.0,0.0,0.0,0.0
2012-05-14,153125.06915063463,-0.07424639087719065,1.0,1.0,1.0,-0.0140162546802107,-0.0140162546802108,136901.43321005072,0.9855580527317684,0.9855580527317684,0.014441947268231559,0.0,0.0,0.0,0.0,0.0
2012-05-15,151216.1973242101,-0.08578692432783641,1.0,1.0,1.0,-0.0124660960939498,-0.0124660960939496,135194.8067882548,0.9853757453682264,0.9853757453682264,0.014624254631773637,0.0,0.0,0.0,0.0,0.0
2012-05-16,149864.43965318703,-0.09395929316038865,1.0,1.0,1.0,-0.0089392386195567,-0.0089392386195569,133986.2681502497,0.9852438365016052,0.9852438365016052,0.014756163498394814,0.0,0.0,0.0,0.0,0.0
2012-05-17,147061.92406314838,-0.11090256010219146,0.75,1.0,1.0,-0.0187003374284397,-0.0187003374284396,131480.67972506263,0.9849626326582795,0.9849626326582795,0.015037367341720453,0.0,0.0,0.0,0.0,0.0
2012-05-18,146258.37878594952,-0.1157605820092944,0.75,0.75,1.0,-0.0054639926841554,-0.005710212688450995,130729.89707941042,0.9848800171827816,0.7386600128870862,0.26133998711291384,0.0,0.2462200042956954,0.0,32.37317352670588,32.37317352670588
2012-05-21,150122.41499099642,-0.09239964259914202,1.0,0.75,0.75,0.0264192467954396,0.019814435096579548,133320.23614027296,0.9852691939824548,0.7389518954868411,0.26104810451315885,0.0,0.0,0.0,0.0,0.0
2012-05-22,149321.60938612142,-0.09724110117304485,1.0,1.0,0.75,-0.005334350669239,-0.004247060550249117,132754.01702481168,0.9851901932800672,0.9851901932800672,0.014809806719932816,0.0,0.2462975483200168,0.0,32.83644730279493,32.83644730279493
2012-05-23,150663.41773021148,-0.08912888333580427,1.0,1.0,1.0,0.0089860292130952,0.0089860292130949,133946.94849995236,0.9853220894133856,0.9853220894133856,0.014677910586614384,0.0,0.0,0.0,0.0,0.0
2012-05-24,151248.20689511875,-0.08559340294064932,1.0,1.0,1.0,0.0038814277129597,0.00388142771296,134466.85389792648,0.9853788403875012,0.9853788403875012,0.014621159612498769,0.0,0.0,0.0,0.0,0.0
2012-05-25,150722.99881761224,-0.08876867186290394,1.0,1.0,1.0,-0.0034724912664301,-0.0034724912664303,133999.91892214157,0.9853278916192892,0.9853278916192892,0.014672108380710758,0.0,0.0,0.0,0.0,0.0
2012-05-29,153194.85788569355,-0.07382446667029707,1.0,1.0,1.0,0.0164000125227901,0.01640001252279,136197.51927051754,0.9855646318379184,0.9855646318379184,0.014435368162081574,0.0,0.0,0.0,0.0,0.0
2012-05-30,150061.66794658045,-0.09276690313932379,1.0,1.0,1.0,-0.02045231793257,-0.0204523179325702,133411.96430476956,0.9852632307478748,0.9852632307478748,0.014736769252125193,0.0,0.0,0.0,0.0,0.0
2012-05-31,149401.52813272172,-0.0967579335995562,1.0,1.0,1.0,-0.004399123526294,-0.0043991235262939,132825.06859390737,0.9851981154292262,0.9851981154292262,0.014801884570773804,0.0,0.0,0.0,0.0,0.0
2012-06-01,145893.12223530715,-0.1179688263672466,0.75,1.0,1.0,-0.0234830656771988,-0.0234830656771987,129705.92878453822,0.9848421629461668,0.9848421629461668,0.015157837053833223,0.0,0.0,0.0,0.0,0.0
2012-06-04,145850.6943075281,-0.11822533438051275,0.75,0.75,1.0,-0.0002908151332221,-0.00043607698705070975,129649.36701391124,0.7830142211591288,0.5872606658693466,0.41273933413065345,0.15147510438352627,0.1957535552897822,19.64721910180016,25.390396701736655,45.037615803536816
2012-06-05,147017.1711396813,-0.11117312442355476,0.75,0.75,0.75,0.0079977461724911,0.0059983096293684,130427.04406051229,0.7847358491972858,0.5885518868979643,0.41144811310203566,0.0,0.0,0.0,0.0,0.0
2012-06-06,150066.60909752062,-0.09273703024952562,1.0,0.75,0.75,0.020742053014624,0.015556539760967925,132456.03755734515,0.7891101378972674,0.5918326034229505,0.4081673965770495,0.0,0.0,0.0,0.0,0.0
2012-06-07,149987.9941625984,-0.09321231532295537,1.0,1.0,0.75,-0.0005238669374553,-0.0005901501035327605,132377.86861306714,0.788999601764842,0.788999601764842,0.21100039823515804,0.0,0.1972499004412105,0.0,26.12694022102357,26.12694022102357
2012-06-08,150763.89544934122,-0.08852142165995502,1.0,1.0,1.0,0.0051730892934116,0.005173089293411753,133062.67114787403,0.9903255561846358,0.9903255561846358,0.009674443815364198,0.2010748328252474,0.0,26.61785780113504,0.0,26.61785780113504
2012-06-11,147856.61825758973,-0.10609804949701229,0.75,1.0,1.0,-0.0192836433622689,-0.019283643362268916,130496.73805262755,0.7893013578224647,0.7893013578224647,0.2106986421775353,0.1971583192087138,0.0,26.234412592936668,0.0,26.234412592936668
2012-06-12,149603.5844664084,-0.09553635452570408,1.0,0.75,1.0,0.0118152723185862,0.011617331881221063,132012.76196800172,0.7917617494597436,0.5938213120948077,0.4061786879051923,0.0,0.1979404373649359,0.0,25.830581404834575,25.830581404834575
2012-06-13,148455.8668541259,-0.10247515120816719,0.75,1.0,0.75,-0.0076717253558867,-0.005951331979940684,131227.11019594123,0.7901518521026336,0.7901518521026336,0.2098481478973664,0.0,0.1975379630256584,0.0,26.077532092550168,26.077532092550168
2012-06-14,149611.08708755326,-0.09549099566551711,1.0,0.75,1.0,0.0077815734595554,0.007583630411533841,132222.28809964086,0.7917721920862367,0.5938291440646776,0.40617085593532243,0.0,0.19794304802155918,0.0,25.975494175245633,25.975494175245633
2012-06-15,151248.84851017475,-0.08558952390596841,1.0,1.0,0.75,0.0109467918087051,0.007910969659362667,133268.29460908865,0.994266984342009,0.994266984342009,0.005733015657991003,0.2022298043226055,0.24856674608550225,26.739287449477548,32.86606391290756,59.60535136238511
2012-06-18,151277.7996133581,-0.08541449320453753,1.0,1.0,1.0,0.0001914137097143,0.0001914137097144,133293.80398774706,0.994268081509791,0.994268081509791,0.0057319184902090425,0.0,0.0,0.0,0.0,0.0
2012-06-19,154431.4025607865,-0.06634864509412675,1.0,1.0,1.0,0.0208464358649351,0.020846435864935,136072.50472377083,0.9943851315057464,0.9943851315057464,0.005614868494253633,0.0,0.0,0.0,0.0,0.0
2012-06-20,153818.5977530552,-0.07005350064515992,1.0,1.0,1.0,-0.0039681359980532,-0.0039681359980532,135532.55051943118,0.9943627621794212,0.9943627621794212,0.005637237820578789,0.0,0.0,0.0,0.0,0.0
2012-06-21,149017.3051687366,-0.09908084386885485,1.0,1.0,1.0,-0.0312139926800445,-0.0312139926800444,131302.0384796099,0.9941811320787202,0.9941811320787202,0.0058188679212798355,0.0,0.0,0.0,0.0,0.0
2012-06-22,149788.0192248984,-0.09442131082798122,1.0,1.0,1.0,0.0051719768740219,0.005171976874022,131981.12958613838,0.9942110722790184,0.9942110722790184,0.005788927720981607,0.0,0.0,0.0,0.0,0.0
2012-06-25,146991.43948244202,-0.11132869120755762,0.75,1.0,1.0,-0.0186702498432632,-0.0186702498432632,129517.00892216909,0.9941009352666044,0.9941009352666044,0.005899064733395631,0.0,0.0,0.0,0.0,0.0
2012-06-26,147669.5646506652,-0.1072289260587036,0.75,0.75,1.0,0.0046133650409225,0.004364833034714708,130082.32904127002,0.9941280248315676,0.7455960186236756,0.25440398137632436,0.0,0.2485320062078919,0.0,32.18912206547211,32.18912206547211
2012-06-27,149467.7474596395,-0.09635758908883785,1.0,0.75,0.75,0.012177071241648,0.009132803431235865,131270.3453822813,0.799390470468016,0.599542852851012,0.40045714714898795,0.14803332649881074,0.0,19.25651988669206,0.0,19.25651988669206
2012-06-28,149576.19880917974,-0.09570192095553998,1.0,1.0,0.75,0.0007255836217745,0.00034430373535120626,131315.54225253724,0.7995359239183749,0.7995359239183749,0.2004640760816251,0.0,0.19988398097959373,0.0,26.238839219576615,26.238839219576615
2012-06-29,153084.02349469476,-0.07449454204104589,1.0,1.0,1.0,0.0234517571207306,0.023451757120730846,134395.12245562085,1.0,1.0,0.0,0.2002638122693557,0.0,26.29775110171077,0.0,26.29775110171077
2012-07-02,154188.78277802485,-0.06781546003685324,1.0,1.0,1.0,0.007216685700506,0.0072166857005059,135365.00981406405,1.0,1.0,0.0,0.0,0.0,0.0,0.0,0.0
2012-07-03,156647.34326039985,-0.05295165457096729,1.0,1.0,1.0,0.0159451319225629,0.0159451319225629,137523.42275324833,1.0,1.0,0.0,0.0,0.0,0.0,0.0,0.0
2012-07-05,156030.3531072243,-0.056681813611964005,1.0,1.0,1.0,-0.0039387208256055,-0.0039387208256054,136981.75638404157,1.0,1.0,0.0,0.0,0.0,0.0,0.0,0.0
2012-07-06,153973.2705828201,-0.06911838968532569,1.0,1.0,1.0,-0.0131838612387846,-0.0131838612387848,135175.80791562935,1.0,1.0,0.0,0.0,0.0,0.0,0.0,0.0
2012-07-09,153174.14259927662,-0.0739497058050178,1.0,1.0,1.0,-0.0051900435739179,-0.0051900435739178,134474.2395824077,1.0,1.0,0.0,0.0,0.0,0.0,0.0,0.0
2012-07-10,151003.06439835223,-0.0870754695440461,1.0,1.0,1.0,-0.0141739210292445,-0.014173921029244424,132568.21233009893,0.6124350680248632,0.6124350680248632,0.38756493197513675,0.3824540713069236,0.0,51.43022041419449,0.0,51.43022041419449
2012-07-11,150719.20156405773,-0.08879162905209803,1.0,1.0,1.0,-0.0018798481701381,-0.0018798481701382,132319.00421873172,0.6117051326289618,0.6117051326289618,0.38829486737103824,0.0,0.0,0.0,0.0,0.0
2012-07-12,150290.46342306724,-0.09138366629062555,1.0,1.0,1.0,-0.0028446152616345,-0.0028446152616345,131942.6075599268,0.6105974321415117,0.6105974321415117,0.38940256785848826,0.0,0.0,0.0,0.0,0.0
2012-07-13,151584.17453615175,-0.08356223157230325,1.0,1.0,1.0,0.0086080718870547,0.0086080718870544,133078.37901076808,0.6139208293961639,0.6139208293961639,0.3860791706038361,0.0,0.0,0.0,0.0,0.0
2012-07-16,151115.2276736522,-0.08639736009080023,1.0,1.0,1.0,-0.0030936399788072,-0.003093639978807209,132666.68241714552,1.0,1.0,0.0,0.3856934771267093,0.0,51.32746273104923,0.0,51.32746273104923
2012-07-17,152151.2345762549,-0.08013393676971681,1.0,1.0,1.0,0.006855741268114,0.006855741268114,133576.21086669652,1.0,1.0,0.0,0.0,0.0,0.0,0.0,0.0
2012-07-18,153456.36803261982,-0.07224344558941131,1.0,1.0,1.0,0.0085778696439746,0.0085778696439746,134722.01019104713,1.0,1.0,0.0,0.0,0.0,0.0,0.0,0.0
2012-07-19,154164.46328177676,-0.06796248926954906,1.0,1.0,1.0,0.0046143099711992,0.0046143099711991,135343.65930601166,1.0,1.0,0.0,0.0,0.0,0.0,0.0,0.0
2012-07-20,152236.00796005226,-0.07962141934560552,1.0,1.0,1.0,-0.012509078166735,-0.0125090781667351,133650.6348923808,1.0,1.0,0.0,0.0,0.0,0.0,0.0,0.0
2012-07-23,149817.4960181528,-0.09424310194362284,1.0,1.0,1.0,-0.015886595913196,-0.0158865959131961,131527.38126230345,1.0,1.0,0.0,0.0,0.0,0.0,0.0,0.0
2012-07-24,148055.849797078,-0.10489354838066722,0.75,1.0,1.0,-0.0117586147672722,-0.0117586147672721,129980.80145469189,1.0,1.0,0.0,0.0,0.0,0.0,0.0,0.0
2012-07-25,148253.85804133856,-0.10369644298324887,0.75,0.75,1.0,0.0013373888605681,0.0010873888605682,130122.14113028144,1.0,0.75,0.25,0.0,0.25,0.0,32.49520036367297,32.49520036367297
2012-07-26,150311.48247022374,-0.09125659069893188,1.0,0.75,0.75,0.0138790616046662,0.010409296203499426,131476.6210399401,1.0,0.75,0.25,0.0,0.0,0.0,0.0,0.0
2012-07-27,154033.79600064328,-0.06875246904082077,1.0,1.0,0.75,0.0247639998571427,0.018322999892857024,133885.66715316812,1.0,1.0,0.0,0.0,0.25,0.0,32.86915525998503,32.86915525998503
2012-07-30,153665.41356289427,-0.07097961168425115,1.0,1.0,1.0,-0.0023915689109387,-0.0023915689109384,133565.47035398436,1.0,1.0,0.0,0.0,0.0,0.0,0.0,0.0
2012-07-31,152190.32767348335,-0.0798975902586474,1.0,1.0,1.0,-0.0095993356944122,-0.009599335694412403,132283.33056687439,0.7941908361724748,0.7941908361724748,0.20580916382752523,0.2040375701451036,0.0,27.252374026314843,0.0,27.252374026314843
2012-08-01,151611.3560550906,-0.0833978993084965,1.0,1.0,1.0,-0.0038042602788456,-0.0038042602788455,131780.09034684545,0.793404894619271,0.793404894619271,0.206595105380729,0.0,0.0,0.0,0.0,0.0
2012-08-02,150607.9924313469,-0.08946397001197826,1.0,1.0,1.0,-0.006617997819234,-0.0066179978192339,130907.96999631156,0.7920285399501985,0.7920285399501985,0.2079714600498015,0.0,0.0,0.0,0.0,0.0
2012-08-03,153419.40003046117,-0.07246694433857281,1.0,1.0,1.0,0.0186670544751854,0.0186670544751852,133351.6362034686,0.7958396130157092,0.7958396130157092,0.20416038698429084,0.0,0.0,0.0,0.0,0.0
2012-08-06,154331.22128281766,-0.06695431456523693,1.0,1.0,1.0,0.0059433243264896,0.005943324326489673,134144.1882268939,0.9972858834487084,0.9972858834487084,0.002714116551291612,0.2012289106474274,0.0,26.834204486276032,0.0,26.834204486276032
2012-08-07,155578.2778582562,-0.059414940823914075,1.0,1.0,1.0,0.0080803907665141,0.0080803907665142,135228.125686824,0.9973076387794548,0.9973076387794548,0.0026923612205451697,0.0,0.0,0.0,0.0,0.0
2012-08-08,155918.79741961943,-0.057356249750940114,1.0,1.0,1.0,0.0021887346103257,0.0021887346103256,135524.1041658042,0.9973135187738944,0.9973135187738944,0.002686481226105597,0.0,0.0,0.0,0.0,0.0
2012-08-09,156409.8931977458,-0.054387214755251434,1.0,1.0,1.0,0.0031496893655786,0.0031496893655786,135950.9629954748,0.9973219537875704,0.9973219537875704,0.002678046212429619,0.0,0.0,0.0,0.0,0.0
2012-08-10,156586.7938159457,-0.05331772047411898,1.0,1.0,1.0,0.0011310065788245,0.0011310065788244,136104.72442902022,0.9973249792536328,0.9973249792536328,0.0026750207463671627,0.0,0.0,0.0,0.0,0.0
2012-08-13,156013.25307052766,-0.05678519590446429,1.0,1.0,1.0,-0.0036627657508091,-0.0036627657508089,135606.2047058583,0.997315145259644,0.997315145259644,0.0026848547403559575,0.0,0.0,0.0,0.0,0.0
2012-08-14,155231.9076324655,-0.0615090034643232,1.0,1.0,1.0,-0.0050081991284992,-0.0050081991284994,134927.06182963133,0.9973016312918314,0.9973016312918314,0.0026983687081686414,0.0,0.0,0.0,0.0,0.0
2012-08-15,156037.0699611581,-0.05664120529220529,1.0,1.0,1.0,0.0051868352387896,0.0051868352387896,135626.9062685956,0.9973155550654148,0.9973155550654148,0.002684444934585195,0.0,0.0,0.0,0.0,0.0
2012-08-16,158010.24428850153,-0.044711915953111525,1.0,1.0,1.0,0.0126455484445755,0.0126455484445753,137341.982882203,0.9973490774351316,0.9973490774351316,0.00265092256486843,0.0,0.0,0.0,0.0,0.0
2012-08-17,158484.5392241955,-0.041844454400650655,1.0,1.0,1.0,0.0030016720613885,0.0030016720613884,137754.23847507618,0.997357010821906,0.997357010821906,0.002642989178094024,0.0,0.0,0.0,0.0,0.0
2012-08-20,158222.941564138,-0.0434260045627477,1.0,1.0,1.0,-0.0016506194316371,-0.001650619431637,137526.85865225887,0.9973526410397636,0.9973526410397636,0.002647358960236379,0.0,0.0,0.0,0.0,0.0
2012-08-21,157849.33184477908,-0.04568474996621674,1.0,1.0,1.0,-0.0023612866482289,-0.0023612866482288,137202.11831715042,0.9973463750706486,0.9973463750706486,0.0026536249293513947,0.0,0.0,0.0,0.0,0.0
2012-08-22,157774.9794750057,-0.04613426469980242,1.0,1.0,1.0,-0.0004710337947232,-0.0004710337947233,137137.49148271544,0.9973451245345836,0.9973451245345836,0.0026548754654164286,0.0,0.0,0.0,0.0,0.0
2012-08-23,156041.08556205253,-0.056616928032828695,1.0,1.0,1.0,-0.0109896633719914,-0.0109896633719914,135630.39661564108,0.997315624147602,0.997315624147602,0.002684375852398002,0.0,0.0,0.0,0.0,0.0
2012-08-24,156343.07054474409,-0.054791206815667404,1.0,1.0,1.0,0.0019352914753434,0.0019352914753431,135892.8809660087,0.99732080916279,0.99732080916279,0.0026791908372100215,0.0,0.0,0.0,0.0,0.0
2012-08-27,155945.10030811746,-0.05719722945405159,1.0,1.0,1.0,-0.0025454932875501,-0.0025454932875501,135546.9665496839,0.9973139718962818,0.9973139718962818,0.0026860281037182077,0.0,0.0,0.0,0.0,0.0
2012-08-28,155975.62527388055,-0.05701268359634004,1.0,1.0,1.0,0.0001957417431055,0.0001957417431057,135573.49874918902,0.9973144975612104,0.9973144975612104,0.002685502438789622,0.0,0.0,0.0,0.0,0.0
2012-08-29,155729.16536306473,-0.05850271493612924,1.0,1.0,1.0,-0.0015801181138594,-0.0015801181138595,135359.27660805613,0.9973102474344596,0.9973102474344596,0.002689752565540382,0.0,0.0,0.0,0.0,0.0
2012-08-30,154342.1670568858,-0.0668881393144799,1.0,1.0,1.0,-0.0089064774921595,-0.0089064774921593,134153.7022575915,0.997286075930822,0.997286075930822,0.002713924069178031,0.0,0.0,0.0,0.0,0.0
2012-08-31,155302.9921540493,-0.06107924527532127,1.0,1.0,1.0,0.0062252922547689,0.0062252922547689,134988.8482612043,0.9973028663758824,0.9973028663758824,0.002697133624117609,0.0,0.0,0.0,0.0,0.0
2012-09-04,154810.809921278,-0.06405484868801858,1.0,1.0,1.0,-0.003169174179742,-0.0031691741797422,134561.04508874172,0.997294291514412,0.997294291514412,0.002705708485588043,0.0,0.0,0.0,0.0,0.0
2012-09-05,155168.634229017,-0.061891537702046806,1.0,1.0,1.0,0.0023113651296116,0.0023113651296116,134872.06479616396,0.9973005309729894,0.9973005309729894,0.0026994690270105703,0.0,0.0,0.0,0.0,0.0
2012-09-06,158675.8941360859,-0.040687573288442525,1.0,1.0,1.0,0.0226028921662897,0.0226028921662899,137920.56353299654,0.9973601981299974,0.9973601981299974,0.002639801870002567,0.0,0.0,0.0,0.0,0.0
2012-09-07,160903.72968344635,-0.027218669666448814,1.0,1.0,1.0,0.014040163816249,0.0140401638162489,139856.99083862916,0.997396748211562,0.997396748211562,0.00260325178843801,0.0,0.0,0.0,0.0,0.0
2012-09-10,159668.46155455362,-0.03468677358241745,1.0,1.0,1.0,-0.0076770633677847,-0.0076770633677847,138783.29985753333,0.9973766082669892,0.9973766082669892,0.002623391733010849,0.0,0.0,0.0,0.0,0.0
2012-09-11,160520.6741653223,-0.029534521867298436,1.0,1.0,1.0,0.0053373885015952,0.0053373885015952,139524.04024640637,0.9973905359901905,0.9973905359901905,0.002609464009809548,0.0,0.0,0.0,0.0,0.0
2012-09-12,160897.07490104018,-0.027258902718192868,1.0,1.0,1.0,0.0023448738779294,0.002344873877929241,139851.20652372332,0.7908331460239217,0.7908331460239217,0.20916685397607826,0.2072551149732591,0.0,28.91707100280258,0.0,28.91707100280258
2012-09-13,163417.15521069558,-0.012023164671617459,1.0,1.0,1.0,0.0156626856716033,0.0156626856716032,142041.65201229884,0.7940587392577414,0.7940587392577414,0.2059412607422586,0.0,0.0,0.0,0.0,0.0
2012-09-14,164668.86289040092,-0.004455671585857357,1.0,1.0,1.0,0.0076595855440728,0.0076595855440727,143129.63219670844,0.7956241733848408,0.7956241733848408,0.20437582661515918,0.0,0.0,0.0,0.0,0.0
2012-09-17,163514.81047305578,-0.011432766821799278,1.0,1.0,1.0,-0.0070083220172185,-0.0070083220172185,142126.53364406785,0.79418173269051,0.79418173269051,0.20581826730949004,0.0,0.0,0.0,0.0,0.0
2012-09-18,163299.59976483724,-0.0127338737598095,1.0,1.0,1.0,-0.0013161542223357,-0.001316154222335733,141939.4732067063,0.9941505351175398,0.9941505351175398,0.005849464882460187,0.1997767245004329,0.0,28.393573356012453,0.0,28.393573356012453
2012-09-19,163406.72112330014,-0.012086246400284106,1.0,1.0,1.0,0.0006559805328192,0.0006559805328192902,142032.5827379685,0.7902845511461938,0.7902845511461938,0.20971544885380622,0.2042077609842097,0.0,28.985142018819722,0.0,28.985142018819722
2012-09-20,162631.8272766929,-0.016771049347070188,1.0,1.0,1.0,-0.0047421173454825,-0.0047421173454826,141359.04756374308,0.7892853173948643,0.7892853173948643,0.2107146826051357,0.0,0.0,0.0,0.0,0.0
2012-09-21,162456.50840244096,-0.017830980823257292,1.0,1.0,1.0,-0.001078010849338,-0.0010780108493381,141206.66097681728,0.7890579195435502,0.7890579195435502,0.2109420804564498,0.0,0.0,0.0,0.0,0.0
2012-09-24,162307.72362073022,-0.01873049420415096,1.0,1.0,1.0,-0.0009158437736589,-0.0009158437736587,141077.3377355625,0.7888645524585207,0.7888645524585207,0.21113544754147928,0.0,0.0,0.0,0.0,0.0
2012-09-25,160657.17002809283,-0.02870930403529315,1.0,1.0,1.0,-0.0101692855756777,-0.010169285575677771,139642.68199987322,0.9869354450459789,0.9869354450459789,0.013064554954021146,0.1980057440336712,0.0,27.934123224619572,0.0,27.934123224619572
2012-09-26,159770.4252236851,-0.03407032824644829,1.0,1.0,1.0,-0.0055194847777579,-0.005519484777757947,138871.92634224964,0.6025184629778673,0.6025184629778673,0.39748153702213274,0.3826056944695476,0.0,53.428085324151695,0.0,53.428085324151695
2012-09-27,160847.8283894362,-0.027556634083193754,1.0,1.0,1.0,0.0067434455672426,0.0067434455672425,139808.4016183567,0.6051809040602449,0.6051809040602449,0.39481909593975506,0.0,0.0,0.0,0.0,0.0
2012-09-28,159905.03285602806,-0.033256526155463484,1.0,1.0,1.0,-0.0058614128822771,-0.0058614128822773,138988.92685206028,0.6028530618809972,0.6028530618809972,0.3971469381190028,0.0,0.0,0.0,0.0,0.0
2012-10-01,160055.83177237754,-0.032344835850037335,1.0,1.0,1.0,0.0009430529712297,0.0009430529712298,139120.00077249616,0.6032272396115846,0.6032272396115846,0.39677276038841536,0.0,0.0,0.0,0.0,0.0
2012-10-02,159624.7397099952,-0.034951104273805766,1.0,1.0,1.0,-0.0026933855368382,-0.002693385536838311,138745.29697453056,1.0,1.0,0.0,0.396376384004411,0.0,55.143882848892886,0.0,55.143882848892886
2012-10-03,158343.35054256095,-0.04269804377249864,1.0,1.0,1.0,-0.008027509831886,-0.0080275098318861,137631.51773893958,1.0,1.0,0.0,0.0,0.0,0.0,0.0,0.0
2012-10-04,160752.9484433306,-0.028130253106047887,1.0,1.0,1.0,0.0152175502950593,0.0152175502950594,139725.93228231726,1.0,1.0,0.0,0.0,0.0,0.0,0.0,0.0
2012-10-05,160566.03644581666,-0.02926027353475147,1.0,1.0,1.0,-0.00116272826921,-0.00116272826921,139563.46899091086,1.0,1.0,0.0,0.0,0.0,0.0,0.0,0.0
2012-10-08,160051.89384688958,-0.032368643504480654,1.0,1.0,1.0,-0.0032020632152838,-0.0032020632152839,139116.57794065765,1.0,1.0,0.0,0.0,0.0,0.0,0.0,0.0
2012-10-09,159375.38934974503,-0.036458610505267997,1.0,1.0,1.0,-0.004226782207224,-0.004226782207224,138528.56246428817,1.0,1.0,0.0,0.0,0.0,0.0,0.0,0.0
2012-10-10,157837.59210613536,-0.04575572531649652,1.0,1.0,1.0,-0.0096489003094136,-0.009648900309413622,137191.9141750639,0.7977954729936956,0.7977954729936956,0.20220452700630442,0.2004539296127211,0.0,27.768594709567868,0.0,27.768594709567868
2012-10-11,158594.35665189658,-0.04118052732063182,1.0,1.0,1.0,0.0047945773605844,0.004794577360584362,137849.69142082287,0.6026334587012208,0.6026334587012208,0.39736654129877924,0.1972644833986383,0.0,27.063092076214307,0.0,27.063092076214307
2012-10-12,158391.74014638155,-0.042405493044982756,1.0,1.0,1.0,-0.0012775770197155,-0.0012775770197155,137673.57782288876,0.6021251429271018,0.6021251429271018,0.39787485707289816,0.0,0.0,0.0,0.0,0.0
2012-10-15,158826.93963205128,-0.03977439222797141,1.0,1.0,1.0,0.0027476147762979,0.0027476147762978,138051.8517796207,0.6032153542826828,0.6032153542826828,0.3967846457173172,0.0,0.0,0.0,0.0,0.0
2012-10-16,159564.93637407644,-0.03531265940237793,1.0,1.0,1.0,0.0046465463839753,0.004646546383975042,138693.31611230836,1.0,1.0,0.0,0.3963882574598573,0.0,54.722132966030365,0.0,54.722132966030365
2012-10-17,160376.98763030075,-0.030403212599106055,1.0,1.0,1.0,0.0050891585249066,0.0050891585249066,139399.14838434887,1.0,1.0,0.0,0.0,0.0,0.0,0.0,0.0
2012-10-18,160567.33335252415,-0.029252432780315862,1.0,1.0,1.0,0.001186864306631,0.001186864306631,139564.59625794104,1.0,1.0,0.0,0.0,0.0,0.0,0.0,0.0
2012-10-19,157730.26712614234,-0.04640458371785883,1.0,1.0,1.0,-0.0176690125391386,-0.0176690125391387,137098.62765663964,1.0,1.0,0.0,0.0,0.0,0.0,0.0,0.0
2012-10-22,157576.30654032252,-0.0473353886394563,1.0,1.0,1.0,-0.0009761004569699,-0.0009761004569698,136964.80562353405,1.0,1.0,0.0,0.0,0.0,0.0,0.0,0.0
2012-10-23,155257.56021956305,-0.06135391471745355,1.0,1.0,1.0,-0.0147150696171833,-0.0147150696171832,134949.3589736798,1.0,1.0,0.0,0.0,0.0,0.0,0.0,0.0
2012-10-24,154521.41692765194,-0.06580444207458969,1.0,1.0,1.0,-0.0047414328221444,-0.0047414328221446,134309.50565371462,1.0,1.0,0.0,0.0,0.0,0.0,0.0,0.0
2012-10-25,155374.38925036023,-0.06064759734231229,1.0,1.0,1.0,0.0055200912576907,0.0055200912576908,135050.90638169844,1.0,1.0,0.0,0.0,0.0,0.0,0.0,0.0
2012-10-26,155116.86319350143,-0.06220453166993478,1.0,1.0,1.0,-0.0016574549904995,-0.0016574549904995,134827.0655829446,1.0,1.0,0.0,0.0,0.0,0.0,0.0,0.0
2012-10-31,155387.8181635542,-0.06056640969012128,1.0,1.0,1.0,0.001746779585884,0.001746779585884,135062.57874872955,1.0,1.0,0.0,0.0,0.0,0.0,0.0,0.0
2012-11-01,157417.2225195096,-0.048297168491953424,1.0,1.0,1.0,0.0130602538856638,0.0130602538856639,136826.53031764043,1.0,1.0,0.0,0.0,0.0,0.0,0.0,0.0
2012-11-02,155475.0869567294,-0.06003880568188236,1.0,1.0,1.0,-0.0123375036841314,-0.0123375036841316,135138.4324957596,1.0,1.0,0.0,0.0,0.0,0.0,0.0,0.0
2012-11-05,156274.4340356154,-0.05520616496978237,1.0,1.0,1.0,0.0051413193877709,0.005141319387771,135833.22233878303,1.0,1.0,0.0,0.0,0.0,0.0,0.0,0.0
2012-11-06,158164.39278895853,-0.043779974949391454,1.0,1.0,1.0,0.0120938448122127,0.0120938448122128,137475.96825009107,1.0,1.0,0.0,0.0,0.0,0.0,0.0,0.0
2012-11-07,154225.03460607008,-0.06759629108668508,1.0,1.0,1.0,-0.0249067322513278,-0.0249067322513279,134051.891117894,1.0,1.0,0.0,0.0,0.0,0.0,0.0,0.0
2012-11-08,153079.05325096162,-0.07452459081816454,1.0,1.0,1.0,-0.0074305793351617,-0.0074305793351618,133055.80790591403,1.0,1.0,0.0,0.0,0.0,0.0,0.0,0.0
2012-11-09,153722.00810816034,-0.0706374560540376,1.0,1.0,1.0,0.004200149161784,0.004200149161784,133614.66214596055,1.0,1.0,0.0,0.0,0.0,0.0,0.0,0.0
2012-11-12,153371.22284747058,-0.07275821082601541,1.0,1.0,1.0,-0.0022819456043207,-0.0022819456043206,133309.76075500378,1.0,1.0,0.0,0.0,0.0,0.0,0.0,0.0
2012-11-13,152889.52446425374,-0.07567043166121334,1.0,1.0,1.0,-0.0031407351018899,-0.00314073510189,132891.070109976,1.0,1.0,0.0,0.0,0.0,0.0,0.0,0.0
2012-11-14,150814.81743770893,-0.088213560806232,1.0,1.0,1.0,-0.0135699750117928,-0.0135699750117926,131087.74160929324,1.0,1.0,0.0,0.0,0.0,0.0,0.0,0.0
2012-11-15,150873.35729414024,-0.08785964433997717,1.0,1.0,1.0,0.0003881571945374,0.0003881571945373,131138.62425931453,1.0,1.0,0.0,0.0,0.0,0.0,0.0,0.0
2012-11-16,152248.58567605246,-0.07954537780618742,1.0,1.0,1.0,0.0091151175169457,0.0091151175169457,132333.96823044875,1.0,1.0,0.0,0.0,0.0,0.0,0.0,0.0
2012-11-19,155179.43143960065,-0.06182626062676644,1.0,1.0,1.0,0.0192503973060498,0.0192503973060498,134881.44969597107,1.0,1.0,0.0,0.0,0.0,0.0,0.0,0.0
2012-11-20,154541.59799581504,-0.06568243268193064,1.0,1.0,1.0,-0.0041102963058211,-0.0041102963058209,134327.04697156194,1.0,1.0,0.0,0.0,0.0,0.0,0.0,0.0
2012-11-21,154983.22352458636,-0.06301248171042362,1.0,1.0,1.0,0.0028576482610414,0.0028576482610414,134710.90642375106,1.0,1.0,0.0,0.0,0.0,0.0,0.0,0.0
2012-11-23,156665.1598851079,-0.052843939977156196,1.0,1.0,1.0,0.0108523769364927,0.0108523769364928,136172.8399577182,1.0,1.0,0.0,0.0,0.0,0.0,0.0,0.0
2012-11-26,156695.06494872348,-0.05266314188363208,1.0,1.0,1.0,0.0001908852206675,0.0001908852206675,136198.83334032245,1.0,1.0,0.0,0.0,0.0,0.0,0.0,0.0
2012-11-27,156150.6737462213,-0.05595438689848553,1.0,1.0,1.0,-0.0034742077083304,-0.0034742077083303,135725.65030366593,1.0,1.0,0.0,0.0,0.0,0.0,0.0,0.0
2012-11-28,156806.7065063697,-0.05198818659713089,1.0,1.0,1.0,0.0042012803685662,0.0042012803685662,136295.8718137976,1.0,1.0,0.0,0.0,0.0,0.0,0.0,0.0
2012-11-29,158258.71773169612,-0.04320971132989415,1.0,1.0,1.0,0.0092598796166121,0.0092598796166122,137557.9551790346,1.0,1.0,0.0,0.0,0.0,0.0,0.0,0.0
2012-11-30,158322.46663433514,-0.04282430235001222,1.0,1.0,1.0,0.0004028144771595,0.0004028144771593,137613.3655148291,1.0,1.0,0.0,0.0,0.0,0.0,0.0,0.0
2012-12-03,157493.4985958354,-0.04783602353809313,1.0,1.0,1.0,-0.0052359469639539,-0.0052359469639539,136892.82923146227,1.0,1.0,0.0,0.0,0.0,0.0,0.0,0.0
2012-12-04,157621.73950245674,-0.04706071298443648,1.0,1.0,1.0,0.0008142615902542,0.0008142615902541,137004.29580428664,1.0,1.0,0.0,0.0,0.0,0.0,0.0,0.0
2012-12-05,158093.32793036097,-0.04420961426118686,1.0,1.0,1.0,0.002991899654152,0.0029918996541519,137414.1989095208,1.0,1.0,0.0,0.0,0.0,0.0,0.0,0.0
2012-12-06,157769.63710569913,-0.046166563249571246,1.0,1.0,1.0,-0.002047466701469,-0.002047466701469,137132.8479129445,1.0,1.0,0.0,0.0,0.0,0.0,0.0,0.0
2012-12-07,158190.12155251077,-0.04362442565985403,1.0,1.0,1.0,0.0026651797806311,0.0026651797806312,137498.33160646245,1.0,1.0,0.0,0.0,0.0,0.0,0.0,0.0
2012-12-10,158425.76095189864,-0.04219981226607816,1.0,1.0,1.0,0.00148959617121,0.0014895961712102,137703.14859477125,1.0,1.0,0.0,0.0,0.0,0.0,0.0,0.0
2012-12-11,158939.86343221797,-0.0390916848428251,1.0,1.0,1.0,0.0032450687137643,0.0032450687137644,138150.00477406298,1.0,1.0,0.0,0.0,0.0,0.0,0.0,0.0
2012-12-12,159290.75079912966,-0.036970312763674906,1.0,1.0,1.0,0.0022076737662564,0.0022076737662564,138454.99491541088,1.0,1.0,0.0,0.0,0.0,0.0,0.0,0.0
2012-12-13,158555.19887160268,-0.041417264888382044,1.0,1.0,1.0,-0.0046176687838864,-0.0046176687838865,137815.65560741685,1.0,1.0,0.0,0.0,0.0,0.0,0.0,0.0
2012-12-14,158782.25294606667,-0.0400445560950603,1.0,1.0,1.0,0.0014320191080448,0.0014320191080449,138013.0102596344,1.0,1.0,0.0,0.0,0.0,0.0,0.0,0.0
2012-12-17,160329.350584835,-0.030691213558142305,1.0,1.0,1.0,0.0097435173645874,0.0097435173645873,139357.7424216381,1.0,1.0,0.0,0.0,0.0,0.0,0.0,0.0
2012-12-18,162262.47219664964,-0.01900407232818313,1.0,1.0,1.0,0.0120571910555564,0.0120571910555565,141038.00534708682,1.0,1.0,0.0,0.0,0.0,0.0,0.0,0.0
2012-12-19,162943.46264947363,-0.014886984427574301,1.0,1.0,1.0,0.0041968450474405,0.0041968450474405,141629.92000132863,1.0,1.0,0.0,0.0,0.0,0.0,0.0,0.0
2012-12-20,163956.03590136964,-0.008765234751681561,1.0,1.0,1.0,0.0062142612868996,0.0062142612868998,142510.04533025963,1.0,1.0,0.0,0.0,0.0,0.0,0.0,0.0
2012-12-21,162846.75868487678,-0.015471630983089901,1.0,1.0,1.0,-0.0067656991729183,-0.0067656991729183,141545.86523443612,1.0,1.0,0.0,0.0,0.0,0.0,0.0,0.0
2012-12-24,162349.0293941397,-0.018480770438972893,1.0,1.0,1.0,-0.003056427372314,-0.0030564273723137345,141113.24057749577,0.7934745286672747,0.7934745286672747,0.20652547133272525,0.2061003415706346,0.0,29.172651172728308,0.0,29.172651172728308
2012-12-26,162824.38142684428,-0.01560691795798419,1.0,1.0,1.0,0.0029279635023289,0.0029279635023286,141526.41499560195,0.7940774623418446,0.7940774623418446,0.20592253765815538,0.0,0.0,0.0,0.0,0.0
2012-12-27,162821.0175373949,-0.015627255142585894,1.0,1.0,1.0,-2.0659617557927668e-05,-2.065961755797056e-05,141523.4911139938,0.7940732079730763,0.7940732079730763,0.20592679202692366,0.0,0.0,0.0,0.0,0.0
2012-12-28,161856.90830666502,-0.021456004183402877,1.0,1.0,1.0,-0.0059212824321555,-0.0059212824321553,140685.49055232323,0.7928465941502573,0.7928465941502573,0.20715340584974273,0.0,0.0,0.0,0.0,0.0
2012-12-31,163689.57897302136,-0.010376162762767316,1.0,1.0,1.0,0.0113227831022451,0.011322783102244927,142278.4418474801,0.995405934400199,0.995405934400199,0.004594065599801023,0.2023050176239738,0.0,28.461380645625148,0.0,28.461380645625148
2013-01-02,167706.45279640387,0.0,1.0,1.0,1.0,0.0245395818633302,0.024539581863330103,145769.8953185834,0.6061458363136157,0.6061458363136157,0.39385416368638426,0.3993244390175963,0.0,56.8152589750427,0.0,56.8152589750427
2013-01-03,167104.90979445848,-0.0035868804802381415,1.0,1.0,1.0,-0.0035868804802381,-0.0035868804802379,145247.03612645884,0.604728043046835,0.604728043046835,0.39527195695316497,0.0,0.0,0.0,0.0,0.0
2013-01-04,167079.15247880534,-0.0037404661963728048,1.0,1.0,1.0,-0.0001541385928446,-0.0001541385928447,145224.64795269544,0.6046671069910013,0.6046671069910013,0.39533289300899865,0.0,0.0,0.0,0.0,0.0
2013-01-07,166597.5900971207,-0.006611926260400525,1.0,1.0,1.0,-0.002882240989017,-0.0028822409890169,144806.07551975062,0.6035243686752507,0.6035243686752507,0.3964756313247493,0.0,0.0,0.0,0.0,0.0
2013-01-08,165937.9196268048,-0.010545409196306088,1.0,1.0,1.0,-0.0039596639419053,-0.003959663941905276,144232.69212394624,1.0,1.0,0.0,0.3960795517729762,0.0,57.35472548586659,0.0,57.35472548586659
2013-01-09,166605.4144306397,-0.006565271326207323,1.0,1.0,1.0,0.0040225573837258,0.0040225573837257,144812.87640462408,1.0,1.0,0.0,0.0,0.0,0.0,0.0,0.0
2013-01-10,167593.44693020094,-0.0006738313542420382,1.0,1.0,1.0,0.0059303744895551,0.005930374489555,145671.67099261313,1.0,1.0,0.0,0.0,0.0,0.0,0.0,0.0
2013-01-11,167777.0788519482,0.0,1.0,1.0,1.0,0.0010956986989099,0.0010956986989101,145831.2832529878,1.0,1.0,0.0,0.0,0.0,0.0,0.0,0.0
2013-01-14,167576.0040790373,-0.0011984639039301914,1.0,1.0,1.0,-0.0011984639039301,-0.0011984639039302,145656.5097239453,1.0,1.0,0.0,0.0,0.0,0.0,0.0,0.0
2013-01-15,167337.82388905575,-0.002618086844151435,1.0,1.0,1.0,-0.0014213263485456,-0.0014213263485457,145449.48428883744,1.0,1.0,0.0,0.0,0.0,0.0,0.0,0.0
2013-01-16,167133.37476374718,-0.0038366628660225777,1.0,1.0,1.0,-0.0012217747342293,-0.001221774734229247,145271.77778382666,0.59707536828989,0.59707536828989,0.40292463171010995,0.402835183759047,0.0,58.59216973115245,0.0,58.59216973115245
2013-01-17,167616.45274429373,-0.0009573781398126702,1.0,1.0,1.0,0.0028903741172545,0.0028903741172545,145691.6675703006,0.5982366147797911,0.5982366147797911,0.40176338522020894,0.0,0.0,0.0,0.0,0.0
2013-01-18,167858.24700813903,0.0,1.0,1.0,1.0,0.0014425449285349,0.001442544928535,145901.83434648393,0.5988153416740651,0.5988153416740651,0.40118465832593486,0.0,0.0,0.0,0.0,0.0
2013-01-22,168362.9765370329,0.0,1.0,1.0,1.0,0.0030068795420541,0.0030068795420541,146340.54358732855,0.6000180392490381,0.6000180392490381,0.39998196075096193,0.0,0.0,0.0,0.0,0.0
2013-01-23,168881.41625305175,0.0,1.0,1.0,1.0,0.0030792976382478,0.0030792976382479106,146791.16967757692,1.0,1.0,0.0,0.3995823783725893,0.0,58.475102458962326,0.0,58.475102458962326
2013-01-24,166785.10943926254,-0.012412892195599046,1.0,1.0,1.0,-0.012412892195599,-0.012412892195599,144969.06671310327,1.0,1.0,0.0,0.0,0.0,0.0,0.0,0.0
2013-01-25,167345.73113714292,-0.0090932747366812,1.0,1.0,1.0,0.0033613414276922,0.003361341427692286,145456.35724277992,0.8014771669099336,0.8014771669099336,0.19852283309006635,0.1993895256389136,0.0,28.905313444241692,0.0,28.905313444241692
2013-01-28,167555.0013715317,-0.007854119837155782,1.0,1.0,1.0,0.0012505262785416,0.0012505262785415035,145638.25423989297,0.6034375025037813,0.6034375025037813,0.39656249749621875,0.1987343105408965,0.0,28.90716887043421,0.0,28.90716887043421
2013-01-29,168162.38618080484,-0.004257603282823763,1.0,1.0,1.0,0.003624987641678,0.003624987641678,146166.19111166813,0.6048698444345603,0.6048698444345603,0.39513015556543973,0.0,0.0,0.0,0.0,0.0
2013-01-30,167749.3394441436,-0.006703382965546845,1.0,1.0,1.0,-0.0024562373670002,-0.0024562373670003945,145807.17225126753,1.0,1.0,0.0,0.3947354201452945,0.0,57.69697285950173,0.0,57.69697285950173
2013-01-31,167728.03938628564,-0.0068295073096609205,1.0,1.0,1.0,-0.0001269755095819,-0.0001269755095818,145788.65831127024,1.0,1.0,0.0,0.0,0.0,0.0,0.0,0.0
2013-02-01,169563.65417686728,0.0,1.0,1.0,1.0,0.010943994798354,0.0109439947983541,147384.1686294878,1.0,1.0,0.0,0.0,0.0,0.0,0.0,0.0
2013-02-04,167322.04408841053,-0.013219873677165372,1.0,1.0,1.0,-0.0132198736771653,-0.0132198736771655,145435.76853819191,1.0,1.0,0.0,0.0,0.0,0.0,0.0,0.0
2013-02-05,169263.26396428343,-0.0017715483547583455,1.0,1.0,1.0,0.0116016983084858,0.0116016983084861,147123.07044803482,1.0,1.0,0.0,0.0,0.0,0.0,0.0,0.0
2013-02-06,169142.84798053707,-0.0024817004467907466,1.0,1.0,1.0,-0.0007114123934877,-0.000711412393488,147018.4052723501,1.0,1.0,0.0,0.0,0.0,0.0,0.0,0.0
2013-02-07,169082.71286421563,-0.0028363467099499218,1.0,1.0,1.0,-0.0003555285785915,-0.0003555285785912,146966.13602769686,1.0,1.0,0.0,0.0,0.0,0.0,0.0,0.0
2013-02-08,170635.4936605257,0.0,1.0,1.0,1.0,0.009183557384468,0.0091835573844679,148315.8079714807,1.0,1.0,0.0,0.0,0.0,0.0,0.0,0.0
2013-02-11,170673.96784234323,0.0,1.0,1.0,1.0,0.0002254758432267,0.0002254758432267,148349.24960334695,1.0,1.0,0.0,0.0,0.0,0.0,0.0,0.0
2013-02-12,170289.95910909737,-0.0022499549175570843,1.0,1.0,1.0,-0.002249954917557,-0.0022499549175569,148015.47047968602,1.0,1.0,0.0,0.0,0.0,0.0,0.0,0.0
2013-02-13,170500.66701402413,-0.0010153911021696382,1.0,1.0,1.0,0.001237347792137,0.0012373477921369,148198.61709528614,1.0,1.0,0.0,0.0,0.0,0.0,0.0,0.0
2013-02-14,170524.55551683344,-0.0008754253938000334,1.0,1.0,1.0,0.0001401079727585,0.0001401079727585,148219.380903093,1.0,1.0,0.0,0.0,0.0,0.0,0.0,0.0
2013-02-15,169948.72416060502,-0.004249292911547853,1.0,1.0,1.0,-0.0033768236749432,-0.0033768236749432,147718.87018857402,1.0,1.0,0.0,0.0,0.0,0.0,0.0,0.0
2013-02-19,171279.54477838546,0.0,1.0,1.0,1.0,0.0078307184967318,0.0078307184967318,148875.61507767602,1.0,1.0,0.0,0.0,0.0,0.0,0.0,0.0
2013-02-20,168587.8952100773,-0.015714950502646596,1.0,1.0,1.0,-0.0157149505026465,-0.01571495050264668,146536.04215567926,0.8027515994657771,0.8027515994657771,0.19724840053422288,0.1943429946777791,0.0,28.932932868691896,0.0,28.932932868691896
2013-02-21,167496.96779392022,-0.022084230719782827,1.0,1.0,1.0,-0.0064709712093958,-0.006470971209395738,145587.81164575106,1.0,1.0,0.0,0.1970513491850379,0.0,28.87512481101219,0.0,28.87512481101219
2013-02-22,169418.38697793198,-0.010866200064120868,1.0,1.0,1.0,0.0114713669705099,0.0114713669705099,147257.90285957293,1.0,1.0,0.0,0.0,0.0,0.0,0.0,0.0
2013-02-25,166660.68299815155,-0.02696680322340972,1.0,1.0,1.0,-0.016277477486193,-0.016277477486193,144860.91566111226,1.0,1.0,0.0,0.0,0.0,0.0,0.0,0.0
2013-02-26,167699.94098442787,-0.02089919025992948,1.0,1.0,1.0,0.0062357717944061,0.006235771794406,145764.23527310364,1.0,1.0,0.0,0.0,0.0,0.0,0.0,0.0
2013-02-27,169414.442222105,-0.010889231161220536,1.0,1.0,1.0,0.0102236245738234,0.0102236245738233,147254.4740908263,1.0,1.0,0.0,0.0,0.0,0.0,0.0,0.0
2013-02-28,169068.7888268706,-0.012907296982691774,1.0,1.0,1.0,-0.0020402829339735,-0.0020402829339734,146954.03330038756,1.0,1.0,0.0,0.0,0.0,0.0,0.0,0.0
2013-03-01,169423.47986235167,-0.010836465722951938,1.0,1.0,1.0,0.0020979096020159,0.0020979096020157,147262.32957790338,1.0,1.0,0.0,0.0,0.0,0.0,0.0,0.0
2013-03-04,169802.70129337048,-0.008622415986251242,1.0,1.0,1.0,0.0022383050526817,0.0022383050526816,147591.94759426723,1.0,1.0,0.0,0.0,0.0,0.0,0.0,0.0
2013-03-05,171919.598946311,0.0,1.0,1.0,1.0,0.0124668078706422,0.0124668078706423,149431.94804817886,1.0,1.0,0.0,0.0,0.0,0.0,0.0,0.0
2013-03-06,171807.11688254948,-0.000654271324798894,1.0,1.0,1.0,-0.0006542713247988,-0.0006542713247988,149334.17900956215,1.0,1.0,0.0,0.0,0.0,0.0,0.0,0.0
2013-03-07,172314.5577247514,0.0,1.0,1.0,1.0,0.0029535496049839,0.0029535496049839,149775.24491498643,1.0,1.0,0.0,0.0,0.0,0.0,0.0,0.0
2013-03-08,172729.00433171605,0.0,1.0,1.0,1.0,0.0024051746552178,0.0024051746552179,150135.48053803502,1.0,1.0,0.0,0.0,0.0,0.0,0.0,0.0
2013-03-11,173084.71327077493,0.0,1.0,1.0,1.0,0.0020593468968057,0.0020593468968058,150444.66157398143,1.0,1.0,0.0,0.0,0.0,0.0,0.0,0.0
2013-03-12,172626.57378795883,-0.0026469089855404304,1.0,1.0,1.0,-0.0026469089855404,-0.0026469089855406,150046.44824743466,1.0,1.0,0.0,0.0,0.0,0.0,0.0,0.0
2013-03-13,172432.8112517913,-0.0037663754739782895,1.0,1.0,1.0,-0.0011224374782848,-0.0011224374782848,149878.03049043822,1.0,1.0,0.0,0.0,0.0,0.0,0.0,0.0
2013-03-14,173712.11092830455,0.0,1.0,1.0,1.0,0.0074191197558401,0.0074191197558402255,150989.99354741623,1.0,1.0,0.0,0.3945005386862755,0.0,59.1269637657159,0.0,59.1269637657159
2013-03-15,173205.30447230223,-0.002917507900249361,1.0,1.0,1.0,-0.0029175079002493,-0.0029175079002491,150549.4790483831,1.0,1.0,0.0,0.0,0.0,0.0,0.0,0.0
2013-03-18,172755.6156106441,-0.005506209742941914,1.0,1.0,1.0,-0.0025962764998922,-0.002596276499892209,150158.61097385877,0.8009709747126491,0.8009709747126491,0.1990290252873509,0.1987110019081091,0.0,29.91583781844809,0.0,29.91583781844809
2013-03-19,172187.6767808987,-0.008775635384656755,1.0,1.0,1.0,-0.0032875274574311,-0.0032875274574311,149664.9604173125,0.8003145031589332,0.8003145031589332,0.19968549684106685,0.0,0.0,0.0,0.0,0.0
2013-03-20,173036.31518023065,-0.0038903202802758052,1.0,1.0,1.0,0.0049285664061302,0.0049285664061301,150402.59411340003,0.8012938396654491,0.8012938396654491,0.1987061603345509,0.0,0.0,0.0,0.0,0.0
2013-03-21,171585.00956757364,-0.012244980211016054,1.0,1.0,1.0,-0.0083872891719022,-0.008387289171902144,149141.1240643667,0.9948664489060004,0.9948664489060004,0.0051335510939996,0.6005130664405454,0.0,90.31872299165056,0.0,90.31872299165056
2013-03-22,172895.3380460401,-0.004701876443154562,1.0,1.0,1.0,0.0076366139546149,0.007636613954615,150280.05725360362,0.9949053547450484,0.9949053547450484,0.005094645254951624,0.0,0.0,0.0,0.0,0.0
2013-03-25,172405.75853728078,-0.007520214820041726,1.0,1.0,1.0,-0.0028316524568692,-0.0028316524568693,149854.516360263,0.9948908875141252,0.9948908875141252,0.005109112485874756,0.0,0.0,0.0,0.0,0.0
2013-03-26,173427.35623989248,-0.0016392333665762315,1.0,1.0,1.0,0.0059255428083093,0.0059255428083092,150742.4857119742,0.9949209834441508,0.9949209834441508,0.005079016555849192,0.0,0.0,0.0,0.0,0.0
2013-03-27,173241.9113432532,-0.0027067749193688817,1.0,1.0,1.0,-0.0010692943758121,-0.0010692943758121,150581.29761980646,0.9949155466667976,0.9949155466667976,0.005084453333202399,0.0,0.0,0.0,0.0,0.0
2013-03-28,173617.44042711717,-0.000544985036918133,1.0,1.0,1.0,0.0021676572427091,0.0021676572427092,150907.70626020856,0.9949265441800512,0.9949265441800512,0.00507345581994878,0.0,0.0,0.0,0.0,0.0
2013-04-01,172461.89811785455,-0.007197038846450954,1.0,1.0,1.0,-0.0066556810561189,-0.006655681056119,149903.31269843015,0.9948925506260078,0.9948925506260078,0.005107449373992212,0.0,0.0,0.0,0.0,0.0
2013-04-02,173412.08935407829,-0.001727119500321339,1.0,1.0,1.0,0.0055095719494773,0.0055095719494772,150729.2157852071,0.9949205362967456,0.9949205362967456,0.0050794637032544054,0.0,0.0,0.0,0.0,0.0
2013-04-03,171925.3177086608,-0.010285945004612884,1.0,1.0,1.0,-0.0085736331933684,-0.008573633193368367,149436.91877754068,0.7950519564712812,0.7950519564712812,0.20494804352871876,0.1983097402167673,0.0,29.89107162544149,0.0,29.89107162544149
2013-04-04,171968.13914136318,-0.010039436960507353,1.0,1.0,1.0,0.0002490699640582,0.000249069964058,149474.13902552956,0.7951029901621572,0.7951029901621572,0.20489700983784276,0.0,0.0,0.0,0.0,0.0
2013-04-05,170839.79930295533,-0.016534895638535496,1.0,1.0,1.0,-0.0065613307444137,-0.0065613307444137865,148493.38976164657,0.9939897618279916,0.9939897618279916,0.006010238172008409,0.1987274793469866,0.0,29.704618876104533,0.0,29.704618876104533
2013-04-08,171885.7967578331,-0.010513453326378763,1.0,1.0,1.0,0.0061226801901286,0.006122680190129,149402.56729750533,0.994026336658197,0.994026336658197,0.005973663341803048,0.0,0.0,0.0,0.0,0.0
2013-04-09,172733.65487694184,-0.005632630022938012,1.0,1.0,1.0,0.0049326828341917,0.0049326828341916,150139.52277659788,0.9940556582109008,0.9940556582109008,0.0059443417890991945,0.0,0.0,0.0,0.0,0.0
2013-04-10,175684.25078116034,0.0,1.0,1.0,1.0,0.0170817661811217,0.0170817661811217,152704.17099921295,0.99415549271774,0.99415549271774,0.0058445072822600475,0.0,0.0,0.0,0.0,0.0
2013-04-11,175717.8211793096,0.0,1.0,1.0,1.0,0.0001910837084142,0.0001910837084142,152733.3502784978,0.9941566092945058,0.9941566092945058,0.0058433907054942225,0.0,0.0,0.0,0.0,0.0
2013-04-12,175558.77632907973,-0.0009051150825934995,1.0,1.0,1.0,-0.0009051150825934,-0.0009051150825935,152595.1090195457,0.9941513155620076,0.9941513155620076,0.0058486844379923575,0.0,0.0,0.0,0.0,0.0
2013-04-15,172110.7121965038,-0.020527849472507187,1.0,1.0,1.0,-0.0196405113129328,-0.0196405113129329,149598.06305454907,0.9940341430817128,0.9940341430817128,0.005965856918287216,0.0,0.0,0.0,0.0,0.0
2013-04-16,174357.77511445855,-0.007739943824270457,1.0,1.0,1.0,0.0130559155166891,0.0130559155166891,151551.2027272496,0.9941110289897034,0.9941110289897034,0.0058889710102966175,0.0,0.0,0.0,0.0,0.0
2013-04-17,171226.6765997965,-0.025558845138024644,1.0,1.0,1.0,-0.0179578944076718,-0.0179578944076717,148829.66223131798,0.9940033416319308,0.9940033416319308,0.005996658368069174,0.0,0.0,0.0,0.0,0.0
2013-04-18,169204.04891566728,-0.03706950279673338,1.0,1.0,1.0,-0.0118125733927352,-0.0118125733927352,147071.60092319455,0.9939316589074022,0.9939316589074022,0.006068341092597795,0.0,0.0,0.0,0.0,0.0
2013-04-19,170620.96731628326,-0.02900590178514273,1.0,1.0,1.0,0.0083740218375163,0.0083740218375164,148303.18172100387,0.9939820533242816,0.9939820533242816,0.006017946675718422,0.0,0.0,0.0,0.0,0.0
2013-04-22,171993.97944225708,-0.021192168853792936,1.0,1.0,1.0,0.0080471477074013,0.0080471477074012,149496.59932979033,0.9940300940393464,0.9940300940393464,0.00596990596065361,0.0,0.0,0.0,0.0,0.0
2013-04-23,173734.7548952223,-0.011285516009578278,1.0,1.0,1.0,0.0101211417900219,0.0101211417900219,151009.67560873323,0.9940899108892282,0.9940899108892282,0.005910089110771843,0.0,0.0,0.0,0.0,0.0
2013-04-24,173845.3724349422,-0.010655997961963593,1.0,1.0,1.0,0.000636703576015,0.0006367035760153,151105.82400920623,0.9940936714697244,0.9940936714697244,0.0059063285302756174,0.0,0.0,0.0,0.0,0.0
2013-04-25,174741.63621906328,-0.005555412386147096,1.0,1.0,1.0,0.0051555228164412,0.0051555228164411,151884.8535325828,0.9941239654996612,0.9941239654996612,0.0058760345003388,0.0,0.0,0.0,0.0,0.0
2013-04-26,174343.7569262122,-0.007819720526213714,1.0,1.0,1.0,-0.0022769575784004,-0.0022769575784004,151539.01816428755,0.9941105554843388,0.9941105554843388,0.005889444515661202,0.0,0.0,0.0,0.0,0.0
2013-04-29,176089.07417316464,0.0,1.0,1.0,1.0,0.0100107814453667,0.0100107814453665,153056.04215557568,0.9941689290611004,0.9941689290611004,0.005831070938899563,0.0,0.0,0.0,0.0,0.0
2013-04-30,177449.9642129118,0.0,1.0,1.0,1.0,0.0077284183935733,0.0077284183935734,154238.92328701835,0.994213648407182,0.994213648407182,0.00578635159281804,0.0,0.0,0.0,0.0,0.0
2013-05-01,176314.67470272264,-0.006397800727798275,1.0,1.0,1.0,-0.0063978007277984,-0.0063978007277984,153252.13339135784,0.9941763901115996,0.9941763901115996,0.005823609888400361,0.0,0.0,0.0,0.0,0.0
2013-05-02,178438.19320373755,0.0,1.0,1.0,1.0,0.0120439124230316,0.0120439124230317,155097.8886645661,0.9942456944635362,0.9942456944635362,0.005754305536463833,0.0,0.0,0.0,0.0,0.0
2013-05-03,180386.9355859284,0.0,1.0,1.0,1.0,0.0109211057745119,0.010921105774512,156791.72911207532,0.994307858938156,0.994307858938156,0.005692141061844014,0.0,0.0,0.0,0.0,0.0
2013-05-06,181126.1737704961,0.0,1.0,1.0,1.0,0.0040980694204186,0.0040980694204186,157434.27250252408,0.994331090522732,0.994331090522732,0.005668909477267947,0.0,0.0,0.0,0.0,0.0
2013-05-07,181345.9636295884,0.0,1.0,1.0,1.0,0.0012134627178221,0.0012134627178223,157625.31312271336,0.9943379611957278,0.9943379611957278,0.005662038804272185,0.0,0.0,0.0,0.0,0.0
2013-05-08,182292.88597546713,0.0,1.0,1.0,1.0,0.0052216345317335,0.0052216345317335,158448.37490079022,0.9943673727168538,0.9943673727168538,0.005632627283146174,0.0,0.0,0.0,0.0,0.0
2013-05-09,182052.23070155008,-0.0013201572438181763,1.0,1.0,1.0,-0.0013201572438181,-0.0013201572438183,158239.1981308937,0.9943599269335396,0.9943599269335396,0.005640073066460416,0.0,0.0,0.0,0.0,0.0
2013-05-10,182982.25690178009,0.0,1.0,1.0,1.0,0.0051085680007658,0.0051085680007658,159047.57383493203,0.9943885931868244,0.9943885931868244,0.005611406813175623,0.0,0.0,0.0,0.0,0.0
2013-05-13,182895.1639743705,-0.00047596378405334594,1.0,1.0,1.0,-0.0004759637840533,-0.0004759637840531,158971.8729498451,0.994385921088582,0.994385921088582,0.0056140789114179634,0.0,0.0,0.0,0.0,0.0
2013-05-14,183879.390483761,0.0,1.0,1.0,1.0,0.0053813697858542,0.0053813697858538,159827.359383738,0.994415970814524,0.994415970814524,0.005584029185475958,0.0,0.0,0.0,0.0,0.0
2013-05-15,184459.1720141886,0.0,1.0,1.0,1.0,0.0031530533623278,0.0031530533623277,160331.30357663482,0.994433522216017,0.994433522216017,0.005566477783983004,0.0,0.0,0.0,0.0,0.0
2013-05-16,184333.41543777872,-0.0006817583264453475,1.0,1.0,1.0,-0.0006817583264453,-0.0006817583264453,160221.9963754316,0.994429724634406,0.994429724634406,0.005570275365593957,0.0,0.0,0.0,0.0,0.0
2013-05-17,186130.44701983215,0.0,1.0,1.0,1.0,0.0097488107502681,0.0097488107502682,161783.97029612583,0.9944835039107844,0.9944835039107844,0.005516496089215561,0.0,0.0,0.0,0.0,0.0
2013-05-20,185873.31547266289,-0.0013814588171158215,1.0,1.0,1.0,-0.001381458817116,-0.0013814588171161305,161560.4724038922,0.7947299469542701,0.7947299469542701,0.20527005304572987,0.1996696544863305,0.0,32.30334945045421,0.0,32.30334945045421
2013-05-21,185852.85603886208,-0.0014913786831474152,1.0,1.0,1.0,-0.0001100719258639,-0.0001100719258638,161542.68913155122,0.7947073499969186,0.7947073499969186,0.2052926500030814,0.0,0.0,0.0,0.0,0.0
2013-05-22,184372.4577543318,-0.009444931195555784,1.0,1.0,1.0,-0.0079654319878772,-0.0079654319878772,160255.93182813507,0.7930589753394837,0.7930589753394837,0.20694102466051634,0.0,0.0,0.0,0.0,0.0
2013-05-23,184187.48893008375,-0.010438690288759545,1.0,1.0,1.0,-0.0010032345747349,-0.0010032345747349,160095.1575365187,0.7928511564575255,0.7928511564575255,0.20714884354247454,0.0,0.0,0.0,0.0,0.0
2013-05-24,183905.95617889977,-0.011951246432537532,1.0,1.0,1.0,-0.0015285118051143,-0.001528511805114275,159850.4501982825,0.9927740903016116,0.9927740903016116,0.007225909698388433,0.1997342444878747,0.0,31.976485336723847,0.0,31.976485336723847
2013-05-28,185044.4326087584,-0.0058346951208796405,1.0,1.0,1.0,0.0061905359321323,0.0061905359321324,160840.01015400252,0.9928185473423335,0.9928185473423335,0.007181452657666454,0.0,0.0,0.0,0.0,0.0
2013-05-29,183834.7536523176,-0.012333787428501441,1.0,1.0,1.0,-0.0065372350812544,-0.0065372350812546,159788.5611971544,0.9927712915760324,0.9927712915760324,0.007228708423967611,0.0,0.0,0.0,0.0,0.0
2013-05-30,184485.6085584704,-0.008837019884159414,1.0,1.0,1.0,0.0035404345110052,0.0035404345110053,160354.2821336807,0.99279679405495,0.99279679405495,0.007203205945049973,0.0,0.0,0.0,0.0,0.0
2013-05-31,182384.95782650303,-0.02012292590115594,1.0,1.0,1.0,-0.0113865290001825,-0.0113865290001826,158528.4034498621,0.9927138298674352,0.9927138298674352,0.007286170132564829,0.0,0.0,0.0,0.0,0.0
2013-06-03,183509.00668332705,-0.014083887824251518,1.0,1.0,1.0,0.0061630568124662,0.0061630568124663,159505.42300671316,0.9927584598905396,0.9927584598905396,0.0072415401094604315,0.0,0.0,0.0,0.0,0.0
2013-06-04,182426.64415053016,-0.019898962951006904,1.0,1.0,1.0,-0.0058981439241544,-0.0058981439241545,158564.63706513643,0.9927154948306344,0.9927154948306344,0.007284505169365629,0.0,0.0,0.0,0.0,0.0
2013-06-05,179998.51940993828,-0.03294424801569684,1.0,1.0,1.0,-0.0133101431092944,-0.0133101431092945,156454.1190537261,0.9926172290933236,0.9926172290933236,0.007382770906676384,0.0,0.0,0.0,0.0,0.0
2013-06-06,181004.7212735816,-0.027538351883420686,1.0,1.0,1.0,0.0055900563345843,0.0055900563345843,157328.7063930142,0.9926582697788532,0.9926582697788532,0.007341730221146814,0.0,0.0,0.0,0.0,0.0
2013-06-07,182638.5443394872,-0.018760513050145255,1.0,1.0,1.0,0.0090264113245763,0.0090264113245761,158748.82001008102,0.9927239464311848,0.9927239464311848,0.007276053568815222,0.0,0.0,0.0,0.0,0.0
2013-06-10,182224.5029243964,-0.020984982080978876,1.0,1.0,1.0,-0.002266999096977,-0.0022669990969768,158388.93657847203,0.9927074141456383,0.9927074141456383,0.007292585854361655,0.0,0.0,0.0,0.0,0.0
2013-06-11,180046.48029509347,-0.032686574508094535,1.0,1.0,1.0,-0.0119524136126005,-0.01195241361260045,156495.80649682618,0.7931410832650241,0.7931410832650241,0.20685891673497592,0.1972911587070504,0.0,31.24873682394427,0.0,31.24873682394427
2013-06-12,178927.68550467814,-0.038697384713133776,1.0,1.0,1.0,-0.0062139220304758,-0.0062139220304759,155523.35375715845,0.7918476407340861,0.7918476407340861,0.2081523592659139,0.0,0.0,0.0,0.0,0.0
2013-06-13,181115.50350318296,-0.026943165919087075,1.0,1.0,1.0,0.0122273866804565,0.012227386680456453,157424.99794138863,0.602628429558668,0.602628429558668,0.397371570441332,0.1942722993223467,0.0,30.21387953272591,0.0,30.21387953272591
2013-06-14,180448.92666670255,-0.03052440073130125,1.0,1.0,1.0,-0.0036803963414909,-0.0036803963414909,156845.61155490595,0.6011605422776244,0.6011605422776244,0.3988394577223756,0.0,0.0,0.0,0.0,0.0
2013-06-17,181242.58900065784,-0.02626038940664832,1.0,1.0,1.0,0.004398265750958,0.00439826575095793,157535.46023639594,1.0,1.0,0.0,0.39844101670567,0.0,62.49372493375931,0.0,62.49372493375931
2013-06-18,182049.64848107548,-0.021924400892465834,1.0,1.0,1.0,0.0044529240332948,0.004452924033295114,158236.9536733788,0.5988779516129837,0.5988779516129837,0.40112204838701626,0.4033115259224858,0.0,63.53586685484195,0.0,63.53586685484195
2013-06-19,179221.2585830359,-0.03712014099477279,1.0,1.0,1.0,-0.0155363656103604,-0.0155363656103605,155778.5265080395,0.5925476225074489,0.5925476225074489,0.40745237749255114,0.0,0.0,0.0,0.0,0.0
2013-06-20,175595.67761903012,-0.056598850803165734,1.0,1.0,1.0,-0.0202296367778602,-0.0202296367778601,152627.1834989916,0.5841348209874655,0.5841348209874655,0.4158651790125345,0.0,0.0,0.0,0.0,0.0
2013-06-21,176107.2533699272,-0.05385037112620794,1.0,1.0,1.0,0.0029133732551605,0.0029133732551605454,153071.84345340802,0.394711292102806,0.394711292102806,0.605288707897194,0.1913783391570548,0.0,29.209536888256064,0.0,29.209536888256064
2013-06-24,175010.3811193533,-0.05974340081660057,1.0,1.0,1.0,-0.0062284331257489,-0.006228433125748782,152118.44571302336,0.9917579836058832,0.9917579836058832,0.008242016394116813,0.5965015248261831,0.0,91.30758802791264,0.0,91.30758802791264
2013-06-25,176708.0083781092,-0.050622769098701004,1.0,1.0,1.0,0.0097001517732719,0.0097001517732718,153594.0177239539,0.9918371643505828,0.9918371643505828,0.008162835649417222,0.0,0.0,0.0,0.0,0.0
2013-06-26,178300.32674629026,-0.0420679174144335,1.0,1.0,1.0,0.0090110141741506,0.0090110141741506,154978.0555947292,0.991910062888562,0.991910062888562,0.008089937111438017,0.0,0.0,0.0,0.0,0.0
2013-06-27,179684.44510745682,-0.03463163612178133,1.0,1.0,1.0,0.0077628481474185,0.0077628481474185,156181.1267064933,0.9919723800829632,0.9919723800829632,0.008027619917036821,0.0,0.0,0.0,0.0,0.0
2013-06-28,179026.66821321842,-0.03816559257420593,1.0,1.0,1.0,-0.0036607336480629,-0.003660733648063,155609.38920076643,0.9919428851314576,0.9919428851314576,0.008057114868542437,0.0,0.0,0.0,0.0,0.0
2013-07-01,179411.05530202293,-0.0361004436694512,1.0,1.0,1.0,0.002147094020354,0.002147094020354,155943.49718983035,0.9919601474507904,0.9919601474507904,0.00803985254920958,0.0,0.0,0.0,0.0,0.0
2013-07-02,177756.31857269118,-0.044990642752008814,1.0,1.0,1.0,-0.0092231592225247,-0.009223159222524625,154505.20548553125,0.7834514186202586,0.7834514186202586,0.21654858137974142,0.2067181849700247,0.0,32.23635669695988,0.0,32.23635669695988
2013-07-03,177675.81647398183,-0.045423146407366,1.0,1.0,1.0,-0.0004528789713679,-0.000452878971368,154435.23332699997,0.7833533038873727,0.7833533038873727,0.21664669611262732,0.0,0.0,0.0,0.0,0.0
2013-07-05,176506.73339711773,-0.05170413426068343,1.0,1.0,1.0,-0.006579866073306,-0.006579866073305851,153419.07017470855,0.5884080004565915,0.5884080004565915,0.4115919995434085,0.1924295127096511,0.0,29.71789669431588,0.0,29.71789669431588
2013-07-08,176691.59477764237,-0.050710952417065136,1.0,1.0,1.0,0.0010473333054594,0.001047333305459425,153579.75107659513,0.3879674585027968,0.3879674585027968,0.6120325414972032,0.201282826845375,0.0,30.880624136754292,0.0,30.880624136754292
2013-07-09,177457.42882775443,-0.04659645066641682,1.0,1.0,1.0,0.0043342981372476,0.004334298137247444,154245.41150560533,0.9914490620016756,0.9914490620016756,0.008550937998324404,0.6028416994847562,0.0,92.58427814546043,0.0,92.58427814546043
2013-07-10,176521.26183271006,-0.051626079134158176,1.0,1.0,1.0,-0.0052754455039074,-0.0052754455039074,153431.69824297976,0.991403712756788,0.991403712756788,0.008596287243212042,0.0,0.0,0.0,0.0,0.0
2013-07-11,181888.5284584739,-0.022790030482795043,1.0,1.0,1.0,0.030405779847928,0.030405779847928,158096.9086814495,0.991657376723488,0.991657376723488,0.008342623276512029,0.0,0.0,0.0,0.0,0.0
2013-07-12,180592.70297876975,-0.02975195154649979,1.0,1.0,1.0,-0.0071242837065448,-0.0071242837065449,156970.58145087515,0.9915975150367698,0.9915975150367698,0.00840248496323015,0.0,0.0,0.0,0.0,0.0
2013-07-15,182277.055955667,-0.020702636918690565,1.0,1.0,1.0,0.0093268052867852,0.0093268052867851,158434.6154998209,0.9916751592059,0.9916751592059,0.008324840794100008,0.0,0.0,0.0,0.0,0.0
2013-07-16,182205.573785592,-0.021086680320613893,1.0,1.0,1.0,-0.000392162193427,-0.0003921621934269,158372.48343349178,0.9916718932372848,0.9916718932372848,0.008328106762715226,0.0,0.0,0.0,0.0,0.0
2013-07-17,183742.4695354211,-0.012829590873741359,1.0,1.0,1.0,0.0084349546388611,0.0084349546388611,159708.34814729707,0.991741552864262,0.991741552864262,0.008258447135737979,0.0,0.0,0.0,0.0,0.0
2013-07-18,183179.82111648735,-0.015852462348787122,1.0,1.0,1.0,-0.0030621577055994,-0.0030621577055995,159219.29599836926,0.9917161865209856,0.9917161865209856,0.008283813479014412,0.0,0.0,0.0,0.0,0.0
2013-07-19,182856.58389017795,-0.017589078960871807,1.0,1.0,1.0,-0.0017645897039273,-0.0017645897039272,158938.339267984,0.9917015431494688,0.9917015431494688,0.00829845685053121,0.0,0.0,0.0,0.0,0.0
2013-07-22,184240.18887499333,-0.010155555821758755,1.0,1.0,1.0,0.0075666128907141,0.0075666128907142,160140.9641547178,0.9917638628112904,0.9917638628112904,0.008236137188709636,0.0,0.0,0.0,0.0,0.0
2013-07-23,185713.81625606676,-0.002238380503760351,1.0,1.0,1.0,0.0079984035517532,0.0079984035517531,161421.83621119408,0.9918292160387469,0.9918292160387469,0.008170783961253147,0.0,0.0,0.0,0.0,0.0
2013-07-24,183624.0295444133,-0.013465918744351324,1.0,1.0,1.0,-0.0112527261233598,-0.0112527261233599,159605.40049797963,0.9917362260537846,0.9917362260537846,0.008263773946215358,0.0,0.0,0.0,0.0,0.0
2013-07-25,184729.00645622448,-0.007529346144311111,1.0,1.0,1.0,0.0060176051824631,0.0060176051824631,160565.8427831654,0.9917856567284262,0.9917856567284262,0.008214343271573776,0.0,0.0,0.0,0.0,0.0
2013-07-26,184125.0138472566,-0.010774342428575778,1.0,1.0,1.0,-0.003269614342407,-0.0032696143424071,160040.85440070086,0.9917587108913568,0.9917587108913568,0.00824128910864319,0.0,0.0,0.0,0.0,0.0
2013-07-29,183006.0971556393,-0.016785807557105126,1.0,1.0,1.0,-0.0060769401627609,-0.0060769401627607,159068.2957049107,0.9917083228655618,0.9917083228655618,0.008291677134438236,0.0,0.0,0.0,0.0,0.0
2013-07-30,182207.6260162583,-0.021075654555086754,1.0,1.0,1.0,-0.0043630849014933,-0.0043630849014933,158374.26722561434,0.9916719870379476,0.9916719870379476,0.008328012962052433,0.0,0.0,0.0,0.0,0.0
2013-07-31,181758.27761288223,-0.02348981306902498,1.0,1.0,1.0,-0.0024661339001033,-0.0024661339001033,157983.69507630524,0.9916513982681984,0.9916513982681984,0.00834860173180163,0.0,0.0,0.0,0.0,0.0
2013-08-01,183767.27000004583,-0.012696348489049325,1.0,1.0,1.0,0.0110530998287869,0.011053099828787,159729.90462930428,0.9917426673898576,0.9917426673898576,0.008257332610142387,0.0,0.0,0.0,0.0,0.0
2013-08-02,183871.9452802346,-0.012133972575464336,1.0,1.0,1.0,0.0005696078533938,0.0005696078533936,159820.88803740294,0.9917473681537684,0.9917473681537684,0.008252631846231595,0.0,0.0,0.0,0.0,0.0
2013-08-05,182595.40908024635,-0.018992260515063086,1.0,1.0,1.0,-0.0069425283886712,-0.0069425283886713,158711.32698510063,0.9916896734759562,0.9916896734759562,0.008310326524043843,0.0,0.0,0.0,0.0,0.0
2013-08-06,180543.86990104977,-0.0300143109750719,1.0,1.0,1.0,-0.0112354368027676,-0.011235436802767364,156928.13590087616,0.9976135518432768,0.9976135518432768,0.0023864481567231755,0.3900242753879659,0.0,61.901270303226404,0.0,61.901270303226404
2013-08-07,179352.0298346038,-0.03641756248780781,1.0,1.0,1.0,-0.0066013876134323,-0.006601387613432463,155892.19244834108,0.8130549535022071,0.8130549535022071,0.18694504649779287,0.1835080096363629,0.0,28.797569875114444,0.0,28.797569875114444
2013-08-08,181459.2710160417,-0.02509624877918415,1.0,1.0,1.0,0.0117491905911584,0.01174919059115835,157723.7995290902,0.6058597399285741,0.6058597399285741,0.3941402600714259,0.2120380806895505,0.0,33.05508128123229,0.0,33.05508128123229
2013-08-09,181640.52440259943,-0.024122451157893132,1.0,1.0,1.0,0.0009988653957599,0.00099886539576,157881.3443745276,0.6062530401414625,0.6062530401414625,0.39374695985853747,0.0,0.0,0.0,0.0,0.0
2013-08-12,181780.57179833343,-0.02337003586003983,1.0,1.0,1.0,0.0007710140465329,0.0007710140465329,158003.07310872586,0.6065563906907585,0.6065563906907585,0.3934436093092415,0.0,0.0,0.0,0.0,0.0
2013-08-13,182134.28392020857,-0.02146969055093806,1.0,1.0,1.0,0.0019458191729504,0.001945819172950709,158310.51851776594,1.0,1.0,0.0,0.393050558750491,0.0,62.1031961696794,0.0,62.1031961696794
2013-08-14,182271.40033636428,-0.020733022164056147,1.0,1.0,1.0,0.000752831445044,0.0007528314450441,158429.69965418734,1.0,1.0,0.0,0.0,0.0,0.0,0.0,0.0
2013-08-15,181162.9732634086,-0.02668813101756673,1.0,1.0,1.0,-0.0060811903069278,-0.006081190306928,157466.25850032078,1.0,1.0,0.0,0.0,0.0,0.0,0.0,0.0
2013-08-16,180394.4618806874,-0.030817016941530162,1.0,1.0,1.0,-0.0042420996348068,-0.0042420996348068,156798.27094264218,1.0,1.0,0.0,0.0,0.0,0.0,0.0,0.0
2013-08-19,178699.9271008964,-0.03992103408070591,1.0,1.0,1.0,-0.0093934966856784,-0.0093934966856785,155325.38690422234,1.0,1.0,0.0,0.0,0.0,0.0,0.0,0.0
2013-08-20,178966.90393454785,-0.03848668071226968,1.0,1.0,1.0,0.001493995201804,0.0014939952018038338,155557.4422869756,0.9988543739841532,0.9988543739841532,0.001145626015846779,0.4022272985015661,0.0,62.47611076319589,0.0,62.47611076319589
2013-08-21,177541.5601984452,-0.046144448470979094,1.0,1.0,1.0,-0.0079642867187552,-0.007964286718755,154318.53821536593,0.9988451766398032,0.9988451766398032,0.0011548233601967883,0.0,0.0,0.0,0.0,0.0
2013-08-22,179224.9948462873,-0.0371000676359472,1.0,1.0,1.0,0.0094819187460133,0.0094819187460133,155781.77405572758,0.9988560237298444,0.9988560237298444,0.001143976270155611,0.0,0.0,0.0,0.0,0.0
2013-08-23,180736.14495771716,-0.028981298591843063,1.0,1.0,1.0,0.0084315812798649,0.0084315812798649,157095.2607456,0.9988655886116696,0.9988655886116696,0.0011344113883303697,0.0,0.0,0.0,0.0,0.0
2013-08-26,180332.5674602021,-0.031149549428698742,1.0,1.0,1.0,-0.0022329650641244,-0.0022329650641242,156744.4725166156,0.9988630498416866,0.9988630498416866,0.0011369501583133879,0.0,0.0,0.0,0.0,0.0
2013-08-27,178404.35878054507,-0.04150899738861036,1.0,1.0,1.0,-0.01069251498392,-0.0106925149839202,155068.47989558504,0.9988507615927976,0.9988507615927976,0.0011492384072023798,0.0,0.0,0.0,0.0,0.0
2013-08-28,179074.31490419566,-0.03790960709874969,1.0,1.0,1.0,0.0037552676864509,0.003755267686451,155650.803547324,0.9988550611446838,0.9988550611446838,0.001144938855316191,0.0,0.0,0.0,0.0,0.0
2013-08-29,178885.51105569082,-0.038923970151801046,1.0,1.0,1.0,-0.0010543323793021,-0.0010543323793018,155486.6958652797,0.9988538527244998,0.9988538527244998,0.00114614727550022,0.0,0.0,0.0,0.0,0.0
2013-08-30,178805.05546558328,-0.039356223936153456,1.0,1.0,1.0,-0.0004497602384493,-0.0004497602384496,155416.7641318716,0.998853337001076,0.998853337001076,0.001146662998923964,0.0,0.0,0.0,0.0,0.0
2013-09-03,179734.5741481433,-0.03436231403348733,1.0,1.0,1.0,0.0051985033652413,0.0051985033652414,156224.69870322605,0.9988592671048702,0.9988592671048702,0.0011407328951298368,0.0,0.0,0.0,0.0,0.0
2013-09-04,180902.0441750168,-0.028089992414074283,1.0,1.0,1.0,0.0064955228141649,0.0064955228141649,157239.4597977889,0.9988666289424316,0.9988666289424316,0.0011333710575683886,0.0,0.0,0.0,0.0,0.0
2013-09-05,181452.56871546656,-0.02513225739938807,1.0,1.0,1.0,0.0030432190136953,0.0030432190136954,157717.9739115487,0.9988700675742735,0.9988700675742735,0.0011299324257264542,0.0,0.0,0.0,0.0,0.0
2013-09-06,182174.69907890615,-0.021252557033318187,1.0,1.0,1.0,0.0039797197061011,0.003979719706101,158345.6472403308,0.9988745465634932,0.9988745465634932,0.0011254534365068292,0.0,0.0,0.0,0.0,0.0
2013-09-09,184286.42763639492,-0.009907134555158237,1.0,1.0,1.0,0.0115917773882205,0.0115917773882207,160181.15473353444,0.9988874430756916,0.9988874430756916,0.0011125569243084499,0.0,0.0,0.0,0.0,0.0
2013-09-10,184799.64380844217,-0.007149841590657013,1.0,1.0,1.0,0.0027848831768546,0.0027848831768544,160627.240536601,0.998890532812198,0.998890532812198,0.0011094671878020268,0.0,0.0,0.0,0.0,0.0
2013-09-11,185234.52955435187,-0.004813384805253396,1.0,1.0,1.0,0.0023532823816507,0.0023532823816507,161005.24179176893,0.9988931375720488,0.9988931375720488,0.0011068624279512163,0.0,0.0,0.0,0.0,0.0
2013-09-12,184389.33579558047,-0.009354252633725024,1.0,1.0,1.0,-0.0045628304874086,-0.0045628304874087,160270.60216588885,0.9988880639965522,0.9988880639965522,0.0011119360034478332,0.0,0.0,0.0,0.0,0.0
2013-09-13,184798.97852682063,-0.007153415866828383,1.0,1.0,1.0,0.0022216183461625,0.0022216183461626,160626.6622760111,0.9988905288180844,0.9988905288180844,0.0011094711819156222,0.0,0.0,0.0,0.0,0.0
2013-09-16,185123.33675269785,-0.005410776599204081,1.0,1.0,1.0,0.0017551949067191,0.0017551949067191,160908.59337552125,0.9988924727442828,0.9988924727442828,0.0011075272557171667,0.0,0.0,0.0,0.0,0.0
2013-09-17,184892.19692062063,-0.006652592947781311,1.0,1.0,1.0,-0.0012485720932418,-0.0012485720932419,160707.68739626976,0.9988910881879404,0.9988910881879404,0.001108911812059632,0.0,0.0,0.0,0.0,0.0
2013-09-18,189064.1894121113,0.0,1.0,1.0,1.0,0.0225644595119491,0.0225644595119492,164333.9695017819,0.998915558034758,0.998915558034758,0.0010844419652420445,0.0,0.0,0.0,0.0,0.0
2013-09-19,188505.2394149311,-0.0029564033195192962,1.0,1.0,1.0,-0.0029564033195192,-0.0029564033195193,163848.13200883704,0.9989123424804568,0.9989123424804568,0.0010876575195432059,0.0,0.0,0.0,0.0,0.0
2013-09-20,186267.70337523785,-0.014791198933912453,1.0,1.0,1.0,-0.011869887790058,-0.011869887790058,161903.27306728155,0.9988992770222228,0.9988992770222228,0.001100722977777191,0.0,0.0,0.0,0.0,0.0
2013-09-23,185745.43221864593,-0.017553600202052655,1.0,1.0,1.0,-0.0028038739251528,-0.0028038739251527653,161449.3167015313,0.8090590115060189,0.8090590115060189,0.1909409884939811,0.1894943854427653,0.0,30.679761231056737,0.0,30.679761231056737
2013-09-24,185413.61492671628,-0.019308651187442516,1.0,1.0,1.0,-0.001786408892893,-0.0017864088928929,161160.9022064242,0.8087173023939589,0.8087173023939589,0.1912826976060411,0.0,0.0,0.0,0.0,0.0
2013-09-25,185227.12363617716,-0.020295042587733625,1.0,1.0,1.0,-0.0010058122787414,-0.0010058122787415412,160998.8045921319,1.0,1.0,0.0,0.1910916060000411,0.0,30.79649562704117,0.0,30.79649562704117
2013-09-26,186115.6599106727,-0.015595388585257552,1.0,1.0,1.0,0.0047970095148741,0.0047970095148742,161771.1173896437,1.0,1.0,0.0,0.0,0.0,0.0,0.0,0.0
2013-09-27,184670.93914893904,-0.023236818547356486,1.0,1.0,1.0,-0.0077624889943547,-0.0077624889943545,160515.37087130218,1.0,1.0,0.0,0.0,0.0,0.0,0.0,0.0
2013-09-30,183444.08788819457,-0.029725891198075338,1.0,1.0,1.0,-0.0066434451809171,-0.0066434451809172,159448.99580422408,1.0,1.0,0.0,0.0,0.0,0.0,0.0,0.0
2013-10-01,184661.10283679364,-0.0232888448574472,1.0,1.0,1.0,0.0066342554977341,0.006634255497734,160506.82118124643,1.0,1.0,0.0,0.0,0.0,0.0,0.0,0.0
2013-10-02,185354.0419619173,-0.01962374504516473,1.0,1.0,1.0,0.0037524909928436,0.0037524909928437,161109.12158201903,1.0,1.0,0.0,0.0,0.0,0.0,0.0,0.0
2013-10-03,184159.15013131415,-0.02594377759241029,1.0,1.0,1.0,-0.0064465377606851,-0.006446537760684942,160070.52554614976,0.7947208589989428,0.7947208589989428,0.20527914100105715,0.2041599612283413,0.0,32.892032015717135,0.0,32.892032015717135
2013-10-04,185284.72340403963,-0.019990385380879383,1.0,1.0,1.0,0.006111959530237,0.0061119595302369,161048.87012027155,0.7959678949677688,0.7959678949677688,0.20403210503223124,0.0,0.0,0.0,0.0,0.0
2013-10-07,184746.0066889632,-0.02283977064390319,1.0,1.0,1.0,-0.002907507457599,-0.002907507457599,160580.61932935897,0.7953729402655643,0.7953729402655643,0.20462705973443573,0.0,0.0,0.0,0.0,0.0
2013-10-08,183550.48391750548,-0.029163140369154572,1.0,1.0,1.0,-0.0064711697583293,-0.0064711697583294,159541.474881781,0.7940401390419025,0.7940401390419025,0.20595986095809748,0.0,0.0,0.0,0.0,0.0
2013-10-09,183539.98224952695,-0.029218685885262996,1.0,1.0,1.0,-5.721405770442445e-05,-5.721405770433931e-05,159532.3468666309,0.9942684025778972,0.9942684025778972,0.00573159742210283,0.2000285629010393,0.0,31.912851943714912,0.0,31.912851943714912
2013-10-10,187209.1206541271,-0.009811846250484924,1.0,1.0,1.0,0.0199909488909717,0.0199909488909719,162721.5498592985,0.9943807369777796,0.9943807369777796,0.005619263022220378,0.0,0.0,0.0,0.0,0.0
2013-10-11,188086.1669684715,-0.005172965047907541,1.0,1.0,1.0,0.0046848482129497,0.0046848482129495,163483.87562136524,0.9944069396167208,0.9944069396167208,0.005593060383279225,0.0,0.0,0.0,0.0,0.0
2013-10-14,188862.32083663228,-0.00106772507319719,1.0,1.0,1.0,0.0041265866632866,0.0041265866632868,164158.5060021668,0.9944299250138724,0.9944299250138724,0.005570074986127604,0.0,0.0,0.0,0.0,0.0
2013-10-15,187709.80000950763,-0.007163648530243094,1.0,1.0,1.0,-0.0061024391843707,-0.0061024391843707,163156.73870269142,0.9943957252681486,0.9943957252681486,0.005604274731851433,0.0,0.0,0.0,0.0,0.0
2013-10-16,190007.46669382305,0.0,1.0,1.0,1.0,0.0122405259831881,0.0122405259831881,165153.86300211397,0.9944634950014396,0.9944634950014396,0.005536504998560399,0.0,0.0,0.0,0.0,0.0
2013-10-17,190488.76627530885,0.0,1.0,1.0,1.0,0.0025330561470058,0.0025330561470059,165572.20700999323,0.9944774838449332,0.9944774838449332,0.005522516155066826,0.0,0.0,0.0,0.0,0.0
2013-10-18,191837.4523959207,0.0,1.0,1.0,1.0,0.0070801346818669,0.0070801346818668,166744.48053519792,0.994516309114953,0.994516309114953,0.005483690885046966,0.0,0.0,0.0,0.0,0.0
2013-10-21,191639.63392520184,-0.0010311775320629435,1.0,1.0,1.0,-0.0010311775320629,-0.0010311775320629,166572.5373732745,0.9945106486191436,0.9945106486191436,0.005489351380856378,0.0,0.0,0.0,0.0,0.0
2013-10-22,192262.66211456893,0.0,1.0,1.0,1.0,0.0032510403855721,0.003251040385572,167114.0714194022,0.9945284368917804,0.9945284368917804,0.0054715631082196126,0.0,0.0,0.0,0.0,0.0
2013-10-23,189663.0835820809,-0.013520974399797603,1.0,1.0,1.0,-0.0135209743997976,-0.0135209743997975,164854.52633789452,0.9944534420233716,0.9944534420233716,0.005546557976628397,0.0,0.0,0.0,0.0,0.0
2013-10-24,189917.06910832305,-0.012199940333959103,1.0,1.0,1.0,0.0013391405509455,0.0013391405509453,165075.28971912048,0.9944608597107504,0.9944608597107504,0.005539140289249622,0.0,0.0,0.0,0.0,0.0
2013-10-25,190798.10641976667,-0.007617473297699018,1.0,1.0,1.0,0.0046390633321176,0.0046390633321174,165841.0844426951,0.9944864374764822,0.9944864374764822,0.0055135625235177566,0.0,0.0,0.0,0.0,0.0
2013-10-28,191228.6746908867,-0.005377993898087685,1.0,1.0,1.0,0.0022566695194172,0.0022566695194173,166215.33296302406,0.9944988517500596,0.9944988517500596,0.005501148249940413,0.0,0.0,0.0,0.0,0.0
2013-10-29,191881.7830374632,-0.001981035074188009,1.0,1.0,1.0,0.0034153264285925,0.0034153264285926,166783.01258252998,0.9945175760175796,0.9945175760175796,0.005482423982420381,0.0,0.0,0.0,0.0,0.0
2013-10-30,191285.50665456476,-0.005082398471222049,1.0,1.0,1.0,-0.0031075195021615,-0.0031075195021616,166264.73111830052,0.994500486171104,0.994500486171104,0.005499513828896019,0.0,0.0,0.0,0.0,0.0
2013-10-31,189866.37230121653,-0.012463625474635642,1.0,1.0,1.0,-0.0074189329770341,-0.007418932977034144,165031.22422168925,0.7949836679813893,0.7949836679813893,0.2050163320186107,0.1981940097730442,0.0,32.95267374417303,0.0,32.95267374417303
2013-11-01,189540.72076181797,-0.014157410091039768,1.0,1.0,1.0,-0.0017151617500855,-0.0017151617500854,164748.16897833446,0.7946314276614446,0.7946314276614446,0.20536857233855543,0.0,0.0,0.0,0.0,0.0
2013-11-04,189789.55353090508,-0.012863176637958551,1.0,1.0,1.0,0.0013128195782257,0.0013128195782255,164964.45360004602,0.7949006860562705,0.7949006860562705,0.2050993139437295,0.0,0.0,0.0,0.0,0.0
2013-11-05,188587.17096245263,-0.019117030377567956,1.0,1.0,1.0,-0.0063353464196682,-0.0063353464196682,163919.34663955844,0.7935930263749204,0.7935930263749204,0.20640697362507965,0.0,0.0,0.0,0.0,0.0
2013-11-06,189257.96053422775,-0.015628107648643086,1.0,1.0,1.0,0.0035569204859047,0.003556920485904738,164502.3947216568,0.994564645437378,0.994564645437378,0.005435354562622008,0.2007515344040617,0.0,32.90706035640264,0.0,32.90706035640264
2013-11-07,186928.89831405785,-0.02774206776213628,1.0,1.0,1.0,-0.0123062840453083,-0.012306284045308388,162477.98152607866,0.8064893085437028,0.8064893085437028,0.19351069145629718,0.1858798191779879,0.0,30.57767538520756,0.0,30.57767538520756
2013-11-08,188915.60556976096,-0.017408770418530173,1.0,1.0,1.0,0.0106281440356283,0.0106281440356283,164204.820916356,0.8085243394434153,0.8085243394434153,0.19147566055658471,0.0,0.0,0.0,0.0,0.0
2013-11-11,188801.17768918377,-0.01800393475943063,1.0,1.0,1.0,-0.0006057089896416,-0.0006057089896415,164105.36058018447,0.8084082906227047,0.8084082906227047,0.1915917093772953,0.0,0.0,0.0,0.0,0.0
2013-11-12,187954.13649898095,-0.02240958056130804,1.0,1.0,1.0,-0.0044864189967992,-0.0044864189967992,163369.11517300096,0.8075448562095716,0.8075448562095716,0.19245514379042838,0.0,0.0,0.0,0.0,0.0
2013-11-13,188967.99718567275,-0.01713627020795594,1.0,1.0,1.0,0.0053941919320157,0.005394191932015781,164250.35953600772,1.0,1.0,0.0,0.1922628809095188,0.0,31.409816734800156,0.0,31.409816734800156
2013-11-14,190328.50167304935,-0.010059989913002498,1.0,1.0,1.0,0.0071996555376507,0.0071996555376508346,165432.90554660227,0.7975897211782715,0.7975897211782715,0.20241027882172846,0.204071634741266,0.0,33.5188393773538,0.0,33.5188393773538
2013-11-15,190975.9384155767,-0.006692530337614189,1.0,1.0,1.0,0.0034016804463659,0.0034016804463658,165995.65542658564,0.7982759220298637,0.7982759220298637,0.20172407797013625,0.0,0.0,0.0,0.0,0.0
2013-11-18,190516.97484580745,-0.009079699872881375,1.0,1.0,1.0,-0.0024032533814313,-0.0024032533814312,165596.72580637882,0.7977899600676369,0.7977899600676369,0.20221003993236308,0.0,0.0,0.0,0.0,0.0
2013-11-19,190559.09284107623,-0.008860635001909811,1.0,1.0,1.0,0.0002210721396498,0.0002210721396498,165633.33462887185,0.7978346531934185,0.7978346531934185,0.2021653468065815,0.0,0.0,0.0,0.0,0.0
2013-11-20,190090.63450204293,-0.011297188901044586,1.0,1.0,1.0,-0.0024583363199781,-0.0024583363199781813,165226.1521865546,0.9975764860078152,0.9975764860078152,0.002423513992184767,0.1995482423844812,0.0,33.05184080547201,0.0,33.05184080547201
2013-11-21,192407.2045559375,0.0,1.0,1.0,1.0,0.0121866606419773,0.0121866606419774,167239.70723243186,0.997605664956454,0.997605664956454,0.0023943350435460253,0.0,0.0,0.0,0.0,0.0
2013-11-22,193077.27852291107,0.0,1.0,1.0,1.0,0.0034825825182589,0.0034825825182589,167822.13331319825,0.9976139744871932,0.9976139744871932,0.0023860255128067553,0.0,0.0,0.0,0.0,0.0
2013-11-25,192908.91856594424,-0.0008719822355837126,1.0,1.0,1.0,-0.0008719822355838,-0.0008719822355839,167675.79539421137,0.9976118920995272,0.9976118920995272,0.0023881079004728356,0.0,0.0,0.0,0.0,0.0
2013-11-26,192838.5584058334,-0.001236396736601697,1.0,1.0,1.0,-0.0003647325413146,-0.0003647325413145,167614.63857524027,0.9976110207610585,0.9976110207610585,0.0023889792389415465,0.0,0.0,0.0,0.0,0.0
2013-11-27,193219.01443260376,0.0,1.0,1.0,1.0,0.0019729250722237,0.001972925072224,167945.32969815715,0.9976157247574634,0.9976157247574634,0.002384275242536593,0.0,0.0,0.0,0.0,0.0
2013-11-29,192856.77940541093,-0.00187473799230653,1.0,1.0,1.0,-0.0018747379923067,-0.0018747379923068,167630.4762079415,0.9976112464704672,0.9976112464704672,0.0023887535295328277,0.0,0.0,0.0,0.0,0.0
2013-12-02,192706.1019873471,-0.0026545650631892848,1.0,1.0,1.0,-0.0007812917882814,-0.0007812917882813,167499.50789341456,0.997609378697675,0.997609378697675,0.0023906213023250356,0.0,0.0,0.0,0.0,0.0
2013-12-03,191669.5470432581,-0.008019228303672632,1.0,1.0,1.0,-0.005378941991972,-0.0053789419919721,166598.537756772,0.9975964501424162,0.9975964501424162,0.002403549857583842,0.0,0.0,0.0,0.0,0.0
2013-12-04,191861.1092602251,-0.0070278030160034755,1.0,1.0,1.0,0.0009994400254089,0.000999440025409,166765.04300358074,0.9975988499478852,0.9975988499478852,0.002401150052114831,0.0,0.0,0.0,0.0,0.0
2013-12-05,190517.87376068864,-0.013979683520522701,1.0,1.0,1.0,-0.0070010827348787,-0.0070010827348789,165597.50714022704,0.9975819207751728,0.9975819207751728,0.0024180792248271743,0.0,0.0,0.0,0.0,0.0
2013-12-06,192491.0446354166,-0.003767588812751632,1.0,1.0,1.0,0.010356880621114,0.0103568806211142,167312.5807528325,0.9976067078166077,0.9976067078166077,0.002393292183392348,0.0,0.0,0.0,0.0,0.0
2013-12-09,193157.40263969707,-0.00031887023690502225,1.0,1.0,1.0,0.0034617610681191,0.003461761068119,167891.77693108917,0.9976149642405456,0.9976149642405456,0.002385035759454368,0.0,0.0,0.0,0.0,0.0
2013-12-10,192531.5625640267,-0.0035578893236557496,1.0,1.0,1.0,-0.0032400522429769,-0.0032400522429769,167347.79880266622,0.9976072114807368,0.9976072114807368,0.002392788519263167,0.0,0.0,0.0,0.0,0.0
2013-12-11,190039.0925093975,-0.01645760347419345,1.0,1.0,1.0,-0.012945773780859,-0.012945773780858998,165181.3520566422,0.8111416355363137,0.8111416355363137,0.1888583644636863,0.1842048631445979,0.0,30.826278375994846,0.0,30.826278375994846
2013-12-12,189751.10401627127,-0.017948080454276982,1.0,1.0,1.0,-0.0015154171140445,-0.0015154171140445176,164931.03340881455,1.0,1.0,0.0,0.1886696947689174,0.0,31.164715274043786,0.0,31.164715274043786
2013-12-13,189623.1360260751,-0.018610375469971796,1.0,1.0,1.0,-0.000674399186553,-0.0006743991865531,164819.80405404628,1.0,1.0,0.0,0.0,0.0,0.0,0.0,0.0
2013-12-16,191022.63684190012,-0.01136729527967728,1.0,1.0,1.0,0.0073804328161335,0.0073804328161334,166036.24554463543,1.0,1.0,0.0,0.0,0.0,0.0,0.0,0.0
2013-12-17,190034.77315291087,-0.016479958191710886,1.0,1.0,1.0,-0.0051714482917899,-0.0051714482917899,165177.5976862384,1.0,1.0,0.0,0.0,0.0,0.0,0.0,0.0
2013-12-18,193571.41731023704,0.0,1.0,1.0,1.0,0.0186105105852412,0.0186105105852411,168251.63711642285,1.0,1.0,0.0,0.0,0.0,0.0,0.0,0.0
2013-12-19,193576.93539923473,0.0,1.0,1.0,1.0,2.8506734487843133e-05,2.8506734487922e-05,168256.43342116926,1.0,1.0,0.0,0.0,0.0,0.0,0.0,0.0
2013-12-20,194626.46744163093,0.0,1.0,1.0,1.0,0.0054217825084978,0.0054217825084978,169168.68320883438,0.8023110240418259,0.8023110240418259,0.19768897595817414,0.1989597623524996,0.0,33.476260007755016,0.0,33.476260007755016
2013-12-23,195217.9046968769,0.0,1.0,1.0,1.0,0.0030388326059678,0.0030388326059678,169682.75851927802,0.8029099477190093,0.8029099477190093,0.19709005228099075,0.0,0.0,0.0,0.0,0.0
2013-12-24,195641.70033959032,0.0,1.0,1.0,1.0,0.0021708851110326,0.0021708851110328,170051.12029334647,0.8033368807564643,0.8033368807564643,0.19666311924353574,0.0,0.0,0.0,0.0,0.0
2013-12-26,196179.91352581093,0.0,1.0,1.0,1.0,0.0027510146624485,0.0027510146624484,170518.93341863924,0.8038764196017917,0.8038764196017917,0.19612358039820832,0.0,0.0,0.0,0.0,0.0
2013-12-27,196267.466270494,0.0,1.0,1.0,1.0,0.0004462880175117,0.000446288017511537,170595.03397538283,1.0,1.0,0.0,0.1959276527454629,0.0,33.409374373373865,0.0,33.409374373373865
2013-12-30,195879.1056922523,-0.0019787312977611604,1.0,1.0,1.0,-0.0019787312977608,-0.0019787312977606,170257.4722424132,1.0,1.0,0.0,0.0,0.0,0.0,0.0,0.0
2013-12-31,196873.25060576308,0.0,1.0,1.0,1.0,0.0050752984091761,0.005075298409176,171121.57972043546,1.0,1.0,0.0,0.0,0.0,0.0,0.0,0.0
2014-01-02,195202.18497039864,-0.008488027856616953,1.0,1.0,1.0,-0.0084880278566169,-0.0084880278566169,169669.0949849001,1.0,1.0,0.0,0.0,0.0,0.0,0.0,0.0
2014-01-03,195825.65046356717,-0.005321190862509373,1.0,1.0,1.0,0.003193947307829,0.0031939473078289,170211.00913404886,1.0,1.0,0.0,0.0,0.0,0.0,0.0,0.0
2014-01-06,195843.3786208932,-0.005231142279111256,1.0,1.0,1.0,9.053031246963884e-05,9.053031246972428e-05,170226.4183898915,1.0,1.0,0.0,0.0,0.0,0.0,0.0,0.0
2014-01-07,196342.29361767,-0.0026969483485409507,1.0,1.0,1.0,0.0025475203720959,0.002547520372095696,170660.07365860866,0.7905233205490816,0.7905233205490816,0.2094766794509184,0.2102205461054039,0.0,35.78509063548998,0.0,35.78509063548998
2014-01-08,196053.81751059025,-0.00416223683335093,1.0,1.0,1.0,-0.001469250978811,-0.0014692509788109,170409.33117834182,0.790215093870411,0.790215093870411,0.209784906129589,0.0,0.0,0.0,0.0,0.0
2014-01-09,196429.87393694476,-0.0022520919802669903,1.0,1.0,1.0,0.0019181285584208,0.0019181285584208,170736.1981830964,0.790616717923418,0.790616717923418,0.20938328207658197,0.0,0.0,0.0,0.0,0.0
2014-01-10,196330.32934174823,-0.0027577198138615255,1.0,1.0,1.0,-0.000506769124275,-0.0005067691242751313,170649.67434946107,0.6040218818288666,0.6040218818288666,0.3959781181711334,0.1865807473577312,0.0,31.856087458019847,0.0,31.856087458019847
2014-01-13,194830.817506406,-0.010374355546386771,1.0,1.0,1.0,-0.0076376983646377,-0.007637698364637698,169346.30361075624,1.0,1.0,0.0,0.3955825356354978,0.0,67.50603088453178,0.0,67.50603088453178
2014-01-14,196698.44487872656,-0.0008879099953836844,1.0,1.0,1.0,0.0095858930133532,0.0095858930133534,170969.63915937583,1.0,1.0,0.0,0.0,0.0,0.0,0.0,0.0
2014-01-15,197430.08251429943,0.0,1.0,1.0,1.0,0.003719590340554,0.0037195903405538,171605.576177721,1.0,1.0,0.0,0.0,0.0,0.0,0.0,0.0
2014-01-16,197036.6373733211,-0.00199283278397977,1.0,1.0,1.0,-0.0019928327839798,-0.0019928327839798,171263.5949596003,1.0,1.0,0.0,0.0,0.0,0.0,0.0,0.0
2014-01-17,196356.93701587524,-0.00543557235431158,1.0,1.0,1.0,-0.0034496140743512,-0.0034496140743514,170672.80165200366,1.0,1.0,0.0,0.0,0.0,0.0,0.0,0.0
2014-01-21,197221.056405316,-0.0010587348509480954,1.0,1.0,1.0,0.0044007581426617,0.0044007581426619,171423.89137360462,1.0,1.0,0.0,0.0,0.0,0.0,0.0,0.0
2014-01-22,197581.82942194707,0.0,1.0,1.0,1.0,0.0018292824468479,0.0018292824468480902,171737.47408906475,0.7951809207886789,0.7951809207886789,0.20481907921132114,0.2053991503080099,0.0,35.21032163063099,0.0,35.21032163063099
2014-01-23,195694.96913763596,-0.009549766240303459,1.0,1.0,1.0,-0.0095497662403034,-0.0095497662403035,170097.421356814,0.7932060872621143,0.7932060872621143,0.20679391273788572,0.0,0.0,0.0,0.0,0.0
2014-01-24,192825.02085713015,-0.024075131699780372,1.0,1.0,1.0,-0.0146654167613645,-0.0146654167613646,167602.8717825829,0.7901282302929148,0.7901282302929148,0.2098717697070852,0.0,0.0,0.0,0.0,0.0
2014-01-27,192163.4113977978,-0.027423665627560934,1.0,1.0,1.0,-0.003431139052346,-0.0034311390523458,167027.80302392435,0.7894056518006045,0.7894056518006045,0.2105943481993955,0.0,0.0,0.0,0.0,0.0
2014-01-28,193502.6570893033,-0.020645483162990974,1.0,1.0,1.0,0.0069693063927405,0.006969306392740231,168191.87095930436,0.9911032383149684,0.9911032383149684,0.008896761685031618,0.2014341481081697,0.0,33.64510321250337,0.0,33.64510321250337
2014-01-29,191346.31370818504,-0.03155915567744716,1.0,1.0,1.0,-0.011143740419663,-0.0111437404196628,166317.58440863644,0.9910029778354164,0.9910029778354164,0.008997022164583646,0.0,0.0,0.0,0.0,0.0
2014-01-30,192827.90909521191,-0.024060513766085756,1.0,1.0,1.0,0.0077430045989095,0.0077430045989094,167605.382229592,0.9910721065554164,0.9910721065554164,0.008927893444583557,0.0,0.0,0.0,0.0,0.0
2014-01-31,190654.6587239141,-0.035059755840399776,1.0,1.0,1.0,-0.0112704140261395,-0.0112704140261396,165716.4001788551,0.990970338532158,0.990970338532158,0.00902966146784201,0.0,0.0,0.0,0.0,0.0
2014-02-03,186543.49155035667,-0.055867171105179914,1.0,1.0,1.0,-0.0215634236324157,-0.0215634236324156,162142.98723895955,0.990771336961498,0.990771336961498,0.009228663038502005,0.0,0.0,0.0,0.0,0.0
2014-02-04,188316.01162767,-0.04689610285209678,1.0,1.0,1.0,0.0095019132674207,0.0095019132674208,163683.65584062465,0.990858201537596,0.990858201537596,0.009141798462404038,0.0,0.0,0.0,0.0,0.0
2014-02-05,187616.7064503382,-0.05043542212744567,1.0,1.0,1.0,-0.0037134663764779,-0.0037134663764778,163075.82208828154,0.9908241272426366,0.9908241272426366,0.009175872757363424,0.0,0.0,0.0,0.0,0.0
2014-02-06,190490.8667507836,-0.03588873881727406,1.0,1.0,1.0,0.0153193196641374,0.0153193196641372,165574.03273634388,0.990962574453524,0.990962574453524,0.009037425546476019,0.0,0.0,0.0,0.0,0.0
2014-02-07,192597.55825960587,-0.025226364068615892,1.0,1.0,1.0,0.0110592782990401,0.0110592782990401,167405.1620434695,0.991061428602208,0.991061428602208,0.008938571397791972,0.0,0.0,0.0,0.0,0.0
2014-02-10,192379.19911948155,-0.026331522072077895,1.0,1.0,1.0,-0.0011337586109476,-0.0011337586109475,167215.36499948564,0.9910512829171584,0.9910512829171584,0.008948717082841617,0.0,0.0,0.0,0.0,0.0
2014-02-11,194487.94866954917,-0.015658731177100038,1.0,1.0,1.0,0.0109614218154527,0.0109614218154527,169048.2831492699,0.9911483100247566,0.9911483100247566,0.008851689975243437,0.0,0.0,0.0,0.0,0.0
2014-02-12,194180.5242756121,-0.017214665722480538,1.0,1.0,1.0,-0.0015806860838428,-0.0015806860838429,168781.0708805983,0.991134296130026,0.991134296130026,0.008865703869973984,0.0,0.0,0.0,0.0,0.0
2014-02-13,195000.151887527,-0.013066371244628727,1.0,1.0,1.0,0.004220956838862,0.0042209568388618,169493.4884960022,0.9911715605917228,0.9911715605917228,0.008828439408277156,0.0,0.0,0.0,0.0,0.0
2014-02-14,196479.4726554906,-0.005579241621972875,1.0,1.0,1.0,0.0075862544395188,0.007586254439518792,170779.3092255745,0.789852380733328,0.789852380733328,0.21014761926667203,0.2031165296977085,0.0,34.426929189666446,0.0,34.426929189666446
2014-02-18,196692.19881473755,-0.004502593228396856,1.0,1.0,1.0,0.0010826889769801,0.0010826889769801,170964.21010116933,0.790079659172386,0.790079659172386,0.20992034082761402,0.0,0.0,0.0,0.0,0.0
2014-02-19,196129.0961533623,-0.00735256512623117,1.0,1.0,1.0,-0.0028628622017979,-0.0028628622017978452,170474.76312621046,0.9897170087302276,0.9897170087302276,0.01028299126977239,0.1994673210238452,0.0,34.10177297983807,0.0,34.10177297983807
2014-02-20,196990.34407083772,-0.0029936222011903713,1.0,1.0,1.0,0.0043912297275972,0.0043912297275970165,171223.35697385532,0.7927994097785331,0.7927994097785331,0.20720059022146686,0.1980254898328834,0.0,33.7583484722126,0.0,33.7583484722126
2014-02-21,196353.79226256424,-0.0062153344919197995,1.0,1.0,1.0,-0.0032313858391179,-0.0032313858391178,170670.06824280383,0.7921276941530746,0.7921276941530746,0.2078723058469254,0.0,0.0,0.0,0.0,0.0
2014-02-24,197967.42540724768,0.0,1.0,1.0,1.0,0.0082179881839292,0.008217988183929,172072.63284697355,0.7938220620112529,0.7938220620112529,0.20617793798874706,0.0,0.0,0.0,0.0,0.0
2014-02-25,197835.9443437733,-0.0006641550406785157,1.0,1.0,1.0,-0.0006641550406785,-0.0006641550406785,171958.3499405054,0.7936850368885351,0.7936850368885351,0.2063149631114649,0.0,0.0,0.0,0.0,0.0
2014-02-26,197204.0150153987,-0.003856242461498516,1.0,1.0,1.0,-0.0031942088707425,-0.003194208870742538,171409.0790537272,0.9932639600419187,0.9932639600419187,0.0067360399580812524,0.1994010384335381,0.0,34.28867354545453,0.0,34.28867354545453
2014-02-27,197658.4421867721,-0.001560778091849957,1.0,1.0,1.0,0.0023043505039079,0.0023043505039079,171804.06565141905,0.993279446552642,0.993279446552642,0.006720553447358002,0.0,0.0,0.0,0.0,0.0
2014-02-28,198726.63145603056,0.0,1.0,1.0,1.0,0.0054042177882243,0.0054042177882243,172732.5322391017,0.9933155706645606,0.9933155706645606,0.006684429335439446,0.0,0.0,0.0,0.0,0.0
2014-03-03,196775.46779855632,-0.009818330050574753,1.0,1.0,1.0,-0.0098183300505747,-0.0098183300505747,171036.58722710668,0.9932492899653648,0.9932492899653648,0.006750710034635232,0.0,0.0,0.0,0.0,0.0
2014-03-04,199951.07157847815,0.0,1.0,1.0,1.0,0.01613820978524,0.0161382097852399,173796.81155272922,0.9933565040959714,0.9933565040959714,0.0066434959040285735,0.0,0.0,0.0,0.0,0.0
2014-03-05,199055.79582561343,-0.0044774741430346765,1.0,1.0,1.0,-0.0044774741430346,-0.0044774741430346,173018.64082286003,0.9933266242285078,0.9933266242285078,0.006673375771492185,0.0,0.0,0.0,0.0,0.0
2014-03-06,200501.1565385362,0.0,1.0,1.0,1.0,0.0072610832903805,0.0072610832903806,174274.94358466324,0.9933747308595576,0.9933747308595576,0.006625269140442369,0.0,0.0,0.0,0.0,0.0
2014-03-07,200674.1460317775,0.0,1.0,1.0,1.0,0.0008627855131999,0.0008627855131998,174425.3054813018,0.993380442118202,0.993380442118202,0.006619557881798022,0.0,0.0,0.0,0.0,0.0
2014-03-10,200685.25864010336,0.0,1.0,1.0,1.0,5.5376382785743417e-05,5.537638278574693e-05,174434.96452378563,0.993380808665075,0.993380808665075,0.006619191334924945,0.0,0.0,0.0,0.0,0.0
2014-03-11,199070.28879919997,-0.008047276874479259,1.0,1.0,1.0,-0.0080472768744792,-0.0080472768744791,173031.2380676728,0.9933271100722736,0.9933271100722736,0.006672889927726411,0.0,0.0,0.0,0.0,0.0
2014-03-12,198711.03929188996,-0.009837390955325986,1.0,1.0,1.0,-0.0018046364903422,-0.0018046364903421,172718.9795814868,0.9933150461606388,0.9933150461606388,0.006684953839361185,0.0,0.0,0.0,0.0,0.0
2014-03-13,196621.6136107316,-0.02024884666122506,1.0,1.0,1.0,-0.0105148948372674,-0.0105148948372675,170902.85767478732,0.9932440076111488,0.9932440076111488,0.006755992388851162,0.0,0.0,0.0,0.0,0.0
2014-03-14,196011.6135901718,-0.02328843225258015,1.0,1.0,1.0,-0.0031024057292474,-0.0031024057292475,170372.6476699923,0.9932229825533953,0.9932229825533953,0.0067770174466047495,0.0,0.0,0.0,0.0,0.0
2014-03-17,197487.29085028952,-0.01593524014411485,1.0,1.0,1.0,0.0075285195253949,0.0075285195253946,171655.30147456902,0.9932736222198484,0.9932736222198484,0.006726377780151616,0.0,0.0,0.0,0.0,0.0
2014-03-18,198401.40065267408,-0.011380297700515296,1.0,1.0,1.0,0.0046287019202542,0.0046287019202544,172449.84269812622,0.9933046131697264,0.9933046131697264,0.0066953868302735975,0.0,0.0,0.0,0.0,0.0
2014-03-19,197280.2107444384,-0.01696710520114164,1.0,1.0,1.0,-0.0056511189162341,-0.0056511189162342,171475.30812995325,0.99326656170923,0.99326656170923,0.00673343829077,0.0,0.0,0.0,0.0,0.0
2014-03-20,197820.62765955273,-0.01427424714681158,1.0,1.0,1.0,0.0027393366677532,0.0027393366677532,171945.0367291279,0.993284956474186,0.993284956474186,0.0067150435258139796,0.0,0.0,0.0,0.0,0.0
2014-03-21,197850.8797313782,-0.014123503280368821,1.0,1.0,1.0,0.0001529267811117,0.0001529267811117,171971.33173012306,0.9932859832271592,0.9932859832271592,0.006714016772840781,0.0,0.0,0.0,0.0,0.0
2014-03-24,197768.09353771733,-0.014536020842554787,1.0,1.0,1.0,-0.0004184272204059,-0.0004184272204059,171899.3742437977,0.9932831727237922,0.9932831727237922,0.006716827276207815,0.0,0.0,0.0,0.0,0.0
2014-03-25,198896.36378455168,-0.008913932531336433,1.0,1.0,1.0,0.0057050165507064,0.0057050165507065,172880.06301891466,0.9933212749606792,0.9933212749606792,0.006678725039320765,0.0,0.0,0.0,0.0,0.0
2014-03-26,198280.06367377716,-0.011984911012520083,1.0,1.0,1.0,-0.0030985991852626,-0.0030985991852626,172344.3769964961,0.993300515944844,0.993300515944844,0.006699484055155969,0.0,0.0,0.0,0.0,0.0
2014-03-27,199190.69412196815,-0.007447305936982063,1.0,1.0,1.0,0.0045926475477093,0.004592647547709268,173135.89397687052,0.8004831579973407,0.8004831579973407,0.1995168420026593,0.1939275960787325,0.0,33.4223307286173,0.0,33.4223307286173
2014-03-28,200774.26792221784,0.0,1.0,1.0,1.0,0.0079500390679898,0.0079500390679899,174512.331098058,0.8020568140588156,0.8020568140588156,0.19794318594118443,0.0,0.0,0.0,0.0,0.0
2014-03-31,201197.89258898055,0.0,1.0,1.0,1.0,0.002109954981516,0.0021099549815157,174880.54426039426,0.8024735859002262,0.8024735859002262,0.19752641409977378,0.0,0.0,0.0,0.0,0.0
2014-04-01,201859.6904034433,0.0,1.0,1.0,1.0,0.0032892880037003,0.0032892880037003,175455.77673671057,0.8031211770507359,0.8031211770507359,0.19687882294926407,0.0,0.0,0.0,0.0,0.0
2014-04-02,202546.87862604807,0.0,1.0,1.0,1.0,0.0034042865181818,0.0034042865181815444,176053.07847199243,1.0,1.0,0.0,0.1966821408084556,0.0,34.50901778578666,0.0,34.50901778578666
2014-04-03,202607.46143379057,0.0,1.0,1.0,1.0,0.0002991051165708,0.0002991051165711,176105.7368485515,1.0,1.0,0.0,0.0,0.0,0.0,0.0,0.0
2014-04-04,201074.01729692076,-0.007568547209555354,1.0,1.0,1.0,-0.0075685472095553,-0.0075685472095556,174772.87226533965,1.0,1.0,0.0,0.0,0.0,0.0,0.0,0.0
2014-04-07,197931.09432089783,-0.023080922488241673,1.0,1.0,1.0,-0.0156306767939184,-0.0156306767939182,172041.0539866154,1.0,1.0,0.0,0.0,0.0,0.0,0.0,0.0
2014-04-08,198366.81468130084,-0.020930358252751358,1.0,1.0,1.0,0.0022013739776358,0.0022013739776356,172419.78068594655,1.0,1.0,0.0,0.0,0.0,0.0,0.0,0.0
2014-04-09,200053.6364139555,-0.012604792546939914,1.0,1.0,1.0,0.0085035480121247,0.0085035480121249,173885.96056924955,1.0,1.0,0.0,0.0,0.0,0.0,0.0,0.0
2014-04-10,195826.97433465652,-0.033466127314120686,1.0,1.0,1.0,-0.0211276443411061,-0.02112764434110604,170212.15983843085,0.5853469024401207,0.5853469024401207,0.41465309755987934,0.4062987531428391,0.0,70.64964896833101,0.0,70.64964896833101
2014-04-11,194688.60397322563,-0.03908472770215676,1.0,1.0,1.0,-0.0058131437984916,-0.0058131437984916,169222.69207703823,0.5829223702029764,0.5829223702029764,0.41707762979702356,0.0,0.0,0.0,0.0,0.0
2014-04-14,195808.51445222503,-0.03355723887684825,1.0,1.0,1.0,0.0057523165513755,0.0057523165513757,170196.11456954133,0.5853078109457991,0.5853078109457991,0.4146921890542009,0.0,0.0,0.0,0.0,0.0
2014-04-15,196190.81089445975,-0.03167035653041683,1.0,1.0,1.0,0.0019523994822401,0.0019523994822399,170528.40537550615,0.5861158780911214,0.5861158780911214,0.4138841219088786,0.0,0.0,0.0,0.0,0.0
2014-04-16,197670.95976719225,-0.02436485621834561,1.0,1.0,1.0,0.007544435266791,0.0075444352667908676,171814.94589101072,0.9897351708304368,0.9897351708304368,0.010264829169563172,0.4031387116884326,0.0,68.74660164936432,0.0,68.74660164936432
2014-04-17,197994.568989634,-0.022767633588183567,1.0,1.0,1.0,0.0016371105944086,0.0016371105944085,172096.22595920658,0.9897519480248974,0.9897519480248974,0.01024805197510259,0.0,0.0,0.0,0.0,0.0
2014-04-21,198270.95650973852,-0.021403480865728963,1.0,1.0,1.0,0.0013959348557635,0.0013959348557636,172336.4610795684,0.9897662336959868,0.9897662336959868,0.010233766304013181,0.0,0.0,0.0,0.0,0.0
2014-04-22,199287.5951678121,-0.01638570584955157,1.0,1.0,1.0,0.0051275218315884,0.0051275218315884,173220.1200461326,0.989818439867844,0.989818439867844,0.010181560132155987,0.0,0.0,0.0,0.0,0.0
2014-04-23,198929.2434697068,-0.018154405262541418,1.0,1.0,1.0,-0.0017981635926891,-0.0017981635926892,172908.6419327444,0.9898000987768156,0.9898000987768156,0.010199901223184371,0.0,0.0,0.0,0.0,0.0
2014-04-24,199419.25101981775,-0.015735898329759634,1.0,1.0,1.0,0.0024632253235588,0.0024632253235588,173334.55487821528,0.9898251616961886,0.9898251616961886,0.010174838303811384,0.0,0.0,0.0,0.0,0.0
2014-04-25,196821.5026144476,-0.02855748143921999,1.0,1.0,1.0,-0.0130265678568415,-0.0130265678568414,171076.6005371588,0.989690869103014,0.989690869103014,0.01030913089698604,0.0,0.0,0.0,0.0,0.0
2014-04-28,196492.1486916607,-0.030183057913334865,1.0,1.0,1.0,-0.0016733635218306,-0.0016733635218306,170790.32719438116,0.9896735892639767,0.9896735892639767,0.01032641073602325,0.0,0.0,0.0,0.0,0.0
2014-04-29,197515.82255937048,-0.025130559547946185,1.0,1.0,1.0,0.0052097443817773,0.0052097443817773,171680.10114194397,0.9897271084032576,0.9897271084032576,0.010272891596742384,0.0,0.0,0.0,0.0,0.0
2014-04-30,197966.18917175307,-0.022907706503959124,1.0,1.0,1.0,0.0022801546050683,0.0022801546050684,172071.55831516138,0.9897504788960028,0.9897504788960028,0.010249521103997239,0.0,0.0,0.0,0.0,0.0
2014-05-01,198978.7486252697,-0.01791006502347725,1.0,1.0,1.0,0.0051148100478821,0.0051148100478821,172951.6716505865,0.9898026364734304,0.9898026364734304,0.010197363526569636,0.0,0.0,0.0,0.0,0.0
2014-05-02,199186.85909542444,-0.016882904085365746,1.0,1.0,1.0,0.0010458929488328,0.0010458929488328,173132.5605844547,0.989813290680879,0.989813290680879,0.010186709319121023,0.0,0.0,0.0,0.0,0.0
2014-05-05,199029.21256009897,-0.01766099258324172,1.0,1.0,1.0,-0.0007914504804252,-0.0007914504804253,172995.5347362029,0.989805222018948,0.989805222018948,0.01019477798105195,0.0,0.0,0.0,0.0,0.0
2014-05-06,196660.3573862911,-0.029352838268707493,1.0,1.0,1.0,-0.0119020476609309,-0.0119020476609309,170936.5336366444,0.9896824217103998,0.9896824217103998,0.010317578289600227,0.0,0.0,0.0,0.0,0.0
2014-05-07,196876.28669712937,-0.028287086250937787,1.0,1.0,1.0,0.0010979808727495,0.0010979808727497,171124.21868103155,0.9896937377891768,0.9896937377891768,0.010306262210823203,0.0,0.0,0.0,0.0,0.0
2014-05-08,197103.0505458041,-0.027167858720668292,1.0,1.0,1.0,0.0011518088464534,0.0011518088464533233,171321.32106995076,0.990119246239938,0.990119246239938,0.009880753760062033,0.4005272312249767,0.0,68.539909503851,0.0,68.539909503851
2014-05-09,197660.68542330823,-0.02441556680822876,1.0,1.0,1.0,0.0028291539677343,0.0028291539677343,171806.01546521328,0.990147121550098,0.990147121550098,0.009852878449902014,0.0,0.0,0.0,0.0,0.0
2014-05-12,199917.88606791184,-0.0132748090659911,1.0,1.0,1.0,0.0114195730919863,0.0114195730919863,173767.96681646124,0.9902583668419812,0.9902583668419812,0.009741633158018792,0.0,0.0,0.0,0.0,0.0
2014-05-13,200286.9716081891,-0.011453131139297912,1.0,1.0,1.0,0.0018461856892177,0.0018461856892178,174088.77475004224,0.990276318563496,0.990276318563496,0.00972368143650404,0.0,0.0,0.0,0.0,0.0
2014-05-14,199361.8762423008,-0.016019080287180798,1.0,1.0,1.0,-0.0046188494361881,-0.0046188494361881,173284.68491094135,0.9902311979375976,0.9902311979375976,0.009768802062402382,0.0,0.0,0.0,0.0,0.0
2014-05-15,197679.7329431421,-0.024321554871555295,1.0,1.0,1.0,-0.0084376377814293,-0.0084376377814294,171822.57150659373,0.9901480709286452,0.9901480709286452,0.009851929071354792,0.0,0.0,0.0,0.0,0.0
2014-05-16,198791.77531178633,-0.018832900303877298,1.0,1.0,1.0,0.0056254748632429,0.0056254748632430145,172789.1550635418,0.7888845526623058,0.7888845526623058,0.21111544733769416,0.2026537967052853,0.0,34.8204964754766,0.0,34.8204964754766
2014-05-19,198975.9236755776,-0.017924007993159297,1.0,1.0,1.0,0.0009263379408048,0.0009263379408049,172949.2162136368,0.7890799359201399,0.7890799359201399,0.21092006407986008,0.0,0.0,0.0,0.0,0.0
2014-05-20,197584.7911404727,-0.024790154606222248,1.0,1.0,1.0,-0.0069914616271519,-0.0069914616271519,171740.04840503313,0.7875949139113392,0.7875949139113392,0.21240508608866082,0.0,0.0,0.0,0.0,0.0
2014-05-21,199526.06865558695,-0.015208683611144136,1.0,1.0,1.0,0.0098250351350883,0.0098250351350885,173427.40041471442,0.7896614970926656,0.7896614970926656,0.21033850290733436,0.0,0.0,0.0,0.0,0.0
2014-05-22,200629.07279526288,-0.009764638599818798,1.0,1.0,1.0,0.0055281204461552,0.005528120446155117,174386.12797287048,0.9910579290510524,0.9910579290510524,0.008942070948947611,0.201145853259883,0.0,34.88420243506113,0.0,34.88420243506113
2014-05-23,202016.14728197135,-0.0029185211029971736,1.0,1.0,1.0,0.0069136265616098,0.00691362656160982,175591.76853920004,0.7987420784809768,0.7987420784809768,0.20125792151902322,0.1939011738558799,0.0,33.81367491812129,0.0,33.81367491812129
2014-05-27,202799.16420769395,0.0,1.0,1.0,1.0,0.0038760115775777,0.003876011577578,176272.3642669854,0.7995191445975991,0.7995191445975991,0.2004808554024009,0.0,0.0,0.0,0.0,0.0
2014-05-28,202999.54378582432,0.0,1.0,1.0,1.0,0.0009880690530121,0.0009880690530121,176446.53353501888,0.7997170379942027,0.7997170379942027,0.20028296200579732,0.0,0.0,0.0,0.0,0.0
2014-05-29,203546.6262447898,0.0,1.0,1.0,1.0,0.0026949935392104,0.0026949935392104,176922.05580291184,0.800255348539381,0.800255348539381,0.19974465146061904,0.0,0.0,0.0,0.0,0.0
2014-05-30,203610.29436175115,0.0,1.0,1.0,1.0,0.0003127937718052,0.0003127937718052351,176977.39592006197,1.0,1.0,0.0,0.1995451063542649,0.0,35.303930441607235,0.0,35.303930441607235
2014-06-02,204100.756294778,0.0,1.0,1.0,1.0,0.0024088267961317,0.0024088267961316,177403.70381366383,1.0,1.0,0.0,0.0,0.0,0.0,0.0,0.0
2014-06-03,204156.7827858835,0.0,1.0,1.0,1.0,0.0002745040837799,0.00027450408378,177452.40185483836,1.0,1.0,0.0,0.0,0.0,0.0,0.0,0.0
2014-06-04,204553.05740736745,0.0,1.0,1.0,1.0,0.0019410308884988,0.0019410308884987,177796.84244807684,1.0,1.0,0.0,0.0,0.0,0.0,0.0,0.0
2014-06-05,206540.23247018273,0.0,1.0,1.0,1.0,0.0097147169932436,0.0097147169932435,179524.0884547522,1.0,1.0,0.0,0.0,0.0,0.0,0.0,0.0
2014-06-06,207429.4477707849,0.0,1.0,1.0,1.0,0.0043052885627528,0.0043052885627526,180296.99145951503,1.0,1.0,0.0,0.0,0.0,0.0,0.0,0.0
2014-06-09,208255.98384879553,0.0,1.0,1.0,1.0,0.0039846612276766,0.0039846612276769,181015.41389085053,1.0,1.0,0.0,0.0,0.0,0.0,0.0,0.0
2014-06-10,208126.46530447292,-0.0006219199176367152,1.0,1.0,1.0,-0.0006219199176367,-0.0006219199176369,180902.83679955252,1.0,1.0,0.0,0.0,0.0,0.0,0.0,0.0
2014-06-11,207370.1619664503,-0.004253524273225118,1.0,1.0,1.0,-0.0036338643281917,-0.0036338643281918,180245.46043403793,1.0,1.0,0.0,0.0,0.0,0.0,0.0,0.0
2014-06-12,205435.1149039065,-0.013545199963796106,1.0,1.0,1.0,-0.0093313668861234,-0.0093313668861233,178563.5239131697,1.0,1.0,0.0,0.0,0.0,0.0,0.0,0.0
2014-06-13,206210.0851350291,-0.009823961242102164,1.0,1.0,1.0,0.0037723357639469,0.0037723357639468,179237.12548056373,1.0,1.0,0.0,0.0,0.0,0.0,0.0,0.0
2014-06-16,206609.5420162835,-0.007905856062735972,1.0,1.0,1.0,0.0019371355236714,0.0019371355236717,179584.33208349292,1.0,1.0,0.0,0.0,0.0,0.0,0.0,0.0
2014-06-17,207351.0849511036,-0.004345127957278372,1.0,1.0,1.0,0.0035891030374659,0.0035891030374657,180228.87875525505,1.0,1.0,0.0,0.0,0.0,0.0,0.0,0.0
2014-06-18,208886.80537705004,0.0,1.0,1.0,1.0,0.0074063775760258,0.0074063775760257,181563.72188142024,1.0,1.0,0.0,0.0,0.0,0.0,0.0,0.0
2014-06-19,208231.07405231657,-0.003139170631432875,1.0,1.0,1.0,-0.0031391706314329,-0.003139170631433,180993.76237795642,1.0,1.0,0.0,0.0,0.0,0.0,0.0,0.0
2014-06-20,207801.02040462696,-0.005197958628661015,1.0,1.0,1.0,-0.0020652712360382,-0.0020652712360381,180619.96116661493,1.0,1.0,0.0,0.0,0.0,0.0,0.0,0.0
2014-06-23,207331.61993192128,-0.007445110964867219,1.0,1.0,1.0,-0.0022588939736275,-0.0022588939736275,180211.95982481883,1.0,1.0,0.0,0.0,0.0,0.0,0.0,0.0
2014-06-24,206441.4585266007,-0.011706564452624857,1.0,1.0,1.0,-0.0042934184646454,-0.0042934184646454,179438.234468957,1.0,1.0,0.0,0.0,0.0,0.0,0.0,0.0
2014-06-25,207914.66069641965,-0.004653930528908279,1.0,1.0,1.0,0.0071361740046469,0.0071361740046468,180718.7369332141,1.0,1.0,0.0,0.0,0.0,0.0,0.0,0.0
2014-06-26,208349.29023560524,-0.002573236449638694,1.0,1.0,1.0,0.0020904227615783,0.0020904227615781,181096.51549434292,1.0,1.0,0.0,0.0,0.0,0.0,0.0,0.0
2014-06-27,209023.1112794632,0.0,1.0,1.0,1.0,0.0032340933011865,0.0032340933011866,181682.1985219714,1.0,1.0,0.0,0.0,0.0,0.0,0.0,0.0
2014-06-30,208901.89319145313,-0.000579926723260793,1.0,1.0,1.0,-0.0005799267232607,-0.0005799267232607199,181576.83615990778,0.8075706947808884,0.8075706947808884,0.1924293052191116,0.1925102205432198,0.0,34.97568010624177,0.0,34.97568010624177
2014-07-01,210545.68008027095,0.0,1.0,1.0,1.0,0.0078687026895984,0.0078687026895985,183005.610298968,0.8090730422468773,0.8090730422468773,0.19092695775312274,0.0,0.0,0.0,0.0,0.0
2014-07-02,211308.87849790804,0.0,1.0,1.0,1.0,0.0036248590678569,0.0036248590678571,183668.97984492892,0.809762625917366,0.809762625917366,0.19023737408263397,0.0,0.0,0.0,0.0,0.0
2014-07-03,212689.7202485937,0.0,1.0,1.0,1.0,0.006534707677696,0.006534707677696,184869.2029376762,0.8109977006937448,0.8109977006937448,0.18900229930625523,0.0,0.0,0.0,0.0,0.0
2014-07-07,211289.54855438456,-0.006583165808731084,1.0,1.0,1.0,-0.0065831658087309,-0.006583165808730834,183652.17832180957,1.0,1.0,0.0,0.1888134858204348,0.0,34.90579862750801,0.0,34.90579862750801
2014-07-08,209368.29418160825,-0.015616298066043477,1.0,1.0,1.0,-0.0090929929375177,-0.0090929929375179,181982.23036136958,1.0,1.0,0.0,0.0,0.0,0.0,0.0,0.0
2014-07-09,210327.5155179403,-0.01110634180106318,1.0,1.0,1.0,0.0045815023716058,0.004581502371606,182815.98238136034,1.0,1.0,0.0,0.0,0.0,0.0,0.0,0.0
2014-07-10,208565.6226880875,-0.01939020633289623,1.0,1.0,1.0,-0.0083769012604656,-0.0083769012604657,181284.55094811664,1.0,1.0,0.0,0.0,0.0,0.0,0.0,0.0
2014-07-11,209038.93529416103,-0.01716483970248106,1.0,1.0,1.0,0.0022693701865785,0.0022693701865786,181695.9527033256,1.0,1.0,0.0,0.0,0.0,0.0,0.0,0.0
2014-07-14,210226.887507323,-0.01157946297729906,1.0,1.0,1.0,0.0056829231907935,0.005682923190793565,182728.51684661664,1.0,1.0,0.0,0.4022133390163346,0.0,73.0805358225586,0.0,73.0805358225586
2014-07-15,209765.2950547989,-0.013749725141284252,1.0,1.0,1.0,-0.0021956870407837,-0.0021956870407837973,182327.30221019487,0.8002237219215323,0.8002237219215323,0.19977627807846765,0.1995371690626975,0.0,36.46113095859931,0.0,36.46113095859931
2014-07-16,209826.43942507452,-0.01346224359208581,1.0,1.0,1.0,0.0002914894490038,0.0002914894490038,182380.4486950545,0.8002819376294888,0.8002819376294888,0.19971806237051115,0.0,0.0,0.0,0.0,0.0
2014-07-17,207631.58589897052,-0.023781752797978117,1.0,1.0,1.0,-0.01046032869889,-0.0104603286988899,180472.68925345322,0.7981707371995415,0.7981707371995415,0.20182926280045854,0.0,0.0,0.0,0.0,0.0
2014-07-18,209417.76935297312,-0.015383681410630845,1.0,1.0,1.0,0.0086026576653501,0.0086026576653501,182025.2340170458,0.7998921961323796,0.7998921961323796,0.2001078038676204,0.0,0.0,0.0,0.0,0.0
2014-07-21,208877.09184202863,-0.017925776582473407,1.0,1.0,1.0,-0.002581812959879,-0.0025818129598789473,181555.2789088356,0.9996142658976388,0.9996142658976388,0.00038573410236120154,0.1995235421164475,0.0,36.31831944565624,0.0,36.31831944565624
2014-07-22,210865.29750863963,-0.008577860452407604,1.0,1.0,1.0,0.0095185434126716,0.0095185434126717,183283.42071292907,0.9996179029054216,0.9996179029054216,0.0003820970945783708,0.0,0.0,0.0,0.0,0.0
2014-07-23,211623.29494604003,-0.005013995510959379,1.0,1.0,1.0,0.003594699774482,0.0035946997744819,183942.26958403207,0.9996192715100384,0.9996192715100384,0.00038072848996162367,0.0,0.0,0.0,0.0,0.0
2014-07-24,212246.60910573657,-0.0020833688733955524,1.0,1.0,1.0,0.0029453948340398,0.0029453948340398,184484.05219462648,0.9996203896125128,0.9996203896125128,0.0003796103874872392,0.0,0.0,0.0,0.0,0.0
2014-07-25,210874.90049353312,-0.008532710245419461,1.0,1.0,1.0,-0.0064628057804216,-0.0064628057804217,183291.7675957074,0.9996179203056555,0.9996179203056555,0.00038207969434445044,0.0,0.0,0.0,0.0,0.0
2014-07-28,211382.6893990821,-0.006145246925821857,1.0,1.0,1.0,0.0024080101726688,0.0024080101726687082,183733.1360366443,1.0,1.0,0.0,0.7826787971467919,0.0,143.4585801887176,0.0,143.4585801887176
2014-07-29,210480.5516476323,-0.010386814174090264,1.0,1.0,1.0,-0.0042677938955852,-0.004267793895584875,182949.00088025045,0.7760449182843887,0.7760449182843887,0.2239550817156113,0.2232225100950752,0.0,41.01337181373967,0.0,41.01337181373967
2014-07-30,211082.48663508956,-0.007556705663186669,1.0,1.0,1.0,0.0028598128556074,0.0028598128556074,183472.20078488832,0.7766835615060621,0.7766835615060621,0.2233164384939379,0.0,0.0,0.0,0.0,0.0
2014-07-31,207714.93543439845,-0.023389869563891774,1.0,1.0,1.0,-0.0159537214781479,-0.0159537214781479,180545.1363945834,0.7730630729792666,0.7730630729792666,0.22693692702073343,0.0,0.0,0.0,0.0,0.0
2014-08-01,207011.43556737952,-0.02669750411339733,1.0,1.0,1.0,-0.0033868525898134,-0.0033868525898134,179933.6566318072,0.7722918590724445,0.7722918590724445,0.22770814092755554,0.0,0.0,0.0,0.0,0.0
2014-08-04,208171.22332805092,-0.02124454776310536,1.0,1.0,1.0,0.0056025299157635,0.005602529915763521,180941.7403259396,0.9738005411930968,0.9738005411930968,0.02619945880690322,0.2011607381307789,0.0,36.19558718262445,0.0,36.19558718262445
2014-08-05,207040.26529390097,-0.026561955829786155,1.0,1.0,1.0,-0.0054328259980859,-0.0054328259980859,179958.71533495793,0.9736574265753386,0.9736574265753386,0.026342573424661397,0.0,0.0,0.0,0.0,0.0
2014-08-06,207167.43118470625,-0.025964061908741676,1.0,1.0,1.0,0.0006142085000941,0.0006142085000942,180069.24750758268,0.97367359647616,0.97367359647616,0.02632640352383997,0.0,0.0,0.0,0.0,0.0
2014-08-07,206428.03521578995,-0.029440468610730353,1.0,1.0,1.0,-0.003569074369885,-0.003569074369885,179426.5669714989,0.9735792990294916,0.9735792990294916,0.026420700970508415,0.0,0.0,0.0,0.0,0.0
2014-08-08,208795.765283599,-0.018308148416592007,1.0,1.0,1.0,0.0114700024409666,0.0114700024409665,181484.59013263622,0.9738789080182828,0.9738789080182828,0.026121091981717193,0.0,0.0,0.0,0.0,0.0
2014-08-11,209968.75279020233,-0.012793131023027704,1.0,1.0,1.0,0.0056178701948772,0.0056178701948771,182504.14700237184,0.974024833134026,0.974024833134026,0.02597516686597401,0.0,0.0,0.0,0.0,0.0
2014-08-12,209282.09378776967,-0.016021585137453553,1.0,1.0,1.0,-0.0032702913805405,-0.0032702913805404,181907.3052635171,0.9739396080588876,0.9739396080588876,0.026060391941112426,0.0,0.0,0.0,0.0,0.0
2014-08-13,210655.5884391552,-0.009563846372363405,1.0,1.0,1.0,0.0065628866116866,0.0065628866116866,183101.14228179905,0.97410952431513,0.97410952431513,0.025890475684870018,0.0,0.0,0.0,0.0,0.0
2014-08-14,211520.41736690103,-0.005497693449057928,1.0,1.0,1.0,0.0041054164959675,0.0041054164959675,183852.84873175324,0.974215380915661,0.974215380915661,0.025784619084339044,0.0,0.0,0.0,0.0,0.0
2014-08-15,211000.04161775945,-0.007944336138386632,1.0,1.0,1.0,-0.0024601679384878,-0.0024601679384879,183400.5398479037,0.9741517899780978,0.9741517899780978,0.025848210021902185,0.0,0.0,0.0,0.0,0.0
2014-08-18,213663.39859835705,0.0,1.0,1.0,1.0,0.0126225424420649,0.0126225424420648,185715.52094603147,0.9744739930837742,0.9744739930837742,0.025526006916225752,0.0,0.0,0.0,0.0,0.0
2014-08-19,214438.39567316865,0.0,1.0,1.0,1.0,0.0036271868738193,0.0036271868738194,186389.14584587145,0.9745662460622094,0.9745662460622094,0.02543375393779057,0.0,0.0,0.0,0.0,0.0
2014-08-20,214823.20747760625,0.0,1.0,1.0,1.0,0.0017945098088874,0.0017945098088874,186723.622996362,0.9746118054264016,0.9746118054264016,0.02538819457359842,0.0,0.0,0.0,0.0,0.0
2014-08-21,215405.39746994583,0.0,1.0,1.0,1.0,0.0027100889106699,0.00271008891067,187229.66061640455,0.9746804237292758,0.9746804237292758,0.02531957627072423,0.0,0.0,0.0,0.0,0.0
2014-08-22,215200.69498395533,-0.0009503127052286064,1.0,1.0,1.0,-0.0009503127052286,-0.0009503127052285,187051.73389112516,0.9746563393265408,0.9746563393265408,0.025343660673459167,0.0,0.0,0.0,0.0,0.0
2014-08-25,216236.49139326363,0.0,1.0,1.0,1.0,0.0048131647966356,0.0048131647966356,187952.04471183958,0.9747777382289886,0.9747777382289886,0.02522226177101139,0.0,0.0,0.0,0.0,0.0
2014-08-26,216965.01255251537,0.0,1.0,1.0,1.0,0.0033690944324784,0.0033690944324783,188585.27289925117,0.9748624290792238,0.9748624290792238,0.025137570920776175,0.0,0.0,0.0,0.0,0.0
2014-08-27,216681.13462323655,-0.0013084041797297719,1.0,1.0,1.0,-0.0013084041797295,-0.0013084041797296,188338.52713995433,0.9748294958864356,0.9748294958864356,0.025170504113564363,0.0,0.0,0.0,0.0,0.0
2014-08-28,215997.20020569276,-0.004460683939021548,1.0,1.0,1.0,-0.00315640961883,-0.00315640961883,187744.0536012935,0.974749795899335,0.974749795899335,0.02525020410066503,0.0,0.0,0.0,0.0,0.0
2014-08-29,216625.3907371244,-0.0015653298722934084,1.0,1.0,1.0,0.0029083271951368,0.0029083271951369,188290.0747381074,0.9748230187984548,0.9748230187984548,0.025176981201545212,0.0,0.0,0.0,0.0,0.0
2014-09-02,217476.96084096708,0.0,1.0,1.0,1.0,0.0039310724423622,0.0039310724423622,189030.25666208068,0.974921603790692,0.974921603790692,0.025078396209307963,0.0,0.0,0.0,0.0,0.0
2014-09-03,216695.81124847257,-0.0035918728562044366,1.0,1.0,1.0,-0.0035918728562045,-0.0035918728562045,188351.28401417477,0.974831200663532,0.974831200663532,0.025168799336467984,0.0,0.0,0.0,0.0,0.0
2014-09-04,216569.62702326773,-0.0041720916744042436,1.0,1.0,1.0,-0.0005823104031306,-0.0005823104031305,188241.60510205035,0.974816536070499,0.974816536070499,0.025183463929500993,0.0,0.0,0.0,0.0,0.0
2014-09-05,217176.30933294425,-0.001382452223261832,1.0,1.0,1.0,0.0028013268435436,0.0028013268435435,188768.93136349443,0.9748868861105624,0.9748868861105624,0.0251131138894376,0.0,0.0,0.0,0.0,0.0
2014-09-08,217113.42694032608,-0.0016715973004001183,1.0,1.0,1.0,-0.0002895453597646,-0.0002895453597645,188714.27419535042,0.9748796126189608,0.9748796126189608,0.025120387381039166,0.0,0.0,0.0,0.0,0.0
2014-09-09,215123.2718909895,-0.01082270480917169,1.0,1.0,1.0,-0.0091664300885618,-0.0091664300885617,186984.43799422507,0.974647218116273,0.974647218116273,0.025352781883727027,0.0,0.0,0.0,0.0,0.0
2014-09-10,216012.37429068616,-0.006734444626306457,1.0,1.0,1.0,0.0041329903170457,0.0041329903170455,187757.24286589338,0.9747515696344944,0.9747515696344944,0.025248430365505614,0.0,0.0,0.0,0.0,0.0
2014-09-11,216706.3882893155,-0.0035432376315717162,1.0,1.0,1.0,0.0032128437128116,0.0032128437128117,188360.47754316992,0.9748324291064064,0.9748324291064064,0.02516757089359356,0.0,0.0,0.0,0.0,0.0
2014-09-12,215491.23914931316,-0.009130722095688992,1.0,1.0,1.0,-0.0056073526470297,-0.0056073526470297,187304.27392082242,0.9746905098699308,0.9746905098699308,0.025309490130069223,0.0,0.0,0.0,0.0,0.0
2014-09-15,214273.62623802328,-0.014729535443923525,1.0,1.0,1.0,-0.0056504056317862,-0.005650405631786137,186245.9287966026,0.5848859414438582,0.5848859414438582,0.4151140585561418,0.3878468524642375,0.0,72.64537309329033,0.0,72.64537309329033
2014-09-16,214634.71128641831,-0.01306919842707932,1.0,1.0,1.0,0.0016851586204731,0.001685158620473136,186559.7827290422,0.9861044496771644,0.9861044496771644,0.013895550322835626,0.4007942977291642,0.0,74.64630623695027,0.0,74.64630623695027
2014-09-17,215063.82372418756,-0.0110960586696085,1.0,1.0,1.0,0.0019992685954537,0.0019992685954538,186932.76584382704,0.9861321751838066,0.9861321751838066,0.01386782481619342,0.0,0.0,0.0,0.0,0.0
2014-09-18,216287.3866424593,-0.005469886069346286,1.0,1.0,1.0,0.0056893014226369,0.0056893014226368,187996.2826944798,0.986210627082762,0.986210627082762,0.01378937291723803,0.0,0.0,0.0,0.0,0.0
2014-09-19,214128.5211395817,-0.015396755998599687,1.0,1.0,1.0,-0.0099814674188395,-0.0099814674188395,186119.80392390187,0.9860716012241844,0.9860716012241844,0.013928398775815642,0.0,0.0,0.0,0.0,0.0
2014-09-22,211081.98900404837,-0.029405284183620317,1.0,1.0,1.0,-0.0142275868684834,-0.014227586868483268,183471.7682456295,0.5922140974760477,0.5922140974760477,0.4077859025239523,0.3884441385347691,0.0,72.2971468994802,0.0,72.2971468994802
2014-09-23,209860.681912875,-0.03502108406628679,1.0,1.0,1.0,-0.0057859370045538,-0.005785937004553744,182410.21215244618,0.9903610950504688,0.9903610950504688,0.009638904949531235,0.3978049627085435,0.0,72.98597992502317,0.0,72.98597992502317
2014-09-24,211834.91065244033,-0.025943208727533085,1.0,1.0,1.0,0.0094073302419981,0.0094073302419978,184126.20525767712,0.9904509263398948,0.9904509263398948,0.009549073660105156,0.0,0.0,0.0,0.0,0.0
2014-09-25,208386.7728910623,-0.041798395171395164,1.0,1.0,1.0,-0.0162774764119753,-0.0162774764119751,181129.0952947688,0.9902929195671192,0.9902929195671192,0.009707080432880821,0.0,0.0,0.0,0.0,0.0
2014-09-26,210296.10379480803,-0.033018932296971615,1.0,1.0,1.0,0.0091624380821129,0.0091624380821128,182788.67941527622,0.9903810525772948,0.9903810525772948,0.009618947422705193,0.0,0.0,0.0,0.0,0.0
2014-09-29,209949.56715792863,-0.03461237297932884,1.0,1.0,1.0,-0.0016478509616969,-0.0016478509616968,182487.47091411447,0.9903651758230092,0.9903651758230092,0.009634824176990797,0.0,0.0,0.0,0.0,0.0
2014-09-30,207191.64004725023,-0.04729384093811262,1.0,1.0,1.0,-0.0131361409695301,-0.0131361409695302,180090.2897710136,0.9902369267160552,0.9902369267160552,0.009763073283944768,0.0,0.0,0.0,0.0,0.0
2014-10-01,204276.2764732088,-0.0606992313885214,1.0,1.0,1.0,-0.0140708552399921,-0.014070855239992214,177556.26537351744,0.7917464328271775,0.7917464328271775,0.2082535671728225,0.1957559440360131,0.0,35.253744685843934,0.0,35.253744685843934
2014-10-02,205623.61142124623,-0.05450393169871803,1.0,1.0,1.0,0.0065956506124886,0.0065956506124885,178727.36446397944,0.7931110003842106,0.7931110003842106,0.20688899961578944,0.0,0.0,0.0,0.0,0.0
2014-10-03,207064.35815982387,-0.047879107013811706,1.0,1.0,1.0,0.0070067183852056,0.0070067183852057,179979.65677450853,0.7945505269840224,0.7945505269840224,0.2054494730159776,0.0,0.0,0.0,0.0,0.0
2014-10-06,205782.78527793463,-0.053772020345566496,1.0,1.0,1.0,-0.0061892490493222,-0.0061892490493221,178865.7178549196,0.7932710299023783,0.7932710299023783,0.2067289700976217,0.0,0.0,0.0,0.0,0.0
2014-10-07,203037.5566510246,-0.06639509828584311,1.0,1.0,1.0,-0.0133404192347881,-0.01334041923478819,176479.5741920036,0.9930242434258612,0.9930242434258612,0.006975756574138847,0.5903085615944893,0.0,105.58596462550337,0.0,105.58596462550337
2014-10-08,205828.42881588504,-0.0535621427669305,1.0,1.0,1.0,0.0137455956961562,0.0137455956961564,178905.3910674767,0.9931188292173556,0.9931188292173556,0.006881170782644386,0.0,0.0,0.0,0.0,0.0
2014-10-09,201102.1369303889,-0.07529452245082868,1.0,1.0,1.0,-0.0229622890904146,-0.0229622890904146,174797.31375795163,0.9929571083021572,0.9929571083021572,0.007042891697842779,0.0,0.0,0.0,0.0,0.0
2014-10-10,199151.98634287945,-0.08426168191437988,1.0,1.0,1.0,-0.0096973140975845,-0.0096973140975846,173102.24930302674,0.992888142385048,0.992888142385048,0.007111857614952033,0.0,0.0,0.0,0.0,0.0
2014-10-13,197885.74907969785,-0.09008407918480876,1.0,1.0,1.0,-0.0063581452860906,-0.0063581452860905,172001.64005260903,0.992842634817351,0.992842634817351,0.007157365182648978,0.0,0.0,0.0,0.0,0.0
2014-10-14,198949.32107471023,-0.08519357496358171,1.0,1.0,1.0,0.0053746770546072,0.0053746770546069,172926.09332075453,0.9928808976931688,0.9928808976931688,0.007119102306831215,0.0,0.0,0.0,0.0,0.0
2014-10-15,199340.58658214225,-0.08339446251544458,1.0,1.0,1.0,0.001966659173896,0.001966659173896,173266.18000858978,0.9928948710601802,0.9928948710601802,0.007105128939819849,0.0,0.0,0.0,0.0,0.0
2014-10-16,201095.21561325324,-0.0753263479697659,1.0,1.0,1.0,0.0088021664890003,0.008802166489000335,174791.29777193852,0.7985072027722809,0.7985072027722809,0.20149279722771907,0.1963575990344663,0.0,34.02213110036033,0.0,34.02213110036033
2014-10-17,201153.19481091865,-0.07505974870591192,1.0,1.0,1.0,0.0002883171411542,0.0002883171411541,174841.69309921074,0.7985652798549223,0.7985652798549223,0.20143472014507768,0.0,0.0,0.0,0.0,0.0
2014-10-20,203120.90149050063,-0.06601186302655981,1.0,1.0,1.0,0.0097821298907612,0.0097821298907612,176552.0172514278,0.8005166518773026,0.8005166518773026,0.1994833481226974,0.0,0.0,0.0,0.0,0.0
2014-10-21,205873.1791392443,-0.05335637235710766,1.0,1.0,1.0,0.0135499479794911,0.013549947979491361,178944.28790085894,1.0,1.0,0.0,0.1992840640586387,0.0,35.184003515615444,0.0,35.184003515615444
2014-10-22,203241.112487431,-0.06545911023626183,1.0,1.0,1.0,-0.0127848934126241,-0.012784893412624112,176656.50425324854,0.8060329255545212,0.8060329255545212,0.19396707444547878,0.1916789049781129,0.0,34.29984515692483,0.0,34.29984515692483
2014-10-23,205906.2353368852,-0.05320437373843534,1.0,1.0,1.0,0.013113108941573,0.013113108941573,178973.02023875882,0.8085435152960151,0.8085435152960151,0.1914564847039849,0.0,0.0,0.0,0.0,0.0
2014-10-24,205867.91521121297,-0.05338057688898534,1.0,1.0,1.0,-0.0001861047365055,-0.0001861047365056,178939.71251198568,0.8085078777050525,0.8085078777050525,0.1914921222949475,0.0,0.0,0.0,0.0,0.0
2014-10-27,205690.78621713817,-0.05419504934340014,1.0,1.0,1.0,-0.0008604011649558,-0.0008604011649558,178785.75257488352,0.8083429757781401,0.8083429757781401,0.19165702422185993,0.0,0.0,0.0,0.0,0.0
2014-10-28,209568.80562959483,-0.036363186154487304,1.0,1.0,1.0,0.0188536369750798,0.018853636975079604,182156.51425024678,1.0,1.0,0.0,0.1914655586631967,0.0,34.23131399777014,0.0,34.23131399777014
2014-10-29,209862.84619716823,-0.03501113227973962,1.0,1.0,1.0,0.001403074120168,0.0014030741201682,182412.09334121135,1.0,1.0,0.0,0.0,0.0,0.0,0.0,0.0
2014-10-30,210477.5192913798,-0.03218474969725971,1.0,1.0,1.0,0.0029289276560848,0.0029289276560847,182946.36516620274,1.0,1.0,0.0,0.0,0.0,0.0,0.0,0.0
2014-10-31,213102.62096399735,-0.02011403810341328,1.0,1.0,1.0,0.0124721237757627,0.012472123775762619,185228.09487688149,0.8116951605083368,0.8116951605083368,0.1883048394916632,0.1908442450023807,0.0,34.91426093607381,0.0,34.91426093607381
2014-11-03,212512.2012677245,-0.022828898997136138,1.0,1.0,1.0,-0.0027705886187698,-0.0027705886187697,184714.9040253392,0.8111719957889647,0.8111719957889647,0.1888280042110353,0.0,0.0,0.0,0.0,0.0
2014-11-04,211277.41255309503,-0.02850668992199845,1.0,1.0,1.0,-0.0058104367996916,-0.005810436799691489,183641.6297495389,1.0,1.0,0.0,0.1886393648461891,0.0,34.844502172964766,0.0,34.844502172964766
2014-11-05,212012.6632685727,-0.0251258687415179,1.0,1.0,1.0,0.0034800251791842,0.0034800251791841,184280.70724501368,1.0,1.0,0.0,0.0,0.0,0.0,0.0,0.0
2014-11-06,212945.85769857664,-0.020834865104188527,1.0,1.0,1.0,0.0044015976009026,0.0044015976009026,185091.83676391598,1.0,1.0,0.0,0.0,0.0,0.0,0.0,0.0
2014-11-07,213525.86847670807,-0.018167866375272235,1.0,1.0,1.0,0.0027237476436494,0.0027237476436495,185595.98021816046,1.0,1.0,0.0,0.0,0.0,0.0,0.0,0.0
2014-11-10,213913.09404075233,-0.01638733034724016,1.0,1.0,1.0,0.0018134831475302,0.0018134831475302,185932.55540053546,1.0,1.0,0.0,0.0,0.0,0.0,0.0,0.0
2014-11-11,214406.03653581103,-0.014120687972100643,1.0,1.0,1.0,0.0023044054281446,0.0023044054281446,186361.01939046927,1.0,1.0,0.0,0.0,0.0,0.0,0.0,0.0
2014-11-12,214982.31159849977,-0.01147086676593545,1.0,1.0,1.0,0.0026877744302338,0.0026877744302338,186861.91577317927,1.0,1.0,0.0,0.0,0.0,0.0,0.0,0.0
2014-11-13,213128.11771516904,-0.019996799242464114,1.0,1.0,1.0,-0.0086248671788106,-0.0086248671788106,185250.25656885753,1.0,1.0,0.0,0.0,0.0,0.0,0.0,0.0
2014-11-14,213433.59982812937,-0.01859213498847112,1.0,1.0,1.0,0.0014333261900645,0.0014333261900646,185515.78061331384,1.0,1.0,0.0,0.0,0.0,0.0,0.0,0.0
2014-11-17,212159.53347532405,-0.024450531886600513,1.0,1.0,1.0,-0.0059693804247843,-0.0059693804247846,184408.3663440321,1.0,1.0,0.0,0.0,0.0,0.0,0.0,0.0
2014-11-18,213218.37626780575,-0.01958177342875167,1.0,1.0,1.0,0.0049907858258222,0.004990785825822,185328.7090049449,1.0,1.0,0.0,0.0,0.0,0.0,0.0,0.0
2014-11-19,211550.70782436075,-0.027250026824404472,1.0,1.0,1.0,-0.0078214104836366,-0.0078214104836364,183879.17709741482,1.0,1.0,0.0,0.0,0.0,0.0,0.0,0.0
2014-11-20,213562.48527363728,-0.017999495450887304,1.0,1.0,1.0,0.0095096701399213,0.0095096701399211,185627.80741721136,1.0,1.0,0.0,0.0,0.0,0.0,0.0,0.0
2014-11-21,214653.39502519625,-0.012983287079478711,1.0,1.0,1.0,0.0051081525398113,0.0051081525398115,186576.02257312924,1.0,1.0,0.0,0.0,0.0,0.0,0.0,0.0
2014-11-24,215693.8447952488,-0.008199103200739577,1.0,1.0,1.0,0.0048471153690834,0.0048471153690834,187480.37807964592,1.0,1.0,0.0,0.0,0.0,0.0,0.0,0.0
2014-11-25,215462.82830295584,-0.009261360514799977,1.0,1.0,1.0,-0.0010710388723066,-0.0010710388723067,187279.57930692786,1.0,1.0,0.0,0.0,0.0,0.0,0.0,0.0
2014-11-26,215848.89975198763,-0.007486131324825673,1.0,1.0,1.0,0.0017918239172509,0.001791823917251,187615.15133634274,1.0,1.0,0.0,0.0,0.0,0.0,0.0,0.0
2014-11-28,211108.47831846392,-0.029283481330053096,1.0,1.0,1.0,-0.0219617586143384,-0.0219617586143384,183494.7926703014,1.0,1.0,0.0,0.0,0.0,0.0,0.0,0.0
2014-12-01,209332.34240372572,-0.03745048857472866,1.0,1.0,1.0,-0.0084133803099032,-0.00841338030990315,181950.9811946793,0.8043020680891025,0.8043020680891025,0.19569793191089746,0.1942456964803499,0.0,35.64307380276011,0.0,35.64307380276011
2014-12-02,210101.34465017132,-0.03391447150206073,1.0,1.0,1.0,0.0036735950002531,0.0036735950002532,182619.39540948725,0.805018351697448,0.805018351697448,0.19498164830255205,0.0,0.0,0.0,0.0,0.0
2014-12-03,211115.0485778338,-0.029253270040799917,1.0,1.0,1.0,0.0048248331268434,0.004824833126843289,183500.50351806302,1.0,1.0,0.0,0.194786861441111,0.0,35.57185887008726,0.0,35.57185887008726
2014-12-04,210015.30588505563,-0.0343100939384926,1.0,1.0,1.0,-0.0052092103343013,-0.0052092103343014,182544.6107987872,1.0,1.0,0.0,0.0,0.0,0.0,0.0,0.0
2014-12-05,210440.05483136547,-0.032357018336059196,1.0,1.0,1.0,0.0020224666222294,0.0020224666222296,182913.80118119562,1.0,1.0,0.0,0.0,0.0,0.0,0.0,0.0
2014-12-08,206472.8921587326,-0.05059877901402776,1.0,1.0,1.0,-0.0188517470013582,-0.018851747001358454,179465.55647827094,0.8138989485997201,0.8138989485997201,0.18610105140027988,0.1827754969595546,0.0,33.4321609116542,0.0,33.4321609116542
2014-12-09,208942.8249469647,-0.03924156315685812,1.0,1.0,1.0,0.0119625039510429,0.0119625039510431,181612.4139067184,0.8160988666342096,0.8160988666342096,0.1839011333657904,0.0,0.0,0.0,0.0,0.0
2014-12-10,205489.4812023082,-0.05512068769171774,1.0,1.0,1.0,-0.0165276972087127,-0.01652769720871284,178610.77892032472,1.0,1.0,0.0,0.1837174159498405,0.0,33.36536338735519,0.0,33.36536338735519
2014-12-11,205659.82029453313,-0.054337436484020896,1.0,1.0,1.0,0.000828943122676,0.0008289431226762,178758.83709714658,1.0,1.0,0.0,0.0,0.0,0.0,0.0,0.0
2014-12-12,203055.0659674004,-0.06631458715350025,1.0,1.0,1.0,-0.0126653535114558,-0.0126653535114557,176494.7932320145,1.0,1.0,0.0,0.0,0.0,0.0,0.0,0.0
2014-12-15,200838.40866763715,-0.07650719464254918,1.0,1.0,1.0,-0.0109165328587227,-0.0109165328587227,174568.08202230374,1.0,1.0,0.0,0.0,0.0,0.0,0.0,0.0
2014-12-16,200787.38183628896,-0.076741825617485,1.0,1.0,1.0,-0.0002540690881127,-0.0002540690881127,174523.72966889077,1.0,1.0,0.0,0.0,0.0,0.0,0.0,0.0
2014-12-17,206525.55759175395,-0.05035661344017717,1.0,1.0,1.0,0.0285783683366298,0.0285783683366295,179511.33309885065,1.0,1.0,0.0,0.0,0.0,0.0,0.0,0.0
2014-12-18,209056.70849398224,-0.03871790517222773,1.0,1.0,1.0,0.0122558725018997,0.012255872501899925,181711.40110995626,0.5712189415941805,0.5712189415941805,0.4287810584058195,0.4344706150038747,0.0,77.99239929162306,0.0,77.99239929162306
2014-12-19,210944.6679577537,-0.030036712201391258,1.0,1.0,1.0,0.0090308485069534,0.0090308485069534,183352.40924536652,0.5750565415910923,0.5750565415910923,0.4249434584089077,0.0,0.0,0.0,0.0,0.0
2014-12-22,210197.0758109931,-0.033474281605845646,1.0,1.0,1.0,-0.0035440201167366,-0.0035440201167367,182702.60461854882,0.5735451771199259,0.5735451771199259,0.4264548228800741,0.0,0.0,0.0,0.0,0.0
2014-12-23,211095.53102418536,-0.029343015426117836,1.0,1.0,1.0,0.0042743468705537,0.0042743468705536,183483.53892484208,0.5753602347715429,0.5753602347715429,0.42463976522845714,0.0,0.0,0.0,0.0,0.0
2014-12-24,210386.95673063924,-0.03260117339745472,1.0,1.0,1.0,-0.003356652270696,-0.003356652270695911,182867.64848727468,0.9744502182006556,0.9744502182006556,0.025549781799344418,0.3987769681940112,0.0,73.16900936595638,0.0,73.16900936595638
2014-12-26,211117.28990636877,-0.029242963990327664,1.0,1.0,1.0,0.0034713804842216,0.0034713804842217,183502.4516734289,0.9745386043924684,0.9745386043924684,0.02546139560753158,0.0,0.0,0.0,0.0,0.0
2014-12-29,210874.9482355652,-0.030357296606833062,1.0,1.0,1.0,-0.001147900633392,-0.0011479006333922,183291.80909292394,0.974509343651901,0.974509343651901,0.025490656348098994,0.0,0.0,0.0,0.0,0.0
2014-12-30,210180.667825364,-0.03354972861211991,1.0,1.0,1.0,-0.003292379754022,-0.003292379754022,182688.34285158836,0.974425141505582,0.974425141505582,0.025574858494417985,0.0,0.0,0.0,0.0,0.0
2014-12-31,208965.3238236695,-0.039138109086975126,1.0,1.0,1.0,-0.0057823776766391,-0.0057823776766391,181631.96985610112,0.9742763979231702,0.9742763979231702,0.025723602076829777,0.0,0.0,0.0,0.0,0.0
2015-01-02,207992.4660939642,-0.04361149204185599,1.0,1.0,1.0,-0.0046555941048199,-0.00465559410482,180786.36512799223,0.974156079117464,0.974156079117464,0.025843920882535953,0.0,0.0,0.0,0.0,0.0
2015-01-05,203379.1610052654,-0.06482433716742475,1.0,1.0,1.0,-0.0221801547687533,-0.022180154768753305,176776.49556937302,0.7538067927000948,0.7538067927000948,0.24619320729990524,0.2151037867632048,0.0,38.887831734186534,0.0,38.887831734186534
2015-01-06,201923.91154633003,-0.07151584809027389,1.0,1.0,1.0,-0.0071553518646765,-0.0071553518646764866,175511.5975421697,0.5501117964304383,0.5501117964304383,0.4498882035695617,0.2006765644377866,0.0,35.47489980421339,0.0,35.47489980421339
2015-01-07,202260.6761944474,-0.06996734085155243,1.0,1.0,1.0,0.0016677799352164,0.0016677799352164,175804.31226294834,0.5508608616734598,0.5508608616734598,0.4491391383265402,0.0,0.0,0.0,0.0,0.0
2015-01-08,204222.0996593807,-0.060948346575797396,1.0,1.0,1.0,0.0096975027565302,0.0096975027565302,177509.1750657282,0.5551745576270463,0.5551745576270463,0.44482544237295374,0.0,0.0,0.0,0.0,0.0
2015-01-09,203559.51600394573,-0.06399503093662717,1.0,1.0,1.0,-0.0032444268105171,-0.00324442681051713,176933.25953903215,0.9542468084663468,0.9542468084663468,0.045753191533653204,0.3988218718487302,0.0,70.79454147003767,0.0,70.79454147003767
2015-01-12,201288.31618576223,-0.07443843519150062,1.0,1.0,1.0,-0.0111574239454345,-0.0111574239454344,174959.1401523076,0.9537305607165436,0.9537305607165436,0.04626943928345639,0.0,0.0,0.0,0.0,0.0
2015-01-13,200646.12485306436,-0.07739135181409162,1.0,1.0,1.0,-0.0031904054088525,-0.00319040540885251,174400.94956523748,0.7661139685420886,0.7661139685420886,0.23388603145791143,0.1870574583730097,0.0,32.72741207601786,0.0,32.72741207601786
2015-01-14,200523.88629299987,-0.0779534277213133,1.0,1.0,1.0,-0.0006092246244676,-0.0006092246244677,174294.70021223178,0.7659713925516011,0.7659713925516011,0.23402860744839893,0.0,0.0,0.0,0.0,0.0
2015-01-15,200428.26997810547,-0.07839308953433777,1.0,1.0,1.0,-0.0004768325443019,-0.0004768325443019,174211.59082687125,0.7658597468589724,0.7658597468589724,0.2341402531410276,0.0,0.0,0.0,0.0,0.0
2015-01-16,201742.3782612921,-0.07235057230352371,1.0,1.0,1.0,0.0065565016518387,0.006556501651838603,175353.80940989705,0.967624936233179,0.967624936233179,0.03237506376682098,0.2013515706444966,0.0,35.07777743746691,0.0,35.07777743746691
2015-01-20,201317.4203770986,-0.07430460864167288,1.0,1.0,1.0,-0.0021064383589405,-0.002106438358940417,174984.4374193697,0.811566031219267,0.811566031219267,0.18843396878073304,0.1558177982722171,0.0,27.32324450089614,0.0,27.32324450089614
2015-01-21,203342.7549963042,-0.06499173884905773,1.0,1.0,1.0,0.0100604041886283,0.0100604041886282,176744.8515865283,0.8134428713378778,0.8134428713378778,0.18655712866212215,0.0,0.0,0.0,0.0,0.0
2015-01-22,205462.320176293,-0.05524557920165141,1.0,1.0,1.0,0.0104236080603281,0.0104236080603279,178587.1706461471,0.8153674091005764,0.8153674091005764,0.18463259089942363,0.0,0.0,0.0,0.0,0.0
2015-01-23,204420.4905191144,-0.06003610806112192,1.0,1.0,1.0,-0.0050706604319696,-0.0050706604319696,177681.6157462943,0.8144264285345271,0.8144264285345271,0.18557357146547293,0.0,0.0,0.0,0.0,0.0
2015-01-26,204535.50506393748,-0.0595072495357023,1.0,1.0,1.0,0.0005626370650564,0.0005626370650565093,177781.58600909225,1.0,1.0,0.0,0.1853881832821907,0.0,32.94007194584979,0.0,32.94007194584979
2015-01-27,204385.5179213633,-0.06019691864821064,1.0,1.0,1.0,-0.0007333061442182,-0.0007333061442183,177651.21767974293,1.0,1.0,0.0,0.0,0.0,0.0,0.0,0.0
2015-01-28,201854.22133612836,-0.07183629679404546,1.0,1.0,1.0,-0.0123849116658492,-0.0123849116658492,175451.02304144876,1.0,1.0,0.0,0.0,0.0,0.0,0.0,0.0
2015-01-29,202370.41013783935,-0.06946276352544112,1.0,1.0,1.0,0.0025572356044585,0.0025572356044587,175899.69264440905,1.0,1.0,0.0,0.0,0.0,0.0,0.0,0.0
2015-01-30,198488.08588302397,-0.08731442118978738,1.0,1.0,1.0,-0.0191842485873852,-0.0191842485873852,172525.18921427405,1.0,1.0,0.0,0.0,0.0,0.0,0.0,0.0
2015-02-02,200684.46194742096,-0.07721507063833699,1.0,1.0,1.0,0.0110655309845215,0.0110655309845215,174434.27204113506,1.0,1.0,0.0,0.0,0.0,0.0,0.0,0.0
2015-02-03,203963.92164173853,-0.06213549769582316,1.0,1.0,1.0,0.0163413732308621,0.0163413732308621,177284.767584813,1.0,1.0,0.0,0.0,0.0,0.0,0.0,0.0
2015-02-04,202876.39764771305,-0.06713613771681726,1.0,1.0,1.0,-0.0053319429498699,-0.0053319429498698,176339.49531816985,1.0,1.0,0.0,0.0,0.0,0.0,0.0,0.0
2015-02-05,204493.27564471497,-0.059701428353813535,1.0,1.0,1.0,0.0079697688629585,0.0079697688629583,177744.88033726637,1.0,1.0,0.0,0.0,0.0,0.0,0.0,0.0
2015-02-06,201525.04083423497,-0.07334993070092222,1.0,1.0,1.0,-0.0145150729339238,-0.0145150729339238,175164.90043553937,1.0,1.0,0.0,0.0,0.0,0.0,0.0,0.0
2015-02-09,201734.4797572454,-0.0723868911118064,1.0,1.0,1.0,0.0010392699693471,0.0010392699693471,175346.9440562457,1.0,1.0,0.0,0.0,0.0,0.0,0.0,0.0
2015-02-10,200650.96466473176,-0.0773690974490836,1.0,1.0,1.0,-0.005370996043004,-0.005370996043004,174405.15631356678,1.0,1.0,0.0,0.0,0.0,0.0,0.0,0.0
2015-02-11,199224.85785430623,-0.0839266049887829,1.0,1.0,1.0,-0.0071074007184983,-0.0071074007184983,173165.58898027395,1.0,1.0,0.0,0.0,0.0,0.0,0.0,0.0
2015-02-12,202976.09679908332,-0.06667770225319503,1.0,1.0,1.0,0.0188291711444981,0.0188291711444982,176426.15349152134,1.0,1.0,0.0,0.0,0.0,0.0,0.0,0.0
2015-02-13,204800.6670646563,-0.05828798474694741,1.0,1.0,1.0,0.0089890893279864,0.0089890893279864,178012.06394504968,1.0,1.0,0.0,0.0,0.0,0.0,0.0,0.0
2015-02-17,204793.5314921468,-0.058320795452421303,1.0,1.0,1.0,-3.484154915978088e-05,-3.484154915975443e-05,178005.8617289727,1.0,1.0,0.0,0.0,0.0,0.0,0.0,0.0
2015-02-18,205083.0338757304,-0.0569896090018468,1.0,1.0,1.0,0.00141363050617,0.0014136305061699,178257.49624538983,1.0,1.0,0.0,0.0,0.0,0.0,0.0,0.0
2015-02-19,204395.3100264283,-0.06015189270602739,1.0,1.0,1.0,-0.0033533922153636,-0.0033533922153636,177659.72894515033,1.0,1.0,0.0,0.0,0.0,0.0,0.0,0.0
2015-02-20,204959.0971938658,-0.05755949319273013,1.0,1.0,1.0,0.0027583175336292,0.002758317533629,178149.77089051952,1.0,1.0,0.0,0.0,0.0,0.0,0.0,0.0
2015-02-23,204024.84594427032,-0.061855356285458685,1.0,1.0,1.0,-0.0045582326541563,-0.0045582326541561,177337.72278751593,1.0,1.0,0.0,0.0,0.0,0.0,0.0,0.0
2015-02-24,206710.89278959585,-0.04950440731624928,1.0,1.0,1.0,0.0131652928489858,0.0131652928489856,179672.42584118582,1.0,1.0,0.0,0.0,0.0,0.0,0.0,0.0
2015-02-25,205832.34377247596,-0.05354414105964267,1.0,1.0,1.0,-0.004250134113707,-0.0042501341137068,178908.79393482572,1.0,1.0,0.0,0.0,0.0,0.0,0.0,0.0
2015-02-26,205312.80742732837,-0.05593306696305134,1.0,1.0,1.0,-0.0025240753499939,-0.002524075349994,178457.21465815767,1.0,1.0,0.0,0.0,0.0,0.0,0.0,0.0
2015-02-27,205863.0007848877,-0.05340317434623454,1.0,1.0,1.0,0.002679780986162,0.0026797809861622,178935.44090884208,1.0,1.0,0.0,0.0,0.0,0.0,0.0,0.0
2015-03-02,204783.25151815245,-0.05836806470776956,1.0,1.0,1.0,-0.0052449894474408,-0.005244989447441,177996.926409502,1.0,1.0,0.0,0.0,0.0,0.0,0.0,0.0
2015-03-03,203682.24885426235,-0.06343068218978976,1.0,1.0,1.0,-0.0053764292525285,-0.0053764292525285,177039.9385274938,1.0,1.0,0.0,0.0,0.0,0.0,0.0,0.0
2015-03-04,201655.16043446463,-0.07275161628763216,1.0,1.0,1.0,-0.0099522095381423,-0.0099522095381422,175277.99996264838,1.0,1.0,0.0,0.0,0.0,0.0,0.0,0.0
2015-03-05,200793.67926032512,-0.07671286887645001,1.0,1.0,1.0,-0.0042720512199314,-0.0042720512199315,174529.2033690808,1.0,1.0,0.0,0.0,0.0,0.0,0.0,0.0
2015-03-06,197571.42121377913,-0.09152941787587388,1.0,1.0,1.0,-0.0160476069685858,-0.0160476069685859,171728.4273088734,1.0,1.0,0.0,0.0,0.0,0.0,0.0,0.0
2015-03-09,196057.98191854596,-0.09848849661865577,1.0,1.0,1.0,-0.0076602136378599,-0.0076602136378598,170412.95086799373,1.0,1.0,0.0,0.0,0.0,0.0,0.0,0.0
2015-03-10,193331.25540709097,-0.11102649834955614,0.75,1.0,1.0,-0.0139077556790716,-0.0139077556790717,168042.88918277205,1.0,1.0,0.0,0.0,0.0,0.0,0.0,0.0
2015-03-11,194100.9452053035,-0.10748731978445114,0.75,0.75,1.0,0.0039811969181693,0.0037311969181693,168669.89029301103,1.0,0.75,0.25,0.0,0.25,0.0,42.010722295693014,42.010722295693014
2015-03-12,194777.63768614837,-0.10437576038878837,0.75,0.75,0.75,0.003486291527994,0.0026147186459955,169110.9146001782,1.0,0.75,0.25,0.0,0.0,0.0,0.0,0.0
2015-03-13,192179.15845052496,-0.1163240570063947,0.75,0.75,0.75,-0.0133407472566764,-0.010005560442507451,167418.8651226584,1.0,0.75,0.25,0.0,0.0,0.0,0.0,0.0
2015-03-16,193333.18304827844,-0.11101763469255066,0.75,0.75,0.75,0.0060049414674201,0.0045037061005651505,168172.870486861,1.0,0.75,0.25,0.0,0.0,0.0,0.0,0.0
2015-03-17,194739.6075994197,-0.1045506298856842,0.75,0.75,0.75,0.0072746154021061,0.005455961551579673,169090.41520225612,1.0,0.75,0.25,0.24492740610455205,0.0,41.19014494550365,0.0,41.19014494550365
2015-03-18,198456.111605272,-0.0874614449371689,1.0,0.75,0.75,0.0190844792780791,0.014313359458559176,171510.66709604303,1.0,0.75,0.25,0.0,0.0,0.0,0.0,0.0
2015-03-19,195741.8535792635,-0.09994211422513699,1.0,1.0,0.75,-0.0136768679183192,-0.010507650938739326,169708.4928739275,1.0,1.0,0.0,0.0,0.25,0.0,42.87766677401076,42.87766677401076
2015-03-20,197552.99926337347,-0.09161412547126435,1.0,1.0,1.0,0.0092527257251937,0.0092527257251937,171278.75901172592,1.0,1.0,0.0,0.0,0.0,0.0,0.0,0.0
2015-03-23,197782.06295084613,-0.09056084752132942,1.0,1.0,1.0,0.0011595049851269,0.0011595049851268,171477.35758664634,1.0,1.0,0.0,0.0,0.0,0.0,0.0,0.0
2015-03-24,198068.91934929113,-0.08924182780845613,1.0,1.0,1.0,0.0014503660957176,0.0014503660957177,171726.06253227327,1.0,1.0,0.0,0.0,0.0,0.0,0.0,0.0
2015-03-25,195871.1193455645,-0.09934772590096164,1.0,1.0,1.0,-0.0110961377027095,-0.011096137702709435,169820.56649527105,0.7869098193370482,0.7869098193370482,0.21309018066295182,0.210936639314535,0.0,36.22331851327541,0.0,36.22331851327541
2015-03-26,194960.3639694382,-0.10353555054502739,0.75,1.0,1.0,-0.004649768578284,-0.0046497685782841,169030.94016123493,0.7859143707048896,0.7859143707048896,0.21408562929511044,0.0,0.0,0.0,0.0,0.0
2015-03-27,195191.9660095939,-0.1024706007716808,0.75,0.75,1.0,0.001187944233588,0.0009914021359046805,169198.5177963448,0.7861683907320782,0.5896262930490587,0.41037370695094133,0.0,0.19654209768301956,0.0,33.22169555262207,33.22169555262207
2015-03-30,197059.03062736223,-0.09388548623564652,1.0,0.75,0.75,0.0095652738990117,0.007173955424258775,170412.34042086639,0.7881943696002052,0.5911457772001538,0.4088542227998462,0.0,0.0,0.0,0.0,0.0
2015-03-31,196612.78988295136,-0.09593738517098793,1.0,1.0,0.75,-0.0022645028902771,-0.0019952623455512172,170072.3230948074,0.9879536945488288,0.9879536945488288,0.012046305451171246,0.1995870168253096,0.2469884236372072,34.01209065481985,42.089875328876914,76.10196598369677
2015-04-01,199152.58436555375,-0.08425893209356217,1.0,1.0,1.0,0.01291774804739,0.01291774804739,172269.27451438043,0.9881073211774668,0.9881073211774668,0.011892678822533198,0.0,0.0,0.0,0.0,0.0
2015-04-02,201530.7863836552,-0.07332351158324635,1.0,1.0,1.0,0.0119416076154761,0.0119416076154761,174326.44659483392,0.9882476629747868,0.9882476629747868,0.011752337025213166,0.0,0.0,0.0,0.0,0.0
2015-04-06,203574.10634732383,-0.06392794179154404,1.0,1.0,1.0,0.0101389966284295,0.0101389966284294,176093.941849105,0.988365623875091,0.988365623875091,0.01163437612490903,0.0,0.0,0.0,0.0,0.0
2015-04-07,202967.1454819932,-0.06671886209401445,1.0,1.0,1.0,-0.0029815229265706,-0.0029815229265706,175568.91372425173,0.9883308319831148,0.9883308319831148,0.011669168016885223,0.0,0.0,0.0,0.0,0.0
2015-04-08,205713.1892837079,-0.05409203582655164,1.0,1.0,1.0,0.013529499048694,0.0135294990486941,177944.27317546424,0.9884866024838566,0.9884866024838566,0.011513397516143442,0.0,0.0,0.0,0.0,0.0
2015-04-09,206334.5853280775,-0.051234739853834865,1.0,1.0,1.0,0.0030206913155799,0.0030206913155797193,178481.7878961025,0.5744919662342141,0.5744919662342141,0.42550803376578594,0.4156956603322806,0.0,73.97066214002234,0.0,73.97066214002234
2015-04-10,206738.08259144492,-0.049379383489615236,1.0,1.0,1.0,0.0019555483765645,0.0019555483765645266,178830.81766666906,0.3666099790253678,0.3666099790253678,0.6333900209746322,0.2093299419780734,0.0,37.36158230443394,0.0,37.36158230443394
2015-04-13,206353.94221676697,-0.051145733236239055,1.0,1.0,1.0,-0.0018581016611104,-0.0018581016611104,178498.5318273049,0.3654308850988807,0.3654308850988807,0.6345691149011192,0.0,0.0,0.0,0.0,0.0
2015-04-14,206683.1976559884,-0.049631754753423185,1.0,1.0,1.0,0.0015955858932685,0.0015955858932686,178783.3415666577,0.366441781654637,0.366441781654637,0.633558218345363,0.0,0.0,0.0,0.0,0.0
2015-04-15,207174.20906653395,-0.047373991868348564,1.0,1.0,1.0,0.0023756716371439,0.002375671637144003,179208.0720804114,0.968783660837156,0.968783660837156,0.031216339162844053,0.6016660533575968,0.0,107.56786752649413,0.0,107.56786752649413
2015-04-16,207562.64012851552,-0.04558791273389895,1.0,1.0,1.0,0.0018749006632232,0.0018749006632230857,179544.0694136099,0.7550789656150555,0.7550789656150555,0.2449210343849445,0.2143782761080141,0.0,38.418317557239334,0.0,38.418317557239334
2015-04-17,205470.61793480665,-0.05520742454618088,1.0,1.0,1.0,-0.0100789920209801,-0.0100789920209801,177734.44617057583,0.7525852745715895,0.7525852745715895,0.24741472542841048,0.0,0.0,0.0,0.0,0.0
2015-04-20,206230.37676465625,-0.05171391044284013,1.0,1.0,1.0,0.0036976519440392,0.0036976519440391,178391.64629098115,0.7534967577644538,0.7534967577644538,0.2465032422355462,0.0,0.0,0.0,0.0,0.0
2015-04-21,206126.3416010605,-0.05219228370681006,1.0,1.0,1.0,-0.0005044609103073,-0.0005044609103073,178301.654678702,0.7533723437524762,0.7533723437524762,0.2466276562475238,0.0,0.0,0.0,0.0,0.0
2015-04-22,207525.1400264028,-0.045760345261775415,1.0,1.0,1.0,0.0067861216304394,0.0067861216304393466,179511.6313942603,0.9552747560286966,0.9552747560286966,0.0447252439713034,0.2013975038268532,0.0,35.90950818048815,0.0,35.90950818048815
2015-04-23,208964.83819632768,-0.03914034209289874,1.0,1.0,1.0,0.0069374639127659,0.0069374639127659,180756.9868589797,0.9555828980704426,0.9555828980704426,0.04441710192955739,0.0,0.0,0.0,0.0,0.0
2015-04-24,210356.13282464925,-0.032742907518948816,1.0,1.0,1.0,0.0066580322332239,0.0066580322332238,181960.47270386718,0.9558766726064658,0.9558766726064658,0.044123327393534195,0.0,0.0,0.0,0.0,0.0
2015-04-27,210222.2087893247,-0.03335871544088531,1.0,1.0,1.0,-0.0006366538190553,-0.0006366538190551,181844.6268740032,0.955848563425754,0.955848563425754,0.04415143657424603,0.0,0.0,0.0,0.0,0.0
2015-04-28,210812.06842396603,-0.03064642981596033,1.0,1.0,1.0,0.0028058863905879,0.0028058863905877,182354.8622377505,0.9559721007091804,0.9559721007091804,0.04402789929081963,0.0,0.0,0.0,0.0,0.0
2015-04-29,209921.72547954143,-0.03474039425698294,1.0,1.0,1.0,-0.0042233964643523,-0.0042233964643522,181584.70535731813,0.9557853647750988,0.9557853647750988,0.04421463522490121,0.0,0.0,0.0,0.0,0.0
2015-04-30,208349.04592945537,-0.04197187084192611,1.0,1.0,1.0,-0.0074917426792939,-0.0074917426792939,180224.3194702857,0.9554516197736638,0.9554516197736638,0.044548380226336226,0.0,0.0,0.0,0.0,0.0
2015-05-01,209776.4669730753,-0.035408320210630784,1.0,1.0,1.0,0.0068511042959287,0.0068511042959286,181459.05507963937,0.9557547486055666,0.9557547486055666,0.04424525139443336,0.0,0.0,0.0,0.0,0.0
2015-05-04,210177.98056512035,-0.03356208514052306,1.0,1.0,1.0,0.0019140068370806,0.0019140068370806,181806.36895171198,0.9558392725398558,0.9558392725398558,0.04416072746014421,0.0,0.0,0.0,0.0,0.0
2015-05-05,208734.9936354996,-0.04019721064549986,1.0,1.0,1.0,-0.006865547597997,-0.0068655475979969,180558.16867205504,0.955533989025014,0.955533989025014,0.04446601097498604,0.0,0.0,0.0,0.0,0.0
2015-05-06,208338.04472985512,-0.04202245642836122,1.0,1.0,1.0,-0.0019016883500505,-0.0019016883500505,180214.80330618494,0.9554492674158724,0.9554492674158724,0.04455073258412756,0.0,0.0,0.0,0.0,0.0
2015-05-07,209061.39483182543,-0.038696356508750585,1.0,1.0,1.0,0.0034720019711629,0.0034720019711629,180840.50945849676,0.9556034124553404,0.9556034124553404,0.04439658754465958,0.0,0.0,0.0,0.0,0.0
2015-05-08,212977.52389069155,-0.020689257992554944,1.0,1.0,1.0,0.0187319570024697,0.0187319570024698,184228.006105978,0.9564197557173992,0.9564197557173992,0.043580244282600766,0.0,0.0,0.0,0.0,0.0
2015-05-11,211930.57060673376,-0.025503346252337966,1.0,1.0,1.0,-0.0049157923560756,-0.0049157923560758,183322.37948178718,0.9562044659659644,0.9562044659659644,0.04379553403403558,0.0,0.0,0.0,0.0,0.0
2015-05-12,211211.6853462688,-0.028808915990323425,1.0,1.0,1.0,-0.0033920791059395,-0.0033920791059392,182700.53546869595,0.9560554024146763,0.9560554024146763,0.04394459758532365,0.0,0.0,0.0,0.0,0.0
2015-05-13,211002.76820140184,-0.029769556345325188,1.0,1.0,1.0,-0.0009891362995587,-0.0009891362995589,182519.81973711503,0.9560118921804832,0.9560118921804832,0.043988107819516786,0.0,0.0,0.0,0.0,0.0
2015-05-14,213388.37635820408,-0.018800081015261316,1.0,1.0,1.0,0.0113060514662308,0.0113060514662309,184583.39821267003,0.95650366399396,0.95650366399396,0.04349633600603997,0.0,0.0,0.0,0.0,0.0
2015-05-15,213569.6766745198,-0.0179664280360462,1.0,1.0,1.0,0.0008496260171706,0.0008496260171705,184740.22507012924,0.9565405882408816,0.9565405882408816,0.04345941175911838,0.0,0.0,0.0,0.0,0.0
2015-05-18,212324.38497589793,-0.02369251365820324,1.0,1.0,1.0,-0.0058308450806885,-0.0058308450806884,183663.0334375738,0.9562856969117638,0.9562856969117638,0.043714303088236206,0.0,0.0,0.0,0.0,0.0
2015-05-19,211263.37004875072,-0.028571260000088583,1.0,1.0,1.0,-0.0049971411774849,-0.0049971411774849,182745.2433304011,0.95606615327722,0.95606615327722,0.04393384672278,0.0,0.0,0.0,0.0,0.0
2015-05-20,211303.8619801966,-0.028385070477808583,1.0,1.0,1.0,0.0001916656514404,0.0001916656514404,182780.26931651167,0.95607457227294,0.95607457227294,0.043925427727059985,0.0,0.0,0.0,0.0,0.0
2015-05-21,211546.43865670369,-0.02726965726084507,1.0,1.0,1.0,0.0011479992567753,0.0011479992567753,182990.1009298402,0.9561249408082833,0.9561249408082833,0.04387505919171675,0.0,0.0,0.0,0.0,0.0
2015-05-22,209685.07375998996,-0.03582856340665452,1.0,1.0,1.0,-0.0087988477070716,-0.0087988477070715,181379.9988998569,0.9557354638962824,0.9557354638962824,0.04426453610371761,0.0,0.0,0.0,0.0,0.0
2015-05-26,206231.8041983109,-0.05170734683422096,1.0,1.0,1.0,-0.0164688382427817,-0.0164688382427816,178392.88103749926,0.9549942718392036,0.9549942718392036,0.0450057281607964,0.0,0.0,0.0,0.0,0.0
2015-05-27,207968.19431731693,-0.04372309823937426,1.0,1.0,1.0,0.0084196039779407,0.0084196039779407,179894.8784483189,0.9553700384410804,0.9553700384410804,0.04462996155891963,0.0,0.0,0.0,0.0,0.0
2015-05-28,207429.63557348863,-0.0461994927123599,1.0,1.0,1.0,-0.0025896207138604,-0.0025896207138603,179429.01894477176,0.95525416369653,0.95525416369653,0.044745836303469955,0.0,0.0,0.0,0.0,0.0
2015-05-29,205033.92780979004,-0.05721540793590618,1.0,1.0,1.0,-0.0115494960836964,-0.0115494960836966,177356.7041931676,0.9547313334090234,0.9547313334090234,0.045268666590976614,0.0,0.0,0.0,0.0,0.0
2015-06-01,205085.15436716937,-0.056979858583086296,1.0,1.0,1.0,0.0002498442961442,0.0002498442961442,177401.0157540932,0.9547426407021024,0.9547426407021024,0.04525735929789765,0.0,0.0,0.0,0.0,0.0
2015-06-02,206806.2519585785,-0.049065927908527596,1.0,1.0,1.0,0.0083921120313166,0.0083921120313166,178889.78495277092,0.9551192846930044,0.9551192846930044,0.044880715306995556,0.0,0.0,0.0,0.0,0.0
2015-06-03,207047.87864862493,-0.047954882908119,1.0,1.0,1.0,0.0011683722699777,0.0011683722699775,179098.79481689198,0.95517166088134,0.95517166088134,0.04482833911866002,0.0,0.0,0.0,0.0,0.0
2015-06-04,204843.93935306935,-0.05808901062000671,1.0,1.0,1.0,-0.0106445876670671,-0.0106445876670668,177192.3619943976,0.9546893476703652,0.9546893476703652,0.045310652329634826,0.0,0.0,0.0,0.0,0.0
2015-06-05,204510.22305148677,-0.059623500987593836,1.0,1.0,1.0,-0.0016291246040108,-0.001629124604011,176903.69355782968,0.9546154105189986,0.9546154105189986,0.045384589481001436,0.0,0.0,0.0,0.0,0.0
2015-06-08,204160.3589140858,-0.06123224214365952,1.0,1.0,1.0,-0.0017107415569777,-0.0017107415569779,176601.05705767742,0.9545376361639056,0.9545376361639056,0.045462363836094366,0.0,0.0,0.0,0.0,0.0
2015-06-09,204197.240705666,-0.061062652723991584,1.0,1.0,1.0,0.0001806510910167,0.0001806510910168,176632.96023130958,0.954545847506145,0.954545847506145,0.04545415249385498,0.0,0.0,0.0,0.0,0.0
2015-06-10,207102.68309359252,-0.047702881754729365,1.0,1.0,1.0,0.0142286074869861,0.0142286074869858,179146.20129170525,0.9551835235583824,0.9551835235583824,0.04481647644161757,0.0,0.0,0.0,0.0,0.0
2015-06-11,207696.24511570844,-0.04497357185532358,1.0,1.0,1.0,0.002866027678877,0.0028660276788771,179659.63926317295,0.9553116017447068,0.9553116017447068,0.04468839825529325,0.0,0.0,0.0,0.0,0.0
2015-06-12,206459.3308274827,-0.050661136567662246,1.0,1.0,1.0,-0.0059554003373371,-0.005955400337336995,178589.6941868992,0.7987871350715958,0.7987871350715958,0.20121286492840418,0.1554816451545944,0.0,27.933776280519105,0.0,27.933776280519105
2015-06-15,205368.71293617017,-0.055676002910723166,1.0,1.0,1.0,-0.0052824829323111,-0.005282482932311,177646.29717547027,0.7977185869596866,0.7977185869596866,0.20228141304031344,0.0,0.0,0.0,0.0,0.0
2015-06-16,206525.4258881321,-0.05035721903821999,1.0,1.0,1.0,0.0056323718224862,0.0056323718224861,178646.86717405036,0.798851529934619,0.798851529934619,0.20114847006538095,0.0,0.0,0.0,0.0,0.0
2015-06-17,206964.24486282232,-0.04833944679699809,1.0,1.0,1.0,0.0021247697362354,0.0021247697362352,179026.450630895,0.7992780179275238,0.7992780179275238,0.20072198207247616,0.0,0.0,0.0,0.0,0.0
2015-06-18,208859.5396633802,-0.03962452456694254,1.0,1.0,1.0,0.0091575953219074,0.009157595321907436,180665.90241769017,1.0,1.0,0.0,0.2005214606118643,0.0,35.898645368664894,0.0,35.898645368664894
2015-06-19,206658.81584100935,-0.04974386692790256,1.0,1.0,1.0,-0.010536860446584,-0.0105368604465844,178762.25101645876,1.0,1.0,0.0,0.0,0.0,0.0,0.0,0.0
2015-06-22,208594.98993152933,-0.04084097402819975,1.0,1.0,1.0,0.0093689402150138,0.009368940215014207,180437.0638589333,0.802438696190608,0.802438696190608,0.19756130380939196,0.1996118557092917,0.0,35.683064656165556,0.0,35.683064656165556
2015-06-23,208634.2391302676,-0.04066049882481948,1.0,1.0,1.0,0.0001881598342852,0.0001881598342851,180471.01486696786,0.8024758622996251,0.8024758622996251,0.1975241377003749,0.0,0.0,0.0,0.0,0.0
2015-06-24,207361.83206501836,-0.046511266006450835,1.0,1.0,1.0,-0.0060987452038241,-0.0060987452038242,179370.36813061865,0.8012638209810066,0.8012638209810066,0.19873617901899343,0.0,0.0,0.0,0.0,0.0
2015-06-25,205961.7840209634,-0.05294895043353265,1.0,1.0,1.0,-0.0067517152511267,-0.006751715251126816,178159.3104805109,1.0,1.0,0.0,0.1985376413776158,0.0,35.611769821687695,0.0,35.611769821687695
2015-06-26,206555.82645356463,-0.05021743151629143,1.0,1.0,1.0,0.0028842361966565,0.0028842361966567,178673.1640125702,1.0,1.0,0.0,0.0,0.0,0.0,0.0,0.0
2015-06-29,202079.1163250411,-0.07080218730473176,1.0,1.0,1.0,-0.0216731244302611,-0.0216731244302611,174800.75829657732,1.0,1.0,0.0,0.0,0.0,0.0,0.0,0.0
2015-06-30,202355.1035080007,-0.06953314629049112,1.0,1.0,1.0,0.0013657382711218,0.0013657382711217,175039.490382004,1.0,1.0,0.0,0.0,0.0,0.0,0.0,0.0
2015-07-01,202870.9147417365,-0.06716134915050365,1.0,1.0,1.0,0.0025490399045724,0.0025490399045724,175485.67302786378,1.0,1.0,0.0,0.0,0.0,0.0,0.0,0.0
2015-07-02,203596.2153753577,-0.06382628031922821,1.0,1.0,1.0,0.0035751829410564,0.0035751829410565,176113.0664124728,1.0,1.0,0.0,0.0,0.0,0.0,0.0,0.0
2015-07-06,201193.6095233566,-0.07487391425116474,1.0,1.0,1.0,-0.0118008374938184,-0.0118008374938184,174034.78473520116,1.0,1.0,0.0,0.0,0.0,0.0,0.0,0.0
2015-07-07,201445.0924847023,-0.0737175482601502,1.0,1.0,1.0,0.0012499550156761,0.001249955015676,174252.320387283,1.0,1.0,0.0,0.0,0.0,0.0,0.0,0.0
2015-07-08,197323.1567843265,-0.09267098445144406,1.0,1.0,1.0,-0.0204618323014684,-0.0204618323014685,170686.79862937666,1.0,1.0,0.0,0.0,0.0,0.0,0.0,0.0
2015-07-09,198792.6455798092,-0.08591399837898706,1.0,1.0,1.0,0.0074471178113617,0.007447117811361682,171957.92332761383,0.8127469302203237,0.8127469302203237,0.18725306977967626,0.1888364018527173,0.0,32.23188089693081,0.0,32.23188089693081
2015-07-10,201269.03610758108,-0.07452708861992174,1.0,1.0,1.0,0.0124571536363888,0.0124571536363888,174100.02959750028,1.0,1.0,0.0,0.1870660037759003,0.0,32.16748153449938,0.0,32.16748153449938
2015-07-13,203287.5047947261,-0.06524578967524386,1.0,1.0,1.0,0.010028709463616,0.010028709463616075,175846.02821194055,0.7970747106439067,0.7970747106439067,0.20292528935609333,0.2051655336595254,0.0,35.719325482510314,0.0,35.719325482510314
2015-07-14,203824.52797427715,-0.0627764560158326,1.0,1.0,1.0,0.0026416930056443,0.0026416930056441,176310.55943473833,0.7976093645699301,0.7976093645699301,0.20239063543006985,0.0,0.0,0.0,0.0,0.0
2015-07-15,203546.16766703743,-0.06405640910218868,1.0,1.0,1.0,-0.0013656860143683,-0.0013656860143682,176069.77456953286,0.7973325845150342,0.7973325845150342,0.2026674154849658,0.0,0.0,0.0,0.0,0.0
2015-07-16,204254.4975161735,-0.06079937513225908,1.0,1.0,1.0,0.0034799468703077,0.0034799468703075,176682.48803050187,0.7980354105559828,0.7980354105559828,0.20196458944401718,0.0,0.0,0.0,0.0,0.0
2015-07-17,203806.41396890563,-0.06285974762199387,1.0,1.0,1.0,-0.0021937511913654,-0.002193751191365426,176294.89061189155,0.9978314244064126,0.9978314244064126,0.0021685755935874074,0.199601169995726,0.0,35.26603132864405,0.0,35.26603132864405
2015-07-20,203175.1865662297,-0.06576225003068592,1.0,1.0,1.0,-0.0030971910568635,-0.0030971910568634675,175748.87165331768,0.7831880945138576,0.7831880945138576,0.21681190548614238,0.2141860080058676,0.0,37.75989885199216,0.0,37.75989885199216
2015-07-21,201821.86168979623,-0.07198509253869356,1.0,1.0,1.0,-0.0066608767502831,-0.0066608767502832,174578.2300802336,0.7817342532761213,0.7817342532761213,0.21826574672387866,0.0,0.0,0.0,0.0,0.0
2015-07-22,201097.10710755145,-0.07531765052296102,1.0,1.0,1.0,-0.0035910608304604,-0.00359106083046044,173951.30903634135,0.5817486701029043,0.5817486701029043,0.4182513298970957,0.1986822995046402,0.0,34.68560419579096,0.0,34.68560419579096
2015-07-23,199610.81092968408,-0.08215192010314987,1.0,1.0,1.0,-0.0073909376382645,-0.0073909376382645,172665.6457591593,0.5786343831055285,0.5786343831055285,0.4213656168944715,0.0,0.0,0.0,0.0,0.0
2015-07-24,197281.62627869597,-0.09286194953330806,1.0,1.0,1.0,-0.0116686297708024,-0.011668629770802384,170650.87426465913,0.996532755209668,0.996532755209668,0.0034672447903320025,0.7693026740873843,0.0,132.83214300554627,0.0,132.83214300554627
2015-07-27,196077.22026953023,-0.09840003505973993,1.0,1.0,1.0,-0.0061050085194668,-0.0061050085194669,169609.0492234189,0.996511457628771,0.996511457628771,0.0034885423712289754,0.0,0.0,0.0,0.0,0.0
2015-07-28,199919.9601302379,-0.08073039389017389,1.0,1.0,1.0,0.019598094339696,0.0195980943396961,172933.06337096562,0.9965785122681224,0.9965785122681224,0.0034214877318775594,0.0,0.0,0.0,0.0,0.0
2015-07-29,202173.898233272,-0.07036636225060022,1.0,1.0,1.0,0.0112742024436467,0.0112742024436468,174882.74573660988,0.9966166567646936,0.9966166567646936,0.003383343235306424,0.0,0.0,0.0,0.0,0.0
2015-07-30,202221.27210684115,-0.07014852826310114,1.0,1.0,1.0,0.0002343224025611,0.0002343224025611,174923.72468175736,0.9966174493720836,0.9966174493720836,0.0033825506279163697,0.0,0.0,0.0,0.0,0.0
2015-07-31,201969.2918012347,-0.07130718113663803,1.0,1.0,1.0,-0.0012460623107608,-0.0012460623107609,174705.7588211735,0.9966132292446902,0.9966132292446902,0.003386770755309798,0.0,0.0,0.0,0.0,0.0
2015-08-03,200884.58619073487,-0.0762948616996979,1.0,1.0,1.0,-0.0053706462048068,-0.0053706462048068,173767.4760006027,0.9965949418822329,0.9965949418822329,0.0034050581177671457,0.0,0.0,0.0,0.0,0.0
2015-08-04,200966.06417914203,-0.07592021057301268,1.0,1.0,1.0,0.0004055960188493,0.0004055960188494,173837.95539707405,0.9965963224003168,0.9965963224003168,0.003403677599683186,0.0,0.0,0.0,0.0,0.0
2015-08-05,202059.0310605597,-0.0708945431313156,1.0,1.0,1.0,0.0054385643958443,0.0054385643958444,174783.38431194297,0.996614733390768,0.996614733390768,0.003385266609231996,0.0,0.0,0.0,0.0,0.0
2015-08-06,201085.6300620825,-0.07537042413826522,1.0,1.0,1.0,-0.0048174090183846,-0.0048174090183846,173941.38126009481,0.9965983462332348,0.9965983462332348,0.003401653766765156,0.0,0.0,0.0,0.0,0.0
2015-08-07,199761.49269320728,-0.08145905699277478,1.0,1.0,1.0,-0.0065849427851527,-0.0065849427851527,172795.98721652667,0.9965757980593708,0.9965757980593708,0.0034242019406292012,0.0,0.0,0.0,0.0,0.0
2015-08-10,203847.79501880848,-0.06266946976569676,1.0,1.0,1.0,0.0204559060432978,0.0204559060432978,176330.68569568684,0.9966444390979068,0.9966444390979068,0.003355560902093213,0.0,0.0,0.0,0.0,0.0
2015-08-11,201110.58124995715,-0.07525569388004305,1.0,1.0,1.0,-0.0134277330230566,-0.0134277330230566,173962.96432439267,0.9965987682662362,0.9965987682662362,0.003401231733763832,0.0,0.0,0.0,0.0,0.0
2015-08-12,201285.85574079608,-0.0744497487805661,1.0,1.0,1.0,0.0008715329136317,0.0008715329136315,174114.57877355427,0.9966017299704164,0.9966017299704164,0.0033982700295835944,0.0,0.0,0.0,0.0,0.0
2015-08-13,201055.12283098276,-0.07551070212900857,1.0,1.0,1.0,-0.0011462947009572,-0.0011462947009572,173914.99215454675,0.9965978300810664,0.9965978300810664,0.0034021699189336063,0.0,0.0,0.0,0.0,0.0
2015-08-14,202250.48589095267,-0.07001419778506546,1.0,1.0,1.0,0.0059454494028226,0.0059454494028228,174948.99494079396,0.9966179379598036,0.9966179379598036,0.0033820620401964208,0.0,0.0,0.0,0.0,0.0
2015-08-17,203279.53999832697,-0.0652824133082408,1.0,1.0,1.0,0.0050880179735595,0.0050880179735592,175839.13857150884,0.9966350588409012,0.9966350588409012,0.0033649411590988,0.0,0.0,0.0,0.0,0.0
2015-08-18,202724.13907088348,-0.06783625131156668,1.0,1.0,1.0,-0.0027322027954611,-0.002732202795461,175358.7103855523,0.996625839951384,0.996625839951384,0.003374160048616015,0.0,0.0,0.0,0.0,0.0
2015-08-19,200721.51293495047,-0.07704470322384749,1.0,1.0,1.0,-0.0098785775838603,-0.0098785775838603,173626.4157600029,0.9965921754925954,0.9965921754925954,0.003407824507404622,0.0,0.0,0.0,0.0,0.0
2015-08-20,196648.48606351155,-0.09577324741394855,1.0,1.0,1.0,-0.0202919299076771,-0.0202919299076772,170103.20070127968,0.99652159187881,0.99652159187881,0.0034784081211900464,0.0,0.0,0.0,0.0,0.0
2015-08-21,191362.97112138983,-0.1200770399705624,0.75,1.0,1.0,-0.0268779844072363,-0.0268779844072362,165531.16952520973,0.9964255169799326,0.9964255169799326,0.003574483020067354,0.0,0.0,0.0,0.0,0.0
2015-08-24,184347.669970661,-0.15233471509900454,0.5,0.75,1.0,-0.0366596583948247,-0.03690873076757156,159421.62415556252,0.9962894909870468,0.7472171182402851,0.25278288175971486,0.0,0.2490723727467617,0.0,41.22924115719044,41.22924115719044
2015-08-25,181849.8432665096,-0.1638201924318332,0.5,0.5,0.75,-0.0135495431244069,-0.010411216974483967,157761.85103605432,0.9962385247154676,0.4981192623577338,0.5018807376422663,0.0,0.2490596311788669,0.0,39.70549091412034,39.70549091412034
2015-08-26,187361.5854923676,-0.13847616424353915,0.75,0.5,0.5,0.0303093042416335,0.01515465212081675,160152.67700644184,0.9963491785728354,0.4981745892864177,0.5018254107135822,0.0,0.0,0.0,0.0,0.0
2015-08-27,192306.46224774947,-0.11573869018531979,0.75,0.75,0.5,0.02639215900307,0.01294696873802106,162226.16870895465,0.9964430540557612,0.7473322905418209,0.25266770945817907,0.0,0.2491107635139403,0.0,39.8957556478762,39.8957556478762
2015-08-28,192580.0691004861,-0.11448059437747604,0.75,0.75,0.75,0.0014227647346769,0.001067073551007675,162399.27596286527,0.9964481075630618,0.7473360806722964,0.2526639193277036,0.0,0.0,0.0,0.0,0.0
2015-08-31,191000.57785980633,-0.12174339239788234,0.75,0.75,0.75,-0.0082017378436787,-0.006151303382759099,161400.30874727727,0.996418734966105,0.7473140512245787,0.2526859487754213,0.0,0.0,0.0,0.0,0.0
2015-09-01,185808.4951637651,-0.14561756590096897,0.75,0.75,0.75,-0.0271835967944149,-0.020387697595811174,158109.72806066723,0.9963186629850256,0.7472389972387692,0.2527610027612308,0.0,0.0,0.0,0.0,0.0
2015-09-02,189637.78094644577,-0.12800978911453098,0.75,0.75,0.75,0.0206087766832494,0.015456582512437051,160553.56411845592,0.9963929988658946,0.747294749149421,0.25270525085057904,0.0,0.0,0.0,0.0,0.0
2015-09-03,189949.7904390772,-0.12657511074021077,0.75,0.75,0.75,0.0016452918351725,0.001233968876379525,160751.6822195699,0.9963989236873496,0.7472991927655122,0.25270080723448785,0.0,0.0,0.0,0.0,0.0
2015-09-04,187101.65427896453,-0.1396713768876644,0.75,0.75,0.75,-0.0149941526838702,-0.01124561451290265,158943.930769028,0.9963441066644808,0.7472580799983606,0.2527419200016394,0.0,0.0,0.0,0.0,0.0
2015-09-08,192152.364315299,-0.11644726148342233,0.75,0.75,0.75,0.0269944702295574,0.020245852672168052,162161.88617451303,0.9964402015380844,0.7473301511535633,0.25266984884643673,0.0,0.0,0.0,0.0,0.0
2015-09-09,190226.97781691348,-0.12530055100402337,0.75,0.75,0.75,-0.0100201030845823,-0.007515077313436801,160943.2270626188,0.9964041709604332,0.7473031282203249,0.25269687177967515,0.0,0.0,0.0,0.0,0.0
2015-09-10,190402.10070573373,-0.12449530299916323,0.75,0.75,0.75,0.0009205996480099,0.000690449736007425,161054.35027125638,0.996407478234706,0.7473056086760295,0.25269439132397054,0.0,0.0,0.0,0.0,0.0
2015-09-11,191187.31601556108,-0.1208847352094029,0.75,0.75,0.75,0.0041239844881801,0.003092988366135075,161552.48950296082,0.9964222328907668,0.747316674668075,0.25268332533192495,0.0,0.0,0.0,0.0,0.0
2015-09-14,189974.29733364127,-0.12646242342625658,0.75,0.75,0.75,-0.0063446608655831,-0.004758495649187325,160783.7426845456,0.9963993882301786,0.747299541172634,0.252700458827366,0.0,0.0,0.0,0.0,0.0
2015-09-15,192898.2917606153,-0.11301734668954311,0.75,0.75,0.75,0.0153915264749673,0.011543644856225325,162639.77310875073,0.9964539670896,0.7473404753171999,0.25265952468280006,0.0,0.0,0.0,0.0,0.0
2015-09-16,194555.26801045236,-0.10539825801261082,0.75,0.75,0.75,0.0085898959224239,0.0064424219418178505,163687.56715163882,0.9964841677229408,0.7473631257922055,0.25263687420779446,0.0,0.0,0.0,0.0,0.0
2015-09-17,193697.11742568397,-0.10934419592460842,0.75,0.75,0.75,-0.004410831911898,-0.0033081239339233497,163146.06839305878,0.9964685912726322,0.7473514434544741,0.25264855654552587,0.0,0.0,0.0,0.0,0.0
2015-09-18,189470.14097013295,-0.12878062927922962,0.75,0.75,0.75,-0.0218226089873162,-0.016366956740487222,160475.863749289,0.9963898074522948,0.747292355589221,0.252707644410779,0.0,0.0,0.0,0.0,0.0
2015-09-21,190341.4624879452,-0.12477412893803075,0.75,0.75,0.75,0.0045987273422125,0.0034490455066592245,161029.35230608075,0.9964063337435668,0.7473047503076751,0.25269524969232493,0.0,0.0,0.0,0.0,0.0
2015-09-22,187409.93013494133,-0.13825386647743654,0.75,0.75,0.75,-0.0154014386286934,-0.01155107897152006,159169.28954086048,0.7941735723923481,0.5956301792942611,0.4043698207057389,0.14944650019388608,0.0,24.065273130632058,0.0,24.065273130632058
2015-09-23,185865.26668161055,-0.14535651977623965,0.75,0.75,0.75,-0.0082421643944831,-0.00618162329586225,158185.36495264884,0.792463018472665,0.5943472638544988,0.40565273614550124,0.0,0.0,0.0,0.0,0.0
2015-09-24,185001.05231911983,-0.14933034007954382,0.75,0.75,0.75,-0.0046496818793534,-0.00348726140951515,157633.73123389942,0.4031572517530474,0.3023679388147855,0.6976320611852145,0.2901881665227253,0.0,45.90352102633733,0.0,45.90352102633733
2015-09-25,185151.1001379201,-0.1486403919663274,0.75,0.75,0.75,0.0008110646773045,0.0006082985079784501,157729.61959741608,0.4036409375236127,0.3027307031427095,0.6972692968572904,0.0,0.0,0.0,0.0,0.0
2015-09-28,183570.53660844025,-0.1559081205724654,0.5,0.75,0.75,-0.0085366143020617,-0.006402460726546351,156719.76190253053,0.9993465371978856,0.7495099028984142,0.25049009710158576,0.4463370464791523,0.0,70.40057255339089,0.0,70.40057255339089
2015-09-29,184475.03954617347,-0.15174904581698057,0.5,0.5,0.75,0.0049272772986581,0.003445620538692902,157259.7587329609,0.9993497412032928,0.4996748706016464,0.5003251293983536,0.0,0.2498374353008232,0.0,39.15446337468389,39.15446337468389
2015-09-30,187905.03164600764,-0.13597729654031854,0.75,0.5,0.5,0.0185932585149313,0.00929662925746545,158721.74440701972,0.9993616109361892,0.4996808054680946,0.5003191945319054,0.0,0.0,0.0,0.0,0.0
2015-10-01,189013.0024027301,-0.13088263845590342,0.75,0.75,0.5,0.0058964400634557,0.0026983786934544913,159150.03578031555,0.9993653530936342,0.7495240148202256,0.25047598517977443,0.0,0.24984133827340854,0.0,39.655253035739705,39.655253035739705
2015-10-02,192758.86845235227,-0.11365844130353764,0.75,0.75,0.75,0.0198180336908295,0.0148635252681222,161515.5663585588,0.999377686130859,0.7495332645981443,0.2504667354018557,0.0,0.0,0.0,0.0,0.0
2015-10-05,197959.70138464257,-0.08974403256718655,1.0,0.75,0.75,0.0269810306215607,0.020235772966170452,164783.95868989304,0.9993940356729234,0.7495455267546925,0.25045447324530745,0.0,0.0,0.0,0.0,0.0
2015-10-06,199440.54749035183,-0.08293482344460668,1.0,1.0,0.75,0.0074805432386055,0.005360557795214731,165667.29262417447,0.9993985349581752,0.9993985349581752,0.0006014650418247891,0.0,0.2498496337395438,0.0,41.171211724821895,41.171211724821895
2015-10-07,202073.29326898605,-0.07082896281250306,1.0,1.0,1.0,0.0132006545898675,0.0132006545898674,167854.2093309447,0.9994063712463074,0.9994063712463074,0.000593628753692621,0.0,0.0,0.0,0.0,0.0
2015-10-08,204894.25355745247,-0.05785765643798879,1.0,1.0,1.0,0.0139600846941776,0.0139600846941776,170197.4683094789,0.9994145442580498,0.9994145442580498,0.000585455741950236,0.0,0.0,0.0,0.0,0.0
2015-10-09,205067.67345344796,-0.05706023911467828,1.0,1.0,1.0,0.0008463873094755,0.0008463873094753535,170341.52128676086,0.8042919823077639,0.8042919823077639,0.1957080176922361,0.1954836904232464,0.0,33.270829205830466,0.0,33.270829205830466
2015-10-12,204000.17729591095,-0.061968787373809286,1.0,1.0,1.0,-0.005205579892529,-0.0052055798925289,169454.7948886877,0.8032678775268028,0.8032678775268028,0.19673212247319716,0.0,0.0,0.0,0.0,0.0
2015-10-13,203091.6981097067,-0.06614614566818322,1.0,1.0,1.0,-0.0044533254737642,-0.0044533254737642,168700.15753395844,0.8023878462887553,0.8023878462887553,0.19761215371124474,0.0,0.0,0.0,0.0,0.0
2015-10-14,203654.3213696027,-0.06355909802083526,1.0,1.0,1.0,0.0027702917703316,0.0027702917703314,169167.50619202838,0.8029337772239221,0.8029337772239221,0.19706622277607788,0.0,0.0,0.0,0.0,0.0
2015-10-15,204421.29798834148,-0.06003239516563197,1.0,1.0,1.0,0.0037660709263658,0.0037660709263657,169804.60301878396,0.8036731580355098,0.8036731580355098,0.19632684196449024,0.0,0.0,0.0,0.0,0.0
2015-10-16,204275.4193014505,-0.060703172825605,1.0,1.0,1.0,-0.0007136178486611,-0.0007136178486611,169683.4274232849,0.803532955645985,0.803532955645985,0.19646704435401496,0.0,0.0,0.0,0.0,0.0
2015-10-19,203410.84313067055,-0.06467865679152363,1.0,1.0,1.0,-0.0042324043379105,-0.004232404337910534,168965.2585489871,1.0,1.0,0.0,0.1962707735804346,0.0,33.30389756414766,0.0,33.30389756414766
2015-10-20,203776.16329262723,-0.06299884592537941,1.0,1.0,1.0,0.0017959719173965,0.0017959719173965783,169268.71540835671,0.8052264405939579,0.8052264405939579,0.19477355940604213,0.1953186859349216,0.0,33.00207226844245,0.0,33.00207226844245
2015-10-21,202062.67538201215,-0.070877785855334,1.0,1.0,1.0,-0.0084086768684247,-0.0084086768684246,167845.38947655453,0.8035747642577976,0.8035747642577976,0.1964252357422024,0.0,0.0,0.0,0.0,0.0
2015-10-22,205775.79688408287,-0.05380415429586971,1.0,1.0,1.0,0.0183760879887926,0.0183760879887925,170929.73112208885,0.8071191595532002,0.8071191595532002,0.19288084044679976,0.0,0.0,0.0,0.0,0.0
2015-10-23,207214.27211297367,-0.04718977444005268,1.0,1.0,1.0,0.0069904976711188,0.0069904976711189,172124.61500942276,0.8084581325316594,0.8084581325316594,0.19154186746834057,0.0,0.0,0.0,0.0,0.0
2015-10-26,205854.0212930388,-0.053444463739897974,1.0,1.0,1.0,-0.0065644649186773,-0.0065644649186772895,170994.7090125526,1.0,1.0,0.0,0.1913505169513891,0.0,32.93613406211189,0.0,32.93613406211189
2015-10-27,205608.90551545084,-0.054571552221547304,1.0,1.0,1.0,-0.0011907262051442,-0.0011907262051442,170791.10113159035,1.0,1.0,0.0,0.0,0.0,0.0,0.0,0.0
2015-10-28,208991.4614725819,-0.03901792325758269,1.0,1.0,1.0,0.0164514078252162,0.0164514078252163,173600.8551892239,1.0,1.0,0.0,0.0,0.0,0.0,0.0,0.0
2015-10-29,208994.99594494508,-0.0390016710883897,1.0,1.0,1.0,1.6912041947980683e-05,1.6912041947729182e-05,173603.79113416903,1.0,1.0,0.0,0.0,0.0,0.0,0.0,0.0
2015-10-30,208724.61363164592,-0.0402449398569692,1.0,1.0,1.0,-0.0012937262544333,-0.0012937262544333,173379.1953517096,1.0,1.0,0.0,0.0,0.0,0.0,0.0,0.0
2015-11-02,211214.70463177853,-0.028795032747252258,1.0,1.0,1.0,0.0119300304684097,0.0119300304684099,175447.61443484388,1.0,1.0,0.0,0.0,0.0,0.0,0.0,0.0
2015-11-03,211787.3196392847,-0.02616204116372134,1.0,1.0,1.0,0.0027110565455394,0.0027110565455393,175923.26283835672,1.0,1.0,0.0,0.0,0.0,0.0,0.0,0.0
2015-11-04,210735.52428091748,-0.03099839419302608,1.0,1.0,1.0,-0.0049662810793328,-0.0049662810793328,175049.5784667081,1.0,1.0,0.0,0.0,0.0,0.0,0.0,0.0
2015-11-05,209985.07517027433,-0.034449100455157144,1.0,1.0,1.0,-0.0035610944723433,-0.0035610944723433,174426.21038044427,1.0,1.0,0.0,0.0,0.0,0.0,0.0,0.0
2015-11-06,210444.87466240773,-0.032334855845726374,1.0,1.0,1.0,0.0021896770128093,0.0021896770128093,174808.1474437458,1.0,1.0,0.0,0.0,0.0,0.0,0.0,0.0
2015-11-09,208769.15604556663,-0.04004012545387803,1.0,1.0,1.0,-0.0079627437804282,-0.0079627437804283,173416.19495491992,1.0,1.0,0.0,0.0,0.0,0.0,0.0,0.0
2015-11-10,208230.4373004043,-0.04251725564311348,1.0,1.0,1.0,-0.0025804518031616,-0.0025804518031618,172968.70282195104,1.0,1.0,0.0,0.0,0.0,0.0,0.0,0.0
2015-11-11,207610.3202644125,-0.04536867049457105,1.0,1.0,1.0,-0.0029780326259277,-0.0029780326259276,172453.5963816829,1.0,1.0,0.0,0.0,0.0,0.0,0.0,0.0
2015-11-12,203586.95960547417,-0.06386884009129667,1.0,1.0,1.0,-0.019379386601852,-0.019379386601852,169111.55146652253,1.0,1.0,0.0,0.0,0.0,0.0,0.0,0.0
2015-11-13,204786.5083582117,-0.05835308914416659,1.0,1.0,1.0,0.0058920706663241,0.0058920706663242,170107.968678255,1.0,1.0,0.0,0.0,0.0,0.0,0.0,0.0
2015-11-16,207234.37769987987,-0.047097325167134496,1.0,1.0,1.0,0.0119532744676049,0.0119532744676049,172141.31591699296,1.0,1.0,0.0,0.0,0.0,0.0,0.0,0.0
2015-11-17,207111.29095074825,-0.047663301207335085,1.0,1.0,1.0,-0.0005939494715971,-0.0005939494715972,172039.072673364,1.0,1.0,0.0,0.0,0.0,0.0,0.0,0.0
2015-11-18,210833.22659086823,-0.030549140582101342,1.0,1.0,1.0,0.0179707036880238,0.017970703688024,175130.73587113942,1.0,1.0,0.0,0.0,0.0,0.0,0.0,0.0
2015-11-19,209832.57500603783,-0.03515032491427583,1.0,1.0,1.0,-0.0047461759278208,-0.004746175927821,174299.53458832626,1.0,1.0,0.0,0.0,0.0,0.0,0.0,0.0
2015-11-20,210044.08183116335,-0.03417777672200928,1.0,1.0,1.0,0.0010079789809538,0.0010079789809536,174475.2248555813,1.0,1.0,0.0,0.0,0.0,0.0,0.0,0.0
2015-11-23,210312.32184536464,-0.032944358647910676,1.0,1.0,1.0,0.0012770653277291,0.0012770653277292,174698.0411157921,1.0,1.0,0.0,0.0,0.0,0.0,0.0,0.0
2015-11-24,211810.8194657765,-0.02605398453831631,1.0,1.0,1.0,0.0071251061624133,0.0071251061624133,175942.78320510776,1.0,1.0,0.0,0.0,0.0,0.0,0.0,0.0
2015-11-25,211531.60096798695,-0.027337883746351155,1.0,1.0,1.0,-0.0013182447360045,-0.0013182447360044,175710.84755730967,1.0,1.0,0.0,0.0,0.0,0.0,0.0,0.0
2015-11-27,211597.63130396165,-0.027034263833145777,1.0,1.0,1.0,0.0003121535301229,0.0003121535301228,175765.69631865554,1.0,1.0,0.0,0.0,0.0,0.0,0.0,0.0
2015-11-30,211170.22625553017,-0.028999552693072528,1.0,1.0,1.0,-0.0020198952407814,-0.0020198952407814,175410.66802516888,1.0,1.0,0.0,0.0,0.0,0.0,0.0,0.0
2015-12-01,213032.99437902163,-0.020434194246420234,1.0,1.0,1.0,0.0088211683840193,0.0088211683840195,176957.99506417225,1.0,1.0,0.0,0.0,0.0,0.0,0.0,0.0
2015-12-02,210484.3313811483,-0.03215342642631569,1.0,1.0,1.0,-0.0119637007652383,-0.0119637007652384,174840.92256320795,1.0,1.0,0.0,0.0,0.0,0.0,0.0,0.0
2015-12-03,207764.93045946572,-0.044657743716601805,1.0,1.0,1.0,-0.0129197309074672,-0.0129197309074672,172582.02489207798,1.0,1.0,0.0,0.0,0.0,0.0,0.0,0.0
2015-12-04,211348.86030647112,-0.028178159703901695,1.0,1.0,1.0,0.0172499268239334,0.0172499268239335,175559.05219259262,1.0,1.0,0.0,0.0,0.0,0.0,0.0,0.0
2015-12-07,208187.60439871572,-0.042714209387192614,1.0,1.0,1.0,-0.0149575252176489,-0.0149575252176489,172933.12324223536,1.0,1.0,0.0,0.0,0.0,0.0,0.0,0.0
2015-12-08,205652.2690252247,-0.054372158641619706,1.0,1.0,1.0,-0.0121781283799943,-0.0121781283799944,170827.12146623802,1.0,1.0,0.0,0.0,0.0,0.0,0.0,0.0
2015-12-09,208557.35721459595,-0.04101401634398283,1.0,1.0,1.0,0.0141262151064081,0.0141262151064081,173240.2621300786,1.0,1.0,0.0,0.0,0.0,0.0,0.0,0.0
2015-12-10,208029.1896474717,-0.04344263023063022,1.0,1.0,1.0,-0.0025324811082103,-0.0025324811082102,172801.53443905278,1.0,1.0,0.0,0.0,0.0,0.0,0.0,0.0
2015-12-11,203152.17227491253,-0.06586807407396933,1.0,1.0,1.0,-0.0234439089092439,-0.0234439089092441,168750.39100628602,1.0,1.0,0.0,0.0,0.0,0.0,0.0,0.0
2015-12-14,201496.0846085902,-0.07348307687664946,1.0,1.0,1.0,-0.0081519564756672,-0.0081519564756671,167374.74516355095,1.0,1.0,0.0,0.0,0.0,0.0,0.0,0.0
2015-12-15,203175.77275649423,-0.06575955461751548,1.0,1.0,1.0,0.0083360833098413,0.008336083309841306,168769.99498319777,1.0,1.0,0.0,0.3874854697351934,0.0,64.85528175150684,0.0,64.85528175150684
2015-12-16,205573.80739548756,-0.05473293998339368,1.0,1.0,1.0,0.0118027587957909,0.0118027587957907,170761.94652595127,1.0,1.0,0.0,0.0,0.0,0.0,0.0,0.0
2015-12-17,202217.8273189387,-0.07016436804626314,1.0,1.0,1.0,-0.0163249400255184,-0.0163249400255184,167974.26799027433,1.0,1.0,0.0,0.0,0.0,0.0,0.0,0.0
2015-12-18,199375.73883822197,-0.08323282582554514,1.0,1.0,1.0,-0.0140545891447751,-0.0140545891447751,165613.45866677669,1.0,1.0,0.0,0.0,0.0,0.0,0.0,0.0
2015-12-21,201115.57837541023,-0.0752327161566384,1.0,1.0,1.0,0.0087264355599454,0.0087264355599454,167058.67384169198,1.0,1.0,0.0,0.0,0.0,0.0,0.0,0.0
2015-12-22,203285.69235645863,-0.06525412360753924,1.0,1.0,1.0,0.0107903823193526,0.0107903823193526,168861.3008022079,1.0,1.0,0.0,0.0,0.0,0.0,0.0,0.0
2015-12-23,207002.1012216211,-0.048165376133823545,1.0,1.0,1.0,0.0182817040495193,0.018281704049519454,171948.37312889076,0.391902378384528,0.391902378384528,0.608097621615472,0.6198345168839466,0.0,104.66606280313135,0.0,104.66606280313135
2015-12-24,207117.19272937404,-0.04763616371836621,1.0,1.0,1.0,0.0005559919782154,0.0005559919782154,172043.9750450176,0.392240287909133,0.392240287909133,0.607759712090867,0.0,0.0,0.0,0.0,0.0
2015-12-28,206738.49496399224,-0.04937748732302494,1.0,1.0,1.0,-0.0018284226451283,-0.0018284226451283,171729.4059450874,0.3911270107475769,0.3911270107475769,0.6088729892524232,0.0,0.0,0.0,0.0,0.0
2015-12-29,207669.40246463037,-0.045096999417371,1.0,1.0,1.0,0.0045028261466266,0.0045028261466268,172502.67360432167,0.3938563701327545,0.3938563701327545,0.6061436298672456,0.0,0.0,0.0,0.0,0.0
2015-12-30,207088.92878940495,-0.04776612663425306,1.0,1.0,1.0,-0.0027951815160842,-0.0027951815160842,172020.49731958774,0.3921573395636152,0.3921573395636152,0.6078426604363848,0.0,0.0,0.0,0.0,0.0
2015-12-31,206223.58294559253,-0.05174514970164468,1.0,1.0,1.0,-0.00417861953737,-0.0041786195373701,171301.68910866,0.3896067383550264,0.3896067383550264,0.6103932616449737,0.0,0.0,0.0,0.0,0.0
2016-01-04,204572.83276778783,-0.05933560972748542,1.0,1.0,1.0,-0.0080046624844074,-0.0080046624844075,169930.47690433628,0.3846813200012856,0.3846813200012856,0.6153186799987145,0.0,0.0,0.0,0.0,0.0
2016-01-05,204850.74181841893,-0.058057731603952445,1.0,1.0,1.0,0.0013584846378233,0.0013584846378235,170161.3248467088,0.3855160869573437,0.3855160869573437,0.6144839130426563,0.0,0.0,0.0,0.0,0.0
2016-01-06,203935.1043808267,-0.062268004885552175,1.0,1.0,1.0,-0.0044697784809774,-0.0044697784809774,169400.74141861437,0.3827571481405653,0.3827571481405653,0.6172428518594347,0.0,0.0,0.0,0.0,0.0
2016-01-07,201987.9429210242,-0.07122141977728591,1.0,1.0,1.0,-0.0095479464691198,-0.009547946469119816,167783.31220772024,0.9776472542115278,0.9776472542115278,0.02235274578847224,0.5945090198713172,0.0,100.71026874625487,0.0,100.71026874625487
2016-01-08,199023.97495902277,-0.08485030235197322,1.0,1.0,1.0,-0.014673984591052,-0.0146739845910519,165321.26246974853,0.9773143655613366,0.9773143655613366,0.02268563443866345,0.0,0.0,0.0,0.0,0.0
2016-01-11,198270.3593603482,-0.08831556872207702,1.0,1.0,1.0,-0.0037865568649693,-0.003786556864969279,164695.2641084183,0.7765430887405925,0.7765430887405925,0.22345691125940748,0.200125269789179,0.0,33.084962253646104,0.0,33.084962253646104
2016-01-12,199310.5266963652,-0.08353268352819365,1.0,1.0,1.0,0.0052462069437546,0.0052462069437547,165559.28954658742,0.7777092719018732,0.7777092719018732,0.22229072809812678,0.0,0.0,0.0,0.0,0.0
2016-01-13,194750.27301542915,-0.10450158829540168,0.75,1.0,1.0,-0.0228801446492752,-0.0228801446492752,161771.26905373024,0.7725041335708623,0.7725041335708623,0.22749586642913766,0.0,0.0,0.0,0.0,0.0
2016-01-14,197130.07961615277,-0.09355878961217057,1.0,0.75,1.0,0.0122197856972199,0.012117302790864143,163731.50050371664,0.9965417272756344,0.7474062954567258,0.25259370454327423,0.43995757638994826,0.2491354318189086,71.17249546240542,40.30295497159393,111.47545043399936
2016-01-15,193976.63517079744,-0.10805892072105316,0.75,1.0,0.75,-0.0159967695011113,-0.012246698502517646,161726.33018168277,0.9964855067369928,0.9964855067369928,0.0035144932630072345,0.0,0.2491213766842482,0.0,40.789016812063565,40.789016812063565
2016-01-19,192400.13180501497,-0.11530797993029651,0.75,0.75,1.0,-0.008127284837137,-0.008376399014488367,160371.6459089321,0.9964567094050668,0.7473425320538001,0.2526574679461999,0.0,0.2491141773512667,0.0,40.28832169924924,40.28832169924924
2016-01-20,192404.3141750695,-0.1152887486055697,0.75,0.75,0.75,2.1737875204985713e-05,1.6303406403752485e-05,160374.260513051,0.7994690468437937,0.5996017851328452,0.40039821486715477,0.14789190816674752,0.0,23.71766872931394,0.0,23.71766872931394
2016-01-21,192280.5764574762,-0.11585771792128385,0.75,0.75,0.75,-0.0006431130098295,-0.00048233475737212504,160296.9064330177,0.7993399997871045,0.5995049998403283,0.40049500015967165,0.0,0.0,0.0,0.0,0.0
2016-01-22,195061.97659824893,-0.10306831655197446,0.75,0.75,0.75,0.0144653203772135,0.010848990282910032,162035.96601329008,1.0,0.75,0.25,0.15034465550416756,0.0,24.099783176055833,0.0,24.099783176055833
2016-01-25,191581.02030698943,-0.11907440877341668,0.75,0.75,0.75,-0.0178453861278607,-0.013384039595895457,159867.27022820903,0.7994662560539549,0.5995996920404663,0.40040030795953374,0.14786422061085758,0.0,23.959321825482547,0.0,23.959321825482547
2016-01-26,194561.22514774837,-0.10537086597405665,0.75,0.75,0.75,0.0155558459600197,0.01166688447001486,161732.42320049822,0.6003162255493953,0.4502371691620465,0.5497628308379535,0.15417976706654093,0.0,24.648298485349024,0.0,24.648298485349024
2016-01-27,192955.39800907727,-0.11275476141043528,0.75,0.75,0.75,-0.0082535825802476,-0.006190186935185775,160731.26926740655,0.596989948811239,0.44774246160842923,0.5522575383915708,0.0,0.0,0.0,0.0,0.0
2016-01-28,192932.2645297076,-0.11286113350281779,0.75,0.75,0.75,-0.0001198902938625,-8.991772039672501e-05,160716.81667807756,0.5969416260243393,0.4477062195182545,0.5522937804817455,0.0,0.0,0.0,0.0,0.0
2016-01-29,196632.34714491316,-0.09584745719937116,1.0,0.75,0.75,0.019178143294098,0.014383607470573422,163028.50428309516,1.0,0.75,0.25,0.30199178869305243,0.0,48.535158941666054,0.0,48.535158941666054
2016-02-01,195817.72947623345,-0.09959322256931957,1.0,1.0,0.75,-0.0041428466908314,-0.0033571350181234747,162481.19558241408,1.0,1.0,0.0,0.0,0.25,0.0,40.75712607077379,40.75712607077379
2016-02-02,191653.09244912124,-0.11874300749829725,0.75,1.0,1.0,-0.0212679262406506,-0.0212679262406506,159025.55749927458,1.0,1.0,0.0,0.0,0.0,0.0,0.0,0.0
2016-02-03,192458.87165838177,-0.11503788302835494,0.75,0.75,1.0,0.0042043632010499,0.0039543632010499,159654.40231187615,1.0,0.75,0.25,0.0,0.25,0.0,39.756389374818646,39.756389374818646
2016-02-04,193718.12157706777,-0.10924761488309231,0.75,0.75,0.75,0.0065429559460432,0.004907216959532475,160437.86110256502,1.0,0.75,0.25,0.0,0.0,0.0,0.0,0.0
2016-02-05,189106.74834154663,-0.1304515769841319,0.75,0.75,0.75,-0.0238045527077163,-0.017853414530787225,157573.49746186807,1.0,0.75,0.25,0.0,0.0,0.0,0.0,0.0
2016-02-08,186309.43996210225,-0.14331412742914174,0.75,0.75,0.75,-0.0147922187017472,-0.011094164026310326,155825.3512348267,1.0,0.75,0.25,0.0,0.0,0.0,0.0,0.0
2016-02-09,185540.2368064387,-0.14685106832020944,0.75,0.75,0.75,-0.0041286322143415,-0.0030964741607562,155342.84206113731,1.0,0.75,0.25,0.0,0.0,0.0,0.0,0.0
2016-02-10,185417.6459083982,-0.14741476434376266,0.75,0.75,0.75,-0.0006607240572211,-0.0004955430429158251,155265.86299648712,1.0,0.75,0.25,0.0,0.0,0.0,0.0,0.0
2016-02-11,183074.7480409524,-0.15818784972432898,0.5,0.75,0.75,-0.0126357869336949,-0.0094768402002711,153794.43322431223,1.0,0.75,0.25,0.0,0.0,0.0,0.0,0.0
2016-02-12,186557.0291971553,-0.14217566552450767,0.75,0.5,0.75,0.0190210894373261,0.014115137607353914,155965.2628125184,0.8033296889722293,0.40166484448611467,0.5983351555138854,0.1003059032049533,0.20083242224305733,15.42648953245852,30.886908551936763,46.31339808439528
2016-02-16,189973.91358409668,-0.12646418797889292,0.75,0.75,0.5,0.0183154952758728,0.008956030884125856,157362.09252311813,0.8068670152421764,0.6051502614316323,0.3948497385683677,0.0,0.2017167538105441,0.0,31.460806521749582,31.460806521749582
2016-02-17,192365.76659362475,-0.11546599764057408,0.75,0.75,0.75,0.0125904286772997,0.00944282150797485,158848.03467493536,0.8092684077508966,0.6069513058131725,0.39304869418682753,0.0,0.0,0.0,0.0,0.0
2016-02-18,191787.3021575876,-0.11812588599748453,0.75,0.75,0.75,-0.0030071069623276,-0.0022553302217457752,158489.77990166805,0.808693127522729,0.6065198456420468,0.39348015435795325,0.0,0.0,0.0,0.0,0.0
2016-02-19,192289.15065438492,-0.11581829215004102,0.75,0.75,0.75,0.0026166930299953,0.001962519772496475,158800.81922846366,0.8091924124072533,0.60689430930544,0.39310569069456003,0.0,0.0,0.0,0.0,0.0
2016-02-22,194252.52910071687,-0.10679030850184346,0.75,0.75,0.75,0.0102105523876427,0.0076579142907321745,160016.9022914133,0.8111209716214396,0.6083407287160797,0.3916592712839203,0.0,0.0,0.0,0.0,0.0
2016-02-23,192777.49485875585,-0.1135727935809856,0.75,0.75,0.75,-0.0075933850065665,-0.00569503875492495,159105.59983142067,0.8096757664399383,0.6072568248299537,0.3927431751700463,0.0,0.0,0.0,0.0,0.0
2016-02-24,193922.94767731667,-0.10830578592127094,0.75,0.75,0.75,0.0059418389029284,0.0044563791771963,159814.63471348473,0.8107999625826999,0.6080999719370249,0.3919000280629751,0.0,0.0,0.0,0.0,0.0
2016-02-25,195520.71252123915,-0.10095896243365166,0.75,0.75,0.75,0.0082391736669613,0.006179380250220974,160802.19011092954,0.8123460758530336,0.6092595568897752,0.3907404431102248,0.0,0.0,0.0,0.0,0.0
2016-02-26,196326.4991601442,-0.09725380380080562,1.0,0.75,0.75,0.0041212341573146,0.0030909256179858747,161299.21771977164,0.8131162674749622,0.6098372006062217,0.3901627993937783,0.0,0.0,0.0,0.0,0.0
2016-02-29,195504.45827691103,-0.10103370250848653,0.75,1.0,0.75,-0.0041871111986906,-0.003437007657890223,160744.83107325708,1.0,1.0,0.0,0.1866970354895482,0.25,30.114085775064567,40.32480442994291,70.43889020500748
2016-03-01,200078.05627724805,-0.08000343804897203,1.0,0.75,1.0,0.0233938296888298,0.0231438296888299,164465.0820669763,1.0,0.75,0.25,0.0,0.25,0.0,40.18620776831427,40.18620776831427
2016-03-02,201775.5794313792,-0.07219790707425655,1.0,1.0,0.75,0.0084843045045324,0.0061132283783993,165470.4946739239,1.0,1.0,0.0,0.0,0.25,0.0,41.11627051674407,41.11627051674407
2016-03-03,203612.17706806492,-0.06375288545181101,1.0,1.0,1.0,0.0091021799657886,0.0091021799657887,166976.63689547405,1.0,1.0,0.0,0.0,0.0,0.0,0.0,0.0
2016-03-04,204620.03712373044,-0.05911855521394027,1.0,1.0,1.0,0.0049499006895279,0.0049499006895278,167803.15466557795,1.0,1.0,0.0,0.0,0.0,0.0,0.0,0.0
2016-03-07,206079.27406894584,-0.052408709078640925,1.0,1.0,1.0,0.0071314469771748,0.0071314469771749,168999.8339656782,1.0,1.0,0.0,0.0,0.0,0.0,0.0,0.0
2016-03-08,201827.3306008562,-0.07195994545626783,1.0,1.0,1.0,-0.0206325623345661,-0.0206325623345661,165512.93435685002,1.0,1.0,0.0,0.0,0.0,0.0,0.0,0.0
2016-03-09,202634.7090717817,-0.06824746728017306,1.0,1.0,1.0,0.0040003426122807,0.0040003426122805,166175.04280104133,1.0,1.0,0.0,0.0,0.0,0.0,0.0,0.0
2016-03-10,201531.93165352356,-0.07331824541682619,1.0,1.0,1.0,-0.0054421941004562,-0.0054421941004561,165270.68596346644,1.0,1.0,0.0,0.0,0.0,0.0,0.0,0.0
2016-03-11,205739.87897143693,-0.053969311618774385,1.0,1.0,1.0,0.020879804422992,0.020879804422992,168721.50556323738,1.0,1.0,0.0,0.0,0.0,0.0,0.0,0.0
2016-03-14,205332.58427381865,-0.05584212930044197,1.0,1.0,1.0,-0.001979658487477,-0.001979658487477,168387.4946027292,1.0,1.0,0.0,0.0,0.0,0.0,0.0,0.0
2016-03-15,203348.18249685335,-0.06496678217995511,1.0,1.0,1.0,-0.0096643296239772,-0.0096643296239773,166760.14235033272,1.0,1.0,0.0,0.0,0.0,0.0,0.0,0.0
2016-03-16,204274.86383182343,-0.06070572697950227,1.0,1.0,1.0,0.0045571163882147,0.004557116388215,167520.0877279385,1.0,1.0,0.0,0.0,0.0,0.0,0.0,0.0
2016-03-17,207554.5833984527,-0.04562495909518549,1.0,1.0,1.0,0.0160554240747377,0.0160554240747377,170209.6937774478,1.0,1.0,0.0,0.0,0.0,0.0,0.0,0.0
2016-03-18,209402.3632485975,-0.037128519550511,1.0,1.0,1.0,0.008902621276243,0.0089026212762429,171725.0062186937,1.0,1.0,0.0,0.0,0.0,0.0,0.0,0.0
2016-03-21,209286.0957787687,-0.03766313926093556,1.0,1.0,1.0,-0.0005552347548761,-0.0005552347548761,171629.65852695977,1.0,1.0,0.0,0.0,0.0,0.0,0.0,0.0
2016-03-22,208766.75161292384,-0.0400511814877379,1.0,1.0,1.0,-0.0024815034363,-0.0024815034363001,171203.7589395541,1.0,1.0,0.0,0.0,0.0,0.0,0.0,0.0
2016-03-23,205856.13305606812,-0.0534347534560079,1.0,1.0,1.0,-0.0139419641028488,-0.0139419641028485,168816.8422781461,1.0,1.0,0.0,0.0,0.0,0.0,0.0,0.0
2016-03-24,205859.78112793295,-0.05341797893492428,1.0,1.0,1.0,1.7721463095199397e-05,1.7721463094872476e-05,168819.83395958637,1.0,1.0,0.0,0.0,0.0,0.0,0.0,0.0
2016-03-28,206148.27400966483,-0.05209143436387498,1.0,1.0,1.0,0.001401404782183,0.0014014047821831,169056.41888222468,1.0,1.0,0.0,0.0,0.0,0.0,0.0,0.0
2016-03-29,209954.2801203367,-0.034590701891091036,1.0,1.0,1.0,0.0184624689629633,0.0184624689629632,172177.61776882742,1.0,1.0,0.0,0.0,0.0,0.0,0.0,0.0
2016-03-30,210269.9526033329,-0.03313918039761643,1.0,1.0,1.0,0.0015035296390015,0.0015035296390015,172436.49192031554,1.0,1.0,0.0,0.0,0.0,0.0,0.0,0.0
2016-03-31,210442.2081891443,-0.032347116791681896,1.0,1.0,1.0,0.0008192116071683,0.0008192116071683,172577.75389599605,1.0,1.0,0.0,0.0,0.0,0.0,0.0,0.0
2016-04-01,211560.528082703,-0.02720487142815342,1.0,1.0,1.0,0.0053141425533491,0.0053141425533494,173494.85668173624,1.0,1.0,0.0,0.0,0.0,0.0,0.0,0.0
2016-04-04,209803.4519690076,-0.035284238120151135,1.0,1.0,1.0,-0.0083053116269804,-0.0083053116269805,172053.9278313161,1.0,1.0,0.0,0.0,0.0,0.0,0.0,0.0
2016-04-05,207531.92412951737,-0.045729150678733954,1.0,1.0,1.0,-0.0108269326275233,-0.0108269326275232,170191.1115463857,1.0,1.0,0.0,0.0,0.0,0.0,0.0,0.0
2016-04-06,209377.11795964133,-0.03724460214086245,1.0,1.0,1.0,0.0088911324745026,0.0088911324745026,171704.3032651275,1.0,1.0,0.0,0.0,0.0,0.0,0.0,0.0
2016-04-07,206506.00156676088,-0.050446535723978836,1.0,1.0,1.0,-0.0137126560001359,-0.0137126560001359,169349.7812207098,1.0,1.0,0.0,0.0,0.0,0.0,0.0,0.0
2016-04-08,207306.6277325153,-0.04676510591799632,1.0,1.0,1.0,0.003877011610704,0.0038770116107042,170006.3522887727,1.0,1.0,0.0,0.0,0.0,0.0,0.0,0.0
2016-04-11,207084.49572243297,-0.04778651071059303,1.0,1.0,1.0,-0.0010715142709714,-0.0010715142709713,169824.1880561395,1.0,1.0,0.0,0.0,0.0,0.0,0.0,0.0
2016-04-12,209177.96913193312,-0.038160325934951334,1.0,1.0,1.0,0.0101092715907913,0.0101092715907914,171540.98689588465,1.0,1.0,0.0,0.0,0.0,0.0,0.0,0.0
2016-04-13,213363.75695821352,-0.01891328565034245,1.0,1.0,1.0,0.0200106533381645,0.020010653338164562,174973.6341179448,0.5912207429835471,0.5912207429835471,0.4087792570164529,0.4173765735940357,0.0,71.59718934154371,0.0,71.59718934154371
2016-04-14,213474.50866538656,-0.018404028454799715,1.0,1.0,1.0,0.0005190746017598,0.0005190746017596,175064.458487393,0.5914328198298859,0.5914328198298859,0.40856718017011406,0.0,0.0,0.0,0.0,0.0
2016-04-15,213503.83277187528,-0.01826919069370847,1.0,1.0,1.0,0.0001373658460301,0.0001373658460302,175088.50636484296,0.5914889352979015,0.5914889352979015,0.4085110647020985,0.0,0.0,0.0,0.0,0.0
2016-04-18,214164.91274832425,-0.015229420531882476,1.0,1.0,1.0,0.0030963377465702,0.0030963377465701,175630.639516091,0.5927499190956993,0.5927499190956993,0.4072500809043007,0.0,0.0,0.0,0.0,0.0
2016-04-19,214971.04189034615,-0.011522687005238286,1.0,1.0,1.0,0.0037640579480413,0.003764057948041255,176291.7234206811,0.7945171316732396,0.7945171316732396,0.20548286832676044,0.200792970183645,0.0,35.265397763688966,0.0,35.265397763688966
2016-04-20,214791.2222501882,-0.012349531556783422,1.0,1.0,1.0,-0.0008364830843108,-0.0008364830843107,176144.25837613572,0.794345104832226,0.794345104832226,0.20565489516777402,0.0,0.0,0.0,0.0,0.0
2016-04-21,213804.41594118328,-0.01688705270472024,1.0,1.0,1.0,-0.0045942580831143,-0.0045942580831142,175335.006193297,0.7933959123324549,0.7933959123324549,0.20660408766754512,0.0,0.0,0.0,0.0,0.0
2016-04-22,214522.95830939655,-0.013583059649848073,1.0,1.0,1.0,0.0033607461522728,0.003360746152272614,175924.26264071983,0.5915640043576154,0.5915640043576154,0.40843599564238464,0.2034079656412856,0.0,35.664536915480774,0.0,35.664536915480774
2016-04-25,213623.191330688,-0.017720357574323553,1.0,1.0,1.0,-0.0041942689295326,-0.0041942689295327,175186.38897197493,0.5898436985260913,0.5898436985260913,0.4101563014739087,0.0,0.0,0.0,0.0,0.0
2016-04-26,214512.46603278513,-0.013631305112589698,1.0,1.0,1.0,0.0041628191047877,0.004162819104787769,175915.65821888624,0.7917840748641678,0.7917840748641678,0.2082159251358322,0.2008727383686313,0.0,35.190169677712795,0.0,35.190169677712795
2016-04-27,214653.43125777863,-0.01298312047524508,1.0,1.0,1.0,0.0006571423451537,0.0006571423451537506,176031.25984707748,0.5871361325262645,0.5871361325262645,0.4128638674737355,0.2051243770450493,0.0,36.08458980461885,0.0,36.08458980461885
2016-04-28,213310.82649346744,-0.019156669889948352,1.0,1.0,1.0,-0.0062547556609933,-0.0062547556609934,174930.22732803714,0.5845375162038098,0.5845375162038098,0.4154624837961902,0.0,0.0,0.0,0.0,0.0
2016-04-29,212201.10501778795,-0.02425937810965262,1.0,1.0,1.0,-0.0052023682713239,-0.0052023682713237,174020.17586369035,0.5823648242163241,0.5823648242163241,0.4176351757836759,0.0,0.0,0.0,0.0,0.0
2016-05-02,212847.68309512135,-0.02128629040954344,1.0,1.0,1.0,0.0030470061750111,0.0030470061750110223,174550.4164141235,0.3854432873701566,0.3854432873701566,0.6145567126298435,0.1989930880324775,0.0,34.628812175070564,0.0,34.628812175070564
2016-05-03,211205.37442929877,-0.028837934774408103,1.0,1.0,1.0,-0.0077158869757987,-0.007715886975798697,173203.60512949352,0.9815048852588144,0.9815048852588144,0.018495114741185592,0.5956086954081969,0.0,103.96374580337364,0.0,103.96374580337364
2016-05-04,209714.90342761777,-0.03569140098028778,1.0,1.0,1.0,-0.0070569747844175,-0.0070569747844175,171981.31165552448,0.981373438081032,0.981373438081032,0.018626561918968054,0.0,0.0,0.0,0.0,0.0
2016-05-05,209754.8092151929,-0.035507906657851085,1.0,1.0,1.0,0.000190285892528,0.000190285892528,172014.037272911,0.9813769817786756,0.9813769817786756,0.018623018221324394,0.0,0.0,0.0,0.0,0.0
2016-05-06,210455.89493578032,-0.032284182554495944,1.0,1.0,1.0,0.0033424059415398,0.0033424059415399,172588.97801312024,0.9814390201081472,0.9814390201081472,0.01856097989185279,0.0,0.0,0.0,0.0,0.0
2016-05-09,209990.96452993943,-0.03442202007090711,1.0,1.0,1.0,-0.0022091583891377,-0.0022091583891376,172207.7016244699,0.9813979251784998,0.9813979251784998,0.018602074821500225,0.0,0.0,0.0,0.0,0.0
2016-05-10,213172.7032025972,-0.019791786779278397,1.0,1.0,1.0,0.0151517884580416,0.0151517884580414,174816.95629032937,0.98167557301972,0.98167557301972,0.01832442698028003,0.0,0.0,0.0,0.0,0.0
2016-05-11,210988.1539438032,-0.029836755452495534,1.0,1.0,1.0,-0.0102477907629562,-0.0102477907629561,173025.46870044922,0.9814858438210452,0.9814858438210452,0.0185141561789548,0.0,0.0,0.0,0.0,0.0
2016-05-12,210435.87178833867,-0.03237625275523914,1.0,1.0,1.0,-0.0026175979321173,-0.0026175979321174,172572.55759137528,0.9814372540155418,0.9814372540155418,0.018562745984458173,0.0,0.0,0.0,0.0,0.0
2016-05-13,208850.1078721193,-0.039667893718435265,1.0,1.0,1.0,-0.0075356159705243,-0.0075356159705242,171272.11707031552,0.9812963101919164,0.9812963101919164,0.018703689808083568,0.0,0.0,0.0,0.0,0.0
2016-05-16,211454.53545213095,-0.027692245493719736,1.0,1.0,1.0,0.0124703195346513,0.0124703195346511,173407.9350975585,0.9815266784149485,0.9815266784149485,0.01847332158505155,0.0,0.0,0.0,0.0,0.0
2016-05-17,209491.7168786708,-0.03671765474107214,1.0,1.0,1.0,-0.0092824614485723,-0.0092824614485721,171798.28262513893,0.9813535938688818,0.9813535938688818,0.01864640613111823,0.0,0.0,0.0,0.0,0.0
2016-05-18,210268.00306286328,-0.03314814475164307,1.0,1.0,1.0,0.0037055698228014,0.0037055698228014,172434.89315684375,0.981422434335589,0.981422434335589,0.018577565664411044,0.0,0.0,0.0,0.0,0.0
2016-05-19,209005.01533972193,-0.038955600025330384,1.0,1.0,1.0,-0.0060065616486773,-0.0060065616486773,171399.1523407141,0.981310172735924,0.981310172735924,0.018689827264075975,0.0,0.0,0.0,0.0,0.0
2016-05-20,211213.8794057287,-0.028798827291955598,1.0,1.0,1.0,0.0105684739785618,0.0105684739785617,173210.57982217445,0.981505630003977,0.981505630003977,0.018494369996023052,0.0,0.0,0.0,0.0,0.0
2016-05-23,210900.8900642803,-0.030238011195565684,1.0,1.0,1.0,-0.001481859725928,-0.001481859725928,172953.90603983134,0.9814781832697134,0.9814781832697134,0.018521816730286633,0.0,0.0,0.0,0.0,0.0
2016-05-24,214765.42941674244,-0.012468131859758147,1.0,1.0,1.0,0.0183239594260804,0.0183239594260804,176123.10639668733,0.9818114691706504,0.9818114691706504,0.01818853082934957,0.0,0.0,0.0,0.0,0.0
2016-05-25,216807.73169600905,-0.0030772415724873436,1.0,1.0,1.0,0.0095094554315053,0.00950945543150547,177797.94122742492,0.7906241507433353,0.7906241507433353,0.20937584925666475,0.1933717404747297,0.0,34.05723162174344,0.0,34.05723162174344
2016-05-26,217057.29568192805,-0.001929699391679085,1.0,1.0,1.0,0.0011510843454094,0.0011510843454092,178002.60165421778,0.7908648829027013,0.7908648829027013,0.2091351170972987,0.0,0.0,0.0,0.0,0.0
2016-05-27,217956.57356204165,0.0,1.0,1.0,1.0,0.0041430437861502,0.0041430437861503,178740.07422691988,0.7917277638963183,0.7917277638963183,0.20827223610368173,0.0,0.0,0.0,0.0,0.0
2016-05-31,219206.7100355243,0.0,1.0,1.0,1.0,0.0057357135554656,0.0057357135554656,179765.27609356816,0.7929155410347316,0.7929155410347316,0.2070844589652684,0.0,0.0,0.0,0.0,0.0
2016-06-01,218847.0141593223,-0.0016408981100245468,1.0,1.0,1.0,-0.0016408981100245,-0.0016408981100244,179470.2995917782,0.7925751780363993,0.7925751780363993,0.20742482196360068,0.0,0.0,0.0,0.0,0.0
2016-06-02,219345.75842678675,0.0,1.0,1.0,1.0,0.0022789630892625,0.0022789630892626,179879.30578016676,0.7930468167023401,0.7930468167023401,0.20695318329765988,0.0,0.0,0.0,0.0,0.0
2016-06-03,218878.57877574608,-0.0021298777527836155,1.0,1.0,1.0,-0.0021298777527836,-0.0021298777527837,179496.1848485994,0.7926050908994062,0.7926050908994062,0.20739490910059377,0.0,0.0,0.0,0.0,0.0
2016-06-06,219805.2514667429,0.0,1.0,1.0,1.0,0.0042337294776855,0.0042337294776856,180256.123137525,0.7934794430690328,0.7934794430690328,0.20652055693096716,0.0,0.0,0.0,0.0,0.0
2016-06-07,220301.0394726346,0.0,1.0,1.0,1.0,0.0022555785295546,0.0022555785295544,180662.7049786947,0.7939442180666523,0.7939442180666523,0.20605578193334773,0.0,0.0,0.0,0.0,0.0
2016-06-08,220621.66974480063,0.0,1.0,1.0,1.0,0.0014554187893691,0.0014554187893692284,180925.64487405895,0.9944837276908776,0.9944837276908776,0.005516272309122439,0.2003311499878714,0.0,36.19236744830146,0.0,36.19236744830146
2016-06-09,219603.86717696392,-0.004613339065985822,1.0,1.0,1.0,-0.0046133390659859,-0.0046133390659859,180090.97352852277,0.9944581613099516,0.9944581613099516,0.0055418386900484284,0.0,0.0,0.0,0.0,0.0
2016-06-10,215775.06787134375,-0.021967932157630266,1.0,1.0,1.0,-0.0174350267818133,-0.0174350267818133,176951.08258189014,0.9943598247025868,0.9943598247025868,0.00564017529741323,0.0,0.0,0.0,0.0,0.0
2016-06-13,213295.30318902284,-0.03320782842525127,1.0,1.0,1.0,-0.0114923596446253,-0.0114923596446254,174917.49710135325,0.9942942521967908,0.9942942521967908,0.005705747803209205,0.0,0.0,0.0,0.0,0.0
2016-06-14,213399.47017432933,-0.03273567632239127,1.0,1.0,1.0,0.0004883698035027,0.0004883698035028,175002.92152504183,0.9942970373515388,0.9942970373515388,0.005702962648461152,0.0,0.0,0.0,0.0,0.0
2016-06-15,212179.1983700597,-0.0382667368282843,1.0,1.0,1.0,-0.005718251330581,-0.005718251330581,174002.21083617568,0.9942642388275827,0.9942642388275827,0.005735761172417253,0.0,0.0,0.0,0.0,0.0
2016-06-16,211243.57631144987,-0.042507580711353854,1.0,1.0,1.0,-0.0044095842844028,-0.0044095842844028,173234.93342182116,0.9942388344826576,0.9942388344826576,0.005761165517342404,0.0,0.0,0.0,0.0,0.0
2016-06-17,211614.275825784,-0.04082733092100954,1.0,1.0,1.0,0.0017548439616812,0.0017548439616812,173538.9336986887,0.9942489267188784,0.9942489267188784,0.005751073281121566,0.0,0.0,0.0,0.0,0.0
2016-06-20,213930.87749277643,-0.030326994894760873,1.0,1.0,1.0,0.0109472844303739,0.0109472844303739,175438.71376563204,0.9943112035912316,0.9943112035912316,0.005688796408768404,0.0,0.0,0.0,0.0,0.0
2016-06-21,214847.32458577608,-0.02617306434904565,1.0,1.0,1.0,0.004283846744052,0.004283846744052,176190.26632837762,0.9943354695714643,0.9943354695714643,0.005664530428535652,0.0,0.0,0.0,0.0,0.0
2016-06-22,214300.24591169387,-0.0286527784891617,1.0,1.0,1.0,-0.0025463601892039,-0.002546360189204,175741.6224484738,0.9943210088143946,0.9943210088143946,0.005678991185605442,0.0,0.0,0.0,0.0,0.0
2016-06-23,217985.87188227315,-0.011947139488049374,1.0,1.0,1.0,0.017198421564565,0.0171984215645651,178764.1009577833,0.9944170271353052,0.9944170271353052,0.00558297286469478,0.0,0.0,0.0,0.0,0.0
2016-06-24,208051.33343211777,-0.05697688865841388,1.0,1.0,1.0,-0.0455742308635519,-0.045574230863552,170617.06455061794,0.9941504378389256,0.9941504378389256,0.005849562161074351,0.0,0.0,0.0,0.0,0.0
2016-06-27,204652.61062376015,-0.07238209709641097,1.0,1.0,1.0,-0.0163359818574128,-0.0163359818574127,167829.86727955402,0.9940532925336438,0.9940532925336438,0.005946707466356171,0.0,0.0,0.0,0.0,0.0
2016-06-28,209232.27868912512,-0.0516240814823401,1.0,1.0,1.0,0.0223777651866086,0.0223777651866086,171585.52464083556,0.9941834538378572,0.9941834538378572,0.005816546162142777,0.0,0.0,0.0,0.0,0.0
2016-06-29,213247.65667629463,-0.03342379321594169,1.0,1.0,1.0,0.0191910063415001,0.0191910063415003,174878.42353232752,0.9942929773458052,0.9942929773458052,0.00570702265419476,0.0,0.0,0.0,0.0,0.0
2016-06-30,214453.29414078576,-0.027959064996425864,1.0,1.0,1.0,0.0056536961919411,0.005653696191940728,175867.13300950482,0.8029611653222954,0.8029611653222954,0.19703883467770456,0.1926384481809725,0.0,33.68830812960244,0.0,33.68830812960244
2016-07-01,215307.82369485628,-0.024085784755826678,1.0,1.0,1.0,0.0039846884026391,0.003984688402639,176567.9087348132,0.8037431875667372,0.8037431875667372,0.19625681243326276,0.0,0.0,0.0,0.0,0.0
2016-07-05,213493.5796072623,-0.03230911154730898,1.0,1.0,1.0,-0.0084262803666865,-0.0084262803666864,175080.09803205414,0.8020754195604951,0.8020754195604951,0.1979245804395049,0.0,0.0,0.0,0.0,0.0
2016-07-06,214403.15495324603,-0.02818632820043343,1.0,1.0,1.0,0.0042604341903722,0.0042604341903722,175826.01526776364,0.8029150868628313,0.8029150868628313,0.1970849131371687,0.0,0.0,0.0,0.0,0.0
2016-07-07,214420.0312633364,-0.028109833855567534,1.0,1.0,1.0,7.871297460182447e-05,7.871297460174326e-05,175839.85505643775,1.0,1.0,0.0,0.1968880251120567,0.0,34.618036909392316,0.0,34.618036909392316
2016-07-08,217380.38158588423,-0.014691612853196534,1.0,1.0,1.0,0.0138063142007105,0.0138063142007106,178267.55534435433,1.0,1.0,0.0,0.0,0.0,0.0,0.0,0.0
2016-07-11,217766.31181862825,-0.012942327603064796,1.0,1.0,1.0,0.0017753682734773,0.0017753682734773,178584.04590630307,1.0,1.0,0.0,0.0,0.0,0.0,0.0,0.0
2016-07-12,221548.84881924704,0.0,1.0,1.0,1.0,0.0173697068615883,0.0173697068615883,181685.99843385202,1.0,1.0,0.0,0.0,0.0,0.0,0.0,0.0
2016-07-13,219440.93610419397,-0.00951443767948812,1.0,1.0,1.0,-0.0095144376794881,-0.0095144376794882,179957.35832451753,1.0,1.0,0.0,0.0,0.0,0.0,0.0,0.0
2016-07-14,221514.14046711763,-0.00015666229959843125,1.0,1.0,1.0,0.009447664595904,0.0094476645959042,181657.53508753254,1.0,1.0,0.0,0.0,0.0,0.0,0.0,0.0
2016-07-15,221630.5701453724,0.0,1.0,1.0,1.0,0.0005256083336677,0.0005256083336678187,181753.0158018481,0.8028475501542056,0.8028475501542056,0.1971524498457944,0.1974535283447812,0.0,35.86892125344919,0.0,35.86892125344919
2016-07-18,221863.3739898958,0.0,1.0,1.0,1.0,0.0010504139585558,0.0010504139585559,181943.93170665597,0.803054424535749,0.803054424535749,0.19694557546425095,0.0,0.0,0.0,0.0,0.0
2016-07-19,220965.61685577396,-0.00404644136603971,1.0,1.0,1.0,-0.0040464413660397,-0.0040464413660397,181207.70625509825,0.8022542579853026,0.8022542579853026,0.1977457420146974,0.0,0.0,0.0,0.0,0.0
2016-07-20,222728.3966586138,0.0,1.0,1.0,1.0,0.0079776203552539,0.0079776203552539,182653.3125410478,0.803819313027006,0.803819313027006,0.19618068697299396,0.0,0.0,0.0,0.0,0.0
2016-07-21,221297.66834199883,-0.006423645741085893,1.0,1.0,1.0,-0.0064236457410858,-0.006423645741086123,181480.01236784822,1.0,1.0,0.0,0.1959847022707233,0.0,35.79725507711863,0.0,35.79725507711863
2016-07-22,221589.33935899305,-0.005114109007692713,1.0,1.0,1.0,0.001318003118512,0.0013180031185119,181719.20359009661,1.0,1.0,0.0,0.0,0.0,0.0,0.0,0.0
2016-07-25,220461.71563915405,-0.010176883834592587,1.0,1.0,1.0,-0.0050887995022727,-0.0050887995022725,180794.47099731397,1.0,1.0,0.0,0.0,0.0,0.0,0.0,0.0
2016-07-26,220528.23962705192,-0.009878206212448837,1.0,1.0,1.0,0.000301748481386,0.000301748481386,180849.02545438043,1.0,1.0,0.0,0.0,0.0,0.0,0.0,0.0
2016-07-27,221124.88273583137,-0.00719941393571033,1.0,1.0,1.0,0.0027055179408697,0.0027055179408699,181338.3157373361,1.0,1.0,0.0,0.0,0.0,0.0,0.0,0.0
2016-07-28,220437.46109252603,-0.010285781249524284,1.0,1.0,1.0,-0.0031087484809502,-0.0031087484809503,180774.58052374958,1.0,1.0,0.0,0.0,0.0,0.0,0.0,0.0
2016-07-29,221190.57770828137,-0.006904458404958236,1.0,1.0,1.0,0.0034164638443154,0.0034164638443155305,181392.19034208028,0.3710269312781239,0.3710269312781239,0.6289730687218761,0.6317536861563688,0.0,114.20500760925015,0.0,114.20500760925015
2016-08-01,219345.70434330916,-0.01518752151073699,1.0,1.0,1.0,-0.0083406507821744,-0.0083406507821744,179879.26142782328,0.365736763115297,0.365736763115297,0.634263236884703,0.0,0.0,0.0,0.0,0.0
2016-08-02,219400.17668489364,-0.014942953047973884,1.0,1.0,1.0,0.0002483401338884,0.0002483401338884,179923.93266769,0.3658942370253735,0.3658942370253735,0.6341057629746265,0.0,0.0,0.0,0.0,0.0
2016-08-03,220663.6884602644,-0.009270071662725976,1.0,1.0,1.0,0.0057589369090866,0.0057589369090866,180960.10324435798,0.369525102184655,0.369525102184655,0.6304748978153449,0.0,0.0,0.0,0.0,0.0
2016-08-04,221285.26094662744,-0.006479352133075045,1.0,1.0,1.0,0.0028168317619459,0.002816831761945789,181469.83741082167,0.9721363755286264,0.9721363755286264,0.027863624471373583,0.6019308553462113,0.0,108.92546972941507,0.0,108.92546972941507
2016-08-05,222903.1237060774,0.0,1.0,1.0,1.0,0.0073112088556146,0.0073112088556147,182796.60129312662,0.9723386137010936,0.9723386137010936,0.027661386298906354,0.0,0.0,0.0,0.0,0.0
2016-08-08,223896.6052809827,0.0,1.0,1.0,1.0,0.0044570105541246,0.0044570105541244,183611.32767434814,0.9724613537381288,0.9724613537381288,0.02753864626187119,0.0,0.0,0.0,0.0,0.0
2016-08-09,224096.15857586937,0.0,1.0,1.0,1.0,0.0008912743211813,0.0008912743211813,183774.9757357823,0.9724858763699902,0.9724858763699902,0.027514123630009824,0.0,0.0,0.0,0.0,0.0
2016-08-10,222872.5088472468,-0.005460377975235575,1.0,1.0,1.0,-0.0054603779752353,-0.0054603779752352,182771.49490587524,0.9723348139976622,0.9723348139976622,0.027665186002337805,0.0,0.0,0.0,0.0,0.0
2016-08-11,225845.47454517084,0.0,1.0,1.0,1.0,0.0133393109509152,0.0133393109509151,185209.5407093883,0.972698990650647,0.972698990650647,0.027301009349352978,0.0,0.0,0.0,0.0,0.0
2016-08-12,226578.9157240281,0.0,1.0,1.0,1.0,0.0032475354236536,0.00324753542365364,185811.01525364065,0.77696897435825,0.77696897435825,0.22303102564175004,0.1966509684171596,0.0,36.421635540598565,0.0,36.421635540598565
2016-08-15,228158.73190654305,0.0,1.0,1.0,1.0,0.0069724765760601,0.00697247657606,187106.57820507057,0.7785132852884845,0.7785132852884845,0.2214867147115155,0.0,0.0,0.0,0.0,0.0
2016-08-16,228343.2158633212,0.0,1.0,1.0,1.0,0.0008085772358419,0.0008085772358419,187257.86832488346,0.7786922297136529,0.7786922297136529,0.22130777028634707,0.0,0.0,0.0,0.0,0.0
2016-08-17,228646.9913651032,0.0,1.0,1.0,1.0,0.0013303460785267,0.0013303460785267,187506.98609568278,0.7789862544833016,0.7789862544833016,0.2210137455166984,0.0,0.0,0.0,0.0,0.0
2016-08-18,229976.46526355948,0.0,1.0,1.0,1.0,0.0058145260977144,0.005814526097714187,188597.25035983988,0.9805039636897904,0.9805039636897904,0.019496036310209575,0.2012031458487126,0.0,37.72699547106219,0.0,37.72699547106219
2016-08-19,229428.5332917972,-0.0023825567156809946,1.0,1.0,1.0,-0.0023825567156809,-0.0023825567156805,188147.90671443616,0.9804574023425,0.9804574023425,0.019542597657499994,0.0,0.0,0.0,0.0,0.0
2016-08-22,228016.07568780868,-0.0085243051870727,1.0,1.0,1.0,-0.0061564164828273,-0.0061564164828274,186989.58984032995,0.980336344690842,0.980336344690842,0.019663655309158035,0.0,0.0,0.0,0.0,0.0
2016-08-23,229274.24198919575,-0.0030534571159660517,1.0,1.0,1.0,0.0055178842000145,0.0055178842000142,188021.37674367704,0.980444251048998,0.980444251048998,0.019555748951001983,0.0,0.0,0.0,0.0,0.0
2016-08-24,227736.61697750993,-0.00973946739933862,1.0,1.0,1.0,-0.006706488257666,-0.0067064882576659,186760.4135883554,0.9803122151510896,0.9803122151510896,0.019687784848910428,0.0,0.0,0.0,0.0,0.0
2016-08-25,227861.08850988784,-0.00919823144184495,1.0,1.0,1.0,0.0005465591525417,0.0005465591525418,186862.4892017346,0.9803229698120336,0.9803229698120336,0.019677030187966404,0.0,0.0,0.0,0.0,0.0
2016-08-26,227234.20027947385,-0.011924111369147838,1.0,1.0,1.0,-0.0027511859726185,-0.0027511859726188,186348.39574263417,0.980268685295798,0.980268685295798,0.019731314704201974,0.0,0.0,0.0,0.0,0.0
2016-08-29,227703.25359903893,-0.009884540411191134,1.0,1.0,1.0,0.0020641845241085,0.0020641845241085,186733.05321721855,0.9803093304711088,0.9803093304711088,0.019690669528891203,0.0,0.0,0.0,0.0,0.0
2016-08-30,227196.17992681544,-0.01208943416691688,1.0,1.0,1.0,-0.0022269056950604,-0.0022269056950602,186317.21631755313,0.980265383340881,0.980265383340881,0.01973461665911902,0.0,0.0,0.0,0.0,0.0
2016-08-31,225496.4003872864,-0.019480536285044647,1.0,1.0,1.0,-0.0074815498221695,-0.0074815498221696,184923.27478094542,0.9801166248792824,0.9801166248792824,0.019883375120717584,0.0,0.0,0.0,0.0,0.0
2016-09-01,224821.4430897456,-0.02241543354406328,1.0,1.0,1.0,-0.0029932065273838,-0.0029932065273838,184369.7612278059,0.9800569311554408,0.9800569311554408,0.01994306884455921,0.0,0.0,0.0,0.0,0.0
2016-09-02,227290.61047537136,-0.011678824548894906,1.0,1.0,1.0,0.0109827930632049,0.0109827930632049,186394.6561624834,0.9802735823187128,0.9802735823187128,0.019726417681287245,0.0,0.0,0.0,0.0,0.0
2016-09-06,228232.81163511076,-0.007581878547661125,1.0,1.0,1.0,0.0041453589207613,0.004145358920761381,187167.3289131888,0.7858542413138976,0.7858542413138976,0.21414575868610242,0.1955025545905183,0.0,36.440631441786806,0.0,36.440631441786806
2016-09-07,228456.79719168035,-0.006607928642339722,1.0,1.0,1.0,0.0009813906903433,0.0009813906903431,187351.01318732058,0.7860641959203524,0.7860641959203524,0.21393580407964763,0.0,0.0,0.0,0.0,0.0
2016-09-08,229947.43054094963,-0.00012625084300077472,1.0,1.0,1.0,0.0065247931669925,0.0065247931669925,188573.43979799436,0.787451033961611,0.787451033961611,0.21254896603838902,0.0,0.0,0.0,0.0,0.0
2016-09-09,225838.68622246545,-0.017992184706169922,1.0,1.0,1.0,-0.0178681897371865,-0.0178681897371864,185203.97379628988,0.983824121127535,0.983824121127535,0.016175878872464966,0.1964656551835994,0.0,37.048204400138,0.0,37.048204400138
2016-09-12,227831.75963389783,-0.009325761343465078,1.0,1.0,1.0,0.008825208137587,0.008825208137587,186838.43741295036,0.9839656277995597,0.9839656277995597,0.01603437220044035,0.0,0.0,0.0,0.0,0.0
2016-09-13,223368.15053032036,-0.02873474346892757,1.0,1.0,1.0,-0.0195916895464884,-0.0195916895464883,183177.95675180483,0.98364520982791,0.98364520982791,0.01635479017208996,0.0,0.0,0.0,0.0,0.0
2016-09-14,222164.71486142644,-0.033967607916664644,1.0,1.0,1.0,-0.0053876779927519,-0.005387677992752,182191.05290545587,0.9835566181815604,0.9835566181815604,0.01644338181843963,0.0,0.0,0.0,0.0,0.0
2016-09-15,223824.9650070087,-0.02674839031681353,1.0,1.0,1.0,0.0074730595568148,0.0074730595568149,183552.57749453714,0.9836785890575842,0.9836785890575842,0.016321410942415793,0.0,0.0,0.0,0.0,0.0
2016-09-16,221486.23689115787,-0.036917814014888806,1.0,1.0,1.0,-0.0104489153646358,-0.010448915364636,181634.65214733593,0.9835062472308542,0.9835062472308542,0.016493752769145775,0.0,0.0,0.0,0.0,0.0
2016-09-19,222233.83627446895,-0.03366704927922626,1.0,1.0,1.0,0.0033753762482247,0.0033753762482247,182247.7374380486,0.9835617325683051,0.9835617325683051,0.016438267431694853,0.0,0.0,0.0,0.0,0.0
2016-09-20,222941.23049767013,-0.030591107476266255,1.0,1.0,1.0,0.003183107644902,0.0031831076449021,182827.85160435375,0.983613891316127,0.983613891316127,0.016386108683873024,0.0,0.0,0.0,0.0,0.0
2016-09-21,226221.28022837528,-0.01632856227649493,1.0,1.0,1.0,0.0147126205564718,0.0147126205564715,185517.7284121635,0.9838514783871646,0.9838514783871646,0.01614852161283542,0.0,0.0,0.0,0.0,0.0
2016-09-22,228021.4100965848,-0.00850110973196383,1.0,1.0,1.0,0.0079573852043992,0.0079573852043994,186993.96443938426,0.983978963942448,0.983978963942448,0.016021036057552007,0.0,0.0,0.0,0.0,0.0
2016-09-23,225570.86141321575,-0.019156759563613512,1.0,1.0,1.0,-0.0107470113544647,-0.0107470113544648,184984.33818033783,0.9838049151820228,0.9838049151820228,0.016195084817977157,0.0,0.0,0.0,0.0,0.0
2016-09-26,224394.52042418977,-0.02427180899998893,1.0,1.0,1.0,-0.0052149509987955,-0.0052149509987953,184019.6539211828,0.9837200158624844,0.9837200158624844,0.016279984137515635,0.0,0.0,0.0,0.0,0.0
2016-09-27,224443.8300489378,-0.02405739738751589,1.0,1.0,1.0,0.0002197452266428,0.0002197452266428,184060.09136174043,0.983723592525334,0.983723592525334,0.016276407474665966,0.0,0.0,0.0,0.0,0.0
2016-09-28,227571.89864374505,-0.010455707357093003,1.0,1.0,1.0,0.0139369774349564,0.0139369774349565,186625.33270172504,0.9839473183867484,0.9839473183867484,0.016052681613251574,0.0,0.0,0.0,0.0,0.0
2016-09-29,226650.8591463299,-0.014460636715232345,1.0,1.0,1.0,-0.0040472461797973,-0.0040472461797974,185870.01403689457,0.9838820852177196,0.9838820852177196,0.016117914782280418,0.0,0.0,0.0,0.0,0.0
2016-09-30,228500.912218956,-0.006416104547534829,1.0,1.0,1.0,0.0081625680996499,0.00816256809965,187387.1906841536,0.98401258359288,0.98401258359288,0.01598741640711998,0.0,0.0,0.0,0.0,0.0
2016-10-03,228730.8207787317,-0.005416399818999995,1.0,1.0,1.0,0.0010061603585871,0.0010061603585871934,187575.73224712702,0.7948870703061618,0.7948870703061618,0.2051129296938382,0.1895214111968067,0.0,35.5138848186659,0.0,35.5138848186659
2016-10-04,228890.8639133305,-0.004720488894308539,1.0,1.0,1.0,0.0006997007838906,0.0006997007838904,187706.97913401917,0.7950304876346375,0.7950304876346375,0.20496951236536254,0.0,0.0,0.0,0.0,0.0
2016-10-05,230015.53502204065,0.0,1.0,1.0,1.0,0.0049135692420472,0.0049135692420471,188629.29037320963,0.7960326951103266,0.7960326951103266,0.2039673048896734,0.0,0.0,0.0,0.0,0.0
2016-10-06,229413.43243738564,-0.0026176605184398127,1.0,1.0,1.0,-0.0026176605184398,-0.00261766051844,188135.52292717833,0.7954973766673112,0.7954973766673112,0.20450262333268876,0.0,0.0,0.0,0.0,0.0
2016-10-07,228387.7491133409,-0.007076852041944859,1.0,1.0,1.0,-0.0044708948083269,-0.004470894808326968,187294.38879446132,0.994819008819276,0.994819008819276,0.005180991180724015,0.1991456501683682,0.0,37.46637103309889,0.0,37.46637103309889
2016-10-10,228978.45134425268,-0.004508754931220604,1.0,1.0,1.0,0.0025864006856981,0.0025864006856985,187778.8071300668,0.9948323743697496,0.9948323743697496,0.0051676256302504164,0.0,0.0,0.0,0.0,0.0
2016-10-11,225260.70037430135,-0.02067179787349449,1.0,1.0,1.0,-0.016236248206439,-0.0162362482064392,184729.98380959395,0.9947470867666866,0.9947470867666866,0.00525291323331345,0.0,0.0,0.0,0.0,0.0
2016-10-12,225118.2817501218,-0.02129096746204373,1.0,1.0,1.0,-0.0006322391075891,-0.000632239107589,184613.19028948524,0.994743763568456,0.994743763568456,0.005256236431544048,0.0,0.0,0.0,0.0,0.0
2016-10-13,224215.03238714603,-0.025217873368156618,1.0,1.0,1.0,-0.0040123323434849,-0.004012332343485,183872.4608150528,0.9947225888409726,0.9947225888409726,0.0052774111590273565,0.0,0.0,0.0,0.0,0.0
2016-10-14,224006.5739115264,-0.026124153353113577,1.0,1.0,1.0,-0.0009297256896659,-0.000929725689666,183701.50986461094,0.9947176777302572,0.9947176777302572,0.00528232226974279,0.0,0.0,0.0,0.0,0.0
2016-10-17,222828.2132470687,-0.03124711456677587,1.0,1.0,1.0,-0.0052603842998069,-0.0052603842998067,182735.16932626834,0.9946897437416078,0.9946897437416078,0.00531025625839221,0.0,0.0,0.0,0.0,0.0
2016-10-18,225071.03615955292,-0.02149636919964526,1.0,1.0,1.0,0.0100652555607823,0.0100652555607821,184574.44550548002,0.9947426602101624,0.9947426602101624,0.005257339789837556,0.0,0.0,0.0,0.0,0.0
2016-10-19,225770.06130339188,-0.018457334711074913,1.0,1.0,1.0,0.0031057978661608,0.0031057978661607,185147.6964244787,0.994758937889681,0.994758937889681,0.00524106211031905,0.0,0.0,0.0,0.0,0.0
2016-10-20,225904.94921228872,-0.017870905151506578,1.0,1.0,1.0,0.0005974570238327,0.0005974570238327,185258.31421615396,0.9947620673293454,0.9947620673293454,0.005237932670654644,0.0,0.0,0.0,0.0,0.0
2016-10-21,225719.67809150857,-0.01867637735912253,1.0,1.0,1.0,-0.0008201286489125,-0.0008201286489124,185106.37856521606,0.9947577680247182,0.9947577680247182,0.005242231975281841,0.0,0.0,0.0,0.0,0.0
2016-10-24,225868.33817730105,-0.01803007281374369,1.0,1.0,1.0,0.0006586048990031,0.0006586048990032,185228.29053297584,0.9947612183120028,0.9947612183120028,0.005238781687997185,0.0,0.0,0.0,0.0,0.0
2016-10-25,225062.8603333636,-0.0215319138692196,1.0,1.0,1.0,-0.0035661387976617,-0.0035661387976619,184567.7407396816,0.9947424692275352,0.9947424692275352,0.005257530772464825,0.0,0.0,0.0,0.0,0.0
2016-10-26,224447.83097917808,-0.024205773937525876,1.0,1.0,1.0,-0.0027327003365837,-0.0027327003365839,184063.37241243976,0.9947280626024344,0.9947280626024344,0.005271937397565596,0.0,0.0,0.0,0.0,0.0
2016-10-27,224303.1446373308,-0.024834802502198272,1.0,1.0,1.0,-0.0006446323905919,-0.0006446323905919,183944.71920066111,0.9947246619486552,0.9947246619486552,0.005275338051344836,0.0,0.0,0.0,0.0,0.0
2016-10-28,222901.73606244143,-0.030927471741930668,1.0,1.0,1.0,-0.0062478329367839,-0.006247832936783788,182795.46332549176,0.9890655359368904,0.9890655359368904,0.010934464063109606,0.403574766975888,0.0,74.23544718785193,0.0,74.23544718785193
2016-10-31,222300.1343596634,-0.033542954660162105,1.0,1.0,1.0,-0.0026989547654735,-0.0026989547654734866,182302.1066386425,0.5964925785963495,0.5964925785963495,0.4035074214036505,0.3918757848474868,0.0,71.63311565723708,0.0,71.63311565723708
2016-11-01,221601.5125295149,-0.036580235729380184,1.0,1.0,1.0,-0.0031426963917987,-0.0031426963917987,181729.18646589195,0.5952204794576671,0.5952204794576671,0.4047795205423329,0.0,0.0,0.0,0.0,0.0
2016-11-02,220869.52341521857,-0.03976258214883477,1.0,1.0,1.0,-0.0033031774284429,-0.003303177428443,181128.90271906852,0.5938789897032384,0.5938789897032384,0.4061210102967616,0.0,0.0,0.0,0.0,0.0
2016-11-03,220368.15687482728,-0.041942289447053804,1.0,1.0,1.0,-0.0022699670494998,-0.0022699670494998,180717.7460781842,0.5929550109905228,0.5929550109905228,0.40704498900947716,0.0,0.0,0.0,0.0,0.0
2016-11-04,220064.7193027408,-0.04326149413493463,1.0,1.0,1.0,-0.0013769574351835,-0.0013769574351834627,180468.90543405223,0.9929139065802196,0.9929139065802196,0.007086093419780393,0.3995690837549626,0.0,72.20922421872204,0.0,72.20922421872204
2016-11-07,225090.7230591056,-0.021410779765215215,1.0,1.0,1.0,0.0228387529463574,0.0228387529463575,184590.5901797601,0.9930721304806176,0.9930721304806176,0.006927869519382401,0.0,0.0,0.0,0.0,0.0
2016-11-08,225810.48228012663,-0.018281603203501362,1.0,1.0,1.0,0.0031976405390641,0.0031976405390641,185180.84453404867,0.9930942127060228,0.9930942127060228,0.0069057872939771725,0.0,0.0,0.0,0.0,0.0
2016-11-09,231226.7019221024,0.0,1.0,1.0,1.0,0.0239856874104573,0.0239856874104573,189622.53438544684,0.9932559728335256,0.9932559728335256,0.006744027166474376,0.0,0.0,0.0,0.0,0.0
2016-11-10,232940.69125371255,0.0,1.0,1.0,1.0,0.0074125925654882,0.0074125925654882,191028.12897408142,0.9933055957248856,0.9933055957248856,0.006694404275114363,0.0,0.0,0.0,0.0,0.0
2016-11-11,230662.84745027023,-0.009778642757444889,1.0,1.0,1.0,-0.0097786427574447,-0.0097786427574447,189160.13314422083,0.9932394870842252,0.9932394870842252,0.006760512915774841,0.0,0.0,0.0,0.0,0.0
2016-11-14,229988.19565630823,-0.0126748812391414,1.0,1.0,1.0,-0.0029248394417201,-0.002924839441720024,188606.8701259996,0.8061290706966238,0.8061290706966238,0.19387092930337624,0.186730105152124,0.0,35.32189155261015,0.0,35.32189155261015
2016-11-15,230517.641271683,-0.010402003913478675,1.0,1.0,1.0,0.0023020556070885,0.0023020556070884666,189041.0536289086,0.6060097472381663,0.6060097472381663,0.39399025276183375,0.2012275384674335,0.0,37.95289621350183,0.0,37.95289621350183
2016-11-16,229922.90999967564,-0.012955148530704896,1.0,1.0,1.0,-0.0025799815958832,-0.0025799815958832,188553.3311896796,0.6049906303342271,0.6049906303342271,0.39500936966577294,0.0,0.0,0.0,0.0,0.0
2016-11-17,230477.94961031168,-0.010572397764195274,1.0,1.0,1.0,0.0024140248165649,0.0024140248165648,189008.50361041742,0.6059418963755451,0.6059418963755451,0.3940581036244549,0.0,0.0,0.0,0.0,0.0
2016-11-18,228900.4619740223,-0.017344454753462246,1.0,1.0,1.0,-0.0068444189084316,-0.00684441890843157,187714.85023445194,1.0,1.0,0.0,0.3936644391852696,0.0,74.405926575042,0.0,74.405926575042
2016-11-21,230015.7182196965,-0.012556728574443232,1.0,1.0,1.0,0.0048722323933132,0.004872232393313,188629.44060847015,1.0,1.0,0.0,0.0,0.0,0.0,0.0,0.0
2016-11-22,227492.2537209984,-0.02338980580589023,1.0,1.0,1.0,-0.0109708350291427,-0.0109708350291426,186560.01813391515,1.0,1.0,0.0,0.0,0.0,0.0,0.0,0.0
2016-11-23,227979.08580607176,-0.021299865733792056,1.0,1.0,1.0,0.0021399941189663,0.0021399941189663902,186959.25547555598,0.8007238830262262,0.8007238830262262,0.1992761169737738,0.1999024691613095,0.0,37.29380827174832,0.0,37.29380827174832
2016-11-25,228704.15620221273,-0.018187183307039723,1.0,1.0,1.0,0.0031804250533653,0.0031804250533653,187553.86537562896,0.8013556564730885,0.8013556564730885,0.19864434352691152,0.0,0.0,0.0,0.0,0.0
2016-11-28,227665.85361880172,-0.022644552166996124,1.0,1.0,1.0,-0.0045399375361284,-0.004539937536128582,186702.38254216412,1.0,1.0,0.0,0.1984458976292823,0.0,37.219295168308264,0.0,37.219295168308264
2016-11-29,228882.5569725288,-0.017421319818973657,1.0,1.0,1.0,0.0053442505074314,0.0053442505074315,187700.16684480378,1.0,1.0,0.0,0.0,0.0,0.0,0.0,0.0
2016-11-30,226599.02051525,-0.027224400787732583,1.0,1.0,1.0,-0.0099768915879111,-0.0099768915879111,185827.50262916033,1.0,1.0,0.0,0.0,0.0,0.0,0.0,0.0
2016-12-01,224349.0268008948,-0.03688348483288373,1.0,1.0,1.0,-0.0099294061785397,-0.0099294061785398,183982.34587641174,1.0,1.0,0.0,0.0,0.0,0.0,0.0,0.0
2016-12-02,224888.4984692103,-0.034567566281204276,1.0,1.0,1.0,0.0024046089078615,0.002404608907861613,184424.7514641954,0.8032234799394802,0.8032234799394802,0.19677652006051982,0.1974471377712867,0.0,36.3267875937444,0.0,36.3267875937444
2016-12-05,224527.3834752756,-0.036117810645944215,1.0,1.0,1.0,-0.0016057512784902,-0.0016057512784902997,184128.6111837465,1.0,1.0,0.0,0.1965799401203995,0.0,36.25420659955109,0.0,36.25420659955109
2016-12-06,225347.0728716756,-0.03259893469521047,1.0,1.0,1.0,0.0036507324127359,0.003650732412735946,184800.8154727071,0.7989733895817703,0.7989733895817703,0.20102661041822967,0.2019624672479538,0.0,37.18706860560863,0.0,37.18706860560863
2016-12-07,224564.5248065674,-0.03595836520473805,1.0,1.0,1.0,-0.0034726347013782,-0.003472634701378147,184159.0697480536,0.599503708102847,0.599503708102847,0.40049629189715297,0.1982771813392472,0.0,36.641784801122704,0.0,36.641784801122704
2016-12-08,225231.59145896797,-0.03309468926726944,1.0,1.0,1.0,0.00297048989806,0.0029704898980601,184706.1124043763,0.6006898548551926,0.6006898548551926,0.39931014514480745,0.0,0.0,0.0,0.0,0.0
2016-12-09,226162.1964759758,-0.029099659407955447,1.0,1.0,1.0,0.0041317694865969,0.0041317694865967,185469.2754835966,0.6023329235475032,0.6023329235475032,0.39766707645249677,0.0,0.0,0.0,0.0,0.0
2016-12-12,226029.0873257239,-0.029671088768517095,1.0,1.0,1.0,-0.0005885561438913,-0.000588556143891251,185360.11640200767,1.0,1.0,0.0,0.397269806645851,0.0,73.68134321011449,0.0,73.68134321011449
2016-12-13,227865.02553314163,-0.021789519440562843,1.0,1.0,1.0,0.0081225749709461,0.008122574970946,186865.71784410623,1.0,1.0,0.0,0.0,0.0,0.0,0.0,0.0
2016-12-14,225859.36774723127,-0.03039968443627783,1.0,1.0,1.0,-0.0088019553734394,-0.0088019553734392,185220.93413481672,1.0,1.0,0.0,0.0,0.0,0.0,0.0,0.0
2016-12-15,226872.06478951135,-0.026052238582873533,1.0,1.0,1.0,0.0044837504522434,0.0044837504522433,186051.41858200863,1.0,1.0,0.0,0.0,0.0,0.0,0.0,0.0
2016-12-16,226602.11213809275,-0.027211128641822402,1.0,1.0,1.0,-0.0011898893399197,-0.001189889339919497,185830.03798236098,0.8042846824233822,0.8042846824233822,0.19571531757661775,0.1956781161226969,0.0,36.406191090082785,0.0,36.406191090082785
2016-12-19,225768.1802218644,-0.03079114685049189,1.0,1.0,1.0,-0.0036801595023092,-0.003680159502309239,185146.1538022657,1.0,1.0,0.0,0.1955197977788388,0.0,36.333451447545166,0.0,36.333451447545166
2016-12-20,225939.1098111739,-0.03005735668103049,1.0,1.0,1.0,0.0007571022149424,0.0007571022149424,185286.32836539746,1.0,1.0,0.0,0.0,0.0,0.0,0.0,0.0
2016-12-21,224902.7686471792,-0.03450630528857945,1.0,1.0,1.0,-0.0045868161774241,-0.0045868161774243,184436.4540369955,1.0,1.0,0.0,0.0,0.0,0.0,0.0,0.0
2016-12-22,224004.09141036743,-0.03836427115952712,1.0,1.0,1.0,-0.0039958478155578,-0.0039958478155579,183699.47403502255,1.0,1.0,0.0,0.0,0.0,0.0,0.0,0.0
2016-12-23,225005.09012655876,-0.03406704549747619,1.0,1.0,1.0,0.0044686626475831,0.0044686626475833,184520.36501302355,1.0,1.0,0.0,0.0,0.0,0.0,0.0,0.0
2016-12-27,225784.8064032544,-0.030719771680698615,1.0,1.0,1.0,0.00346532727885,0.00346532727885,185159.78846740656,1.0,1.0,0.0,0.0,0.0,0.0,0.0,0.0
2016-12-28,224280.47439881775,-0.03717777606087003,1.0,1.0,1.0,-0.0066626804008675,-0.0066626804008675,183926.127973756,1.0,1.0,0.0,0.0,0.0,0.0,0.0,0.0
2016-12-29,225204.7752708623,-0.03320980950650865,1.0,1.0,1.0,0.004121182972,0.0041211829720001,184684.12120046734,1.0,1.0,0.0,0.0,0.0,0.0,0.0,0.0
2016-12-30,224347.68649068745,-0.036889238701819704,1.0,1.0,1.0,-0.0038058197440263,-0.003805819744026201,183981.24672559448,0.0,0.0,1.0,0.9971913716276012,0.0,184.16541213773218,0.0,184.16541213773218
