date,shadow_nav,shadow_drawdown,decision_multiplier,executed_multiplier,applied_return_multiplier,raw_net_return,controlled_return,nav,raw_long_exposure,controlled_long_exposure,cash_exposure,raw_alpha_turnover,overlay_turnover,alpha_cost,overlay_cost,total_cost
2008-01-02,100000.0,0.0,1.0,1.0,1.0,0.0,0.0,100000.0,0.0,0.0,1.0,0.0,0.0,0.0,0.0,0.0
2008-01-03,100000.0,0.0,1.0,1.0,1.0,0.0,0.0,100000.0,0.0,0.0,1.0,0.0,0.0,0.0,0.0,0.0
2008-01-04,100000.0,0.0,1.0,1.0,1.0,0.0,0.0,100000.0,0.0,0.0,1.0,0.0,0.0,0.0,0.0,0.0
2008-01-07,100000.0,0.0,1.0,1.0,1.0,0.0,0.0,100000.0,0.0,0.0,1.0,0.0,0.0,0.0,0.0,0.0
2008-01-08,100000.0,0.0,1.0,1.0,1.0,0.0,0.0,100000.0,0.0,0.0,1.0,0.0,0.0,0.0,0.0,0.0
2008-01-09,100000.0,0.0,1.0,1.0,1.0,0.0,0.0,100000.0,0.0,0.0,1.0,0.0,0.0,0.0,0.0,0.0
2008-01-10,100000.0,0.0,1.0,1.0,1.0,0.0,0.0,100000.0,0.0,0.0,1.0,0.0,0.0,0.0,0.0,0.0
2008-01-11,100000.0,0.0,1.0,1.0,1.0,0.0,0.0,100000.0,0.0,0.0,1.0,0.0,0.0,0.0,0.0,0.0
2008-01-14,100000.0,0.0,1.0,1.0,1.0,0.0,0.0,100000.0,0.0,0.0,1.0,0.0,0.0,0.0,0.0,0.0
2008-01-15,100000.0,0.0,1.0,1.0,1.0,0.0,0.0,100000.0,0.0,0.0,1.0,0.0,0.0,0.0,0.0,0.0
2008-01-16,100000.0,0.0,1.0,1.0,1.0,0.0,0.0,100000.0,0.0,0.0,1.0,0.0,0.0,0.0,0.0,0.0
2008-01-17,100000.0,0.0,1.0,1.0,1.0,0.0,0.0,100000.0,0.0,0.0,1.0,0.0,0.0,0.0,0.0,0.0
2008-01-18,100000.0,0.0,1.0,1.0,1.0,0.0,0.0,100000.0,0.0,0.0,1.0,0.0,0.0,0.0,0.0,0.0
2008-01-22,100000.0,0.0,1.0,1.0,1.0,0.0,0.0,100000.0,0.0,0.0,1.0,0.0,0.0,0.0,0.0,0.0
2008-01-23,100000.0,0.0,1.0,1.0,1.0,0.0,0.0,100000.0,0.0,0.0,1.0,0.0,0.0,0.0,0.0,0.0
2008-01-24,100000.0,0.0,1.0,1.0,1.0,0.0,0.0,100000.0,0.0,0.0,1.0,0.0,0.0,0.0,0.0,0.0
2008-01-25,100000.0,0.0,1.0,1.0,1.0,0.0,0.0,100000.0,0.0,0.0,1.0,0.0,0.0,0.0,0.0,0.0
2008-01-28,100000.0,0.0,1.0,1.0,1.0,0.0,0.0,100000.0,0.0,0.0,1.0,0.0,0.0,0.0,0.0,0.0
2008-01-29,100000.0,0.0,1.0,1.0,1.0,0.0,0.0,100000.0,0.0,0.0,1.0,0.0,0.0,0.0,0.0,0.0
2008-01-30,100000.0,0.0,1.0,1.0,1.0,0.0,0.0,100000.0,0.0,0.0,1.0,0.0,0.0,0.0,0.0,0.0
2008-01-31,100000.0,0.0,1.0,1.0,1.0,0.0,0.0,100000.0,0.0,0.0,1.0,0.0,0.0,0.0,0.0,0.0
2008-02-01,100000.0,0.0,1.0,1.0,1.0,0.0,0.0,100000.0,0.0,0.0,1.0,0.0,0.0,0.0,0.0,0.0
2008-02-04,100000.0,0.0,1.0,1.0,1.0,0.0,0.0,100000.0,0.0,0.0,1.0,0.0,0.0,0.0,0.0,0.0
2008-02-05,100000.0,0.0,1.0,1.0,1.0,0.0,0.0,100000.0,0.0,0.0,1.0,0.0,0.0,0.0,0.0,0.0
2008-02-06,100000.0,0.0,1.0,1.0,1.0,0.0,0.0,100000.0,0.0,0.0,1.0,0.0,0.0,0.0,0.0,0.0
2008-02-07,100000.0,0.0,1.0,1.0,1.0,0.0,0.0,100000.0,0.0,0.0,1.0,0.0,0.0,0.0,0.0,0.0
2008-02-08,100000.0,0.0,1.0,1.0,1.0,0.0,0.0,100000.0,0.0,0.0,1.0,0.0,0.0,0.0,0.0,0.0
2008-02-11,100000.0,0.0,1.0,1.0,1.0,0.0,0.0,100000.0,0.0,0.0,1.0,0.0,0.0,0.0,0.0,0.0
2008-02-12,100000.0,0.0,1.0,1.0,1.0,0.0,0.0,100000.0,0.0,0.0,1.0,0.0,0.0,0.0,0.0,0.0
2008-02-13,100000.0,0.0,1.0,1.0,1.0,0.0,0.0,100000.0,0.0,0.0,1.0,0.0,0.0,0.0,0.0,0.0
2008-02-14,100000.0,0.0,1.0,1.0,1.0,0.0,0.0,100000.0,0.0,0.0,1.0,0.0,0.0,0.0,0.0,0.0
2008-02-15,100000.0,0.0,1.0,1.0,1.0,0.0,0.0,100000.0,0.0,0.0,1.0,0.0,0.0,0.0,0.0,0.0
2008-02-19,100000.0,0.0,1.0,1.0,1.0,0.0,0.0,100000.0,0.0,0.0,1.0,0.0,0.0,0.0,0.0,0.0
2008-02-20,100000.0,0.0,1.0,1.0,1.0,0.0,0.0,100000.0,0.0,0.0,1.0,0.0,0.0,0.0,0.0,0.0
2008-02-21,100000.0,0.0,1.0,1.0,1.0,0.0,0.0,100000.0,0.0,0.0,1.0,0.0,0.0,0.0,0.0,0.0
2008-02-22,100000.0,0.0,1.0,1.0,1.0,0.0,0.0,100000.0,0.0,0.0,1.0,0.0,0.0,0.0,0.0,0.0
2008-02-25,100000.0,0.0,1.0,1.0,1.0,0.0,0.0,100000.0,0.0,0.0,1.0,0.0,0.0,0.0,0.0,0.0
2008-02-26,100000.0,0.0,1.0,1.0,1.0,0.0,0.0,100000.0,0.0,0.0,1.0,0.0,0.0,0.0,0.0,0.0
2008-02-27,100000.0,0.0,1.0,1.0,1.0,0.0,0.0,100000.0,0.0,0.0,1.0,0.0,0.0,0.0,0.0,0.0
2008-02-28,100000.0,0.0,1.0,1.0,1.0,0.0,0.0,100000.0,0.0,0.0,1.0,0.0,0.0,0.0,0.0,0.0
2008-02-29,100000.0,0.0,1.0,1.0,1.0,0.0,0.0,100000.0,0.0,0.0,1.0,0.0,0.0,0.0,0.0,0.0
2008-03-03,100000.0,0.0,1.0,1.0,1.0,0.0,0.0,100000.0,0.0,0.0,1.0,0.0,0.0,0.0,0.0,0.0
2008-03-04,100000.0,0.0,1.0,1.0,1.0,0.0,0.0,100000.0,0.0,0.0,1.0,0.0,0.0,0.0,0.0,0.0
2008-03-05,100000.0,0.0,1.0,1.0,1.0,0.0,0.0,100000.0,0.0,0.0,1.0,0.0,0.0,0.0,0.0,0.0
2008-03-06,100000.0,0.0,1.0,1.0,1.0,0.0,0.0,100000.0,0.0,0.0,1.0,0.0,0.0,0.0,0.0,0.0
2008-03-07,100000.0,0.0,1.0,1.0,1.0,0.0,0.0,100000.0,0.0,0.0,1.0,0.0,0.0,0.0,0.0,0.0
2008-03-10,100000.0,0.0,1.0,1.0,1.0,0.0,0.0,100000.0,0.0,0.0,1.0,0.0,0.0,0.0,0.0,0.0
2008-03-11,100000.0,0.0,1.0,1.0,1.0,0.0,0.0,100000.0,0.0,0.0,1.0,0.0,0.0,0.0,0.0,0.0
2008-03-12,100000.0,0.0,1.0,1.0,1.0,0.0,0.0,100000.0,0.0,0.0,1.0,0.0,0.0,0.0,0.0,0.0
2008-03-13,100000.0,0.0,1.0,1.0,1.0,0.0,0.0,100000.0,0.0,0.0,1.0,0.0,0.0,0.0,0.0,0.0
2008-03-14,100000.0,0.0,1.0,1.0,1.0,0.0,0.0,100000.0,0.0,0.0,1.0,0.0,0.0,0.0,0.0,0.0
2008-03-17,100000.0,0.0,1.0,1.0,1.0,0.0,0.0,100000.0,0.0,0.0,1.0,0.0,0.0,0.0,0.0,0.0
2008-03-18,100000.0,0.0,1.0,1.0,1.0,0.0,0.0,100000.0,0.0,0.0,1.0,0.0,0.0,0.0,0.0,0.0
2008-03-19,100000.0,0.0,1.0,1.0,1.0,0.0,0.0,100000.0,0.0,0.0,1.0,0.0,0.0,0.0,0.0,0.0
2008-03-20,100000.0,0.0,1.0,1.0,1.0,0.0,0.0,100000.0,0.0,0.0,1.0,0.0,0.0,0.0,0.0,0.0
2008-03-24,100000.0,0.0,1.0,1.0,1.0,0.0,0.0,100000.0,0.0,0.0,1.0,0.0,0.0,0.0,0.0,0.0
2008-03-25,100000.0,0.0,1.0,1.0,1.0,0.0,0.0,100000.0,0.0,0.0,1.0,0.0,0.0,0.0,0.0,0.0
2008-03-26,100000.0,0.0,1.0,1.0,1.0,0.0,0.0,100000.0,0.0,0.0,1.0,0.0,0.0,0.0,0.0,0.0
2008-03-27,100000.0,0.0,1.0,1.0,1.0,0.0,0.0,100000.0,0.0,0.0,1.0,0.0,0.0,0.0,0.0,0.0
2008-03-28,100000.0,0.0,1.0,1.0,1.0,0.0,0.0,100000.0,0.0,0.0,1.0,0.0,0.0,0.0,0.0,0.0
2008-03-31,100000.0,0.0,1.0,1.0,1.0,0.0,0.0,100000.0,0.0,0.0,1.0,0.0,0.0,0.0,0.0,0.0
2008-04-01,100000.0,0.0,1.0,1.0,1.0,0.0,0.0,100000.0,0.0,0.0,1.0,0.0,0.0,0.0,0.0,0.0
2008-04-02,100000.0,0.0,1.0,1.0,1.0,0.0,0.0,100000.0,0.0,0.0,1.0,0.0,0.0,0.0,0.0,0.0
2008-04-03,100000.0,0.0,1.0,1.0,1.0,0.0,0.0,100000.0,0.0,0.0,1.0,0.0,0.0,0.0,0.0,0.0
2008-04-04,100000.0,0.0,1.0,1.0,1.0,0.0,0.0,100000.0,0.0,0.0,1.0,0.0,0.0,0.0,0.0,0.0
2008-04-07,100000.0,0.0,1.0,1.0,1.0,0.0,0.0,100000.0,0.0,0.0,1.0,0.0,0.0,0.0,0.0,0.0
2008-04-08,100000.0,0.0,1.0,1.0,1.0,0.0,0.0,100000.0,0.0,0.0,1.0,0.0,0.0,0.0,0.0,0.0
2008-04-09,100000.0,0.0,1.0,1.0,1.0,0.0,0.0,100000.0,0.0,0.0,1.0,0.0,0.0,0.0,0.0,0.0
2008-04-10,100000.0,0.0,1.0,1.0,1.0,0.0,0.0,100000.0,0.0,0.0,1.0,0.0,0.0,0.0,0.0,0.0
2008-04-11,100000.0,0.0,1.0,1.0,1.0,0.0,0.0,100000.0,0.0,0.0,1.0,0.0,0.0,0.0,0.0,0.0
2008-04-14,100000.0,0.0,1.0,1.0,1.0,0.0,0.0,100000.0,0.0,0.0,1.0,0.0,0.0,0.0,0.0,0.0
2008-04-15,100000.0,0.0,1.0,1.0,1.0,0.0,0.0,100000.0,0.0,0.0,1.0,0.0,0.0,0.0,0.0,0.0
2008-04-16,100000.0,0.0,1.0,1.0,1.0,0.0,0.0,100000.0,0.0,0.0,1.0,0.0,0.0,0.0,0.0,0.0
2008-04-17,100000.0,0.0,1.0,1.0,1.0,0.0,0.0,100000.0,0.0,0.0,1.0,0.0,0.0,0.0,0.0,0.0
2008-04-18,100000.0,0.0,1.0,1.0,1.0,0.0,0.0,100000.0,0.0,0.0,1.0,0.0,0.0,0.0,0.0,0.0
2008-04-21,100000.0,0.0,1.0,1.0,1.0,0.0,0.0,100000.0,0.0,0.0,1.0,0.0,0.0,0.0,0.0,0.0
2008-04-22,100000.0,0.0,1.0,1.0,1.0,0.0,0.0,100000.0,0.0,0.0,1.0,0.0,0.0,0.0,0.0,0.0
2008-04-23,100000.0,0.0,1.0,1.0,1.0,0.0,0.0,100000.0,0.0,0.0,1.0,0.0,0.0,0.0,0.0,0.0
2008-04-24,100000.0,0.0,1.0,1.0,1.0,0.0,0.0,100000.0,0.0,0.0,1.0,0.0,0.0,0.0,0.0,0.0
2008-04-25,100000.0,0.0,1.0,1.0,1.0,0.0,0.0,100000.0,0.0,0.0,1.0,0.0,0.0,0.0,0.0,0.0
2008-04-28,100000.0,0.0,1.0,1.0,1.0,0.0,0.0,100000.0,0.0,0.0,1.0,0.0,0.0,0.0,0.0,0.0
2008-04-29,100000.0,0.0,1.0,1.0,1.0,0.0,0.0,100000.0,0.0,0.0,1.0,0.0,0.0,0.0,0.0,0.0
2008-04-30,100000.0,0.0,1.0,1.0,1.0,0.0,0.0,100000.0,0.0,0.0,1.0,0.0,0.0,0.0,0.0,0.0
2008-05-01,100000.0,0.0,1.0,1.0,1.0,0.0,0.0,100000.0,0.0,0.0,1.0,0.0,0.0,0.0,0.0,0.0
2008-05-02,100000.0,0.0,1.0,1.0,1.0,0.0,0.0,100000.0,0.0,0.0,1.0,0.0,0.0,0.0,0.0,0.0
2008-05-05,100000.0,0.0,1.0,1.0,1.0,0.0,0.0,100000.0,0.0,0.0,1.0,0.0,0.0,0.0,0.0,0.0
2008-05-06,100000.0,0.0,1.0,1.0,1.0,0.0,0.0,100000.0,0.0,0.0,1.0,0.0,0.0,0.0,0.0,0.0
2008-05-07,100000.0,0.0,1.0,1.0,1.0,0.0,0.0,100000.0,0.0,0.0,1.0,0.0,0.0,0.0,0.0,0.0
2008-05-08,100000.0,0.0,1.0,1.0,1.0,0.0,0.0,100000.0,0.0,0.0,1.0,0.0,0.0,0.0,0.0,0.0
2008-05-09,100000.0,0.0,1.0,1.0,1.0,0.0,0.0,100000.0,0.0,0.0,1.0,0.0,0.0,0.0,0.0,0.0
2008-05-12,100000.0,0.0,1.0,1.0,1.0,0.0,0.0,100000.0,0.0,0.0,1.0,0.0,0.0,0.0,0.0,0.0
2008-05-13,100000.0,0.0,1.0,1.0,1.0,0.0,0.0,100000.0,0.0,0.0,1.0,0.0,0.0,0.0,0.0,0.0
2008-05-14,100000.0,0.0,1.0,1.0,1.0,0.0,0.0,100000.0,0.0,0.0,1.0,0.0,0.0,0.0,0.0,0.0
2008-05-15,100000.0,0.0,1.0,1.0,1.0,0.0,0.0,100000.0,0.0,0.0,1.0,0.0,0.0,0.0,0.0,0.0
2008-05-16,100000.0,0.0,1.0,1.0,1.0,0.0,0.0,100000.0,0.0,0.0,1.0,0.0,0.0,0.0,0.0,0.0
2008-05-19,100000.0,0.0,1.0,1.0,1.0,0.0,0.0,100000.0,0.0,0.0,1.0,0.0,0.0,0.0,0.0,0.0
2008-05-20,100000.0,0.0,1.0,1.0,1.0,0.0,0.0,100000.0,0.0,0.0,1.0,0.0,0.0,0.0,0.0,0.0
2008-05-21,100000.0,0.0,1.0,1.0,1.0,0.0,0.0,100000.0,0.0,0.0,1.0,0.0,0.0,0.0,0.0,0.0
2008-05-22,100000.0,0.0,1.0,1.0,1.0,0.0,0.0,100000.0,0.0,0.0,1.0,0.0,0.0,0.0,0.0,0.0
2008-05-23,100000.0,0.0,1.0,1.0,1.0,0.0,0.0,100000.0,0.0,0.0,1.0,0.0,0.0,0.0,0.0,0.0
2008-05-27,100000.0,0.0,1.0,1.0,1.0,0.0,0.0,100000.0,0.0,0.0,1.0,0.0,0.0,0.0,0.0,0.0
2008-05-28,100000.0,0.0,1.0,1.0,1.0,0.0,0.0,100000.0,0.0,0.0,1.0,0.0,0.0,0.0,0.0,0.0
2008-05-29,100000.0,0.0,1.0,1.0,1.0,0.0,0.0,100000.0,0.0,0.0,1.0,0.0,0.0,0.0,0.0,0.0
2008-05-30,100000.0,0.0,1.0,1.0,1.0,0.0,0.0,100000.0,0.0,0.0,1.0,0.0,0.0,0.0,0.0,0.0
2008-06-02,100000.0,0.0,1.0,1.0,1.0,0.0,0.0,100000.0,0.0,0.0,1.0,0.0,0.0,0.0,0.0,0.0
2008-06-03,100000.0,0.0,1.0,1.0,1.0,0.0,0.0,100000.0,0.0,0.0,1.0,0.0,0.0,0.0,0.0,0.0
2008-06-04,100000.0,0.0,1.0,1.0,1.0,0.0,0.0,100000.0,0.0,0.0,1.0,0.0,0.0,0.0,0.0,0.0
2008-06-05,100000.0,0.0,1.0,1.0,1.0,0.0,0.0,100000.0,0.0,0.0,1.0,0.0,0.0,0.0,0.0,0.0
2008-06-06,100000.0,0.0,1.0,1.0,1.0,0.0,0.0,100000.0,0.0,0.0,1.0,0.0,0.0,0.0,0.0,0.0
2008-06-09,100000.0,0.0,1.0,1.0,1.0,0.0,0.0,100000.0,0.0,0.0,1.0,0.0,0.0,0.0,0.0,0.0
2008-06-10,100000.0,0.0,1.0,1.0,1.0,0.0,0.0,100000.0,0.0,0.0,1.0,0.0,0.0,0.0,0.0,0.0
2008-06-11,100000.0,0.0,1.0,1.0,1.0,0.0,0.0,100000.0,0.0,0.0,1.0,0.0,0.0,0.0,0.0,0.0
2008-06-12,100000.0,0.0,1.0,1.0,1.0,0.0,0.0,100000.0,0.0,0.0,1.0,0.0,0.0,0.0,0.0,0.0
2008-06-13,100000.0,0.0,1.0,1.0,1.0,0.0,0.0,100000.0,0.0,0.0,1.0,0.0,0.0,0.0,0.0,0.0
2008-06-16,100000.0,0.0,1.0,1.0,1.0,0.0,0.0,100000.0,0.0,0.0,1.0,0.0,0.0,0.0,0.0,0.0
2008-06-17,100000.0,0.0,1.0,1.0,1.0,0.0,0.0,100000.0,0.0,0.0,1.0,0.0,0.0,0.0,0.0,0.0
2008-06-18,100000.0,0.0,1.0,1.0,1.0,0.0,0.0,100000.0,0.0,0.0,1.0,0.0,0.0,0.0,0.0,0.0
2008-06-19,100000.0,0.0,1.0,1.0,1.0,0.0,0.0,100000.0,0.0,0.0,1.0,0.0,0.0,0.0,0.0,0.0
2008-06-20,100000.0,0.0,1.0,1.0,1.0,0.0,0.0,100000.0,0.0,0.0,1.0,0.0,0.0,0.0,0.0,0.0
2008-06-23,100000.0,0.0,1.0,1.0,1.0,0.0,0.0,100000.0,0.0,0.0,1.0,0.0,0.0,0.0,0.0,0.0
2008-06-24,100000.0,0.0,1.0,1.0,1.0,0.0,0.0,100000.0,0.0,0.0,1.0,0.0,0.0,0.0,0.0,0.0
2008-06-25,100000.0,0.0,1.0,1.0,1.0,0.0,0.0,100000.0,0.0,0.0,1.0,0.0,0.0,0.0,0.0,0.0
2008-06-26,100000.0,0.0,1.0,1.0,1.0,0.0,0.0,100000.0,0.0,0.0,1.0,0.0,0.0,0.0,0.0,0.0
2008-06-27,100000.0,0.0,1.0,1.0,1.0,0.0,0.0,100000.0,0.0,0.0,1.0,0.0,0.0,0.0,0.0,0.0
2008-06-30,100000.0,0.0,1.0,1.0,1.0,0.0,0.0,100000.0,0.0,0.0,1.0,0.0,0.0,0.0,0.0,0.0
2008-07-01,100000.0,0.0,1.0,1.0,1.0,0.0,0.0,100000.0,0.0,0.0,1.0,0.0,0.0,0.0,0.0,0.0
2008-07-02,100000.0,0.0,1.0,1.0,1.0,0.0,0.0,100000.0,0.0,0.0,1.0,0.0,0.0,0.0,0.0,0.0
2008-07-03,100000.0,0.0,1.0,1.0,1.0,0.0,0.0,100000.0,0.0,0.0,1.0,0.0,0.0,0.0,0.0,0.0
2008-07-07,100000.0,0.0,1.0,1.0,1.0,0.0,0.0,100000.0,0.0,0.0,1.0,0.0,0.0,0.0,0.0,0.0
2008-07-08,100000.0,0.0,1.0,1.0,1.0,0.0,0.0,100000.0,0.0,0.0,1.0,0.0,0.0,0.0,0.0,0.0
2008-07-09,100000.0,0.0,1.0,1.0,1.0,0.0,0.0,100000.0,0.0,0.0,1.0,0.0,0.0,0.0,0.0,0.0
2008-07-10,100000.0,0.0,1.0,1.0,1.0,0.0,0.0,100000.0,0.0,0.0,1.0,0.0,0.0,0.0,0.0,0.0
2008-07-11,100000.0,0.0,1.0,1.0,1.0,0.0,0.0,100000.0,0.0,0.0,1.0,0.0,0.0,0.0,0.0,0.0
2008-07-14,100000.0,0.0,1.0,1.0,1.0,0.0,0.0,100000.0,0.0,0.0,1.0,0.0,0.0,0.0,0.0,0.0
2008-07-15,100000.0,0.0,1.0,1.0,1.0,0.0,0.0,100000.0,0.0,0.0,1.0,0.0,0.0,0.0,0.0,0.0
2008-07-16,100000.0,0.0,1.0,1.0,1.0,0.0,0.0,100000.0,0.0,0.0,1.0,0.0,0.0,0.0,0.0,0.0
2008-07-17,100000.0,0.0,1.0,1.0,1.0,0.0,0.0,100000.0,0.0,0.0,1.0,0.0,0.0,0.0,0.0,0.0
2008-07-18,100000.0,0.0,1.0,1.0,1.0,0.0,0.0,100000.0,0.0,0.0,1.0,0.0,0.0,0.0,0.0,0.0
2008-07-21,100000.0,0.0,1.0,1.0,1.0,0.0,0.0,100000.0,0.0,0.0,1.0,0.0,0.0,0.0,0.0,0.0
2008-07-22,100000.0,0.0,1.0,1.0,1.0,0.0,0.0,100000.0,0.0,0.0,1.0,0.0,0.0,0.0,0.0,0.0
2008-07-23,100000.0,0.0,1.0,1.0,1.0,0.0,0.0,100000.0,0.0,0.0,1.0,0.0,0.0,0.0,0.0,0.0
2008-07-24,100000.0,0.0,1.0,1.0,1.0,0.0,0.0,100000.0,0.0,0.0,1.0,0.0,0.0,0.0,0.0,0.0
2008-07-25,100000.0,0.0,1.0,1.0,1.0,0.0,0.0,100000.0,0.0,0.0,1.0,0.0,0.0,0.0,0.0,0.0
2008-07-28,100000.0,0.0,1.0,1.0,1.0,0.0,0.0,100000.0,0.0,0.0,1.0,0.0,0.0,0.0,0.0,0.0
2008-07-29,100000.0,0.0,1.0,1.0,1.0,0.0,0.0,100000.0,0.0,0.0,1.0,0.0,0.0,0.0,0.0,0.0
2008-07-30,100000.0,0.0,1.0,1.0,1.0,0.0,0.0,100000.0,0.0,0.0,1.0,0.0,0.0,0.0,0.0,0.0
2008-07-31,100000.0,0.0,1.0,1.0,1.0,0.0,0.0,100000.0,0.0,0.0,1.0,0.0,0.0,0.0,0.0,0.0
2008-08-01,100000.0,0.0,1.0,1.0,1.0,0.0,0.0,100000.0,0.0,0.0,1.0,0.0,0.0,0.0,0.0,0.0
2008-08-04,100000.0,0.0,1.0,1.0,1.0,0.0,0.0,100000.0,0.0,0.0,1.0,0.0,0.0,0.0,0.0,0.0
2008-08-05,100000.0,0.0,1.0,1.0,1.0,0.0,0.0,100000.0,0.0,0.0,1.0,0.0,0.0,0.0,0.0,0.0
2008-08-06,100000.0,0.0,1.0,1.0,1.0,0.0,0.0,100000.0,0.0,0.0,1.0,0.0,0.0,0.0,0.0,0.0
2008-08-07,100000.0,0.0,1.0,1.0,1.0,0.0,0.0,100000.0,0.0,0.0,1.0,0.0,0.0,0.0,0.0,0.0
2008-08-08,100000.0,0.0,1.0,1.0,1.0,0.0,0.0,100000.0,0.0,0.0,1.0,0.0,0.0,0.0,0.0,0.0
2008-08-11,100000.0,0.0,1.0,1.0,1.0,0.0,0.0,100000.0,0.0,0.0,1.0,0.0,0.0,0.0,0.0,0.0
2008-08-12,100000.0,0.0,1.0,1.0,1.0,0.0,0.0,100000.0,0.0,0.0,1.0,0.0,0.0,0.0,0.0,0.0
2008-08-13,100000.0,0.0,1.0,1.0,1.0,0.0,0.0,100000.0,0.0,0.0,1.0,0.0,0.0,0.0,0.0,0.0
2008-08-14,100000.0,0.0,1.0,1.0,1.0,0.0,0.0,100000.0,0.0,0.0,1.0,0.0,0.0,0.0,0.0,0.0
2008-08-15,100000.0,0.0,1.0,1.0,1.0,0.0,0.0,100000.0,0.0,0.0,1.0,0.0,0.0,0.0,0.0,0.0
2008-08-18,100000.0,0.0,1.0,1.0,1.0,0.0,0.0,100000.0,0.0,0.0,1.0,0.0,0.0,0.0,0.0,0.0
2008-08-19,100000.0,0.0,1.0,1.0,1.0,0.0,0.0,100000.0,0.0,0.0,1.0,0.0,0.0,0.0,0.0,0.0
2008-08-20,100000.0,0.0,1.0,1.0,1.0,0.0,0.0,100000.0,0.0,0.0,1.0,0.0,0.0,0.0,0.0,0.0
2008-08-21,100000.0,0.0,1.0,1.0,1.0,0.0,0.0,100000.0,0.0,0.0,1.0,0.0,0.0,0.0,0.0,0.0
2008-08-22,100000.0,0.0,1.0,1.0,1.0,0.0,0.0,100000.0,0.0,0.0,1.0,0.0,0.0,0.0,0.0,0.0
2008-08-25,100000.0,0.0,1.0,1.0,1.0,0.0,0.0,100000.0,0.0,0.0,1.0,0.0,0.0,0.0,0.0,0.0
2008-08-26,100000.0,0.0,1.0,1.0,1.0,0.0,0.0,100000.0,0.0,0.0,1.0,0.0,0.0,0.0,0.0,0.0
2008-08-27,100000.0,0.0,1.0,1.0,1.0,0.0,0.0,100000.0,0.0,0.0,1.0,0.0,0.0,0.0,0.0,0.0
2008-08-28,100000.0,0.0,1.0,1.0,1.0,0.0,0.0,100000.0,0.0,0.0,1.0,0.0,0.0,0.0,0.0,0.0
2008-08-29,100000.0,0.0,1.0,1.0,1.0,0.0,0.0,100000.0,0.0,0.0,1.0,0.0,0.0,0.0,0.0,0.0
2008-09-02,100000.0,0.0,1.0,1.0,1.0,0.0,0.0,100000.0,0.0,0.0,1.0,0.0,0.0,0.0,0.0,0.0
2008-09-03,100000.0,0.0,1.0,1.0,1.0,0.0,0.0,100000.0,0.0,0.0,1.0,0.0,0.0,0.0,0.0,0.0
2008-09-04,100000.0,0.0,1.0,1.0,1.0,0.0,0.0,100000.0,0.0,0.0,1.0,0.0,0.0,0.0,0.0,0.0
2008-09-05,100000.0,0.0,1.0,1.0,1.0,0.0,0.0,100000.0,0.0,0.0,1.0,0.0,0.0,0.0,0.0,0.0
2008-09-08,100000.0,0.0,1.0,1.0,1.0,0.0,0.0,100000.0,0.0,0.0,1.0,0.0,0.0,0.0,0.0,0.0
2008-09-09,100000.0,0.0,1.0,1.0,1.0,0.0,0.0,100000.0,0.0,0.0,1.0,0.0,0.0,0.0,0.0,0.0
2008-09-10,100000.0,0.0,1.0,1.0,1.0,0.0,0.0,100000.0,0.0,0.0,1.0,0.0,0.0,0.0,0.0,0.0
2008-09-11,100000.0,0.0,1.0,1.0,1.0,0.0,0.0,100000.0,0.0,0.0,1.0,0.0,0.0,0.0,0.0,0.0
2008-09-12,100000.0,0.0,1.0,1.0,1.0,0.0,0.0,100000.0,0.0,0.0,1.0,0.0,0.0,0.0,0.0,0.0
2008-09-15,100000.0,0.0,1.0,1.0,1.0,0.0,0.0,100000.0,0.0,0.0,1.0,0.0,0.0,0.0,0.0,0.0
2008-09-16,100000.0,0.0,1.0,1.0,1.0,0.0,0.0,100000.0,0.0,0.0,1.0,0.0,0.0,0.0,0.0,0.0
2008-09-17,100000.0,0.0,1.0,1.0,1.0,0.0,0.0,100000.0,0.0,0.0,1.0,0.0,0.0,0.0,0.0,0.0
2008-09-18,100000.0,0.0,1.0,1.0,1.0,0.0,0.0,100000.0,0.0,0.0,1.0,0.0,0.0,0.0,0.0,0.0
2008-09-19,100000.0,0.0,1.0,1.0,1.0,0.0,0.0,100000.0,0.0,0.0,1.0,0.0,0.0,0.0,0.0,0.0
2008-09-22,100000.0,0.0,1.0,1.0,1.0,0.0,0.0,100000.0,0.0,0.0,1.0,0.0,0.0,0.0,0.0,0.0
2008-09-23,100000.0,0.0,1.0,1.0,1.0,0.0,0.0,100000.0,0.0,0.0,1.0,0.0,0.0,0.0,0.0,0.0
2008-09-24,100000.0,0.0,1.0,1.0,1.0,0.0,0.0,100000.0,0.0,0.0,1.0,0.0,0.0,0.0,0.0,0.0
2008-09-25,100000.0,0.0,1.0,1.0,1.0,0.0,0.0,100000.0,0.0,0.0,1.0,0.0,0.0,0.0,0.0,0.0
2008-09-26,100000.0,0.0,1.0,1.0,1.0,0.0,0.0,100000.0,0.0,0.0,1.0,0.0,0.0,0.0,0.0,0.0
2008-09-29,100000.0,0.0,1.0,1.0,1.0,0.0,0.0,100000.0,0.0,0.0,1.0,0.0,0.0,0.0,0.0,0.0
2008-09-30,100000.0,0.0,1.0,1.0,1.0,0.0,0.0,100000.0,0.0,0.0,1.0,0.0,0.0,0.0,0.0,0.0
2008-10-01,100000.0,0.0,1.0,1.0,1.0,0.0,0.0,100000.0,0.0,0.0,1.0,0.0,0.0,0.0,0.0,0.0
2008-10-02,100000.0,0.0,1.0,1.0,1.0,0.0,0.0,100000.0,0.0,0.0,1.0,0.0,0.0,0.0,0.0,0.0
2008-10-03,100000.0,0.0,1.0,1.0,1.0,0.0,0.0,100000.0,0.0,0.0,1.0,0.0,0.0,0.0,0.0,0.0
2008-10-06,100000.0,0.0,1.0,1.0,1.0,0.0,0.0,100000.0,0.0,0.0,1.0,0.0,0.0,0.0,0.0,0.0
2008-10-07,100000.0,0.0,1.0,1.0,1.0,0.0,0.0,100000.0,0.0,0.0,1.0,0.0,0.0,0.0,0.0,0.0
2008-10-08,100000.0,0.0,1.0,1.0,1.0,0.0,0.0,100000.0,0.0,0.0,1.0,0.0,0.0,0.0,0.0,0.0
2008-10-09,100000.0,0.0,1.0,1.0,1.0,0.0,0.0,100000.0,0.0,0.0,1.0,0.0,0.0,0.0,0.0,0.0
2008-10-10,100000.0,0.0,1.0,1.0,1.0,0.0,0.0,100000.0,0.0,0.0,1.0,0.0,0.0,0.0,0.0,0.0
2008-10-13,100000.0,0.0,1.0,1.0,1.0,0.0,0.0,100000.0,0.0,0.0,1.0,0.0,0.0,0.0,0.0,0.0
2008-10-14,100000.0,0.0,1.0,1.0,1.0,0.0,0.0,100000.0,0.0,0.0,1.0,0.0,0.0,0.0,0.0,0.0
2008-10-15,100000.0,0.0,1.0,1.0,1.0,0.0,0.0,100000.0,0.0,0.0,1.0,0.0,0.0,0.0,0.0,0.0
2008-10-16,100000.0,0.0,1.0,1.0,1.0,0.0,0.0,100000.0,0.0,0.0,1.0,0.0,0.0,0.0,0.0,0.0
2008-10-17,100000.0,0.0,1.0,1.0,1.0,0.0,0.0,100000.0,0.0,0.0,1.0,0.0,0.0,0.0,0.0,0.0
2008-10-20,100000.0,0.0,1.0,1.0,1.0,0.0,0.0,100000.0,0.0,0.0,1.0,0.0,0.0,0.0,0.0,0.0
2008-10-21,100000.0,0.0,1.0,1.0,1.0,0.0,0.0,100000.0,0.0,0.0,1.0,0.0,0.0,0.0,0.0,0.0
2008-10-22,100000.0,0.0,1.0,1.0,1.0,0.0,0.0,100000.0,0.0,0.0,1.0,0.0,0.0,0.0,0.0,0.0
2008-10-23,100000.0,0.0,1.0,1.0,1.0,0.0,0.0,100000.0,0.0,0.0,1.0,0.0,0.0,0.0,0.0,0.0
2008-10-24,100000.0,0.0,1.0,1.0,1.0,0.0,0.0,100000.0,0.0,0.0,1.0,0.0,0.0,0.0,0.0,0.0
2008-10-27,100000.0,0.0,1.0,1.0,1.0,0.0,0.0,100000.0,0.0,0.0,1.0,0.0,0.0,0.0,0.0,0.0
2008-10-28,100000.0,0.0,1.0,1.0,1.0,0.0,0.0,100000.0,0.0,0.0,1.0,0.0,0.0,0.0,0.0,0.0
2008-10-29,100000.0,0.0,1.0,1.0,1.0,0.0,0.0,100000.0,0.0,0.0,1.0,0.0,0.0,0.0,0.0,0.0
2008-10-30,100000.0,0.0,1.0,1.0,1.0,0.0,0.0,100000.0,0.0,0.0,1.0,0.0,0.0,0.0,0.0,0.0
2008-10-31,100000.0,0.0,1.0,1.0,1.0,0.0,0.0,100000.0,0.0,0.0,1.0,0.0,0.0,0.0,0.0,0.0
2008-11-03,100000.0,0.0,1.0,1.0,1.0,0.0,0.0,100000.0,0.0,0.0,1.0,0.0,0.0,0.0,0.0,0.0
2008-11-04,100000.0,0.0,1.0,1.0,1.0,0.0,0.0,100000.0,0.0,0.0,1.0,0.0,0.0,0.0,0.0,0.0
2008-11-05,100000.0,0.0,1.0,1.0,1.0,0.0,0.0,100000.0,0.0,0.0,1.0,0.0,0.0,0.0,0.0,0.0
2008-11-06,100000.0,0.0,1.0,1.0,1.0,0.0,0.0,100000.0,0.0,0.0,1.0,0.0,0.0,0.0,0.0,0.0
2008-11-07,100000.0,0.0,1.0,1.0,1.0,0.0,0.0,100000.0,0.0,0.0,1.0,0.0,0.0,0.0,0.0,0.0
2008-11-10,100000.0,0.0,1.0,1.0,1.0,0.0,0.0,100000.0,0.0,0.0,1.0,0.0,0.0,0.0,0.0,0.0
2008-11-11,100000.0,0.0,1.0,1.0,1.0,0.0,0.0,100000.0,0.0,0.0,1.0,0.0,0.0,0.0,0.0,0.0
2008-11-12,100000.0,0.0,1.0,1.0,1.0,0.0,0.0,100000.0,0.0,0.0,1.0,0.0,0.0,0.0,0.0,0.0
2008-11-13,100000.0,0.0,1.0,1.0,1.0,0.0,0.0,100000.0,0.0,0.0,1.0,0.0,0.0,0.0,0.0,0.0
2008-11-14,100000.0,0.0,1.0,1.0,1.0,0.0,0.0,100000.0,0.0,0.0,1.0,0.0,0.0,0.0,0.0,0.0
2008-11-17,100000.0,0.0,1.0,1.0,1.0,0.0,0.0,100000.0,0.0,0.0,1.0,0.0,0.0,0.0,0.0,0.0
2008-11-18,100000.0,0.0,1.0,1.0,1.0,0.0,0.0,100000.0,0.0,0.0,1.0,0.0,0.0,0.0,0.0,0.0
2008-11-19,100000.0,0.0,1.0,1.0,1.0,0.0,0.0,100000.0,0.0,0.0,1.0,0.0,0.0,0.0,0.0,0.0
2008-11-20,100000.0,0.0,1.0,1.0,1.0,0.0,0.0,100000.0,0.0,0.0,1.0,0.0,0.0,0.0,0.0,0.0
2008-11-21,100000.0,0.0,1.0,1.0,1.0,0.0,0.0,100000.0,0.0,0.0,1.0,0.0,0.0,0.0,0.0,0.0
2008-11-24,100000.0,0.0,1.0,1.0,1.0,0.0,0.0,100000.0,0.0,0.0,1.0,0.0,0.0,0.0,0.0,0.0
2008-11-25,100000.0,0.0,1.0,1.0,1.0,0.0,0.0,100000.0,0.0,0.0,1.0,0.0,0.0,0.0,0.0,0.0
2008-11-26,100000.0,0.0,1.0,1.0,1.0,0.0,0.0,100000.0,0.0,0.0,1.0,0.0,0.0,0.0,0.0,0.0
2008-11-28,100000.0,0.0,1.0,1.0,1.0,0.0,0.0,100000.0,0.0,0.0,1.0,0.0,0.0,0.0,0.0,0.0
2008-12-01,100000.0,0.0,1.0,1.0,1.0,0.0,0.0,100000.0,0.0,0.0,1.0,0.0,0.0,0.0,0.0,0.0
2008-12-02,100000.0,0.0,1.0,1.0,1.0,0.0,0.0,100000.0,0.0,0.0,1.0,0.0,0.0,0.0,0.0,0.0
2008-12-03,100000.0,0.0,1.0,1.0,1.0,0.0,0.0,100000.0,0.0,0.0,1.0,0.0,0.0,0.0,0.0,0.0
2008-12-04,100000.0,0.0,1.0,1.0,1.0,0.0,0.0,100000.0,0.0,0.0,1.0,0.0,0.0,0.0,0.0,0.0
2008-12-05,100000.0,0.0,1.0,1.0,1.0,0.0,0.0,100000.0,0.0,0.0,1.0,0.0,0.0,0.0,0.0,0.0
2008-12-08,100000.0,0.0,1.0,1.0,1.0,0.0,0.0,100000.0,0.0,0.0,1.0,0.0,0.0,0.0,0.0,0.0
2008-12-09,100000.0,0.0,1.0,1.0,1.0,0.0,0.0,100000.0,0.0,0.0,1.0,0.0,0.0,0.0,0.0,0.0
2008-12-10,100000.0,0.0,1.0,1.0,1.0,0.0,0.0,100000.0,0.0,0.0,1.0,0.0,0.0,0.0,0.0,0.0
2008-12-11,100000.0,0.0,1.0,1.0,1.0,0.0,0.0,100000.0,0.0,0.0,1.0,0.0,0.0,0.0,0.0,0.0
2008-12-12,100000.0,0.0,1.0,1.0,1.0,0.0,0.0,100000.0,0.0,0.0,1.0,0.0,0.0,0.0,0.0,0.0
2008-12-15,100000.0,0.0,1.0,1.0,1.0,0.0,0.0,100000.0,0.0,0.0,1.0,0.0,0.0,0.0,0.0,0.0
2008-12-16,100000.0,0.0,1.0,1.0,1.0,0.0,0.0,100000.0,0.0,0.0,1.0,0.0,0.0,0.0,0.0,0.0
2008-12-17,100000.0,0.0,1.0,1.0,1.0,0.0,0.0,100000.0,0.0,0.0,1.0,0.0,0.0,0.0,0.0,0.0
2008-12-18,100000.0,0.0,1.0,1.0,1.0,0.0,0.0,100000.0,0.0,0.0,1.0,0.0,0.0,0.0,0.0,0.0
2008-12-19,100000.0,0.0,1.0,1.0,1.0,0.0,0.0,100000.0,0.0,0.0,1.0,0.0,0.0,0.0,0.0,0.0
2008-12-22,100000.0,0.0,1.0,1.0,1.0,0.0,0.0,100000.0,0.0,0.0,1.0,0.0,0.0,0.0,0.0,0.0
2008-12-23,100000.0,0.0,1.0,1.0,1.0,0.0,0.0,100000.0,0.0,0.0,1.0,0.0,0.0,0.0,0.0,0.0
2008-12-24,100000.0,0.0,1.0,1.0,1.0,0.0,0.0,100000.0,0.0,0.0,1.0,0.0,0.0,0.0,0.0,0.0
2008-12-26,100000.0,0.0,1.0,1.0,1.0,0.0,0.0,100000.0,0.0,0.0,1.0,0.0,0.0,0.0,0.0,0.0
2008-12-29,100000.0,0.0,1.0,1.0,1.0,0.0,0.0,100000.0,0.0,0.0,1.0,0.0,0.0,0.0,0.0,0.0
2008-12-30,100000.0,0.0,1.0,1.0,1.0,0.0,0.0,100000.0,0.0,0.0,1.0,0.0,0.0,0.0,0.0,0.0
2008-12-31,100000.0,0.0,1.0,1.0,1.0,0.0,0.0,100000.0,0.0,0.0,1.0,0.0,0.0,0.0,0.0,0.0
2009-01-02,100000.0,0.0,1.0,1.0,1.0,0.0,0.0,100000.0,0.0,0.0,1.0,0.0,0.0,0.0,0.0,0.0
2009-01-05,100000.0,0.0,1.0,1.0,1.0,0.0,0.0,100000.0,0.0,0.0,1.0,0.0,0.0,0.0,0.0,0.0
2009-01-06,100000.0,0.0,1.0,1.0,1.0,0.0,0.0,100000.0,0.0,0.0,1.0,0.0,0.0,0.0,0.0,0.0
2009-01-07,100000.0,0.0,1.0,1.0,1.0,0.0,0.0,100000.0,0.0,0.0,1.0,0.0,0.0,0.0,0.0,0.0
2009-01-08,100000.0,0.0,1.0,1.0,1.0,0.0,0.0,100000.0,0.0,0.0,1.0,0.0,0.0,0.0,0.0,0.0
2009-01-09,100000.0,0.0,1.0,1.0,1.0,0.0,0.0,100000.0,0.0,0.0,1.0,0.0,0.0,0.0,0.0,0.0
2009-01-12,100000.0,0.0,1.0,1.0,1.0,0.0,0.0,100000.0,0.0,0.0,1.0,0.0,0.0,0.0,0.0,0.0
2009-01-13,100000.0,0.0,1.0,1.0,1.0,0.0,0.0,100000.0,0.0,0.0,1.0,0.0,0.0,0.0,0.0,0.0
2009-01-14,100000.0,0.0,1.0,1.0,1.0,0.0,0.0,100000.0,0.0,0.0,1.0,0.0,0.0,0.0,0.0,0.0
2009-01-15,100000.0,0.0,1.0,1.0,1.0,0.0,0.0,100000.0,0.0,0.0,1.0,0.0,0.0,0.0,0.0,0.0
2009-01-16,100000.0,0.0,1.0,1.0,1.0,0.0,0.0,100000.0,0.0,0.0,1.0,0.0,0.0,0.0,0.0,0.0
2009-01-20,100000.0,0.0,1.0,1.0,1.0,0.0,0.0,100000.0,0.0,0.0,1.0,0.0,0.0,0.0,0.0,0.0
2009-01-21,100000.0,0.0,1.0,1.0,1.0,0.0,0.0,100000.0,0.0,0.0,1.0,0.0,0.0,0.0,0.0,0.0
2009-01-22,100000.0,0.0,1.0,1.0,1.0,0.0,0.0,100000.0,0.0,0.0,1.0,0.0,0.0,0.0,0.0,0.0
2009-01-23,100000.0,0.0,1.0,1.0,1.0,0.0,0.0,100000.0,0.0,0.0,1.0,0.0,0.0,0.0,0.0,0.0
2009-01-26,100000.0,0.0,1.0,1.0,1.0,0.0,0.0,100000.0,0.0,0.0,1.0,0.0,0.0,0.0,0.0,0.0
2009-01-27,100000.0,0.0,1.0,1.0,1.0,0.0,0.0,100000.0,0.0,0.0,1.0,0.0,0.0,0.0,0.0,0.0
2009-01-28,100000.0,0.0,1.0,1.0,1.0,0.0,0.0,100000.0,0.0,0.0,1.0,0.0,0.0,0.0,0.0,0.0
2009-01-29,100000.0,0.0,1.0,1.0,1.0,0.0,0.0,100000.0,0.0,0.0,1.0,0.0,0.0,0.0,0.0,0.0
2009-01-30,100000.0,0.0,1.0,1.0,1.0,0.0,0.0,100000.0,0.0,0.0,1.0,0.0,0.0,0.0,0.0,0.0
2009-02-02,100000.0,0.0,1.0,1.0,1.0,0.0,0.0,100000.0,0.0,0.0,1.0,0.0,0.0,0.0,0.0,0.0
2009-02-03,100000.0,0.0,1.0,1.0,1.0,0.0,0.0,100000.0,0.0,0.0,1.0,0.0,0.0,0.0,0.0,0.0
2009-02-04,100000.0,0.0,1.0,1.0,1.0,0.0,0.0,100000.0,0.0,0.0,1.0,0.0,0.0,0.0,0.0,0.0
2009-02-05,100000.0,0.0,1.0,1.0,1.0,0.0,0.0,100000.0,0.0,0.0,1.0,0.0,0.0,0.0,0.0,0.0
2009-02-06,100000.0,0.0,1.0,1.0,1.0,0.0,0.0,100000.0,0.0,0.0,1.0,0.0,0.0,0.0,0.0,0.0
2009-02-09,100000.0,0.0,1.0,1.0,1.0,0.0,0.0,100000.0,0.0,0.0,1.0,0.0,0.0,0.0,0.0,0.0
2009-02-10,100000.0,0.0,1.0,1.0,1.0,0.0,0.0,100000.0,0.0,0.0,1.0,0.0,0.0,0.0,0.0,0.0
2009-02-11,100000.0,0.0,1.0,1.0,1.0,0.0,0.0,100000.0,0.0,0.0,1.0,0.0,0.0,0.0,0.0,0.0
2009-02-12,100000.0,0.0,1.0,1.0,1.0,0.0,0.0,100000.0,0.0,0.0,1.0,0.0,0.0,0.0,0.0,0.0
2009-02-13,100000.0,0.0,1.0,1.0,1.0,0.0,0.0,100000.0,0.0,0.0,1.0,0.0,0.0,0.0,0.0,0.0
2009-02-17,100000.0,0.0,1.0,1.0,1.0,0.0,0.0,100000.0,0.0,0.0,1.0,0.0,0.0,0.0,0.0,0.0
2009-02-18,100000.0,0.0,1.0,1.0,1.0,0.0,0.0,100000.0,0.0,0.0,1.0,0.0,0.0,0.0,0.0,0.0
2009-02-19,100000.0,0.0,1.0,1.0,1.0,0.0,0.0,100000.0,0.0,0.0,1.0,0.0,0.0,0.0,0.0,0.0
2009-02-20,100000.0,0.0,1.0,1.0,1.0,0.0,0.0,100000.0,0.0,0.0,1.0,0.0,0.0,0.0,0.0,0.0
2009-02-23,100000.0,0.0,1.0,1.0,1.0,0.0,0.0,100000.0,0.0,0.0,1.0,0.0,0.0,0.0,0.0,0.0
2009-02-24,100000.0,0.0,1.0,1.0,1.0,0.0,0.0,100000.0,0.0,0.0,1.0,0.0,0.0,0.0,0.0,0.0
2009-02-25,100000.0,0.0,1.0,1.0,1.0,0.0,0.0,100000.0,0.0,0.0,1.0,0.0,0.0,0.0,0.0,0.0
2009-02-26,100000.0,0.0,1.0,1.0,1.0,0.0,0.0,100000.0,0.0,0.0,1.0,0.0,0.0,0.0,0.0,0.0
2009-02-27,100000.0,0.0,1.0,1.0,1.0,0.0,0.0,100000.0,0.0,0.0,1.0,0.0,0.0,0.0,0.0,0.0
2009-03-02,100000.0,0.0,1.0,1.0,1.0,0.0,0.0,100000.0,0.0,0.0,1.0,0.0,0.0,0.0,0.0,0.0
2009-03-03,100000.0,0.0,1.0,1.0,1.0,0.0,0.0,100000.0,0.0,0.0,1.0,0.0,0.0,0.0,0.0,0.0
2009-03-04,100000.0,0.0,1.0,1.0,1.0,0.0,0.0,100000.0,0.0,0.0,1.0,0.0,0.0,0.0,0.0,0.0
2009-03-05,100000.0,0.0,1.0,1.0,1.0,0.0,0.0,100000.0,0.0,0.0,1.0,0.0,0.0,0.0,0.0,0.0
2009-03-06,100000.0,0.0,1.0,1.0,1.0,0.0,0.0,100000.0,0.0,0.0,1.0,0.0,0.0,0.0,0.0,0.0
2009-03-09,100000.0,0.0,1.0,1.0,1.0,0.0,0.0,100000.0,0.0,0.0,1.0,0.0,0.0,0.0,0.0,0.0
2009-03-10,100000.0,0.0,1.0,1.0,1.0,0.0,0.0,100000.0,0.0,0.0,1.0,0.0,0.0,0.0,0.0,0.0
2009-03-11,100000.0,0.0,1.0,1.0,1.0,0.0,0.0,100000.0,0.0,0.0,1.0,0.0,0.0,0.0,0.0,0.0
2009-03-12,100000.0,0.0,1.0,1.0,1.0,0.0,0.0,100000.0,0.0,0.0,1.0,0.0,0.0,0.0,0.0,0.0
2009-03-13,100000.0,0.0,1.0,1.0,1.0,0.0,0.0,100000.0,0.0,0.0,1.0,0.0,0.0,0.0,0.0,0.0
2009-03-16,100000.0,0.0,1.0,1.0,1.0,0.0,0.0,100000.0,0.0,0.0,1.0,0.0,0.0,0.0,0.0,0.0
2009-03-17,100000.0,0.0,1.0,1.0,1.0,0.0,0.0,100000.0,0.0,0.0,1.0,0.0,0.0,0.0,0.0,0.0
2009-03-18,100000.0,0.0,1.0,1.0,1.0,0.0,0.0,100000.0,0.0,0.0,1.0,0.0,0.0,0.0,0.0,0.0
2009-03-19,100000.0,0.0,1.0,1.0,1.0,0.0,0.0,100000.0,0.0,0.0,1.0,0.0,0.0,0.0,0.0,0.0
2009-03-20,100000.0,0.0,1.0,1.0,1.0,0.0,0.0,100000.0,0.0,0.0,1.0,0.0,0.0,0.0,0.0,0.0
2009-03-23,100000.0,0.0,1.0,1.0,1.0,0.0,0.0,100000.0,0.0,0.0,1.0,0.0,0.0,0.0,0.0,0.0
2009-03-24,100000.0,0.0,1.0,1.0,1.0,0.0,0.0,100000.0,0.0,0.0,1.0,0.0,0.0,0.0,0.0,0.0
2009-03-25,100000.0,0.0,1.0,1.0,1.0,0.0,0.0,100000.0,0.0,0.0,1.0,0.0,0.0,0.0,0.0,0.0
2009-03-26,100000.0,0.0,1.0,1.0,1.0,0.0,0.0,100000.0,0.0,0.0,1.0,0.0,0.0,0.0,0.0,0.0
2009-03-27,100000.0,0.0,1.0,1.0,1.0,0.0,0.0,100000.0,0.0,0.0,1.0,0.0,0.0,0.0,0.0,0.0
2009-03-30,100000.0,0.0,1.0,1.0,1.0,0.0,0.0,100000.0,0.0,0.0,1.0,0.0,0.0,0.0,0.0,0.0
2009-03-31,100000.0,0.0,1.0,1.0,1.0,0.0,0.0,100000.0,0.0,0.0,1.0,0.0,0.0,0.0,0.0,0.0
2009-04-01,100000.0,0.0,1.0,1.0,1.0,0.0,0.0,100000.0,0.0,0.0,1.0,0.0,0.0,0.0,0.0,0.0
2009-04-02,100000.0,0.0,1.0,1.0,1.0,0.0,0.0,100000.0,0.0,0.0,1.0,0.0,0.0,0.0,0.0,0.0
2009-04-03,100000.0,0.0,1.0,1.0,1.0,0.0,0.0,100000.0,0.0,0.0,1.0,0.0,0.0,0.0,0.0,0.0
2009-04-06,100000.0,0.0,1.0,1.0,1.0,0.0,0.0,100000.0,0.0,0.0,1.0,0.0,0.0,0.0,0.0,0.0
2009-04-07,99900.09990009991,-0.0009990009990008542,0.9960039960039966,1.0,1.0,-0.0009990009990008,-0.0009990009990009988,99900.0999000999,1.0,1.0,0.0,0.9990009990009988,0.0,99.90009990009987,0.0,99.90009990009987
2009-04-08,100542.65991112417,0.0,1.0,0.9960039960039966,1.0,0.0064320257103525,0.006428029706356697,100542.26070992573,1.0,0.9960039960039966,0.003996003996003417,0.0,0.003996003996003417,0.0,0.39920119840193974,0.39920119840193974
2009-04-09,105566.51566554556,0.0,1.0,1.0,0.9960039960039966,0.0499674044715179,0.049763738519583794,105545.61948206229,1.0,1.0,0.0,0.0,0.003996003996003417,0.0,0.40176727556408054,0.40176727556408054
2009-04-13,106371.62458945005,0.0,1.0,1.0,1.0,0.0076265558148684,0.0076265558148684,106350.5690400571,1.0,1.0,0.0,0.0,0.0,0.0,0.0,0.0
2009-04-14,103505.25614384506,-0.02694673938343961,0.8922130424662416,1.0,1.0,-0.0269467393834396,-0.0269467393834394,103484.76797285421,1.0,1.0,0.0,0.0,0.0,0.0,0.0,0.0
2009-04-15,106701.72601137488,0.0,1.0,0.8922130424662416,1.0,0.0308821985145137,0.03077441155698004,106669.45081232944,1.0,0.8922130424662416,0.10778695753375844,0.0,0.10778695753375844,0.0,11.154308290880884,11.154308290880884
2009-04-16,108008.5382157754,0.0,1.0,1.0,0.8922130424662416,0.0122473389442752,0.010819448584053303,107823.55545088265,1.0,1.0,0.0,0.0,0.10778695753375844,0.0,11.497575564857888,11.497575564857888
2009-04-17,108387.03257900798,0.0,1.0,1.0,1.0,0.0035043003959227,0.0035043003959229,108201.40157893901,1.0,1.0,0.0,0.0,0.0,0.0,0.0,0.0
2009-04-20,102396.61870318414,-0.055268732183964664,0.7789250712641413,1.0,1.0,-0.0552687321839646,-0.0552687321839646,102221.24729314304,1.0,1.0,0.0,0.0,0.0,0.0,0.0,0.0
2009-04-21,106164.11390938,-0.0205090832061261,0.9179636671754956,0.7789250712641413,1.0,0.0367931603006994,0.03657208537196364,105959.69147597646,1.0,0.7789250712641413,0.22107492873585866,0.0,0.22107492873585866,0.0,22.59855496062218,22.59855496062218
2009-04-22,104365.58169650252,-0.03710269380771225,0.851589224769151,0.9179636671754956,0.7789250712641413,-0.0169410561313843,-0.013334851950339767,104546.73467744062,1.0,0.9179636671754956,0.0820363328245044,0.0,0.13903859591135426,0.0,14.732486726020062,14.732486726020062
2009-04-23,107355.65534592248,-0.009515688441176562,0.9619372462352938,0.851589224769151,0.9179636671754956,0.028649997449496,0.026233282280901597,107289.33867978043,1.0,0.851589224769151,0.148410775230849,0.0,0.0663744424063446,0.0,6.939231219619172,6.939231219619172
2009-04-24,109677.0069012801,0.0,1.0,0.9619372462352938,0.851589224769151,0.0216230020475189,0.018303567529362158,109253.1163354864,1.0,0.9619372462352938,0.03806275376470625,0.0,0.11034802146614275,0.0,11.839166247724672,11.839166247724672
2009-04-27,107889.01160230422,-0.016302371385692904,0.9347905144572284,1.0,0.9619372462352938,-0.0163023713856929,-0.01571992099162299,107535.66597860395,1.0,1.0,0.0,0.0,0.03806275376470625,0.0,4.158474465104424,4.158474465104424
2009-04-28,107025.10350064033,-0.024179210169609555,0.9032831593215618,0.9347905144572284,1.0,-0.0080073780344601,-0.008072587520003071,106667.57490346985,1.0,0.9347905144572284,0.06520948554277162,0.0,0.06520948554277162,0.0,7.012345455964092,7.012345455964092
2009-04-29,109981.89936188929,0.0,1.0,0.9032831593215618,0.9347905144572284,0.0276271245206625,0.025794066588508153,109418.96543336462,1.0,0.9032831593215618,0.09671684067843822,0.0,0.031507355135666604,0.0,3.360813163943943,3.360813163943943
2009-04-30,110438.45720316505,0.0,1.0,1.0,0.9032831593215618,0.0041512089164188,0.003653000264348263,109818.67294301742,1.0,1.0,0.0,0.0,0.09671684067843822,0.0,10.582656647018265,10.582656647018265
2009-05-01,111388.02427933524,0.0,1.0,1.0,1.0,0.0085981559342445,0.0085981559342445,110762.91101747329,1.0,1.0,0.0,0.0,0.0,0.0,0.0,0.0
2009-05-04,116001.2877921192,0.0,1.0,1.0,1.0,0.0414161535104975,0.0414161535104973,115350.2847434425,1.0,1.0,0.0,0.0,0.0,0.0,0.0,0.0
2009-05-05,114630.08809420287,-0.011820555823255918,0.9527177767069763,1.0,1.0,-0.0118205558232559,-0.0118205558232559,113986.78026340419,1.0,1.0,0.0,0.0,0.0,0.0,0.0,0.0
2009-05-06,118152.43381105864,0.0,1.0,0.9527177767069763,1.0,0.0307279334371715,0.030680651213878477,117483.96891165868,1.0,0.9527177767069763,0.04728222329302367,0.0,0.04728222329302367,0.0,5.3895483968671005,5.3895483968671005
2009-05-07,114928.23906335718,-0.027288432778772687,0.8908462688849093,1.0,0.9527177767069763,-0.0272884327787727,-0.026045457230103316,114424.04522414728,1.0,1.0,0.0,0.0,0.04728222329302367,0.0,5.554903251431697,5.554903251431697
2009-05-08,120522.1138144164,0.0,1.0,0.8908462688849093,1.0,0.0486727613391471,0.04856360760803201,119980.88965733649,1.0,0.8908462688849093,0.10915373111509075,0.0,0.10915373111509075,0.0,12.489811465497556,12.489811465497556
2009-05-11,117015.19988274724,-0.029097680256995884,0.8836092789720165,1.0,0.8908462688849093,-0.0290976802569959,-0.026030713621266063,116857.70147864163,1.0,1.0,0.0,0.0,0.10915373111509075,0.0,13.09636176860628,13.09636176860628
2009-05-12,118202.52678902385,-0.01924615285925302,0.9230153885629879,0.8836092789720165,1.0,0.0101467750127022,0.010030384291674117,118029.82913191413,1.0,0.8836092789720165,0.11639072102798353,0.0,0.11639072102798353,0.0,13.601152132771956,13.601152132771956
2009-05-13,113517.7796634839,-0.058116588974849726,0.7675336441006011,0.9230153885629879,0.8836092789720165,-0.0396332231873655,-0.03505968987351601,113891.73992672515,1.0,0.9230153885629879,0.07698461143701207,0.0,0.03940610959097146,0.0,4.651096381775844,4.651096381775844
2009-05-14,115052.55412699142,-0.04538220841236795,0.8184711663505282,0.7675336441006011,0.9230153885629879,0.0135201240550797,0.012323800813656988,115295.31904390293,1.0,0.7675336441006011,0.2324663558993989,0.0,0.15548174446238683,0.0,17.708086403663696,17.708086403663696
2009-05-15,113864.32754559931,-0.05524120062372073,0.7790351975051171,0.8184711663505282,0.7675336441006011,-0.0103276853817653,-0.007977783518440832,114375.5179478811,1.0,0.8184711663505282,0.1815288336494718,0.0,0.05093752224992709,0.0,5.8728578791112485,5.8728578791112485
2009-05-18,118832.88121928464,-0.014015955592455831,0.9439361776301767,0.7790351975051171,0.8184711663505282,0.043635735447483,0.03567515531741901,118455.88231518201,1.0,0.7790351975051171,0.22096480249488293,0.0,0.03943596884541112,0.0,4.5105093624704,4.5105093624704
2009-05-19,119014.98444604236,-0.012505002780608065,0.9499799888775677,0.9439361776301767,0.7790351975051171,0.0015324313009095,0.001028916941042074,118577.76357926217,1.0,0.9439361776301767,0.056063822369823324,0.0,0.1649009801250596,0.0,19.53349109535223,19.53349109535223
2009-05-20,119603.8227793029,-0.007619274223214512,0.969522903107142,0.9499799888775677,0.9439361776301767,0.0049475982877391,0.004664173204930662,119130.83080684916,1.0,0.9499799888775677,0.05002001112243226,0.0,0.006043811247391062,0.0,0.7166616212108229,0.7166616212108229
2009-05-21,118828.415961096,-0.014053004877830122,0.9437879804886795,0.969522903107142,0.9499799888775677,-0.0064831273799474,-0.0061783841905241445,118394.79476518811,1.0,0.969522903107142,0.030477096892858047,0.0,0.019542914229574215,0.0,2.3281636085561708,2.3281636085561708
2009-05-22,118328.8579566712,-0.018197953788982146,0.9272081848440714,0.9437879804886795,0.969522903107142,-0.0042040281390973,-0.004101636488779998,117909.18235489758,1.0,0.9437879804886795,0.05621201951132049,0.0,0.02573492261846244,0.0,3.0468808817108584,3.0468808817108584
2009-05-26,121755.43196689805,0.0,1.0,0.9272081848440714,0.9437879804886795,0.0289580586629303,0.02731368790871509,121129.71696331103,1.0,0.9272081848440714,0.07279181515592859,0.0,0.016579795644608097,0.0,1.954910148067033,1.954910148067033
2009-05-27,119790.39788959252,-0.016139190223888766,0.9354432391044449,1.0,0.9272081848440714,-0.0161391902238886,-0.015037181087500953,119308.26747425598,1.0,1.0,0.0,0.0,0.07279181515592859,0.0,8.817251967083283,8.817251967083283
2009-05-28,120512.97539403058,-0.010204526835445482,0.9591818926582181,0.9354432391044449,1.0,0.0060320152296684,0.005967458468772645,120020.23460538982,1.0,0.9354432391044449,0.06455676089555507,0.0,0.06455676089555507,0.0,7.702155296198473,7.702155296198473
2009-05-29,123434.93907851508,0.0,1.0,0.9591818926582181,0.9354432391044449,0.0242460504765633,0.022657065339732472,122739.54090293415,1.0,0.9591818926582181,0.04081810734178193,0.0,0.023738653553773137,0.0,2.8491187687399226,2.8491187687399226
2009-06-01,127140.58144644824,0.0,1.0,1.0,0.9591818926582181,0.0300210167039987,0.02875479751432367,126268.89154859906,1.0,1.0,0.0,0.0,0.04081810734178193,0.0,5.009995755657,5.009995755657
2009-06-02,127164.03851809488,0.0,1.0,1.0,1.0,0.000184497124205,0.0001844971242051,126292.18779596634,1.0,1.0,0.0,0.0,0.0,0.0,0.0,0.0
2009-06-03,123595.04759989456,-0.028066039422713573,0.8877358423091457,1.0,1.0,-0.0280660394227135,-0.0280660394227135,122747.66627450402,1.0,1.0,0.0,0.0,0.0,0.0,0.0,0.0
2009-06-04,124676.31542253285,-0.019563102309054448,0.9217475907637822,0.8877358423091457,1.0,0.0087484720758277,0.008636207918136846,123807.74064191671,1.0,0.8877358423091457,0.1122641576908543,0.0,0.1122641576908543,0.0,13.780163362825277,13.780163362825277
2009-06-05,123662.73261725636,-0.027533774026375357,0.8898649038944986,0.9217475907637822,0.8877358423091457,-0.0081297141469205,-0.0072510503844036844,122910.00447654299,1.0,0.9217475907637822,0.07825240923621779,0.0,0.0340117484546365,0.0,4.210917731449747,4.210917731449747
2009-06-08,123616.22297484888,-0.027899519271253448,0.8884019229149862,0.8898649038944986,0.9217475907637822,-0.0003761007170318,-0.0003785526166778763,122863.47657273251,1.0,0.8898649038944986,0.11013509610550143,0.0,0.03188268686928364,0.0,3.91870118582787,3.91870118582787
2009-06-09,124370.18931008896,-0.021970434727962562,0.9121182610881498,0.8884019229149862,0.8898649038944986,0.0060992507059003,0.00542604616225491,123530.13946827127,1.0,0.8884019229149862,0.11159807708501379,0.0,0.0014629809795123627,0.0,0.17974692930267044,0.17974692930267044
2009-06-10,124390.78993624912,-0.02180843431966928,0.9127662627213229,0.9121182610881498,0.8884019229149862,0.000165639581916,0.00012343818491184524,123545.38780446914,1.0,0.9121182610881498,0.08788173891185025,0.0,0.023716338173163543,0.0,2.9296825622075784,2.9296825622075784
2009-06-11,125493.06868709603,-0.013140270240482144,0.9474389190380714,0.9127662627213229,0.9121182610881498,0.0088614177256358,0.00808201292504955,124543.88322553512,1.0,0.9127662627213229,0.08723373727867711,0.0,0.0006480016331731342,0.0,0.08005761306830422,0.08005761306830422
2009-06-12,125847.058316986,-0.010356545895021108,0.9585738164199156,0.9474389190380714,0.9127662627213229,0.0028207902921919,0.0025400495566078405,124860.23086090037,1.0,0.9474389190380714,0.052561080961928575,0.0,0.03467265631674854,0.0,4.318267259432243,4.318267259432243
2009-06-15,121668.41457001543,-0.04321680887240342,0.8271327645103863,0.9585738164199156,0.9474389190380714,-0.0332041432104459,-0.03147003244827193,120930.8753442091,1.0,0.9585738164199156,0.04142618358008443,0.0,0.011134897381844144,0.0,1.3903058577094949,1.3903058577094949
2009-06-16,120539.78281710926,-0.05209220922975821,0.7916311630809671,0.8271327645103863,0.9585738164199156,-0.009276292100089,-0.009023451772517756,119839.66142273229,1.0,0.8271327645103863,0.1728672354896137,0.0,0.13144105190952926,0.0,15.895281463583,15.895281463583
2009-06-17,120412.88561453077,-0.05309011086969728,0.7876395565212109,0.7916311630809671,0.8271327645103863,-0.0010527412578055,-0.0009062583883122237,119731.05572431542,1.0,0.7916311630809671,0.20836883691903285,0.0,0.03550160142941916,0.0,4.254499895266381,4.254499895266381
2009-06-18,120041.65912972912,-0.05600938340246464,0.7759624663901414,0.7876395565212109,0.7916311630809671,-0.0030829465044963,-0.0024445481336305645,119438.36739550692,1.0,0.7876395565212109,0.21236044347878913,0.0,0.003991606559756278,0.0,0.4779192674357219,0.4779192674357219
2009-06-19,122209.2315830245,-0.03896390042980058,0.8441443982807977,0.7759624663901414,0.7876395565212109,0.0180568351771353,0.0142106005609643,121135.65832621818,1.0,0.7759624663901414,0.22403753360985856,0.0,0.011677090131069434,0.0,1.3946925811851192,1.3946925811851192
2009-06-22,117760.65518586934,-0.0739468755617374,0.7042124977530504,0.8441443982807977,0.7759624663901414,-0.0364013122374716,-0.02831423395551691,117705.79495601407,1.0,0.8441443982807977,0.15585560171920232,0.0,0.06818193189065624,0.0,8.259263205528015,8.259263205528015
2009-06-23,118928.68652974934,-0.06476164239761617,0.7409534304095353,0.7042124977530504,0.8441443982807977,0.0099186892433336,0.008232874062520315,118674.8519423158,1.0,0.7042124977530504,0.2957875022469496,0.0,0.1399319005277473,0.0,16.470795591324382,16.470795591324382
2009-06-24,119807.94500092596,-0.05784727823127589,0.7686108870748964,0.7409534304095353,0.7042124977530504,0.0073931571669774,0.005169612742181607,119288.35496909331,1.0,0.7409534304095353,0.2590465695904647,0.0,0.036740932656484926,0.0,4.360224743230944,4.360224743230944
2009-06-25,121392.16426872285,-0.04538920214106534,0.8184431914357386,0.7686108870748964,0.7409534304095353,0.0132229900761975,0.009769962400564495,120453.79771196653,1.0,0.7686108870748964,0.23138911292510356,0.0,0.027657456665361124,0.0,3.2992125082399135,3.2992125082399135
2009-06-26,121397.99551737373,-0.045343346027034825,0.8186266158918607,0.8184431914357386,0.7686108870748964,4.8036450177812995e-05,-1.2910965777821075e-05,120452.24253710647,1.0,0.8184431914357386,0.18155680856426137,0.0,0.04983230436084218,0.0,6.002490309002033,6.002490309002033
2009-06-29,122140.6599941688,-0.0395031376988807,0.8419874492044772,0.8186266158918607,0.8184431914357386,0.0061176008189425,0.005006725313729065,121055.31382891243,1.0,0.8186266158918607,0.1813733841081393,0.0,0.00018342445612207214,0.0,0.022093887076052678,0.022093887076052678
2009-06-30,121524.38703413162,-0.04434942102881356,0.8226023158847457,0.8419874492044772,0.8186266158918607,-0.0050456003763741,-0.004153823594566609,120552.47141008223,1.0,0.8419874492044772,0.1580125507955228,0.0,0.023360833312616514,0.0,2.8279530079637043,2.8279530079637043
2009-07-01,123072.44875899794,-0.032175682738439626,0.8712972690462415,0.8226023158847457,0.8419874492044772,0.0127386919008407,0.010706433566470946,121843.15843650817,1.0,0.8226023158847457,0.17739768411525425,0.0,0.019385133319731462,0.0,2.3369257303075597,2.3369257303075597
2009-07-02,119330.1754620736,-0.061604390260903474,0.7535824389563861,0.8712972690462415,0.8226023158847457,-0.0304070759512757,-0.025061626049964328,118789.57076302585,1.0,0.8712972690462415,0.1287027309537585,0.0,0.048694953161495746,0.0,5.93314689311447,5.93314689311447
2009-07-06,119905.2477881886,-0.057082102884561836,0.7716715884617527,0.7535824389563861,0.8712972690462415,0.0048191693667438,0.004317329626626608,119302.4244962153,0.0,0.0,1.0,0.7579720524139348,0.0,90.03917475662104,0.0,90.03917475662104
2009-07-07,119905.2477881886,-0.057082102884561836,0.7716715884617527,0.7716715884617527,0.7535824389563861,0.0,0.0,119302.4244962153,0.0,0.0,1.0,0.0,0.0,0.0,0.0,0.0
2009-07-08,119905.2477881886,-0.057082102884561836,0.7716715884617527,0.7716715884617527,0.7716715884617527,0.0,0.0,119302.4244962153,0.0,0.0,1.0,0.0,0.0,0.0,0.0,0.0
2009-07-09,119905.2477881886,-0.057082102884561836,0.7716715884617527,0.7716715884617527,0.7716715884617527,0.0,0.0,119302.4244962153,0.0,0.0,1.0,0.0,0.0,0.0,0.0,0.0
2009-07-10,119905.2477881886,-0.057082102884561836,0.7716715884617527,0.7716715884617527,0.7716715884617527,0.0,0.0,119302.4244962153,0.0,0.0,1.0,0.0,0.0,0.0,0.0,0.0
2009-07-13,119905.2477881886,-0.057082102884561836,0.7716715884617527,0.7716715884617527,0.7716715884617527,0.0,0.0,119302.4244962153,0.0,0.0,1.0,0.0,0.0,0.0,0.0,0.0
2009-07-14,119905.2477881886,-0.057082102884561836,0.7716715884617527,0.7716715884617527,0.7716715884617527,0.0,0.0,119302.4244962153,0.0,0.0,1.0,0.0,0.0,0.0,0.0,0.0
2009-07-15,119905.2477881886,-0.057082102884561836,0.7716715884617527,0.7716715884617527,0.7716715884617527,0.0,0.0,119302.4244962153,0.0,0.0,1.0,0.0,0.0,0.0,0.0,0.0
2009-07-16,119905.2477881886,-0.057082102884561836,0.7716715884617527,0.7716715884617527,0.7716715884617527,0.0,0.0,119302.4244962153,0.0,0.0,1.0,0.0,0.0,0.0,0.0,0.0
2009-07-17,119881.26673863096,-0.05727068646398492,0.7709172541440603,0.7716715884617527,0.7716715884617527,-0.0001999999999999,-0.00015433431769235054,119284.01203793164,0.2000400080016003,0.15436519073049662,0.8456348092695034,0.15433431769235054,0.0,18.412458283666556,0.0,18.412458283666556
2009-07-20,120394.95885386904,-0.053231084378172144,0.7870756624873114,0.7709172541440603,0.7716715884617527,0.0042850074011817,0.0033064649960967245,119678.42044832905,0.203453216862731,0.1568455952905926,0.8431544047094074,0.0,0.00015347174352445988,0.0,0.01830672530205403,0.01830672530205403
2009-07-21,120683.33298028108,-0.05096335106478733,0.7961465957408507,0.7870756624873114,0.7709172541440603,0.0023952342287194,0.0018432091592576227,119899.01280906492,0.2053565739963219,0.16163116152427964,0.8383688384757204,0.0,0.003318235378603631,0.0,0.39712116878704573,0.39712116878704573
2009-07-22,120755.43642130736,-0.050396339810139024,0.7984146407594439,0.7961465957408507,0.7870756624873114,0.000597459808622,0.00046837899489197315,119955.17098817299,0.2058310580204107,0.1638716961406875,0.8361283038593125,0.0,0.00186707978880851,0.0,0.22386102351389778,0.22386102351389778
2009-07-23,121602.56328789573,-0.043734654034346176,0.8250613838626153,0.7984146407594439,0.7961465957408507,0.0070152275681634,0.005584670164756612,120625.08105269891,0.2113635223794734,0.16875573079025794,0.831244269209742,0.0,0.00047938198404508427,0.0,0.0575043478647777,0.0575043478647777
2009-07-24,121809.8386943134,-0.04210466957621517,0.8315813216951393,0.8250613838626153,0.7984146407594439,0.0017045315560244,0.0013552550413987354,120788.5588019147,0.2127054907144355,0.17549508652402881,0.8245049134759712,0.0,0.00566790856770157,0.0,0.6836919303782885,0.6836919303782885
2009-07-27,121863.90946235464,-0.04167946470956141,0.8332821411617544,0.8315813216951393,0.8250613838626153,0.0004438949153926,0.0003648514490563914,120832.628682623,0.2130548116822226,0.17717240189221167,0.8228275981077884,0.0,0.0013891041270882047,0.0,0.167787885536776,0.167787885536776
2009-07-28,121647.62391283397,-0.04338030365775114,0.8264787853689954,0.8332821411617544,0.8315813216951393,-0.001774812169369,-0.0014762606376117354,120654.24822915968,0.2116556485335866,0.17636887199904677,0.8236311280009532,0.0,0.00035998804724495604,0.0,0.04349830204293232,0.04349830204293232
2009-07-29,121106.90880035434,-0.04763241076901337,0.8094703569239465,0.8264787853689954,0.8332821411617544,-0.0044449295028323,-0.003705296395798295,120207.18847805842,0.2081358682923245,0.17201987961796156,0.8279801203820385,0.0,0.0014160223652274946,0.0,0.17084911395219995,0.17084911395219995
2009-07-30,121872.91960545762,-0.041608610219502906,0.8335655591219884,0.8094703569239465,0.8264787853689954,0.0063250793261186,0.005223919161754233,120835.14111332956,0.2131129910446594,0.17250864892605025,0.8274913510739498,0.0,0.003624717058893438,0.0,0.43571704667803707,0.43571704667803707
2009-07-31,122143.28583244278,-0.03948248847835756,0.8420700460865698,0.8335655591219884,0.8094703569239465,0.0022184274230929,0.0017905742686441354,121051.50540775507,0.2148547787346249,0.1790955437659587,0.8209044562340413,0.0,0.005176969336826328,0.0,0.6255598203547895,0.6255598203547895
2009-08-03,123071.52380580458,-0.032182956439433585,0.8712681742422657,0.8420700460865698,0.8335655591219884,0.0075995824660815,0.0063328726161278005,121818.10917149289,0.2207765515903187,0.1859093209724936,0.8140906790275064,0.0,0.0018775913050850966,0.0,0.22728525402106248,0.22728525402106248
2009-08-04,122972.40479960424,-0.03296241427480451,0.868150342900782,0.8712681742422657,0.8420700460865698,-0.0008053772565354,-0.0006846119869699432,121734.71103372409,0.2201484769101475,0.19180836153971978,0.8081916384602802,0.0,0.0064279234421037446,0.0,0.7830374796161923,0.7830374796161923
2009-08-05,123188.68291705743,-0.0312616337713415,0.874953464914634,0.868150342900782,0.8712681742422657,0.0017587532569249,0.0015316550844778137,121921.16662283632,0.2215176353045146,0.19231061104818473,0.8076893889518153,0.0,0.0006906546260437695,0.0,0.08407664132554306,0.08407664132554306
2009-08-06,122963.38474707796,-0.03303334669116531,0.8678666132353388,0.874953464914634,0.868150342900782,-0.0018288869126977,-0.0015892461081523069,121727.40388327958,0.2200912704359161,0.19256961966536854,0.8074303803346314,0.0,0.0014973077669592403,0.0,0.1825535097411045,0.1825535097411045
2009-08-07,123125.59952855745,-0.031757712609628896,0.8729691495614844,0.8678666132353388,0.874953464914634,0.0013192120712448,0.0011526821366957952,121867.7168872822,0.2211187799434805,0.19190160667227857,0.8080983933277215,0.0,0.0015670359969661685,0.0,0.19075122370233846,0.19075122370233846
2009-08-10,122765.11452905164,-0.03459251562238874,0.861629937510445,0.8729691495614844,0.8678666132353388,-0.0029277826941437,-0.002542041447697442,121557.92409981847,0.2188316888809726,0.191033313339526,0.808966686660474,0.0,0.0011165966418269673,0.0,0.1360770834234589,0.1360770834234589
2009-08-11,122702.03857261906,-0.03508853601594997,0.8596458559362001,0.861629937510445,0.8729691495614844,-0.0005137938141023,-0.00045100297443106117,121503.1011144838,0.2184301231129395,0.18820593332820088,0.8117940666717991,0.0,0.0024768254843122593,0.0,0.30107776423052574,0.30107776423052574
2009-08-12,122945.3669382278,-0.03317503618970685,0.8672998552411726,0.8596458559362001,0.861629937510445,0.001983083316621,0.0017082475019176712,121710.65848343784,0.2199769737628505,0.18910229389662064,0.8108977061033793,0.0,0.00043645226040102555,0.0,0.05303030312715082,0.05303030312715082
2009-08-13,123441.02142576918,-0.029277279455039662,0.8828908821798414,0.8672998552411726,0.8596458559362001,0.0040315019580234,0.0034639562751960316,122132.2588826498,0.2231090113049454,0.19350241320778028,0.8064975867922197,0.0,0.0017076762174611446,0.0,0.20784239690370232,0.20784239690370232
2009-08-14,122747.08928813404,-0.03473426356565679,0.8610629457373729,0.8828908821798414,0.8672998552411726,-0.0056215683378191,-0.004878995427874129,121536.37614996542,0.2187169753909275,0.19310322335060262,0.8068967766493974,0.0,0.0034100222552641032,0.0,0.41647372087551277,0.41647372087551277
2009-08-17,121728.72758753996,-0.042742515839346296,0.8290299366426148,0.8610629457373729,0.8828908821798414,-0.0082964223958386,-0.007329467159095951,120645.57927233873,0.2121808953270493,0.18270110675950224,0.8172988932404978,0.0,0.004631471097504894,0.0,0.5628922134340479,0.5628922134340479
2009-08-18,122116.25292577798,-0.039695071430108864,0.8412197142795645,0.8290299366426148,0.8610629457373729,0.0031835158874831,0.0027343306903833903,120975.46418240215,0.2146809709328274,0.17797695173081693,0.822023048269183,0.0,0.006876877494362745,0.0,0.8296648688923027,0.8296648688923027
2009-08-19,122458.7176390778,-0.037001977397466246,0.851992090410135,0.8412197142795645,0.8290299366426148,0.0028044155064923,0.0023223007251568137,121256.40559059911,0.2168771727331029,0.1824413532803006,0.8175586467196994,0.0,0.002643684510146861,0.0,0.31982096076684297,0.31982096076684297
2009-08-20,122512.78097505154,-0.03657683097553943,0.8536926760978423,0.851992090410135,0.8412197142795645,0.0004414821338656,0.0003690434692901177,121301.1544751919,0.2172227549016105,0.18507206903327153,0.8149279309667284,0.0,0.0023400052199188687,0.0,0.28374062203060146,0.28374062203060146
2009-08-21,123215.71334636644,-0.031049070301165438,0.8758037187953382,0.8536926760978423,0.851992090410135,0.0057376248071459,0.004888033953283925,121894.07863683919,0.2216884147607681,0.1892537760570085,0.8107462239429915,0.0,0.00037700014527267237,0.0,0.045730552858890224,0.045730552858890224
2009-08-24,122999.43275155738,-0.03274987028620435,0.8690005188551826,0.8758037187953382,0.8536926760978423,-0.0017553004315372,-0.001503358624184779,121710.82812248344,0.2203198418426936,0.19295693681023182,0.8070430631897682,0.0,0.0048715014300893585,0.0,0.5938071783987868,0.5938071783987868
2009-08-25,122864.24592203108,-0.03381296037914017,0.8647481584834393,0.8690005188551826,0.8758037187953382,-0.0010990849835816,-0.0009640757595147354,121593.4896634201,0.2194619642084407,0.19071256076611248,0.8092874392338876,0.0,0.0014930436217693067,0.0,0.18171957562853427,0.18171957562853427
2009-08-26,122765.11452905164,-0.03459251562238874,0.861629937510445,0.8647481584834393,0.8690005188551826,-0.0008068367834394,-0.0007020721346420773,121508.12226257351,0.2188316888809726,0.189234299977642,0.810765700022358,0.0,0.0009305512018790976,0.0,0.11314896794696921,0.11314896794696921
2009-08-27,122954.36717190754,-0.033104259625950205,0.8675829614961992,0.861629937510445,0.8647481584834393,0.0015415832387066,0.0013323951519646194,121670.01909560047,0.2200340712834444,0.189587943090123,0.8104120569098769,0.0,0.0006861148558493594,0.0,0.08336852779071197,0.08336852779071197
2009-08-28,123125.59952855745,-0.031757712609628896,0.8729691495614844,0.8675829614961992,0.861629937510445,0.0013926496519678,0.0011986323071983404,121815.8567113059,0.2211187799434805,0.19183888594579118,0.8081611140542089,0.0,0.0013163254007042323,0.0,0.16015733663970788,0.16015733663970788
2009-08-31,122765.11452905164,-0.03459251562238874,0.861629937510445,0.8729691495614844,0.8675829614961992,-0.0029277826941437,-0.0025412730490335556,121506.28935770053,0.2188316888809726,0.191033313339526,0.808966686660474,0.0,0.0011786686309569064,0.0,0.1435805290587576,0.1435805290587576
2009-09-01,121972.05347579288,-0.040829035494678756,0.836683858021285,0.861629937510445,0.8729691495614844,-0.006459987076142,-0.005641793209420427,120820.77599950039,0.2137525404536538,0.1841755880737806,0.8158244119262195,0.0,0.002423785382652354,0.0,0.2945051680455219,0.2945051680455219
2009-09-02,122215.3793640458,-0.038915555150011216,0.8443377793999551,0.836683858021285,0.861629937510445,0.0019949314725704,0.0017135213419157739,121027.80497772234,0.215317927416213,0.1801530342117441,0.8198469657882559,0.0,0.0053713381327660445,0.0,0.6489692413565009,0.6489692413565009
2009-09-03,122593.8896044692,-0.03593900419398344,0.8562439832240663,0.8443377793999551,0.836683858021285,0.0030970753631254,0.0025896063936353196,121341.21935530029,0.2177406435965046,0.18384665149938975,0.8161533485006103,0.0,0.0016665697670286861,0.0,0.20170128074571597,0.20170128074571597
2009-09-04,122963.38474707796,-0.03303334669116531,0.8678666132353388,0.8562439832240663,0.8443377793999551,0.0030139768287056,0.002542194051186572,121649.69228130904,0.2200912704359161,0.18845182607089397,0.811548173929106,0.0,0.002620451525717578,0.0,0.317968783392028,0.317968783392028
2009-09-08,123332.8699802635,-0.030127767114648707,0.8794889315414052,0.8678666132353388,0.8562439832240663,0.0030048394808381,0.0025702905305765725,121962.36733342725,0.2224277502312254,0.19303761828272945,0.8069623817172705,0.0,0.0025851954451772655,0.0,0.31448823039285606,0.31448823039285606
2009-09-09,123459.0491440426,-0.029135512030196153,0.8834579518792154,0.8794889315414052,0.8678666132353388,0.0010230781445312,0.000885301001951738,122070.34073942795,0.223222454361331,0.1963216778822971,0.8036783221177028,0.0,0.002594362417648772,0.0,0.31641458217731794,0.31641458217731794
2009-09-10,123612.2562597749,-0.02793071295714289,0.8882771481714284,0.8834579518792154,0.8794889315414052,0.0012409549303553,0.0010905163301489357,122203.46043943113,0.2241852055555395,0.19805820254171783,0.8019417974582822,0.0,0.0008897956402860996,0.0,0.10861765699818166,0.10861765699818166
2009-09-11,123648.29930954268,-0.02764727551533308,0.8894108979386677,0.8882771481714284,0.8834579518792154,0.0002915815215931,0.0002565185315127673,122234.80789164884,0.224411352873399,0.19933947654767495,0.8006605234523251,0.0,0.0010814823596980005,0.0,0.13216088675929724,0.13216088675929724
2009-09-14,123999.76425652222,-0.024883404918933927,0.9004663803242643,0.8894108979386677,0.8882771481714284,0.0028424567821969,0.002524632485616822,122543.4058585252,0.2266096814297047,0.20154912024198907,0.798450879758011,0.0,0.0002569186735750846,0.0,0.0314044047082277,0.0314044047082277
2009-09-15,124621.59047577529,-0.019993451544540353,0.9200261938218386,0.9004663803242643,0.8894108979386677,0.0050147371084243,0.0044576138921121845,123089.65704686692,0.230468678702709,0.20752929688954425,0.7924707031104558,0.0,0.0025479424178295254,0.0,0.31223354181223556,0.31223354181223556
2009-09-16,125018.13091182792,-0.01687511368209349,0.932499545271626,0.9200261938218386,0.9004663803242643,0.0031819561485193,0.0028606888684987626,123441.77825860823,0.2329095269499014,0.21428286558456275,0.7857171344154372,0.0,0.004555666908948326,0.0,0.5607554774422098,0.5607554774422098
2009-09-17,124882.94408230162,-0.017938203775029304,0.9282471848998828,0.932499545271626,0.9200261938218386,-0.0010813377910893,-0.0009977538969126213,123318.61374330887,0.2320791451089421,0.2164136972811162,0.7835863027188839,0.0,0.0028948047411100552,0.0,0.3573398449540753,0.3573398449540753
2009-09-18,124867.56218003972,-0.018059164877249345,0.9277633404910026,0.9282471848998828,0.932499545271626,-0.0001231705608393,-0.00011584297387318468,123304.32814835892,0.2319845482150125,0.21533900382085647,0.7846609961791435,0.0,0.0009864818996862823,0.0,0.12165158035217821,0.12165158035217821
2009-09-21,124553.06103130829,-0.02053235739611292,0.9178705704155483,0.9277633404910026,0.9282471848998828,-0.0025186777353591,-0.002338067164206401,123016.03434751072,0.4302853284151372,0.3992029536546958,0.6007970463453042,0.18512234519336374,0.00020819115037682887,22.82638639931631,0.025670869923648844,22.852057269239957
2009-09-22,125191.45200995676,-0.015512141098424026,0.9379514356063039,0.9178705704155483,0.9277633404910026,0.0051254539500076,0.0047509228243299674,123600.47403285086,0.4331904844853337,0.39761279709314096,0.6023872029068591,0.0,0.004285453861888062,0.0,0.5271795394686942,0.5271795394686942
2009-09-23,124457.77434743824,-0.021281678391108505,0.914873286435566,0.9379514356063039,0.9178705704155483,-0.0058604453478195,-0.00538776205705684,122934.54408862244,0.4298491465687875,0.40317762411833874,0.5968223758816613,0.0,0.008631742764609159,0.0,1.0668874974353226,1.0668874974353226
2009-09-24,123858.09050445016,-0.02599750725260508,0.8960099709895797,0.914873286435566,0.9379514356063039,-0.0048183719026982,-0.004529255258916238,122377.74215830657,0.427088646600832,0.3907319937150212,0.6092680062849788,0.0,0.00985641549538257,0.0,1.21169394527289,1.21169394527289
2009-09-25,123388.66398496176,-0.029689010958832474,0.8812439561646701,0.8960099709895797,0.914873286435566,-0.0037900351731287,-0.003475417127645616,121952.42845716699,0.4249090316028582,0.38072272907968735,0.6192772709203127,0.0,0.008015193098973274,0.0,0.9808812344151896,0.9808812344151896
2009-09-28,124111.48436673952,-0.02400485378514461,0.9039805848594216,0.8812439561646701,0.8960099709895797,0.0058580777069268,0.0052425723672602995,122591.7728887168,0.4282583386831398,0.3774000726416393,0.6225999273583607,0.0,0.006323668977886389,0.0,0.7711867886124961,0.7711867886124961
2009-09-29,123619.03113160594,-0.02787743632398476,0.888490254704061,0.9039805848594216,0.8812439561646701,-0.0039678297108947,-0.0035063113174592436,122161.92796800971,0.425980727960917,0.3850783076009519,0.6149216923990481,0.0,0.0096853656427673,0.0,1.1873461452223095,1.1873461452223095
2009-09-30,123552.707396934,-0.028398996785927055,0.8864040128562918,0.888490254704061,0.9039805848594216,-0.0005365171856209,-0.0004915949282242348,122101.87378379852,0.4256725914360493,0.3782059491855531,0.6217940508144468,0.0,0.006593808979432331,0.0,0.805512417580228,0.805512417580228
2009-10-01,121839.17323954498,-0.04187398686455046,0.8325040525417982,0.8864040128562918,0.888490254704061,-0.0138688515491935,-0.012323210650201076,120597.18667237653,0.4175953072101938,0.3701581560610717,0.6298418439389283,0.0,0.0008712048053339317,0.0,0.10637573918072249,0.10637573918072249
2009-10-02,121408.91804231956,-0.045257452836844125,0.8189701886526235,0.8325040525417982,0.8864040128562918,-0.0035313371371907,-0.0031525885325024163,120216.99336462114,0.4155313513657478,0.3459315339701549,0.654068466029845,0.0,0.02239712334804171,0.0,2.701030065328029,2.701030065328029
2009-10-05,122010.5089422066,-0.040526627149820804,0.8378934914007168,0.8189701886526235,0.8325040525417982,0.0049550799857827,0.004119482839497627,120712.22520580271,0.8189333127133004,0.6706819696067295,0.32931803039327046,0.32931009031101055,0.011083331988572713,39.58866894182155,1.3324048481281392,40.921073789949695
2009-10-06,124131.48502802204,-0.023847571415729463,0.9046097143370821,0.8378934914007168,0.8189701886526235,0.0173835524841559,0.014221055789461905,122428.88049492452,0.8220271137226592,0.688771168343133,0.311228831656867,0.0,0.015555467940115189,0.0,1.8777351491688288,1.8777351491688288
2009-10-07,124954.28874521347,-0.017377159444074808,0.9304913622237008,0.9046097143370821,0.8378934914007168,0.0066284852469598,0.005499043915846351,123102.12228533404,0.8231990363021785,0.7446738450718751,0.25532615492812494,0.0,0.054920730426937264,0.0,6.723883542133468,6.723883542133468
2009-10-08,126734.49222590568,-0.0033778912434279107,0.9864884350262884,0.9304913622237008,0.9046097143370821,0.014246837772188,0.012866457823333564,124686.01054968113,0.8256825093128531,0.7682904428548002,0.2317095571451998,0.0,0.021370023972174964,0.0,2.6306953042632024,2.6306953042632024
2009-10-09,126954.6335030455,-0.0016467313989841914,0.9934130744040632,0.9864884350262884,0.9304913622237008,0.0017370273338641,0.0015700362003311,124881.77209991899,0.8259847785090914,0.8148244315069689,0.18517556849303107,0.0,0.046252729776002775,0.0,5.767068352802233,5.767068352802233
2009-10-12,126523.68527728252,-0.005035647249605368,0.9798574110015785,0.9934130744040632,0.9864884350262884,-0.0033945056897244,-0.00335676903378803,124462.57283444941,1.0,0.9934130744040632,0.006586925595936766,0.1726962998745131,0.006924639377774877,21.566619963428217,0.8647612366494071,22.431381200077624
2009-10-13,126949.56684736884,-0.001686574862086676,0.9932537005516533,0.9798574110015785,0.9934130744040632,0.0033660224894094,0.0033364383595456625,124877.834536782,0.7738997325091063,0.758311388271187,0.24168861172881295,0.22251426589123247,0.010490724281166397,27.694698025191567,1.3057025349307996,29.000400560122365
2009-10-14,129769.35236208036,0.0,1.0,0.9932537005516533,0.9798574110015785,0.0222118561310393,0.02175401864149513,127594.4292772047,0.7788127127123543,0.7735586089382176,0.2264413910617824,0.0,0.010433200604773896,0.0,1.3028754988120086,1.3028754988120086
2009-10-15,129362.48013374514,-0.003135349147770916,0.9874586034089163,1.0,0.9932537005516533,-0.0031353491477709,-0.003119446554049582,127196.40527448,0.7781170321381639,0.7781170321381639,0.22188296786183614,0.0,0.005249410504662869,0.0,0.6697955373842219,0.6697955373842219
2009-10-16,127385.53547234224,-0.01836964465297508,0.9265214213880997,0.9874586034089163,1.0,-0.0152822105710942,-0.015287190473630734,125251.92959948789,0.5845160748739816,0.5771854269651234,0.4228145730348766,0.18508813794257542,0.007330647908858157,23.542545805242696,0.9324320623396415,24.47497786758234
2009-10-19,129354.53933951196,-0.003196540747240517,0.9872138370110379,0.9265214213880997,0.9874586034089163,0.015457044317227,0.015227539735302545,127159.20833438741,0.9913606238736744,0.91851685433963,0.08148314566036996,0.3764500128627245,0.06041072278526046,47.15109050880828,7.566559597353622,54.717650106161905
2009-10-20,128522.60997869264,-0.009607371545702792,0.9615705138171888,0.9872138370110379,0.9265214213880997,-0.0064313889954474,-0.0060189843504852006,126393.83904940264,0.991304701023525,0.9786297175445139,0.02137028245548611,0.0,0.060164676923492325,0.0,7.650492687285471,7.650492687285471
2009-10-21,127920.1648403736,-0.014249801575237808,0.9430007936990488,0.9615705138171888,0.9872138370110379,-0.0046874642400969,-0.004652948855033814,125805.73498071439,0.99126375016483,0.9531699935743492,0.04683000642565083,0.0,0.025419296715823624,0.0,3.21284249784882,3.21284249784882
2009-10-22,128705.40398826668,-0.008198764611578424,0.9672049415536863,0.9430007936990488,0.9615705138171888,0.0061385095060888,0.0058842012596647736,126546.00124496096,0.9913170505326762,0.9348127654597137,0.0651872345402863,0.0,0.018408480176731908,0.0,2.315892378511669,2.315892378511669
2009-10-23,127371.71573968828,-0.018476139232800004,0.9260954430688,0.9672049415536863,0.9430007936990488,-0.0103623329499046,-0.00979567998020941,125306.39711399014,0.991226132799486,0.9587188138408134,0.041281186159186634,0.0,0.023991783875659343,0.0,3.0360643121980218,3.0360643121980218
2009-10-26,126441.11351994085,-0.025647341082916997,0.897410635668332,0.9260954430688,0.9672049415536863,-0.0073061920721028,-0.007107331230622073,124415.80304438513,0.9911615574405284,0.917910201690648,0.08208979830935204,0.0,0.04074615454387896,0.0,5.105753822143311,5.105753822143311
2009-10-27,125740.18668463912,-0.03104866907402859,0.8758053237038856,0.897410635668332,0.9260954430688,-0.0055435041323893,-0.0051622437807430505,123773.53833889311,0.9911122883744043,0.8894347087287694,0.1105652912712306,0.0,0.02842986510425686,0.0,3.537124497389659,3.537124497389659
2009-10-28,122211.81315880788,-0.05823824397447519,0.7670470241020992,0.8758053237038856,0.897410635668332,-0.0280608262073012,-0.025203491630399873,120654.01300130383,0.990855691523458,0.8677966896585396,0.13220331034146038,0.0,0.02140774632711155,0.0,2.64971251076804,2.64971251076804
2009-10-29,125163.1406989174,-0.03549537374826983,0.8580185050069207,0.7670470241020992,0.8758053237038856,0.0241492820033235,0.021042282511361567,123192.84882900676,0.9910713129060104,0.7601983012375156,0.23980169876248436,0.0,0.10778723077576767,0.0,13.004961943394008,13.004961943394008
2009-10-30,121683.26455498756,-0.062311228806406715,0.7507550847743731,0.8580185050069207,0.7670470241020992,-0.0278027231060041,-0.021416132016664487,120554.53451497575,0.9908159719161987,0.850138438960516,0.149861561039484,0.0,0.09013599626936657,0.0,11.104110162463993,11.104110162463993
2009-11-02,123713.09705726852,-0.04666938067097515,0.8133224773160994,0.7507550847743731,0.8580185050069207,0.0166812791364887,0.01420655171304879,122267.19874380527,0.9909666595891272,0.7439732585284126,0.25602674147158744,0.0,0.10629447324395243,0.0,12.81428074343923,12.81428074343923
2009-11-03,123464.86970901664,-0.04858221558718312,0.8056711376512675,0.8133224773160994,0.7507550847743731,-0.0020064759039778,-0.0015683730510493133,122075.4381642682,0.9909484979684062,0.8059606872603319,0.19403931273966812,0.0,0.062001063661023315,0.0,7.580696372969661,7.580696372969661
2009-11-04,124522.95022262917,-0.040428668587424,0.838285325650304,0.8056711376512675,0.8133224773160994,0.0085698913067839,0.0069625025559405624,122925.38871450449,0.9910254092357784,0.7984405689003026,0.20155943109969743,0.0,0.007582672022541969,0.0,0.9256580096077486,0.9256580096077486
2009-11-05,126556.58282471466,-0.02475753695989391,0.9009698521604244,0.838285325650304,0.8056711376512675,0.0163313878963649,0.013125401673511592,124538.83381725493,0.9911696215711712,0.8308829489934778,0.1691170510065222,0.0,0.03232619237685602,0.0,3.9737097635848784,3.9737097635848784
2009-11-06,126169.06763271683,-0.027743721177848513,0.889025115288606,0.9009698521604244,0.838285325650304,-0.0030619915878618,-0.002628951913684479,124211.42721176302,0.9911424999806224,0.8929895116774548,0.10701048832254523,0.0,0.062129298315342286,0.0,7.7375103580770705,7.7375103580770705
2009-11-09,129412.39268141444,-0.0027507240667268285,0.9889971037330927,0.889025115288606,0.9009698521604244,0.0257061822644124,0.023148653646446235,127086.7545192189,0.9913644860755122,0.8813479265263118,0.11865207347368822,0.0,0.011841587930237476,0.0,1.4708605372683838,1.4708605372683838
2009-11-10,128496.96911288988,-0.009804959538060154,0.9607801618477594,0.9889971037330927,0.889025115288606,-0.0070736932495958,-0.006387674893607743,126274.9656480664,0.7961887519061668,0.7874283696600648,0.2125716303399352,0.19179419461353414,0.07959657270519362,24.37450172906152,10.1156700959561,34.49017182501762
2009-11-11,128771.79471068073,-0.007687159049821424,0.9692513638007143,0.9607801618477594,0.9889971037330927,0.0021387710518634,0.0020927600904264545,126539.22885659464,0.7966237271910864,0.7653802735424173,0.23461972645758267,0.0,0.022478285414628495,0.0,2.838444718559645,2.838444718559645
2009-11-12,126849.48522386304,-0.022500437006654384,0.9099982519733825,0.9692513638007143,0.9607801618477594,-0.0149280321139938,-0.014349279362645498,124723.4821113976,0.7935417112260689,0.7691413858386199,0.2308586141613801,0.0,0.0067222520938894645,0.0,0.8506285961404015,0.8506285961404015
2009-11-13,128367.0562508325,-0.010806065420864597,0.9567757383165416,0.9099982519733825,0.9692513638007143,0.0119635568429092,0.01154852934662086,126163.85490477382,0.7959824863475984,0.7243426711777413,0.2756573288222587,0.0,0.04716443927615189,0.0,5.882513098353229,5.882513098353229
2009-11-16,130310.71817313704,0.0,1.0,0.9567757383165416,0.9099982519733825,0.0151414387699799,0.013722440628394051,127895.1309131539,0.9992655770042568,0.9560730602125528,0.04392693978744722,0.19429139819461164,0.04674313188150567,24.512551771070626,5.897293708492989,30.409845479563614
2009-11-17,129464.30725560315,-0.006495328468755002,0.97401868612498,1.0,0.9567757383165416,-0.0064953284687551,-0.006257719422564787,127094.79906838719,0.8075708065846885,0.8075708065846885,0.1924291934153115,0.1906355151164748,0.03490665187173814,24.38135416251809,4.4643908108758374,28.845744973393927
2009-11-18,128264.20639597294,-0.015704861471525278,0.9371805541138989,0.97401868612498,1.0,-0.0092697430285618,-0.009280399932431325,125915.30850370054,0.6071509410727643,0.5913763619032391,0.40862363809676094,0.19185755561749987,0.015774579169525266,24.384097480958065,2.0048669699391795,26.388964450897245
2009-11-19,126695.26359321066,-0.02774487494668476,0.889020500213261,0.9371805541138989,0.97401868612498,-0.0122321171809903,-0.011936497798450465,124412.3207009549,0.6022860575238828,0.564450781125308,0.435549218874692,0.0,0.02218709329549838,0.0,2.7936946971030645,2.7936946971030645
2009-11-20,126517.4599615842,-0.029109333942223592,0.8835626642311056,0.889020500213261,0.9371805541138989,-0.0014033960432598,-0.0013442146921379353,124245.08383158568,0.6017271229440848,0.5349477478316367,0.4650522521683633,0.0,0.028979210674462914,0.0,3.6053708520918155,3.6053708520918155
2009-11-23,128128.25480384962,-0.01674814934553348,0.9330074026178661,0.8835626642311056,0.889020500213261,0.0127317987790342,0.011315543819672235,125650.98452206083,1.0,0.8835626642311056,0.11643733576889437,0.3515474968456664,0.0054578359821553235,43.67804821637392,0.678109289141933,44.35615750551585
2009-11-24,126660.3115020277,-0.028013096100500512,0.887947615597998,0.9330074026178661,0.8835626642311056,-0.0114568274114805,-0.01017226968971061,124372.82882072475,1.0,0.9330074026178661,0.06699259738213392,0.0,0.049444738386760445,0.0,6.212780057732183,6.212780057732183
2009-11-25,127960.81593362118,-0.01803306951615191,0.9278677219353924,0.887947615597998,0.9330074026178661,0.0102676554018474,0.00953473871043317,125558.6912462078,1.0,0.887947615597998,0.11205238440200205,0.0,0.045059787019868125,0.0,5.604213177720373,5.604213177720373
2009-11-27,124170.13672992493,-0.047122612240179995,0.81150955103928,0.9278677219353924,0.887947615597998,-0.0296237498646667,-0.026344258163739618,122250.94066931643,1.0,0.9278677219353924,0.07213227806460765,0.0,0.0399201063373944,0.0,5.0123163061326865,5.0123163061326865
2009-11-30,126112.45401689084,-0.032217335727274365,0.8711306570909025,0.81150955103928,0.9278677219353924,0.0156423866327095,0.0143977074796285,124011.07395218268,1.0,0.81150955103928,0.18849044896071998,0.0,0.11635817089611233,0.0,14.224895846610812,14.224895846610812
2009-12-01,129974.53233296142,-0.0025798786537953866,0.9896804853848185,0.8711306570909025,0.81150955103928,0.030624083451372,0.024792115106560795,127085.57077209342,1.0,0.8711306570909025,0.12886934290909746,0.0,0.05962110605162252,0.0,7.393677391678686,7.393677391678686
2009-12-02,129962.49930197396,-0.002672219722558933,0.9893111211097643,0.9896804853848185,0.8711306570909025,-9.257991370681395e-05,-0.00019919902935477051,127060.25544975062,1.0,0.9896804853848185,0.010319514615181546,0.0,0.11854982829391592,0.0,15.065972593665975,15.065972593665975
2009-12-03,130111.17245367242,-0.001531307034924656,0.9938747718603014,0.9893111211097643,0.9896804853848185,0.0011439696258304,0.001131795050282463,127204.06161795628,1.0,0.9893111211097643,0.010688878890235731,0.0,0.0003693642750541848,0.0,0.046931519142396676,0.046931519142396676
2009-12-04,131104.02026629553,0.0,1.0,0.9938747718603014,0.9893111211097643,0.0076307652440579,0.007544637267773709,128163.7701218513,1.0,0.9938747718603014,0.006125228139698624,0.0,0.004563650750537107,0.0,0.5805149112741547,0.5805149112741547
2009-12-07,129645.97941741096,-0.011121252009839488,0.955514991960642,1.0,0.9938747718603014,-0.0111212520098393,-0.01105925703221975,126746.37404585541,1.0,1.0,0.0,0.0,0.006125228139698624,0.0,0.7850323312402293,0.7850323312402293
2009-12-08,128189.28102970912,-0.022232264355174225,0.9110709425793031,0.955514991960642,1.0,-0.0112359704037703,-0.011280455411809658,125316.61722482259,1.0,0.955514991960642,0.044485008039357954,0.0,0.044485008039357954,0.0,5.638313468389349,5.638313468389349
2009-12-09,128402.65044056918,-0.020604782524894283,0.9175808699004229,0.9110709425793031,0.955514991960642,0.0016644871485831,0.0015459983750155382,125510.3565114146,1.0,0.9110709425793031,0.0889290574206969,0.0,0.044444049381338946,0.0,5.569577924242366,5.569577924242366
2009-12-10,128046.20128756344,-0.02332360954699264,0.9067055618120294,0.9175808699004229,0.9110709425793031,-0.0027760264432447,-0.0025356669555929565,125192.10404782393,1.0,0.9175808699004229,0.08241913009957713,0.0,0.006509927321119768,0.0,0.8170632989371404,0.8170632989371404
2009-12-11,128509.8924755962,-0.019786790560885836,0.9208528377564567,0.9067055618120294,0.9175808699004229,0.0036212803142154,0.0033119422327825584,125606.73306443082,1.0,0.9067055618120294,0.09329443818797056,0.0,0.010875308088393432,0.0,1.3615027017542918,1.3615027017542918
2009-12-14,128934.3026720892,-0.016549588561809547,0.9338016457527618,0.9208528377564567,0.9067055618120294,0.0033025488413165,0.002980292126633298,125981.07782203487,1.0,0.9208528377564567,0.07914716224354335,0.0,0.014147275944427218,0.0,1.7769931131405132,1.7769931131405132
2009-12-15,127691.1291591296,-0.026031933271258523,0.8958722669149659,0.9338016457527618,0.9208528377564567,-0.0096419144261499,-0.008891733068721265,124860.88770633154,1.0,0.9338016457527618,0.06619835424723819,0.0,0.012948807996305156,0.0,1.6313047878851075,1.6313047878851075
2009-12-16,128215.2195334732,-0.022034417609426926,0.9118623295622923,0.8958722669149659,0.9338016457527618,0.0041043600898107,0.003794728827789389,125334.70091637413,1.0,0.8958722669149659,0.10412773308503409,0.0,0.0379293788377959,0.0,4.735895911836942,4.735895911836942
2009-12-17,125389.24110967932,-0.043589656099091934,0.8256413756036323,0.9118623295622923,0.8958722669149659,-0.0220408968145635,-0.01976181825674909,122857.85933560073,1.0,0.9118623295622923,0.0881376704377077,0.0,0.015990062647326386,0.0,2.0041097195367383,2.0041097195367383
2009-12-18,125029.04533154644,-0.04633706062109866,0.8146517575156054,0.8256413756036323,0.9118623295622923,-0.0028726210873051,-0.002705655910578545,122525.44824232833,1.0,0.8256413756036323,0.17435862439636773,0.0,0.08622095395866003,0.0,10.59292183323436,10.59292183323436
2009-12-21,124964.78766325378,-0.046827187988376484,0.8126912480464941,0.8146517575156054,0.8256413756036323,-0.0005139419254324,-0.000435321336382413,122472.11030045863,1.0,0.8146517575156054,0.18534824248439463,0.0,0.010989618088026898,0.0,1.346507882247495,1.346507882247495
2009-12-22,125536.18695331764,-0.04246882209766434,0.8301247116093426,0.8126912480464941,0.8146517575156054,0.0045724823828263,0.003723020299909558,122928.07645328,1.0,0.8126912480464941,0.18730875195350594,0.0,0.0019605094691113045,0.0,0.24010773194609328,0.24010773194609328
2009-12-23,126453.23473411036,-0.03547401157293728,0.8581039537082509,0.8301247116093426,0.8126912480464941,0.0073050472779909,0.005919314525826139,123655.72640186176,1.0,0.8301247116093426,0.16987528839065735,0.0,0.017433463562848583,0.0,2.1430621416993216,2.1430621416993216
2009-12-24,127810.0358223194,-0.025124968992449315,0.8995001240302027,0.8581039537082509,0.8301247116093426,0.0107296669085765,0.008878982406047549,124753.66342099092,1.0,0.8581039537082509,0.14189604629174912,0.0,0.02797924209890823,0.0,3.4597935059140483,3.4597935059140483
2009-12-28,127429.0880003601,-0.028030660375410132,0.8878773584983595,0.8995001240302027,0.8581039537082509,-0.0029805783208518,-0.002599042211781895,124429.42338368534,1.0,0.8995001240302027,0.10049987596979726,0.0,0.041396170321951864,0.0,5.164323899262796,5.164323899262796
2009-12-29,127393.2296977772,-0.028304170695765407,0.8867833172169384,0.8878773584983595,0.8995001240302027,-0.0002813980947803,-0.00026474038668867583,124396.48189002331,1.0,0.8878773584983595,0.11212264150164053,0.0,0.011622765531843271,0.0,1.446214013251031,1.446214013251031
2009-12-30,126862.77206809746,-0.03235025279608772,0.8705989888156491,0.8867833172169384,0.8878773584983595,-0.0041639389388131,-0.0036981611472232585,123936.44365384638,1.0,0.8867833172169384,0.11321668278306163,0.0,0.0010940412814210987,0.0,0.1360948864512376,0.1360948864512376
2009-12-31,126760.45183419951,-0.033130703568612585,0.8674771857255497,0.8705989888156491,0.8867833172169384,-0.0008065426305127,-0.0007183372773649797,123847.41548634577,0.5960804135379352,0.5189470052789403,0.48105299472105967,0.3517200813021843,0.009647161166274246,43.59093603823443,1.195634846303523,44.78657088453795
2010-01-04,128780.08807850654,-0.0177258651799439,0.9290965392802244,0.8674771857255497,0.8705989888156491,0.0159326999476829,0.013869111842497958,125565.06914313021,0.602415015794978,0.5225812825406401,0.47741871745935993,0.0,0.0018806210578310785,0.0,0.23291005752157667,0.23291005752157667
2010-01-05,129275.6267351688,-0.013946128634445665,0.9442154854622173,0.9290965392802244,0.8674771857255497,0.0038479446943706,0.003300789901286035,125979.53305531213,0.603939036478209,0.5611176687281372,0.4388823312718628,0.0,0.03721433301422036,0.0,4.672820298046053,4.672820298046053
2010-01-06,129541.37537520418,-0.01191912260140715,0.9523235095943714,0.9442154854622173,0.9290965392802244,0.0020556747373561,0.00190077707839533,126218.99206409062,0.6047515387549693,0.5710157677495463,0.4289842322504537,0.0,0.009143205967913801,0.0,1.1518568184663238,1.1518568184663238
2010-01-07,128865.98573088236,-0.017070678159733954,0.9317172873610642,0.9523235095943714,0.9442154854622173,-0.0052136982671799,-0.004934164147110425,125596.20683876355,1.0,0.9523235095943714,0.0476764904056286,0.3760283734012413,0.008108024132154057,47.46192227820418,1.023386633591808,48.48530891179598
2010-01-08,129885.31941731644,-0.009295678702328836,0.9628172851906847,0.9317172873610642,0.9523235095943714,0.0079100290169882,0.007519918737255481,126540.68010789859,0.815964763368138,0.7602484759075742,0.23975152409242584,0.17299813286045612,0.016813951248511785,21.72790927746176,2.1117684987849725,23.83967777624673
2010-01-11,130169.32009944013,-0.0071294546494978794,0.9714821814020085,0.9628172851906847,0.9317172873610642,0.0021865495145851,0.002011856992638188,126795.26186002685,0.8163662875729069,0.786011572722144,0.21398842727785605,0.0,0.025388989771692728,0.0,3.2127400329624787,3.2127400329624787
2010-01-12,129351.39918851743,-0.013368171885333568,0.9465273124586657,0.9714821814020085,0.9628172851906847,-0.0062835152730138,-0.006056940784426569,126027.27046719482,0.8152051261607633,0.7919572542527579,0.20804274574724213,0.0,0.007063667809122159,0.0,0.8956396095498863,0.8956396095498863
2010-01-13,129108.01004206655,-0.015224630184297316,0.9391014792628107,0.9465273124586657,0.9714821814020085,-0.0018816120117584,-0.001848287185348981,125794.33587818578,0.8148567584134982,0.7712841775799087,0.22871582242009125,0.0,0.020334643613805957,0.0,2.5627196305711393,2.5627196305711393
2010-01-14,129618.51422464798,-0.011330743623500061,0.9546770255059998,0.9391014792628107,0.9465273124586657,0.0039540860587585,0.0037365940452243306,126264.37824455116,0.8155859474477344,0.7659179697141284,0.2340820302858716,0.0,0.006056405202630231,0.0,0.7618614702740591,0.7618614702740591
2010-01-15,128699.76617197428,-0.018338523024982623,0.9266459079000695,0.9546770255059998,0.9391014792628107,-0.0070880927633638,-0.006669121091046228,125422.3058165526,0.8142694722379685,0.777364357716484,0.22263564228351596,0.0,0.012682691819259597,0.0,1.6013721970260686,1.6013721970260686
2010-01-19,129751.75761421148,-0.010314425517519266,0.9587422979299229,0.9266459079000695,0.9546770255059998,0.0081739965310543,0.0077806596007133294,126398.17408444776,0.8157753240997121,0.7559348658428512,0.2440651341571488,0.0,0.022867094049854892,0.0,2.8680436630567705,2.8680436630567705
2010-01-20,126904.41290878408,-0.0320326359861528,0.8718694560553888,0.9587422979299229,0.9266459079000695,-0.0219445559565625,-0.020360883752466415,123824.59555539032,0.8116418889928432,0.7781554097491818,0.22184459025081815,0.0,0.026050774633681294,0.0,3.292770347182764,3.292770347182764
2010-01-21,125870.16250493808,-0.03992141317044706,0.8403143473182118,0.8718694560553888,0.9587422979299229,-0.0081498379775761,-0.007883969574622491,122848.36621144168,0.810094187389064,0.7062963785125355,0.29370362148746454,0.0,0.07037518424452939,0.0,8.714178726214929,8.714178726214929
2010-01-22,124398.41199389496,-0.05114723605561666,0.7954110557775333,0.8403143473182118,0.8718694560553888,-0.011692608333491,-0.01021991978085137,121592.86576355211,0.8078474225607967,0.6788457796218754,0.3211542203781246,0.0,0.02549171326195415,0.0,3.131615326161608,3.131615326161608
2010-01-25,125487.37800337144,-0.04284111388434686,0.8286355444626126,0.7954110557775333,0.8403143473182118,0.0087538578027019,0.007319642422341779,122482.88206204912,0.8095149020220296,0.643897102884989,0.356102897115011,0.0,0.036349883652018904,0.0,4.419886523420672,4.419886523420672
2010-01-26,124030.5184716355,-0.05395335536082335,0.7841865785567066,0.8286355444626126,0.7954110557775333,-0.0116096101051438,-0.009261233612018296,121348.5394777992,0.8072774685736939,0.6689388047039624,0.3310611952960376,0.0,0.026821381120346082,0.0,3.2851600605046203,3.2851600605046203
2010-01-27,123315.72260994252,-0.05940548307011173,0.7623780677195531,0.7841865785567066,0.8286355444626126,-0.0057630643691652,-0.004811312975594516,120764.69367524021,0.8061603582409405,0.6321801330970119,0.36781986690298807,0.0,0.0358329942781445,0.0,4.348281520769171,4.348281520769171
2010-01-28,122931.56704885408,-0.062335641583238566,0.7506574336670457,0.7623780677195531,0.7841865785567066,-0.0031152196407554,-0.0024604813781567963,120467.55439531348,0.8055546181684045,0.6141371732417906,0.3858628267582094,0.0,0.01756794662024471,0.0,2.121587692096824,2.121587692096824
2010-01-29,121741.60514242967,-0.07141211310567841,0.7143515475772864,0.7506574336670457,0.7623780677195531,-0.0096798725908334,-0.007384889767514919,119577.91478554196,0.6214675521138969,0.46650923777715886,0.5334907622228411,0.1355713776202635,0.00728399375383452,16.33195230791668,0.8774849137551837,17.209437221671863
2010-02-01,122986.64207932042,-0.061915555072127315,0.7523377797114907,0.7143515475772864,0.7506574336670457,0.0102268812328711,0.007654182365763566,120493.18595222825,0.6252995689204531,0.4466837147577357,0.5533162852422643,0.0,0.022702054921201614,0.0,2.71466438882414,2.71466438882414
2010-02-02,124176.77177232716,-0.05283780375230207,0.7886487849907917,0.7523377797114907,0.7143515475772864,0.009676902083717,0.006888820788984906,121323.24191654699,0.6288907567299398,0.4731382755992821,0.5268617244007179,0.0,0.023889190272198945,0.0,2.8784846457162296,2.8784846457162296
2010-02-03,123637.01057238608,-0.056954849124707496,0.77218060350117,0.7886487849907917,0.7523377797114907,-0.0043467163160813,-0.003292975728627669,120923.72742559739,0.6272706077993783,0.4946962027014151,0.5053037972985849,0.0,0.022776826351353557,0.0,2.76335841351645,2.76335841351645
2010-02-04,121541.7804542038,-0.0729362821419901,0.7082548714320396,0.77218060350117,0.7886487849907917,-0.0169466255167628,-0.013375159815143737,119306.35324583713,0.6208452136217377,0.4794046317352463,0.5205953682647537,0.0,0.010224191654885733,0.0,1.2363473648224699,1.2363473648224699
2010-02-05,121169.34494888585,-0.07577704556451126,0.696891817741955,0.7082548714320396,0.77218060350117,-0.0030642590879133,-0.002405774917549601,119019.32901369399,0.6196798140355794,0.43889124701879945,0.5611087529812006,0.0,0.039613485760687024,0.0,4.726140525463466,4.726140525463466
2010-02-08,120556.42117381391,-0.0804521407585943,0.6781914369656228,0.696891817741955,0.7082548714320396,-0.0050584062770206,-0.003589660370836922,118592.09004496994,0.6177462191109151,0.4305022855394256,0.5694977144605744,0.0,0.007019483454604101,0.0,0.8354542107897068,0.8354542107897068
2010-02-09,121638.45225329584,-0.07219891498196196,0.7112043400721522,0.6781914369656228,0.696891817741955,0.0089753085646255,0.006243203423473191,119332.48458753554,0.6211465457634623,0.4212562684375555,0.5787437315624445,0.0,0.011615676923680188,0.0,1.3775274036663603,1.3775274036663603
2010-02-10,121738.3596078622,-0.07143686852172804,0.7142525259130879,0.7112043400721522,0.6781914369656228,0.0008213468086415,0.0005365142574723735,119396.50816689635,0.6214574604702401,0.4419832430566527,0.5580167569433473,0.0,0.020516114927333847,0.0,2.4482389683621744,2.4482389683621744
2010-02-11,122625.3473301616,-0.06467134202988001,0.74131463188048,0.7142525259130879,0.7112043400721522,0.0072860167095771,0.0051799440415673925,120014.97539795942,0.6241955777701399,0.4458332680861017,0.5541667319138983,0.0,0.0019026641221336134,0.0,0.22717145239718664,0.22717145239718664
2010-02-12,121802.89827332196,-0.07094459783980189,0.7162216086407924,0.74131463188048,0.7142525259130879,-0.0067070069504084,-0.004827718660811375,119435.57686165388,1.0,0.74131463188048,0.25868536811952003,0.27831100591846675,0.027062105967392114,33.40148852828613,3.2478579818935356,36.64934651017967
2010-02-16,123692.9959815207,-0.056527818671934904,0.7738887253122604,0.7162216086407924,0.74131463188048,0.0155176743328178,0.011478386012434238,120806.50451648973,1.0,0.7162216086407924,0.28377839135920757,0.0,0.02509302323968754,0.0,2.9969997058349684,2.9969997058349684
2010-02-17,123399.91668333791,-0.058763290151661374,0.7649468393933545,0.7738887253122604,0.7162216086407924,-0.00236940900216,-0.0017546890437265498,120594.52666660375,1.0,0.7738887253122604,0.22611127468773962,0.0,0.057667116671467955,0.0,6.966562790624634,6.966562790624634
2010-02-18,123651.1019461293,-0.05684736673237045,0.7726105330705182,0.7649468393933545,0.7738887253122604,0.0020355383499646,0.0015663382930594975,120783.41849165504,1.0,0.7649468393933545,0.2350531606066455,0.0,0.008941885918905879,0.0,1.0783424998972235,1.0783424998972235
2010-02-19,122647.0691844632,-0.06450565790930562,0.7419773683627775,0.7726105330705182,0.7649468393933545,-0.0081198852728666,-0.006218944269393192,120032.27314338865,1.0,0.7726105330705182,0.2273894669294818,0.0,0.0076636936771636854,0.0,0.9256471206007122,0.9256471206007122
2010-02-22,123170.37409363176,-0.060514133407573056,0.7579434663697078,0.7419773683627775,0.7726105330705182,0.0042667542946459,0.003265906145359628,120424.28728188915,1.0,0.7419773683627775,0.2580226316372225,0.0,0.03063316470774069,0.0,3.676968393445944,3.676968393445944
2010-02-23,122407.8350742902,-0.06633042353958207,0.7346783058416717,0.7579434663697078,0.7419773683627775,-0.0061909288248314,-0.004609459213610729,119869.19644133514,0.5665288316027615,0.42939682642337745,0.5706031735766226,0.32683947055333845,0.009045254849121387,39.35941029697577,1.0892683684884947,40.448678665464264
2010-02-24,122934.41458338132,-0.06231392192489815,0.7507443123004074,0.7346783058416717,0.7579434663697078,0.0043018448024305,0.003247331579813093,120258.45146838592,0.5683855698955603,0.4175805475557233,0.5824194524442767,0.0,0.013223581525439475,0.0,1.5851000915309146,1.5851000915309146
2010-02-25,123102.8484990894,-0.06102918698415438,0.7558832520633825,0.7507443123004074,0.7346783058416717,0.0013701119924709,0.0009974503834089313,120378.40330691123,0.568976120881382,0.42715558658644665,0.5728444134135533,0.0,0.009141174032946658,0.0,1.0993034338051852,1.0993034338051852
2010-02-26,124048.10666014424,-0.05381920090489578,0.7847231963804169,0.7558832520633825,0.7507443123004074,0.0076786051060533,0.005761728297207931,121071.99095961738,0.5722605631055799,0.4325621754678683,0.5674378245321317,0.0,0.002940812562525775,0.0,0.35401032070175886,0.35401032070175886
2010-03-01,124640.30578463788,-0.04930218362891314,0.8027912654843474,0.7847231963804169,0.7558832520633825,0.0047739473051056,0.003568838732868323,121504.07737041955,0.974813018568192,0.7649583878040743,0.23504161219592568,0.3154824109957715,0.028113553175026885,38.19608361199835,3.4037638558495775,41.59984746784792
2010-03-02,125934.23720641546,-0.03943268138825429,0.8422692744469829,0.8027912654843474,0.7847231963804169,0.0103813241922987,0.008128848238065742,122491.76557566988,0.9750718062292544,0.7827791292608915,0.21722087073910845,0.0,0.01761766477624455,0.0,2.140618104058933,2.140618104058933
2010-03-03,126660.66364067646,-0.033891841124275346,0.8644326355028986,0.8422692744469829,0.8027912654843474,0.0057682997918218,0.004592241151948157,123054.27730232126,0.9752147748383944,0.8213934408331122,0.17860655916688783,0.0,0.03849953762156462,0.0,4.715876337112377,4.715876337112377
2010-03-04,126707.07946444268,-0.0335378029821044,0.8658487880715824,0.8644326355028986,0.8422692744469829,0.000366458081239,0.0002870421438080772,123089.59906588288,0.9752238542572238,0.8430153265408666,0.15698467345913336,0.0,0.021614238392244627,0.0,2.659724484797749,2.659724484797749
2010-03-05,128024.08634432884,-0.023492291965652834,0.9060308321373887,0.8658487880715824,0.8644326355028986,0.0103941065128547,0.008983623459894402,124195.38967572014,0.9754787309396672,0.844617076973716,0.15538292302628398,0.0,0.0013814267105165944,0.0,0.17003925993638908,0.17003925993638908
2010-03-08,127801.19926349858,-0.025192370120217022,0.8992305195191319,0.9060308321373887,0.8658487880715824,-0.0017409777112629,-0.0015466184523057508,124003.30679435638,0.9754359655031096,0.8837750595215196,0.11622494047848042,0.0,0.03919501094921824,0.0,4.867839658182278,4.867839658182278
2010-03-09,127579.4149809965,-0.026884036646167897,0.8924638534153284,0.8992305195191319,0.9060308321373887,-0.0017353849868404,-0.0015789452828222949,123807.51235803906,0.9753932633417376,0.8771033909302521,0.12289660906974786,0.0,0.006632979116465452,0.0,0.8225113443396244,0.8225113443396244
2010-03-10,127182.59663079472,-0.02991078097785027,0.8803568760885989,0.8924638534153284,0.8992305195191319,-0.0031103634568389,-0.002803533388210706,123460.41386343198,0.9753164886500484,0.8704347117601297,0.12956528823987035,0.0,0.006599641024228931,0.0,0.817085137665845,0.817085137665845
2010-03-11,127704.25833082446,-0.025931790105029107,0.8962728395798836,0.8803568760885989,0.8924638534153284,0.004101675180796,0.0036487874819482085,123910.89467605301,0.975417318823308,0.8587153436820043,0.1412846563179957,0.0,0.011809355363093065,0.0,1.4579879005878098,1.4579879005878098
2010-03-12,127897.3441051902,-0.02445902234418129,0.9021639106232748,0.8962728395798836,0.8803568760885989,0.0015119760052599,0.0013155531755981767,124073.9060470353,0.9754544311344684,0.8742733128736699,0.12572668712633006,0.0,0.015525297113348043,0.0,1.923753455426499,1.923753455426499
2010-03-15,127532.83760279544,-0.027239307049824912,0.8910427718007004,0.9021639106232748,0.8962728395798836,-0.0028499927417959,-0.002560117145538765,123756.26231285033,0.9753842765011624,0.8799564932487423,0.12004350675125774,0.0,0.005746058067475133,0.0,0.7129358688047189,0.7129358688047189
2010-03-16,129089.64317169676,-0.015364724060385027,0.9385411037584599,0.8910427718007004,0.9021639106232748,0.0122070958206861,0.011001950617547888,125117.8225994286,0.9756811391656176,0.8693736266357968,0.13062637336420324,0.0,0.010850685395228448,0.0,1.3428402680461058,1.3428402680461058
2010-03-17,129915.78370934508,-0.009063311365562488,0.96374675453775,0.9385411037584599,0.8910427718007004,0.0063997429797639,0.005656094151499342,125825.50078408157,0.9758357839377236,0.9158619937439131,0.08413800625608692,0.0,0.046350572001734515,0.0,5.799282645095061,5.799282645095061
2010-03-18,129351.67313777017,-0.013366082328871598,0.9465356706845136,0.96374675453775,0.9385411037584599,-0.0043421249941192,-0.004099856704413218,125309.63426110579,0.9757304023110012,0.9403570085310405,0.05964299146895946,0.0,0.024593919775387385,0.0,3.0945422719816444,3.0945422719816444
2010-03-19,127912.36760242008,-0.024344430150903262,0.902622279396387,0.9465356706845136,0.96374675453775,-0.0111270731984818,-0.010740469360168148,123963.74997379052,0.975457314047925,0.9233051429764669,0.07669485702353307,0.0,0.016788677627331633,0.0,2.103783053208536,2.103783053208536
2010-03-22,128639.94509956776,-0.018794810118887173,0.9248207595244513,0.902622279396387,0.9465356706845136,0.0056880934250951,0.0053411415906373235,124625.8579145069,0.975596125565642,0.8805947986283436,0.11940520137165644,0.0,0.04284173440114439,0.0,5.310822051747003,5.310822051747003
2010-03-23,129492.28602591297,-0.012293553142831537,0.9508257874286739,0.9248207595244513,0.902622279396387,0.0066257873919761,0.005958923001580198,125368.4938058253,0.9757567561451164,0.9024001043292413,0.09759989567075866,0.0,0.021660316961111904,0.0,2.699435583978716,2.699435583978716
2010-03-24,127966.21473158404,-0.02393370949523932,0.9042651620190427,0.9508257874286739,0.9248207595244513,-0.0117850363227316,-0.010924413306246368,123998.91656390889,0.9754676414080276,0.9274997882529791,0.07250021174702093,0.0,0.02536706323448191,0.0,3.180230509984124,3.180230509984124
2010-03-25,126379.1633460775,-0.036038993393345264,0.8558440264266189,0.9042651620190427,0.9508257874286739,-0.0124021124547244,-0.01183765237988261,122531.06049414327,0.9751595675716268,0.8818028243645768,0.1181971756354232,0.0,0.04540403934032039,0.0,5.630051685824825,5.630051685824825
2010-03-26,127769.9080058736,-0.025431045162839006,0.898275819348644,0.8558440264266189,0.9042651620190427,0.0110045408038321,0.009903791447067597,123744.58256306528,0.9754299496927848,0.8348158956421874,0.1651841043578126,0.0,0.047231425854985444,0.0,5.787316698661864,5.787316698661864
2010-03-29,129402.48159300844,-0.012978539253265864,0.9480858429869365,0.898275819348644,0.8558440264266189,0.012777449812829,0.010894101700556354,125092.6686304002,0.9757399315004932,0.8764835864397953,0.12351641356020471,0.0,0.04140239471917982,0.0,5.1233220516361655,5.1233220516361655
2010-03-30,129780.35327797076,-0.0100963112011071,0.9596147551955716,0.9480858429869365,0.898275819348644,0.0029201270355139,0.002574474357983872,125414.71649816094,0.9758105677156804,0.925152184688282,0.07484781531171802,0.0,0.04860514744441373,0.0,6.08014760299579,6.08014760299579
2010-03-31,129871.4298122658,-0.00940162209767581,0.9623935116092968,0.9596147551955716,0.9480858429869365,0.0007017744365356,0.0006540921783100867,125496.74928326735,0.9758275313362564,0.9364184975963407,0.06358150240365934,0.0,0.011250229939544774,0.0,1.4109443984071302,1.4109443984071302
2010-04-01,132068.04746322456,0.0,1.0,0.9623935116092968,0.9596147551955716,0.0169137866129143,0.016228006495777623,127533.31134583519,0.9762295791620096,0.9395170128265924,0.06048298717340761,0.0,0.0027127042043646465,0.0,0.3404355594148153,0.3404355594148153
2010-04-05,133007.88470323055,0.0,1.0,1.0,0.9623935116092968,0.0071163105539793,0.006811972220933884,128402.06471996673,0.9763975415859214,0.9763975415859214,0.023602458414078598,0.0,0.03671888281236214,0.0,4.682880713980217,4.682880713980217
2010-04-06,132940.9994437503,-0.0005028668761215549,0.9979885324955138,1.0,1.0,-0.0005028668761215,-0.0005028668761214,128337.49557479346,0.9763856667199132,0.9763856667199132,0.023614333280086774,0.0,0.0,0.0,0.0,0.0
2010-04-07,132933.80562404968,-0.0005569525396644792,0.9977721898413421,0.9979885324955138,1.0,-5.4112875115475134e-05,-5.530248618483064e-05,128330.39819221743,0.7839905321238981,0.782413560644706,0.21758643935529398,0.19218866131453857,0.0015769714791920807,24.665011470980073,0.20238457023238915,24.867396041212462
2010-04-08,132988.54412200645,-0.00014540928357176242,0.999418362865713,0.9977721898413421,0.9979885324955138,0.0004117725938845,0.0004107746968650364,128383.11307263341,0.7840794422920186,0.7823326621452856,0.21766733785471437,0.0,0.00016962982762691947,0.0,0.02176866332463978,0.02176866332463978
2010-04-09,133596.8687762064,0.0,1.0,0.999418362865713,0.9977721898413421,0.0045742635819958,0.004562780642207833,128968.89705574761,0.7850626225102796,0.7846060009362869,0.21539399906371315,0.0,0.0012923489116182713,0.0,0.16591577644958325,0.16591577644958325
2010-04-12,133202.8163712767,-0.0029495631786832233,0.9882017472852671,1.0,0.999418362865713,-0.0029495631786832,-0.002948303854950408,128588.65755938947,0.7844267756654724,0.7844267756654724,0.21557322433452764,0.0,0.0004562517418560957,0.0,0.05884228392694434,0.05884228392694434
2010-04-13,133107.15112315878,-0.00366563720791957,0.9853374511683217,0.9882017472852671,1.0,-0.0007181923830446,-0.0007274494755704065,128495.1158078836,0.98451188935472,0.9728963692834539,0.02710363071654609,0.19753791324614023,0.011615520071266134,25.401135081404327,1.493624132818256,26.89475921422258
2010-04-14,133928.59077984202,0.0,1.0,0.9853374511683217,0.9882017472852671,0.0061712661547628,0.006095635791423417,129278.37523482523,0.9846068843682348,0.970170037846179,0.029829962153821055,0.0,0.00282020567561363,0.0,0.36238265489002397,0.36238265489002397
2010-04-15,133952.77976411363,0.0,1.0,1.0,0.9853374511683217,0.0001806110564648,0.0001635259507508166,129299.51560404705,0.984609664033073,0.984609664033073,0.01539033596692696,0.0,0.014436887279027278,0.0,1.8663773308809635,1.8663773308809635
2010-04-16,131656.07773378797,-0.017145609328675926,0.9314175626852963,1.0,1.0,-0.0171456093286759,-0.0171456093286757,127082.59662311306,0.9843411840929818,0.9843411840929818,0.01565881590701823,0.0,0.0,0.0,0.0,0.0
2010-04-19,131578.23032152897,-0.01772676495975789,0.9290929401609684,0.9314175626852963,1.0,-0.0005912937222419,-0.0006588016044188307,126998.87440456403,0.9843319196554344,0.9168240374788036,0.08317596252119641,0.0,0.0675078821766308,0.0,8.579076959533415,8.579076959533415
2010-04-20,132071.9238839973,-0.014041185882282092,0.9438352564708716,0.9290929401609684,0.9314175626852963,0.0037520915219937,0.0034924756040864593,127442.41487516841,0.9843904879731727,0.9145902527374855,0.08540974726251449,0.0,0.002288336301076528,0.0,0.29061613449582263,0.29061613449582263
2010-04-21,132478.0301410349,-0.011009473828581418,0.9559621046856743,0.9438352564708716,0.9290929401609684,0.003074887115253,0.0028423308328932844,127804.64838038648,0.7819500829803704,0.7380320571171972,0.2619679428828028,0.1918951082806998,0.011527755461851669,24.455576002024312,1.469124994148789,25.9247009961731
2010-04-22,132731.5852508542,-0.009116604488610958,0.9635335820455562,0.9559621046856743,0.9438352564708716,0.0019139408213526,0.0017969571847376079,128034.30786153646,0.7823666203896956,0.7479128410635514,0.2520871589364486,0.0,0.009487641253794001,0.0,1.2125646544003914,1.2125646544003914
2010-04-23,133566.2588964633,-0.0028855009080885896,0.9884579963676456,0.9635335820455562,0.9559621046856743,0.0062884327346171,0.006005569423641048,128803.22678600675,0.7837266408609312,0.7551469376132642,0.24485306238673576,0.0,0.0059339685176147865,0.0,0.7597515520249568,0.7597515520249568
2010-04-26,133854.81496696363,-0.0007313382919152955,0.9970746468323388,0.9884579963676456,0.9635335820455562,0.0021603964420686,0.002062068974469275,129068.8279237737,0.7841928698171514,0.7751417128652555,0.22485828713474454,0.0,0.019545547995751054,0.0,2.517529651153503,2.517529651153503
2010-04-27,132072.52213558488,-0.01403671974437426,0.943853121022503,0.9970746468323388,0.9884579963676456,-0.0133151193090711,-0.013171594297835699,127368.78568586458,0.9815206428518692,0.9786493483301777,0.021350651669822307,0.19679905560106348,0.008457420303335504,25.40062344293484,1.0915893258102403,26.49221276874508
2010-04-28,132665.1155012663,-0.009612822258073805,0.9615487109677048,0.943853121022503,0.9970746468323388,0.0044868785429346,0.004443044316170369,127934.69084516367,0.7798528379391696,0.7360665350271415,0.2639334649728585,0.19146856881964042,0.04150495794225326,24.387119107567997,5.286436093047678,29.673555200615674
2010-04-29,134231.25531657442,0.0,1.0,0.9615487109677048,0.943853121022503,0.0118052120136522,0.011128540795168987,129358.4172713514,0.782421399448316,0.752336288073076,0.24766371192692405,0.0,0.013845408248988356,0.0,1.7713080239594043,1.7713080239594043
2010-04-30,133520.3865471455,-0.005295851310876842,0.9788165947564926,1.0,0.9615487109677048,-0.0052958513108768,-0.005122227276427578,128695.8140579686,0.5859488952673105,0.5859488952673105,0.41405110473268947,0.1944742253205573,0.022530490330077438,25.156877987539467,2.9145085694463053,28.07138655698577
2010-05-03,134260.25069450182,0.0,1.0,0.9788165947564926,1.0,0.0055412073503477,0.005528746623279151,129407.34060537176,0.5882305949213806,0.5757698678525316,0.4242301321474684,0.0,0.012460727068849034,0.0,1.6036434138796913,1.6036434138796913
2010-05-04,132535.63478728937,-0.012845320176979813,0.9486187192920807,1.0,0.9788165947564926,-0.0128453201769798,-0.012602411187435375,127776.49608839037,0.983392610130932,0.983392610130932,0.016607389869067957,0.3949803620876357,0.020831604173873985,51.11335824910775,2.695762496684795,53.80912074579254
2010-05-05,131409.5534101138,-0.021232622981425586,0.9150695080742977,0.9486187192920807,1.0,-0.0084964423264948,-0.00854696298602382,126684.39510583907,0.9832502972475096,0.9327296377184903,0.06727036228150973,0.0,0.05052065952901933,0.0,6.455352854692641,6.455352854692641
2010-05-06,129366.07106751965,-0.03645293079422651,0.854188276823094,0.9150695080742977,0.9486187192920807,-0.0155504854066179,-0.014784459946235944,124811.43474058367,0.9829857168862448,0.8995002563951568,0.10049974360484315,0.0,0.032978395439880556,0.0,4.177848077862429,4.177848077862429
2010-05-07,129285.11900327393,-0.03705587964786694,0.8517764814085322,0.854188276823094,0.9150695080742977,-0.0006257596259801,-0.0006053719038527007,124735.87740471217,0.760564081166397,0.6496649219050644,0.3503350780949356,0.19005202330894203,0.046304077706850674,23.720665704539915,5.7792783729315085,29.499944077471422
2010-05-10,132782.07569692255,-0.0110097738528937,0.9559609045884252,0.8517764814085322,0.854188276823094,0.0270484083598212,0.023102583794423148,127617.59846462544,0.766869879856999,0.6532017279627784,0.3467982720372216,0.0,0.0018495332598046017,0.0,0.23070315395092447,0.23070315395092447
2010-05-11,132167.16610387407,-0.015589756311347847,0.9376409747546086,0.9559609045884252,0.8517764814085322,-0.0046309683729603,-0.004065939272097753,127098.71305921732,0.9660252867145632,0.9234824069429467,0.0765175930570533,0.1903448449436866,0.10064478727354749,24.29135199183479,12.844046049833228,37.13539804166802
2010-05-12,133660.1767887901,-0.004469482982548234,0.9821220680698071,0.9376409747546086,0.9559609045884252,0.0112963811582569,0.010787391187748676,128469.77659644652,0.7983091560742669,0.7485273752570046,0.25147262474299537,0.15955336888666036,0.014624967724973901,20.279027849757103,1.8588145763767723,22.137842426133876
2010-05-13,131901.56243405677,-0.017568031105588022,0.9297278755776479,0.9821220680698071,0.9376409747546086,-0.0131573546959486,-0.012372264932285612,126880.31448460373,0.7956200566670979,0.7813960154517072,0.21860398454829277,0.0,0.03539004998405266,0.0,4.546551815188321,4.546551815188321
2010-05-14,129256.7823868425,-0.037266937025496105,0.8509322518980156,0.9297278755776479,0.9821220680698071,-0.020051165417669,-0.019734158809908003,124376.43820871349,0.7914381484825053,0.7358221084397467,0.2641778915602533,0.0,0.041466762697230417,0.0,5.26131589168303,5.26131589168303
2010-05-17,129289.87094995828,-0.037020486099443084,0.8519180556022277,0.8509322518980156,0.9297278755776479,0.000255990923685,0.00017563582931423284,124398.28316758541,0.7914915247596782,0.6735056655219469,0.3264943344780531,0.0,0.062366068330582,0.0,7.756869444039036,7.756869444039036
2010-05-18,126927.85073236226,-0.054613334357790255,0.781546662568839,0.8519180556022277,0.8509322518980156,-0.0182691822664919,-0.015547003831431387,122464.26258255547,0.9878514059562752,0.8415684489861969,0.15843155101380313,0.1673043027342098,0.0009738275752028121,20.812368026685675,0.1211424784564825,20.93351050514216
2010-05-19,126704.42233213077,-0.056277478429291206,0.7748900862828352,0.781546662568839,0.8519180556022277,-0.001760278764214,-0.0015691282341343022,122272.10045046474,0.9878299833343784,0.7720352266604152,0.22796477333958476,0.0,0.06951497200738933,0.0,8.51309978533192,8.51309978533192
2010-05-20,121000.58080914264,-0.09876094984755002,0.6049562006097999,0.7748900862828352,0.781546662568839,-0.045016909575868,-0.03518938718506692,117969.42016578195,0.9872563014071628,0.7650151205806691,0.23498487941933088,0.0,0.0065717468841547414,0.0,0.8035412951543972,0.8035412951543972
2010-05-21,124263.82970120564,-0.07445555137568016,0.7021777944972794,0.6049562006097999,0.7748900862828352,0.0269688696553465,0.020730084565027666,120414.93622190588,0.9875909592107556,0.5974492744407266,0.4025507255592734,0.0,0.16782516915424375,0.0,19.79823789435041,19.79823789435041
2010-05-24,121469.74326980211,-0.09526652422095849,0.618933903116166,0.7021777944972794,0.6049562006097999,-0.0224851144385452,-0.01369849681756352,118765.432601283,0.9873055224298534,0.6932640142347786,0.30673598576522143,0.0,0.0959874165445409,0.0,11.558318641316408,11.558318641316408
2010-05-25,122770.13690351856,-0.08558090523105066,0.6576763790757973,0.618933903116166,0.7021777944972794,0.0107054942137161,0.00743496196924934,119648.44907593499,0.9874399836126128,0.6111600831503174,0.38883991684968255,0.0,0.08219834674121665,0.0,9.762322209830856,9.762322209830856
2010-05-26,121997.37821664802,-0.09133658260296984,0.6346536695881206,0.6576763790757973,0.618933903116166,-0.0062943538743288,-0.003934041798587204,119177.74707613414,0.9873604256588888,0.649363629590076,0.350636370409924,0.0,0.03825278755458084,0.0,4.576886703736825,4.576886703736825
2010-05-27,127099.94546136173,-0.053331534807221415,0.7866738607711143,0.6346536695881206,0.6576763790757973,0.0418252205031188,0.02748471617989343,122453.31362948079,0.9878678552866984,0.6269539594258496,0.37304604057415036,0.0,0.02274339464447991,0.0,2.7105065345925308,2.7105065345925308
2010-05-28,124642.24467748996,-0.07163703305527747,0.7134518677788901,0.7866738607711143,0.6346536695881206,-0.0193367571870349,-0.012422283400318503,120932.1638642673,0.9876286331702396,0.7769416298641311,0.22305837013586893,0.0,0.15013949363233858,0.0,18.385078501932192,18.385078501932192
2010-06-01,120844.02093722082,-0.09992704235156347,0.6002918305937461,0.7134518677788901,0.7866738607711143,-0.0304730049598914,-0.024044604126172667,118024.39785802954,0.9872397912662056,0.7043480730245161,0.2956519269754839,0.0,0.072287665077739,0.0,8.741903758546405,8.741903758546405
2010-06-02,124839.91008252834,-0.07016477746201066,0.7193408901519573,0.6002918305937461,0.7134518677788901,0.0330665027058592,0.02347959580695296,120795.56301509506,0.9876482213871302,0.5928771587991378,0.4071228412008622,0.0,0.11176230945800898,0.0,13.19067927700427,13.19067927700427
2010-06-03,124298.45276700312,-0.0741976711347423,0.7032093154610308,0.7193408901519573,0.6002918305937461,-0.0043372132771264,-0.002721165884218447,120466.85825005344,0.9875944157222905,0.7104170461147746,0.28958295388522537,0.0,0.11757218641667976,0.0,14.202198453118543,14.202198453118543
2010-06-04,119477.9930291985,-0.11010151991254025,0.559593920349839,0.7032093154610308,0.7193408901519573,-0.038781333399544,-0.02790039704811676,117105.78507373774,0.5913907029883293,0.41587145141844084,0.5841285485815592,0.26773853464566477,0.009540063296775775,32.25362010123632,1.1492614528692249,33.40288155410555
2010-06-07,118387.189965572,-0.11822606204607544,0.5270957518156982,0.559593920349839,0.7032093154610308,-0.0091297404314442,-0.006504510635444519,116344.06924925353,0.5876258338911219,0.3288318440859762,0.6711681559140238,0.0,0.08439211631181703,0.0,9.882805034729522,9.882805034729522
2010-06-08,119783.57392155186,-0.10782548593544983,0.5686980562582007,0.5270957518156982,0.559593920349839,0.0117950595531994,0.006581190625092553,117109.75174708184,0.5924331096348907,0.3122689753235147,0.6877310246764853,0.0,0.01925299104211978,0.0,2.2399713230596414,2.2399713230596414
2010-06-09,119271.68161467472,-0.1116381728940189,0.5534473084239244,0.5686980562582007,0.5270957518156982,-0.004273476655592,-0.0023103425431236797,116839.18810540592,0.9912040589061348,0.563695821655158,0.43630417834484203,0.22657506560998597,0.04123637302325716,26.53414968566424,4.829181407703709,31.363331093367947
2010-06-10,123058.3307305538,-0.08343437395657094,0.6662625041737162,0.5534473084239244,0.5686980562582007,0.0317480986653011,0.018039961269906556,118946.96253363477,0.9914747203263626,0.5487290153349886,0.45127098466501137,0.0,0.015120730943756943,0.0,1.7666939270288495,1.7666939270288495
2010-06-11,123814.86995611846,-0.07779950271470126,0.688801989141195,0.6662625041737162,0.5534473084239244,0.0061478099131797,0.003290629557778344,119338.37292435589,0.991526811876306,0.6606171366360889,0.3393828633639111,0.0,0.11185929137299247,0.0,13.30532293998227,13.30532293998227
2010-06-14,123113.16153512764,-0.08302598201412914,0.6678960719434834,0.688801989141195,0.6662625041737162,-0.0056674002180797,-0.0037983236765871046,118885.08715695194,0.9914785172229568,0.6829323748539351,0.3170676251460649,0.0,0.02234741513452491,0.0,2.6669041612193287,2.6669041612193287
2010-06-15,126063.36109443314,-0.061052244112965615,0.7557910235481375,0.6678960719434834,0.688801989141195,0.0239633157212335,0.01648524759827575,120844.93725447688,0.9916779413420284,0.662337801655341,0.33766219834465905,0.0,0.020731936928493455,0.0,2.464718128676375,2.464718128676375
2010-06-16,125848.79494139765,-0.06265038021002778,0.7493984791598889,0.7557910235481375,0.6678960719434834,-0.0017020500736512,-0.0012239547959883956,120697.02851395337,0.9916637526315808,0.7494905626170095,0.2505094373829905,0.0,0.08716223754564248,0.0,10.533115127162974,10.533115127162974
2010-06-17,125847.94352737584,-0.06265672172970616,0.7493731130811754,0.7493984791598889,0.7557910235481375,-6.765372860373375e-06,-1.1452462275208142e-05,120695.64623578759,0.9916636962333776,0.7431512657953672,0.25684873420463283,0.0,0.006339254196386597,0.0,0.7651291444984716,0.7651291444984716
2010-06-18,126991.48301009744,-0.054139387099342406,0.7834424516026304,0.7493731130811754,0.7493984791598889,0.009086675957266,0.006809515986470407,121517.52516832757,0.9917387634132478,0.7431823645022608,0.25681763549773917,0.0,2.5156523535976366e-05,0.0,0.0030362828652204677,0.0030362828652204677
2010-06-21,126648.51841120452,-0.056693863179335,0.77322454728266,0.7834424516026304,0.7493731130811754,-0.0027006897688222,-0.002057611421003507,121267.48932068914,0.9917163919577592,0.776952721409902,0.22304727859009799,0.0,0.03378712147488484,0.0,4.10572738418966,4.10572738418966
2010-06-22,124384.04890722226,-0.07356013217755752,0.7057594712897699,0.77322454728266,0.7834424516026304,-0.0178799525836531,-0.014018045608950735,119567.55612450877,0.9915655850178068,0.7667028505764596,0.2332971494235404,0.0,0.01013172227468741,0.0,1.2286485227458437,1.2286485227458437
2010-06-23,123854.0457593338,-0.07750771267995382,0.6899691492801847,0.7057594712897699,0.77322454728266,-0.0042610218315355,-0.0033616202891773466,119165.61540191328,0.9915294919982872,0.6997813300409254,0.30021866995907465,0.0,0.06689361252685615,0.0,7.9983057701760165,7.9983057701760165
2010-06-24,121757.27526229116,-0.09312492243635206,0.6275003102545917,0.6899691492801847,0.7057594712897699,-0.0169293662083268,-0.011963714811088844,117739.9519639569,0.9913836221828312,0.6840241144077961,0.3159758855922039,0.0,0.015654266629295848,0.0,1.8654503165456744,1.8654503165456744
2010-06-25,123741.7373459303,-0.07834421054750995,0.6866231578099602,0.6275003102545917,0.6899691492801847,0.0162985093035648,0.011183529382742575,119056.70017626851,0.991521804136982,0.6221802397201488,0.3778197602798512,0.0,0.06193921597299865,0.0,7.292720313346014,7.292720313346014
2010-06-28,122237.57274203462,-0.0895475607283337,0.6418097570866652,0.6866231578099602,0.6275003102545917,-0.0121556771074796,-0.0076863065806998905,118141.59387822723,0.9914174777679616,0.6807301992930238,0.3192698007069762,0.0,0.05861542440180309,0.0,6.978559008710203,6.978559008710203
2010-06-29,118455.61403474474,-0.11771642446668185,0.5291343021332726,0.6418097570866652,0.6866231578099602,-0.0309394126736398,-0.021288133739882326,115626.57982750465,0.9911434616738282,0.6361255443749161,0.3638744556250839,0.0,0.044416509122263026,0.0,5.247437182210974,5.247437182210974
2010-06-30,117628.08074593078,-0.12388007517143829,0.5044796993142469,0.5291343021332726,0.6418097570866652,-0.0069860200004638,-0.004595366319472494,115095.23333692955,0.9910811544403676,0.5244150350122421,0.47558496498775793,0.0,0.11167051997230197,0.0,12.912080291956327,12.912080291956327
2010-07-01,116033.97363104264,-0.13575333703890946,0.45698665184436216,0.5044796993142469,0.5291343021332726,-0.0135520966148492,-0.007195310876046702,114267.0873527192,0.9909586248508148,0.4999185090975986,0.5000814909024014,0.0,0.02443169130578479,0.0,2.8119712116551336,2.8119712116551336
2010-07-02,115479.11546298664,-0.1398860432210135,0.440455827115946,0.45698665184436216,0.5044796993142469,-0.0047818595769227,-0.0024594126633313627,113986.05743108192,0.9909151825293884,0.4528350115258502,0.5471649884741498,0.0,0.0470615818024977,0.0,5.377589878783145,5.377589878783145
2010-07-06,115801.75562967396,-0.13748294800095862,0.45006820799616554,0.440455827115946,0.45698665184436216,0.0027939265502143,0.0012604060760568127,114129.72615045382,0.9909404941233888,0.4364655149618014,0.5635344850381986,0.0,0.016381063624643845,0.0,1.86721285910086,1.86721285910086
2010-07-07,119772.15585173995,-0.107910530241213,0.568357879035148,0.45006820799616554,0.440455827115946,0.0342861833180065,0.015092021047740977,115852.1743796894,0.991240813207474,0.4461259764929497,0.5538740235070503,0.0,0.009528184240568793,0.0,1.087449058087186,1.087449058087186
2010-07-08,121020.8080671574,-0.0986102927624476,0.6055588289502096,0.568357879035148,0.45006820799616554,0.0104252295246576,0.004574800130043448,116382.17492210741,0.9913311875667964,0.5634308911868589,0.43656910881314115,0.0,0.11726424006796017,0.0,13.585317188855083,13.585317188855083
2010-07-09,122796.32209640412,-0.08538587213115612,0.6584565114753755,0.6055588289502096,0.568357879035148,0.0146711467028171,0.008301578698308401,117348.33070630359,0.9914565300675268,0.6003852553027298,0.3996147446972702,0.0,0.03688312471800285,0.0,4.292538272604512,4.292538272604512
2010-07-12,121964.71782442278,-0.09157984441766398,0.6336806223293441,0.6584565114753755,0.6055588289502096,-0.0067722245893363,-0.004153423063033234,116860.9334431396,0.9913982772693396,0.6527926511334664,0.3472073488665336,0.0,0.05244267132698994,0.0,6.1540599380016,6.1540599380016
2010-07-13,124442.40232189395,-0.07312550305710053,0.7074979877715979,0.6336806223293441,0.6584565114753755,0.0203147643160046,0.013351821825955465,118421.23980488724,0.9915695400757756,0.6283384032380389,0.3716615967619611,0.0,0.024567017005498817,0.0,2.870924539176076,2.870924539176076
2010-07-14,124257.24638816567,-0.07450458534519766,0.7019816586192094,0.7074979877715979,0.6336806223293441,-0.0014878845978023,-0.0010160377616791959,118300.91935346059,0.9915569778331348,0.7015245665778298,0.2984754334221702,0.0,0.07319412378952528,0.0,8.667738885587974,8.667738885587974
2010-07-15,124117.44018096571,-0.07554589285413482,0.6978164285834607,0.7019816586192094,0.7074979877715979,-0.0011251352437283,-0.0008015006231101279,118206.1010928843,0.9915474675910226,0.6960481358992228,0.30395186410077724,0.0,0.005469702201449382,0.0,0.6470707990211092,0.6470707990211092
2010-07-16,120519.38676444883,-0.10234498936933467,0.5906200425226613,0.6978164285834607,0.7019816586192094,-0.0289891042811619,-0.020353948477387303,115800.1402015269,0.9912951209443228,0.691742020969577,0.30825797903042296,0.0,0.0041289722120483804,0.0,0.4880697067071009,0.4880697067071009
2010-07-19,120408.55733932403,-0.10317047140554048,0.5873181143778381,0.5906200425226613,0.6978164285834607,-0.0009195983160901,-0.000747973208254297,115713.52479914406,0.9912871085840482,0.5854740342240765,0.4145259657759235,0.0,0.10626239558886921,0.0,12.305200307341169,12.305200307341169
2010-07-20,122755.33491907635,-0.0856911536803544,0.6572353852785824,0.5873181143778381,0.5906200425226613,0.0194901228916717,0.01150798350224908,117045.1541335197,0.9914536774606127,0.5822987043391403,0.4177012956608597,0.0,0.0032737088018956785,0.0,0.3788123846333318,0.3788123846333318
2010-07-21,121782.14680875538,-0.09293967366513667,0.6282413053394533,0.6572353852785824,0.5873181143778381,-0.0079278681530422,-0.004725495534994372,116492.05778026904,0.99138538190416,0.6515735534353352,0.3484264465646648,0.0,0.06931496031363099,0.0,8.11298021366774,8.11298021366774
2010-07-22,124611.55524875678,-0.07186561469857422,0.7125375412057031,0.6282413053394533,0.6572353852785824,0.0232333598490808,0.015241036233412131,118267.51745380284,0.9915809839339969,0.6229521316964737,0.3770478683035263,0.0,0.02874997831430255,0.0,3.349144134971215,3.349144134971215
2010-07-23,126043.605102031,-0.06119939110770123,0.7552024355691951,0.7125375412057031,0.6282413053394533,0.0114921112284931,0.007136224351603351,119111.50099186035,0.9916766369479856,0.7066068325620584,0.29339316743794164,0.0,0.08359460769121675,0.0,9.886526724164778,9.886526724164778
2010-07-26,126982.8287349316,-0.05420384605216777,0.7831846157913289,0.7552024355691951,0.7125375412057031,0.0074515770327285,0.005267215971449621,119738.886992268,0.9917382003842512,0.7489631043771969,0.25103689562280307,0.0,0.0423124055556337,0.0,5.039894136307861,5.039894136307861
2010-07-27,125860.22739651726,-0.06256522875931558,0.7497390849627377,0.7831846157913289,0.7552024355691951,-0.0088405759235186,-0.006704173404310094,118936.13673063274,0.9916645098507272,0.7766563881413383,0.2233436118586617,0.0,0.02774893503453706,0.0,3.3226265962562196,3.3226265962562196
2010-07-28,125238.029785209,-0.06719949398740621,0.7312020240503752,0.7497390849627377,0.7831846157913289,-0.004943560203082,-0.0039048856591909977,118471.70471595372,0.9916230981320272,0.7434585942214211,0.25654140577857887,0.0,0.03316536089891788,0.0,3.9445598985944788,3.9445598985944788
2010-07-29,125416.43338973651,-0.06587070453852117,0.7365171818459153,0.7312020240503752,0.7497390849627377,0.0014245162179051,0.0010496334870660283,118596.05658449337,0.9916350141899763,0.7250855294949332,0.2749144705050668,0.0,0.018381998660871056,0.0,2.1777467174397724,2.1777467174397724
2010-07-30,126081.60882452788,-0.06091633098901161,0.7563346760439535,0.7365171818459153,0.7312020240503752,0.0053037342620347,0.0038728169036342554,119055.35739713816,0.5923620582763344,0.43628483379413163,0.5637151662058684,0.2959597045723096,0.0031484978118296665,35.09965387018758,0.3733994246479047,35.47305329483549
2010-08-02,128164.3757894839,-0.04540342263242603,0.8183863094702959,0.7563346760439535,0.7365171818459153,0.0165191972435463,0.012154802189087073,120502.45171585144,0.5989864797152471,0.45303424509013956,0.5469657549098604,0.0,0.011870411086460262,0.0,1.4132360343494776,1.4132360343494776
2010-08-03,127744.5552167422,-0.048530338980116716,0.8058786440795331,0.8183863094702959,0.7563346760439535,-0.0032756416918166,-0.0025145677098350745,120199.44014181079,0.5976685861621523,0.4891237885155734,0.5108762114844265,0.0,0.03708631201897418,0.0,4.468991523385437,4.468991523385437
2010-08-04,128067.8125756509,-0.046122646776083465,0.8155094128956661,0.8058786440795331,0.8183863094702959,0.0025304981363802,0.002063436890365127,120447.46410080063,0.5986841152605852,0.48246674303815534,0.5175332569618447,0.0,0.007488140588444242,0.0,0.9000703064341675,0.9000703064341675
2010-08-05,128222.8977076986,-0.04496753846036472,0.8201298461585411,0.8155094128956661,0.8058786440795331,0.0012109610442208,0.000966259843716953,120563.84764863877,0.7994095533845139,0.6519260155437916,0.3480739844562084,0.16333205901697898,0.007698928598054391,19.672932314957432,0.9273164259287835,20.600248740886215
2010-08-06,128218.2306051952,-0.04500230007059003,0.8199907997176399,0.8201298461585411,0.8155094128956661,-3.639835463731256e-05,-3.3376785575913396e-05,120559.82361494759,0.7994022519565411,0.6556136459159094,0.3443863540840906,0.0,0.003693584755357167,0.0,0.44531278972221616,0.44531278972221616
2010-08-09,128244.54600524406,-0.04480629715898565,0.8207748113640574,0.8199907997176399,0.8201298461585411,0.0002052391452029,0.00016821158881962563,120580.10317442566,0.7994434140188128,0.6555362443902866,0.34446375560971343,0.0,0.00011115976142124917,0.0,0.013401401230025456,0.013401401230025456
2010-08-10,127813.42569004612,-0.04801737648416082,0.8079304940633567,0.8207748113640574,0.8199907997176399,-0.0033617048726602,-0.0027571933095215896,120247.64052069173,0.7987669278195233,0.6556077745049169,0.3443922254950831,0.0,0.000626242574183636,0.0,0.07551239420728074,0.07551239420728074
2010-08-11,125915.11453432766,-0.06215641723448617,0.7513743310620553,0.8079304940633567,0.8207748113640574,-0.0148522046527566,-0.012200536120812414,118780.55483907656,0.7957331142282601,0.6428970481210117,0.35710295187898833,0.0,0.010220648605822473,0.0,1.22900887944125,1.22900887944125
2010-08-12,126056.04881714733,-0.06110670756918579,0.7555731697232568,0.7513743310620553,0.8079304940633567,0.0011192801066091,0.0008592853512045651,118882.62122985773,0.9962015384825578,0.7485202645803222,0.25147973541967783,0.15047316051278847,0.056341336592566765,17.873285494098447,6.692255220840248,24.565540714938695
2010-08-13,125974.83023898175,-0.06171164147736374,0.753153434090545,0.7555731697232568,0.7513743310620553,-0.0006443052826714,-0.0004882976221182704,118824.57112860002,0.8008143799257459,0.6050738594004603,0.3949261405995397,0.14768000722053207,0.0033624903788783446,17.556586361621168,0.39974167010123507,17.956328031722403
2010-08-16,127301.91282335232,-0.05182723728844085,0.7926910508462366,0.753153434090545,0.7555731697232568,0.0105345058362293,0.007957647182603148,119770.13514226553,0.802890827652218,0.604699984046068,0.39530001595393205,0.0,0.0019427835448475451,0.0,0.23085042151221083,0.23085042151221083
2010-08-17,128346.1897323778,-0.04404923223017798,0.8238030710792881,0.7926910508462366,0.753153434090545,0.0082031517505518,0.006146424112583155,120506.29318887132,0.8044945882131596,0.6377156605307999,0.36228433946920013,0.0,0.0318077987107998,0.0,3.809624350170471,3.809624350170471
2010-08-18,128460.1894644068,-0.043200137047953224,0.8271994518081871,0.8238030710792881,0.7926910508462366,0.0008882206185216,0.0006790496857052884,120588.12294938673,0.8046680860465882,0.6628880404846722,0.3371119595153278,0.0,0.025034849773972266,0.0,3.016856946801651,3.016856946801651
2010-08-19,127415.05478981402,-0.05098453093360811,0.7960618762655676,0.8271994518081871,0.8238030710792881,-0.008135864340153,-0.006706409168820936,119779.40965598806,1.0,0.8271994518081871,0.1728005481918129,0.16141703510779837,0.003396380728899029,19.464977275704662,0.40956317691940386,19.874540452624064
2010-08-20,126891.6203053599,-0.054883186579985144,0.7804672536800594,0.7960618762655676,0.8271994518081871,-0.0041081054771556,-0.0034293601742159427,119368.64291882272,1.0,0.7960618762655676,0.20393812373443243,0.0,0.031137575542619533,0.0,3.7296404166137,3.7296404166137
2010-08-23,126071.3299401846,-0.060992890389803045,0.7560284384407878,0.7804672536800594,0.7960618762655676,-0.0064644959470239,-0.005161733395284432,118752.49380831885,1.0,0.7804672536800594,0.21953274631994057,0.0,0.015594622585508144,0.0,1.8615089348633296,1.8615089348633296
2010-08-24,125729.54081434914,-0.06353861128684779,0.7458455548526088,0.7560284384407878,0.7804672536800594,-0.002711077340087,-0.002140345901371213,118498.32239491859,1.0,0.7560284384407878,0.24397156155921218,0.0,0.024438815239271605,0.0,2.9021702553842497,2.9021702553842497
2010-08-25,127045.4321411234,-0.053737562056212385,0.7850497517751505,0.7458455548526088,0.7560284384407878,0.0104660473445719,0.007906426391137512,119435.2206584073,0.8056967326979184,0.600925326642013,0.39907467335798696,0.14658355373396803,0.008204316036439062,17.36990520816061,0.9721976867157566,18.342102894876366
2010-08-26,127146.57654904088,-0.05298421616720739,0.7880631353311705,0.7850497517751505,0.7458455548526088,0.0007961278592458,0.0005469743343300391,119500.5486587225,1.0,0.7850497517751505,0.21495024822484954,0.15238534641818163,0.03920419692254162,18.200177474563365,4.682361910179411,22.882539384742778
2010-08-27,128173.42517231306,-0.0453360208304604,0.8186559166781584,0.7880631353311705,0.7850497517751505,0.0080761012301115,0.006337127882453921,120257.83891759625,1.0,0.7880631353311705,0.21193686466882955,0.0,0.0030133835560199884,0.0,0.3601009882635609,0.3601009882635609
2010-08-30,127247.986176786,-0.052228894862349495,0.791084420550602,0.8186559166781584,0.7880631353311705,-0.0072202096049388,-0.00572057380036329,119569.89507499593,1.0,0.8186559166781584,0.1813440833218416,0.0,0.03059278134698795,0.0,3.6790217712673203,3.6790217712673203
2010-08-31,128318.31561464632,-0.0442568448153422,0.8229726207386312,0.791084420550602,0.8186559166781584,0.0084113664193734,0.006858443390440454,120389.9584315687,1.0,0.791084420550602,0.20891557944939798,0.0,0.027571496127556383,0.0,3.2967208990325734,3.2967208990325734
2010-09-01,130335.75556108326,-0.029230506520864674,0.8830779739165413,0.8229726207386312,0.791084420550602,0.0157221510956824,0.012405660589148895,121883.4753942125,1.0,0.8229726207386312,0.1770273792613688,0.0,0.03188820018802918,0.0,3.839019095094374,3.839019095094374
2010-09-02,131512.83323027726,-0.020463372070383512,0.918146511718466,0.8830779739165413,0.8229726207386312,0.0090311186222598,0.007372258007584695,122782.03182167975,1.0,0.8830779739165413,0.1169220260834587,0.0,0.060105353177910104,0.0,7.325849335120258,7.325849335120258
2010-09-03,132552.87961118767,-0.01271687691987955,0.9491324923204818,0.918146511718466,0.8830779739165413,0.0079083261714034,0.006948475480021355,123635.17975917988,0.6014427987904543,0.5522126077076468,0.4477873922923532,0.36919702570661833,0.021091719525078406,45.33076095877953,2.5896841779021207,47.92044513668165
2010-09-07,132076.56574742118,-0.016264567776276828,0.9349417288948927,0.9491324923204818,0.918146511718466,-0.0035933875232559,-0.0033178479773805832,123224.97702808281,0.6000054634133131,0.5694846808953835,0.4305153191046165,0.0,0.01859175765042845,0.0,2.2985952991498295,2.2985952991498295
2010-09-08,132301.6749659602,-0.014587904598794443,0.9416483816048222,0.9349417288948927,0.9491324923204818,0.0017043842506438,0.0016091622780878825,123423.26601283465,0.6006860478244637,0.5616064520760442,0.4383935479239558,0.0,0.008524193597729072,0.0,1.0503935602630954,1.0503935602630954
2010-09-09,132118.4732359652,-0.01595243154587911,0.9361902738164836,0.9416483816048222,0.9349417288948927,-0.0013847272156012,-0.0012986641361878576,123262.98064369262,0.6001323401932904,0.5651136468917265,0.4348863531082735,0.0,0.004024879185673688,0.0,0.4967637344029249,0.4967637344029249
2010-09-10,132199.1866537185,-0.015351260184022109,0.9385949592639116,0.9361902738164836,0.9416483816048222,0.0006109169730499,0.0005719912116268697,123333.48598533974,1.0,0.9361902738164836,0.06380972618351644,0.37397823568911087,0.005458107788338662,46.09767202690919,0.6727826346651764,46.77045466157436
2010-09-13,134060.17800197712,-0.0014901856021403148,0.9940392575914387,0.9385949592639116,0.9361902738164836,0.0140771769884886,0.01317651149396863,124958.59108101677,1.0,0.9385949592639116,0.061405040736088434,0.0,0.002404685447428001,0.0,0.2965782389295118,0.2965782389295118
2010-09-14,133877.82363867166,-0.0028484011749713156,0.9886063953001147,0.9940392575914387,0.9385949592639116,-0.0013602425867491,-0.0013321611336264303,124792.12610266592,1.0,0.9940392575914387,0.005960742408561259,0.0,0.055444298327527175,0.0,6.928241402483371,6.928241402483371
2010-09-15,133459.8318787557,-0.005961696120822868,0.9761532155167085,0.9886063953001147,0.9940392575914387,-0.0031221881903614,-0.0031090104930989277,124404.14607315659,1.0,0.9886063953001147,0.011393604699885262,0.0,0.005432862291324003,0.0,0.6779784361573236,0.6779784361573236
2010-09-16,132552.1076192085,-0.012722626886643273,0.9491094924534269,0.9761532155167085,0.9886063953001147,-0.006801479117491,-0.00673643893283509,123566.10514014328,1.0,0.9761532155167085,0.023846784483291472,0.0,0.01245317978340621,0.0,1.5492271968501465,1.5492271968501465
2010-09-17,132440.97886318676,-0.013550338405479923,0.9457986463780803,0.9491094924534269,0.9761532155167085,-0.0008383778878943,-0.0008454289941493114,123461.6387721637,1.0,0.9491094924534269,0.050890507546573094,0.0,0.02704372306328162,0.0,3.3416875274183746,3.3416875274183746
2010-09-20,134791.37462613118,0.0,1.0,0.9457986463780803,0.9491094924534269,0.0177467411002179,0.016841572495277873,125540.9269119309,0.8080584655024949,0.7642606028666085,0.23573939713339154,0.18494469686637638,0.0026753571991595284,22.833575357343886,0.33030398410914136,23.163879341453026
2010-09-21,134627.08389307806,-0.0012188519740881087,0.9951245921036476,1.0,0.9457986463780803,-0.0012188519740881,-0.0011965737140737535,125390.70793874763,0.807824231687916,0.807824231687916,0.19217576831208405,0.0,0.04378516684607232,0.0,5.4968304308494655,5.4968304308494655
2010-09-22,133920.49773907816,-0.00646092444318902,0.9741563022272439,0.9951245921036476,1.0,-0.0052484695766052,-0.00525240310582164,124732.10539492898,0.8068102813269474,0.8028767521105077,0.19712324788949231,0.0,0.003933529216439729,0.0,0.4932280131471249,0.4932280131471249
2010-09-23,133014.4257656683,-0.013182956738823748,0.947268173044705,0.9741563022272439,0.9951245921036476,-0.006765745264591,-0.006749649334791657,123890.20742272295,0.8054943053443953,0.7846773539593986,0.21532264604060136,0.0,0.01688983808825367,0.0,2.1067050645273424,2.1067050645273424
2010-09-24,134890.45973354467,0.0,1.0,0.947268173044705,0.9741563022272439,0.0141039887747316,0.01371782609183978,125589.7117426298,1.0,0.947268173044705,0.05273182695529499,0.18406498903417168,0.02688812918253891,22.803849670704764,3.3311759016337157,26.13502557233848
2010-09-27,134531.11146451792,-0.0026640006249262216,0.9893439975002951,1.0,0.947268173044705,-0.0026640006249262,-0.0025762548319191838,125266.16064091351,1.0,1.0,0.0,0.0,0.05273182695529499,0.0,6.622574946977735,6.622574946977735
2010-09-28,135312.54443436037,0.0,1.0,0.9893439975002951,1.0,0.0058085669651852,0.005797910962685495,125992.442686947,1.0,0.9893439975002951,0.010656002499704886,0.0,0.010656002499704886,0.0,1.3348365209180082,1.3348365209180082
2010-09-29,134685.22511787066,-0.004636076567121394,0.9814556937315144,1.0,0.9893439975002951,-0.0046360765671213,-0.004597330526132937,125413.21378412025,1.0,1.0,0.0,0.0,0.010656002499704886,0.0,1.342575784216032,1.342575784216032
2010-09-30,134450.94234834885,-0.0063674960042561235,0.9745300159829755,0.9814556937315144,1.0,-0.001739483817299,-0.0017580281235673855,125192.7338272208,1.0,0.9814556937315144,0.018544306268485578,0.0,0.018544306268485578,0.0,2.3257010465277834,2.3257010465277834
2010-10-01,135042.01911127393,-0.0019992627011583552,0.9920029491953666,0.9745300159829755,0.9814556937315144,0.004396226256218,0.004307775612348498,125732.03603284493,1.0,0.9745300159829755,0.025469984017024494,0.0,0.0069256777485389165,0.0,0.8670445309459385,0.8670445309459385
2010-10-04,134311.8335834848,-0.007395551203761452,0.9704177951849542,0.9920029491953666,0.9745300159829755,-0.0054070987133822,-0.0052868529287861754,125067.30924990244,1.0,0.9920029491953666,0.007997050804633421,0.0,0.017472933212391073,0.0,2.1969074682598473,2.1969074682598473
2010-10-05,136698.20885265092,0.0,1.0,0.9704177951849542,0.9920029491953666,0.0177674238039702,0.017603751659131986,127268.96310261359,1.0,0.9704177951849542,0.02958220481504581,0.0,0.02158515401041239,0.0,2.699597131827018,2.699597131827018
2010-10-06,136693.41226518748,-3.508888304903923e-05,0.9998596444678038,1.0,0.9704177951849542,-3.508888304903923e-05,-6.36388295904285e-05,127260.86385475857,0.7988206454533888,0.7988206454533888,0.20117935454661118,0.2013736690568245,0.02363087594428924,25.628618057030927,3.007477078636186,28.636095135667112
2010-10-07,136523.84539359034,-0.001275535799072025,0.9948978568037119,0.9998596444678038,1.0,-0.001240490443447,-0.0012406025272731405,127102.9837054374,0.7985707744240309,0.7984586905979904,0.20154130940200965,0.0,0.00011208382604058204,0.0,0.014263884526070955,0.014263884526070955
2010-10-08,137287.4166755858,0.0,1.0,0.9948978568037119,0.9998596444678038,0.005592951764537,0.005588203424179483,127813.26103420353,0.9999311404913892,0.9948293486261744,0.005170651373825552,0.20013248100169154,0.004961445997831563,25.437435471686765,0.6306145898177927,26.068050061504557
2010-10-11,137210.95983251528,-0.0005569107855760702,0.9977723568576957,1.0,0.9948978568037119,-0.000556910785576,-0.0005591711386699792,127741.79154749392,0.9999311021214172,0.9999311021214172,6.88978785827743e-05,0.0,0.0051017916694456504,0.0,0.652076630388982,0.652076630388982
2010-10-12,138281.91741067488,0.0,1.0,0.9977723568576957,1.0,0.0078051897564659,0.00780296226561482,128738.55592668105,0.999931635717614,0.9977041448665346,0.0022958551334654187,0.0,0.002227490851079445,0.0,0.2845436719725403,0.2845436719725403
2010-10-13,138818.4944581135,0.0,1.0,1.0,0.9977723568576957,0.0038803124622945,0.003869441019408139,129236.70217576313,0.9999318999670206,0.9999318999670206,6.810003297941236e-05,0.0,0.0022274914397328234,0.0,0.28676403129024736,0.28676403129024736
2010-10-14,137341.33546154568,-0.010640938027270841,0.9574362478909166,1.0,1.0,-0.0106409380272708,-0.010640938027271,127861.50243706196,0.9999311675249192,0.9999311675249192,6.883247508082668e-05,0.0,0.0,0.0,0.0,0.0
2010-10-15,136075.67875419656,-0.01975828735662133,0.9209668505735147,0.9574362478909166,1.0,-0.0092154099353686,-0.009257970730458939,126677.76438994713,0.9999305273055604,0.9573697322150215,0.04263026778497847,0.0,0.04256079509053889,0.0,5.441887205192233,5.441887205192233
2010-10-18,138088.34126556007,-0.005259768847109547,0.9789609246115618,0.9209668505735147,0.9574362478909166,0.0147907585675111,0.01413854414619307,128468.80355411542,0.8121791977229434,0.7479901178282231,0.2520098821717769,0.17564685464316837,0.029619685854686783,22.250550868322584,3.752155586004262,26.002706454326848
2010-10-19,136260.23791397287,-0.018428787562687066,0.9262848497492517,0.9789609246115618,0.9209668505735147,-0.0132386509594719,-0.01223931412394112,126896.43351228975,0.8096593442176437,0.7926248602356953,0.20737513976430466,0.0,0.04695544395415471,0.0,6.032309705142579,6.032309705142579
2010-10-20,137432.5448907279,-0.009983897122611385,0.9600644115095545,0.9262848497492517,0.9789609246115618,0.0086034414345816,0.00837969777969261,127959.78727444359,0.8112829602171233,0.7514791149088462,0.24852088509115378,0.0,0.042735201946913715,0.0,5.4229447124908114,5.4229447124908114
2010-10-21,137453.72167734307,-0.009831346940462837,0.9606746122381487,0.9600644115095545,0.9262848497492517,0.0001540885867463,0.00011532415843320619,127974.5441292243,0.8113120348790048,0.7789118113167309,0.22108818868326907,0.0,0.02740576498907222,0.0,3.506835858095075,3.506835858095075
2010-10-22,137732.5545388143,-0.007822732291819179,0.9687090708327233,0.9606746122381487,0.9600644115095545,0.0020285581071841,0.001946821222147204,128223.68768762969,1.0,0.9606746122381487,0.03932538776185135,0.1810866510755417,0.0006102007285941902,23.174481619280353,0.07809016006916202,23.252571779349516
2010-10-25,137812.1706709925,-0.007249205453850105,0.9710031781845996,0.9687090708327233,0.9606746122381487,0.0005780487586597,0.0005472823084854798,128293.86224342989,1.0,0.9687090708327233,0.031290929167276715,0.0,0.008034458594574634,0.0,1.0302079095699301,1.0302079095699301
2010-10-26,137997.1277211386,-0.005916839396516771,0.9763326424139329,0.9710031781845996,0.9687090708327233,0.0013420951810392,0.001297804661692334,128460.36261591592,0.8128160536084458,0.7892469713332647,0.2107530286667353,0.18218232330397802,0.0018646872843062125,23.372873889148565,0.2392279335798566,23.61210182272842
2010-10-27,137780.37231069434,-0.007478269746920563,0.9700869210123177,0.9763326424139329,0.9710031781845996,-0.0015707240724768,-0.001529508371104806,128263.88141593972,0.812521576735955,0.7932913380329502,0.20670866196704984,0.0,0.0043303046787757935,0.0,0.5562725092729357,0.5562725092729357
2010-10-28,137731.56788317568,-0.00782983981479346,0.9686806407408262,0.9700869210123177,0.9763326424139329,-0.000354219013203,-0.0003509099536393606,128218.87234325844,0.8124551447824084,0.7881521098625834,0.21184789013741656,0.0,0.005074368485619838,0.0,0.6508581977003245,0.6508581977003245
2010-10-29,137657.69097701483,-0.008362023270962138,0.9665519069161514,0.9686806407408262,0.9700869210123177,-0.0005363832511041,-0.0005208961490857288,128152.08362641472,1.0,0.9686806407408262,0.03131935925917384,0.5844731169319625,0.001406280271491589,74.94048396796565,0.18031167060922287,75.12079563857488
2010-11-01,137457.9369063587,-0.009800981901336936,0.9607960723946523,0.9665519069161514,0.9686806407408262,-0.0014510927013114,-0.001407774141505338,127971.67443690542,1.0,0.9665519069161514,0.03344809308384855,0.0,0.002128733824674711,0.0,0.2728016751180912,0.2728016751180912
2010-11-02,138359.2510393801,-0.0033082293575226185,0.9867670825699095,0.9607960723946523,0.9665519069161514,0.0065570177561693,0.006331942181387098,128781.98368029519,1.0,0.9607960723946523,0.039203927605347744,0.0,0.005755834521499192,0.0,0.736583781497996,0.736583781497996
2010-11-03,139490.16871133394,0.0,1.0,0.9867670825699095,0.9607960723946523,0.0081737770583332,0.007827314259452054,129790.00073751647,0.8003081923680152,0.7897177801397843,0.21028221986021567,0.19885879829598507,0.020784812207331475,25.609430516836667,2.676709346482562,28.286139863319228
2010-11-04,142934.13873940666,0.0,1.0,1.0,0.9867670825699095,0.0246896972015266,0.02435225378628898,132950.67977439912,0.591748961439874,0.591748961439874,0.408251038560126,0.2188576831355351,0.007830565146075644,28.40553885557225,1.0163290560843288,29.421867911656577
2010-11-05,144819.92103161805,0.0,1.0,1.0,1.0,0.0131933652019236,0.01319336520192331,134704.74664650674,0.9975851816962552,0.9975851816962552,0.0024148183037447923,0.4053989617148887,0.0,53.89806753983006,0.0,53.89806753983006
2010-11-08,143838.0013252972,-0.006780280636297764,0.9728788774548089,1.0,1.0,-0.0067802806362977,-0.0067802806362977,133791.41066120204,0.9975686967780988,0.9975686967780988,0.0024313032219012154,0.0,0.0,0.0,0.0,0.0
2010-11-09,141318.76515358873,-0.02417592726945994,0.9032962909221602,0.9728788774548089,1.0,-0.017514399174743,-0.017541453182133866,131444.5148949169,0.9975253548552172,0.9704713474642537,0.029528652535746325,0.0,0.02705400739096354,0.0,3.6195938128755984,3.6195938128755984
2010-11-10,143340.79214119274,-0.010213573380573715,0.9591457064777051,0.9032962909221602,0.9728788774548089,0.0143082695734457,0.013850800417594407,133265.12663671392,0.997560263266094,0.9010924857795964,0.09890751422040356,0.0,0.06941282334024482,0.0,9.123934891445046,9.123934891445046
2010-11-11,142074.88722707218,-0.01895480804706806,0.9241807678117278,0.9591457064777051,0.9032962909221602,-0.0088314351777379,-0.008033114583180678,132194.5926044991,0.9975385249083808,0.9567847932119767,0.043215206788023264,0.0,0.055711943610273436,0.0,7.424459220400554,7.424459220400554
2010-11-12,139167.38863719482,-0.039031456129499875,0.8438741754820005,0.9241807678117278,0.9591457064777051,-0.0204645496936445,-0.019663362048913897,129595.20246920815,0.9974870995318758,0.9218583935276622,0.07814160647233781,0.0,0.034877075255235715,0.0,4.610560754602342,4.610560754602342
2010-11-15,139709.43757932304,-0.0352885391449651,0.8588458434201396,0.8438741754820005,0.9241807678117278,0.0038949422521774,0.003519525148383982,130051.31604340843,0.9974968491598466,0.8417618311306589,0.15823816886934106,0.0,0.08010557281566724,0.0,10.381297927958293,10.381297927958293
2010-11-16,137048.12776631344,-0.05366522236680282,0.7853391105327887,0.8588458434201396,0.8438741754820005,-0.019048890748691,-0.01608980043824786,127958.8163215385,0.9974482409810782,0.8566542757933288,0.14334572420667124,0.0,0.01493346384944964,0.0,1.9421166267075898,1.9421166267075898
2010-11-17,135752.83053227505,-0.06260941474594106,0.7495623410162358,0.7853391105327887,0.8588458434201396,-0.0094514040808134,-0.008190616480980288,126910.75473168858,0.9974238931543244,0.7833159930739685,0.2166840069260315,0.0,0.07331737168955653,0.0,9.381604097201931,9.381604097201931
2010-11-18,137827.9968195009,-0.04828012722497366,0.8068794911001054,0.7495623410162358,0.7853391105327887,0.0152863574121386,0.01196928834094806,128429.78614863951,0.9974626795417189,0.7476604611536182,0.25233953884638183,0.0,0.03568599238732739,0.0,4.528936227225012,4.528936227225012
2010-11-19,137612.55187413289,-0.04976780201331288,0.8009287919467485,0.8068794911001054,0.7495623410162358,-0.0015631435581999,-0.0012288450352482257,128271.96584355275,0.9974587071361491,0.8048289740073851,0.19517102599261493,0.0,0.05717149041938521,0.0,7.342522288360636,7.342522288360636
2010-11-22,135823.86347139018,-0.062118923254099734,0.7515243069836011,0.8009287919467485,0.8068794911001054,-0.0129980032953587,-0.010491415088854197,126926.21140562472,0.7994043822547864,0.6402659861562628,0.35973401384373715,0.15669581129925164,0.004757014980673342,20.099679754805397,0.6101916631181997,20.709871417923598
2010-11-23,134464.79616457218,-0.07150345610798303,0.7139861755680679,0.7515243069836011,0.8009287919467485,-0.0100061010788746,-0.008053568445016418,125904.00247460292,0.7973769151872365,0.5992481335908095,0.40075186640919047,0.0,0.0393939958163287,0.0,5.000130641095633,5.000130641095633
2010-11-24,136560.66771669948,-0.05703119609570395,0.7718752156171842,0.7139861755680679,0.7515243069836011,0.0155867677779553,0.011683786078141932,127375.03790589803,0.8004866829290312,0.5715364253376676,0.4284635746623324,0.0,0.030048774300174226,0.0,3.7832609538479205,3.7832609538479205
2010-11-26,135305.4008692531,-0.0656989735568747,0.7372041057725012,0.7718752156171842,0.7139861755680679,-0.0091920087125707,-0.006609199402866549,126533.19088143027,0.79863574090503,0.6164471347106597,0.3835528652893403,0.0,0.04623225638990697,0.0,5.888835410139596,5.888835410139596
2010-11-29,136570.33566800447,-0.05696443766056525,0.772142249357739,0.7372041057725012,0.7718752156171842,0.0093487384141723,0.007188362917141389,127442.75737854991,1.0,0.7372041057725012,0.2627958942274988,0.1482982603003493,0.034671109844683023,18.76465207796813,4.387046160048314,23.151698238016444
2010-11-30,135405.23524021878,-0.0650096045097538,0.7399615819609848,0.772142249357739,0.7372041057725012,-0.008531138347774,-0.006324128360477462,126636.79302227477,1.0,0.772142249357739,0.227857750642261,0.0,0.034938143585237835,0.0,4.452613356190405,4.452613356190405
2010-12-01,138457.27231057594,-0.04393489981017862,0.8242604007592855,0.7399615819609848,0.772142249357739,0.0225400226582275,0.017371923128501353,128836.71765589768,1.0,0.7399615819609848,0.2600384180390152,0.0,0.03218066739675418,0.0,4.075256516441425,4.075256516441425
2010-12-02,141725.48954929167,-0.02136744351387121,0.9145302259445152,0.8242604007592855,0.7399615819609848,0.0236045184494515,0.017382137994485083,131076.175260949,1.0,0.8242604007592855,0.17573959924071447,0.0,0.0842988187983007,0.0,10.860783116242347,10.860783116242347
2010-12-03,142513.32889726618,-0.015927312471384902,0.9362907501144604,0.9145302259445152,0.8242604007592855,0.0055589107540214,0.004491720180709799,131664.93276257886,1.0,0.9145302259445152,0.08546977405548484,0.0,0.09026982518522964,0.0,11.832223426754389,11.832223426754389
2010-12-06,142295.09262030318,-0.01743426175991103,0.9302629529603559,0.9362907501144604,0.9145302259445152,-0.0015313394098057,-0.001422216700617567,131477.67669631826,1.0,0.9362907501144604,0.06370924988553961,0.0,0.021760524169945228,0.0,2.865097951714311,2.865097951714311
2010-12-07,142120.90796366904,-0.018637028999344274,0.9254518840026229,0.9302629529603559,0.9362907501144604,-0.0012241086704158,-0.0011521494223993285,131326.19476705417,1.0,0.9302629529603559,0.06973704703964412,0.0,0.006027797154104508,0.0,0.7925207654183398,0.7925207654183398
2010-12-08,144105.59407580874,-0.004932518611533876,0.9802699255538645,0.9254518840026229,0.9302629529603559,0.0139647722532636,0.0129860992047822,133031.6097604857,1.0,0.9254518840026229,0.0745481159973771,0.0,0.004811068957732978,0.0,0.6318193789809693,0.6318193789809693
2010-12-09,145504.95031296788,0.0,1.0,0.9802699255538645,0.9254518840026229,0.0097106309170966,0.008931903635529925,134219.83527934577,1.0,0.9802699255538645,0.019730074446135504,0.0,0.05481804155124159,0.0,7.292532311478863,7.292532311478863
2010-12-10,146332.0667993331,0.0,1.0,1.0,0.9802699255538645,0.00568445598989,0.0055525711755776514,134965.10046790866,1.0,1.0,0.0,0.0,0.019730074446135504,0.0,2.6481673422095366,2.6481673422095366
2010-12-13,146434.55867453475,0.0,1.0,1.0,1.0,0.0007004061204316,0.0007004061204315,135059.63085032103,1.0,1.0,0.0,0.0,0.0,0.0,0.0,0.0
2010-12-14,145399.74006443244,-0.007066764973166606,0.9717329401073336,1.0,1.0,-0.0070667649731666,-0.0070667649731666,134105.19618173916,1.0,1.0,0.0,0.0,0.0,0.0,0.0,0.0
2010-12-15,144500.95707286667,-0.013204544194828305,0.9471818232206868,0.9717329401073336,1.0,-0.0061814621619507,-0.006209729221843467,133272.43922620834,1.0,0.9717329401073336,0.028267059892666424,0.0,0.028267059892666424,0.0,3.7907596123870015,3.7907596123870015
2010-12-16,144480.5928978302,-0.013343610923480353,0.9466255563060786,0.9471818232206868,0.9717329401073336,-0.0001409276135534,-0.00016149512114710512,133250.91637748995,1.0,0.9471818232206868,0.05281817677931322,0.0,0.024551116886646795,0.0,3.271987233211173,3.271987233211173
2010-12-17,145154.07809523278,-0.008744387874640824,0.9650224485014367,0.9466255563060786,0.9471818232206868,0.0046614232672677,0.004414659122179343,133839.1737510146,1.0,0.9466255563060786,0.053374443693921414,0.0,0.0005562669146081944,0.0,0.07412307612202086,0.07412307612202086
2010-12-20,145413.52896362997,-0.006972600731321332,0.9721095970747147,0.9650224485014367,0.9466255563060786,0.0017874170109568,0.0016736177301525709,134063.16936519326,1.0,0.9650224485014367,0.0349775514985633,0.0,0.018396892195358117,0.0,2.46222485101322,2.46222485101322
2010-12-21,147615.95885137387,0.0,1.0,0.9721095970747147,0.9650224485014367,0.0151459764675319,0.014609120147069497,136021.7143137463,1.0,0.9721095970747147,0.02789040292528533,0.0,0.007087148573277968,0.0,0.950125599495652,0.950125599495652
2010-12-22,149230.50107254332,0.0,1.0,1.0,0.9721095970747147,0.0109374503524719,0.010604510052240869,137464.15795050946,1.0,1.0,0.0,0.0,0.02789040292528533,0.0,3.7937004187984353,3.7937004187984353
2010-12-23,148595.3172547465,-0.004256394056386892,0.9829744237744524,1.0,1.0,-0.0042563940563868,-0.0042563940563867,136879.0563256427,1.0,1.0,0.0,0.0,0.0,0.0,0.0,0.0
2010-12-27,149433.83816682853,0.0,1.0,0.9829744237744524,1.0,0.0056429834235254,0.005625957847299652,137649.13212670892,1.0,0.9829744237744524,0.017025576225547567,0.0,0.017025576225547567,0.0,2.3304448071532486,2.3304448071532486
2010-12-28,149587.72867147022,0.0,1.0,1.0,0.9829744237744524,0.0010298236766821,0.0009952647589503278,137786.12945701473,1.0,1.0,0.0,0.0,0.017025576225547567,0.0,2.3435557914037513,2.3435557914037513
2010-12-29,149294.17094016887,-0.0019624452748130405,0.9921502189007478,1.0,1.0,-0.001962445274813,-0.0019624452748132,137515.73171832704,1.0,1.0,0.0,0.0,0.0,0.0,0.0,0.0
2010-12-30,148381.98270174692,-0.008060460443058082,0.9677581582277677,0.9921502189007478,1.0,-0.0061100057200995,-0.006117855501198752,136674.4303425327,1.0,0.9921502189007478,0.007849781099252162,0.0,0.007849781099252162,0.0,1.0794683916923546,1.0794683916923546
2010-12-31,149208.54000746118,-0.0025348915140079864,0.989860433943968,0.9677581582277677,0.9921502189007478,0.0055704694779261,0.005502350451231533,137426.46095599976,1.0,0.9677581582277677,0.03224184177223233,0.0,0.024392060672980165,0.0,3.333770997360059,3.333770997360059
2011-01-03,151862.6993677352,0.0,1.0,0.989860433943968,0.9677581582277677,0.017788253675971,0.017192625339829813,139789.182610995,1.0,0.989860433943968,0.010139566056031946,0.0,0.02210227571620038,0.0,3.0374375307511534,3.0374375307511534
2011-01-04,150966.89441691025,-0.00589878195603355,0.9764048721758658,1.0,0.989860433943968,-0.0058987819560335,-0.005849110432796201,138971.54024459296,1.0,1.0,0.0,0.0,0.010139566056031946,0.0,1.4174016510028957,1.4174016510028957
2011-01-05,152694.45048224056,0.0,1.0,0.9764048721758658,1.0,0.0114432774947299,0.011429276074888785,140559.88434460096,0.7979597838596133,0.7791318207609272,0.22086817923907276,0.19973023191642825,0.018827963098686073,27.756817962835804,2.616551031492763,30.373368994328565
2011-01-06,151403.3350370444,-0.00845554924307046,0.9661778030277182,1.0,0.9764048721758658,-0.0084555492430704,-0.008274793101585045,139396.78038326665,0.6049341474951634,0.6049341474951634,0.3950658525048366,0.1898750126069466,0.014273498535332031,26.68880981196207,2.0062813033191014,28.695091115281173
2011-01-07,150619.5810942398,-0.013588374570574602,0.9456465017177016,0.9661778030277182,1.0,-0.0051765962923657,-0.005196986964676879,138672.3371326969,0.6028784093413414,0.5824877370302626,0.4175122629697374,0.0,0.020390672311078807,0.0,2.842394070014609,2.842394070014609
2011-01-10,150395.64265382287,-0.015054953347404476,0.9397801866103821,0.9456465017177016,0.9661778030277182,-0.0014867817237974,-0.001448861237345428,138471.42015873324,0.6022870970659405,0.5695506863701164,0.4304493136298836,0.0,0.012365737864996021,0.0,1.714785770109284,1.714785770109284
2011-01-11,150671.75644022538,-0.01324667684796077,0.9470132926081569,0.9397801866103821,0.9456465017177016,0.0018359161311478,0.0017325921301921078,138711.3346515568,1.0,0.9397801866103821,0.060219813389617904,0.37338931681990734,0.0058663151073194975,51.70374897215174,0.8123169840091624,52.51606595616091
2011-01-12,152870.2474329955,0.0,1.0,0.9470132926081569,0.9397801866103821,0.014591261459425,0.013705345311221527,140612.42139153677,1.0,0.9470132926081569,0.05298670739184308,0.0,0.007233105997774825,0.0,1.0033137866275263,1.0033137866275263
2011-01-13,152238.8595007747,-0.004130221170064785,0.9834791153197409,1.0,0.9470132926081569,-0.0041302211700647,-0.003964361056854729,140054.9829840621,1.0,1.0,0.0,0.0,0.05298670739184308,0.0,7.450589227931896,7.450589227931896
2011-01-14,153896.97437155442,0.0,1.0,0.9834791153197409,1.0,0.010891535027371,0.01087501414269084,141578.0829047681,1.0,0.9834791153197409,0.01652088468025914,0.0,0.01652088468025914,0.0,2.3138322227753467,2.3138322227753467
2011-01-18,152966.76129981672,-0.0060443883028648004,0.9758224467885408,1.0,0.9834791153197409,-0.0060443883028648,-0.005961050545430821,140734.12879644756,1.0,1.0,0.0,0.0,0.01652088468025914,0.0,2.3389951809218417,2.3389951809218417
2011-01-19,150829.16422236818,-0.01993418104360911,0.9202632758255636,0.9758224467885408,1.0,-0.013974258585882,-0.01399843613909346,138764.07108189954,1.0,0.9758224467885408,0.024177553211459202,0.0,0.024177553211459202,0.0,3.4026068876444637,3.4026068876444637
2011-01-20,150031.4165387735,-0.025117828654956265,0.8995286853801749,0.9202632758255636,0.9758224467885408,-0.0052890811117838,-0.005216763242726705,138040.17177646837,1.0,0.9202632758255636,0.07973672417443645,0.0,0.055559170962977245,0.0,7.709616748757983,7.709616748757983
2011-01-21,150455.86530977656,-0.02235982270496084,0.9105607091801566,0.8995286853801749,0.9202632758255636,0.0028290659436209,0.0025827509023575363,138396.6951546856,1.0,0.8995286853801749,0.10047131461982506,0.0,0.020734590445388612,0.0,2.8622064267961638,2.8622064267961638
2011-01-24,149785.99274407106,-0.026712556528617593,0.8931497738855296,0.9105607091801566,0.8995286853801749,-0.004452286152662,-0.004015991133640298,137840.89525401927,1.0,0.9105607091801566,0.08943929081984336,0.0,0.011032023799981694,0.0,1.526795634785303,1.526795634785303
2011-01-25,148944.0857501792,-0.032183144870784997,0.87126742051686,0.8931497738855296,0.9105607091801566,-0.0056207324761693,-0.005135429084907192,137133.02311144216,1.0,0.8931497738855296,0.10685022611447037,0.0,0.017410935294627006,0.0,2.399938908221188,2.399938908221188
2011-01-26,149513.52829391044,-0.028482990621121584,0.8860680375155137,0.87126742051686,0.8931497738855296,0.0038231967443564,0.003392804954373053,137598.2887116628,1.0,0.87126742051686,0.12873257948313999,0.0,0.021882353368669616,0.0,3.000793270238515,3.000793270238515
2011-01-27,149594.89193740807,-0.027954301582042818,0.8881827936718287,0.8860680375155137,0.87126742051686,0.0005441891742243,0.00045932899849383205,137661.49159581118,0.7953211902177064,0.7047086862107057,0.2952913137892943,0.1816396847852175,0.011771244327325637,24.993309788571793,1.6197030754468762,26.613012864018668
2011-01-28,149030.0074681403,-0.031624838131409705,0.8735006474743612,0.8881827936718287,0.8860680375155137,-0.0037760946376704,-0.003347557034794741,137200.6619011993,0.7945453741065858,0.7057015300730156,0.2942984699269844,0.0,0.0016802697213635605,0.0,0.2313084361261858,0.2313084361261858
2011-01-31,150741.92645471348,-0.020501039281147215,0.9179958428754111,0.8735006474743612,0.8881827936718287,0.0114870757618334,0.010190923152504864,138598.8633031072,0.7968786445059918,0.6960740119344752,0.30392598806552484,0.0,0.011699888760276743,0.0,1.6052324820803712,1.6052324820803712
2011-02-01,151792.68881094374,-0.013673339383075134,0.9453066424676995,0.9179958428754111,0.8735006474743612,0.0069706045354669,0.006053307740329834,139437.8448751408,0.7982847219381229,0.7328220561701504,0.2671779438298496,0.0,0.03551983468830961,0.0,4.923008712513989,4.923008712513989
2011-02-02,151327.01313962633,-0.016699231693297678,0.9332030732268093,0.9453066424676995,0.9179958428754111,-0.0030678399267135,-0.0028489643486392345,139040.59142624045,0.9979040354497816,0.9433253132560011,0.05667468674399889,0.18851902240587098,0.02725355712450477,26.286686202243047,3.8001772706224846,30.08686347286553
2011-02-03,151544.39509689322,-0.015286715572337073,0.9388531377106517,0.9332030732268093,0.9453066424676995,0.0014365046448534,0.00135081554092894,139228.40961795897,0.7934071018961288,0.7404099458094436,0.25959005419055636,0.1913054205012596,0.009603057794013804,26.599218809540773,1.3352148351800475,27.93443364472082
2011-02-04,151282.34246890974,-0.016989495169230207,0.9320420193230792,0.9388531377106517,0.9332030732268093,-0.001729213593257,-0.0016181882188369928,139003.11184578776,0.7930492398285053,0.7445567671720393,0.25544323282796066,0.0,0.004480779343893268,0.0,0.6238517818992614,0.6238517818992614
2011-02-07,151097.01762479218,-0.01819370886397209,0.9272251645441116,0.9320420193230792,0.9388531377106517,-0.0012250262726838,-0.0011555195832732674,138842.49102791405,0.7927954087604162,0.7389186336911243,0.2610813663088757,0.0,0.005399823386191154,0.0,0.7505922540982294,0.7505922540982294
2011-02-08,151752.55818359408,-0.013934102322135655,0.9442635907114574,0.9272251645441116,0.9320420193230792,0.0043385406880085,0.004039879131932383,139403.39791004325,0.7936904909597107,0.7359297960772144,0.2640702039227856,0.0,0.0038230918344003746,0.0,0.5308075937166254,0.5308075937166254
2011-02-09,150810.4670740684,-0.020055672374911238,0.919777310500355,0.9442635907114574,0.9272251645441116,-0.0062080739909894,-0.005783181307830092,138597.20278500186,1.0,0.9442635907114574,0.05573640928854262,0.546462888164101,0.017038426167345744,76.17878344181163,2.375214502767392,78.55399794457902
2011-02-10,150703.4478571117,-0.020751067572859272,0.9169957297085629,0.919777310500355,0.9442635907114574,-0.0007096272495737,-0.0006945614549601654,138500.9385101821,1.0,0.919777310500355,0.08022268949964495,0.0,0.02448628021110233,0.0,3.3937299438685278,3.3937299438685278
2011-02-11,152451.79695735767,-0.0093905511794381,0.9624377952822476,0.9169957297085629,0.919777310500355,0.0116012548160389,0.010667789372333576,139978.43735007924,1.0,0.9169957297085629,0.08300427029143709,0.0,0.0027815807917921376,0.0,0.38525155020510654,0.38525155020510654
2011-02-14,152916.61665225282,-0.006370220878642585,0.9745191164854297,0.9624377952822476,0.9169957297085629,0.0030489617319837,0.002750442822700284,140363.44003842157,1.0,0.9624377952822476,0.0375622047177524,0.0,0.04544206557368469,0.0,6.360909328964215,6.360909328964215
2011-02-15,152813.24655840712,-0.007041904609059069,0.9718323815637637,0.9745191164854297,0.9624377952822476,-0.0006759899356181,-0.0006626795844723584,140270.42405230182,1.0,0.9745191164854297,0.02548088351457034,0.0,0.01208132120318206,0.0,1.6957758042877562,1.6957758042877562
2011-02-16,154232.8334172522,0.0,1.0,0.9718323815637637,0.9745191164854297,0.0092896845713077,0.009050288465937344,141539.9118532145,1.0,0.9718323815637637,0.028167618436236275,0.0,0.002686734921665934,0.0,0.37686944677820855,0.37686944677820855
2011-02-17,154738.61481375908,0.0,1.0,1.0,0.9718323815637637,0.0032793367358983,0.0031587980115613482,141987.007845333,1.0,1.0,0.0,0.0,0.028167618436236275,0.0,3.986842230579862,3.986842230579862
2011-02-18,155339.04423092108,0.0,1.0,1.0,1.0,0.0038802817117411,0.0038802817117412,142537.95743518008,1.0,1.0,0.0,0.0,0.0,0.0,0.0,0.0
2011-02-22,151111.09416750591,-0.02721756197450309,0.8911297521019876,1.0,1.0,-0.027217561974503,-0.027217561974503,138658.421744969,1.0,1.0,0.0,0.0,0.0,0.0,0.0,0.0
2011-02-23,150539.3249966849,-0.030898344057667115,0.8764066237693315,0.8911297521019876,1.0,-0.0037837669958712,-0.0038926372437694126,138118.67480832225,1.0,0.8911297521019876,0.10887024789801236,0.0,0.10887024789801236,0.0,15.095776748521923,15.095776748521923
2011-02-24,150891.49490799755,-0.028631239138512843,0.8854750434459486,0.8764066237693315,0.8911297521019876,0.0023393881387496,0.0020760796901623884,138405.42018392397,0.9934116395695088,0.8706325410482694,0.12936745895173063,0.3575982309930089,0.014626127056536185,49.390993778554694,2.020141286626925,51.41113506518162
2011-02-25,151977.20346465128,-0.021641956038252808,0.9134321758469888,0.8854750434459486,0.8764066237693315,0.0071952932623253,0.006296962676194642,139276.95394900517,0.5781172746726196,0.5119084189075913,0.4880915810924087,0.37079150872522615,0.005242610069033431,51.319554565746046,0.7256056494650427,52.04516021521109
2011-02-28,152872.06195938046,-0.015881276235183317,0.9364748950592667,0.9134321758469888,0.8854750434459486,0.0058881100212988,0.005197542934170908,140000.85189689565,0.5805868255879402,0.5303266873648884,0.4696733126351116,0.0,0.016231542753261642,0.0,2.2606798325673303,2.2606798325673303
2011-03-01,151980.29403119523,-0.02162206041858261,0.9135117583256696,0.9364748950592667,0.9134321758469888,-0.0058334264400919,-0.005341760997534809,139253.00080661118,0.5781258537890418,0.5414003482581419,0.4585996517418581,0.0,0.013321591718219354,0.0,1.8650341891733395,1.8650341891733395
2011-03-02,152829.6734881983,-0.01615415335627035,0.9353833865749186,0.9135117583256696,0.9364748950592667,0.0055887472939666,0.005220392112211036,139979.95607362373,0.5804704981572049,0.5302666254277656,0.4697333745722344,0.0,0.013329423419003164,0.0,1.8561622101181097,1.8561622101181097
2011-03-03,154352.59338643795,-0.006350308445420283,0.9745987662183189,0.9353833865749186,0.9135117583256696,0.0099648181107789,0.009072593636514649,141249.9373323369,0.9851299381238864,0.9214741777386608,0.0785258222613392,0.37799511950991654,0.021546395783851355,52.91174022504227,3.016063535368424,55.9278037604107
2011-03-04,153839.89595156594,-0.009650814364008609,0.9613967425439656,0.9745987662183189,0.9353833865749186,-0.0033215990973888,-0.0031455989136849652,140805.62168290623,0.9850803811313188,0.9600581240764546,0.03994187592354537,0.0,0.0386303011253301,0.0,5.456527613082181,5.456527613082181
2011-03-07,152200.06456773102,-0.020207280653302906,0.9191708773867884,0.9613967425439656,0.9745987662183189,-0.010659337577498,-0.010401580184065114,139341.02071860436,0.9849196344238508,0.9468985282026835,0.0531014717973165,0.0,0.013002932330999077,0.0,1.8308859705670861,1.8308859705670861
2011-03-08,153873.55631155163,-0.00943412473422267,0.9622635010631093,0.9191708773867884,0.9613967425439656,0.0109953418782937,0.010546065889270496,140810.52030418097,0.7876227208675483,0.7239598673895938,0.27604013261040616,0.18367966860117924,0.0332580508060821,25.5941125081433,4.634210746430683,30.228323254573983
2011-03-09,153901.50845388154,-0.009254181935756889,0.9629832722569724,0.9622635010631093,0.9191708773867884,0.0001816565691983,0.0001330310363842473,140829.25247363086,0.787661293588463,0.757937714020332,0.24206228597966795,0.0,0.03394239170901178,0.0,4.779445836914268,4.779445836914268
2011-03-10,151449.9585049947,-0.025036112106786357,0.8998555515728546,0.9629832722569724,0.9622635010631093,-0.0159293432112231,-0.015329075846501245,138670.4701810565,0.984464173638506,0.9480225313501648,0.05197746864983521,0.18956662956721834,0.0007085889535752652,26.69652673589704,0.09979005264307692,26.796316788540118
2011-03-11,152523.1566876977,-0.01812736493368272,0.9274905402652691,0.8998555515728546,0.9629832722569724,0.0070861569940119,0.006761696769656231,139608.11785132645,0.9845734883221252,0.8859739193981154,0.11402608060188457,0.0,0.06215388016378671,0.0,8.618907785889345,8.618907785889345
2011-03-14,152382.11876091926,-0.01903530103871487,0.9238587958451405,0.9274905402652691,0.8998555515728546,-0.0009246984513126,-0.0008593033175864934,139488.15213249478,0.9845592102477544,0.9131693538358364,0.08683064616416358,0.0,0.027208282642209283,0.0,3.7984971296457535,3.7984971296457535
2011-03-15,150926.54409105465,-0.028405608916371228,0.8863775643345151,0.9238587958451405,0.9274905402652691,-0.0095521356554199,-0.008863090586329706,138251.85600442474,0.9844102952733776,0.9094561100088219,0.09054388999117813,0.0,0.0035751265969762277,0.0,0.4986878026519484,0.4986878026519484
2011-03-16,147936.78942541388,-0.04765224893815678,0.8093910042473729,0.8863775643345151,0.9238587958451405,-0.0198093362810787,-0.018337914664362187,135716.6052668259,0.984095232383184,0.8722799351530153,0.12772006484698473,0.0,0.036885101233456855,0.0,5.099433704436507,5.099433704436507
2011-03-17,149425.41934586962,-0.03806914684154028,0.8477234126338389,0.8093910042473729,0.8863775643345151,0.0100626079978995,0.00887408746536719,136920.96629246644,0.9878064504059648,0.7995216548961166,0.2004783451038834,0.3244996359335432,0.07604782064864549,44.0399889992214,10.320952056374592,54.360941055595994
2011-03-18,150089.96862419468,-0.033791089888021486,0.8648356404479141,0.8477234126338389,0.8093910042473729,0.00444736431883,0.003561789602477748,137408.64996656816,0.9878604394543818,0.8374324229402323,0.16256757705976765,0.0,0.03786706979399915,0.0,5.184795786858632,5.184795786858632
2011-03-21,152947.2112372109,-0.015397500387311358,0.9384099984507546,0.8648356404479141,0.8477234126338389,0.0190368659491853,0.0161210885946632,139623.82698635227,0.98808722142323,0.854533044957959,0.145466955042041,0.0,0.016908373633170853,0.0,2.3233567940643245,2.3233567940643245
2011-03-22,152504.6244044108,-0.01824666709225231,0.9270133316309908,0.9384099984507546,0.8648356404479141,-0.0028937228029196,-0.002575289952872527,139264.2551475327,0.9880526491015008,0.9271984849126034,0.07280151508739663,0.0,0.07269533933064877,0.0,10.150001481416673,10.150001481416673
2011-03-23,153380.45436148514,-0.012608484100908757,0.949566063596365,0.9270133316309908,0.9384099984507546,0.0057429731097977,0.005378002102727756,140013.21860455093,0.988120870622086,0.916001220329495,0.08399877967050495,0.0,0.011261284340134858,0.0,1.5682943756334553,1.5682943756334553
2011-03-24,154692.74838575695,-0.004160549901436106,0.9833578003942556,0.949566063596365,0.9270133316309908,0.0085558099937492,0.007909062829247793,141120.59194741954,0.988221643998077,0.9383817364519823,0.06161826354801769,0.0,0.02228709785947009,0.0,3.120488304659005,3.120488304659005
2011-03-25,155352.1441193177,0.0,1.0,0.9833578003942556,0.949566063596365,0.0042626156716565,0.004014239768899917,141687.08383982553,0.9882716374998728,0.971824623643904,0.028175376356096016,0.0,0.03339541505921605,0.0,4.7127807414863385,4.7127807414863385
2011-03-28,154872.99619668198,-0.0030842697753029613,0.9876629208987882,1.0,0.9833578003942556,-0.0030842697753029,-0.003049387152052313,141255.02506675263,0.9882353521520986,0.9882353521520986,0.011764647847901433,0.0,0.016446409987968355,0.0,2.330243870829416,2.330243870829416
2011-03-29,156187.35070200043,0.0,1.0,0.9876629208987882,1.0,0.0084866602803324,0.008474467121222214,142452.08613238824,0.9883343545222192,0.9761411954120334,0.02385880458796663,0.0,0.012193159110185769,0.0,1.722344995752194,1.722344995752194
2011-03-30,157733.1670774039,0.0,1.0,1.0,0.9876629208987882,0.009897193136676,0.009762896112514166,143842.83105030967,0.9884486801656038,0.9884486801656038,0.011551319834396168,0.0,0.012194569554691502,0.0,1.7371418725523131,1.7371418725523131
2011-03-31,158453.77958158526,0.0,1.0,1.0,1.0,0.0045685540811319,0.0045685540811319,144499.98480314616,0.9885012129958994,0.9885012129958994,0.011498787004100564,0.0,0.0,0.0,0.0,0.0
2011-04-01,159522.3300686092,0.0,1.0,1.0,1.0,0.0067436099652882,0.0067436099652881,145474.43634064862,0.9885782369112855,0.9885782369112855,0.011421763088714454,0.0,0.0,0.0,0.0,0.0
2011-04-04,160611.95972021678,0.0,1.0,1.0,1.0,0.0068305775820785,0.0068305775820786,146468.11076428255,0.9886557248627234,0.9886557248627234,0.01134427513727665,0.0,0.0,0.0,0.0,0.0
2011-04-05,160688.18007419715,0.0,1.0,1.0,1.0,0.0004745621316939,0.0004745621316939,146537.61898315206,0.9886611058724916,0.9886611058724916,0.011338894127508437,0.0,0.0,0.0,0.0,0.0
2011-04-06,160628.58113016371,-0.00037089812085688845,0.9985164075165724,1.0,1.0,-0.0003708981208568,-0.0003708981208569,146483.26845563634,0.9886568987375486,0.9886568987375486,0.011343101262451416,0.0,0.0,0.0,0.0,0.0
2011-04-07,160110.09333834564,-0.0035975685055651407,0.9856097259777394,0.9985164075165724,1.0,-0.0032278675947334,-0.0032293343041807513,146010.22501182405,0.9886201661406004,0.9871534566931494,0.012846543306850644,0.0,0.0014667094474510943,0.0,0.2148483937373967,0.2148483937373967
2011-04-08,159230.56377412283,-0.009071085996501305,0.9637156560139948,0.9856097259777394,0.9985164075165724,-0.0054932799418472,-0.005492862355436529,145208.2109433478,0.7933823478361046,0.7819653584463186,0.21803464155368135,0.19150111819835358,0.01023993330205224,27.96112135815753,1.495134965538718,29.45625632369625
2011-04-11,158726.44141372497,-0.012208356952990274,0.9511665721880389,0.9637156560139948,0.9856097259777394,-0.0031659899233478,-0.0031377864619505018,144752.57858488572,0.7927261208232579,0.7639625735686153,0.2360374264313847,0.0,0.017356001151392308,0.0,2.5202338763243612,2.5202338763243612
2011-04-12,157601.23181005477,-0.019210798595870604,0.9231568056165176,0.9511665721880389,0.9637156560139948,-0.0070889865207606,-0.006841696711078625,143762.22534406136,0.7912462684340281,0.7526070009029714,0.2473929990970286,0.0,0.009929415749553404,0.0,1.4373085335892313,1.4373085335892313
2011-04-13,157337.2763013627,-0.020853455252820674,0.9165861789887173,0.9231568056165176,0.9511665721880389,-0.001674831507727,-0.0016151965580679074,143530.02109250546,0.7908960545578115,0.7301210753002964,0.26987892469970365,0.0,0.022152813870501494,0.0,3.184737819656084,3.184737819656084
2011-04-14,157712.76659660265,-0.0185166916211299,0.9259332335154804,0.9165861789887173,0.9231568056165176,0.0023865310501545,0.002197944249376252,143845.49207697858,0.9916339475035229,0.9089179708977523,0.09108202910224772,0.1837914863702773,0.006515656420497352,26.379595915348837,0.9351923034655036,27.31478821881434
2011-04-15,158893.99590405126,-0.011165626303798026,0.9553374947848079,0.9259332335154804,0.9165861789887173,0.0074897507217659,0.006855732557734539,144831.65830029408,0.9916961413349528,0.9182444148110976,0.08175558518890236,0.0,0.009269437907038368,0.0,1.3333668570149326,1.3333668570149326
2011-04-18,156517.0780265783,-0.025957740299833332,0.8961690388006667,0.9553374947848079,0.9259332335154804,-0.0149591421875265,-0.013880323280728728,142821.34806180195,0.9915700363094704,0.9472840343915704,0.052715965608429616,0.0,0.029156384414480215,0.0,4.222767504790018,4.222767504790018
2011-04-19,158032.68898882662,-0.01652574000243434,0.9338970399902626,0.8961690388006667,0.9553374947848079,0.0096833583999758,0.009192200903266523,144134.1905864614,0.991650883794016,0.888686819355515,0.11131318064448503,0.0,0.058674451669400975,0.0,8.379964284210894,8.379964284210894
2011-04-20,160439.9709199407,-0.0015446634229215883,0.9938213463083136,0.9338970399902626,0.8961690388006667,0.0152328100377023,0.013613636018087781,146096.38099486718,0.7976962255656515,0.7449661438671668,0.25503385613283325,0.18419582548817692,0.030095484147077106,26.548916216143486,4.337788247846639,30.886704463990124
2011-04-21,161316.8506860065,0.0,1.0,0.9938213463083136,0.9338970399902626,0.0054654694901643,0.005032266468112314,146831.57691406025,0.999035948442732,0.992863251291759,0.007136748708240992,0.19989058742853277,0.05986653619722689,29.203291418246746,8.746284281113066,37.94957569935981
2011-04-25,160713.63641973163,-0.003739313430120239,0.985042746279519,1.0,0.9938213463083136,-0.0037393134301202,-0.0037223821821847167,146285.01366837326,0.9990323300213853,0.9990323300213853,0.0009676699786147491,0.0,0.006172674794000651,0.0,0.9063435737807877,0.9063435737807877
2011-04-26,162472.3232488657,0.0,1.0,0.985042746279519,1.0,0.0109429844804267,0.010928041543720738,147883.622374965,0.9990428045958376,0.9840998678898768,0.0159001321101232,0.0,0.014942936705960821,0.0,2.1859277002771154,2.1859277002771154
2011-04-27,162727.11772241732,0.0,1.0,1.0,0.985042746279519,0.0015682330901451,0.001529833670799626,148109.85971983403,0.9990443033509468,0.9990443033509468,0.0009556966490531504,0.0,0.014942959123221255,0.0,2.2098189241429904,2.2098189241429904
2011-04-28,162803.64134523182,0.0,1.0,1.0,1.0,0.000470257347918,0.000470257347918,148179.5094696664,0.9990447525630732,0.9990447525630732,0.000955247436926765,0.0,0.0,0.0,0.0,0.0
2011-04-29,163488.1254902713,0.0,1.0,1.0,1.0,0.0042043540266276,0.0042043540266277,148802.5085869689,0.9990487519466564,0.9990487519466564,0.0009512480533435674,0.0,0.0,0.0,0.0,0.0
2011-05-02,162288.5264584043,-0.0073375300393814236,0.9706498798424743,1.0,1.0,-0.0073375300393814,-0.0073375300393813,147710.66571027672,0.99904172054235,0.99904172054235,0.0009582794576500353,0.0,0.0,0.0,0.0,0.0
2011-05-03,160942.91298578115,-0.015568179626853862,0.9377272814925846,0.9706498798424743,1.0,-0.0082914886343985,-0.008320810393785795,146481.59326776164,0.999033708547756,0.9697119491604609,0.030288050839539116,0.0,0.029321759387295143,0.0,4.331136598893922,4.331136598893922
2011-05-04,158439.40072104754,-0.03088129339108614,0.8764748264356554,0.9377272814925846,0.9706498798424743,-0.0155552811757221,-0.015131622086978358,144265.0891557354,0.9990184401076396,0.9368068460030993,0.06319315399690073,0.0,0.032890282847797214,0.0,4.817821034572669,4.817821034572669
2011-05-05,157122.61672189392,-0.038935603116669104,0.8442575875333236,0.8764748264356554,0.9377272814925846,-0.0083109630127419,-0.007854608580760262,143131.9433485486,0.999010214033078,0.8756073039520891,0.12439269604791092,0.0,0.06119182823647424,0.0,8.827844556137402,8.827844556137402
2011-05-06,158468.4803660969,-0.03070342331665632,0.8771863067333747,0.8442575875333236,0.8764748264356554,0.0085656901105786,0.007475426131415135,144201.9156180966,0.999018620228085,0.8434290502146325,0.15657094978536745,0.0,0.03218562155576615,0.0,4.606790561157746,4.606790561157746
2011-05-09,159471.16429295484,-0.02457035448458611,0.9017185820616556,0.8771863067333747,0.8442575875333236,0.0063273398251912,0.005309008049512393,144967.48474886818,0.999024790708672,0.8763308664968227,0.12366913350317732,0.0,0.032896606807135714,0.0,4.743753718924286,4.743753718924286
2011-05-10,161116.9396118965,-0.014503719283978977,0.9419851228640841,0.9017185820616556,0.8771863067333747,0.0103202063284513,0.00902823507837561,146276.2852799018,0.9990347522644608,0.9008482002422269,0.09915179975777311,0.0,0.024508595605072594,0.0,3.552949459594539,3.552949459594539
2011-05-11,157969.2227656411,-0.03375720840935703,0.8649711663625719,0.9419851228640841,0.9017185820616556,-0.0195368460562725,-0.01765696402296106,143693.49017330218,0.9990155186029616,0.9410577560343374,0.05894224396566261,0.0,0.04022689914208545,0.0,5.884241374833528,5.884241374833528
2011-05-12,158278.281754122,-0.031866802072174516,0.8725327917113019,0.8649711663625719,0.9419851228640841,0.0019564506495002,0.001797503868374489,143951.77977774895,0.7948452621797465,0.6875182335053796,0.31248176649462045,0.17712568842910684,0.061214178446944066,25.45180836972726,8.796078949132724,34.24788731885998
2011-05-13,156365.46379388942,-0.043566844228119406,0.8257326230875224,0.8725327917113019,0.8649711663625719,-0.0120851574772845,-0.010462312591274914,142445.71125964375,0.9925756532765748,0.8660548057380791,0.13394519426192086,0.1724321055249802,0.007505485220348448,24.82190848114552,1.0804279555647494,25.90233643671027
2011-05-16,156047.0990062078,-0.04551417090231613,0.8179433163907355,0.8257326230875224,0.8725327917113019,-0.0020360300795145,-0.0018229550083485584,142186.03913688523,0.9925605062435104,0.819589590393533,0.18041040960646704,0.0,0.04645199906150029,0.0,6.616888045747713,6.616888045747713
2011-05-17,156221.81013927117,-0.04444552366852195,0.8222179053259122,0.8179433163907355,0.8257326230875224,0.0011196051331683,0.0009167630604279402,142316.3900452745,0.9925688262238156,0.8118650374675673,0.18813496253243267,0.0,0.007731423005127081,0.0,1.099300413990814,1.099300413990814
2011-05-18,157612.65771553392,-0.03593819280218624,0.856247228791255,0.8222179053259122,0.8179433163907355,0.008903030729338,0.007277931376650405,143352.1589657966,0.992634402365892,0.8161617790677224,0.18383822093227764,0.0,0.004243104033029015,0.0,0.6038632485672346,0.6038632485672346
2011-05-19,157457.78101548445,-0.036885519707947956,0.8524579211682082,0.856247228791255,0.8222179053259122,-0.0009826412567003,-0.000841723666394139,143231.49606096643,0.992627157506679,0.8499342528380345,0.15006574716196552,0.0,0.03377843062327857,0.0,4.842210956323362,4.842210956323362
2011-05-20,155938.59725885233,-0.04617783835235323,0.8152886465905871,0.8524579211682082,0.856247228791255,-0.0096481974205054,-0.0082650034016165,142047.6872588039,0.9925553298594322,0.8461116531363967,0.1538883468636033,0.0,0.003761097477732133,0.0,0.5387076185667008,0.5387076185667008
2011-05-23,153886.59654245756,-0.05872921301789047,0.7650831479284381,0.8152886465905871,0.8524579211682082,-0.0131590302366804,-0.011254408431910038,140449.0245695851,0.992456058910532,0.8091381570697956,0.19086184293020436,0.0,0.03688887175986926,0.0,5.239978919076032,5.239978919076032
2011-05-24,154310.58248743607,-0.05613583846113257,0.7754566461554697,0.7650831479284381,0.8152886465905871,0.0027551843663105,0.0021964427411272744,140757.51281009938,0.9924767867500628,0.7593272642526392,0.2406727357473608,0.0,0.04982779198939418,0.0,6.998264781366599,6.998264781366599
2011-05-25,155006.50597780425,-0.05187911652318611,0.7924835339072556,0.7754566461554697,0.7650831479284381,0.0045098882989755,0.003440143730017534,141241.7388852459,0.9925105632731231,0.7696489126696522,0.23035108733034781,0.0,0.010295806568423875,0.0,1.449212124945229,1.449212124945229
2011-05-26,156076.19019195056,-0.04533623023747868,0.8186550790500853,0.7924835339072556,0.7754566461554697,0.0069008988196888,0.005334447614236892,141995.185542273,0.9925618928976466,0.7865889565052019,0.2134110434947981,0.0,0.016900239937068313,0.0,2.387019276289407,2.387019276289407
2011-05-27,157389.84572111597,-0.03730105627468483,0.8507957749012607,0.8186550790500853,0.7924835339072556,0.0084167580432978,0.006644163655020475,142938.62479324083,0.9926239751144298,0.8126166588143134,0.18738334118568656,0.0,0.025978503174562375,0.0,3.688822378382512,3.688822378382512
2011-05-31,158967.8535657273,-0.027648931144011457,0.8894042754239542,0.8507957749012607,0.8186550790500853,0.0100261096094309,0.008175949777499842,144107.28381081528,0.7959376413222484,0.6771803823218441,0.3228196176781559,0.16924983856565828,0.025581989646240328,24.192339171053213,3.6566544195085178,27.84899359056173
2011-06-01,155197.97281794838,-0.05070798045706537,0.7971680781717385,0.8894042754239542,0.8507957749012607,-0.0237147364276402,-0.020206936138404217,141195.31712977125,0.7909808062337643,0.7035017108425963,0.2964982891574037,0.0,0.03053858287091681,0.0,4.4008322289593105,4.4008322289593105
2011-06-02,155699.07100192684,-0.04764293715513901,0.809428251379444,0.7971680781717385,0.8894042754239542,0.0032287675855551,0.0027986605857654254,141590.474898717,0.7916535086316585,0.6310809060538131,0.36891909394618694,0.0,0.07301910917755826,0.0,10.30995627685873,10.30995627685873
2011-06-03,155004.68996572643,-0.051890224437429855,0.7924391022502806,0.809428251379444,0.7971680781717385,-0.0044597635151709,-0.0035648754767332517,141085.72248701155,0.7907201700817278,0.6400312445997095,0.3599687554002905,0.0,0.009694366244028295,0.0,1.3726299203340575,1.3726299203340575
2011-06-06,152762.0755894423,-0.0656075165622183,0.7375699337511268,0.7924391022502806,0.809428251379444,-0.0144680420752427,-0.011724276032925435,139431.5945322691,0.9878878982538958,0.7828409992162337,0.21715900078376627,0.15622605720681249,0.01678337482633122,22.041266152320347,2.367894563143262,24.40916071546361
2011-06-07,152848.05926175416,-0.06508158434509859,0.7396736626196057,0.7375699337511268,0.7924391022502806,0.0005628600683778,0.000413926018364469,139489.30889702804,0.7866762428144313,0.5802287442962254,0.4197712557037746,0.14864487331841408,0.043164271321266254,20.725791705833622,6.018463177147649,26.74425488298127
2011-06-08,151927.96091016915,-0.07070950593772685,0.7171619762490926,0.7396736626196057,0.7375699337511268,-0.0060196927329598,-0.004441596605923139,138869.75365606844,0.7853843223794799,0.5809280982984469,0.41907190170155306,0.0,0.0016522356718404283,0.0,0.23046921200003817,0.23046921200003817
2011-06-09,153020.6546487745,-0.06402587839396134,0.7438964864241546,0.7171619762490926,0.7396736626196057,0.0071921832693551,0.0053021537156266695,139606.0624364041,0.7869168554070031,0.5643468471674078,0.4356531528325922,0.0,0.017714825448592812,0.0,2.460053446106336,2.460053446106336
2011-06-10,151551.2119976114,-0.07301394799691585,0.7079442080123366,0.7438964864241546,0.7171619762490926,-0.0096029039644086,-0.006907820186498027,138641.68886014842,0.784850798284914,0.5838477512113405,0.41615224878865953,0.0,0.020982601652653574,0.0,2.929298396398551,2.929298396398551
2011-06-13,151972.0936343398,-0.07043956141399876,0.718241754344005,0.7079442080123366,0.7438964864241546,0.0027771578411068,0.0020376921448516296,138924.19794048773,0.9856866948216576,0.6978111865138161,0.30218881348618387,0.14201045825578798,0.03543768247905295,19.688569768386056,4.913140148185592,24.60170991657165
2011-06-14,153520.51059547538,-0.060968433425393154,0.7561262662984274,0.718241754344005,0.7079442080123366,0.0101888243038963,0.007202967511386683,139924.86442479852,0.9858310596653002,0.7080650297808146,0.29193497021918535,0.0,0.010151641012101134,0.0,1.4103085853859112,1.4103085853859112
2011-06-15,150652.71115710965,-0.07850976512618624,0.685960939495255,0.7561262662984274,0.718241754344005,-0.018680236453371,-0.013454263312277531,138042.27845489254,0.9855613421220712,0.7452088178268288,0.2547911821731712,0.0,0.037337510447440235,0.0,5.224446087317573,5.224446087317573
2011-06-16,150463.82542982063,-0.07966511342272209,0.6813395463091116,0.685960939495255,0.7561262662984274,-0.0012537824632444,-0.0010171688145450266,137901.86615415948,0.9855432164603942,0.6760441506763475,0.3239558493236525,0.0,0.06915096186159317,0.0,9.545756332721698,9.545756332721698
2011-06-17,151326.3405826607,-0.07438940822851581,0.7024423670859368,0.6813395463091116,0.685960939495255,0.0057323755419362,0.00392763074878103,138443.49376398083,0.9856256158286484,0.67154570991933,0.32845429008066995,0.0,0.004554963505078916,0.0,0.6281379676144738,0.6281379676144738
2011-06-20,151792.4589489184,-0.07153832430508156,0.7138467027796738,0.7024423670859368,0.6813395463091116,0.0030802196396411,0.0020778750395966557,138731.16204406758,0.9856697561272662,0.6923761966590548,0.3076238033409452,0.0,0.020800412208690628,0.0,2.8796817379020916,2.8796817379020916
2011-06-21,153993.71090985485,-0.058074031688506,0.767703873245976,0.7138467027796738,0.7024423670859368,0.0145017214700844,0.01017538031139083,140142.80437890717,0.9858745987616776,0.7037633316802574,0.2962366683197426,0.0,0.011243244876206444,0.0,1.5597884268221287,1.5597884268221287
2011-06-22,153216.58211029432,-0.06282745825835667,0.7486901669665733,0.767703873245976,0.7138467027796738,-0.0050464969963316,-0.0036555177991265423,139630.50986308057,0.9858029534086976,0.7568047455891795,0.24319525441082046,0.0,0.05309255770791642,0.0,7.440539928836371,7.440539928836371
2011-06-23,152547.639252001,-0.06691914905416985,0.7323234037833206,0.7486901669665733,0.767703873245976,-0.0043659951754553,-0.0033705339908575763,139159.88048342627,0.9857406973621756,0.7380143672938336,0.26198563270616637,0.0,0.01874258408729798,0.0,2.6170365722610778,2.6170365722610778
2011-06-24,151250.71517096448,-0.07485198256820824,0.700592069727167,0.7323234037833206,0.7486901669665733,-0.008501764349785,-0.006381318753961528,138271.85692829834,0.9856184286314202,0.7217914424869295,0.2782085575130705,0.0,0.016131383410460106,0.0,2.2448413874319537,2.2448413874319537
2011-06-27,152991.71429548084,-0.06420289646916943,0.7431884141233223,0.700592069727167,0.7323234037833206,0.0115106835861795,0.008398262803009517,139433.1003210423,0.9857820865345764,0.6906311123052242,0.3093688876947758,0.0,0.03128018069440074,0.0,4.3251686696675,4.3251686696675
2011-06-28,155013.32188083537,-0.05183742601501817,0.7926502959399273,0.7431884141233223,0.700592069727167,0.0132138370673466,0.009215510848448497,140718.04756968367,0.9859675095766792,0.7327596298194138,0.2672403701805862,0.0,0.041998611601347706,0.0,5.855996624755205,5.855996624755205
2011-06-29,156886.39402960023,-0.040380495163631513,0.838478019345474,0.7926502959399273,0.7431884141233223,0.0120832979129674,0.008931390918317938,141974.85546179098,0.9861350439709288,0.7816602344402899,0.21833976555971013,0.0,0.0487760950001027,0.0,6.863676856487862,6.863676856487862
2011-06-30,157984.74006747233,-0.033662294471205945,0.8653508221151762,0.838478019345474,0.7926502959399273,0.0070009005220992,0.005504069129210595,142756.29488086235,0.9862314363156154,0.8269333813381591,0.17306661866184092,0.0,0.045196741477327,0.0,6.416800838587435,6.416800838587435
2011-07-01,160606.6755705222,-0.017624826947572836,0.9295006922097087,0.8653508221151762,0.838478019345474,0.0165961313854114,0.01388898252964277,144739.0345664592,0.986456210820298,0.8536306930139664,0.14636930698603356,0.0,0.026508843194321716,0.0,3.784304235999132,3.784304235999132
2011-07-05,160125.88481168213,-0.02056565679315503,0.9177373728273799,0.9295006922097087,0.8653508221151762,-0.0029935913755275,-0.002653785186929177,144354.9282605563,0.9864155445115064,0.9168739314298618,0.08312606857013816,0.0,0.06327842903964061,0.0,9.158858728079776,9.158858728079776
2011-07-06,159561.8442372579,-0.02401569680513005,0.9039372127794798,0.9177373728273799,0.9295006922097087,-0.0035224821713714,-0.0032857525728036533,143880.61368362728,0.9863675243591096,0.9052263404475759,0.09477365955242412,0.0,0.011602956217393164,0.0,1.6749439123721659,1.6749439123721659
2011-07-07,161519.11962581196,-0.012043724023103608,0.9518251039075856,0.9039372127794798,0.9177373728273799,0.0122665628359353,0.011243868841222995,145498.3884326807,0.9865327215761251,0.8917636386572771,0.10823636134272285,0.0,0.013614309450240974,0.0,1.9588351985794779,1.9588351985794779
2011-07-08,159794.25560779448,-0.022594117287720983,0.9096235308491161,0.9518251039075856,0.9039372127794798,-0.0106790082933428,-0.009700389002055634,144086.9974657115,0.9863873519951876,0.9388682438059476,0.06113175619405242,0.0,0.04723601012248608,0.0,6.8727633488115165,6.8727633488115165
2011-07-11,156025.29054909537,-0.04564756564916417,0.8174097374033433,0.9096235308491161,0.9518251039075856,-0.0235863613767807,-0.02247570767735914,140848.54023056375,0.7943676773042,0.7225755314218576,0.2774244685781424,0.17042425703265213,0.03352356556903992,24.55591949115952,4.830309907187868,29.38622939834739
2011-07-12,155179.904819319,-0.05081849612036016,0.7967260155185594,0.8174097374033433,0.9096235308491161,-0.0054182608909185,-0.0050018443521723,140144.0377550998,0.9934874859929296,0.8120863450389882,0.18791365496101176,0.162628685375338,0.09161324982431204,22.906012934731994,12.903592503532302,35.8096054382643
2011-07-13,155926.34113245882,-0.04625280481463756,0.8149887807414498,0.7967260155185594,0.8174097374033433,0.0048101351396556,0.003919162866179266,140693.285063786,0.8040354887934831,0.6405959913219491,0.3594040086780509,0.1518441855620538,0.016630446435700733,21.28005727430085,2.3306579131690084,23.61071518746986
2011-07-14,154959.38425092568,-0.052167343736858496,0.791330625052566,0.8149887807414498,0.7967260155185594,-0.0062013696628187,-0.0049554541212912424,139996.08594447866,0.8028126571878762,0.6542833086453507,0.34571669135464933,0.0,0.014661579076186967,0.0,2.062785724451213,2.062785724451213
2011-07-15,155197.5576343012,-0.05071051999102816,0.7971579200358874,0.791330625052566,0.8149887807414498,0.0015370052257683,0.0012336417888472592,140168.7909663748,0.8031152700466885,0.6355297086353063,0.36447029136469367,0.0,0.019000226094884467,0.0,2.659957285343972,2.659957285343972
2011-07-18,153959.43094549782,-0.05828371030739177,0.7668651587704329,0.7971579200358874,0.791330625052566,-0.0079777459624772,-0.006317705462064008,139283.24583007564,0.8015319423006971,0.6389475359667486,0.3610524640332514,0.0,0.004670763066340671,0.0,0.6546952118993694,0.6546952118993694
2011-07-19,156040.50036225645,-0.04555453251225905,0.8177818699509638,0.7668651587704329,0.7971579200358874,0.0135169986273546,0.010750895888995842,140780.6655050762,1.0,0.7668651587704329,0.23313484122956707,0.1520461923860493,0.030292761265454438,21.177487191633087,4.219274114208084,25.39676130584117
2011-07-20,156788.80572551873,-0.04097740887702106,0.8360903644919158,0.8177818699509638,0.7668651587704329,0.0047955842331002,0.0036265929644744674,141291.21967613095,0.8077485916714143,0.6605621537473068,0.33943784625269324,0.15813180840421998,0.04112790174861397,22.261901224667294,5.790013378997262,28.051914603664557
2011-07-21,158797.8033460066,-0.028689069192024075,0.8852437232319037,0.8360903644919158,0.8177818699509638,0.0128133995994899,0.010463732693767483,142769.65323079834,0.8101808206678446,0.6773843776565376,0.3226156223434624,0.0,0.014833191132381211,0.0,2.095799666783311,2.095799666783311
2011-07-22,159043.15879984057,-0.027188315219231263,0.891246739123075,0.8852437232319037,0.8360903644919158,0.0015450809058066,0.0012519897554309327,142948.39937402972,0.8104736542058784,0.7174667152305783,0.28253328476942174,0.0,0.039837502274490476,0.0,5.687586385310146,5.687586385310146
2011-07-25,158287.6153313223,-0.03180971182679859,0.8727611526928056,0.891246739123075,0.8852437232319037,-0.0047505562277541,-0.004210259938057864,142346.54945493574,0.8095690010378009,0.7215257322700653,0.27847426772993467,0.0,0.004859855578229552,0.0,0.6947085760968641,0.6947085760968641
2011-07-26,158266.91248177527,-0.03193634395671585,0.8722546241731366,0.8727611526928056,0.891246739123075,-0.0001307926049911,-0.00013153735715178177,142327.82556602077,1.0,0.8727611526928056,0.12723884730719437,0.1660347434192719,0.01848558643026932,23.634472815368962,2.6313594429998206,26.265832258368782
2011-07-27,154594.56943278544,-0.05439878909135265,0.7824048436345894,0.8722546241731366,0.8727611526928056,-0.0232034794348611,-0.020251394272373425,139445.4886545537,0.7926588252361275,0.6914003257038583,0.30859967429614166,0.1768346841581982,0.0004015043013494529,25.168496080890414,0.057145234166471964,25.225641315056887
2011-07-28,154496.3936649507,-0.05499929611619203,0.7800028155352319,0.7824048436345894,0.8722546241731366,-0.0006350531470474,-0.000625136427319081,139358.3161999704,0.7925270688983044,0.6200770174175573,0.3799229825824427,0.0,0.07120838321137073,0.0,9.929687793210308,9.929687793210308
2011-07-29,154100.5934623388,-0.057420268290317766,0.7703189268387289,0.7800028155352319,0.7824048436345894,-0.0025618734083222,-0.0020063245557351544,139078.7181881325,0.791994184330364,0.6177576936652133,0.38224230633478673,0.0,0.0019023922852892756,0.0,0.26511418562972716,0.26511418562972716
2011-08-01,153627.70763021865,-0.06031274644860629,0.7587490142055748,0.7703189268387289,0.7800028155352319,-0.0030686827447923,-0.0024012445641615554,138744.7561720927,0.7913539156916785,0.6095948990852397,0.39040510091476033,0.0,0.007663383239099986,0.0,1.0658135178784451,1.0658135178784451
2011-08-02,149966.0097963343,-0.08271007850500833,0.6691596859799667,0.7587490142055748,0.7703189268387289,-0.0238348790746655,-0.018369612902071043,136196.06870901913,0.9864994831853436,0.7485055103811885,0.2514944896188115,0.14816249714022064,0.011413712833106097,20.556769539568304,1.5835928040475908,22.140362343615895
2011-08-03,151166.82687043672,-0.07536509812492642,0.6985396075002943,0.6691596859799667,0.7587490142055748,0.0080072616170372,0.005987112424551315,137011.48988416194,0.9866067266291326,0.6601974473768732,0.33980255262312675,0.0,0.08838943386157024,0.0,12.038293407361722,12.038293407361722
2011-08-04,143008.2447541659,-0.12526830725283533,0.4989267709886587,0.6985396075002943,0.6691596859799667,-0.0539707175520952,-0.036143992388784525,132059.34763661274,0.9858426439652992,0.6886501335725725,0.31134986642742746,0.0,0.028963979511092797,0.0,3.9683979857891645,3.9683979857891645
2011-08-05,141147.5957088146,-0.13664925030158315,0.4534029987936674,0.4989267709886587,0.6985396075002943,-0.0130107816409452,-0.009204019096678317,130843.87087907048,0.7808386787493843,0.3895813206514809,0.6104186793485191,0.10096025688416406,0.15586542352316243,13.332745661347552,20.583486149573186,33.916231810920735
2011-08-08,133873.7680684902,-0.18114072403101455,0.2754371038759418,0.4534029987936674,0.4989267709886587,-0.0515334859499143,-0.02574644037706708,127475.10695877782,0.7689308815819272,0.3486355675743042,0.6513644324256957,0.0,0.035004634286829456,0.0,4.580141848794997,4.580141848794997
2011-08-09,138240.61929175147,-0.1544302139547269,0.38227914418109243,0.2754371038759418,0.4534029987936674,0.03261917017998,0.01479435076388516,129361.01840478978,0.991665581898128,0.27314149589147096,0.726858504108529,0.28044845677116065,0.1764826527416075,35.750197023327885,22.497145034605257,58.24734205793314
2011-08-10,130306.6194834088,-0.20295973121813704,0.18816107512745184,0.38227914418109243,0.2754371038759418,-0.0573926813189274,-0.015913971282271778,127302.37087285053,0.991158122861242,0.37889907895553365,0.6211009210444663,0.0,0.10589735611151829,0.0,13.698989832960695,13.698989832960695
2011-08-11,136901.8518015695,-0.16261898904874228,0.3495240438050309,0.18816107512745184,0.38227914418109243,0.050613179470905,0.019235779229582063,129751.13117436305,0.7909622817395943,0.14882831331738453,0.8511716866826154,0.03969952035442747,0.15354007082555168,5.053843063633605,19.546015040078117,24.59985810371172
2011-08-12,137237.12848968076,-0.1605682181618302,0.3577271273526792,0.3495240438050309,0.18816107512745184,0.0024490296055106,0.0003330976154264446,129794.35096675613,0.7914729706081242,0.2766388332493319,0.7233611667506681,0.0,0.12771442816538917,0.0,16.571091521746176,16.571091521746176
2011-08-15,140134.83282703572,-0.1428439685952928,0.4286241256188288,0.3577271273526792,0.3495240438050309,0.0211145800647734,0.007373525517570909,130751.39292564605,0.7957848869627852,0.28467384160387366,0.7153261583961263,0.0,0.006527889913711597,0.0,0.8472832345326304,0.8472832345326304
2011-08-16,138105.78813370693,-0.15525492925218476,0.37898028299126096,0.4286241256188288,0.3577271273526792,-0.0144792315543215,-0.00526399326281062,130063.11847418237,0.9930246147323366,0.42563430720762213,0.5743656927923779,0.08450049562997101,0.07040246438892234,11.04855750652618,9.205220284249789,20.25377779077597
2011-08-17,138266.97139755916,-0.15426902728915926,0.382923890843363,0.37898028299126096,0.4286241256188288,0.0011670999892936,0.0004509492510436367,130121.7703400467,0.9930327462141556,0.3763398311798297,0.6236601688201703,0.0,0.04929796137707704,0.0,6.411846591122438,6.411846591122438
2011-08-18,131001.87681430927,-0.19870708394595415,0.20517166421618338,0.382923890843363,0.37898028299126096,-0.052543962667415,-0.019917040449145607,127530.12977686957,0.9926463566526424,0.3801080051209184,0.6198919948790815,0.0,0.003914607966455819,0.0,0.5093757187824813,0.5093757187824813
2011-08-19,128636.09361086914,-0.2131777569464891,0.14728897221404358,0.20517166421618338,0.382923890843363,-0.0180591550363324,-0.006949342709124675,126643.87919931095,0.588616823289363,0.12076749321992174,0.8792325067800782,0.08145259633923665,0.10462795096990139,10.387660181805822,13.34321616547947,23.730876347285292
2011-08-22,128113.2134007048,-0.21637603332647892,0.1344958666940843,0.14728897221404358,0.20517166421618338,-0.0040648016858012,-0.0008679556669143125,126533.9579266799,0.5869378073925112,0.08644946640440725,0.9135505335955928,0.0,0.03397354032971198,0.0,4.302540937488963,4.302540937488963
2011-08-23,130526.08694761404,-0.2016173250736718,0.19353069970531278,0.1344958666940843,0.14728897221404358,0.0188339163686606,0.002771594216762262,126884.65871269352,1.0,0.1344958666940843,0.8655041333059157,0.10890719102099918,0.01279310551995927,13.780457926563999,1.6187622756141025,15.399220202178102
2011-08-24,133026.16726948976,-0.18632520331021996,0.2546991867591202,0.19353069970531278,0.1344958666940843,0.0191538747566921,0.0025170821529400186,127204.03782262113,1.0,0.19353069970531278,0.8064693002946872,0.0,0.05903483301122847,0.0,7.4906146387905785,7.4906146387905785
2011-08-25,130879.90674745152,-0.1994531324219031,0.2021874703123876,0.2546991867591202,0.19353069970531278,-0.0161341228278062,-0.003183616567050581,126799.0689404133,1.0,0.2546991867591202,0.7453008132408798,0.0,0.0611684870538074,0.0,7.780878540745027,7.780878540745027
2011-08-26,133199.26705234105,-0.18526641214522133,0.2589343514191147,0.2021874703123876,0.2546991867591202,0.0177212863496687,0.004461085505139383,127364.73042892857,1.0,0.2021874703123876,0.7978125296876124,0.0,0.05251171644673258,0.0,6.6584367539086795,6.6584367539086795
2011-08-29,138013.96925865446,-0.15581655337489786,0.37673378650040856,0.2589343514191147,0.2021874703123876,0.0361466118610205,0.007251645131436772,128288.33425626028,1.0,0.2589343514191147,0.7410656485808853,0.0,0.0567468811067271,0.0,7.227551214840757,7.227551214840757
2011-08-30,138529.9940069324,-0.1526602094708347,0.3893591621166612,0.37673378650040856,0.2589343514191147,0.0037389312911568,0.0008503383137950253,128397.42274209132,1.0,0.37673378650040856,0.6232662134995914,0.0,0.11779943508129387,0.0,15.112293302907661,15.112293302907661
2011-08-31,139329.405153443,-0.1477704895348252,0.40891804186069924,0.3893591621166612,0.37673378650040856,0.0057706719201229,0.002161381707503231,128674.93858289662,1.0,0.3893591621166612,0.6106408378833388,0.0,0.012625375616252654,0.0,1.6210656902776837,1.6210656902776837
2011-09-01,136901.5472192969,-0.16262085207256538,0.3495165917097385,0.40891804186069924,0.3893591621166612,-0.0174253089753186,-0.0068042625819980645,127799.40051305611,1.0,0.40891804186069924,0.5910819581393008,0.0,0.019558879744038027,0.0,2.516737649814354,2.516737649814354
2011-09-02,132308.1450753056,-0.19071709533314785,0.23713161866740862,0.3495165917097385,0.40891804186069924,-0.0335525948193508,-0.01377966282302525,126038.36786500145,1.0,0.3495165917097385,0.6504834082902615,0.0,0.059401450150960766,0.0,7.591469718898972,7.591469718898972
2011-09-06,131029.31611048811,-0.19853924731502737,0.20584301073989053,0.23713161866740862,0.3495165917097385,-0.0096655346811007,-0.0034906497118329556,125598.41207253357,1.0,0.23713161866740862,0.7628683813325914,0.0,0.11238497304232986,0.0,14.164818574807441,14.164818574807441
2011-09-07,135632.3960683077,-0.1703838082333462,0.3184647670666152,0.20584301073989053,0.23713161866740862,0.0351301532699606,0.008299181501012349,126640.77609056246,1.0,0.20584301073989053,0.7941569892601095,0.0,0.031288607927518086,0.0,3.9297994716563576,3.9297994716563576
2011-09-08,133456.5689452708,-0.18369258595963056,0.26522965616147776,0.3184647670666152,0.20584301073989053,-0.0160420901356126,-0.0034147738884018593,126208.32647516148,1.0,0.3184647670666152,0.6815352329333848,0.0,0.11262175632672466,0.0,14.262506625898626,14.262506625898626
2011-09-09,129672.52760068912,-0.20683825071805872,0.1726469971277651,0.26522965616147776,0.3184647670666152,-0.0283541033198108,-0.009061549577145594,125064.68346775824,0.7955631043012079,0.21100692860856723,0.7889930713914328,0.05273802876235568,0.04235189008951023,6.655978351695842,5.345161171257063,12.001139522952904
2011-09-12,130404.14303983236,-0.20236321354365083,0.19054714582539667,0.1726469971277651,0.26522965616147776,0.0056420234314871,0.0014226703979505406,125242.60929075685,0.7967100708448865,0.13754960131281865,0.8624503986871813,0.0,0.07376153683775719,0.0,9.224963256709492,9.224963256709492
2011-09-13,131713.15379350685,-0.1943564500570122,0.22257419977195125,0.19054714582539667,0.1726469971277651,0.0100381070966024,0.0017187516534965454,125457.87023256357,0.7987304362807863,0.15219580491717769,0.8478041950828223,0.0,0.014297393578750211,0.0,1.7906428778595886,1.7906428778595886
2011-09-14,133302.59641958523,-0.1846343823452935,0.261462470618826,0.22257419977195125,0.19054714582539667,0.01206745552969,0.002260952523067324,125741.52452080451,1.0,0.22257419977195125,0.7774258002280487,0.04475265942382989,0.032027053946554584,5.614573338556966,4.018045977958158,9.632619316515123
2011-09-15,136030.63170333527,-0.16794793936621388,0.32820824253514447,0.261462470618826,0.22257419977195125,0.0204649823561067,0.004516088800410698,126309.3844114395,1.0,0.261462470618826,0.738537529381174,0.0,0.03888827084687474,0.0,4.889870462263987,4.889870462263987
2011-09-16,136547.18738535765,-0.16478834792510255,0.3408466082995898,0.32820824253514447,0.261462470618826,0.0037973482557143,0.0009261182848227795,126426.36184188764,1.0,0.32820824253514447,0.6717917574648555,0.0,0.06674577191631847,0.0,8.430617362816534,8.430617362816534
2011-09-19,134058.68132293154,-0.1800096739692023,0.27996130412319076,0.3408466082995898,0.32820824253514447,-0.0182245135185622,-0.005994073918749694,125668.55288372879,1.0,0.3408466082995898,0.6591533917004102,0.0,0.012638365764445325,0.0,1.5978226032258898,1.5978226032258898
2011-09-20,133243.72072213623,-0.18499450450873778,0.2600219819650489,0.27996130412319076,0.3408466082995898,-0.0060791333522979,-0.0021329372887080532,125400.50974126511,1.0,0.27996130412319076,0.7200386958768092,0.0,0.060885304176399035,0.0,7.651368067733715,7.651368067733715
2011-09-21,127741.97668957942,-0.21864675916673249,0.12541296333307006,0.2600219819650489,0.27996130412319076,-0.0412908315884547,-0.011579774381992878,123948.40013107435,1.0,0.2600219819650489,0.7399780180349511,0.0,0.01993932215814187,0.0,2.500401162526293,2.500401162526293
2011-09-22,123776.55003895696,-0.24290189475368018,0.028392420985279276,0.12541296333307006,0.2600219819650489,-0.0310424713425148,-0.008206333942205988,122931.2381679966,1.0,0.12541296333307006,0.8745870366669299,0.0,0.13460901863197883,0.0,16.684572502647754,16.684572502647754
2011-09-23,124945.9988029556,-0.23574878341613403,0.057004866335463866,0.028392420985279276,0.12541296333307006,0.0094480639800558,0.00108788915915146,123064.97372932064,1.0,0.028392420985279276,0.9716075790147207,0.0,0.09702054234779078,0.0,11.92685539854447,11.92685539854447
2011-09-26,128847.33624289946,-0.2118856592397178,0.15245736304112878,0.057004866335463866,0.028392420985279276,0.0312241886680695,0.0008579178642374284,123170.55336874492,1.0,0.057004866335463866,0.9429951336645361,0.0,0.02861244535018459,0.0,3.521189835352089,3.521189835352089
2011-09-27,130399.9059162989,-0.20238913055456975,0.190443477781721,0.15245736304112878,0.057004866335463866,0.0120496839024486,0.0005914381235380082,123243.40112970445,1.0,0.15245736304112878,0.8475426369588712,0.0,0.09545249670566491,0.0,11.756936839665048,11.756936839665048
2011-09-28,126718.67789898383,-0.2249059219501267,0.10037631219949317,0.190443477781721,0.15245736304112878,-0.0282302965745847,-0.0043419026883707865,122708.29027501542,1.0,0.190443477781721,0.809556522218279,0.0,0.037986114740592214,0.0,4.681537976333786,4.681537976333786
2011-09-29,129112.93132571068,-0.21026110649611796,0.15895557401552818,0.10037631219949317,0.190443477781721,0.0188942424780935,0.0035082180819970402,123138.77771776916,1.0,0.10037631219949317,0.8996236878005068,0.0,0.09006716558222783,0.0,11.05198789851189,11.05198789851189
2011-09-30,125002.70971633648,-0.23540190248389004,0.05839239006443986,0.15895557401552818,0.10037631219949317,-0.0318343140936473,-0.0032539903119367017,122738.08532805179,1.0,0.15895557401552818,0.8410444259844718,0.0,0.05857926181603501,0.0,7.213378699635738,7.213378699635738
2011-10-03,120075.40287756584,-0.26554052462537303,0.0,0.05839239006443986,0.15895557401552818,-0.0394176002260427,-0.006366210454196335,121956.7088461083,1.0,0.05839239006443986,0.9416076099355601,0.0,0.10056318395108832,0.0,12.342932652649248,12.342932652649248
2011-10-04,124646.632088711,-0.2375799054829315,0.04968037806827397,0.0,0.05839239006443986,0.0380696554131587,0.002164585778439543,122220.69460366188,1.0,0.0,1.0,0.0,0.05839239006443986,0.0,7.1213437139172795,7.1213437139172795
2011-10-05,126707.07846662634,-0.22497687164340086,0.10009251342639658,0.04968037806827397,0.0,0.0165303012475213,-4.9680378068273965e-05,122214.6226333462,1.0,0.04968037806827397,0.950319621931726,0.0,0.04968037806827397,0.0,6.071970315676974,6.071970315676974
2011-10-06,129779.03423143696,-0.206186786702379,0.175252853190484,0.10009251342639658,0.04968037806827397,0.0242445473606256,0.0011538158399996457,122355.63580082014,0.8035147636280188,0.08042581226674535,0.9195741877332546,0.02016367510244612,0.04050689502626558,2.464295943546851,4.950534889683616,7.414830833230467
2011-10-07,127985.2998033632,-0.21715843631114828,0.13136625475540686,0.175252853190484,0.10009251342639658,-0.0138214499645217,-0.0014436091343478846,122179.00208733912,0.8007609916430319,0.14033564850908267,0.8596643514909174,0.0,0.06018546820171785,0.0,7.36403122779123,7.36403122779123
2011-10-10,132164.93525134237,-0.19159306001580456,0.23362775993678175,0.13136625475540686,0.175252853190484,0.0326571524573584,0.005687839947935968,122873.93669621042,0.8070618037333595,0.10602068651259468,0.8939793134874053,0.0,0.03541919729273499,0.0,4.327482179960944,4.327482179960944
2011-10-11,132429.16270873346,-0.18997687256121898,0.24009250975512408,0.23362775993678175,0.13136625475540686,0.0019992251113247,0.00018005999415361576,122896.06137653359,0.8074467610040272,0.18864197804158087,0.8113580219584191,0.0,0.0825707211340977,0.0,10.145789561591567,10.145789561591567
2011-10-12,134038.38122432312,-0.18013384261171095,0.2794646295531562,0.24009250975512408,0.23362775993678175,0.0121515418709472,0.002831229192317204,123244.00829312362,1.0,0.24009250975512408,0.7599074902448759,0.04618440600601536,0.00646474981834233,5.675881595154011,0.7944922904589333,6.470373885612944
2011-10-13,132961.94521915665,-0.18671802725471442,0.2531278909811423,0.2794646295531562,0.24009250975512408,-0.0080308042766121,-0.001967508073922087,123001.5247117444,1.0,0.2794646295531562,0.7205353704468438,0.0,0.039372119798032124,0.0,4.852377858906528,4.852377858906528
2011-10-14,135408.60901548565,-0.1717526357989626,0.3129894568041496,0.2531278909811423,0.2794646295531562,0.0184012334679388,0.005126363079885809,123632.07518679636,0.8081050507088879,0.20455392717714985,0.7954460728228502,0.04951730195436729,0.021282851459244023,6.090703639999019,2.617823179700589,8.708526819699607
2011-10-17,132431.81893913008,-0.18996062532375968,0.24015749870496128,0.3129894568041496,0.2531278909811423,-0.0219837578865841,-0.005612818496671021,122938.15078840608,0.8037916539336379,0.25157831314839835,0.7484216868516016,0.0,0.04811622699993236,0.0,5.948708994160598,5.948708994160598
2011-10-18,135667.92215418103,-0.1701665075225649,0.3193339699097404,0.24015749870496128,0.3129894568041496,0.0244359946195287,0.007589326095614082,123871.16850433109,0.8084718351396535,0.194160573700549,0.805839426299451,0.0,0.05888258682126511,0.0,7.2389163374441035,7.2389163374441035
2011-10-19,134067.8185974922,-0.17995378443879595,0.2801848622448162,0.3193339699097404,0.24015749870496128,-0.0117942659641414,-0.00292680725906913,123508.62146916323,1.0,0.3193339699097404,0.6806660300902596,0.06110034888549619,0.07917647120477911,7.568571612468718,9.80768200618551,17.37625361865423
2011-10-20,135137.06917542874,-0.17341355055495855,0.3063457977801658,0.2801848622448162,0.3193339699097404,0.007975445480669,0.0025076815594758366,123818.34176165774,1.0,0.2801848622448162,0.7198151377551838,0.0,0.03914910766492419,0.0,4.835252319442639,4.835252319442639
2011-10-21,138164.10023051308,-0.1548982544378441,0.38040698224862357,0.3063457977801658,0.2801848622448162,0.0223997092252665,0.006249898508069912,124592.1938311056,1.0,0.3063457977801658,0.6936542022198342,0.0,0.026160935535349594,0.0,3.2392036569206124,3.2392036569206124
2011-10-24,141170.5985335902,-0.13650855002315843,0.4539657999073663,0.38040698224862357,0.3063457977801658,0.0217603436642448,0.006592128655325131,125413.52160228947,1.0,0.38040698224862357,0.6195930177513764,0.0,0.07406118446845777,0.0,9.227445450655358,9.227445450655358
2011-10-25,137695.57059710863,-0.15776408724374003,0.3689436510250399,0.4539657999073663,0.38040698224862357,-0.0246158050796585,-0.00943758294363201,124229.92108991486,1.0,0.4539657999073663,0.5460342000926337,0.0,0.07355881765874273,0.0,9.225270367483605,9.225270367483605
2011-10-26,139617.3735213355,-0.1460090871881473,0.41596365124741075,0.3689436510250399,0.4539657999073663,0.0139568972036869,0.006250931854414417,125006.4738609272,1.0,0.3689436510250399,0.6310563489749601,0.0,0.0850221488823264,0.0,10.562294846546402,10.562294846546402
2011-10-27,146452.4207107225,-0.10420148086267311,0.5831940765493075,0.41596365124741075,0.3689436510250399,0.0489555634588878,0.01801482432028776,127258.44352643045,1.0,0.41596365124741075,0.5840363487525893,0.0,0.04702000022237085,0.0,5.877804428738592,5.877804428738592
2011-10-28,146518.72781505767,-0.103795903368061,0.584816386527756,0.5831940765493075,0.41596365124741075,0.0004527552635413,2.109930724226766e-05,127261.1285914296,1.0,0.5831940765493075,0.41680592345069245,0.0,0.1672304253018968,0.0,21.28148363418238,21.28148363418238
2011-10-31,141914.95364607376,-0.1319555886979774,0.47217764520809036,0.584816386527756,0.5831940765493075,-0.0314210629428546,-0.018326200097134204,124928.91568427593,1.0,0.584816386527756,0.415183613472244,0.0,0.0016223099784484774,0.0,0.20645699878249107,0.20645699878249107
2011-11-01,137153.220865906,-0.1610814519121293,0.3556741923514828,0.47217764520809036,0.584816386527756,-0.0335534251876175,-0.01973523161517153,122463.41459781451,1.0,0.47217764520809036,0.5278223547919096,0.0,0.11263874131966567,0.0,14.07183581710748,14.07183581710748
2011-11-02,140302.64101942466,-0.14181754424865767,0.43272982300536933,0.3556741923514828,0.47217764520809036,0.0229627866821866,0.010726011090154006,123776.95854092878,1.0,0.3556741923514828,0.6443258076485172,0.0,0.11650345285660757,0.0,14.26741064925567,14.26741064925567
2011-11-03,143262.15353181298,-0.12371523557325226,0.505139057706991,0.43272982300536933,0.3556741923514828,0.0210937762175025,0.007425456189149159,124696.05892380058,1.0,0.43272982300536933,0.5672701769946307,0.0,0.07705563065388654,0.0,9.537711600791237,9.537711600791237
2011-11-04,142276.83252879826,-0.1297421014392588,0.4810315942429648,0.505139057706991,0.43272982300536933,-0.0068777480913402,-0.0030486159489426967,124315.9085297952,1.0,0.505139057706991,0.49486094229300903,0.0,0.07240923470162164,0.0,9.029146196980717,9.029146196980717
2011-11-07,142854.09625399485,-0.12621118001321951,0.49515527994712194,0.4810315942429648,0.505139057706991,0.0040573276403221,0.0020254071975769096,124567.69886570476,1.0,0.4810315942429648,0.5189684057570352,0.0,0.024107463464026146,0.0,2.9969412228792542,2.9969412228792542
2011-11-08,144832.9282073336,-0.11410735322210186,0.5435705871115926,0.49515527994712194,0.4810315942429648,0.0138521190867386,0.006649183242232969,125395.97232152613,1.0,0.49515527994712194,0.5048447200528781,0.0,0.014123685704157118,0.0,1.7593550276693033,1.7593550276693033
2011-11-09,138279.60828597235,-0.15419173183803514,0.38323307264785944,0.5435705871115926,0.49515527994712194,-0.045247444779822,-0.022452926494009026,122580.46577234611,1.0,0.5435705871115926,0.45642941288840744,0.0,0.04841530716447062,0.0,6.071084517134144,6.071084517134144
2011-11-10,139548.3993278183,-0.14643097833963226,0.414276086641471,0.38323307264785944,0.5435705871115926,0.009175546977411,0.004827219943117508,123172.18864135901,1.0,0.38323307264785944,0.6167669273521406,0.0,0.16033751446373312,0.0,19.65424720374469,19.65424720374469
2011-11-11,142792.50216156527,-0.1265879296532615,0.49364828138695405,0.414276086641471,0.38323307264785944,0.0232471518797297,0.008878034431186663,124265.71557308163,1.0,0.414276086641471,0.585723913358529,0.0,0.031043013993611535,0.0,3.8236359756174676,3.8236359756174676
2011-11-14,141061.6193342483,-0.1371751378809316,0.45129944847627357,0.49364828138695405,0.414276086641471,-0.0121216646610654,-0.005101087994111869,123631.82522329206,1.0,0.49364828138695405,0.506351718613046,0.0,0.07937219474548307,0.0,9.863242576653443,9.863242576653443
2011-11-15,141914.47665653715,-0.13195850627706862,0.4721659748917255,0.45129944847627357,0.49364828138695405,0.0060459912931241,0.0029422443782205197,123995.58026602444,1.0,0.45129944847627357,0.5487005515237264,0.0,0.04234883291068048,0.0,5.235663508823648,5.235663508823648
2011-11-16,139233.60657353397,-0.14835645612794468,0.4065741754882213,0.4721659748917255,0.45129944847627357,-0.0188907442437423,-0.008546248984922782,122935.88316404102,1.0,0.4721659748917255,0.5278340251082745,0.0,0.020866526415451947,0.0,2.587357051020291,2.587357051020291
2011-11-17,136494.6593104448,-0.1651096438892915,0.339561424442834,0.4065741754882213,0.4721659748917255,-0.0196715960355635,-0.009274306811468572,121795.73806543887,0.387929098960228,0.1577219535576433,0.8422780464423567,0.2442011026508581,0.02544496764178142,30.021078224015877,3.128099569122845,33.14917779313872
2011-11-18,136724.11370046574,-0.16370615119321452,0.3451753952271419,0.339561424442834,0.4065741754882213,0.001681050314936,0.000657406614440277,121875.80738925372,0.3889562941743459,0.13207455329584686,0.8679254467041532,0.0,0.026065031309041864,0.0,3.174609725983526,3.174609725983526
2011-11-21,135602.59503091843,-0.17056609081380814,0.31773563674476746,0.3451753952271419,0.339561424442834,-0.0082027861742393,-0.0027875049755859255,121536.07796975263,0.3839025787654587,0.13251372435408618,0.8674862756459139,0.0,0.002155217861209755,0.0,0.2626689169346795,0.2626689169346795
2011-11-22,135168.99851541605,-0.1732182498877599,0.30712700044896035,0.31773563674476746,0.3451753952271419,-0.003197553228266,-0.0011141966635236228,121400.66287718099,0.3819262550670419,0.12135158184327104,0.878648418156729,0.0,0.010479964197117372,0.0,1.273693745781073,1.273693745781073
2011-11-23,133726.10626571014,-0.18204391991962876,0.27182432032148496,0.30712700044896035,0.31773563674476746,-0.0106747276783392,-0.0033957719201758974,120988.41391509192,0.7757774488818086,0.23826220089101652,0.7617377991089835,0.12157587288858726,0.008229940801676196,14.759391558546392,0.9991202687634486,15.75851182730984
2011-11-25,133591.28733925338,-0.18286856040071853,0.2685257583971259,0.27182432032148496,0.30712700044896035,-0.0010081720781496,-0.0003370159010284179,120947.63889576233,0.7755511658342293,0.21081366852742467,0.7891863314725753,0.0,0.02737903472993642,0.0,3.312545986501225,3.312545986501225
2011-11-28,137212.18002616498,-0.16072081923570614,0.35711672305717546,0.2685257583971259,0.27182432032148496,0.0271042577628313,0.007365018703334192,121838.42051835374,0.7814741468849036,0.2098459379600157,0.7901540620399843,0.0,0.0025777408657855277,0.0,0.3117716714018777,0.3117716714018777
2011-11-29,137180.63501474107,-0.16091376909875765,0.3563449236049694,0.35711672305717546,0.2685257583971259,-0.0002298994988483,-0.00013096103406928862,121822.46443281329,0.7814238963482137,0.279059541182444,0.720940458817556,0.0,0.06922709678590284,0.0,8.434520129465605,8.434520129465605
2011-11-30,143360.7892173399,-0.12311191539185606,0.5075523384325757,0.3563449236049694,0.35711672305717546,0.0450512144220263,0.01608793168923325,123782.33591882244,0.7908465148546127,0.2818141409191232,0.7181858590808767,0.0,0.0006103749069438679,0.0,0.07435737539185107,0.07435737539185107
2011-12-01,142595.75451471002,-0.1277913665772903,0.48883453369083885,0.5075523384325757,0.3563449236049694,-0.0053364292063853,-0.002081385540571896,123524.69715466279,0.9899644419788016,0.5024587674914407,0.4975412325085593,0.10098896205440985,0.1496899640428685,12.500649625112176,18.5289734128308,31.029623037942976
2011-12-02,142740.97102385105,-0.1269031276993562,0.49238748920257525,0.48883453369083885,0.5075523384325757,0.001018378910615,0.0004983504452655283,123586.2557424911,0.9899746515822018,0.48393379717193624,0.5160662028280638,0.0,0.01853015222758467,0.0,2.2889314421421965,2.2889314421421965
2011-12-05,144586.7399819261,-0.11561320096895955,0.5375471961241618,0.49238748920257525,0.48883453369083885,0.0129308981495344,0.006317551776522634,124367.01831201087,0.9901026334213786,0.4875141497232104,0.5124858502767896,0.0,0.003517790608599211,0.0,0.4347505698028756,0.4347505698028756
2011-12-06,144868.6740546571,-0.11388870830696629,0.5444451667721348,0.5375471961241618,0.49238748920257525,0.0019499303516092,0.0009154076953522825,124480.8648376217,0.9901218950380604,0.532237248498851,0.467762751501149,0.0,0.044713614596564685,0.0,5.560898925327157,5.560898925327157
2011-12-07,146011.24636232876,-0.10689999090473723,0.5724000363810511,0.5444451667721348,0.5375471961241618,0.0078869522008642,0.0042327786765671655,125007.76478794705,0.9901991935302172,0.5391091650591926,0.4608908349408074,0.0,0.006830364972618014,0.0,0.8502497389480886,0.8502497389480886
2011-12-08,141361.63134913324,-0.13534006873456228,0.4586397250617509,0.5724000363810511,0.5444451667721348,-0.031844225215758,-0.017365106386006166,122836.99165332751,0.9898768289927652,0.5666055329282182,0.43339446707178175,0.0,0.027671877683380235,0.0,3.4591995766848376,3.4591995766848376
2011-12-09,144031.3450725456,-0.11901035845495411,0.5239585661801835,0.4586397250617509,0.5724000363810511,0.0188857025625202,0.010741601078578716,124156.45761536027,0.7983449504171887,0.3661527085637766,0.6338472914362234,0.08968049090584453,0.09081997009965066,11.016081712867543,11.156051909086242,22.172133621953783
2011-12-12,141482.70296316597,-0.13459951578204876,0.46160193687180495,0.5239585661801835,0.4586397250617509,-0.0176950517826236,-0.008167563375910864,123142.40187925822,0.7947123752672103,0.41639635667065544,0.5836036433293446,0.0,0.05190969137493115,0.0,6.444923397018072,6.444923397018072
2011-12-13,140187.19517935172,-0.1425236862985878,0.4299052548056488,0.46160193687180495,0.5239585661801835,-0.0091566513551237,-0.004847143202121129,122545.51302309631,0.7928152568076975,0.3659650581239506,0.6340349418760494,0.0,0.04943728707878457,0.0,6.08782627327595,6.08782627327595
2011-12-14,139401.8644167503,-0.14732728142359375,0.410690874305625,0.4299052548056488,0.46160193687180495,-0.005602014945778,-0.002610993566417296,122225.5474769997,0.791648066160346,0.34033366359906264,0.6596663364009374,0.0,0.02509261706137185,0.0,3.0749876308779127,3.0749876308779127
2011-12-15,140022.4664775313,-0.14353127447250835,0.4258749021099666,0.410690874305625,0.4299052548056488,0.004451892113334,0.0018986763105270277,122457.61422853547,0.9928115634046414,0.40773864899538664,0.5922613510046133,0.08252034922383765,0.01907625914408026,10.086094861876765,2.331606217698331,12.417701079575096
2011-12-16,140304.74693918828,-0.1418046630699341,0.43278134772026355,0.4258749021099666,0.410690874305625,0.0020159655000955,0.0008128635358222257,122557.15555782562,0.992826025888948,0.4228196865876829,0.5771803134123171,0.0,0.015075097981971741,0.0,1.846060533133669,1.846060533133669
2011-12-19,138204.98206253618,-0.15464819449067368,0.38140722203730526,0.43278134772026355,0.4258749021099666,-0.0149657436577124,-0.006380390761411072,121775.19301475966,0.9927170308394236,0.4296294145115442,0.5703705854884558,0.0,0.006856146179907972,0.0,0.8402697738981733,0.8402697738981733
2011-12-20,142993.14982953307,-0.12536063765657302,0.49855744937370794,0.38140722203730526,0.43278134772026355,0.0346454063778272,0.01494287316627254,123594.86427877758,0.9929609032083048,0.3787224596843331,0.621277540315667,0.0,0.05101249823968723,0.0,6.212056819303,6.212056819303
2011-12-21,143320.49732229015,-0.12335836689974944,0.5065665324010022,0.49855744937370794,0.38140722203730526,0.0022892529687423,0.0007568101363226298,123688.40212486118,0.9929769806761416,0.4950560707727028,0.5049439292272973,0.0,0.11632747902602472,0.0,14.377478982113871,14.377478982113871
2011-12-22,145053.22310879573,-0.11275988593173136,0.5489604562730745,0.5065665324010022,0.49855744937370794,0.0120898672477332,0.006019539871307246,124432.94939307006,0.9930608737908256,0.5030514032993278,0.49694859670067215,0.0,0.007953506989348155,0.0,0.9837565708013886,0.9837565708013886
2011-12-23,146016.21193254064,-0.1068696182388511,0.5725215270445956,0.5489604562730745,0.5065665324010022,0.006638865397859,0.003320925336466656,124846.18192740076,0.9931066378939862,0.5451762730661017,0.4548237269338983,0.0,0.042101687203727325,0.0,5.2388371131842675,5.2388371131842675
2011-12-27,145506.756102672,-0.1099857823537731,0.5600568705849076,0.5725215270445956,0.5489604562730745,-0.0034890360674745,-0.0019387409186773306,124604.13752595747,0.993082502495697,0.5685611108101049,0.43143888918989515,0.0,0.023398087123260327,0.0,2.9211618417437317,2.9211618417437317
2011-12-28,143044.89089939592,-0.12504415552854276,0.499823377885829,0.5600568705849076,0.5725215270445956,-0.0169192501380412,-0.009699011873753875,123395.60051657434,0.9929634493348848,0.556116002039691,0.443883997960309,0.0,0.012376948272986122,0.0,1.5422189647588245,1.5422189647588245
2011-12-29,144906.09221161378,-0.11365983445545891,0.5453606621781644,0.499823377885829,0.5600568705849076,0.0130113092506523,0.007227258040626723,124287.41236258572,0.9930538281252554,0.49635151879601863,0.5036484812039814,0.0,0.059815100506174654,0.0,7.380920246918671,7.380920246918671
2011-12-30,144840.65819864144,-0.11406007155387887,0.5437597137844845,0.5453606621781644,0.499823377885829,-0.000451561504238,-0.0002709218279626171,124253.7401896357,0.9930506900844164,0.5415707819209205,0.45842921807907955,0.0,0.045220831591073915,0.0,5.6203801433388465,5.6203801433388465
2012-01-03,148418.61646795992,-0.0921749452880487,0.6313002188478052,0.5437597137844845,0.5453606621781644,0.0247027203122172,0.01347030181596117,125927.47557175212,0.993218218535161,0.5400720542362147,0.45992794576378526,0.0,0.0015900911115374356,0.0,0.1975747678508216,0.1975747678508216
2012-01-04,148077.56577113798,-0.09426103377795703,0.6229558648881719,0.6313002188478052,0.5437597137844845,-0.0022978970222079,-0.0013364492842317178,125759.17988715915,0.9932025988072012,0.627009017987195,0.372990982012805,0.0,0.08694545712978505,0.0,10.948821928785827,10.948821928785827
2012-01-05,148091.7999356499,-0.09417396834449354,0.6233041266220258,0.6229558648881719,0.6313002188478052,9.61264080605595e-05,5.2396982955861106e-05,125765.76928876422,0.9932032521541584,0.6187217909554388,0.3812782090445612,0.0,0.008287639489833212,0.0,1.042246745441859,1.042246745441859
2012-01-06,147152.23291041006,-0.09992097304237146,0.6003161078305141,0.6233041266220258,0.6229558648881719,-0.0063444905501054,-0.003952683477488811,125268.65701046286,0.9931598549183264,0.6190406359659253,0.3809593640340747,0.0,0.0003458795730679823,0.0,0.04349981058816413,0.04349981058816413
2012-01-09,147834.11131400423,-0.0957501600151297,0.6169993599394812,0.6003161078305141,0.6233041266220258,0.0046338298108552,0.0028654537404932076,125627.60855226005,0.9931914047897814,0.5962287984541222,0.40377120154587776,0.0,0.022831502676875386,0.0,2.8600716778629676,2.8600716778629676
2012-01-10,150204.13567246252,-0.08125354534448603,0.6749858186220559,0.6169993599394812,0.6003161078305141,0.0160316474823885,0.00960748476384607,126834.57388734432,0.993298835496818,0.6128647457301687,0.3871352542698313,0.0,0.016571454892136794,0.0,2.081832248330796,2.081832248330796
2012-01-11,150810.21674138727,-0.07754635824996636,0.6898145670001345,0.6749858186220559,0.6169993599394812,0.0040350491430301,0.0024320232950646326,127143.03852565792,0.9933257663575572,0.6704808055632367,0.32951919443676325,0.0,0.057599443509229326,0.0,7.305600873641262,7.305600873641262
2012-01-12,151666.79849525087,-0.07230694559357398,0.7107722176257041,0.6898145670001345,0.6749858186220559,0.005679865544736,0.0038190983575658623,127628.6102952672,0.9933634610067216,0.6852365857281066,0.31476341427189336,0.0,0.014730336811246048,0.0,1.8728597806881733,1.8728597806881733
2012-01-13,150521.15803329498,-0.07931442982840953,0.6827422806863619,0.7107722176257041,0.6898145670001345,-0.0075536668098902,-0.005231446905480073,126960.9279968873,0.993312949253441,0.7060192477371967,0.2939807522628033,0.0,0.0208175057523077,0.0,2.6569093289807624,2.6569093289807624
2012-01-17,151528.94263896046,-0.07315016191816637,0.7073993523273345,0.6827422806863619,0.7107722176257041,0.0066953019683955,0.004730990881816598,127561.57898958754,0.9933574233102274,0.6782071127275524,0.3217928872724476,0.0,0.02784374593361312,0.0,3.535067822641079,3.535067822641079
2012-01-18,153736.2291162251,-0.059648958264106655,0.7614041669435734,0.7073993523273345,0.6827422806863619,0.0145667648623657,0.009920776249452585,128827.0888727701,0.7998680704526846,0.5658261549855439,0.4341738450144561,0.1390755819521041,0.019722404316478395,17.740700832706185,2.5158210360810407,20.256521868787225
2012-01-19,154672.80683465343,-0.05392023811626889,0.7843190475349244,0.7614041669435734,0.7073993523273345,0.0060921080464402,0.004266291114159465,129376.70273729105,0.8010799131145978,0.6099455839002504,0.39005441609974956,0.0,0.04326217220054658,0.0,5.573339702908898,5.573339702908898
2012-01-20,155012.83998993872,-0.051840373574024046,0.7926385057039038,0.7843190475349244,0.7614041669435734,0.0021984029529429,0.0016555065195936675,129590.88671215615,0.8015162603539467,0.628644469904562,0.371355530095438,0.0,0.01836664939803693,0.0,2.3762165394498695,2.3762165394498695
2012-01-23,155411.86810316896,-0.04939965739336183,0.8024013704265527,0.7926385057039038,0.7843190475349244,0.0025741616840007,0.002012291619456071,129851.6613674449,0.8020258777538566,0.6357165932786787,0.3642834067213213,0.0,0.006672420740412186,0.0,0.8646849202665966,0.8646849202665966
2012-01-24,155221.16311741533,-0.050566133461160345,0.7977354661553586,0.8024013704265527,0.7926385057039038,-0.0012270940957163,-0.000984335758819698,129723.84373381878,1.0,0.8024013704265527,0.19759862957344732,0.15869601098831107,0.009762864722648867,20.606940679218482,1.2677242039415746,21.874664883160058
2012-01-25,156556.77949093044,-0.04239663265179061,0.8304134693928376,0.7977354661553586,0.8024013704265527,0.0086046022764614,0.006899678754336949,130618.89658235993,1.0,0.7977354661553586,0.20226453384464138,0.0,0.004665904271194066,0.0,0.6052790365533366,0.6052790365533366
2012-01-26,155604.8280878588,-0.04821938828139316,0.8071224468744274,0.8304134693928376,0.7977354661553586,-0.0060805504952712,-0.004883348787063767,129981.03895216684,1.0,0.8304134693928376,0.16958653060716244,0.0,0.032678003237478936,0.0,4.268364725394284,4.268364725394284
2012-01-27,155891.31088356327,-0.04646707266308525,0.814131709347659,0.8071224468744274,0.8304134693928376,0.0018410919456992,0.001505576527580872,130176.7353534438,1.0,0.8071224468744274,0.19287755312557264,0.0,0.023291022518410198,0.0,3.027391305201271,3.027391305201271
2012-01-30,154582.74803004868,-0.054471096500232186,0.7821156139990713,0.814131709347659,0.8071224468744274,-0.0083940717805111,-0.006782053017198932,129293.86983267088,1.0,0.814131709347659,0.185868290652341,0.0,0.007009262473231637,0.0,0.9124429060006998,0.9124429060006998
2012-01-31,154982.7330776094,-0.05202452708510663,0.7919018916595735,0.7821156139990713,0.814131709347659,0.0025875141479756,0.00207456122090412,129562.09788112636,1.0,0.7821156139990713,0.21788438600092874,0.0,0.032016095348587736,0.0,4.139484864550682,4.139484864550682
2012-02-01,157084.40461683364,-0.0391693332725791,0.8433226669096836,0.7919018916595735,0.7821156139990713,0.0135606818739724,0.01059623475244742,130934.96828529434,1.0,0.7919018916595735,0.20809810834042652,0.0,0.009786277660502218,0.0,1.2679306641418686,1.2679306641418686
2012-02-02,157512.76988090557,-0.03654917194411966,0.8538033122235213,0.8433226669096836,0.7919018916595735,0.0027269751259957,0.00210807598553433,131210.98914760328,1.0,0.8433226669096836,0.1566773330903164,0.0,0.05142077525011013,0.0,6.732777576578418,6.732777576578418
2012-02-03,160118.58762450083,-0.02061029114907187,0.9175588354037125,0.8538033122235213,0.8433226669096836,0.0165435332358483,0.013941017660362768,133040.20386454367,0.7921078228179912,0.6763042827601631,0.3236957172398369,0.18061610666327949,0.008301801141271598,23.698818011277936,1.089287539452948,24.788105550730883
2012-02-06,160011.04839933582,-0.02126807118564955,0.9149277152574018,0.9175588354037125,0.8538033122235213,-0.0006716223691481,-0.000623925744151229,132957.19665634545,0.7919681039431029,0.7266773311309198,0.2733226688690802,0.0,0.050492340808916555,0.0,6.717511314816276,6.717511314816276
2012-02-07,160452.20998162637,-0.01856963922939836,0.9257214430824066,0.9149277152574018,0.9175588354037125,0.0027570695067853,0.002527688217587599,133293.27099577716,0.7925400853476711,0.7251168895370509,0.2748831104629491,0.0,0.002085268185317081,0.0,0.27725141219642374,0.27725141219642374
2012-02-08,160707.33626688243,-0.017009120479238526,0.9319635180830459,0.9257214430824066,0.9149277152574018,0.0015900453180748,0.0014462185131688598,133486.04219197208,0.792869432337014,0.7339762350789492,0.26602376492105084,0.0,0.008558016853411758,0.0,1.1407260596282416,1.1407260596282416
2012-02-09,160494.68768605805,-0.018309817885772905,0.9267607284569084,0.9319635180830459,0.9257214430824066,-0.001323203941799,-0.0012298656998874602,133321.87228726645,0.7925949932144863,0.7386696182911806,0.2613303817088194,0.0,0.004947437392776049,0.0,0.6604138365542441,0.6604138365542441
2012-02-10,159132.73762493336,-0.026640392702998672,0.8934384291880053,0.9267607284569084,0.9319635180830459,-0.008485951035269,-0.007912711250687546,132266.93480845625,0.7908199011379907,0.7329008276568646,0.2670991723431354,0.0,0.004114469577783835,0.0,0.5485487875791395,0.5485487875791395
2012-02-13,160261.1560264589,-0.019738249821724452,0.9210470007131022,0.8934384291880053,0.9267607284569084,0.0070910512718329,0.006545306825625142,133132.66247966257,0.7922927637994197,0.7078648023459768,0.2921351976540232,0.0,0.026401016583910593,0.0,3.491981539381075,3.491981539381075
2012-02-14,159858.90046254636,-0.022198707195654532,0.9112051712173819,0.9210470007131022,0.8934384291880053,-0.0025100003886538,-0.002275427744401026,132829.72872577034,0.9920101546958748,0.9136879776595761,0.0863120223404239,0.18378379123491578,0.027387983309543482,24.46762544771081,3.6462351379480844,28.113860585658895
2012-02-15,159603.0166709229,-0.02376385934879177,0.9049445626048329,0.9112051712173819,0.9210470007131022,-0.001600685297366,-0.0014840694609538536,132632.60018186164,0.9919973449636182,0.903913110564762,0.09608688943523802,0.0,0.009763068729339186,0.0,1.2968257708491755,1.2968257708491755
2012-02-16,161706.40764964744,-0.010898148322887824,0.9564074067084487,0.9049445626048329,0.9112051712173819,0.0131788923705711,0.012002463720166714,134224.51815365584,0.9921014392456818,0.8977968029978087,0.10220319700219127,0.0,0.006211158815063731,0.0,0.8238021437843934,0.8238021437843934
2012-02-17,162087.74527152715,-0.008565638724798319,0.9657374451008067,0.9564074067084487,0.9049445626048329,0.0023582097173657,0.0020829917431936323,134504.10671670406,0.9921200218866414,0.948870937276132,0.05112906272386797,0.0,0.05105731801842811,0.0,6.853143909241483,6.853143909241483
2012-02-21,162261.19439480687,-0.007504710765904865,0.9699811569363805,0.9657374451008067,0.9564074067084487,0.0010700939974774,0.0010141892285777667,134640.51933293563,0.9921284451901942,0.9581355898698138,0.04186441013018616,0.0,0.00925659648377498,0.0,1.2450502412871376,1.2450502412871376
2012-02-22,161753.5025347424,-0.01061008529106977,0.9575596588357209,0.9699811569363805,0.9657374451008067,-0.0031288556820872,-0.0030258632948870438,134233.11552748157,0.9921037389288744,0.9623219324871384,0.037678067512861624,0.0,0.004210202379009499,0.0,0.5668638348066,0.5668638348066
2012-02-23,162469.8795185472,-0.00622825644780356,0.9750869742087858,0.9575596588357209,0.9699811569363805,0.0044288189904941,0.004293582826181493,134809.4565270152,0.5892680391329437,0.5642593025149358,0.43574069748506417,0.3878689402907728,0.00731959182886928,52.06485627157317,0.9825316155786201,53.04738788715179
2012-02-24,162733.14287600806,-0.004617966057162803,0.9815281357713488,0.9750869742087858,0.9575596588357209,0.0016203825486975,0.001541273027444033,135017.23470620465,0.5899325053450706,0.5752355016243332,0.42476449837566677,0.0,0.010339933070005315,0.0,1.3939207576931283,1.3939207576931283
2012-02-27,162698.22002124542,-0.004831577013052812,0.9806736919477888,0.9815281357713488,0.9750869742087858,-0.000214601980552,-0.0002130548795011649,134988.46862553374,0.5898444851592515,0.5789489579133711,0.4210510420866289,0.0,0.0037992836256975472,0.0,0.5129687690062459,0.5129687690062459
2012-02-28,162814.13673650246,-0.004122554783398957,0.9835097808664042,0.9806736919477888,0.9815281357713488,0.0007124645570302,0.0006987997699787198,135082.79853635907,0.5901364983773777,0.5787313386168832,0.4212686613831168,0.0,0.0005042384860958975,0.0,0.06806638106014269,0.06806638106014269
2012-02-29,161575.85306577943,-0.01169670530356448,0.9532131787857421,0.9835097808664042,0.9806736919477888,-0.0076055046296567,-0.007462445131621608,134074.7505640556,0.9875155419432272,0.9712311942587517,0.028768805741248293,0.39052903187376603,0.002800681885465688,52.75375453520329,0.37832394689879184,53.13207848210208
2012-03-01,162999.710610831,-0.0029874639395102154,0.9880501442419591,0.9532131787857421,0.9835097808664042,0.0088123164324058,0.00864855245098496,135234.30307666154,0.7991770731205311,0.7617861182819069,0.2382138817180931,0.18139502140641292,0.024212349776320925,24.320492248626348,3.2462647568298957,27.566757005456243
2012-03-02,162451.5755756135,-0.006340215300343011,0.974639138798628,0.9880501442419591,0.9532131787857421,-0.0033627975973908,-0.003233280285792029,134797.05267056095,0.7984994676143516,0.7889575141534877,0.2110424858465123,0.0,0.027817298370088884,0.0,3.7618529585545235,3.7618529585545235
2012-03-05,161168.10352324232,-0.014190767433852836,0.9432369302645887,0.974639138798628,0.9880501442419591,-0.0079006439169547,-0.007816919522329758,133743.35495798793,0.7968948057972719,0.7766848672353529,0.2233151327646471,0.0,0.010687160578309558,0.0,1.4405977473731362,1.4405977473731362
2012-03-06,158830.92771702772,-0.02848645893564139,0.8860541642574344,0.9432369302645887,0.974639138798628,-0.0145014786122215,-0.014158639032090123,131849.73107219706,0.7939061400957603,0.7488415905021334,0.2511584094978666,0.0,0.024930406167741285,0.0,3.3342761613390346,3.3342761613390346
2012-03-07,159584.23996225823,-0.0238787099448724,0.9044851602205104,0.8860541642574344,0.9432369302645887,0.0047428561682432,0.004428226526924409,132433.5915488988,0.9951190475078284,0.8817293759762032,0.11827062402379684,0.17808693573030213,0.05690365964290233,23.48071458351198,7.502732220940506,30.983446804452484
2012-03-08,161750.10637542792,-0.010630858416361355,0.9574765663345546,0.9044851602205104,0.8860541642574344,0.0135719317501648,0.012007124404510424,134023.73815796257,0.995184404442077,0.9001295255007452,0.09987047449925479,0.0,0.018342239740788073,0.0,2.4291286859235073,2.4291286859235073
2012-03-09,161933.51734864942,-0.009508997286254872,0.9619640108549805,0.9574765663345546,0.9044851602205104,0.0011339156265888,0.0009728733472268313,134154.12628071214,0.995189858736422,0.9528709687939197,0.04712903120608025,0.0,0.052736509964879996,0.0,7.06794420289786,7.06794420289786
2012-03-12,161141.5892524783,-0.014352946006055078,0.9425882159757797,0.9619640108549805,0.9574765663345546,-0.0048904520147368,-0.004686958956092095,133525.35139704405,0.9951662193641726,0.9573140878469468,0.042685912153053174,0.0,0.004465753197998747,0.0,0.599099218462818,0.599099218462818
2012-03-13,163579.3053126209,0.0,1.0,0.9425882159757797,0.9619640108549805,0.0151277896131654,0.014540738051243212,135466.90855490867,0.7998579702665781,0.753936697227582,0.24606330277241795,0.18713627083892032,0.01549788396437913,24.987436322899253,2.0693604022543375,27.05679672515359
2012-03-14,163068.8620758227,-0.0031204634096146933,0.9875181463615412,1.0,0.9425882159757797,-0.0031204634096146,-0.0030327679885760067,135056.06885113197,1.0,1.0,0.0,0.5929822046853517,0.057411784024220314,80.32946609679867,7.77739689638322,88.10686299318189
2012-03-15,163944.91814576558,0.0,1.0,0.9875181463615412,1.0,0.0053723074950724,0.005359825641433942,135779.94583199156,1.0,0.9875181463615412,0.012481853638458773,0.0,0.012481853638458773,0.0,1.6857500843854403,1.6857500843854403
2012-03-16,164474.77837220626,0.0,1.0,1.0,0.9875181463615412,0.0032319405348666,0.0031791180725037342,136211.60631166963,1.0,1.0,0.0,0.0,0.012481853638458773,0.0,1.694785410912779,1.694785410912779
2012-03-19,165405.85706787262,0.0,1.0,1.0,1.0,0.0056609208103588,0.0056609208103586,136982.68942845173,1.0,1.0,0.0,0.0,0.0,0.0,0.0,0.0
2012-03-20,164402.92421132931,-0.006063466399087503,0.97574613440365,1.0,1.0,-0.0060634663990875,-0.0060634663990874,136152.09949384572,1.0,1.0,0.0,0.0,0.0,0.0,0.0,0.0
2012-03-21,164058.20604004318,-0.008147541155549609,0.9674098353778016,0.97574613440365,1.0,-0.0020967885634626,-0.0021210424290588497,135863.31511401382,1.0,0.97574613440365,0.02425386559635001,0.0,0.02425386559635001,0.0,3.3022147217846083,3.3022147217846083
2012-03-22,161659.10539991964,-0.02265186816459308,0.9093925273416277,0.9674098353778016,0.97574613440365,-0.0146234723518673,-0.014277132917919117,133923.5765054619,1.0,0.9674098353778016,0.032590164622198436,0.0,0.008336299025848426,0.0,1.1325972214334912,1.1325972214334912
2012-03-23,163072.83310312065,-0.014104844931788874,0.9435806202728445,0.9093925273416277,0.9674098353778016,0.0087451164578924,0.008402094364853023,135048.81503293943,1.0,0.9093925273416277,0.09060747265837232,0.0,0.05801730803617389,0.0,7.769885391423484,7.769885391423484
2012-03-26,165113.59446640956,-0.0017669422754669206,0.9929322308981323,0.9435806202728445,0.9093925273416277,0.0125144165613313,0.011346328811983867,136581.12329397193,1.0,0.9435806202728445,0.056419379727155494,0.0,0.03418809293121683,0.0,4.617061438596846,4.617061438596846
2012-03-27,164526.28014496234,-0.005317689098212286,0.9787292436071509,0.9929322308981323,0.9435806202728445,-0.0035570318927719,-0.003405697970337193,136115.9692395833,1.0,0.9929322308981323,0.0070677691018676825,0.0,0.04935161062528781,0.0,6.7404984155685295,6.7404984155685295
2012-03-28,162460.555046438,-0.01780651588550486,0.9287739364579806,0.9787292436071509,0.9929322308981323,-0.0125555935301292,-0.012481056481412423,134417.09813948185,1.0,0.9787292436071509,0.021270756392849144,0.0,0.014202987290981461,0.0,1.933253381209425,1.933253381209425
2012-03-29,162585.1721645076,-0.01705311379758212,0.9317875448096715,0.9287739364579806,0.9787292436071509,0.0007670607676673,0.0007007894977905667,134511.2962301815,1.0,0.9287739364579806,0.07122606354201944,0.0,0.04995530714917029,0.0,6.714847423657982,6.714847423657982
2012-03-30,163335.8401563483,-0.012514773951897706,0.9499409041924092,0.9317875448096715,0.9287739364579806,0.0046170753571623,0.004285205646043168,135087.70479624366,1.0,0.9317875448096715,0.06821245519032848,0.0,0.003013608351690955,0.0,0.40536436571605106,0.40536436571605106
2012-04-02,165110.25109062385,-0.0017871554398916079,0.9928513782404336,0.9499409041924092,0.9317875448096715,0.0108635736809326,0.01010438928863223,136452.68355361276,1.0,0.9499409041924092,0.050059095807590825,0.0,0.018153359382737655,0.0,2.4522956533553844,2.4522956533553844
2012-04-03,164023.64561384576,-0.008356484338155501,0.966574062647378,0.9928513782404336,0.9499409041924092,-0.0065810903296469,-0.006294557372364625,135593.77430837142,1.0,0.9928513782404336,0.007148621759566431,0.0,0.042910474048024394,0.0,5.855249336410585,5.855249336410585
2012-04-04,161926.56949640822,-0.021034851081704553,0.9158605956731818,0.966574062647378,0.9928513782404336,-0.012785206118236,-0.01272008683117189,133869.00972540263,1.0,0.966574062647378,0.033425937352622004,0.0,0.026277315593055572,0.0,3.5630403999546263,3.5630403999546263
2012-04-05,161427.10984671375,-0.0240544518295156,0.9037821926819376,0.9158605956731818,0.966574062647378,-0.0030844823752382,-0.003032094127572514,133463.10628715027,1.0,0.9158605956731818,0.08413940432681821,0.0,0.05071346697419621,0.0,6.788961603577557,6.788961603577557
2012-04-09,159261.96491086629,-0.03714434461946081,0.8514226215221568,0.9037821926819376,0.9158605956731818,-0.0134125236950808,-0.012286685783009291,131823.2870365757,0.6086697404408675,0.5501048726347931,0.44989512736520687,0.34928289750910874,0.007351758413620796,46.61638047454199,0.9811885145545236,47.597568989096516
2012-04-10,157137.50731239567,-0.04998825254467332,0.8000469898213067,0.8514226215221568,0.9037821926819376,-0.0133393908561884,-0.012087496585806951,130229.87350459123,0.603379058682889,0.5137305799153566,0.48626942008464336,0.0,0.03159266875942831,0.0,4.164649442125576,4.164649442125576
2012-04-11,158258.6761748778,-0.04320996257141041,0.8271601497143584,0.8000469898213067,0.8514226215221568,0.0071349538481171,0.006043717773018271,131016.94610566887,0.6061888828287813,0.48497959097030724,0.5150204090296928,0.0,0.031143336785361193,0.0,4.055792810068471,4.055792810068471
2012-04-12,160329.01462102385,-0.03069324470635615,0.8772270211745754,0.8271601497143584,0.8000469898213067,0.0130819901706893,0.010428426900048193,132383.24675079942,1.0,0.8271601497143584,0.17283985028564164,0.3254194431953288,0.02711315989305163,42.63546165085916,3.5522834084623285,46.18774505932149
2012-04-13,158642.0199029337,-0.04089236792965223,0.8364305282813911,0.8772270211745754,0.8271601497143584,-0.0105220799995419,-0.00875351213918767,131224.42839334122,1.0,0.8772270211745754,0.1227729788254246,0.0,0.050066871460217044,0.0,6.62801499855847,6.62801499855847
2012-04-16,158595.3192411991,-0.041174707760674445,0.8353011689573022,0.8364305282813911,0.8772270211745754,-0.0002943776293519,-0.00029903250378989713,131185.18802396036,1.0,0.8364305282813911,0.16356947171860892,0.0,0.04079649289318432,0.0,5.353496460361121,5.353496460361121
2012-04-17,160728.1481194721,-0.028280189295116998,0.886879242819532,0.8353011689573022,0.8364305282813911,0.0134482460672709,0.011247394203181367,132660.67954728432,1.0,0.8353011689573022,0.16469883104269778,0.0,0.0011293593240888633,0.0,0.14815521527721032,0.14815521527721032
2012-04-18,160457.22034238066,-0.02991814687348915,0.8803274125060434,0.886879242819532,0.8353011689573022,-0.0016856274414986,-0.0014595846461726006,132467.05005626628,1.0,0.886879242819532,0.11312075718046799,0.0,0.05157807386222979,0.0,6.842382328303428,6.842382328303428
2012-04-19,159808.7846998973,-0.03383841701372525,0.864646331945099,0.8803274125060434,0.886879242819532,-0.0040411745953203,-0.0035905856955126846,131991.4157612075,1.0,0.8803274125060434,0.1196725874939566,0.0,0.006551830313488605,0.0,0.8679016340970578,0.8679016340970578
2012-04-20,159735.939117986,-0.034278822107006945,0.8628847115719722,0.864646331945099,0.8803274125060434,-0.0004558296469627,-0.0004169604142151613,131936.38056581886,1.0,0.864646331945099,0.135353668054901,0.0,0.015681080560944416,0.0,2.069768023904603,2.069768023904603
2012-04-23,158177.54560840438,-0.043700456486871375,0.8251981740525145,0.8628847115719722,0.864646331945099,-0.0097560606472569,-0.008437303673257821,130823.19325743454,1.0,0.8628847115719722,0.13711528842802778,0.0,0.001761620373126771,0.0,0.2324218159613535,0.2324218159613535
2012-04-24,158299.51066045766,-0.04296308808761806,0.8281476476495278,0.8251981740525145,0.8628847115719722,0.0007710642593685,0.0006276530235291005,130905.3048302303,1.0,0.8251981740525145,0.1748018259474855,0.0,0.03768653751945772,0.0,4.930273181111575,4.930273181111575
2012-04-25,161141.29293656733,-0.02578242516258278,0.8968702993496689,0.8281476476495278,0.8251981740525145,0.017951933421987,0.014810953206939051,132844.13717461095,1.0,0.8281476476495278,0.17185235235047225,0.0,0.0029494735970132524,0.0,0.3861017403057357,0.3861017403057357
2012-04-26,161798.37670511575,-0.021809870742827364,0.9127605170286905,0.8968702993496689,0.8281476476495278,0.0040776870817778,0.0033082043129250113,133283.6127221588,1.0,0.8968702993496689,0.10312970065033111,0.0,0.06872265170014114,0.0,9.129401369456561,9.129401369456561
2012-04-27,162671.32479993947,-0.01653225778341738,0.9338709688663305,0.9127605170286905,0.8968702993496689,0.0053952833928285,0.0048229792139232825,133926.4368158744,1.0,0.9127605170286905,0.08723948297130946,0.0,0.015890217679021656,0.0,2.1179056192015238,2.1179056192015238
2012-04-30,162004.85004456955,-0.020561587622060506,0.917753649511758,0.9338709688663305,0.9127605170286905,-0.0040970635493967,-0.0037607482954844654,133422.77319689878,1.0,0.9338709688663305,0.06612903113366952,0.0,0.021110451837639932,0.0,2.827247594188244,2.827247594188244
2012-05-01,163269.16394380806,-0.01291788067207189,0.9483284773117124,0.917753649511758,0.9338709688663305,0.0078041731398206,0.0072719734119302834,134393.02005613263,1.0,0.917753649511758,0.08224635048824203,0.0,0.0161173193545725,0.0,2.150417444787114,2.150417444787114
2012-05-02,162447.79570184916,-0.017883655503260987,0.928465377986956,0.9483284773117124,0.917753649511758,-0.0050307616093483,-0.004647574654602911,133768.4184623642,1.0,0.9483284773117124,0.05167152268828756,0.0,0.030574827799954463,0.0,4.109043445732081,4.109043445732081
2012-05-03,160480.27578433938,-0.02977875977821076,0.880884960887157,0.928465377986956,0.9483284773117124,-0.0121117058499267,-0.011497335843736271,132230.43803001696,0.986219962775428,0.9156710905165695,0.08432890948343053,0.3799807312147072,0.01958938507666587,50.829421460764095,2.6204410603558324,53.449862521119925
2012-05-04,157554.7457274945,-0.0474657396028999,0.8101370415884004,0.880884960887157,0.928465377986956,-0.0182298419076518,-0.016972689640095216,129986.13184435962,0.9859640903616916,0.8685209391744,0.1314790608256,0.0,0.046912582664833294,0.0,6.203271354890287,6.203271354890287
2012-05-07,157624.15874419129,-0.04704608688970546,0.8118156524411781,0.8101370415884004,0.880884960887157,0.0004405644296925,0.000318331235228635,130027.51049027224,0.9859702713610882,0.7987710387345843,0.20122896126541567,0.0,0.06975534518922738,0.0,9.067227496615727,9.067227496615727
2012-05-08,157062.64110219467,-0.05044087382138107,0.7982365047144757,0.8118156524411781,0.8101370415884004,-0.0035623831173487,-0.0028876734958957636,129652.03349449216,0.9859201134108088,0.800385380123476,0.19961461987652396,0.0,0.0016549762023432657,0.0,0.2151924355113399,0.2151924355113399
2012-05-09,155902.63235155356,-0.05745397947074815,0.7701840821170074,0.7982365047144757,0.8118156524411781,-0.0073856439857415,-0.006009167923260518,128872.93265363155,0.9858153506405772,0.7869137997892096,0.2130862002107904,0.0,0.013386532277599358,0.0,1.7355911312304124,1.7355911312304124
2012-05-10,155870.42944090226,-0.057648669738808556,0.7694053210447658,0.7701840821170074,0.7982365047144757,-0.0002065578378348,-0.00019253643310476032,128848.11991885467,0.985812420084746,0.7592570339025159,0.24074296609748413,0.0,0.02765442661005026,0.0,3.5639070580918033,3.5639070580918033
2012-05-11,155301.81899801074,-0.06108633786599105,0.7556546485360358,0.7694053210447658,0.7701840821170074,-0.00364796866815,-0.0028103750721550705,128486.00837454067,0.9857604747427582,0.7584493545426926,0.24155064545730742,0.0,0.000767671884284077,0.0,0.09891307900456789,0.09891307900456789
2012-05-14,153125.06915063463,-0.07424639087719065,0.7030144364912374,0.7556546485360358,0.7694053210447658,-0.0140162546802107,-0.010797733018094247,127098.65075955176,0.9855580527317684,0.7447415239488844,0.2552584760511156,0.0,0.013552086021456166,0.0,1.7412534380453126,1.7412534380453126
2012-05-15,151216.1973242101,-0.08578692432783641,0.6568523026886544,0.7030144364912374,0.7556546485360358,-0.0124660960939498,-0.009471933850669918,125894.7807470479,0.9853757453682264,0.6927333743621767,0.30726662563782325,0.0,0.05187038817998472,0.0,6.59265635205026,6.59265635205026
2012-05-16,149864.43965318703,-0.09395929316038865,0.6241628273584454,0.6568523026886544,0.7030144364912374,-0.0089392386195567,-0.006329894758597258,125097.88003426242,0.9852438365016052,0.6471596827158834,0.3528403172841166,0.0,0.045480957808757355,0.0,5.725815211499243,5.725815211499243
2012-05-17,147061.92406314838,-0.11090256010219146,0.5563897595912342,0.6241628273584454,0.6568523026886544,-0.0187003374284397,-0.012315557612606842,123557.22988548547,0.9849626326582795,0.6147770616424096,0.38522293835759036,0.0,0.03219791168146048,0.0,4.027890492881119,4.027890492881119
2012-05-18,146258.37878594952,-0.1157605820092944,0.5369576719628224,0.5563897595912342,0.6241628273584454,-0.0054639926841554,-0.003477169462555334,123127.60045884975,0.9848800171827816,0.5479771559865384,0.4520228440134616,0.0,0.06674834014710085,0.0,8.24724000802992,8.24724000802992
2012-05-21,150122.41499099642,-0.09239964259914202,0.6304014296034319,0.5369576719628224,0.5563897595912342,0.0264192467954396,0.014680252535780968,124935.14472771039,0.9852691939824548,0.5290478526575054,0.4709521473424946,0.0,0.019145837315041683,0.0,2.357381007376589,2.357381007376589
2012-05-22,149321.60938612142,-0.09724110117304485,0.6110355953078206,0.6304014296034319,0.5369576719628224,-0.005334350669239,-0.0029563803904385576,124565.78891576077,0.9851901932800672,0.6210653062750358,0.37893469372496424,0.0,0.09205987365076786,0.0,11.501513638173414,11.501513638173414
2012-05-23,150663.41773021148,-0.08912888333580427,0.6434844666567829,0.6110355953078206,0.6304014296034319,0.0089860292130952,0.005645724078081843,125269.05298954775,0.9853220894133856,0.6020668694746537,0.3979331305253463,0.0,0.019081584311385166,0.0,2.376912603510297,2.376912603510297
2012-05-24,151248.20689511875,-0.08559340294064932,0.6576263882374027,0.6434844666567829,0.6110355953078206,0.0038814277129597,0.0023397160620110624,125562.14700490031,0.9853788403875012,0.6340759775616305,0.3659240224383695,0.0,0.031974431221723734,0.0,4.00540671902476,4.00540671902476
2012-05-25,150722.99881761224,-0.08876867186290394,0.6449253125483843,0.6576263882374027,0.6434844666567829,-0.0034724912664301,-0.002248428620323716,125279.8294799452,0.9853278916192892,0.6479776225951682,0.3520223774048318,0.0,0.013934429774477411,0.0,1.7496369197723924,1.7496369197723924
2012-05-29,153194.85788569355,-0.07382446667029707,0.7047021333188117,0.6449253125483843,0.6576263882374027,0.0164000125227901,0.01077256327142517,126629.41436965125,0.9855646318379184,0.6356155782247028,0.3643844217752972,0.0,0.012517730985393015,0.0,1.5682192033258633,1.5682192033258633
2012-05-30,150061.66794658045,-0.09276690313932379,0.6289323874427049,0.7047021333188117,0.6449253125483843,-0.02045231793257,-0.013249113438557869,124951.68689400959,0.9852632307478748,0.6943171005886121,0.30568289941138793,0.0,0.05889590355610802,0.0,7.457953776081419,7.457953776081419
2012-05-31,149401.52813272172,-0.0967579335995562,0.6129682656017752,0.6289323874427049,0.7047021333188117,-0.004399123526294,-0.003174719944555977,124555.00028152126,0.9851981154292262,0.6196230028409567,0.3803769971590433,0.0,0.07464821084369186,0.0,9.327419868538998,9.327419868538998
2012-06-01,145893.12223530715,-0.1179688263672466,0.5281246945310136,0.6129682656017752,0.6289323874427049,-0.0234830656771988,-0.014784982701117775,122713.45675702125,0.9848421629461668,0.6036769925126128,0.39632300748738725,0.0,0.015722140283357305,0.0,1.9582711874196859,1.9582711874196859
2012-06-04,145850.6943075281,-0.11822533438051275,0.527098662477949,0.5281246945310136,0.6129682656017752,-0.0002908151332221,-0.00022755858549861356,122685.53225637999,0.7830142211591288,0.41352914636310445,0.5864708536368956,0.10666365764213762,0.06643372272233156,13.089066139614182,8.152311760494774,21.241377900108958
2012-06-05,147017.1711396813,-0.11117312442355476,0.555307502305781,0.527098662477949,0.5281246945310136,0.0079977461724911,0.004223002090149033,123203.63351552973,0.7847358491972858,0.4136332165103868,0.5863667834896131,0.0,0.0008051641344652979,0.0,0.09878199039062258,0.09878199039062258
2012-06-06,150066.60909752062,-0.09273703024952562,0.6290518790018975,0.555307502305781,0.527098662477949,0.020742053014624,0.010910848519568505,124547.88969787811,0.7891101378972674,0.43819877971990195,0.561801220280098,0.0,0.0222598814864624,0.0,2.7424982807572387,2.7424982807572387
2012-06-07,149987.9941625984,-0.09321231532295537,0.6271507387081785,0.6290518790018975,0.555307502305781,-0.0005238669374553,-0.0003490915244245694,124504.41108519962,0.788999601764842,0.49632168202192267,0.5036783179780773,0.0,0.058184283845632456,0.0,7.2467297665558625,7.2467297665558625
2012-06-08,150763.89544934122,-0.08852142165995502,0.6459143133601799,0.6271507387081785,0.6290518790018975,0.0051730892934116,0.003252641063913236,124909.3792453337,0.9903255561846358,0.6210834041227821,0.37891659587721793,0.1261042299419774,0.0018827478187623072,15.700532884278495,0.2344104083969452,15.93494329267544
2012-06-11,147856.61825758973,-0.10609804949701229,0.5756078020119508,0.6459143133601799,0.6271507387081785,-0.0192836433622689,-0.012112260689423176,123396.44428136018,0.7893013578224647,0.5098210445721549,0.49017895542784506,0.12734738037494353,0.014810114950427887,15.906882231153592,1.8499222650099834,17.756804496163575
2012-06-12,149603.5844664084,-0.09553635452570408,0.6178545818971837,0.5756078020119508,0.6459143133601799,0.0118152723185862,0.007575987500399531,124331.2942008295,0.7917617494597436,0.45574424032365995,0.54425575967634,0.0,0.05566600642348517,0.0,6.8689872600014255,6.8689872600014255
2012-06-13,148455.8668541259,-0.10247515120816719,0.5900993951673312,0.6178545818971837,0.5756078020119508,-0.0076717253558867,-0.004449286341112984,123778.10867176886,0.7901518521026336,0.488198942216158,0.511801057783842,0.0,0.03338137137168902,0.0,4.150349104840616,4.150349104840616
2012-06-14,149611.08708755326,-0.09549099566551711,0.6180360173379316,0.5900993951673312,0.6178545818971837,0.0077815734595554,0.004785905031316965,124370.498944828,0.7917721920862367,0.4672242916604003,0.5327757083395996,0.0,0.0219757850388581,0.0,2.72012110868721,2.72012110868721
2012-06-15,151248.84851017475,-0.08558952390596841,0.6576419043761264,0.6180360173379316,0.5900993951673312,0.0109467918087051,0.006426269146626312,125169.73724494767,0.994266984342009,0.6144928071733308,0.38550719282666923,0.12498530285057233,0.027776461078264904,15.544484476296116,3.454572323225401,18.99905679952152
2012-06-18,151277.7996133581,-0.08541449320453753,0.6583420271818499,0.6576419043761264,0.6180360173379316,0.0001914137097143,7.892169749380728e-05,125179.6158530859,0.994268081509791,0.6538723545844966,0.34612764541550345,0.0,0.03937886932195943,0.0,4.929042726032793,4.929042726032793
2012-06-19,154431.4025607865,-0.06634864509412675,0.734605419623493,0.6583420271818499,0.6576419043761264,0.0208464358649351,0.013708793589962394,126895.67736848666,0.9943851315057464,0.6546455232749834,0.3453544767250166,0.0,0.0006961917082395477,0.0,0.08714901059753023,0.08714901059753023
2012-06-20,153818.5977530552,-0.07005350064515992,0.7197859974193603,0.734605419623493,0.6583420271818499,-0.0039681359980532,-0.0026882241746530628,126554.55334092572,0.9943627621794212,0.7304642741687893,0.26953572583121066,0.0,0.07583347756144548,0.0,9.622940502367559,9.622940502367559
2012-06-21,149017.3051687366,-0.09908084386885485,0.6036766245245806,0.7197859974193603,0.734605419623493,-0.0312139926800445,-0.022944701380792312,123650.79690613862,0.9941811320787202,0.7155976577687904,0.28440234223120964,0.0,0.014733189943657151,0.0,1.8645522726065493,1.8645522726065493
2012-06-22,149788.0192248984,-0.09442131082798122,0.6223147566880751,0.6036766245245806,0.7197859974193603,0.0051719768740219,0.0036072793087704273,124096.83986733112,0.9942110722790184,0.6001819841783617,0.39981801582163834,0.0,0.11543722412736336,0.0,14.273904755981013,14.273904755981013
2012-06-25,146991.43948244202,-0.11132869120755762,0.5546852351697695,0.6223147566880751,0.6036766245245806,-0.0186702498432632,-0.011289321589027061,122695.87073388681,0.9941009352666044,0.6186436816538248,0.3813563183461752,0.0,0.018528184615352487,0.0,2.2992891592437457,2.2992891592437457
2012-06-26,147669.5646506652,-0.1072289260587036,0.5710842957651856,0.5546852351697695,0.6223147566880751,0.0046133650409225,0.0028037327403077224,123039.87716376397,0.9941280248315676,0.5514281372425566,0.44857186275744343,0.0,0.06723240264729713,0.0,8.2491381843414,8.2491381843414
2012-06-27,149467.7474596395,-0.09635758908883785,0.6145696436446486,0.5710842957651856,0.5546852351697695,0.012177071241648,0.006738095562599328,123868.93161410389,0.799390470468016,0.45651934386862736,0.5434806561313726,0.1127193440178015,0.013109252764603155,13.868974241930355,1.6129608498655055,15.48193509179586
2012-06-28,149576.19880917974,-0.09570192095553998,0.6171923161778401,0.6145696436446486,0.5710842957651856,0.0007255836217745,0.0003796013138660676,123915.95242329179,0.7995359239183749,0.4913705078436106,0.5086294921563894,0.0,0.0347680977937184,0.0,4.306687127962581,4.306687127962581
2012-06-29,153084.02349469476,-0.07449454204104589,0.7020218318358165,0.6171923161778401,0.6145696436446486,0.0234517571207306,0.014409590117595385,125701.53050674287,1.0,0.6171923161778401,0.3828076838221599,0.1236012861411278,0.0026226725331914835,15.31617109292167,0.32499096484483003,15.641162057766499
2012-07-02,154188.78277802485,-0.06781546003685324,0.728738159852587,0.7020218318358165,0.6171923161778401,0.007216685700506,0.004369253446964759,126250.75235219821,1.0,0.7020218318358165,0.29797816816418354,0.0,0.08482951565797636,0.0,10.663199950353338,10.663199950353338
2012-07-03,156647.34326039985,-0.05295165457096729,0.7881933817161308,0.728738159852587,0.7020218318358165,0.0159451319225629,0.011167114393124589,127660.60894593326,1.0,0.728738159852587,0.27126184014741295,0.0,0.026716328016770596,0.0,3.3729565122053993,3.3729565122053993
2012-07-05,156030.3531072243,-0.056681813611964005,0.773272745552144,0.7881933817161308,0.728738159852587,-0.0039387208256055,-0.0029297513884882853,127286.59509961864,1.0,0.7881933817161308,0.21180661828386915,0.0,0.059455221863543795,0.0,7.590089828115566,7.590089828115566
2012-07-06,153973.2705828201,-0.06911838968532569,0.7235264412586973,0.773272745552144,0.7881933817161308,-0.0131838612387846,-0.010406352810037997,125962.00588302355,1.0,0.773272745552144,0.22672725444785602,0.0,0.014920636163986867,0.0,1.8991969740341235,1.8991969740341235
2012-07-09,153174.14259927662,-0.0739497058050178,0.7042011767799288,0.7235264412586973,0.773272745552144,-0.0051900435739179,-0.004063065548232126,125450.21399653402,1.0,0.7235264412586973,0.27647355874130275,0.0,0.04974630429344673,0.0,6.266144274069816,6.266144274069816
2012-07-10,151003.06439835223,-0.0870754695440461,0.6516981218238156,0.7042011767799288,0.7235264412586973,-0.0141739210292445,-0.010259651084557696,124163.13857244648,0.6124350680248632,0.4312774956044044,0.5687225043955956,0.2693246070786104,0.011835469665653046,33.786829592544116,1.4847622023056615,35.271591794849776
2012-07-11,150719.20156405773,-0.08879162905209803,0.6448334837916079,0.6516981218238156,0.7042011767799288,-0.0018798481701381,-0.001355907681774271,123994.7848190629,0.6117051326289618,0.3986470860442824,0.6013529139557177,0.0,0.03211638819535488,0.0,3.987671557946332,3.987671557946332
2012-07-12,150290.46342306724,-0.09138366629062555,0.6344653348374978,0.6448334837916079,0.6516981218238156,-0.0028446152616345,-0.0018580219536736124,123764.39978672804,0.6105974321415117,0.3937336693620209,0.6062663306379791,0.0,0.004191530355046991,0.0,0.5197279044366219,0.5197279044366219
2012-07-13,151584.17453615175,-0.08356223157230325,0.665751073710787,0.6344653348374978,0.6448334837916079,0.0086080718870547,0.0055444077610526795,124450.6000854476,0.6139208293961639,0.3895114845865515,0.6104885154134485,0.0,0.0063652226052102355,0.0,0.7877879552427581,0.7877879552427581
2012-07-16,151115.2276736522,-0.08639736009080023,0.6544105596367991,0.665751073710787,0.6344653348374978,-0.0030936399788072,-0.002006159769304392,124200.93229829037,1.0,0.665751073710787,0.334248926289213,0.2567758465203536,0.031285738873289226,31.955908186906797,3.8935289768974597,35.849437163804254
2012-07-17,152151.2345762549,-0.08013393676971681,0.6794642529211328,0.6544105596367991,0.665751073710787,0.006855741268114,0.0045528765962562605,124766.40381618447,1.0,0.6544105596367991,0.34558944036320094,0.0,0.01134051407398795,0.0,1.4085024207311867,1.4085024207311867
2012-07-18,153456.36803261982,-0.07224344558941131,0.7110262176423547,0.6794642529211328,0.6544105596367991,0.0085778696439746,0.005588394780920595,125463.64773610505,1.0,0.6794642529211328,0.32053574707886723,0.0,0.02505369328433371,0.0,3.1258592134000085,3.1258592134000085
2012-07-19,154164.46328177676,-0.06796248926954906,0.7281500429218037,0.7110262176423547,0.6794642529211328,0.0046143099711992,0.003103696712606108,125853.04884713517,1.0,0.7110262176423547,0.28897378235764526,0.0,0.03156196472122197,0.0,3.959879223642768,3.959879223642768
2012-07-20,152236.00796005226,-0.07962141934560552,0.6815143226175779,0.7281500429218037,0.7110262176423547,-0.012509078166735,-0.008911406360365668,124731.5211871674,1.0,0.7281500429218037,0.27184995707819626,0.0,0.017123825279449,0.0,2.1550856193443035,2.1550856193443035
2012-07-23,149817.4960181528,-0.09424310194362284,0.6230275922255086,0.6815143226175779,0.7281500429218037,-0.015886595913196,-0.011614461216379317,123282.83177187905,1.0,0.6815143226175779,0.31848567738242206,0.0,0.0466357203042258,0.0,5.816944335205354,5.816944335205354
2012-07-24,148055.849797078,-0.10489354838066722,0.5804258064773311,0.6230275922255086,0.6815143226175779,-0.0117586147672722,-0.008072151108430565,122287.67412474121,1.0,0.6230275922255086,0.37697240777449137,0.0,0.05848673039206931,0.0,7.210409743812726,7.210409743812726
2012-07-25,148253.85804133856,-0.10369644298324887,0.5852142280670045,0.5804258064773311,0.6230275922255086,0.0013373888605681,0.0007906283759208445,122384.35822992961,1.0,0.5804258064773311,0.4195741935226689,0.0,0.04260178574817752,0.0,5.209673292705178,5.209673292705178
2012-07-26,150311.48247022374,-0.09125659069893188,0.6349736372042725,0.5852142280670045,0.5804258064773311,0.0138790616046662,0.008050977103447094,123369.67189585886,1.0,0.5852142280670045,0.4147857719329955,0.0,0.004788421589673408,0.0,0.5860279031865194,0.5860279031865194
2012-07-27,154033.79600064328,-0.06875246904082077,0.7249901238367169,0.6349736372042725,0.5852142280670045,0.0247639998571427,0.014442485651111907,125151.43661199717,1.0,0.6349736372042725,0.36502636279572753,0.0,0.04975940913726795,0.0,6.138801978996549,6.138801978996549
2012-07-30,153665.41356289427,-0.07097961168425115,0.7160815532629954,0.7249901238367169,0.6349736372042725,-0.0023915689109387,-0.001608599696635661,124950.1180490296,1.0,0.7249901238367169,0.2750098761632831,0.0,0.09001648663244444,0.0,11.265692620815061,11.265692620815061
2012-07-31,152190.32767348335,-0.0798975902586474,0.6804096389654104,0.7160815532629954,0.7249901238367169,-0.0095993356944122,-0.006964680995861982,124079.88033642281,0.7941908361724748,0.5687054075536229,0.43129459244637713,0.14610754015351315,0.007075105113045397,18.256154390034805,0.8840352190843153,19.14018960911912
2012-08-01,151611.3560550906,-0.0833978993084965,0.666408402766014,0.6804096389654104,0.7160815532629954,-0.0038042602788456,-0.0027524628808965447,123738.35507153072,0.793404894619271,0.5398403379012877,0.4601596620987123,0.0,0.02830227140414308,0.0,3.5117424490750344,3.5117424490750344
2012-08-02,150607.9924313469,-0.08946397001197826,0.642144119952087,0.666408402766014,0.6804096389654104,-0.006617997819234,-0.004514038885523317,123179.79532510714,0.7920285399501985,0.5278144742533099,0.47218552574669015,0.0,0.01108937866450581,0.0,1.372181474711277,1.372181474711277
2012-08-03,153419.40003046117,-0.07246694433857281,0.7101322226457087,0.642144119952087,0.666408402766014,0.0186670544751854,0.012420571479709602,124709.75877779863,0.7958396130157092,0.511043727922982,0.488956272077018,0.0,0.01931047744473939,0.0,2.378660659273096,2.378660659273096
2012-08-06,154331.22128281766,-0.06695431456523693,0.7321827417390523,0.7101322226457087,0.642144119952087,0.0059433243264896,0.003734986022322708,125175.54798368095,0.9972858834487084,0.7082048410266205,0.2917951589733795,0.14289913357863235,0.06780357505881009,17.82091647814767,8.45576748985657,26.27668396800424
2012-08-07,155578.2778582562,-0.059414940823914075,0.7623402367043437,0.7321827417390523,0.7101322226457087,0.0080803907665141,0.005716154703739748,125891.07078108106,0.9973076387794548,0.7302114413188416,0.26978855868115836,0.0,0.021991151130843736,0.0,2.75275439359531,2.75275439359531
2012-08-08,155918.79741961943,-0.057356249750940114,0.7705750009962395,0.7623402367043437,0.7321827417390523,0.0021887346103257,0.0015724772305061132,126089.03162340834,0.9973135187738944,0.7602922239705325,0.23970777602946747,0.0,0.03007647742124078,0.0,3.7863599478830094,3.7863599478830094
2012-08-09,156409.8931977458,-0.054387214755251434,0.7824511409789943,0.7705750009962395,0.7623402367043437,0.0031496893655786,0.0023929222252877707,126390.75286954502,0.9973219537875704,0.7685113655334286,0.23148863446657142,0.0,0.008212711212573684,0.0,1.0355328037961236,1.0355328037961236
2012-08-10,156586.7938159457,-0.05331772047411898,0.7867291181035241,0.7824511409789943,0.7705750009962395,0.0011310065788245,0.0008596810245424515,126499.4086014646,0.9973249792536328,0.7803580679438568,0.21964193205614324,0.0,0.01184437106191409,0.0,1.4970189757815742,1.4970189757815742
2012-08-13,156013.25307052766,-0.05678519590446429,0.7728592163821428,0.7867291181035241,0.7824511409789943,-0.0036627657508091,-0.002870201732236574,126136.32977976976,0.997315145259644,0.7846168647014078,0.2153831352985922,0.0,0.004266491377367891,0.0,0.5397086360402864,0.5397086360402864
2012-08-14,155231.9076324655,-0.0615090034643232,0.7539639861427072,0.7728592163821428,0.7867291181035241,-0.0050081991284992,-0.003953928559263762,125637.59574309281,0.9973016312918314,0.7707737572568375,0.2292262427431625,0.0,0.0138324756125909,0.0,1.7447777055403886,1.7447777055403886
2012-08-15,156037.0699611581,-0.05664120529220529,0.7734351788311788,0.7539639861427072,0.7728592163821428,0.0051868352387896,0.003989848911119883,126138.8707676641,0.9973155550654148,0.7519400113392467,0.2480599886607533,0.0,0.018844507034331548,0.0,2.367578556757216,2.367578556757216
2012-08-16,158010.24428850153,-0.044711915953111525,0.8211523361875539,0.7734351788311788,0.7539639861427072,0.0126455484445755,0.009514868536168295,127339.06554031915,0.9973490774351316,0.7713848620631523,0.22861513793684773,0.0,0.019419576064408868,0.0,2.449563395551293,2.449563395551293
2012-08-17,158484.5392241955,-0.041844454400650655,0.8326221823973974,0.8211523361875539,0.7734351788311788,0.0030016720613885,0.0022740077261666175,127628.63555920067,0.997357010821906,0.8189820394494436,0.1810179605505564,0.0,0.04759104142587274,0.0,6.060198743261252,6.060198743261252
2012-08-20,158222.941564138,-0.0434260045627477,0.8262959817490092,0.8326221823973974,0.8211523361875539,-0.0016506194316371,-0.0013668494838550023,127454.18642456146,0.9973526410397636,0.8304179326023361,0.1695820673976639,0.0,0.01143948140970732,0.0,1.4600054038257868,1.4600054038257868
2012-08-21,157849.33184477908,-0.04568474996621674,0.817261000135133,0.8262959817490092,0.8326221823973974,-0.0023612866482289,-0.0019723690555987386,127202.79973125114,0.9973463750706486,0.8241033021328171,0.17589669786718287,0.0,0.006309413284639538,0.0,0.8041611370100523,0.8041611370100523
2012-08-22,157774.9794750057,-0.04613426469980242,0.8154629412007903,0.817261000135133,0.8262959817490092,-0.0004710337947232,-0.00039822432671070946,127152.14448197246,0.9973451245345836,0.8150912739570326,0.18490872604296738,0.0,0.009010994862859,0.0,1.1462237749195865,1.1462237749195865
2012-08-23,156041.08556205253,-0.056616928032828695,0.7735322878686852,0.8154629412007903,0.817261000135133,-0.0109896633719914,-0.008983216510810488,126009.90923827705,0.997315624147602,0.8132739321729054,0.18672606782709456,0.0,0.0017932322683581676,0.0,0.22801332847601294,0.22801332847601294
2012-08-24,156343.07054474409,-0.054791206815667404,0.7808351727373304,0.7735322878686852,0.8154629412007903,0.0019352914753434,0.0015363401654542017,126203.50332308505,0.99732080916279,0.7714598472507413,0.22854015274925865,0.0,0.0418183131098995,0.0,5.269521839476288,5.269521839476288
2012-08-27,155945.10030811746,-0.05719722945405159,0.7712110821837936,0.7808351727373304,0.7735322878686852,-0.0025454932875501,-0.0019763045155876593,125954.08676958467,0.9973139718962818,0.7787378275189862,0.22126217248101376,0.0,0.007283269114649766,0.0,0.9191740779136244,0.9191740779136244
2012-08-28,155975.62527388055,-0.05701268359634004,0.7719492656146398,0.7712110821837936,0.7808351727373304,0.0001957417431055,0.00014324379275496132,125972.12891068652,0.9973144975612104,0.7691399929417675,0.2308600070582325,0.0,0.00959824503488409,0.0,1.208938187959526,1.208938187959526
2012-08-29,155729.16536306473,-0.05850271493612924,0.765989140255483,0.7719492656146398,0.7712110821837936,-0.0015801181138594,-0.0012193407984678693,125818.52595443589,0.9973102474344596,0.7698729130969858,0.2301270869030142,0.0,0.0007361979000692374,0.0,0.0927404167712987,0.0927404167712987
2012-08-30,154342.1670568858,-0.0668881393144799,0.7324474427420804,0.765989140255483,0.7719492656146398,-0.0089064774921595,-0.006881292709317181,124952.7318490886,0.997286075930822,0.7639103038910147,0.23608969610898534,0.0,0.005943950031489264,0.0,0.747859031308802,0.747859031308802
2012-08-31,155302.9921540493,-0.06107924527532127,0.7556830188987149,0.7324474427420804,0.765989140255483,0.0062252922547689,0.004735055030996318,125544.38991066736,0.9973028663758824,0.7304719341163618,0.2695280658836382,0.0,0.033451231073229254,0.0,4.1798227063151145,4.1798227063151145
2012-09-04,154810.809921278,-0.06405484868801858,0.7437806052479257,0.7556830188987149,0.7324474427420804,-0.003169174179742,-0.002344426231017465,125250.06034980371,0.997294291514412,0.7536383609420659,0.24636163905793407,0.0,0.023172707461059986,0.0,2.9092034207771458,2.9092034207771458
2012-09-05,155168.634229017,-0.061891537702046806,0.7524338491918128,0.7437806052479257,0.7556830188987149,0.0023113651296116,0.001734789095468321,125467.34278870531,0.9973005309729894,0.7417727925411677,0.2582272074588323,0.0,0.011870283453792284,0.0,1.4867537189567601,1.4867537189567601
2012-09-06,158675.8941360859,-0.040687573288442525,0.8372497068462299,0.7524338491918128,0.7437806052479257,0.0226028921662897,0.01680296241470236,127575.5658338565,0.9973601981299974,0.750447572909663,0.24955242709033698,0.0,0.00863040109434245,0.0,1.0828334925078817,1.0828334925078817
2012-09-07,160903.72968344635,-0.027218669666448814,0.8911253213342047,0.8372497068462299,0.7524338491918128,0.014040163816249,0.01047969944292248,128912.51942005607,0.997396748211562,0.8350701350495132,0.16492986495048678,0.0,0.08459506062129037,0.0,10.79226272551051,10.79226272551051
2012-09-10,159668.46155455362,-0.03468677358241745,0.8612529056703302,0.8911253213342047,0.8372497068462299,-0.0076770633677847,-0.0064813533317639865,128076.99183280679,0.9973766082669892,0.88878755053314,0.11121244946686004,0.0,0.05373427764631621,0.0,6.927021110603423,6.927021110603423
2012-09-11,160520.6741653223,-0.029534521867298436,0.8818619125308063,0.8612529056703302,0.8911253213342047,0.0053373885015952,0.004726487578899197,128682.34614384733,0.9973905359901905,0.8590054972096396,0.1409945027903604,0.0,0.0297944646703136,0.0,3.815985408242605,3.815985408242605
2012-09-12,160897.07490104018,-0.027258902718192868,0.8909643891272285,0.8818619125308063,0.8612529056703302,0.0023448738779294,0.0019989598329787626,128939.57698500236,0.7908331460239217,0.6974056306454101,0.30259436935458994,0.1827703920721104,0.016298285731898874,23.51932285747,2.097301646103539,25.61662450357354
2012-09-13,163417.15521069558,-0.012023164671617459,0.9519073413135302,0.8909643891272285,0.8818619125308063,0.0156626856716033,0.013805098040638576,130719.60048659879,0.7940587392577414,0.7074780595539109,0.29252194044608915,0.0,0.007227901090278165,0.0,0.9319625090699041,0.9319625090699041
2012-09-14,164668.86289040092,-0.004455671585857357,0.9821773136565706,0.9519073413135302,0.8909643891272285,0.0076595855440728,0.006775930269285625,131605.34738432485,0.7956241733848408,0.757360491571539,0.24263950842846105,0.0,0.048487685956858116,0.0,6.33829093680016,6.33829093680016
2012-09-17,163514.81047305578,-0.011432766821799278,0.9542689327128029,0.9821773136565706,0.9519073413135302,-0.0070083220172185,-0.0066953130375634285,130724.20838616951,0.79418173269051,0.7800272807690857,0.21997271923091433,0.0,0.024039859083889645,0.0,3.1637740058055144,3.1637740058055144
2012-09-18,163299.59976483724,-0.0127338737598095,0.949064504960762,0.9542689327128029,0.9821773136565706,-0.0013161542223357,-0.0013148665053699176,130552.32350312153,0.9941505351175398,0.9486869701024766,0.0513130298975234,0.19064072166988777,0.027745131849510794,24.92135742646415,3.626960397597198,28.54831782406135
2012-09-19,163406.72112330014,-0.012086246400284106,0.9516550143988636,0.949064504960762,0.9542689327128029,0.0006559805328192,0.0006229316486222937,130633.64867723282,0.7902845511461938,0.7500310163117004,0.24996898368829956,0.19380633758762458,0.004112978849994425,25.301867681694752,0.536958945385969,25.83882662708072
2012-09-20,162631.8272766929,-0.016771049347070188,0.9329158026117192,0.9516550143988636,0.949064504960762,-0.0047421173454825,-0.004502619902020352,130045.45501082516,0.7892853173948643,0.7511273300902211,0.24887266990977885,0.0,0.002044651064066392,0.0,0.2671002287707793,0.2671002287707793
2012-09-21,162456.50840244096,-0.017830980823257292,0.9286760767069708,0.9329158026117192,0.9516550143988636,-0.001078010849338,-0.0010406807538156308,129910.11920867421,0.7890579195435502,0.7361246023181045,0.2638753976818955,0.0,0.014786323466650077,0.0,1.922894163157751,1.922894163157751
2012-09-24,162307.72362073022,-0.01873049420415096,0.9250780231833962,0.9286760767069708,0.9329158026117192,-0.0009158437736589,-0.000857749698648148,129798.68884307162,0.7888645524585207,0.7325996376303794,0.2674003623696206,0.0,0.003344569478396155,0.0,0.4344934196401379,0.4344934196401379
2012-09-25,160657.17002809283,-0.02870930403529315,0.8851627838588274,0.9250780231833962,0.9286760767069708,-0.0101692855756777,-0.009446810842623802,128572.50518195053,0.9869354450459789,0.9129922905127594,0.08700770948724057,0.1831707622696261,0.003551046555588423,23.775324776983442,0.46092118693608297,24.236245963919526
2012-09-26,159770.4252236851,-0.03407032824644829,0.8637186870142068,0.8851627838588274,0.9250780231833962,-0.0055194847777579,-0.005114731937984707,127914.8912833497,0.6025184629778673,0.5333269200158308,0.4666730799841692,0.33866832163690475,0.02404966864723289,43.54343453862342,3.0921261467705436,46.63556068539397
2012-09-27,160847.8283894362,-0.027556634083193754,0.889773463667225,0.8637186870142068,0.8851627838588274,0.0067434455672426,0.005956069493185659,128676.76126504662,0.6051809040602449,0.5227060558609854,0.4772939441390146,0.0,0.012977557915182918,0.0,1.6600229098439974,1.6600229098439974
2012-09-28,159905.03285602806,-0.033256526155463484,0.8669738953781461,0.889773463667225,0.8637186870142068,-0.0058614128822771,-0.005078319040610605,128023.29961823023,0.6028530618809972,0.5364026569522468,0.46359734304775324,0.0,0.015707201881897507,0.0,2.0211518666988164,2.0211518666988164
2012-10-01,160055.83177237754,-0.032344835850037335,0.8706206565998507,0.8669738953781461,0.889773463667225,0.0009430529712297,0.00082535018798945,128128.96367263715,0.6032272396115846,0.5229822697242619,0.4770177302757381,0.0,0.013753320643356897,0.0,1.760745489470071,1.760745489470071
2012-10-02,159624.7397099952,-0.034951104273805766,0.8601955829047769,0.8706206565998507,0.8669738953781461,-0.0026933855368382,-0.002340187201875961,127829.11791166081,1.0,0.8706206565998507,0.12937934340014934,0.34509346770259486,0.0036467612217045975,44.21646838693015,0.46725573609857024,44.683724123028725
2012-10-03,158343.35054256095,-0.04269804377249864,0.8292078249100054,0.8601955829047769,0.8706206565998507,-0.008027509831886,-0.0069993409543935075,126934.39833149774,1.0,0.8601955829047769,0.13980441709522307,0.0,0.010425073695073728,0.0,1.332627974605333,1.332627974605333
2012-10-04,160752.9484433306,-0.028130253106047887,0.8874789875758085,0.8292078249100054,0.8601955829047769,0.0152175502950593,0.01305908178844661,128592.04502107602,1.0,0.8292078249100054,0.17079217508999456,0.0,0.030987757994771492,0.0,3.9334124167083777,3.9334124167083777
2012-10-05,160566.03644581666,-0.02926027353475147,0.8829589058609941,0.8874789875758085,0.8292078249100054,-0.00116272826921,-0.0010224145417388024,128460.57064429455,1.0,0.8874789875758085,0.11252101242419155,0.0,0.05827116266580301,0.0,7.493207972951385,7.493207972951385
2012-10-08,160051.89384688958,-0.032368643504480654,0.8705254259820774,0.8829589058609941,0.8874789875758085,-0.0032020632152838,-0.0028462839021687076,128094.9353900063,1.0,0.8829589058609941,0.11704109413900587,0.0,0.004520081714814328,0.0,0.5806522764438901,0.5806522764438901
2012-10-09,159375.38934974503,-0.036458610505267997,0.854165557978928,0.8705254259820774,0.8829589058609941,-0.004226782207224,-0.0037445084728821377,127615.28281910512,1.0,0.8705254259820774,0.12947457401792262,0.0,0.012433479878916742,0.0,1.5926658017627835,1.5926658017627835
2012-10-10,157837.59210613536,-0.04575572531649652,0.8169770987340139,0.854165557978928,0.8705254259820774,-0.0096489003094136,-0.008409385480913401,126542.11671262348,0.7977954729936956,0.6814494153427227,0.31855058465727726,0.1712208426367187,0.013051828631686977,21.850396257610353,1.6656128021392274,23.516009059749578
2012-10-11,158594.35665189658,-0.04118052732063182,0.8352778907174727,0.8169770987340139,0.854165557978928,0.0047945773605844,0.004080287798859484,127058.44496748784,0.6026334587012208,0.49233773468976755,0.5076622653102325,0.16116056533028358,0.02241100981853197,20.393599067497128,2.835936620104423,23.22953568760155
2012-10-12,158391.74014638155,-0.042405493044982756,0.830378027820069,0.8352778907174727,0.8169770987340139,-0.0012775770197155,-0.0010547705339651367,126924.4274636447,0.6021251429271018,0.5029418193321065,0.49705818066789353,0.0,0.011019366988719288,0.0,1.4001036341127417,1.4001036341127417
2012-10-15,158826.93963205128,-0.03977439222797141,0.8409024310881144,0.830378027820069,0.8352778907174727,0.0027476147762979,0.002292066202316593,127215.34665408252,0.6032153542826828,0.5008967762400384,0.49910322375996163,0.0,0.0029556725335939693,0.0,0.3751470440964347,0.3751470440964347
2012-10-16,159564.93637407644,-0.03531265940237793,0.8587493623904883,0.8409024310881144,0.830378027820069,0.0046465463839753,0.0038436938693593983,127704.32350210524,1.0,0.8409024310881144,0.15909756891188565,0.33332384935277537,0.01052440326804538,42.403909043486514,1.3388656100717518,43.742774653558264
2012-10-17,160376.98763030075,-0.030403212599106055,0.8783871496035758,0.8587493623904883,0.8409024310881144,0.0050891585249066,0.004261638844484388,128248.55320775042,1.0,0.8587493623904883,0.14125063760951173,0.0,0.017846931302373914,0.0,2.279130288558207,2.279130288558207
2012-10-18,160567.33335252415,-0.029252432780315862,0.8829902688787366,0.8783871496035758,0.8587493623904883,0.001186864306631,0.0009995811793503126,128376.7480478158,1.0,0.8783871496035758,0.12161285039642422,0.0,0.01963778721308751,0.0,2.5185177982801346,2.5185177982801346
2012-10-19,157730.26712614234,-0.04640458371785883,0.8143816651285647,0.8829902688787366,0.8783871496035758,-0.0176690125391386,-0.015524836679839043,126383.72000088463,1.0,0.8829902688787366,0.11700973112126345,0.0,0.004603119275160772,0.0,0.5909334834213589,0.5909334834213589
2012-10-22,157576.30654032252,-0.0473353886394563,0.8106584454421748,0.8143816651285647,0.8829902688787366,-0.0009761004569699,-0.0009304958087025932,126266.12047913554,1.0,0.8143816651285647,0.1856183348714353,0.0,0.06860860375017186,0.0,8.671010566013363,8.671010566013363
2012-10-23,155257.56021956305,-0.06135391471745355,0.7545843411301858,0.8106584454421748,0.8143816651285647,-0.0147150696171833,-0.011987406117010794,124752.51721413273,1.0,0.8106584454421748,0.1893415545578252,0.0,0.003723219686389889,0.0,0.47011650549199496,0.47011650549199496
2012-10-24,154521.41692765194,-0.06580444207458969,0.7367822317016413,0.7545843411301858,0.8106584454421748,-0.0047414328221444,-0.0038997566650802343,124266.0127536414,1.0,0.7545843411301858,0.2454156588698142,0.0,0.056074104311989004,0.0,6.995385663448483,6.995385663448483
2012-10-25,155374.38925036023,-0.06064759734231229,0.7574096106307509,0.7367822317016413,0.7545843411301858,0.0055200912576907,0.004147572315234566,124781.415027863,1.0,0.7367822317016413,0.26321776829835875,0.0,0.017802109428544544,0.0,2.212197157289236,2.212197157289236
2012-10-26,155116.86319350143,-0.06220453166993478,0.7511818733202609,0.7574096106307509,0.7367822317016413,-0.0016574549904995,-0.0012418107657743537,124626.46012331285,1.0,0.7574096106307509,0.24259038936924915,0.0,0.020627378929109597,0.0,2.573913531090221,2.573913531090221
2012-10-31,155387.8181635542,-0.06056640969012128,0.7577343612395149,0.7511818733202609,0.7574096106307509,0.001746779585884,0.0013167999086916547,124790.56823462377,1.0,0.7511818733202609,0.24881812667973913,0.0,0.006227737310489978,0.0,0.7761408555842468,0.7761408555842468
2012-11-01,157417.2225195096,-0.048297168491953424,0.8068113260321863,0.7577343612395149,0.7511818733202609,0.0130602538856638,0.009804073491951972,126014.02413669848,1.0,0.7577343612395149,0.24226563876048512,0.0,0.006552487919254002,0.0,0.8176886907942145,0.8176886907942145
2012-11-02,155475.0869567294,-0.06003880568188236,0.7598447772724706,0.8068113260321863,0.7577343612395149,-0.0123375036841314,-0.009397627438178291,124829.79128587618,1.0,0.8068113260321863,0.1931886739678137,0.0,0.04907696479267143,0.0,6.184385825939599,6.184385825939599
2012-11-05,156274.4340356154,-0.05520616496978237,0.7791753401208705,0.7598447772724706,0.8068113260321863,0.0051413193877709,0.004101108164042793,125341.73176203444,1.0,0.7598447772724706,0.24015522272752943,0.0,0.04696654875971573,0.0,5.862824479093242,5.862824479093242
2012-11-06,158164.39278895853,-0.043779974949391454,0.8248801002024342,0.7791753401208705,0.7598447772724706,0.0120938448122127,0.009170114254855258,126491.12976319372,1.0,0.7791753401208705,0.22082465987912947,0.0,0.019330562848399957,0.0,2.4229262233532958,2.4229262233532958
2012-11-07,154225.03460607008,-0.06759629108668508,0.7296148356532597,0.8248801002024342,0.7791753401208705,-0.0249067322513278,-0.019452416333309436,124030.57164456941,1.0,0.8248801002024342,0.17511989979756581,0.0,0.045704760081563656,0.0,5.781246738272705,5.781246738272705
2012-11-08,153079.05325096162,-0.07452459081816454,0.7019016367273418,0.7296148356532597,0.8248801002024342,-0.0074305793351617,-0.006224602291099577,123258.53066414423,1.0,0.7296148356532597,0.2703851643467403,0.0,0.0952652645491745,0.0,11.815805219905247,11.815805219905247
2012-11-09,153722.00810816034,-0.0706374560540376,0.7174501757838496,0.7019016367273418,0.7296148356532597,0.004200149161784,0.0030367779414682914,123632.8394511629,1.0,0.7019016367273418,0.29809836327265815,0.0,0.027713198925917837,0.0,3.4158881796117724,3.4158881796117724
2012-11-12,153371.22284747058,-0.07275821082601541,0.7089671566959383,0.7174501757838496,0.7019016367273418,-0.0022819456043207,-0.0016172498936519002,123432.89425470862,1.0,0.7174501757838496,0.2825498242161504,0.0,0.01554853905650777,0.0,1.9223100328733613,1.9223100328733613
2012-11-13,152889.52446425374,-0.07567043166121334,0.6973182733551466,0.7089671566959383,0.7174501757838496,-0.0031407351018899,-0.0022618039700293986,123153.71324445111,1.0,0.7089671566959383,0.29103284330406165,0.0,0.00848301908791127,0.0,1.0470835980388264,1.0470835980388264
2012-11-14,150814.81743770893,-0.088213560806232,0.647145756775072,0.6973182733551466,0.7089671566959383,-0.0135699750117928,-0.009632315483886324,121967.45782546847,1.0,0.6973182733551466,0.3026817266448534,0.0,0.011648883340791727,0.0,1.434603238569928,1.434603238569928
2012-11-15,150873.35729414024,-0.08785964433997717,0.6485614226400913,0.647145756775072,0.6973182733551466,0.0003881571945374,0.00022049658810505317,121994.35123377881,1.0,0.647145756775072,0.352854243224928,0.0,0.0501725165800746,0.0,6.1194142999778665,6.1194142999778665
2012-11-16,152248.58567605246,-0.07954537780618742,0.6818184887752503,0.6485614226400913,0.647145756775072,0.0091151175169457,0.005897393957732521,122713.79998362239,1.0,0.6485614226400913,0.3514385773599087,0.0,0.0014156658650192888,0.0,0.17270323876683444,0.17270323876683444
2012-11-19,155179.43143960065,-0.06182626062676644,0.7526949574929342,0.6818184887752503,0.6485614226400913,0.0192503973060498,0.012451807997063481,124241.80865960852,1.0,0.6818184887752503,0.3181815112247497,0.0,0.033257066135159,0.0,4.081100961752003,4.081100961752003
2012-11-20,154541.59799581504,-0.06568243268193064,0.7372702692722775,0.7526949574929342,0.6818184887752503,-0.0041102963058211,-0.0028733524843709843,123884.8181500337,1.0,0.7526949574929342,0.24730504250706575,0.0,0.07087646871768394,0.0,8.805820664891218,8.805820664891218
2012-11-21,154983.22352458636,-0.06301248171042362,0.7479500731583055,0.7372702692722775,0.7526949574929342,0.0028576482610414,0.002135512748153657,124149.37575849578,1.0,0.7372702692722775,0.26272973072772254,0.0,0.01542468822065679,0.0,1.9108846952370333,1.9108846952370333
2012-11-23,156665.1598851079,-0.052843939977156196,0.7886242400913752,0.7479500731583055,0.7372702692722775,0.0108523769364927,0.007990455062326271,125141.3857665099,1.0,0.7479500731583055,0.25204992684169447,0.0,0.010679803886028072,0.0,1.3258909856735426,1.3258909856735426
2012-11-26,156695.06494872348,-0.05266314188363208,0.7893474324654717,0.7886242400913752,0.7479500731583055,0.0001908852206675,0.00010209844783002623,125154.16250775594,1.0,0.7886242400913752,0.21137575990862478,0.0,0.04067416693306969,0.0,5.090021614902695,5.090021614902695
2012-11-27,156150.6737462213,-0.05595438689848553,0.7761824524060579,0.7893474324654717,0.7886242400913752,-0.0034742077083304,-0.0027405676062756774,124811.16906419663,1.0,0.7893474324654717,0.21065256753452832,0.0,0.0007231923740964596,0.0,0.09051053591203814,0.09051053591203814
2012-11-28,156806.7065063697,-0.05198818659713089,0.7920472536114764,0.7761824524060579,0.7893474324654717,0.0042012803685662,0.003303104891935907,125223.4334473008,1.0,0.7761824524060579,0.22381754759394212,0.0,0.0131649800594138,0.0,1.6431365519222731,1.6431365519222731
2012-11-29,158258.71773169612,-0.04320971132989415,0.8271611546804234,0.7920472536114764,0.7761824524060579,0.0092598796166121,0.007171491268601505,126121.47220689243,1.0,0.7920472536114764,0.20795274638852357,0.0,0.015864801205418555,0.0,1.9866448779013879,1.9866448779013879
2012-11-30,158322.46663433514,-0.04282430235001222,0.8287027905999511,0.8271611546804234,0.7920472536114764,0.0004028144771595,0.0002839341992800194,126157.2824061155,1.0,0.8271611546804234,0.1728388453195766,0.0,0.03511390106894696,0.0,4.4286168977427645,4.4286168977427645
2012-12-03,157493.4985958354,-0.04783602353809313,0.8086559058476275,0.8287027905999511,0.8271611546804234,-0.0052359469639539,-0.0043325135724690935,125610.70426782519,1.0,0.8287027905999511,0.1712972094000489,0.0,0.0015416359195277174,0.0,0.19448859806726979,0.19448859806726979
2012-12-04,157621.73950245674,-0.04706071298443648,0.8117571480622541,0.8086559058476275,0.8287027905999511,0.0008142615902542,0.0006547339673696029,125692.94586257456,1.0,0.8086559058476275,0.19134409415237252,0.0,0.020046884752323635,0.0,2.518103312115298,2.518103312115298
2012-12-05,158093.32793036097,-0.04420961426118686,0.8231615429552526,0.8117571480622541,0.8086559058476275,0.002991899654152,0.0024163160828187813,125996.65974915917,1.0,0.8117571480622541,0.18824285193774593,0.0,0.0031012422146265983,0.0,0.3898042697897918,0.3898042697897918
2012-12-06,157769.63710569913,-0.046166563249571246,0.815333747001715,0.8231615429552526,0.8117571480622541,-0.002047466701469,-0.0016734501252299045,125785.8106231234,1.0,0.8231615429552526,0.17683845704474743,0.0,0.011404394892998493,0.0,1.4369156629781796,1.4369156629781796
2012-12-07,158190.12155251077,-0.04362442565985403,0.8255022973605839,0.815333747001715,0.8231615429552526,0.0026651797806311,0.0021860457045239827,126060.78415412614,1.0,0.815333747001715,0.18466625299828499,0.0,0.007827795953537553,0.0,0.9846256594081263,0.9846256594081263
2012-12-10,158425.76095189864,-0.04219981226607816,0.8312007509356873,0.8255022973605839,0.815333747001715,0.00148959617121,0.0012043494774333517,126212.605393647,1.0,0.8255022973605839,0.1744977026394161,0.0,0.010168550358868877,0.0,1.2818554319497315,1.2818554319497315
2012-12-11,158939.86343221797,-0.0390916848428251,0.8436332606286996,0.8312007509356873,0.8255022973605839,0.0032450687137643,0.0026731132247303636,126549.98597825244,1.0,0.8312007509356873,0.16879924906431265,0.0,0.005698453575103457,0.0,0.7192166724285496,0.7192166724285496
2012-12-12,159290.75079912966,-0.036970312763674906,0.8521187489453004,0.8436332606286996,0.8312007509356873,0.0022076737662564,0.0018225875826403245,126780.63441127971,1.0,0.8436332606286996,0.1563667393713004,0.0,0.01243250969301224,0.0,1.5733339273251865,1.5733339273251865
2012-12-13,158555.19887160268,-0.041417264888382044,0.8343309404464718,0.8521187489453004,0.8436332606286996,-0.0046176687838864,-0.003904104460970131,126285.66957091,1.0,0.8521187489453004,0.14788125105469963,0.0,0.008485488316600787,0.0,1.0757955920681497,1.0757955920681497
2012-12-14,158782.25294606667,-0.0400445560950603,0.8398217756197588,0.8343309404464718,0.8521187489453004,0.0014320191080448,0.0012024625223141566,126437.52335567438,1.0,0.8343309404464718,0.16566905955352818,0.0,0.01778780849882855,0.0,2.2463453064736867,2.2463453064736867
2012-12-17,160329.350584835,-0.030691213558142305,0.8772351457674308,0.8398217756197588,0.8343309404464718,0.0097435173645874,0.008123827170879363,127464.6799433299,1.0,0.8398217756197588,0.1601782243802412,0.0,0.005490835173286968,0.0,0.6942476004646293,0.6942476004646293
2012-12-18,162262.47219664964,-0.01900407232818313,0.9239837106872675,0.8772351457674308,0.8398217756197588,0.0120571910555564,0.010088478231116462,128750.6045921744,1.0,0.8772351457674308,0.12276485423256922,0.0,0.03741337014767199,0.0,4.768883251474343,4.768883251474343
2012-12-19,162943.46264947363,-0.014886984427574301,0.9404520622897028,0.9239837106872675,0.8772351457674308,0.0041968450474405,0.00363487141203495,129218.59648408872,1.0,0.9239837106872675,0.07601628931273252,0.0,0.0467485649198367,0.0,6.01890599724549,6.01890599724549
2012-12-20,163956.03590136964,-0.008765234751681561,0.9649390609932738,0.9404520622897028,0.9239837106872675,0.0062142612868996,0.005725407851447477,129958.42565095173,1.0,0.9404520622897028,0.059547937710297205,0.0,0.016468351602435316,0.0,2.128017280473185,2.128017280473185
2012-12-21,162846.75868487678,-0.015471630983089901,0.9381134760676404,0.9649390609932738,0.9404520622897028,-0.0067656991729183,-0.006387302738706323,129128.34184287343,1.0,0.9649390609932738,0.035060939006726244,0.0,0.02448699870357096,0.0,3.1822918004329783,3.1822918004329783
2012-12-24,162349.0293941397,-0.018480770438972893,0.9260769182441084,0.9381134760676404,0.9649390609932738,-0.003056427372314,-0.00296502281477364,128745.47336327542,0.7934745286672747,0.7443691482591897,0.25563085174081035,0.193345507849556,0.02128541835509088,24.966384831381447,2.748550777624748,27.714935609006194
2012-12-26,162824.38142684428,-0.01560691795798419,0.9375723281680632,0.9260769182441084,0.9381134760676404,0.0029279635023289,0.0027372040596768247,129097.87599563041,0.7940774623418446,0.7353768091726375,0.2646231908273625,0.0,0.009557959291841141,0.0,1.2305439934150044,1.2305439934150044
2012-12-27,162821.0175373949,-0.015627255142585894,0.9374909794296564,0.9375723281680632,0.9260769182441084,-2.0659617557927668e-05,-2.8260591995467584e-05,129094.22761322942,0.7940732079730763,0.7445010663351999,0.25549893366480014,0.0,0.009128197035280337,0.0,1.178430848924302,1.178430848924302
2012-12-28,161856.90830666502,-0.021456004183402877,0.9141759832663885,0.9374909794296564,0.9375723281680632,-0.0059212824321555,-0.005551695052726681,128377.53582845349,0.7928465941502573,0.743286530087392,0.256713469912608,0.0,6.449707018426491e-05,0.0,0.008326199458753927,0.008326199458753927
2012-12-31,163689.57897302136,-0.010376162762767316,0.9584953489489307,0.9141759832663885,0.9374909794296564,0.0113227831022451,0.010596515875561438,129737.89042492514,0.995405934400199,0.9099761988295001,0.0900238011704999,0.1849423884061203,0.02320788554143477,23.74244809380647,2.97937115759819,26.72181925140466
2013-01-02,167706.45279640387,0.0,1.0,0.9584953489489307,0.9141759832663885,0.0245395818633302,0.022388934574040502,132642.58356542283,0.6061458363136157,0.5809879648913606,0.4190120351086394,0.38275061752000694,0.02686399897653353,49.6572576758831,3.4852785555928083,53.14253623147591
2013-01-03,167104.90979445848,-0.0035868804802381415,0.9856524780790474,1.0,0.9584953489489307,-0.0035868804802381,-0.0034631072839511894,132183.2280681153,0.604728043046835,0.604728043046835,0.39527195695316497,0.0,0.02509902640745488,0.0,3.329199707661588,3.329199707661588
2013-01-04,167079.15247880534,-0.0037404661963728048,0.9850381352145088,0.9856524780790474,1.0,-0.0001541385928446,-0.00016281406741713235,132161.7067791092,0.6046671069910013,0.595991632418569,0.404008367581431,0.0,0.008675474572432363,0.0,1.146752234006962,1.146752234006962
2013-01-07,166597.5900971207,-0.006611926260400525,0.9735522949583979,0.9850381352145088,0.9856524780790474,-0.002882240989017,-0.0028412587441349825,131786.20117408325,0.6035243686752507,0.5944945186763827,0.4055054813236173,0.0,0.0003707708894708355,0.0,0.04900171357647407,0.04900171357647407
2013-01-08,165937.9196268048,-0.010545409196306088,0.9578183632147756,0.9735522949583979,0.9850381352145088,-0.0039596639419053,-0.003907356519206239,131271.26550178428,1.0,0.9735522949583979,0.0264477050416021,0.38560415661467456,0.01148584025611088,50.81730695718422,1.5136752546452124,52.330982211829436
2013-01-09,166605.4144306397,-0.006565271326207323,0.9737389146951707,0.9578183632147756,0.9735522949583979,0.0040225573837258,0.0039004360407843817,131783.2806768668,1.0,0.9578183632147756,0.04218163678522435,0.0,0.015733931743622254,0.0,2.0654131313039885,2.0654131313039885
2013-01-10,167593.44693020094,-0.0006738313542420382,0.9973046745830318,0.9737389146951707,0.9578183632147756,0.0059303744895551,0.0056643010353558355,132529.74085004735,1.0,0.9737389146951707,0.02626108530482929,0.0,0.015920551480395062,0.0,2.0980625042714096,2.0980625042714096
2013-01-11,167777.0788519482,0.0,1.0,0.9973046745830318,0.9737389146951707,0.0010956986989099,0.0010433587020217702,132668.01690843995,1.0,0.9973046745830318,0.002695325416968153,0.0,0.023565759887861137,0.0,3.1231640508726772,3.1231640508726772
2013-01-14,167576.0040790373,-0.0011984639039301914,0.9952061443842792,1.0,0.9973046745830318,-0.0011984639039301,-0.0011979289791255864,132509.09004638222,1.0,1.0,0.0,0.0,0.002695325416968153,0.0,0.35758347799207885,0.35758347799207885
2013-01-15,167337.82388905575,-0.002618086844151435,0.9895276526233943,0.9952061443842792,1.0,-0.0014213263485456,-0.0014261202041614207,132320.11615583202,1.0,0.9952061443842792,0.004793855615720766,0.0,0.004793855615720766,0.0,0.6352294454528981,0.6352294454528981
2013-01-16,167133.37476374718,-0.0038366628660225777,0.9846533485359097,0.9895276526233943,0.9952061443842792,-0.0012217747342293,-0.0012170207138459076,132159.07983361188,0.59707536828989,0.5908225876231435,0.40917741237685645,0.3986165537792034,0.003390487559461502,52.744988697701665,0.4486297076928493,53.19361840539452
2013-01-17,167616.45274429373,-0.0009573781398126702,0.9961704874407493,0.9846533485359097,0.9895276526233943,0.0028903741172545,0.0028571891282735567,132536.6833197151,0.5982366147797911,0.5890556859597084,0.41094431404029164,0.0,0.0029159871767040686,0.0,0.38537418207982155,0.38537418207982155
2013-01-18,167858.24700813903,0.0,1.0,0.9961704874407493,0.9846533485359097,0.0014425449285349,0.0014135100548270732,132724.025254221,0.5988153416740651,0.5965221708024523,0.4034778291975477,0.0,0.006896639468409211,0.0,0.9140577211948001,0.9140577211948001
2013-01-22,168362.9765370329,0.0,1.0,1.0,0.9961704874407493,0.0030068795420541,0.002993066882466569,133121.27713871704,0.6000180392490381,0.6000180392490381,0.39998196075096193,0.0,0.0022977766170811592,0.0,0.3049701617540383,0.3049701617540383
2013-01-23,168881.41625305175,0.0,1.0,1.0,1.0,0.0030792976382478,0.0030792976382479106,133531.19717301082,1.0,1.0,0.0,0.3995823783725893,0.0,53.19291653108517,0.0,53.19291653108517
2013-01-24,166785.10943926254,-0.012412892195599046,0.9503484312176038,1.0,1.0,-0.012412892195599,-0.012412892195599,131873.68881775296,1.0,1.0,0.0,0.0,0.0,0.0,0.0,0.0
2013-01-25,167345.73113714292,-0.0090932747366812,0.9636269010532752,0.9503484312176038,1.0,0.0033613414276922,0.0033314468317586876,132313.01900055722,0.8014771669099336,0.761682568229585,0.23831743177041498,0.18948952289216373,0.0397945986803486,24.988682376105686,5.247860522999654,30.23654289910534
2013-01-28,167555.0013715317,-0.007854119837155782,0.9685835206513769,0.9636269010532752,0.9503484312176038,0.0012505262785416,0.0011777840727857666,132468.85516695827,0.6034375025037813,0.5814886105170467,0.4185113894829533,0.19150572779948333,0.008012726674709333,25.33870100104858,1.0601880567570878,26.39888905780567
2013-01-29,168162.38618080484,-0.004257603282823763,0.982969586868705,0.9685835206513769,0.9636269010532752,0.003624987641678,0.0034901374977813664,132931.18968566463,0.6048698444345603,0.585866963458277,0.41413303654172295,0.0,0.0029981097252250524,0.0,0.39715616296548656,0.39715616296548656
2013-01-30,167749.3394441436,-0.006703382965546845,0.9731864681378126,0.982969586868705,0.9685835206513769,-0.0024562373670002,-0.002399135792594573,132612.2697105376,1.0,0.982969586868705,0.017030413131295052,0.3880129128626648,0.014386066217328075,51.57901812023415,1.9123568971661704,53.49137501740032
2013-01-31,167728.03938628564,-0.0068295073096609205,0.9726819707613563,0.9731864681378126,0.982969586868705,-0.0001269755095819,-0.00013459618292695755,132594.42060522526,1.0,0.9731864681378126,0.02681353186218738,0.0,0.009783118730892326,0.0,1.2973615797513056,1.2973615797513056
2013-02-01,169563.65417686728,0.0,1.0,0.9726819707613563,0.9731864681378126,0.010943994798354,0.010650043147752364,134006.55690582213,1.0,0.9726819707613563,0.027318029238643682,0.0,0.0005044973764563032,0.0,0.06689353732807973,0.06689353732807973
2013-02-04,167322.04408841053,-0.013219873677165372,0.9471205052913385,1.0,0.9726819707613563,-0.0132198736771653,-0.01288605081076016,132279.7416045587,1.0,1.0,0.0,0.0,0.027318029238643682,0.0,3.6607950397232174,3.6607950397232174
2013-02-05,169263.26396428343,-0.0017715483547583455,0.9929138065809666,0.9471205052913385,1.0,0.0116016983084858,0.011548818813777438,133807.41637308302,1.0,0.9471205052913385,0.05287949470866149,0.0,0.05287949470866149,0.0,6.994885896241371,6.994885896241371
2013-02-06,169142.84798053707,-0.0024817004467907466,0.990073198212837,0.9929138065809666,0.9471205052913385,-0.0007114123934877,-0.0007195865668805033,133711.13035371195,1.0,0.9929138065809666,0.007086193419033382,0.0,0.04579330128962811,0.0,6.127483332759308,6.127483332759308
2013-02-07,169082.71286421563,-0.0028363467099499218,0.9886546131602003,0.990073198212837,0.9929138065809666,-0.0003555285785915,-0.00035584984268543834,133663.54926901028,1.0,0.990073198212837,0.009926801787162987,0.0,0.0028406083681296046,0.0,0.37982095579482256,0.37982095579482256
2013-02-08,170635.4936605257,0.0,1.0,0.9886546131602003,0.990073198212837,0.009183557384468,0.009090975445558614,134878.68131338106,1.0,0.9886546131602003,0.011345386839799687,0.0,0.0014185850526367005,0.0,0.18961311307538717,0.18961311307538717
2013-02-11,170673.96784234323,0.0,1.0,1.0,0.9886546131602003,0.0002254758432267,0.00021157234572246337,134907.21791237453,1.0,1.0,0.0,0.0,0.011345386839799687,0.0,1.5302508159423696,1.5302508159423696
2013-02-12,170289.95910909737,-0.0022499549175570843,0.9910001803297717,1.0,1.0,-0.002249954917557,-0.0022499549175569,134603.68275401866,1.0,1.0,0.0,0.0,0.0,0.0,0.0,0.0
2013-02-13,170500.66701402413,-0.0010153911021696382,0.9959384355913214,0.9910001803297717,1.0,0.001237347792137,0.0012283479724666717,134769.0229148161,1.0,0.9910001803297717,0.008999819670228337,0.0,0.008999819670228337,0.0,1.2114088717347922,1.2114088717347922
2013-02-14,170524.55551683344,-0.0008754253938000334,0.9964982984247999,0.9959384355913214,0.9910001803297717,0.0001401079727585,0.00013390877100776243,134787.06966904452,1.0,0.9959384355913214,0.004061564408678553,0.0,0.004938255261549784,0.0,0.665523836503014,0.665523836503014
2013-02-15,169948.72416060502,-0.004249292911547853,0.9830028283538086,0.9964982984247999,0.9959384355913214,-0.0033768236749432,-0.0033636683509241463,134333.69066868495,1.0,0.9964982984247999,0.0035017015752001335,0.0,0.0005598628334784195,0.0,0.07546227074116439,0.07546227074116439
2013-02-19,171279.54477838546,0.0,1.0,0.9830028283538086,0.9964982984247999,0.0078307184967318,0.007789802187365854,135380.1235460928,1.0,0.9830028283538086,0.01699717164619141,0.0,0.013495470070991278,0.0,1.8128963019450381,1.8128963019450381
2013-02-20,168587.8952100773,-0.015714950502646596,0.9371401979894136,1.0,0.9830028283538086,-0.0157149505026465,-0.01546478857950594,133286.4985575851,0.8027515994657771,0.8027515994657771,0.19724840053422288,0.1943429946777791,0.013644506725374511,26.310178629795406,1.8471950062066953,28.157373636002102
2013-02-21,167496.96779392022,-0.022084230719782827,0.9116630771208687,0.9371401979894136,1.0,-0.0064709712093958,-0.006521444402610634,132417.27806762318,1.0,0.9371401979894136,0.06285980201058639,0.1846647403893475,0.06285980201058639,24.61331665354159,8.378362910014108,32.9916795635557
2013-02-22,169418.38697793198,-0.010866200064120868,0.9565351997435165,0.9116630771208687,0.9371401979894136,0.0114713669705099,0.010724801993084322,133837.42715536163,1.0,0.9116630771208687,0.08833692287913131,0.0,0.025477120868544922,0.0,3.373610998412558,3.373610998412558
2013-02-25,166660.68299815155,-0.02696680322340972,0.8921327871063611,0.9565351997435165,0.9116630771208687,-0.016277477486193,-0.014884447335451021,131845.3310193554,1.0,0.9565351997435165,0.04346480025648347,0.0,0.044872122622647836,0.0,6.0055694428150845,6.0055694428150845
2013-02-26,167699.94098442787,-0.02089919025992948,0.9164032389602821,0.8921327871063611,0.9565351997435165,0.0062357717944061,0.0059003328062799745,132623.2623513237,1.0,0.8921327871063611,0.10786721289363888,0.0,0.0644024126371554,0.0,8.491157412590871,8.491157412590871
2013-02-27,169414.442222105,-0.010889231161220536,0.9564430753551179,0.9164032389602821,0.8921327871063611,0.0102236245738234,0.009096560233520144,133829.67784566848,1.0,0.9164032389602821,0.08359676103971792,0.0,0.02427045185392096,0.0,3.2188265036077306,3.2188265036077306
2013-02-28,169068.7888268706,-0.012907296982691774,0.9483708120692329,0.9564430753551179,0.9164032389602821,-0.0020402829339735,-0.0019097617254834468,133574.09504918504,1.0,0.9564430753551179,0.043556924644882145,0.0,0.04003983639483577,0.0,5.358518405714143,5.358518405714143
2013-03-01,169423.47986235167,-0.010836465722951938,0.9566541371081922,0.9483708120692329,0.9564430753551179,0.0020979096020159,0.0019984588482830426,133841.0373813375,1.0,0.9483708120692329,0.051629187930767095,0.0,0.00807226328588495,0.0,1.078245263410843,1.078245263410843
2013-03-04,169802.70129337048,-0.008622415986251242,0.965510336054995,0.9566541371081922,0.9483708120692329,0.0022383050526817,0.0021144598554313568,134124.03888188963,1.0,0.9566541371081922,0.04334586289180775,0.0,0.008283325038959344,0.0,1.1086488161811263,1.1086488161811263
2013-03-05,171919.598946311,0.0,1.0,0.965510336054995,0.9566541371081922,0.0124668078706422,0.011917567127036125,135722.4711186138,1.0,0.965510336054995,0.03448966394500497,0.0,0.008856198946802785,0.0,1.1878291718867267,1.1878291718867267
2013-03-06,171807.11688254948,-0.000654271324798894,0.9973829147008044,1.0,0.965510336054995,-0.0006542713247988,-0.0006661953906226412,135632.05343395064,1.0,1.0,0.0,0.0,0.03448966394500497,0.0,4.681022418666632,4.681022418666632
2013-03-07,172314.5577247514,0.0,1.0,0.9973829147008044,1.0,0.0029535496049839,0.0029509325196847044,136032.2944711405,1.0,0.9973829147008044,0.002617085299195576,0.0,0.002617085299195576,0.0,0.3549606531417011,0.3549606531417011
2013-03-08,172729.00433171605,0.0,1.0,1.0,0.9973829147008044,0.0024051746552178,0.002396263022686536,136358.26362827292,1.0,1.0,0.0,0.0,0.002617085299195576,0.0,0.3560081180762655,0.3560081180762655
2013-03-11,173084.71327077493,0.0,1.0,1.0,1.0,0.0020593468968057,0.0020593468968058,136639.07259532964,1.0,1.0,0.0,0.0,0.0,0.0,0.0,0.0
2013-03-12,172626.57378795883,-0.0026469089855404304,0.9894123640578383,1.0,1.0,-0.0026469089855404,-0.0026469089855406,136277.40140630113,1.0,1.0,0.0,0.0,0.0,0.0,0.0,0.0
2013-03-13,172432.8112517913,-0.0037663754739782895,0.9849344981040868,0.9894123640578383,1.0,-0.0011224374782848,-0.0011330251142269618,136122.9956880062,1.0,0.9894123640578383,0.010587635942161722,0.0,0.010587635942161722,0.0,1.4428555132337544,1.4428555132337544
2013-03-14,173712.11092830455,0.0,1.0,0.9849344981040868,0.9894123640578383,0.0074191197558401,0.0073378574714312575,137121.84682894903,1.0,0.9849344981040868,0.015065501895913158,0.38855719007275863,0.0044778659537514365,52.89156870881793,0.6095405279139765,53.50110923673191
2013-03-15,173205.30447230223,-0.002917507900249361,0.9883299683990026,1.0,0.9849344981040868,-0.0029175079002493,-0.0028886196813424684,136725.7539634569,1.0,1.0,0.0,0.0,0.015065501895913158,0.0,2.065809443372645,2.065809443372645
2013-03-18,172755.6156106441,-0.005506209742941914,0.9779751610282323,0.9883299683990026,1.0,-0.0025962764998922,-0.002603304892806854,136369.81513919114,0.8009709747126491,0.7916236181262708,0.2083763818737292,0.19639203823637558,0.00934735658637834,26.851849500288516,1.2780243768378632,28.12987387712638
2013-03-19,172187.6767808987,-0.008775635384656755,0.964897458461373,0.9779751610282323,0.9883299683990026,-0.0032875274574311,-0.0032574490106299764,135925.59741978618,0.8003145031589332,0.7826877051000874,0.21731229489991255,0.0,0.008287102516244423,0.0,1.1301106381797779,1.1301106381797779
2013-03-20,173036.31518023065,-0.0038903202802758052,0.9844387188788968,0.964897458461373,0.9779751610282323,0.0049285664061302,0.004809536442169619,136579.33653400032,0.8012938396654491,0.7731663893739468,0.22683361062605323,0.0,0.010479082503801437,0.0,1.4243755497404393,1.4243755497404393
2013-03-21,171585.00956757364,-0.012244980211016054,0.9510200791559358,0.9844387188788968,0.964897458461373,-0.0083872891719022,-0.008124049731923143,135469.75921164503,0.9948664489060004,0.9793850524166204,0.02061494758337956,0.5911683137967683,0.019440944358729288,80.74137607828632,2.6552312821096624,83.39660736039599
2013-03-22,172895.3380460401,-0.004701876443154562,0.9811924942273818,0.9510200791559358,0.9844387188788968,0.0076366139546149,0.0074845300744452265,136483.68669864247,0.9949053547450484,0.9461749692223003,0.053825030777699734,0.0,0.033248383608669475,0.0,4.50415052164286,4.50415052164286
2013-03-25,172405.75853728078,-0.007520214820041726,0.9699191407198331,0.9811924942273818,0.9510200791559358,-0.0028316524568692,-0.002722976604482817,136112.0448128685,0.9948908875141252,0.976179471404078,0.023820528595921986,0.0,0.030018260808875447,0.0,4.097002903476695,4.097002903476695
2013-03-26,173427.35623989248,-0.0016392333665762315,0.9934430665336951,0.9699191407198331,0.9811924942273818,0.0059255428083093,0.005802882031777584,136901.8869520216,0.9949209834441508,0.964992905346282,0.035007094653717985,0.0,0.011216095958443875,0.0,1.5266457557211461,1.5266457557211461
2013-03-27,173241.9113432532,-0.0027067749193688817,0.9891729003225245,0.9934430665336951,0.9699191407198331,-0.0010692943758121,-0.00106053340167507,136756.69792815662,0.9949155466667976,0.988391951622711,0.011608048377289015,0.0,0.023404319510847683,0.0,3.2040955038630634,3.2040955038630634
2013-03-28,173617.44042711717,-0.000544985036918133,0.9978200598523275,0.9891729003225245,0.9934430665336951,0.0021676572427091,0.0021491955566794473,137050.61481568997,0.9949265441800512,0.9841543753144475,0.015845624685552506,0.0,0.004248501711554388,0.0,0.5810110652142998,0.5810110652142998
2013-04-01,172461.89811785455,-0.007197038846450954,0.9712118446141962,0.9978200598523275,0.9891729003225245,-0.0066556810561189,-0.006592222328503189,136147.1466925669,0.9948925506260078,0.9927237444122778,0.007276255587722158,0.0,0.008602994600275691,0.0,1.1790456992238445,1.1790456992238445
2013-04-02,173412.08935407829,-0.001727119500321339,0.9930915219987146,0.9712118446141962,0.9978200598523275,0.0055095719494773,0.0054710883526134235,136892.01976107815,0.9949205362967456,0.9662786093013076,0.0337213906986924,0.0,0.026473059774620816,0.0,3.604231552536392,3.604231552536392
2013-04-03,171925.3177086608,-0.010285945004612884,0.9588562199815485,0.9930915219987146,0.9712118446141962,-0.0085736331933684,-0.008348548542226464,135749.17008905936,0.7950519564712812,0.7895593575201205,0.21044064247987948,0.19693972173903915,0.017395480311521848,26.959476280041784,2.3813024345582945,29.340778714600077
2013-04-04,171968.13914136318,-0.010039436960507353,0.9598422521579706,0.9588562199815485,0.9930915219987146,0.0002490699640582,0.00022012867868757106,135779.052374504,0.7951029901621572,0.7623894476429124,0.2376105523570876,0.0,0.027220591002953362,0.0,3.6951726379846352,3.6951726379846352
2013-04-05,170839.79930295533,-0.016534895638535496,0.933860417445858,0.9598422521579706,0.9588562199815485,-0.0065613307444137,-0.006292548853214495,134924.65605419426,0.9939897618279916,0.9540733716149442,0.04592662838505579,0.1907470313420882,0.0009801058881965638,25.89945115887856,0.133077848726001,26.03252900760456
2013-04-08,171885.7967578331,-0.010513453326378763,0.957946186694485,0.933860417445858,0.9598422521579706,0.0061226801901286,0.005850980514957871,135714.09758775472,0.994026336658197,0.9282818497038008,0.07171815029619921,0.0,0.02582662797854004,0.0,3.484648897044145,3.484648897044145
2013-04-09,172733.65487694184,-0.005632630022938012,0.977469479908248,0.957946186694485,0.933860417445858,0.0049326828341917,0.004582494655462226,136336.0067146215,0.9940556582109008,0.9522518271452087,0.04774817285479127,0.0,0.023942595203959718,0.0,3.2493477020142976,3.2493477020142976
2013-04-10,175684.25078116034,0.0,1.0,0.977469479908248,0.957946186694485,0.0170817661811217,0.016344003586027944,138564.28289727,0.99415549271774,0.9717566524147373,0.0282433475852627,0.0,0.01940918918440147,0.0,2.646171346969918,2.646171346969918
2013-04-11,175717.8211793096,0.0,1.0,1.0,0.977469479908248,0.0001910837084142,0.00016437962762250944,138587.06004249444,0.9941566092945058,0.9941566092945058,0.0058433907054942225,0.0,0.022398865460057954,0.0,3.10368273018536,3.10368273018536
2013-04-12,175558.77632907973,-0.0009051150825934995,0.996379539669626,1.0,1.0,-0.0009051150825934,-0.0009051150825935,138461.6228041977,0.9941513155620076,0.9941513155620076,0.0058486844379923575,0.0,0.0,0.0,0.0,0.0
2013-04-15,172110.7121965038,-0.020527849472507187,0.9178886021099713,0.996379539669626,1.0,-0.0196405113129328,-0.019644110174114965,135741.6674309453,0.9940341430817128,0.9904352818996481,0.009564718100351866,0.0,0.0035988611820646516,0.0,0.49830415951570484,0.49830415951570484
2013-04-16,174357.77511445855,-0.007739943824270457,0.9690402247029182,0.9178886021099713,0.996379539669626,0.0130559155166891,0.012930618385780418,137496.89113154437,0.9941110289897034,0.9124831827414639,0.0875168172585361,0.0,0.07802870670379494,0.0,10.591746755453306,10.591746755453306
2013-04-17,171226.6765997965,-0.025558845138024644,0.8977646194479014,0.9690402247029182,0.9178886021099713,-0.0179578944076718,-0.01653419147848353,135223.49120587923,0.9940033416319308,0.9632292215304578,0.03677077846954224,0.0,0.05084488378728461,0.0,6.991013450696299,6.991013450696299
2013-04-18,169204.04891566728,-0.03706950279673338,0.8517219888130665,0.8977646194479014,0.9690402247029182,-0.0118125733927352,-0.011517701855386578,133666.02735032543,0.9939316589074022,0.8923166775162253,0.10768332248377466,0.0,0.07084308057074795,0.0,9.579648682555929,9.579648682555929
2013-04-19,170620.96731628326,-0.02900590178514273,0.8839763928594291,0.8517219888130665,0.8977646194479014,0.0083740218375163,0.007472134979667463,134664.79794888297,0.9939820533242816,0.8465963713018526,0.1534036286981474,0.0,0.0457655485388647,0.0,6.117299062698535,6.117299062698535
2013-04-22,171993.97944225708,-0.021192168853792936,0.9152313245848283,0.8839763928594291,0.8517219888130665,0.0080471477074013,0.006821870801332869,135583.46380197784,0.9940300940393464,0.8786991369226205,0.12130086307737953,0.0,0.03206184828738889,0.0,4.317602321488964,4.317602321488964
2013-04-23,173734.7548952223,-0.011285516009578278,0.9548579359616869,0.9152313245848283,0.8839763928594291,0.0101211417900219,0.008915780198868633,136792.2961638375,0.9940899108892282,0.9098222258995622,0.09017777410043781,0.0,0.03107021229375097,0.0,4.212607003849551,4.212607003849551
2013-04-24,173845.3724349422,-0.010655997961963593,0.9573760081521456,0.9548579359616869,0.9152313245848283,0.000636703576015,0.0005433384936528546,136866.62068397852,0.9940936714697244,0.9492182312921563,0.05078176870784368,0.0,0.03939256359152535,0.0,5.388599225464739,5.388599225464739
2013-04-25,174741.63621906328,-0.005555412386147096,0.9777783504554116,0.9573760081521456,0.9548579359616869,0.0051555228164412,0.004920288599398938,137540.04395736812,0.9941239654996612,0.951750433698447,0.04824956630155297,0.0,0.002503275911393263,0.0,0.3426149146320024,0.3426149146320024
2013-04-26,174343.7569262122,-0.007819720526213714,0.9687211178951451,0.9777783504554116,0.9573760081521456,-0.0022769575784004,-0.002200186740981033,137237.43017629918,0.9941105554843388,0.9720197791117897,0.027980220888210283,0.0,0.020282183840281374,0.0,2.7896124569437215,2.7896124569437215
2013-04-29,176089.07417316464,0.0,1.0,0.9687211178951451,0.9777783504554116,0.0100107814453667,0.0097793209492254,138579.5190522401,0.9941689290611004,0.9630724363366885,0.03692756366331151,0.0,0.009004419194697445,0.0,1.2357433505104187,1.2357433505104187
2013-04-30,177449.9642129118,0.0,1.0,1.0,0.9687211178951451,0.0077284183935733,0.00745558421428826,139612.71032690964,0.994213648407182,0.994213648407182,0.00578635159281804,0.0,0.03109789149556586,0.0,4.309530846994265,4.309530846994265
2013-05-01,176314.67470272264,-0.006397800727798275,0.9744087970888069,1.0,1.0,-0.0063978007277984,-0.0063978007277984,138719.49602717024,0.9941763901115996,0.9941763901115996,0.005823609888400361,0.0,0.0,0.0,0.0,0.0
2013-05-02,178438.19320373755,0.0,1.0,0.9744087970888069,1.0,0.0120439124230316,0.012018468479721104,140386.6919176956,0.9942456944635362,0.9688017511529398,0.03119824884706024,0.0,0.02544394331059645,0.0,3.529570992989829,3.529570992989829
2013-05-03,180386.9355859284,0.0,1.0,1.0,0.9744087970888069,0.0109211057745119,0.01061617600644758,141877.0617480568,0.994307858938156,0.994307858938156,0.005692141061844014,0.0,0.025445534174280315,0.0,3.5722143668058854,3.5722143668058854
2013-05-06,181126.1737704961,0.0,1.0,1.0,1.0,0.0040980694204186,0.0040980694204186,142458.48379626535,0.994331090522732,0.994331090522732,0.005668909477267947,0.0,0.0,0.0,0.0,0.0
2013-05-07,181345.9636295884,0.0,1.0,1.0,1.0,0.0012134627178221,0.0012134627178223,142631.3518551896,0.9943379611957278,0.9943379611957278,0.005662038804272185,0.0,0.0,0.0,0.0,0.0
2013-05-08,182292.88597546713,0.0,1.0,1.0,1.0,0.0052216345317335,0.0052216345317335,143376.12064734448,0.9943673727168538,0.9943673727168538,0.005632627283146174,0.0,0.0,0.0,0.0,0.0
2013-05-09,182052.23070155008,-0.0013201572438181763,0.9947193710247273,1.0,1.0,-0.0013201572438181,-0.0013201572438183,143186.84162308133,0.9943599269335396,0.9943599269335396,0.005640073066460416,0.0,0.0,0.0,0.0,0.0
2013-05-10,182982.25690178009,0.0,1.0,0.9947193710247273,1.0,0.0051085680007658,0.005103317003547937,143917.56946662074,0.9943885931868244,0.9891375959689613,0.010862404031038664,0.0,0.0052509972178630075,0.0,0.7518737069973912,0.7518737069973912
2013-05-13,182895.1639743705,-0.00047596378405334594,0.9980961448637866,1.0,0.9947193710247273,-0.0004759637840533,-0.00047870137901135236,143848.6759276531,0.994385921088582,0.994385921088582,0.0056140789114179634,0.0,0.005250983107503604,0.0,0.755708726142202,0.755708726142202
2013-05-14,183879.390483761,0.0,1.0,0.9980961448637866,1.0,0.0053813697858542,0.005379476561900232,144622.50650826626,0.994415970814524,0.9925227468609562,0.0074772531390437935,0.0,0.00189322395356785,0.0,0.2723377589552518,0.2723377589552518
2013-05-15,184459.1720141886,0.0,1.0,1.0,0.9980961448637866,0.0031530533623278,0.0031451571481201836,145077.3670183898,0.994433522216017,0.994433522216017,0.005566477783983004,0.0,0.00189325736889373,0.0,0.27380762615465654,0.27380762615465654
2013-05-16,184333.41543777872,-0.0006817583264453475,0.9972729666942186,1.0,1.0,-0.0006817583264453,-0.0006817583264453,144978.45931544623,0.994429724634406,0.994429724634406,0.005570275365593957,0.0,0.0,0.0,0.0,0.0
2013-05-17,186130.44701983215,0.0,1.0,0.9972729666942186,1.0,0.0097488107502681,0.009746098760630985,146391.4336980987,0.9944835039107844,0.9917715142735696,0.008228485726430423,0.0,0.0027119896372148865,0.0,0.3931800792828702,0.3931800792828702
2013-05-20,185873.31547266289,-0.0013814588171158215,0.9944741647315367,1.0,0.9972729666942186,-0.001381458817116,-0.0013804032937436738,146189.354480846,0.7947299469542701,0.7947299469542701,0.20527005304572987,0.1996696544863305,0.002167255034446172,29.229926986257937,0.3172675716819974,29.547194557939935
2013-05-21,185852.85603886208,-0.0014913786831474152,0.9940344852674103,0.9944741647315367,1.0,-0.0001100719258639,-0.00011446334776651997,146172.6211579243,0.7947073499969186,0.7903159280941986,0.2096840719058014,0.0,0.0043914219027199695,0.0,0.6419791332116809,0.6419791332116809
2013-05-22,184372.4577543318,-0.009444931195555784,0.9622202752177769,0.9940344852674103,0.9944741647315367,-0.0079654319878772,-0.007921765014615341,145014.67600154082,0.7930589753394837,0.7883279703382835,0.2116720296617165,0.0,0.0003486917452978759,0.0,0.05096918638632185,0.05096918638632185
2013-05-23,184187.48893008375,-0.010438690288759545,0.9582452388449618,0.9622202752177769,0.9940344852674103,-0.0010032345747349,-0.0010224736973287103,144866.4023096026,0.7928511564575255,0.7628974579732928,0.23710254202670722,0.0,0.025223933229634527,0.0,3.65784050477995,3.65784050477995
2013-05-24,183905.95617889977,-0.011951246432537532,0.9521950142698499,0.9582452388449618,0.9622202752177769,-0.0015285118051143,-0.0014739174120228797,144652.88119682137,0.9927740903016116,0.9513210452801575,0.048678954719842515,0.19139438881480147,0.003946313118937273,27.726616529845543,0.5716881839276297,28.298304713773174
2013-05-28,185044.4326087584,-0.0058346951208796405,0.9766612195164814,0.9521950142698499,0.9582452388449618,0.0061905359321323,0.005926044807690773,145510.1006523553,0.9928185473423335,0.9453568708540049,0.05464312914599512,0.0,0.006006775173757534,0.0,0.8688973355855646,0.8688973355855646
2013-05-29,183834.7536523176,-0.012333787428501441,0.9506648502859942,0.9766612195164814,0.9521950142698499,-0.0065372350812544,-0.006249011997663249,144600.80628759754,0.9927712915760324,0.9696012203316001,0.030398779668399878,0.0,0.02428934618266272,0.0,3.534345207819155,3.534345207819155
2013-05-30,184485.6085584704,-0.008837019884159414,0.9646519204633623,0.9506648502859942,0.9766612195164814,0.0035404345110052,0.0034319959751075773,145097.0756727739,0.99279679405495,0.9438170155846641,0.05618298441533587,0.0,0.025809112029096446,0.0,3.7320184089742785,3.7320184089742785
2013-05-31,182384.95782650303,-0.02012292590115594,0.9195082963953762,0.9646519204633623,0.9506648502859942,-0.0113865290001825,-0.010838658045240122,143524.4180861924,0.9927138298674352,0.9576233024521609,0.042376697547839126,0.0,0.013885158004399684,0.0,2.0146958216928033,2.0146958216928033
2013-06-03,183509.00668332705,-0.014083887824251518,0.9436644487029939,0.9195082963953762,0.9646519204633623,0.0061630568124662,0.005900387875366814,144371.26782248722,0.9927584598905396,0.9128496401860475,0.08715035981395247,0.0,0.044816714703611385,0.0,6.432292898370727,6.432292898370727
2013-06-04,182426.64415053016,-0.019898962951006904,0.9204041481959724,0.9436644487029939,0.9195082963953762,-0.0058981439241544,-0.0054473724582853045,143584.82375438325,0.9927154948306344,0.9367903201482704,0.06320967985172965,0.0,0.023980186691260872,0.0,3.4620499552372674,3.4620499552372674
2013-06-05,179998.51940993828,-0.03294424801569684,0.8682230079372126,0.9204041481959724,0.9436644487029939,-0.0133101431092944,-0.012583397434427506,141778.03885152965,0.9926172290933236,0.9136090152282869,0.08639098477171314,0.0,0.02308857503715776,0.0,3.3151689774501496,3.3151689774501496
2013-06-06,181004.7212735816,-0.027538351883420686,0.8898465924663173,0.8682230079372126,0.9204041481959724,0.0055900563345843,0.005093312998596214,142500.15877972762,0.9926582697788532,0.861848748841145,0.13815125115885496,0.0,0.051798040404348114,0.0,7.343824584880769,7.343824584880769
2013-06-07,182638.5443394872,-0.018760513050145255,0.924957947799419,0.8898465924663173,0.8682230079372126,0.0090264113245763,0.007815471740932261,143613.86474374894,0.9927239464311848,0.8833720209915047,0.11662797900849531,0.0,0.021466250169721052,0.0,3.058944057590605,3.058944057590605
2013-06-10,182224.5029243964,-0.020984982080978876,0.9160600716760845,0.924957947799419,0.8898465924663173,-0.002266999096977,-0.002052136724328896,143319.14945778548,0.9927074141456383,0.9182126125534176,0.08178738744658243,0.0,0.03485530275987208,0.0,5.005704736158688,5.005704736158688
2013-06-11,180046.48029509347,-0.032686574508094535,0.8692537019676219,0.9160600716760845,0.924957947799419,-0.0119524136126005,-0.011060781765177568,141733.92762286204,0.7931410832650241,0.7265648775850052,0.2734351224149948,0.18073055298623836,0.007057271107219503,25.902149135022917,1.0114420925797032,26.91359122760262
2013-06-12,178927.68550467814,-0.038697384713133776,0.8452104611474649,0.8692537019676219,0.9160600716760845,-0.0062139220304758,-0.005729389374052327,140921.87876399694,0.7918476407340861,0.6883164931024318,0.3116835068975682,0.0,0.037063513424973535,0.0,5.253157329224175,5.253157329224175
2013-06-13,181115.50350318296,-0.026943165919087075,0.8922273363236517,0.8452104611474649,0.8692537019676219,0.0122273866804565,0.010618882932596703,142418.31169723338,0.602628429558668,0.5093478528478543,0.49065214715214567,0.164200979698419,0.014489140456952052,23.13951055399013,2.04183689486912,25.181347448859253
2013-06-14,180448.92666670255,-0.03052440073130125,0.877902397074795,0.8922273363236517,0.8452104611474649,-0.0036803963414909,-0.0031389741791740824,141971.26429417418,0.6011605422776244,0.5363718693392469,0.46362813066075315,0.0,0.028264690177115834,0.0,4.025409455670213,4.025409455670213
2013-06-17,181242.58900065784,-0.02626038940664832,0.8949584423734067,0.877902397074795,0.8922273363236517,0.004398265750958,0.003915635639530444,142527.17203643365,1.0,0.877902397074795,0.122097602925205,0.3497923236588261,0.014324939248856694,49.660458430240524,2.0337297360974227,51.694188166337945
2013-06-18,182049.64848107548,-0.021924400892465834,0.9123023964301367,0.8949584423734067,0.877902397074795,0.0044529240332948,0.003892139293695108,143081.9076431359,0.5988779516129837,0.5359708787473324,0.4640291212526676,0.36094705503082974,0.010214489471050843,51.44476300842317,1.4558422981048036,52.90060530652798
2013-06-19,179221.2585830359,-0.03712014099477279,0.8515194360209088,0.9123023964301367,0.8949584423734067,-0.0155363656103604,-0.013914678685533189,141090.9688725685,0.5925476225074489,0.5405826160125256,0.45941738398747445,0.0,0.010277118741193754,0.0,1.4704697545650258,1.4704697545650258
2013-06-20,175595.67761903012,-0.056598850803165734,0.7736045967873371,0.8515194360209088,0.9123023964301367,-0.0202296367778602,-0.018491051555050732,138482.04849319378,0.5841348209874655,0.49740215332742116,0.5025978466725789,0.0,0.035505443697732494,0.0,5.009497451563509,5.009497451563509
2013-06-21,176107.2533699272,-0.05385037112620794,0.7845985154951682,0.7736045967873371,0.8515194360209088,0.0029133732551605,0.0024649512968130515,138823.39999821244,0.394711292102806,0.3053504699746,0.6946495300254,0.14805116289742362,0.03075386686786552,20.50242831983476,4.258858482948979,24.761286802783737
2013-06-24,175010.3811193533,-0.05974340081660057,0.7610263967335977,0.7845985154951682,0.7736045967873371,-0.0062284331257489,-0.004835805692784422,138152.07701020938,0.9917579836058832,0.7781318416676574,0.22186815833234264,0.4680142108692275,0.010903306649605642,64.97132400034648,1.5136341003213734,66.48495810066785
2013-06-25,176708.0083781092,-0.050622769098701004,0.797508923605196,0.7610263967335977,0.7845985154951682,0.0097001517732719,0.007587344977956666,139200.28447790706,0.9918371643505828,0.7548142633321931,0.24518573666780685,0.0,0.02337970343021126,0.0,3.2299545887664025,3.2299545887664025
2013-06-26,178300.32674629026,-0.0420679174144335,0.831728330342266,0.797508923605196,0.7610263967335977,0.0090110141741506,0.006821432262345666,140149.82978937236,0.991910062888562,0.7910571265674193,0.20894287343258067,0.0,0.03618738552354068,0.0,5.037294359388558,5.037294359388558
2013-06-27,179684.44510745682,-0.03463163612178133,0.8614734555128747,0.831728330342266,0.797508923605196,0.0077628481474185,0.006156995963812319,141012.73172571452,0.9919723800829632,0.8250515314320467,0.17494846856795332,0.0,0.03394470634599834,0.0,4.757344816641895,4.757344816641895
2013-06-28,179026.66821321842,-0.03816559257420593,0.8473376297031763,0.8614734555128747,0.831728330342266,-0.0036607336480629,-0.0030742413502115214,140579.22455493704,0.9919428851314576,0.8545324649256073,0.1454675350743927,0.0,0.02950546528032991,0.0,4.160646260017546,4.160646260017546
2013-07-01,179411.05530202293,-0.0361004436694512,0.8555982253221952,0.8473376297031763,0.8614734555128747,0.002147094020354,0.001835642329170864,140837.27773013207,0.9919601474507904,0.840525160100966,0.159474839899034,0.0,0.014022175854527124,0.0,1.9712266082023848,1.9712266082023848
2013-07-02,177756.31857269118,-0.044990642752008814,0.8200374289919647,0.8555982253221952,0.8473376297031763,-0.0092231592225247,-0.007823309264678509,139735.46415045383,0.7834514186202586,0.6703196433976495,0.3296803566023505,0.17686771220217842,0.006471775356368673,24.90956710491127,0.9114672232719193,25.82103432818319
2013-07-03,177675.81647398183,-0.045423146407366,0.818307414370536,0.8200374289919647,0.8555982253221952,-0.0004528789713679,-0.0004153391114823541,139677.426546931,0.7833533038873727,0.6423790293121624,0.3576209706878376,0.0,0.02785666729415199,0.0,3.892564334033095,3.892564334033095
2013-07-05,176506.73339711773,-0.05170413426068343,0.7931834629572663,0.818307414370536,0.8200374289919647,-0.006579866073306,-0.005396421506438758,138923.66827834916,0.5884080004565915,0.4814986294485705,0.5185013705514294,0.1574664969940168,0.001017954444155554,21.994515067484315,0.14218525710165938,22.136700324585973
2013-07-08,176691.59477764237,-0.050710952417065136,0.7971561903317395,0.7931834629572663,0.818307414370536,0.0010473333054594,0.0008523503535592838,139042.07991612397,0.3879674585027968,0.3077293722499779,0.6922706277500221,0.15965420963104232,0.009747275577354006,22.179748458024942,1.3541272789259824,23.533875736950925
2013-07-09,177457.42882775443,-0.04659645066641682,0.8136141973343327,0.7971561903317395,0.7931834629572663,0.0043342981372476,0.003431559923440129,139519.21114523587,0.9914490620016756,0.7903397571732322,0.20966024282676776,0.48055899253437956,0.003938756829009817,66.81792184437724,0.5476529417893621,67.3655747861666
2013-07-10,176521.26183271006,-0.051626079134158176,0.7934956834633673,0.8136141973343327,0.7971561903317395,-0.0052754455039074,-0.0042216705694444745,138930.20699767192,0.991403712756788,0.8066201359888914,0.19337986401110863,0.0,0.01631652924694817,0.0,2.276469289162378,2.276469289162378
2013-07-11,181888.5284584739,-0.022790030482795043,0.9088398780688198,0.7934956834633673,0.8136141973343327,0.030405779847928,0.024718623492607512,142364.3704761974,0.991657376723488,0.786875847904694,0.213124152095306,0.0,0.01995067268885667,0.0,2.771751086405657,2.771751086405657
2013-07-12,180592.70297876975,-0.02975195154649979,0.8809921938140008,0.9088398780688198,0.7934956834633673,-0.0071242837065448,-0.005767463385656462,141543.28918205388,0.9915975150367698,0.9012033646593627,0.09879663534063732,0.0,0.11437501674468432,0.0,16.28292725706152,16.28292725706152
2013-07-15,182277.055955667,-0.020702636918690565,0.9171894523252377,0.8809921938140008,0.9088398780688198,0.0093268052867852,0.008448956722896481,142739.18230676948,0.9916751592059,0.8736580740596543,0.12634192594034566,0.0,0.02761585671691325,0.0,3.9088391932922173,3.9088391932922173
2013-07-16,182205.573785592,-0.021086680320613893,0.9156532787175444,0.9171894523252377,0.8809921938140008,-0.000392162193427,-0.00038138763499591285,142684.74334760822,0.9916718932372848,0.9095510006446369,0.0904489993553631,0.0,0.035895803877837716,0.0,5.123737693766721,5.123737693766721
2013-07-17,183742.4695354211,-0.012829590873741359,0.9486816365050346,0.9156532787175444,0.9171894523252377,0.0084349546388611,0.007734927938406072,143788.39955531195,0.991741552864262,0.9080914045205905,0.09190859547940955,0.0,0.001523487199162863,0.0,0.21737838000591964,0.21737838000591964
2013-07-18,183179.82111648735,-0.015852462348787122,0.9365901506048515,0.9486816365050346,0.9156532787175444,-0.0030621577055994,-0.002836629500114436,143380.52513935912,0.9917161865209856,0.9408229347772608,0.059177065222739245,0.0,0.03275475703206041,0.0,4.709754091463066,4.709754091463066
2013-07-19,182856.58389017795,-0.017589078960871807,0.9296436841565128,0.9365901506048515,0.9486816365050346,-0.0017645897039273,-0.0016860249933077721,143138.78199042057,0.9917015431494688,0.9288178976534246,0.0711821023465754,0.0,0.011991145226181577,0.0,1.7192966995522336,1.7192966995522336
2013-07-22,184240.18887499333,-0.010155555821758755,0.959377776712965,0.9296436841565128,0.9365901506048515,0.0075666128907141,0.00707992585248493,144152.19395352775,0.9917638628112904,0.9219870112371823,0.0780129887628177,0.0,0.006889254397693453,0.0,0.9861194833079894,0.9861194833079894
2013-07-23,185713.81625606676,-0.002238380503760351,0.9910464779849586,0.959377776712965,0.9296436841565128,0.0079984035517532,0.0074061742035123985,145219.81021376606,0.9918292160387469,0.951538908162216,0.04846109183778402,0.0,0.02949114170988953,0.0,4.251212779674968,4.251212779674968
2013-07-24,183624.0295444133,-0.013465918744351324,0.9461363250225947,0.9910464779849586,0.959377776712965,-0.0112527261233598,-0.010827022368472434,143647.5120802363,0.9917362260537846,0.982856693920698,0.017143306079302034,0.0,0.031406998283511636,0.0,4.560918330115636,4.560918330115636
2013-07-25,184729.00645622448,-0.007529346144311111,0.9698826154227556,0.9461363250225947,0.9910464779849586,0.0060176051824631,0.005919185176434537,144497.78830437333,0.9917856567284262,0.9383644364671538,0.06163556353284616,0.0,0.04454124554955215,0.0,6.398239108148064,6.398239108148064
2013-07-26,184125.0138472566,-0.010774342428575778,0.9569026302856969,0.9698826154227556,0.9461363250225947,-0.003269614342407,-0.003117051488521937,144047.38125825106,0.9917587108913568,0.9618895323876097,0.03811046761239034,0.0,0.02355059035571533,0.0,3.4030082196631697,3.4030082196631697
2013-07-29,183006.0971556393,-0.016785807557105126,0.9328567697715795,0.9569026302856969,0.9698826154227556,-0.0060769401627609,-0.005906790978117026,143196.52348621347,0.9917083228655618,0.9489683026262732,0.051031697373726814,0.0,0.012872359291092372,0.0,1.8542296464971733,1.8542296464971733
2013-07-30,182207.6260162583,-0.021075654555086754,0.915697381779653,0.9328567697715795,0.9569026302856969,-0.0043630849014933,-0.004198893024674822,142595.2566025895,0.9916719870379476,0.9250879265011834,0.07491207349881657,0.0,0.023845606276072115,0.0,3.4146079191545597,3.4146079191545597
2013-07-31,181758.27761288223,-0.02348981306902498,0.9060407477239001,0.915697381779653,0.9328567697715795,-0.0024661339001033,-0.002317565834970172,142264.78270765854,0.9916513982681984,0.9080525890323211,0.09194741096767889,0.0,0.017016131095620456,0.0,2.4264195799633015,2.4264195799633015
2013-08-01,183767.27000004583,-0.012696348489049325,0.9492146060438027,0.9060407477239001,0.915697381779653,0.0110530998287869,0.010111717677752926,143703.32402588526,0.9917426673898576,0.8985592679116018,0.10144073208839821,0.0,0.00957689601646012,0.0,1.3624550307955394,1.3624550307955394
2013-08-02,183871.9452802346,-0.012133972575464336,0.9514641096981427,0.9492146060438027,0.9060407477239001,0.0005696078533938,0.00047327036503633593,143771.33455050393,0.9917473681537684,0.9413810873570574,0.05861891264294261,0.0,0.042817560361807096,0.0,6.1530257506706665,6.1530257506706665
2013-08-05,182595.40908024635,-0.018992260515063086,0.9240309579397477,0.9514641096981427,0.9492146060438027,-0.0069425283886712,-0.006592180158945,142823.56801145503,0.9916896734759562,0.9435571322706424,0.05644286772935758,0.0,0.002230809544455362,0.0,0.3207264653343491,0.3207264653343491
2013-08-06,180543.86990104977,-0.0300143109750719,0.8799427560997124,0.9240309579397477,0.9514641096981427,-0.0112354368027676,-0.01070678296344257,141294.3870666919,0.9976135518432768,0.9218258059634172,0.07817419403658277,0.3603945048064981,0.027367683963948074,51.47282906818555,3.908750271940945,55.38157934012649
2013-08-07,179352.0298346038,-0.03641756248780781,0.8543297500487688,0.8799427560997124,0.9240309579397477,-0.0066013876134323,-0.006127642112900518,140428.58563018558,0.8130549535022071,0.7154418166452556,0.28455818335474437,0.16147654376579376,0.03584613089704579,22.815729277035675,5.064857093810492,27.880586370846167
2013-08-08,181459.2710160417,-0.02509624877918415,0.8996150048832634,0.8543297500487688,0.8799427560997124,0.0117491905911584,0.010328528194183605,141879.0062361363,0.6058597399285741,0.5176040001777907,0.48239599982220926,0.18115044047632434,0.015517889184813704,25.438700142375353,2.179155230189342,27.617855372564694
2013-08-09,181640.52440259943,-0.024122451157893132,0.9035101953684275,0.8996150048832634,0.8543297500487688,0.0009988653957599,0.0008259061004750119,141996.18497291603,0.6062530401414625,0.5453943316673551,0.45460566833264493,0.0,0.027454323416993238,0.0,3.8951921232884867,3.8951921232884867
2013-08-12,181780.57179833343,-0.02337003586003983,0.9065198565598407,0.9035101953684275,0.8996150048832634,0.0007710140465329,0.0006912531525550254,142094.34028342934,0.6065563906907585,0.5480298830549755,0.45197011694502454,0.0,0.0023626526817341017,0.0,0.33548766722227163,0.33548766722227163
2013-08-13,182134.28392020857,-0.02146969055093806,0.9141212377962478,0.9065198565598407,0.9035101953684275,0.0019458191729504,0.0017538748508999788,142343.55597330767,1.0,0.9065198565598407,0.09348014344015931,0.3563081361392603,0.0030096611914132154,50.62936954232654,0.4276558214705008,51.057025363797045
2013-08-14,182271.40033636428,-0.020733022164056147,0.9170679113437754,0.9141212377962478,0.9065198565598407,0.000752831445044,0.000674855272338708,142439.6172725397,1.0,0.9141212377962478,0.08587876220375223,0.0,0.007601381236407079,0.0,1.0820076354989616,1.0820076354989616
2013-08-15,181162.9732634086,-0.02668813101756673,0.8932474759297331,0.9170679113437754,0.9141212377962478,-0.0060811903069278,-0.005561891884191095,141647.38352124428,1.0,0.9170679113437754,0.08293208865622459,0.0,0.002946673547527645,0.0,0.4197230523369546,0.4197230523369546
2013-08-16,180394.4618806874,-0.030817016941530162,0.8767319322338794,0.8932474759297331,0.9170679113437754,-0.0042420996348068,-0.0039141138872185064,141092.95953031562,1.0,0.8932474759297331,0.10675252407026692,0.0,0.02382043541404233,0.0,3.374102350735883,3.374102350735883
2013-08-19,178699.9271008964,-0.03992103408070591,0.8403158636771764,0.8767319322338794,0.8932474759297331,-0.0093934966856784,-0.008407232748332487,139906.7581803932,1.0,0.8767319322338794,0.12326806776612065,0.0,0.01651554369585373,0.0,2.3302269383002496,2.3302269383002496
2013-08-20,178966.90393454785,-0.03848668071226968,0.8460532771509213,0.8403158636771764,0.8767319322338794,0.001493995201804,0.0012881064875420606,140086.97298325633,0.9988543739841532,0.839353175962219,0.16064682403778097,0.33799797973488094,0.03637434936116957,47.288201616229436,5.08901730004229,52.37721891627173
2013-08-21,177541.5601984452,-0.046144448470979094,0.8154222061160836,0.8460532771509213,0.8403158636771764,-0.0079642867187552,-0.006698247260417911,139148.635800251,0.9988451766398032,0.8450762350624963,0.1549237649375037,0.0,0.005730787774638313,0.0,0.802808712158533,0.802808712158533
2013-08-22,179224.9948462873,-0.0371000676359472,0.8515997294562112,0.8154222061160836,0.8460532771509213,0.0094819187460133,0.007991612398926862,140260.65776340605,0.9988560237298444,0.8144893824621289,0.18551061753787113,0.0,0.030596029816444336,0.0,4.257395809862033,4.257395809862033
2013-08-23,180736.14495771716,-0.028981298591843063,0.8840748056326277,0.8515997294562112,0.8154222061160836,0.0084315812798649,0.00683916212512886,141219.9231416272,0.9988655886116696,0.850633665024817,0.14936633497518303,0.0,0.036136483145648955,0.0,5.068526895264959,5.068526895264959
2013-08-26,180332.5674602021,-0.031149549428698742,0.875401802285205,0.8840748056326277,0.8515997294562112,-0.0022329650641244,-0.0019340305981267565,140946.79948920617,0.9988630498416866,0.8830696566424029,0.11693034335759711,0.0,0.032438153633416525,0.0,4.5809135629673765,4.5809135629673765
2013-08-27,178404.35878054507,-0.04150899738861036,0.8339640104455586,0.875401802285205,0.8840748056326277,-0.01069251498392,-0.009461646142132081,139613.21074757323,0.9988507615927976,0.8743957569122847,0.12560424308771534,0.0,0.00866303599887006,0.0,1.2210271979005134,1.2210271979005134
2013-08-28,179074.31490419566,-0.03790960709874969,0.8483615716050013,0.8339640104455586,0.875401802285205,0.0037552676864509,0.003245977752680907,140066.39212364022,0.9988550611446838,0.8330091726460641,0.1669908273539359,0.0,0.041390348101690747,0.0,5.778639392436768,5.778639392436768
2013-08-29,178885.51105569082,-0.038923970151801046,0.8443041193927958,0.8483615716050013,0.8339640104455586,-0.0010543323793021,-0.0008936563188190831,139941.22090726474,0.9988538527244998,0.8473892243010671,0.1526107756989329,0.0,0.014381059433945942,0.0,2.014303109828448,2.014303109828448
2013-08-30,178805.05546558328,-0.039356223936153456,0.8425751042553862,0.8443041193927958,0.8483615716050013,-0.0004497602384493,-0.00038561210241842657,139887.2578788557,0.998853337001076,0.8433359870992491,0.15666401290075094,0.0,0.004052799681883799,0.0,0.567153735575393,0.567153735575393
2013-09-03,179734.5741481433,-0.03436231403348733,0.8625507438660507,0.8425751042553862,0.8443041193927958,0.0051985033652413,0.004387390763157659,140500.99794195686,0.9988592671048702,0.8416139511173446,0.1583860488826554,0.0,0.001727042792966219,0.0,0.24159128054748466,0.24159128054748466
2013-09-04,180902.0441750168,-0.028089992414074283,0.8876400303437029,0.8625507438660507,0.8425751042553862,0.0064955228141649,0.005453012812539356,141267.15168390892,0.9988666289424316,0.8615731538172688,0.13842684618273116,0.0,0.019952999798873366,0.0,2.8034163836773724,2.8034163836773724
2013-09-05,181452.56871546656,-0.02513225739938807,0.8994709704024477,0.8876400303437029,0.8625507438660507,0.0030432190136953,0.0025998698867309537,141634.42789755616,0.9988700675742735,0.8866370570910447,0.11336294290895532,0.0,0.025060937279322744,0.0,3.540287227979014,3.540287227979014
2013-09-06,182174.69907890615,-0.021252557033318187,0.9149897718667273,0.8994709704024477,0.8876400303437029,0.0039797197061011,0.0035207408957963256,142133.0860201078,0.9988745465634932,0.8984586577077701,0.10154134229222989,0.0,0.011817624886598634,0.0,1.6737825399213195,1.6737825399213195
2013-09-09,184286.42763639492,-0.009907134555158237,0.960371461779367,0.9149897718667273,0.8994709704024477,0.0115917773882205,0.01041096572015777,143612.8287063634,0.9988874430756916,0.9139717936603655,0.08602820633963448,0.0,0.015501535914253477,0.0,2.20328113754438,2.20328113754438
2013-09-10,184799.64380844217,-0.007149841590657013,0.971400633637372,0.960371461779367,0.9149897718667273,0.0027848831768546,0.0025028082822487396,143972.26408348684,0.998890532812198,0.9593059611544213,0.04069403884557865,0.0,0.04533134041675472,0.0,6.510162026301243,6.510162026301243
2013-09-11,185234.52955435187,-0.004813384805253396,0.9807464607789864,0.971400633637372,0.960371461779367,0.0023532823816507,0.0022490082767634497,144296.05889703496,0.9988931375720488,0.9703254267735107,0.029674573226489254,0.0,0.011016964082063851,0.0,1.586137262221186,1.586137262221186
2013-09-12,184389.33579558047,-0.009354252633725024,0.9625829894650999,0.9807464607789864,0.971400633637372,-0.0045628304874086,-0.0044416718618286635,143655.14315245923,0.9988880639965522,0.9796559334789923,0.02034406652100773,0.0,0.00933543517993371,0.0,1.3470665045531667,1.3470665045531667
2013-09-13,184798.97852682063,-0.007153415866828383,0.9713863365326865,0.9625829894650999,0.9807464607789864,0.0022216183461625,0.002160701010734735,143965.538965466,0.9988905288180844,0.9615150313780861,0.03848496862191386,0.0,0.018143319465900205,0.0,2.6063811551346943,2.6063811551346943
2013-09-16,185123.33675269785,-0.005410776599204081,0.9783568936031837,0.9713863365326865,0.9625829894650999,0.0017551949067191,0.0016807271632828208,144207.5057573819,0.9988924727442828,0.9703104996891453,0.02968950031085471,0.0,0.008793597120767674,0.0,1.2659749489364882,1.2659749489364882
2013-09-17,184892.19692062063,-0.006652592947781311,0.9733896282088748,0.9783568936031837,0.9713863365326865,-0.0012485720932418,-0.001219808698888622,144031.600187414,0.9988910881879404,0.9772719820874571,0.022728017912542864,0.0,0.006962827337425097,0.0,1.0040919633493859,1.0040919633493859
2013-09-18,189064.1894121113,0.0,1.0,0.9733896282088748,0.9783568936031837,0.0225644595119491,0.022071132635262166,147210.54073881946,0.998915558034758,0.9723340436475137,0.027665956352486254,0.0,0.004961878683262834,0.0,0.7146673266861647,0.7146673266861647
2013-09-19,188505.2394149311,-0.0029564033195192962,0.9881743867219228,1.0,0.9733896282088748,-0.0029564033195192,-0.0029043137568425235,146782.9951401995,0.9989123424804568,0.9989123424804568,0.0010876575195432059,0.0,0.026581428820148783,0.0,3.9130665102245423,3.9130665102245423
2013-09-20,186267.70337523785,-0.014791198933912453,0.9408352042643502,0.9881743867219228,1.0,-0.011869887790058,-0.011881700386611816,145038.9635700941,0.9988992770222228,0.9870866804684071,0.012913319531592915,0.0,0.011812596553815698,0.0,1.7338883025518668,1.7338883025518668
2013-09-23,185745.43221864593,-0.017553600202052655,0.9297855991917894,0.9408352042643502,0.9881743867219228,-0.0028038739251528,-0.002800046079310891,144632.84778880238,0.8090590115060189,0.7611912003521786,0.23880879964782142,0.1782829888349916,0.03830019216462678,25.857979922805846,5.555020176092908,31.413000098898756
2013-09-24,185413.61492671628,-0.019308651187442516,0.9227653952502299,0.9297855991917894,0.9408352042643502,-0.001786408892893,-0.0016896523824513432,144388.46855295528,0.8087173023939589,0.7519337015831346,0.24806629841686545,0.0,0.00893600680679998,0.0,1.2924401123276035,1.2924401123276035
2013-09-25,185227.12363617716,-0.020295042587733625,0.9188198296490655,0.9227653952502299,0.9297855991917894,-0.0010058122787414,-0.0009408684741600819,144252.61799486156,1.0,0.9227653952502299,0.07723460474977006,0.17633272133962913,0.007020203941559444,25.46041159000407,1.0136364960511886,26.47404808605526
2013-09-26,186115.6599106727,-0.015595388585257552,0.9376184456589698,0.9188198296490655,0.9227653952502299,0.0047970095148741,0.00442256881541084,144890.585124747,1.0,0.9188198296490655,0.0811801703509345,0.0,0.003945565601164436,0.0,0.5691581674384397,0.5691581674384397
2013-09-27,184670.93914893904,-0.023236818547356486,0.9070527258105741,0.9376184456589698,0.9188198296490655,-0.0077624889943547,-0.007151127431455452,143854.4540869018,1.0,0.9376184456589698,0.06238155434103021,0.0,0.01879861600990429,0.0,2.7237424732104696,2.7237424732104696
2013-09-30,183444.08788819457,-0.029725891198075338,0.8810964352076986,0.9070527258105741,0.9376184456589698,-0.0066434451809171,-0.006259582464200554,142953.9852687023,1.0,0.9070527258105741,0.09294727418942594,0.0,0.030565719848395734,0.0,4.397014942564146,4.397014942564146
2013-10-01,184661.10283679364,-0.0232888448574472,0.9068446205702112,0.8810964352076986,0.9070527258105741,0.0066342554977341,0.005991663242340536,143810.51740758287,1.0,0.8810964352076986,0.11890356479230135,0.0,0.02595629060287541,0.0,3.710555184473607,3.710555184473607
2013-10-02,185354.0419619173,-0.01962374504516473,0.9215050198193411,0.9068446205702112,0.8810964352076986,0.0037524909928436,0.003280558251581069,144282.29618712846,1.0,0.9068446205702112,0.0931553794297888,0.0,0.025748185362512555,0.0,3.702859859289282,3.702859859289282
2013-10-03,184159.15013131415,-0.02594377759241029,0.8962248896303588,0.9215050198193411,0.9068446205702112,-0.0064465377606851,-0.005860652081206705,143436.7078476981,0.7947208589989428,0.7323392609226645,0.26766073907733545,0.18813442911803854,0.01165092508453595,27.144467425005168,1.6810222239010608,28.825489648906228
2013-10-04,185284.72340403963,-0.019990385380879383,0.9200384584764825,0.8962248896303588,0.9215050198193411,0.006111959530237,0.005612079216034929,144241.68601462664,0.7959678949677688,0.7133662388167976,0.2866337611832024,0.0,0.02012217201103533,0.0,2.8862581080080023,2.8862581080080023
2013-10-07,184746.0066889632,-0.02283977064390319,0.9086409174243872,0.9200384584764825,0.8962248896303588,-0.002907507457599,-0.002624721218557467,143863.09180074354,0.7953729402655643,0.7317736938758371,0.26822630612416287,0.0,0.018940668271357788,0.0,2.7320339257043913,2.7320339257043913
2013-10-08,183550.48391750548,-0.029163140369154572,0.8833474385233817,0.9086409174243872,0.9200384584764825,-0.0064711697583293,-0.005962775154074754,143005.26853136567,0.7940401390419025,0.7214973604108224,0.27850263958917765,0.0,0.009050105081741486,0.0,1.3019760981809512,1.3019760981809512
2013-10-09,183539.98224952695,-0.029218685885262996,0.883125256458948,0.8833474385233817,0.9086409174243872,-5.721405770442445e-05,-7.207612250924733e-05,142994.96126611155,0.9942684025778972,0.87828444662192,0.12171555337808004,0.1766947186701462,0.025148506862540512,25.26827569149837,3.5963689770404983,28.86464466853887
2013-10-10,187209.1206541271,-0.009811846250484924,0.9607526149980603,0.883125256458948,0.8833474385233817,0.0199909488909717,0.017658732562926893,145520.07104495593,0.9943807369777796,0.8781627433613394,0.12183725663866063,0.0,0.00022093356497482295,0.0,0.031592386565958745,0.031592386565958745
2013-10-11,188086.1669684715,-0.005172965047907541,0.9793081398083698,0.9607526149980603,0.883125256458948,0.0046848482129497,0.004060114595496864,146110.89920934328,0.9944069396167208,0.9553790676089827,0.044620932391017276,0.0,0.07719318403540856,0.0,11.233157625019013,11.233157625019013
2013-10-14,188862.32083663228,-0.00106772507319719,0.9957290997072112,0.9793081398083698,0.9607526149980603,0.0041265866632866,0.003946176758623204,146687.47864398474,0.9944299250138724,0.973853320035112,0.026146679964887953,0.0,0.018452169145709157,0.0,2.6960630262424643,2.6960630262424643
2013-10-15,187709.80000950763,-0.007163648530243094,0.9713454058790276,0.9957290997072112,0.9793081398083698,-0.0061024391843707,-0.0059924972982679835,145808.45432452092,0.9943957252681486,0.9901487602739529,0.009851239726047067,0.0,0.01632893232820758,0.0,2.3952499121730213,2.3952499121730213
2013-10-16,190007.46669382305,0.0,1.0,0.9713454058790276,0.9957290997072112,0.0122405259831881,0.012163999223797193,147582.06824974748,0.9944634950014396,0.9659675471840498,0.03403245281595024,0.0,0.024248693385420513,0.0,3.5356645019174,3.5356645019174
2013-10-17,190488.76627530885,0.0,1.0,1.0,0.9713454058790276,0.0025330561470058,0.00243197610256579,147940.98431289807,0.9944774838449332,0.9944774838449332,0.005522516155066826,0.0,0.028496348662022424,0.0,4.205550073107194,4.205550073107194
2013-10-18,191837.4523959207,0.0,1.0,1.0,1.0,0.0070801346818669,0.0070801346818668,148988.42640680136,0.994516309114953,0.994516309114953,0.005483690885046966,0.0,0.0,0.0,0.0,0.0
2013-10-21,191639.63392520184,-0.0010311775320629435,0.9958752898717482,1.0,1.0,-0.0010311775320629,-0.0010311775320629,148834.79288895323,0.9945106486191436,0.9945106486191436,0.005489351380856378,0.0,0.0,0.0,0.0,0.0
2013-10-22,192262.66211456893,0.0,1.0,0.9958752898717482,1.0,0.0032510403855721,0.003246938244055518,149318.05027003045,0.9945284368917804,0.9904262953752985,0.009573704624701529,0.0,0.004102141516481932,0.0,0.610541383006765,0.610541383006765
2013-10-23,189663.0835820809,-0.013520974399797603,0.9459161024008096,1.0,0.9958752898717482,-0.0135209743997976,-0.013469306131931211,147306.8397399203,0.9944534420233716,0.9944534420233716,0.005546557976628397,0.0,0.0041018321843886395,0.0,0.6124775843077717,0.6124775843077717
2013-10-24,189917.06910832305,-0.012199940333959103,0.9512002386641636,0.9459161024008096,1.0,0.0013391405509455,0.001285356231642301,147496.18150434355,0.9944608597107504,0.9406765404077513,0.05932345959224872,0.0,0.05378431930299909,0.0,7.922798104087589,7.922798104087589
2013-10-25,190798.10641976667,-0.007617473297699018,0.9695301068092039,0.9512002386641636,0.9459161024008096,0.0046390633321176,0.00438290970405932,148142.64394957063,0.9944864374764822,0.9459557366759037,0.05404426332409629,0.0,0.0052550018476832105,0.0,0.7750927063315436,0.7750927063315436
2013-10-28,191228.6746908867,-0.005377993898087685,0.9784880244076493,0.9695301068092039,0.9512002386641636,0.0022566695194172,0.002128315552632907,148457.93824269666,0.9944988517500596,0.9641965779588659,0.03580342204113407,0.0,0.018229032822972613,0.0,2.700497119038668,2.700497119038668
2013-10-29,191881.7830374632,-0.001981035074188009,0.992075859703248,0.9784880244076493,0.9695301068092039,0.0034153264285925,0.0033023529906055092,148948.19875903157,0.9945175760175796,0.9731235381961256,0.026876461803874374,0.0,0.008908806496171068,0.0,1.3225830446246993,1.3225830446246993
2013-10-30,191285.50665456476,-0.005082398471222049,0.9796704061151118,0.992075859703248,0.9784880244076493,-0.0031075195021615,-0.0030541837272858316,148493.2835941732,0.994500486171104,0.986619924793496,0.013380075206503972,0.0,0.013513108807485798,0.0,2.012753216509815,2.012753216509815
2013-10-31,189866.37230121653,-0.012463625474635642,0.9501454981014574,0.9796704061151118,0.992075859703248,-0.0074189329770341,-0.007367547757678709,147399.2522355986,0.7949836679813893,0.7788219728662089,0.2211780271337911,0.19416480604394062,0.009862132996469373,28.832169607890524,1.46446051188818,30.296630119778705
2013-11-01,189540.72076181797,-0.014157410091039768,0.9433703596358409,0.9501454981014574,0.9796704061151118,-0.0017151617500855,-0.0017037546280657327,147148.12007742876,0.7946314276614446,0.7550154736424555,0.24498452635754453,0.0,0.023461419806462998,0.0,3.458195735858108,3.458195735858108
2013-11-04,189789.55353090508,-0.012863176637958551,0.9485472934481658,0.9433703596358409,0.9501454981014574,0.0013128195782257,0.0012419840498559681,147330.8756955312,0.7949006860562705,0.7498857460796806,0.2501142539203194,0.0,0.005385562214444787,0.0,0.7924753554155846,0.7924753554155846
2013-11-05,188587.17096245263,-0.019117030377567956,0.9235318784897282,0.9485472934481658,0.9433703596358409,-0.0063353464196682,-0.005980686408911493,146449.73592964592,0.7935930263749204,0.7527605172672696,0.24723948273273044,0.0,0.004108378571465546,0.0,0.6052910126227744,0.6052910126227744
2013-11-06,189257.96053422775,-0.015628107648643086,0.9374875694054277,0.9235318784897282,0.9485472934481658,0.0035569204859047,0.003354049735543327,146940.93562771112,0.994564645437378,0.9185121552802522,0.08148784471974779,0.1854004416778784,0.024879447308607396,27.151845724965018,3.643588488421093,30.79543421338611
2013-11-07,186928.89831405785,-0.02774206776213628,0.8890317289514549,0.9374875694054277,0.9235318784897282,-0.0123062840453083,-0.011379094818412594,145268.88078849716,0.8064893085437028,0.7560737016181,0.24392629838190005,0.17426001988269227,0.01125511551685211,25.605930364066346,1.6538372046442185,27.259767568710565
2013-11-08,188915.60556976096,-0.017408770418530173,0.9303649183258793,0.8890317289514549,0.9374875694054277,0.0106281440356283,0.009924575192856744,146710.61271906472,0.8085243394434153,0.7188037913947125,0.2811962086052875,0.0,0.03917772639522386,0.0,5.691304465272133,5.691304465272133
2013-11-11,188801.17768918377,-0.01800393475943063,0.9279842609622775,0.9303649183258793,0.8890317289514549,-0.0006057089896416,-0.0005719086032705845,146626.7076574596,0.8084082906227047,0.7521147132791564,0.24788528672084365,0.0,0.033414092968162994,0.0,4.902202052810985,4.902202052810985
2013-11-12,187954.13649898095,-0.02240958056130804,0.9103616777547678,0.9279842609622775,0.9303649183258793,-0.0044864189967992,-0.0041759293311411354,146014.40488822418,0.8075448562095716,0.7493889165835279,0.2506110834164721,0.0,0.0019224876083740925,0.0,0.28188802852815675,0.28188802852815675
2013-11-13,188967.99718567275,-0.01713627020795594,0.9314549191681762,0.9103616777547678,0.9279842609622775,0.0053941919320157,0.004991490798929379,146743.2344467349,1.0,0.9103616777547678,0.08963832224523216,0.17502875883475466,0.017622583207509646,25.55672005958122,2.5731509996377335,28.129871059218953
2013-11-14,190328.50167304935,-0.010059989913002498,0.95976004034799,0.9314549191681762,0.9103616777547678,0.0071996555376507,0.0065331622097173254,147701.931800554,0.7975897211782715,0.7429188692694751,0.25708113073052485,0.1900835280424435,0.016823752537666378,27.893471719994807,2.4687718629086284,30.362243582903435
2013-11-15,190975.9384155767,-0.006692530337614189,0.9732298786495432,0.95976004034799,0.9314549191681762,0.0034016804463659,0.0031459166884976394,148166.5897727287,0.7982759220298637,0.766153331136211,0.23384666886378902,0.0,0.022595296707982857,0.0,3.3373689733757668,3.3373689733757668
2013-11-18,190516.97484580745,-0.009079699872881375,0.9636812005084745,0.9732298786495432,0.95976004034799,-0.0024032533814313,-0.0023172926640895658,147823.24442118523,0.7977899600676369,0.7764330260244502,0.2235669739755498,0.0,0.010746101760713684,0.0,1.5922132512356622,1.5922132512356622
2013-11-19,190559.09284107623,-0.008860635001909811,0.9645574599923608,0.9636812005084745,0.9732298786495432,0.0002210721396498,0.00020753574533103459,147853.92302839342,0.7978346531934185,0.7688582563966959,0.23114174360330408,0.0,0.007618266313135158,0.0,1.1261568432722602,1.1261568432722602
2013-11-20,190090.63450204293,-0.011297188901044586,0.9548112443958217,0.9645574599923608,0.9636812005084745,-0.0024583363199781,-0.002370101487986808,147503.49422541916,0.9975764860078152,0.9622198414918031,0.03778015850819694,0.19247574582031515,0.0008741358567662718,28.4582941073495,0.12924441568267908,28.587538523032176
2013-11-21,192407.2045559375,0.0,1.0,0.9548112443958217,0.9645574599923608,0.0121866606419773,0.0117450115547236,149235.92446945878,0.997605664956454,0.9525251063733929,0.04747489362660706,0.0,0.00972287989099435,0.0,1.434158757855729,1.434158757855729
2013-11-22,193077.27852291107,0.0,1.0,1.0,0.9548112443958217,0.0034825825182589,0.0032801280138894996,149725.43740598977,0.9976139744871932,0.9976139744871932,0.0023860255128067553,0.0,0.04508093408041478,0.0,6.727694873437431,6.727694873437431
2013-11-25,192908.91856594424,-0.0008719822355837126,0.9965120710576651,1.0,1.0,-0.0008719822355838,-0.0008719822355839,149594.8794843567,0.9976118920995272,0.9976118920995272,0.0023881079004728356,0.0,0.0,0.0,0.0,0.0
2013-11-26,192838.5584058334,-0.001236396736601697,0.9950544130535932,0.9965120710576651,1.0,-0.0003647325413146,-0.0003682121376670047,149539.7968339977,0.9976110207610585,0.9941314244085537,0.005868575591446268,0.0,0.003479596352504709,0.0,0.5205297970071492,0.5205297970071492
2013-11-27,193219.01443260376,0.0,1.0,0.9950544130535932,0.9965120710576651,0.0019729250722237,0.0019645894672173513,149833.58114378763,0.9976157247574634,0.9926819294515727,0.007318070548427258,0.0,0.0014541825461807437,0.0,0.2174581625154139,0.2174581625154139
2013-11-29,192856.77940541093,-0.00187473799230653,0.9925010480307739,1.0,0.9950544130535932,-0.0018747379923067,-0.0018704000857222474,149553.3324007722,0.9976112464704672,0.9976112464704672,0.0023887535295328277,0.0,0.0049337731581329475,0.0,0.7392449008341543,0.7392449008341543
2013-12-02,192706.1019873471,-0.0026545650631892848,0.9893817397472429,0.9925010480307739,1.0,-0.0007812917882814,-0.0007887728130962033,149435.36879806654,0.997609378697675,0.9901283538827715,0.00987164611722846,0.0,0.007481024814903376,0.0,1.11881219084167,1.11881219084167
2013-12-03,191669.5470432581,-0.008019228303672632,0.9679230867853095,0.9893817397472429,0.9925010480307739,-0.005378941991972,-0.005341717375199598,148637.12729208852,0.9975964501424162,0.9870037114075774,0.012996288592422633,0.0,0.0031118108705503783,0.0,0.46501460507052833,0.46501460507052833
2013-12-04,191861.1092602251,-0.0070278030160034755,0.9718887879359861,0.9679230867853095,0.9893817397472429,0.0009994400254089,0.0009674205835959295,148780.92190851746,0.9975988499478852,0.9655989582150318,0.03440104178496817,0.0,0.02140712751625553,0.0,3.181893937591644,3.181893937591644
2013-12-05,190517.87376068864,-0.013979683520522701,0.9440812659179092,0.9718887879359861,0.9679230867853095,-0.0070010827348787,-0.006780465723354434,147772.11796722768,0.9975819207751728,0.9695386838490356,0.030461316150964368,0.0,0.003956111771112302,0.0,0.5885939564792261,0.5885939564792261
2013-12-06,192491.0446354166,-0.003767588812751632,0.9849296447489935,0.9440812659179092,0.9718887879359861,0.010356880621114,0.010037995183159391,149255.453775588,0.9976067078166077,0.9418218036037007,0.058178196396299287,0.0,0.02774097049299153,0.0,4.099341964215727,4.099341964215727
2013-12-09,193157.40263969707,-0.00031887023690502225,0.9987245190523799,0.9849296447489935,0.9440812659179092,0.0034617610681191,0.003227432817508262,149737.1657252954,0.9976149642405456,0.9825805523257204,0.01741944767427961,0.0,0.0407509539868564,0.0,6.082302129096359,6.082302129096359
2013-12-10,192531.5625640267,-0.0035578893236557496,0.985768442705377,0.9987245190523799,0.9849296447489935,-0.0032400522429769,-0.0032049853707299463,149257.26029969126,0.9976072114807368,0.9963347824892848,0.0036652175107152463,0.0,0.013761866086528619,0.0,2.060662822887858,2.060662822887858
2013-12-11,190039.0925093975,-0.01645760347419345,0.9341695861032262,0.985768442705377,0.9987245190523799,-0.012945773780859,-0.012937384333737163,147326.26175859352,0.8111416355363137,0.7995978268761245,0.20040217312387554,0.18158334108080737,0.010509212958241289,27.102632005785694,1.5685763340531085,28.671208339838802
2013-12-12,189751.10401627127,-0.017948080454276982,0.9282076781828921,0.9341695861032262,0.985768442705377,-0.0015154171140445,-0.0015357140846373387,147100.01074337386,1.0,0.9341695861032262,0.0658304138967738,0.1762494906725016,0.0515988566021508,25.966178597635768,7.601866654212601,33.56804525184837
2013-12-13,189623.1360260751,-0.018610375469971796,0.9255584981201128,0.9282076781828921,0.9341695861032262,-0.000674399186553,-0.0006359651168909961,147006.4602678468,1.0,0.9282076781828921,0.07179232181710793,0.0,0.005961907920334131,0.0,0.8769967191321564,0.8769967191321564
2013-12-16,191022.63684190012,-0.01136729527967728,0.9545308188812909,0.9255584981201128,0.9282076781828921,0.0073804328161335,0.006847925228185227,148013.1495158212,1.0,0.9255584981201128,0.07444150187988718,0.0,0.002649180062779255,0.0,0.3894465836413304,0.3894465836413304
2013-12-17,190034.77315291087,-0.016479958191710886,0.9340801672331565,0.9545308188812909,0.9255584981201128,-0.0051714482917899,-0.004815450234816061,147300.39956022936,1.0,0.9545308188812909,0.04546918111870912,0.0,0.02897232076117806,0.0,4.288284444644579,4.288284444644579
2013-12-18,193571.41731023704,0.0,1.0,0.9340801672331565,0.9545308188812909,0.0186105105852412,0.017743855257080984,149914.07652933625,1.0,0.9340801672331565,0.06591983276684354,0.0,0.02045065164813442,0.0,3.0123891590372636,3.0123891590372636
2013-12-19,193576.93539923473,0.0,1.0,1.0,0.9340801672331565,2.8506734487843133e-05,-3.9292257449094184e-05,149908.186066846,1.0,1.0,0.0,0.0,0.06591983276684354,0.0,9.882310854209631,9.882310854209631
2013-12-20,194626.46744163093,0.0,1.0,1.0,1.0,0.0054217825084978,0.0054217825084978,150720.9556479439,0.8023110240418259,0.8023110240418259,0.19768897595817414,0.1989597623524996,0.0,29.825697074553982,0.0,29.825697074553982
2013-12-23,195217.9046968769,0.0,1.0,1.0,1.0,0.0030388326059678,0.0030388326059678,151178.9714023695,0.8029099477190093,0.8029099477190093,0.19709005228099075,0.0,0.0,0.0,0.0,0.0
2013-12-24,195641.70033959032,0.0,1.0,1.0,1.0,0.0021708851110326,0.0021708851110328,151507.16358048815,0.8033368807564643,0.8033368807564643,0.19666311924353574,0.0,0.0,0.0,0.0,0.0
2013-12-26,196179.91352581093,0.0,1.0,1.0,1.0,0.0027510146624485,0.0027510146624484,151923.96200896404,0.8038764196017917,0.8038764196017917,0.19612358039820832,0.0,0.0,0.0,0.0,0.0
2013-12-27,196267.466270494,0.0,1.0,1.0,1.0,0.0004462880175117,0.000446288017511537,151991.7638527815,1.0,1.0,0.0,0.1959276527454629,0.0,29.76610527220721,0.0,29.76610527220721
2013-12-30,195879.1056922523,-0.0019787312977611604,0.9920850748089554,1.0,1.0,-0.0019787312977608,-0.0019787312977606,151691.01299264416,1.0,1.0,0.0,0.0,0.0,0.0,0.0,0.0
2013-12-31,196873.25060576308,0.0,1.0,0.9920850748089554,1.0,0.0050752984091761,0.005067383483984955,152459.689526552,1.0,0.9920850748089554,0.007914925191044642,0.0,0.007914925191044642,0.0,1.2006230199905594,1.2006230199905594
2014-01-02,195202.18497039864,-0.008488027856616953,0.9660478885735322,1.0,0.9920850748089554,-0.0084880278566169,-0.008428760676303318,151174.6432907492,1.0,1.0,0.0,0.0,0.007914925191044642,0.0,1.2067070372525515,1.2067070372525515
2014-01-03,195825.65046356717,-0.005321190862509373,0.9787152365499625,0.9660478885735322,1.0,0.003193947307829,0.003159995196402432,151652.35443736584,1.0,0.9660478885735322,0.03395211142646781,0.0,0.03395211142646781,0.0,5.132698333864042,5.132698333864042
2014-01-06,195843.3786208932,-0.005231142279111256,0.979075430883555,0.9787152365499625,0.9660478885735322,9.053031246963884e-05,7.478926923684893e-05,151663.69640613225,1.0,0.9787152365499625,0.02128476345003749,0.0,0.012667347976430321,0.0,1.92103314510306,1.92103314510306
2014-01-07,196342.29361767,-0.0026969483485409507,0.9892122066058362,0.979075430883555,0.9787152365499625,0.0025475203720959,0.0024929365413213413,152041.78437689494,0.7905233205490816,0.7739819606900907,0.22601803930990927,0.20582177175872454,0.0002847420206344809,31.215690705787456,0.043185027371576555,31.258875733159034
2014-01-08,196053.81751059025,-0.00416223683335093,0.9833510526665963,0.9892122066058362,0.979075430883555,-0.001469250978811,-0.0014465177683342925,151821.8532342645,0.790215093870411,0.7816904167007872,0.2183095832992128,0.0,0.008010233178925758,0.0,1.2178901457988798,1.2178901457988798
2014-01-09,196429.87393694476,-0.0022520919802669903,0.990991632078932,0.9833510526665963,0.9892122066058362,0.0019181285584208,0.0018928022575384251,152109.22198081002,0.790616717923418,0.7774537818258025,0.2225462181741975,0.0,0.004633926290685775,0.0,0.7035312772028954,0.7035312772028954
2014-01-10,196330.32934174823,-0.0027577198138615255,0.9889691207445539,0.990991632078932,0.9833510526665963,-0.000506769124275,-0.0005043726139867812,152032.50225490803,0.6040218818288666,0.5985806304849763,0.40141936951502366,0.18489995933854492,0.00461507715490194,28.124988959269487,0.7019957954135444,28.826984754683032
2014-01-13,194830.817506406,-0.010374355546386771,0.9585025778144529,0.9889691207445539,0.990991632078932,-0.0076376983646377,-0.007570117608871276,150881.5983324674,1.0,0.9889691207445539,0.011030879255446102,0.3912189124493394,0.002022511334378141,59.477990189116866,0.30748745900442176,59.78547764812129
2014-01-14,196698.44487872656,-0.0008879099953836844,0.9964483600184653,0.9585025778144529,0.9889691207445539,0.0095858930133532,0.009449685642037372,152307.38200587736,1.0,0.9585025778144529,0.041497422185547084,0.0,0.03046654293010098,0.0,4.596840692958371,4.596840692958371
2014-01-15,197430.08251429943,0.0,1.0,0.9964483600184653,0.9585025778144529,0.003719590340554,0.0035272911476305437,152844.61448614547,1.0,0.9964483600184653,0.0035516399815347377,0.0,0.037945782204012346,0.0,5.779422745658331,5.779422745658331
2014-01-16,197036.6373733211,-0.00199283278397977,0.9920286688640809,1.0,0.9964483600184653,-0.0019928327839798,-0.001989306599369239,152540.55968587016,1.0,1.0,0.0,0.0,0.0035516399815347377,0.0,0.5428490437712579,0.5428490437712579
2014-01-17,196356.93701587524,-0.00543557235431158,0.9782577105827537,0.9920286688640809,1.0,-0.0034496140743512,-0.003457585405487319,152013.1376729554,1.0,0.9920286688640809,0.00797133113591908,0.0,0.00797133113591908,0.0,1.2159513129144996,1.2159513129144996
2014-01-21,197221.056405316,-0.0010587348509480954,0.9957650605962076,0.9782577105827537,0.9920286688640809,0.0044007581426617,0.004351907283976322,152674.68475405447,1.0,0.9782577105827537,0.02174228941724632,0.0,0.013770958281327239,0.0,2.093366577107923,2.093366577107923
2014-01-22,197581.82942194707,0.0,1.0,0.9957650605962076,0.9782577105827537,0.0018292824468479,0.0017719921529416541,152945.22309739146,0.7951809207886789,0.791813377774087,0.208186622225913,0.20452929735286504,0.013921510704267991,31.226445996316947,2.1254622580743106,33.351908254391255
2014-01-23,195694.96913763596,-0.009549766240303459,0.9618009350387862,1.0,0.9957650605962076,-0.0095497662403034,-0.009512682738669707,151490.30371367093,0.7932060872621143,0.7932060872621143,0.20679391273788572,0.0,0.003359179714274306,0.0,0.5137704908239155,0.5137704908239155
2014-01-24,192825.02085713015,-0.024075131699780372,0.9036994732008785,0.9618009350387862,1.0,-0.0146654167613645,-0.014695598920961249,149264.0629698802,0.7901282302929148,0.7599460706962669,0.24005392930373315,0.0,0.030182159596647978,0.0,4.57230452403069,4.57230452403069
2014-01-27,192163.4113977978,-0.027423665627560934,0.8903053374897563,0.9036994732008785,0.9618009350387862,-0.003431139052346,-0.0033459383711470065,148764.63461415598,0.7894056518006045,0.7133854716740025,0.28661452832599754,0.0,0.04586562235272144,0.0,6.846089143009357,6.846089143009357
2014-01-28,193502.6570893033,-0.020645483162990974,0.9174180673480361,0.8903053374897563,0.9036994732008785,0.0069693063927405,0.006287581580733752,149700.00439062054,0.9911032383149684,0.8823845030751982,0.11761549692480178,0.17933789721340557,0.013274971277723419,26.679136751423343,1.9748462516439398,28.65398300306728
2014-01-29,191346.31370818504,-0.03155915567744716,0.8737633772902114,0.9174180673480361,0.8903053374897563,-0.011143740419663,-0.00994820037125293,148210.7587513652,0.9910029778354164,0.9091640366619164,0.09083596333808364,0.0,0.026868796026802526,0.0,4.022258883183026,4.022258883183026
2014-01-30,192827.90909521191,-0.024060513766085756,0.903757944935657,0.8737633772902114,0.9174180673480361,0.0077430045989095,0.007060307368961786,149257.1722635369,0.9910721065554164,0.8659625109619848,0.13403748903801516,0.0,0.04326494563663216,0.0,6.41233042014182,6.41233042014182
2014-01-31,190654.6587239141,-0.035059755840399776,0.8597609766384009,0.903757944935657,0.8737633772902114,-0.0112704140261395,-0.009877398749792437,147782.8996568235,0.990970338532158,0.8955973166440154,0.10440268335598457,0.0,0.02972372685373295,0.0,4.436479419321937,4.436479419321937
2014-02-03,186543.49155035667,-0.055867171105179914,0.7765313155792803,0.8597609766384009,0.903757944935657,-0.0215634236324157,-0.019531706362911027,144896.44745526687,0.990771336961498,0.8518265322913517,0.14817346770864825,0.0,0.04359093510212505,0.0,6.44199478814445,6.44199478814445
2014-02-04,188316.01162767,-0.04689610285209678,0.8124155885916129,0.7765313155792803,0.8597609766384009,0.0095019132674207,0.008086905438459462,146068.21132420632,0.990858201537596,0.7694324227925091,0.23056757720749088,0.0,0.08246879227162388,0.0,11.949435026084666,11.949435026084666
2014-02-05,187616.7064503382,-0.05043542212744567,0.7982583114902173,0.8124155885916129,0.7765313155792803,-0.0037134663764779,-0.00291917793417491,145641.81222482427,0.9908241272426366,0.8049609665245977,0.1950390334754023,0.0,0.03555500348918089,0.0,5.193455763290567,5.193455763290567
2014-02-06,190490.8667507836,-0.03588873881727406,0.8564450447309038,0.7982583114902173,0.8124155885916129,0.0153193196641374,0.012431624769999441,147452.376585226,0.990962574453524,0.7910441114332688,0.2089558885667312,0.0,0.01402933176365089,0.0,2.043257302361406,2.043257302361406
2014-02-07,192597.55825960587,-0.025226364068615892,0.8990945437255364,0.8564450447309038,0.7982583114902173,0.0110592782990401,0.008770494194320943,148745.60679800558,0.991061428602208,0.8487896495502915,0.15121035044970854,0.0,0.05766662697121031,0.0,8.503081196558654,8.503081196558654
2014-02-10,192379.19911948155,-0.026331522072077895,0.8946739117116884,0.8990945437255364,0.8564450447309038,-0.0011337586109476,-0.0010132697849613837,148594.8873689914,0.9910512829171584,0.89104880102301,0.10895119897699002,0.0,0.04226784069440476,0.0,6.287155612130669,6.287155612130669
2014-02-11,194487.94866954917,-0.015658731177100038,0.9373650752915998,0.8946739117116884,0.8990945437255364,0.0109614218154527,0.009850973043797822,150058.69159890953,0.9911483100247566,0.8867545356162783,0.11324546438372174,0.0,0.004381501949766795,0.0,0.6510687887326131,0.6510687887326131
2014-02-12,194180.5242756121,-0.017214665722480538,0.9311413371100778,0.9373650752915998,0.8946739117116884,-0.0015806860838428,-0.0014565112781857047,149840.12942220594,0.991134296130026,0.9290546741160086,0.07094532588399138,0.0,0.042312676365747315,0.0,6.349384853492144,6.349384853492144
2014-02-13,195000.151887527,-0.013066371244628727,0.9477345150214851,0.9311413371100778,0.9373650752915998,0.004220956838862,0.003950408732776191,150432.05917799572,0.9911715605917228,0.9229208122348593,0.07707918776514067,0.0,0.00616879228609345,0.0,0.9243326345269481,0.9243326345269481
2014-02-14,196479.4726554906,-0.005579241621972875,0.9776830335121085,0.9477345150214851,0.9311413371100778,0.0075862544395188,0.007047398592679514,151492.2138601406,0.789852380733328,0.748570362992866,0.25142963700713405,0.19250054576590483,0.01310616107725668,28.958253492453075,1.9715867987702211,30.929840291223297
2014-02-18,196692.19881473755,-0.004502593228396856,0.9819896270864126,0.9776830335121085,0.9477345150214851,0.0010826889769801,0.0010024399972355532,151644.07571458377,0.790079659172386,0.7724474778958711,0.2275525221041289,0.0,0.023661715281789644,0.0,3.5845656317666337,3.5845656317666337
2014-02-19,196129.0961533623,-0.00735256512623117,0.9705897394950753,0.9819896270864126,0.9776830335121085,-0.0028628622017979,-0.002804093135574054,151218.85160282202,0.9897170087302276,0.9718918363240759,0.02810816367592406,0.1958748401881315,0.004262308910177048,29.70325909607101,0.6463538950938332,30.349612991164847
2014-02-20,196990.34407083772,-0.0029936222011903713,0.9880255111952385,0.9705897394950753,0.9819896270864126,0.0043912297275972,0.004305361686824123,151869.90345283836,0.7927994097785331,0.769482972608796,0.23051702739120405,0.19220150859028298,0.0090378241539538,29.06449140535253,1.3666893895491399,30.43118079490167
2014-02-21,196353.79226256424,-0.0062153344919197995,0.9751386620323208,0.9880255111952385,0.9705897394950753,-0.0032313858391179,-0.00315016129743005,151391.48876073677,0.7921276941530746,0.782642369947497,0.21735763005250297,0.0,0.013811357632629704,0.0,2.0975295502200955,2.0975295502200955
2014-02-24,197967.42540724768,0.0,1.0,0.9751386620323208,0.9880255111952385,0.0082179881839292,0.008109352111247544,152619.17564974359,0.7938220620112529,0.7740865834413911,0.22591341655860886,0.0,0.010229865175335327,0.0,1.5487145187156308,1.5487145187156308
2014-02-25,197835.9443437733,-0.0006641550406785157,0.9973433798372859,1.0,0.9751386620323208,-0.0006641550406785,-0.0006673753296912298,152517.32137707714,0.7936850368885351,0.7936850368885351,0.2063149631114649,0.0,0.019732071941975803,0.0,3.011492553645782,3.011492553645782
2014-02-26,197204.0150153987,-0.003856242461498516,0.9845750301540059,0.9973433798372859,1.0,-0.0031942088707425,-0.003196317862986514,152029.82753834475,0.9932639600419187,0.9906252349787742,0.009374765021225806,0.19887130561436944,0.0026387250631445766,30.331318831065722,0.4024512784813695,30.73377010954709
2014-02-27,197658.4421867721,-0.001560778091849957,0.9937568876326002,0.9845750301540059,0.9973433798372859,0.0023043505039079,0.002285546180590459,152377.29873001084,0.993279446552642,0.9779581410409218,0.022041858959078175,0.0,0.01268253930679896,0.0,1.9281242635609244,1.9281242635609244
2014-02-28,198726.63145603056,0.0,1.0,0.9937568876326002,0.9845750301540059,0.0054042177882243,0.005311737409798645,153186.68692807909,0.9933155706645606,0.9871141899406138,0.01288581005938616,0.0,0.009120482001110496,0.0,1.3897544104449011,1.3897544104449011
2014-03-03,196775.46779855632,-0.009818330050574753,0.960726679797701,1.0,0.9937568876326002,-0.0098183300505747,-0.00976323407973484,151691.0894457012,0.9932492899653648,0.9932492899653648,0.006750710034635232,0.0,0.006200966926093866,0.0,0.949905579158914,0.949905579158914
2014-03-04,199951.07157847815,0.0,1.0,0.960726679797701,1.0,0.01613820978524,0.016099197377179505,154133.19423504692,0.9933565040959714,0.954344096035574,0.04565590396442598,0.0,0.039012408060397435,0.0,5.917834680581941,5.917834680581941
2014-03-05,199055.79582561343,-0.0044774741430346765,0.9820901034278613,1.0,0.960726679797701,-0.0044774741430346,-0.004340640101896483,153464.15751111688,0.9933266242285078,0.9933266242285078,0.006673375771492185,0.0,0.039011234578794934,0.0,6.012926196682379,6.012926196682379
2014-03-06,200501.1565385362,0.0,1.0,0.9820901034278613,1.0,0.0072610832903805,0.00724329205169353,154575.74322343702,0.9933747308595576,0.9755834921724869,0.024416507827513145,0.0,0.0177912386870708,0.0,2.7303174561905093,2.7303174561905093
2014-03-07,200674.1460317775,0.0,1.0,1.0,0.9820901034278613,0.0008627855131999,0.0008295417729193295,154703.97025952092,0.993380442118202,0.993380442118202,0.006619557881798022,0.0,0.01779134097512242,0.0,2.750109754171137,2.750109754171137
2014-03-10,200685.25864010336,0.0,1.0,1.0,1.0,5.5376382785743417e-05,5.537638278574693e-05,154712.53720579649,0.993380808665075,0.993380808665075,0.006619191334924945,0.0,0.0,0.0,0.0,0.0
2014-03-11,199070.28879919997,-0.008047276874479259,0.967810892502083,1.0,1.0,-0.0080472768744792,-0.0080472768744791,153467.52258294827,0.9933271100722736,0.9933271100722736,0.006672889927726411,0.0,0.0,0.0,0.0,0.0
2014-03-12,198711.03929188996,-0.009837390955325986,0.960650436178696,0.967810892502083,1.0,-0.0018046364903422,-0.001836610415142263,153185.66253258634,0.9933150461606388,0.9613411213604756,0.03865887863952444,0.0,0.03197392480016323,0.0,4.9069590263345395,4.9069590263345395
2014-03-13,196621.6136107316,-0.02024884666122506,0.9190046133550998,0.960650436178696,0.967810892502083,-0.0105148948372674,-0.01018354183735637,151625.68992930258,0.9932440076111488,0.9541602891435262,0.04583971085647376,0.0,0.007112080334965407,0.0,1.0894687380966543,1.0894687380966543
2014-03-14,196011.6135901718,-0.02328843225258015,0.9068462709896794,0.9190046133550998,0.960650436178696,-0.0031024057292474,-0.003021691005360639,151167.5239458616,0.9932229825533953,0.912776503056882,0.08722349694311804,0.0,0.04136358835574258,0.0,6.271782622391135,6.271782622391135
2014-03-17,197487.29085028952,-0.01593524014411485,0.9362590394235406,0.9068462709896794,0.9190046133550998,0.0075285195253949,0.0069066676148100935,152211.58778790952,0.9932736222198484,0.9007464803824811,0.09925351961751894,0.0,0.01207656076149011,0.0,1.825583788096209,1.825583788096209
2014-03-18,198401.40065267408,-0.011380297700515296,0.9544788091979388,0.9362590394235406,0.9068462709896794,0.0046287019202542,0.004168305237334024,152846.0521464688,0.9933046131697264,0.9299904229812597,0.07000957701874033,0.0,0.02921583857144724,0.0,4.446989177515235,4.446989177515235
2014-03-19,197280.2107444384,-0.01696710520114164,0.9321315791954334,0.9544788091979388,0.9362590394235406,-0.0056511189162341,-0.005309008256260582,152034.59119368636,0.99326656170923,0.9480518850363568,0.051948114963643155,0.0,0.018097088078950264,0.0,2.766068468214471,2.766068468214471
2014-03-20,197820.62765955273,-0.01427424714681158,0.9429030114127537,0.9321315791954334,0.9544788091979388,0.0027393366677532,0.002592441633248967,152428.73199759086,0.993284956474186,0.9258722750693503,0.07412772493064967,0.0,0.02219716738035718,0.0,3.374737268330434,3.374737268330434
2014-03-21,197850.8797313782,-0.014123503280368821,0.9435059868785247,0.9429030114127537,0.9321315791954334,0.0001529267811117,0.00013184876933817767,152448.82953831652,0.9932859832271592,0.9365723447789663,0.06342765522103366,0.0,0.010699112640745637,0.0,1.6308521733282533,1.6308521733282533
2014-03-24,197768.09353771733,-0.014536020842554787,0.9418559166297809,0.9435059868785247,0.9429030114127537,-0.0004184272204059,-0.0003951352115615068,152388.5916378046,0.9932831727237922,0.9371686201305937,0.06283137986940635,0.0,0.0005989253837156635,0.0,0.09130547372824,0.09130547372824
2014-03-25,198896.36378455168,-0.008913932531336433,0.9643442698746543,0.9418559166297809,0.9435059868785247,0.0057050165507064,0.005381078220949396,153208.60656938795,0.9933212749606792,0.9355655199359532,0.06443448006404684,0.0,0.0016390498832569384,0.0,0.2497725033336329,0.2497725033336329
2014-03-26,198280.06367377716,-0.011984911012520083,0.9520603559499197,0.9643442698746543,0.9418559166297809,-0.0030985991852626,-0.002940771668784681,152758.0550397747,0.993300515944844,0.957883660814948,0.042116339185051976,0.0,0.02233769288088267,0.0,3.4223268002549716,3.4223268002549716
2014-03-27,199190.69412196815,-0.007447305936982063,0.9702107762520717,0.9520603559499197,0.9643442698746543,0.0045926475477093,0.004421442469874138,153433.46599194294,0.8004831579973407,0.762108280334864,0.237891719665136,0.1846307761512303,0.009833066211039063,28.203838265345965,1.5020800694756542,29.705918334821618
2014-03-28,200774.26792221784,0.0,1.0,0.9702107762520717,0.9520603559499197,0.0079500390679898,0.0075543593566048586,154592.55753137547,0.8020568140588156,0.778164164166267,0.221835835833733,0.0,0.014557668281372543,0.0,2.2336335011719606,2.2336335011719606
2014-03-31,201197.89258898055,0.0,1.0,1.0,0.9702107762520717,0.002109954981516,0.002023195995271089,154905.32857467164,0.8024735859002262,0.8024735859002262,0.19752641409977378,0.0,0.02390506520218416,0.0,3.6955451675599367,3.6955451675599367
2014-04-01,201859.6904034433,0.0,1.0,1.0,1.0,0.0032892880037003,0.0032892880037003,155414.85681366158,0.8031211770507359,0.8031211770507359,0.19687882294926407,0.0,0.0,0.0,0.0,0.0
2014-04-02,202546.87862604807,0.0,1.0,1.0,1.0,0.0034042865181818,0.0034042865181815444,155943.93351543744,1.0,1.0,0.0,0.1966821408084556,0.0,30.567326751550553,0.0,30.567326751550553
2014-04-03,202607.46143379057,0.0,1.0,1.0,1.0,0.0002991051165708,0.0002991051165711,155990.57714385015,1.0,1.0,0.0,0.0,0.0,0.0,0.0,0.0
2014-04-04,201074.01729692076,-0.007568547209555354,0.9697258111617786,1.0,1.0,-0.0075685472095553,-0.0075685472095556,154809.9550964911,1.0,1.0,0.0,0.0,0.0,0.0,0.0,0.0
2014-04-07,197931.09432089783,-0.023080922488241673,0.9076763100470333,0.9697258111617786,1.0,-0.0156306767939184,-0.015660950982756425,152385.48397808222,1.0,0.9697258111617786,0.030274188838221416,0.0,0.030274188838221416,0.0,4.686745814627749,4.686745814627749
2014-04-08,198366.81468130084,-0.020930358252751358,0.9162785669889946,0.9076763100470333,0.9697258111617786,0.0022013739776358,0.002072679665018368,152701.33027196757,1.0,0.9076763100470333,0.09232368995296669,0.0,0.062049501114745276,0.0,9.455443257969012,9.455443257969012
2014-04-09,200053.6364139555,-0.012604792546939914,0.9495808298122403,0.9162785669889946,0.9076763100470333,0.0085035480121247,0.007709866825011353,153878.63719236653,1.0,0.9162785669889946,0.08372143301100543,0.0,0.008602256941961262,0.0,1.3135760783787525,1.3135760783787525
2014-04-10,195826.97433465652,-0.033466127314120686,0.8661354907435173,0.9495808298122403,0.9162785669889946,-0.0211276443411061,-0.019391831724971536,150894.64855386422,0.5853469024401207,0.5558341973471143,0.44416580265288574,0.3858135071610557,0.019493376387833702,59.36845669235062,2.999614192837707,62.368070885188324
2014-04-11,194688.60397322563,-0.03908472770215676,0.843661089191373,0.8661354907435173,0.9495808298122403,-0.0058131437984916,-0.005568692066821863,150054.36272153642,0.5829223702029764,0.5048897531811293,0.4951102468188707,0.0,0.04864215483233109,0.0,7.339840858327248,7.339840858327248
2014-04-14,195808.51445222503,-0.03355723887684825,0.865771044492607,0.843661089191373,0.8661354907435173,0.0057523165513755,0.004969131076363046,150800.00251847986,0.5853078109457991,0.4938014252947511,0.5061985747052489,0.0,0.013154442774802454,0.0,1.9738815275299015,1.9738815275299015
2014-04-15,196190.81089445975,-0.03167035653041683,0.8733185738783327,0.865771044492607,0.843661089191373,0.0019523994822401,0.0016342044778572483,151046.44055785646,0.5861158780911214,0.5074421559686517,0.4925578440313483,0.0,0.012958995865938242,0.0,1.954216609220457,1.954216609220457
2014-04-16,197670.95976719225,-0.02436485621834561,0.9025405751266176,0.8733185738783327,0.865771044492607,0.007544435266791,0.006521240844477468,152031.45077543528,0.9897351708304368,0.8643541079068651,0.13564589209313493,0.3520685247668903,0.007470055285928939,53.1786974984943,1.128325261709967,54.30702276020427
2014-04-17,197994.568989634,-0.022767633588183567,0.9089294656472657,0.9025405751266176,0.8733185738783327,0.0016371105944086,0.0014007965569292648,152244.4159082265,0.9897519480248974,0.893291292403081,0.10670870759691897,0.0,0.028922532660675952,0.0,4.397134600502476,4.397134600502476
2014-04-21,198270.95650973852,-0.021403480865728963,0.9143860765370841,0.9089294656472657,0.9025405751266176,0.0013959348557635,0.0012535643394520535,152435.26407888977,0.9897662336959868,0.899627693909,0.10037230609100001,0.0,0.006323508108117933,0.0,0.9627187984113492,0.9627187984113492
2014-04-22,199287.5951678121,-0.01638570584955157,0.9344571766017937,0.9143860765370841,0.9089294656472657,0.0051275218315884,0.004655154624402408,153144.87380338862,0.989818439867844,0.9050761997148157,0.09492380028518432,0.0,0.005401054077925951,0.0,0.8233111046730068,0.8233111046730068
2014-04-23,198929.2434697068,-0.018154405262541418,0.9273823789498343,0.9344571766017937,0.9143860765370841,-0.0017981635926891,-0.0016640821293175138,152890.02815569582,0.9898000987768156,0.9249258057031596,0.07507419429684037,0.0,0.01986637682660889,0.0,3.0424337720415826,3.0424337720415826
2014-04-24,199419.25101981775,-0.015735898329759634,0.9370564066809615,0.9273823789498343,0.9344571766017937,0.0024632253235588,0.002294775768456977,153240.87648754622,0.9898251616961886,0.9179464131982158,0.0820535868017842,0.0,0.007002812729818526,0.0,1.0706602354310195,1.0706602354310195
2014-04-25,196821.5026144476,-0.02855748143921999,0.88577007424312,0.9370564066809615,0.9273823789498343,-0.0130265678568415,-0.012090183785541967,151388.16612735426,0.989690869103014,0.9273961695266281,0.07260383047337193,0.0,0.00957429691294587,0.0,1.4671736506918331,1.4671736506918331
2014-04-28,196492.1486916607,-0.030183057913334865,0.8792677683466605,0.88577007424312,0.9370564066809615,-0.0016733635218306,-0.0016187927375415248,151143.10006347758,0.9896735892639767,0.8766232486388078,0.1233767513611922,0.0,0.050756728703944036,0.0,7.68396807711373,7.68396807711373
2014-04-29,197515.82255937048,-0.025130559547946185,0.8994777618082153,0.8792677683466605,0.88577007424312,0.0052097443817773,0.0046082001594217005,151839.59772128557,0.9897271084032576,0.8702351458779257,0.12976485412207428,0.0,0.006435508412856316,0.0,0.9726826920036941,0.9726826920036941
2014-04-30,197966.18917175307,-0.022907706503959124,0.9083691739841635,0.8994777618082153,0.8792677683466605,0.0022801546050683,0.001984863600376794,152140.9786118984,0.9897504788960028,0.8902585455059857,0.10974145449401429,0.0,0.02000285070705887,0.0,3.0372248046387513,3.0372248046387513
2014-05-01,198978.7486252697,-0.01791006502347725,0.928359739906091,0.9083691739841635,0.8994777618082153,0.0051148100478821,0.004591857150729436,152839.58825245642,0.9898026364734304,0.8991062033007172,0.10089379669928278,0.0,0.008800743213725532,0.0,1.3389536850482262,1.3389536850482262
2014-05-02,199186.85909542444,-0.016882904085365746,0.932468383658537,0.928359739906091,0.9083691739841635,0.0010458929488328,0.0009302699861693553,152981.77033410617,0.989813290680879,0.9189028090920929,0.08109719090790712,0.0,0.019786927837756093,0.0,3.024225903503709,3.024225903503709
2014-05-05,199029.21256009897,-0.01766099258324172,0.9293560296670331,0.932468383658537,0.928359739906091,-0.0007914504804252,-0.0007388175191977689,152868.74472206543,0.989805222018948,0.9229620755127879,0.07703792448721214,0.0,0.004066757041586594,0.0,0.6221396917406095,0.6221396917406095
2014-05-06,196660.3573862911,-0.029352838268707493,0.88258864692517,0.9293560296670331,0.932468383658537,-0.0119020476609309,-0.011101363386650638,151171.69323644464,0.9896824217103998,0.9197673260720315,0.08023267392796851,0.0,0.0030802420355316,0.0,0.47087273341185537,0.47087273341185537
2014-05-07,196876.28669712937,-0.028287086250937787,0.8868516549962489,0.88258864692517,0.9293560296670331,0.0010979808727495,0.0009741297587165934,151318.95408150184,0.9896937377891768,0.8734924569056636,0.12650754309433643,0.0,0.04628538583241153,0.0,6.997040148387796,6.997040148387796
2014-05-08,197103.0505458041,-0.027167858720668292,0.8913285651173268,0.8868516549962489,0.88258864692517,0.0011518088464534,0.0010106450741502293,151471.88383706988,0.990119246239938,0.8780888921715274,0.12191110782847259,0.3552082378829358,0.004220886338051335,53.749739037579154,0.6387001059708285,54.38843914354998
2014-05-09,197660.68542330823,-0.02441556680822876,0.902337732767085,0.8913285651173268,0.8868516549962489,0.0028291539677343,0.002504607078854544,151851.26138957567,0.990147121550098,0.8825464131063002,0.11745358689369978,0.0,0.004432799669823864,0.0,0.6714445166605622,0.6714445166605622
2014-05-12,199917.88606791184,-0.0132748090659911,0.9469007637360356,0.902337732767085,0.8913285651173268,0.0114195730919863,0.010167689777955444,153395.23790777609,0.9902583668419812,0.8935474895898297,0.10645251041017034,0.0,0.010901920377139052,0.0,1.6554703608372836,1.6554703608372836
2014-05-13,200286.9716081891,-0.011453131139297912,0.9541874754428084,0.9469007637360356,0.902337732767085,0.0018461856892177,0.0016217532948238642,153644.00714026333,0.990276318563496,0.937693402357484,0.062306597642516004,0.0,0.044129714251963506,0.0,6.769288016482119,6.769288016482119
2014-05-14,199361.8762423008,-0.016019080287180798,0.9359236788512768,0.9541874754428084,0.9469007637360356,-0.0046188494361881,-0.0043808075879706926,152970.92230793706,0.9902311979375976,0.9448662068647842,0.055133793135215825,0.0,0.0072155292624235,0.0,1.1086228295165752,1.1086228295165752
2014-05-15,197679.7329431421,-0.024321554871555295,0.9027137805137788,0.9359236788512768,0.9541874754428084,-0.0084376377814293,-0.008069172156325915,151736.57360092233,0.9901480709286452,0.9267030251510325,0.07329697484896747,0.0,0.018083862962938124,0.0,2.7663051963309884,2.7663051963309884
2014-05-16,198791.77531178633,-0.018832900303877298,0.9246683987844908,0.9027137805137788,0.9359236788512768,0.0056254748632429,0.005245546465484139,152532.51484825934,0.7888845526623058,0.7121369569227114,0.2878630430772886,0.18293837495929888,0.026198775793937756,27.758442196444786,3.975312471510899,31.733754667955687
2014-05-19,198975.9236755776,-0.017924007993159297,0.9283039680273628,0.9246683987844908,0.9027137805137788,0.0009263379408048,0.0008188940757991358,152657.42282103532,0.7890799359201399,0.7296372808602444,0.2703627191397556,0.0,0.01732394877820455,0.0,2.6424654742419698,2.6424654742419698
2014-05-20,197584.7911404727,-0.024790154606222248,0.900839381575111,0.9283039680273628,0.9246683987844908,-0.0069914616271519,-0.006467646983786616,151670.0885007742,0.7875949139113392,0.7311274837820654,0.2688725162179346,0.0,0.0028633558448584897,0.0,0.4371125238956453,0.4371125238956453
2014-05-21,199526.06865558695,-0.015208683611144136,0.9391652655554235,0.900839381575111,0.9283039680273628,0.0098250351350883,0.009098931375455995,153050.12422775207,0.7896614970926656,0.7113581746946332,0.28864182530536675,0.0,0.021687726454916102,0.0,3.2893793907977074,3.2893793907977074
2014-05-22,200629.07279526288,-0.009764638599818798,0.9609414456007248,0.9391652655554235,0.900839381575111,0.0055281204461552,0.004934256340145364,153805.31277358287,0.9910579290510524,0.9307671831180396,0.06923281688196037,0.18890919869219025,0.03798317120657936,28.91257632760482,5.813329071730947,34.725905399335765
2014-05-23,202016.14728197135,-0.0029185211029971736,0.9883259155880113,0.9609414456007248,0.9391652655554235,0.0069136265616098,0.006471421947501675,154800.6518503082,0.7987420784809768,0.7675443675576374,0.23245563244236256,0.1863276743087467,0.017393551310759973,28.65818622543108,2.6752205995948004,31.333406825025882
2014-05-27,202799.16420769395,0.0,1.0,0.9883259155880113,0.9609414456007248,0.0038760115775777,0.0037027257605034554,155373.83621165706,0.7995191445975991,0.7901854906145658,0.20981450938543422,0.0,0.021894408019493924,0.0,3.389268633294275,3.389268633294275
2014-05-28,202999.54378582432,0.0,1.0,1.0,0.9883259155880113,0.0009880690530121,0.000967198287275113,155524.11351992833,0.7997170379942027,0.7997170379942027,0.20028296200579732,0.0,0.009335964207249891,0.0,1.4505645736151376,1.4505645736151376
2014-05-29,203546.6262447898,0.0,1.0,1.0,1.0,0.0026949935392104,0.0026949935392104,155943.25000105597,0.800255348539381,0.800255348539381,0.19974465146061904,0.0,0.0,0.0,0.0,0.0
2014-05-30,203610.29436175115,0.0,1.0,1.0,1.0,0.0003127937718052,0.0003127937718052351,155992.02807841136,1.0,1.0,0.0,0.1995451063542649,0.0,31.117712406690437,0.0,31.117712406690437
2014-06-02,204100.756294778,0.0,1.0,1.0,1.0,0.0024088267961317,0.0024088267961316,156367.78585562957,1.0,1.0,0.0,0.0,0.0,0.0,0.0,0.0
2014-06-03,204156.7827858835,0.0,1.0,1.0,1.0,0.0002745040837799,0.00027450408378,156410.70945141854,1.0,1.0,0.0,0.0,0.0,0.0,0.0,0.0
2014-06-04,204553.05740736745,0.0,1.0,1.0,1.0,0.0019410308884988,0.0019410308884987,156714.30746975573,1.0,1.0,0.0,0.0,0.0,0.0,0.0,0.0
2014-06-05,206540.23247018273,0.0,1.0,1.0,1.0,0.0097147169932436,0.0097147169932435,158236.74261561656,1.0,1.0,0.0,0.0,0.0,0.0,0.0,0.0
2014-06-06,207429.4477707849,0.0,1.0,1.0,1.0,0.0043052885627528,0.0043052885627526,158917.9974538068,1.0,1.0,0.0,0.0,0.0,0.0,0.0,0.0
2014-06-09,208255.98384879553,0.0,1.0,1.0,1.0,0.0039846612276766,0.0039846612276769,159551.231836641,1.0,1.0,0.0,0.0,0.0,0.0,0.0,0.0
2014-06-10,208126.46530447292,-0.0006219199176367152,0.9975123203294531,1.0,1.0,-0.0006219199176367,-0.0006219199176369,159452.0037476783,1.0,1.0,0.0,0.0,0.0,0.0,0.0,0.0
2014-06-11,207370.1619664503,-0.004253524273225118,0.9829859029070995,0.9975123203294531,1.0,-0.0036338643281917,-0.003636352007862347,158872.18013369275,1.0,0.9975123203294531,0.0024876796705468607,0.0,0.0024876796705468607,0.0,0.39666550815106116,0.39666550815106116
2014-06-12,205435.1149039065,-0.013545199963796106,0.9458192001448156,0.9829859029070995,0.9975123203294531,-0.0093313668861234,-0.009322679851844632,157391.06566094173,1.0,0.9829859029070995,0.01701409709290047,0.0,0.01452641742235361,0.0,2.3078436054213753,2.3078436054213753
2014-06-13,206210.0851350291,-0.009823961242102164,0.9607041550315913,0.9458192001448156,0.9829859029070995,0.0037723357639469,0.0036709861742297042,157968.84608693034,1.0,0.9458192001448156,0.054180799855184425,0.0,0.037166702762283954,0.0,5.849706954859339,5.849706954859339
2014-06-16,206609.5420162835,-0.007905856062735972,0.9683765757490561,0.9607041550315913,0.9458192001448156,0.0019371355236714,0.0018172950166845,158255.92208371553,1.0,0.9607041550315913,0.039295844968408655,0.0,0.01488495488677577,0.0,2.3513591475199833,2.3513591475199833
2014-06-17,207351.0849511036,-0.004345127957278372,0.9826194881708865,0.9683765757490561,0.9607041550315913,0.0035891030374659,0.0034403937802123387,158800.3847737341,1.0,0.9683765757490561,0.03162342425094389,0.0,0.007672420717464767,0.0,1.2142060152565892,1.2142060152565892
2014-06-18,208886.80537705004,0.0,1.0,0.9826194881708865,0.9683765757490561,0.0074063775760258,0.0071579196433545315,159937.06516727826,1.0,0.9826194881708865,0.017380511829113487,0.0,0.0142429124218304,0.0,2.2617799728852646,2.2617799728852646
2014-06-19,208231.07405231657,-0.003139170631432875,0.9874433174742685,1.0,0.9826194881708865,-0.0031391706314329,-0.0031019907509688863,159440.94187039227,1.0,1.0,0.0,0.0,0.017380511829113487,0.0,2.7797880530535743,2.7797880530535743
2014-06-20,207801.02040462696,-0.005197958628661015,0.9792081654853559,0.9874433174742685,1.0,-0.0020652712360382,-0.0020778279185638317,159109.65103001185,1.0,0.9874433174742685,0.0125566825257315,0.0,0.0125566825257315,0.0,2.0020492886701264,2.0020492886701264
2014-06-23,207331.61993192128,-0.007445110964867219,0.9702195561405311,0.9792081654853559,0.9874433174742685,-0.0022588939736275,-0.002238764911130284,158753.44192626365,1.0,0.9792081654853559,0.02079183451464406,0.0,0.008235151988912559,0.0,1.3102921591349854,1.3102921591349854
2014-06-24,206441.4585266007,-0.011706564452624857,0.9531737421895006,0.9702195561405311,0.9792081654853559,-0.0042934184646454,-0.0042131390277712006,158084.5916042911,1.0,0.9702195561405311,0.029780443859468875,0.0,0.008988609344824816,0.0,1.4269726716215172,1.4269726716215172
2014-06-25,207914.66069641965,-0.004653930528908279,0.9813842778843669,0.9531737421895006,0.9702195561405311,0.0071361740046469,0.0069066097613789835,159176.42018778893,1.0,0.9531737421895006,0.04682625781049943,0.0,0.017045813951030553,0.0,2.6946805370113927,2.6946805370113927
2014-06-26,208349.29023560524,-0.002573236449638694,0.9897070542014452,0.9813842778843669,0.9531737421895006,0.0020904227615783,0.001964325550716641,159489.0944970354,1.0,0.9813842778843669,0.018615722115633115,0.0,0.028210535694866312,0.0,4.490452083488658,4.490452083488658
2014-06-27,209023.1112794632,0.0,1.0,0.9897070542014452,0.9813842778843669,0.0032340933011865,0.0031655655426786012,159993.96767900823,1.0,0.9897070542014452,0.010292945798554776,0.0,0.00832277631707834,0.0,1.3273920585121954,1.3273920585121954
2014-06-30,208901.89319145313,-0.000579926723260793,0.9976802931069568,1.0,0.9897070542014452,-0.0005799267232607,-0.0005842513475866639,159900.49098778603,0.8075706947808884,0.8075706947808884,0.1924293052191116,0.1925102205432198,0.008312281389880907,30.80047400347066,1.3299148800314273,32.130388883502086
2014-07-01,210545.68008027095,0.0,1.0,0.9976802931069568,1.0,0.0078687026895984,0.007866825877285424,161158.40030807938,0.8090730422468773,0.8071962299338018,0.1928037700661982,0.0,0.0018768123130754907,0.0,0.3001032103526934,0.3001032103526934
2014-07-02,211308.87849790804,0.0,1.0,1.0,0.9976802931069568,0.0036248590678569,0.003614572045346013,161740.91895670563,0.809762625917366,0.809762625917366,0.19023737408263397,0.0,0.0018784119450692535,0.0,0.3027218641869488,0.3027218641869488
2014-07-03,212689.7202485937,0.0,1.0,1.0,1.0,0.006534707677696,0.006534707677696,162797.84858160964,0.8109977006937448,0.8109977006937448,0.18900229930625523,0.0,0.0,0.0,0.0,0.0
2014-07-07,211289.54855438456,-0.006583165808731084,0.9736673367650757,1.0,1.0,-0.0065831658087309,-0.006583165808730834,161726.12335109225,1.0,1.0,0.0,0.1888134858204348,0.0,30.738429274761046,0.0,30.738429274761046
2014-07-08,209368.29418160825,-0.015616298066043477,0.9375348077358261,0.9736673367650757,1.0,-0.0090929929375177,-0.009119325600752824,160251.29017410614,1.0,0.9736673367650757,0.026332663234924336,0.0,0.026332663234924336,0.0,4.258679542494145,4.258679542494145
2014-07-09,210327.5155179403,-0.01110634180106318,0.9555746327957473,0.9375348077358261,0.9736673367650757,0.0045815023716058,0.004424726683515242,160960.35833380726,1.0,0.9375348077358261,0.06246519226417391,0.0,0.03613252902924957,0.0,5.790284394190587,5.790284394190587
2014-07-10,208565.6226880875,-0.01939020633289623,0.9224391746684151,0.9555746327957473,0.9375348077358261,-0.0083769012604656,-0.00787167633771263,159693.33048980127,1.0,0.9555746327957473,0.04442536720425272,0.0,0.01803982505992119,0.0,2.9036967059241108,2.9036967059241108
2014-07-11,209038.93529416103,-0.01716483970248106,0.9313406411900758,0.9224391746684151,0.9555746327957473,0.0022693701865785,0.00213541712459013,160034.34236241205,1.0,0.9224391746684151,0.07756082533158493,0.0,0.03313545812733221,0.0,5.2915116656590335,5.2915116656590335
2014-07-14,210226.887507323,-0.01157946297729906,0.9536821480908038,0.9313406411900758,0.9224391746684151,0.0056829231907935,0.005229669222726131,160871.26903724397,1.0,0.9313406411900758,0.06865935880992424,0.37459762905467436,0.008901466521660684,59.94848521628359,1.424540340854995,61.37302555713859
2014-07-15,209765.2950547989,-0.013749725141284252,0.945001099434863,0.9536821480908038,0.9313406411900758,-0.0021956870407837,-0.002067268741261324,160538.70489139622,0.8002237219215323,0.763159078075345,0.236840921924655,0.19029503601567122,0.01787820380543616,30.61300393532908,2.8760893342869998,33.48909326961608
2014-07-16,209826.43942507452,-0.01346224359208581,0.9461510256316568,0.945001099434863,0.9536821480908038,0.0002914894490038,0.0002710409974327166,160582.21746209657,0.8002819376294888,0.7562673109177294,0.24373268908227064,0.0,0.00694728643903215,0.0,1.1153083674317812,1.1153083674317812
2014-07-17,207631.58589897052,-0.023781752797978117,0.9048729888080875,0.9461510256316568,0.945001099434863,-0.01046032869889,-0.009885939958341226,158994.71130188898,0.7981707371995415,0.7551900616305217,0.24480993836947829,0.0,0.0009178374402199494,0.0,0.14738837142025396,0.14738837142025396
2014-07-18,209417.76935297312,-0.015383681410630845,0.9384652743574766,0.9048729888080875,0.9461510256316568,0.0086026576653501,0.008106395393702193,160283.58529720962,0.7998921961323796,0.7238008422385713,0.27619915776142867,0.0,0.03301797952683803,0.0,5.249684122641294,5.249684122641294
2014-07-21,208877.09184202863,-0.017925776582473407,0.9282968936701064,0.9384652743574766,0.9048729888080875,-0.002581812959879,-0.0023764945892089957,159902.6722240118,0.9996142658976388,0.9381032762972752,0.06189672370272481,0.18724591569308743,0.033579327859276434,30.012446699547098,5.382215061155302,35.3946617607024
2014-07-22,210865.29750863963,-0.008577860452407604,0.9656885581903696,0.9282968936701064,0.9384652743574766,0.0095185434126716,0.008922657959877846,161329.4290751371,0.9996179029054216,0.9279421941241289,0.07205780587587107,0.0,0.010164495378653039,0.0,1.6253299728552395,1.6253299728552395
2014-07-23,211623.29494604003,-0.005013995510959379,0.9799440179561625,0.9656885581903696,0.9282968936701064,0.003594699774482,0.0032995712058798863,161861.74701397447,0.9996192715100384,0.9653208930438365,0.0346791069561635,0.0,0.03737742844829326,0.0,6.030079191859939,6.030079191859939
2014-07-24,212246.60910573657,-0.0020833688733955524,0.9916665245064178,0.9799440179561625,0.9656885581903696,0.0029453948340398,0.00283008404234007,162319.829361264,0.9996203896125128,0.9795720210277904,0.020427978972209604,0.0,0.014250048245187398,0.0,2.3065377039994535,2.3065377039994535
2014-07-25,210874.90049353312,-0.008532710245419461,0.9658691590183222,0.9916665245064178,0.9799440179561625,-0.0064628057804216,-0.006344905891355289,161289.92531966596,0.9996179203056555,0.9912876288638428,0.008712371136157193,0.0,0.011718027618535635,0.0,1.902068243491283,1.902068243491283
2014-07-28,211382.6893990821,-0.006145246925821857,0.9754190122967126,0.9658691590183222,0.9916665245064178,0.0024080101726688,0.0023823367644081597,161674.17223848365,1.0,0.9658691590183222,0.034130840981677846,0.7559653115816438,0.025797365488095636,121.92958864926135,4.160855153019073,126.09044380228042
2014-07-29,210480.5516476323,-0.010386814174090264,0.9584527433036389,0.9754190122967126,0.9658691590183222,-0.0042677938955852,-0.004131673358118991,161006.18736835,0.7760449182843887,0.7569689676908414,0.24303103230915857,0.2177354803193312,0.007411115107056394,35.20220354757653,1.1981859002974637,36.40038944787399
2014-07-30,211082.48663508956,-0.007556705663186669,0.9697731773472533,0.9584527433036389,0.9754190122967126,0.0028598128556074,0.0027763384087430005,161453.19503038598,0.7766835615060621,0.7444144902043258,0.2555855097956742,0.0,0.013177422227010297,0.0,2.1216465121138794,2.1216465121138794
2014-07-31,207714.93543439845,-0.023389869563891774,0.9064405217444329,0.9697731773472533,0.9584527433036389,-0.0159537214781479,-0.015299639526162256,158983.0193460739,0.7730630729792666,0.7496958325729349,0.25030416742706507,0.0,0.008751409529215638,0.0,1.4129430295112309,1.4129430295112309
2014-08-01,207011.43556737952,-0.02669750411339733,0.8932099835464107,0.9064405217444329,0.9697731773472533,-0.0033868525898134,-0.0033333900915656117,158453.06692465852,0.7722918590724445,0.7000366356766046,0.29996336432339543,0.0,0.04891129433549705,0.0,7.776065253581843,7.776065253581843
2014-08-04,208171.22332805092,-0.02124454776310536,0.9150218089475786,0.8932099835464107,0.9064405217444329,0.0056025299157635,0.005068137699505751,159256.12888674167,0.9738005411930968,0.8698083653765718,0.1301916346234282,0.17967877959597683,0.012883905257509981,28.470653688262285,2.041494302019189,30.512147990281473
2014-08-05,207040.26529390097,-0.026561955829786155,0.8937521766808554,0.9150218089475786,0.8932099835464107,-0.0054328259980859,-0.004873891666149831,158479.9317673773,0.9736574265753386,0.8909177797602105,0.10908222023978953,0.0,0.021237245789011722,0.0,3.3821615525742628,3.3821615525742628
2014-08-06,207167.43118470625,-0.025964061908741676,0.8961437523650333,0.8937521766808554,0.9150218089475786,0.0006142085000941,0.000541304493482308,158565.71766656978,0.97367359647616,0.8702228962272449,0.1297771037727551,0.0,0.020709679344865742,0.0,3.282068569498586,3.282068569498586
2014-08-07,206428.03521578995,-0.029440468610730353,0.8822381255570786,0.8961437523650333,0.8937521766808554,-0.003569074369885,-0.0031921963753987494,158059.54475737203,0.9735792990294916,0.8724670062572074,0.1275329937427926,0.0,0.002328388578177912,0.0,0.36920260590542464,0.36920260590542464
2014-08-08,208795.765283599,-0.018308148416592007,0.926767406333632,0.8822381255570786,0.8961437523650333,0.0114700024409666,0.01026522863043277,159682.06212152858,0.9738789080182828,0.8591931023296244,0.14080689767037557,0.0,0.01354239665104069,0.0,2.1405050495872513,2.1405050495872513
2014-08-11,209968.75279020233,-0.012793131023027704,0.9488274759078892,0.926767406333632,0.8822381255570786,0.0056178701948772,0.004912926645073392,160466.5683792657,0.974024833134026,0.9026944683081699,0.0973055316918301,0.0,0.0433726252779606,0.0,6.925830244009085,6.925830244009085
2014-08-12,209282.09378776967,-0.016021585137453553,0.9359136594501858,0.9488274759078892,0.926767406333632,-0.0032702913805405,-0.003052284636213563,159976.77873797575,0.9739396080588876,0.9241006600012331,0.07589933999876686,0.0,0.02148517551490386,0.0,3.4476523859028454,3.4476523859028454
2014-08-13,210655.5884391552,-0.009563846372363405,0.9617446145105464,0.9359136594501858,0.9488274759078892,0.0065628866116866,0.006214467666829569,160970.94925688647,0.97410952431513,0.911682409607053,0.08831759039294695,0.0,0.012579471606706354,0.0,2.0124233458667105,2.0124233458667105
2014-08-14,211520.41736690103,-0.005497693449057928,0.9780092262037683,0.9617446145105464,0.9359136594501858,0.0041054164959675,0.0038171504625845575,161585.39959030508,0.974215380915661,0.9369463959689774,0.06305360403102256,0.0,0.025164913723544517,0.0,4.05082005004661,4.05082005004661
2014-08-15,211000.04161775945,-0.007944336138386632,0.9682226554464535,0.9780092262037683,0.9617446145105464,-0.0024601679384878,-0.002381897466226502,161200.51973644173,0.9741517899780978,0.9527294383214953,0.04727056167850474,0.0,0.01584420059425082,0.0,2.5601914842109683,2.5601914842109683
2014-08-18,213663.39859835705,0.0,1.0,0.9682226554464535,0.9780092262037683,0.0126225424420649,0.012335426207803542,163188.99685231017,0.9744739930837742,0.9435077972470809,0.05649220275291911,0.0,0.009536758684477465,0.0,1.5373304565387917,1.5373304565387917
2014-08-19,214438.39567316865,0.0,1.0,1.0,0.9682226554464535,0.0036271868738193,0.0034809553793785646,163757.05046875862,0.9745662460622094,0.9745662460622094,0.02543375393779057,0.0,0.030969127391375237,0.0,5.053820832389926,5.053820832389926
2014-08-20,214823.20747760625,0.0,1.0,1.0,1.0,0.0017945098088874,0.0017945098088874,164050.91410209925,0.9746118054264016,0.9746118054264016,0.02538819457359842,0.0,0.0,0.0,0.0,0.0
2014-08-21,215405.39746994583,0.0,1.0,1.0,1.0,0.0027100889106699,0.00271008891067,164495.50666519263,0.9746804237292758,0.9746804237292758,0.02531957627072423,0.0,0.0,0.0,0.0,0.0
2014-08-22,215200.69498395533,-0.0009503127052286064,0.9961987491790856,1.0,1.0,-0.0009503127052286,-0.0009503127052285,164339.1844952557,0.9746563393265408,0.9746563393265408,0.025343660673459167,0.0,0.0,0.0,0.0,0.0
2014-08-25,216236.49139326363,0.0,1.0,0.9961987491790856,1.0,0.0048131647966356,0.004809459421957948,165129.5671345233,0.9747777382289886,0.9710723635513365,0.028927636448663474,0.0,0.0037053746776520504,0.0,0.6089382527747089,0.6089382527747089
2014-08-26,216965.01255251537,0.0,1.0,1.0,0.9961987491790856,0.0033690944324784,0.003352581962892288,165683.17754283873,0.9748624290792238,0.9748624290792238,0.025137570920776175,0.0,0.0037056966088160307,0.0,0.6119200769456621,0.6119200769456621
2014-08-27,216681.13462323655,-0.0013084041797297719,0.9947663832810809,1.0,1.0,-0.0013084041797295,-0.0013084041797296,165466.39698083082,0.9748294958864356,0.9748294958864356,0.025170504113564363,0.0,0.0,0.0,0.0,0.0
2014-08-28,215997.20020569276,-0.004460683939021548,0.9821572642439138,0.9947663832810809,1.0,-0.00315640961883,-0.003161511085658582,164943.27313247195,0.974749795899335,0.9696483290707533,0.030351670929246732,0.0,0.005101466828581727,0.0,0.8441213354426441,0.8441213354426441
2014-08-29,216625.3907371244,-0.0015653298722934084,0.9937386805108264,0.9821572642439138,0.9947663832810809,0.0029083271951368,0.0028808144658201444,165418.44409975168,0.9748230187984548,0.9574295092650837,0.042570490734916255,0.0,0.012291659484200303,0.0,2.02742654755379,2.02742654755379
2014-09-02,217476.96084096708,0.0,1.0,0.9937386805108264,0.9821572642439138,0.0039310724423622,0.0038496403826139927,166055.24562218727,0.974921603790692,0.9688173081524609,0.03118269184753908,0.0,0.011290972921106,0.0,1.8677351729817828,1.8677351729817828
2014-09-03,216695.81124847257,-0.0035918728562044366,0.9856325085751823,1.0,0.9937386805108264,-0.0035918728562045,-0.003575486722282682,165461.51729629975,0.974831200663532,0.974831200663532,0.025168799336467984,0.0,0.006103729595369106,0.0,1.0135563171704307,1.0135563171704307
2014-09-04,216569.62702326773,-0.0041720916744042436,0.983311633302383,0.9856325085751823,1.0,-0.0005823104031306,-0.0005963160713532634,165362.84993434546,0.974816536070499,0.9608108678477356,0.03918913215226438,0.0,0.014005668222763433,0.0,2.3173991148870074,2.3173991148870074
2014-09-05,217176.30933294425,-0.001382452223261832,0.9944701911069527,0.983311633302383,0.9856325085751823,0.0028013268435436,0.0027588162132730267,165819.05564581737,0.9748868861105624,0.9586176162664514,0.04138238373354863,0.0,0.002262590867750241,0.0,0.37414847412660357,0.37414847412660357
2014-09-08,217113.42694032608,-0.0016715973004001183,0.9933136107983995,0.9944701911069527,0.983311633302383,-0.0002895453597646,-0.0002955915711350617,165770.04093063492,0.9748796126189608,0.96948871466745,0.030511285332549987,0.0,0.01087825050990514,0.0,1.8038212266311018,1.8038212266311018
2014-09-09,215123.2718909895,-0.01082270480917169,0.9567091807633132,0.9933136107983995,0.9944701911069527,-0.0091664300885618,-0.009116868739720733,164258.73722649217,0.974647218116273,0.9681303474816904,0.031869652518309644,0.0,0.001127257780259384,0.0,0.18686556837297477,0.18686556837297477
2014-09-10,216012.37429068616,-0.006734444626306457,0.9730622214947742,0.9567091807633132,0.9933136107983995,0.0041329903170457,0.004069675309587011,164927.21695376677,0.9747515696344944,0.9325537756327708,0.06744622436722925,0.0,0.03568022563227639,0.0,5.860788806314038,5.860788806314038
2014-09-11,216706.3882893155,-0.0035432376315717162,0.9858270494737131,0.9730622214947742,0.9567091807633132,0.0032128437128116,0.003057815601985117,165431.53397096,0.9748324291064064,0.9485726090514268,0.05142739094857318,0.0,0.015941474419526067,0.0,2.6291830101520985,2.6291830101520985
2014-09-12,215491.23914931316,-0.009130722095688992,0.963477111617244,0.9858270494737131,0.9730622214947742,-0.0056073526470297,-0.005468744780114517,164526.83113308996,0.9746905098699308,0.960876269495103,0.039123730504897036,0.0,0.012441756691193977,0.0,2.0582588947176754,2.0582588947176754
2014-09-15,214273.62623802328,-0.014729535443923525,0.9410818582243059,0.963477111617244,0.9858270494737131,-0.0056504056317862,-0.0055747265237073695,163609.6390437108,0.5848859414438582,0.563524217487861,0.43647578251213903,0.37368156516208295,0.013072164444392659,61.480643768970765,2.150721792086574,63.631365561057336
2014-09-16,214634.71128641831,-0.01306919842707932,0.9477232062916827,0.9410818582243059,0.963477111617244,0.0016851586204731,0.001610503591104022,163873.13295492993,0.9861044496771644,0.9280050079054424,0.07199499209455762,0.37718024247266757,0.022084059022423903,61.71032332537247,3.6131649252787796,65.32348825065125
2014-09-17,215063.82372418756,-0.0110960586696085,0.955615765321566,0.9477232062916827,0.9410818582243059,0.0019992685954537,0.0018749261578833254,164180.38297848144,0.9861321751838066,0.9345803468925885,0.06541965310741149,0.0,0.006549247015835071,0.0,1.0732456269806188,1.0732456269806188
2014-09-18,216287.3866424593,-0.005469886069346286,0.9781204557226149,0.955615765321566,0.9477232062916827,0.0056893014226369,0.005384099260231031,165064.3464570203,0.986210627082762,0.9424384231679551,0.05756157683204488,0.0,0.007783725590148909,0.0,1.2779350483900545,1.2779350483900545
2014-09-19,214128.5211395817,-0.015396755998599687,0.9384129760056013,0.9781204557226149,0.955615765321566,-0.0099814674188395,-0.009560638862585402,163486.22585145605,0.9860716012241844,0.9644968039645277,0.03550319603547225,0.0,0.022191236098816777,0.0,3.662981883724628,3.662981883724628
2014-09-22,211081.98900404837,-0.029405284183620317,0.8823788632655187,0.9384129760056013,0.9781204557226149,-0.0142275868684834,-0.013924384943145544,161209.78070979833,0.5922140974760477,0.5557413936449691,0.4442586063550309,0.3645210200543447,0.023515329263659682,59.59416581220774,3.844432430970021,63.438598243177765
2014-09-23,209860.681912875,-0.03502108406628679,0.8599156637348528,0.8823788632655187,0.9384129760056013,-0.0057859370045538,-0.005462801720548687,160329.12364236757,0.9903610950504688,0.873873697273027,0.126126302726973,0.35101469079614667,0.055494005253449545,56.58700132916447,8.946176417616998,65.53317774678148
2014-09-24,211834.91065244033,-0.025943208727533085,0.8962271650898677,0.8599156637348528,0.8823788632655187,0.0094073302419981,0.00827858066851365,161656.42122595303,0.9904509263398948,0.8517042657203705,0.1482957342796295,0.0,0.02224869678370592,0.0,3.5671140575163327,3.5671140575163327
2014-09-25,208386.7728910623,-0.041798395171395164,0.8328064193144193,0.8962271650898677,0.8599156637348528,-0.0162774764119753,-0.014033215955422701,159387.86175630847,0.9902929195671192,0.8875274159122075,0.11247258408779248,0.0,0.03595902269072303,0.0,5.813006918965125,5.813006918965125
2014-09-26,210296.10379480803,-0.033018932296971615,0.8679242708121135,0.8328064193144193,0.8962271650898677,0.0091624380821129,0.008148815202687072,160686.68398731208,0.9903810525772948,0.8247956981537425,0.17520430184625746,0.0,0.06281070495632553,0.0,10.01126395839509,10.01126395839509
2014-09-29,209949.56715792863,-0.03461237297932884,0.8615505080826846,0.8679242708121135,0.8328064193144193,-0.0016478509616969,-0.0014071203561475747,160460.5784833117,0.9903651758230092,0.8595619730638959,0.14043802693610408,0.0,0.03477949717304024,0.0,5.588602071481931,5.588602071481931
2014-09-30,207191.64004725023,-0.04729384093811262,0.8108246362475495,0.8615505080826846,0.8679242708121135,-0.0131361409695301,-0.011407487107481436,158630.12650300429,0.9902369267160552,0.8531391273344535,0.14686087266554648,0.0,0.006311535216807021,0.0,1.0127525920066487,1.0127525920066487
2014-10-01,204276.2764732088,-0.0606992313885214,0.7572030744459144,0.8108246362475495,0.8615505080826846,-0.0140708552399921,-0.01215298461832258,156702.2970156107,0.7917464328271775,0.6419675133973911,0.3580324866026089,0.15872374211629597,0.040162028077516815,25.17836729093827,6.370907594553702,31.549274885491972
2014-10-02,205623.61142124623,-0.05450393169871803,0.7819842732051279,0.7572030744459144,0.8108246362475495,0.0065956506124886,0.005305388158164256,157533.66352655448,0.7931110003842106,0.6005460878677991,0.39945391213220094,0.0,0.04252785052265861,0.0,6.664211864037145,6.664211864037145
2014-10-03,207064.35815982387,-0.047879107013811706,0.8084835719447532,0.7819842732051279,0.7572030744459144,0.0070067183852056,0.00528581878852104,158366.35792504766,0.7945505269840224,0.621326016368352,0.37867398363164795,0.0,0.019689914533428866,0.0,3.1018243709757978,3.1018243709757978
2014-10-06,205782.78527793463,-0.053772020345566496,0.784911918617734,0.8084835719447532,0.7819842732051279,-0.0061892490493222,-0.0048609165455225445,157596.55227555567,0.7932710299023783,0.6413465957757679,0.3586534042242321,0.0,0.021021126002873366,0.0,3.3290391645585697,3.3290391645585697
2014-10-07,203037.5566510246,-0.06639509828584311,0.7344196068566275,0.784911918617734,0.8084835719447532,-0.0133404192347881,-0.01079500246862353,155895.2971046945,0.9930242434258612,0.7794365641413165,0.22056343585868354,0.4633402256576054,0.023407223211359882,73.02082209421658,3.688897676454678,76.70971977067126
2014-10-08,205828.42881588504,-0.0535621427669305,0.785751428932278,0.7344196068566275,0.784911918617734,0.0137455956961562,0.01073893702487312,157569.4468827757,0.9931188292173556,0.7293659401157245,0.27063405988427547,0.0,0.05014486554066777,0.0,7.81734871173736,7.81734871173736
2014-10-09,201102.1369303889,-0.07529452245082868,0.6988219101966853,0.785751428932278,0.7344196068566275,-0.0229622890904146,-0.016914925623922637,154904.17140815093,0.9929571083021572,0.7802174667168827,0.21978253328311725,0.0,0.050970297612118715,0.0,8.031361602192009,8.031361602192009
2014-10-10,199151.98634287945,-0.08426168191437988,0.6629532723424805,0.6988219101966853,0.785751428932278,-0.0096973140975845,-0.007705989697358032,153710.48145920192,0.992888142385048,0.6938519882731576,0.30614801172684236,0.0,0.0863112883758089,0.0,13.369978609024647,13.369978609024647
2014-10-13,197885.74907969785,-0.09008407918480876,0.639663683260765,0.6629532723424805,0.6988219101966853,-0.0063581452860906,-0.004478823147048291,153022.0393968985,0.992842634817351,0.6582082736732932,0.34179172632670685,0.0,0.035611912914478065,0.0,5.473924279767594,5.473924279767594
2014-10-14,198949.32107471023,-0.08519357496358171,0.6592257001456732,0.639663683260765,0.6629532723424805,0.0053746770546072,0.0035400359530213302,153563.74291796816,0.9928808976931688,0.6351098520576671,0.3648901479423329,0.0,0.02312378811435873,0.0,3.538449215840935,3.538449215840935
2014-10-15,199340.58658214225,-0.08339446251544458,0.6664221499382217,0.6592257001456732,0.639663683260765,0.001966659173896,0.0012385774246602705,153753.9435031927,0.9928948710601802,0.6545418165456951,0.3454581834543049,0.0,0.01942302623261801,0.0,2.982672607074704,2.982672607074704
2014-10-16,201095.21561325324,-0.0753263479697659,0.6986946081209364,0.6664221499382217,0.6592257001456732,0.0088021664890003,0.005795454871913451,154645.01754414418,0.7985072027722809,0.532142886812659,0.467857113187341,0.13085705330525632,0.0057464169937390805,20.119787980890653,0.8835342738011451,21.0033222546918
2014-10-17,201153.19481091865,-0.07505974870591192,0.6997610051763523,0.6986946081209364,0.6664221499382217,0.0002883171411542,0.00016636926447167119,154670.74572196725,0.7985652798549223,0.5579532552672208,0.44204674473277916,0.0,0.02577166460028587,0.0,3.985459524253008,3.985459524253008
2014-10-20,203120.90149050063,-0.06601186302655981,0.7359525478937607,0.6997610051763523,0.6986946081209364,0.0097821298907612,0.0068338677420131215,155727.74514178972,0.8005166518773026,0.5601703369780694,0.4398296630219306,0.0,0.0008536686003733432,0.0,0.13203755901917305,0.13203755901917305
2014-10-21,205873.1791392443,-0.05335637235710766,0.7865745105715694,0.7359525478937607,0.6997610051763523,0.0135499479794911,0.009438321277781474,157197.55363230244,1.0,0.7359525478937607,0.26404745210623926,0.14666361469857858,0.03619154271740843,22.839594011353906,5.636027340584777,28.475621351938685
2014-10-22,203241.112487431,-0.06545911023626183,0.7381635590549527,0.7865745105715694,0.7359525478937607,-0.0127848934126241,-0.009459581012619305,155710.5306387321,0.8060329255545212,0.6340049539226177,0.3659950460773823,0.15076974087005351,0.040802968674505856,23.70063442654859,6.4141268565677905,30.11476128311638
2014-10-23,205906.2353368852,-0.05320437373843534,0.7871825050462586,0.7381635590549527,0.7865745105715694,0.013113108941573,0.010275294886871383,157310.5022580363,0.8085435152960151,0.5968373589017091,0.4031626410982909,0.0,0.0391423609180702,0.0,6.094877789005479,6.094877789005479
2014-10-24,205867.91521121297,-0.05338057688898534,0.7864776924440586,0.7871825050462586,0.7381635590549527,-0.0001861047365055,-0.00017700793864672726,157282.65705030411,0.8085078777050525,0.6364432565214974,0.36355674347850264,0.0,0.039632203990769374,0.0,6.234561915380881,6.234561915380881
2014-10-27,205690.78621713817,-0.05419504934340014,0.7832198026263995,0.7864776924440586,0.7871825050462586,-0.0008604011649558,-0.0006778624746908541,157176.04103917006,0.8083429757781401,0.6357437182933552,0.3642562817066448,0.0,0.0005697303162282916,0.0,0.0896086979384957,0.0896086979384957
2014-10-28,209568.80562959483,-0.036363186154487304,0.8545472553820508,0.7832198026263995,0.7864776924440586,0.0188536369750798,0.014825330786214933,159506.22783924345,1.0,0.7832198026263995,0.21678019737360055,0.1499596170659422,0.0032578898176591764,23.570058926174767,0.5120622236814929,24.08212114985626
2014-10-29,209862.84619716823,-0.03501113227973962,0.8599554708810415,0.8545472553820508,0.7832198026263995,0.001403074120168,0.0010275879827126955,159670.13452213886,1.0,0.8545472553820508,0.14545274461794921,0.0,0.07132745275565133,0.0,11.377172930435794,11.377172930435794
2014-10-30,210477.5192913798,-0.03218474969725971,0.8712610012109612,0.8599554708810415,0.8545472553820508,0.0029289276560848,0.002497498874220773,160068.9105033546,1.0,0.8599554708810415,0.14004452911895848,0.0,0.005408215498990732,0.0,0.8635304962485665,0.8635304962485665
2014-10-31,213102.62096399735,-0.02011403810341328,0.9195438475863469,0.8712610012109612,0.8599554708810415,0.0124721237757627,0.010714136834816633,161783.91071348757,0.8116951605083368,0.7071983382225854,0.2928016617774146,0.1662751479761242,0.009176644255776004,26.615481780322266,1.4688954480989322,28.0843772284212
2014-11-03,212512.2012677245,-0.022828898997136138,0.9086844040114554,0.9195438475863469,0.8712610012109612,-0.0027705886187698,-0.0024530715067896764,161387.0432118593,0.8111719957889647,0.7459082180620806,0.25409178193791937,0.0,0.03916569285669361,0.0,6.336378956159197,6.336378956159197
2014-11-04,211277.41255309503,-0.02850668992199845,0.8859732403120062,0.9086844040114554,0.9195438475863469,-0.0058104367996916,-0.005351762335981953,160523.3381124826,1.0,0.9086844040114554,0.09131559598854455,0.17141364881835883,0.010859443574891436,27.663941948950956,1.752573489477752,29.416515438428707
2014-11-05,212012.6632685727,-0.0251258687415179,0.8994965250339284,0.8859732403120062,0.9086844040114554,0.0034800251791842,0.003139533442192313,161027.3065007391,1.0,0.8859732403120062,0.1140267596879938,0.0,0.022711163699449255,0.0,3.645671809454634,3.645671809454634
2014-11-06,212945.85769857664,-0.020834865104188527,0.9166605395832459,0.8994965250339284,0.8859732403120062,0.0044015976009026,0.003886174404299307,161653.08669765553,1.0,0.8994965250339284,0.1005034749660716,0.0,0.013523284721922213,0.0,2.1776181138137303,2.1776181138137303
2014-11-07,213525.86847670807,-0.018167866375272235,0.9273285344989111,0.9166605395832459,0.8994965250339284,0.0027237476436494,0.0024328375259827584,162046.3623931645,1.0,0.9166605395832459,0.08333946041675411,0.0,0.017164014549317486,0.0,2.7746159320206405,2.7746159320206405
2014-11-10,213913.09404075233,-0.01638733034724016,0.9344506786110394,0.9273285344989111,0.9166605395832459,0.0018134831475302,0.0016516804456244909,162314.01120121393,1.0,0.9273285344989111,0.07267146550108894,0.0,0.010667994915665169,0.0,1.7287097701123146,1.7287097701123146
2014-11-11,214406.03653581103,-0.014120687972100643,0.9435172481115974,0.9344506786110394,0.9273285344989111,0.0023044054281446,0.002129818764460539,162659.7106280051,1.0,0.9344506786110394,0.06554932138896064,0.0,0.0071221441121283036,0.0,1.1560237791926533,1.1560237791926533
2014-11-12,214982.31159849977,-0.01147086676593545,0.9541165329362582,0.9435172481115974,0.9344506786110394,0.0026877744302338,0.002502526070784816,163066.770794518,1.0,0.9435172481115974,0.05648275188840257,0.0,0.009066569500558064,0.0,1.4747655713494714,1.4747655713494714
2014-11-13,213128.11771516904,-0.019996799242464114,0.9200128030301435,0.9541165329362582,0.9435172481115974,-0.0086248671788106,-0.008148310230704075,161738.05215776517,1.0,0.9541165329362582,0.0458834670637418,0.0,0.01059928482466077,0.0,1.728391149088771,1.728391149088771
2014-11-14,213433.59982812937,-0.01859213498847112,0.9256314600461155,0.9200128030301435,0.9541165329362582,0.0014333261900645,0.0013334564851250578,161953.72281230643,1.0,0.9200128030301435,0.07998719696985646,0.0,0.034103729906114655,0.0,5.515870846329508,5.515870846329508
2014-11-17,212159.53347532405,-0.024450531886600513,0.902197872453598,0.9256314600461155,0.9200128030301435,-0.0059693804247843,-0.00549752507397532,161063.3781603221,1.0,0.9256314600461155,0.07436853995388448,0.0,0.005618657015971973,0.0,0.9099624209421457,0.9099624209421457
2014-11-18,213218.37626780575,-0.01958177342875167,0.9216729062849933,0.902197872453598,0.9256314600461155,0.0049907858258222,0.004596194783140559,161803.65681877758,1.0,0.902197872453598,0.09780212754640205,0.0,0.02343358759251757,0.0,3.7742927800666894,3.7742927800666894
2014-11-19,211550.70782436075,-0.027250026824404472,0.8909998927023821,0.9216729062849933,0.902197872453598,-0.0078214104836366,-0.007075934931754422,160658.74467140803,1.0,0.9216729062849933,0.07832709371500668,0.0,0.019475033831395372,0.0,3.15113169058918,3.15113169058918
2014-11-20,213562.48527363728,-0.017999495450887304,0.9280020181964508,0.8909998927023821,0.9216729062849933,0.0095096701399213,0.00873413230209009,162061.9594028558,1.0,0.8909998927023821,0.10900010729761789,0.0,0.030673013582611208,0.0,4.927887857471364,4.927887857471364
2014-11-21,214653.39502519625,-0.012983287079478711,0.9480668516820852,0.9280020181964508,0.8909998927023821,0.0051081525398113,0.004514361239385378,162793.56563076293,1.0,0.9280020181964508,0.07199798180354922,0.0,0.03700212549406867,0.0,5.996636959639133,5.996636959639133
2014-11-24,215693.8447952488,-0.008199103200739577,0.9672035871970417,0.9480668516820852,0.9280020181964508,0.0048471153690834,0.004478068011454795,163522.56628948473,1.0,0.9480668516820852,0.051933148317914846,0.0,0.02006483348563437,0.0,3.2664257869139486,3.2664257869139486
2014-11-25,215462.82830295584,-0.009261360514799977,0.9629545579408001,0.9672035871970417,0.9480668516820852,-0.0010710388723066,-0.0010345531872119004,163353.39349734888,1.0,0.9672035871970417,0.03279641280295831,0.0,0.019136735514956538,0.0,3.1292881018088172,3.1292881018088172
2014-11-26,215848.89975198763,-0.007486131324825673,0.9700554747006973,0.9629545579408001,0.9672035871970417,0.0017918239172509,0.001728809491134381,163635.80039443608,1.0,0.9629545579408001,0.03704544205919991,0.0,0.004249029256241599,0.0,0.6940933480765815,0.6940933480765815
2014-11-28,211108.47831846392,-0.029283481330053096,0.8828660746797876,0.9700554747006973,0.9629545579408001,-0.0219617586143384,-0.02115527647483269,160174.03979591126,1.0,0.9700554747006973,0.029944525299302693,0.0,0.007100916759897213,0.0,1.161964197540046,1.161964197540046
2014-12-01,209332.34240372572,-0.03745048857472866,0.8501980457010854,0.8828660746797876,0.9700554747006973,-0.0084133803099032,-0.0082146360793801,158858.2683496237,0.8043020680891025,0.7100910097106612,0.2899089902893388,0.17149293557504794,0.0701266147522657,27.468716287515385,11.232463182081943,38.70117946959733
2014-12-02,210101.34465017132,-0.03391447150206073,0.8643421139917571,0.8501980457010854,0.8828660746797876,0.0036735950002531,0.0032169940349951968,159369.31445131407,0.805018351697448,0.6844250293666793,0.31557497063332074,0.0,0.026298362841639347,0.0,4.177712381452916,4.177712381452916
2014-12-03,211115.0485778338,-0.029253270040799917,0.8829869198368003,0.8643421139917571,0.8501980457010854,0.0048248331268434,0.0040851645483150015,160020.36432479986,1.0,0.8643421139917571,0.1356578860082429,0.16836248759582934,0.014144068290671719,26.8318142274652,2.2541304670369215,29.08594469450212
2014-12-04,210015.30588505563,-0.0343100939384926,0.8627596242460296,0.8829869198368003,0.8643421139917571,-0.0052092103343013,-0.004521184678422823,159296.88270537896,1.0,0.8829869198368003,0.11701308016319967,0.0,0.018644805845043244,0.0,2.9835486240889777,2.9835486240889777
2014-12-05,210440.05483136547,-0.032357018336059196,0.8705719266557632,0.8627596242460296,0.8829869198368003,0.0020224666222294,0.0017655842776444816,159578.13477696138,1.0,0.8627596242460296,0.1372403757539704,0.0,0.020227295590770744,0.0,3.222145133170036,3.222145133170036
2014-12-08,206472.8921587326,-0.05059877901402776,0.797604883943889,0.8705719266557632,0.8627596242460296,-0.0188517470013582,-0.016272312481445998,156981.42950266434,0.8138989485997201,0.7085575757855583,0.29144242421444166,0.15911921653354405,0.00635842471742526,25.391947781594396,1.0146655565264509,26.40661333812085
2014-12-09,208942.8249469647,-0.03924156315685812,0.8430337473725675,0.797604883943889,0.8705719266557632,0.0119625039510429,0.010354671791427959,158606.92068251362,0.8160988666342096,0.650924441808518,0.34907555819148195,0.0,0.05954832085881055,0.0,9.347980532899406,9.347980532899406
2014-12-10,205489.4812023082,-0.05512068769171774,0.779517249233129,0.8430337473725675,0.797604883943889,-0.0165276972087127,-0.013236346950842475,156507.54445155512,1.0,0.8430337473725675,0.15696625262743247,0.15487998162579875,0.04542886342867858,24.565036961032234,7.205332138529167,31.7703690995614
2014-12-11,205659.82029453313,-0.054337436484020896,0.7826502540639164,0.779517249233129,0.8430337473725675,0.000828943122676,0.0006353105289289963,156606.97534240203,1.0,0.779517249233129,0.22048275076687096,0.0,0.0635164981394385,0.0,9.940811155965287,9.940811155965287
2014-12-12,203055.0659674004,-0.06631458715350025,0.734741651385999,0.7826502540639164,0.779517249233129,-0.0126653535114558,-0.009875994534645886,155060.32570983304,1.0,0.7826502540639164,0.21734974593608358,0.0,0.003133004830787378,0.0,0.4906504102827454,0.4906504102827454
2014-12-15,200838.40866763715,-0.07650719464254918,0.6939712214298033,0.734741651385999,0.7826502540639164,-0.0109165328587227,-0.00859173581805433,153728.0883554727,1.0,0.734741651385999,0.265258348614001,0.0,0.04790860267791741,0.0,7.428723535540853,7.428723535540853
2014-12-16,200787.38183628896,-0.076741825617485,0.69303269753006,0.6939712214298033,0.734741651385999,-0.0002540690881127,-0.00022744557132225584,153693.1235825884,1.0,0.6939712214298033,0.3060287785701967,0.0,0.04077042995619573,0.0,6.267560258596668,6.267560258596668
2014-12-17,206525.55759175395,-0.05035661344017717,0.7985735462392913,0.69303269753006,0.6939712214298033,0.0285783683366298,0.019831626657141846,156741.10822924826,1.0,0.69303269753006,0.30696730246994,0.0,0.0009385238997432488,0.0,0.14424466970845193,0.14424466970845193
2014-12-18,209056.70849398224,-0.03871790517222773,0.8451283793110891,0.7985735462392913,0.69303269753006,0.0122558725018997,0.008387579051234821,158055.78666509924,0.5712189415941805,0.4561603358679194,0.5438396641320806,0.3469567397604101,0.060286931894638636,54.38238389765357,9.449440516906874,63.831824414560444
2014-12-19,210944.6679577537,-0.030036712201391258,0.879853151194435,0.8451283793110891,0.7985735462392913,0.0090308485069534,0.007185025056446968,159191.42145260438,0.5750565415910923,0.4859966030071197,0.5140033969928803,0.0,0.026771661300618626,0.0,4.2314159872008705,4.2314159872008705
2014-12-22,210197.0758109931,-0.033474281605845646,0.8661028735766174,0.879853151194435,0.8451283793110891,-0.0035440201167366,-0.0030150682029438667,158711.4484596012,0.5735451771199259,0.5046355314413372,0.4953644685586628,0.0,0.01991622544028264,0.0,3.170492237809115,3.170492237809115
2014-12-23,211095.53102418536,-0.029343015426117836,0.8826279382955287,0.8661028735766174,0.879853151194435,0.0042743468705537,0.003752886200396295,159307.07446437018,0.5753602347715429,0.4983211526773505,0.5016788473226494,0.0,0.007911362958361397,0.0,1.255623874411173,1.255623874411173
2014-12-24,210386.95673063924,-0.03260117339745472,0.8695953064101811,0.8826279382955287,0.8661028735766174,-0.003356652270696,-0.002929898845376147,158840.32085083678,0.9744502182006556,0.8600769870620727,0.1399230129379273,0.3519716932768217,0.016102852921123016,56.07158075020111,2.5652983893941452,58.63687913959525
2014-12-26,211117.28990636877,-0.029242963990327664,0.8830281440386893,0.8695953064101811,0.8826279382955287,0.0034713804842216,0.0030512365969388258,159324.98025088635,0.9745386043924684,0.8474541962952189,0.1525458037047811,0.0,0.01270080288910737,0.0,2.0173996059690493,2.0173996059690493
2014-12-29,210874.9482355652,-0.030357296606833062,0.8785708135726678,0.8830281440386893,0.8695953064101811,-0.001147900633392,-0.0010112994288038713,159163.85498936445,0.974509343651901,0.8605191770732995,0.1394808229267005,0.0,0.013090425780740104,0.0,2.0856318289921107,2.0856318289921107
2014-12-30,210180.667825364,-0.03354972861211991,0.8658010855515204,0.8785708135726678,0.8830281440386893,-0.003292379754022,-0.0029116073185346935,158700.43234433123,0.974425141505582,0.8561014893382211,0.14389851066177894,0.0,0.0043433348700902315,0.0,0.6913019214332917,0.6913019214332917
2014-12-31,208965.3238236695,-0.039138109086975126,0.8434475636520995,0.8658010855515204,0.8785708135726678,-0.0057823776766391,-0.005092669504368148,157892.2234922012,0.9742763979231702,0.8435295629491057,0.15647043705089425,0.0,0.012441244618902059,0.0,1.9744308999213411,1.9744308999213411
2015-01-02,207992.4660939642,-0.04361149204185599,0.825554031832576,0.8434475636520995,0.8658010855515204,-0.0046555941048199,-0.0040525942490884205,157252.3503753009,0.974156079117464,0.8216495715485069,0.17835042845149307,0.0,0.02177581924800619,0.0,3.43823251943197,3.43823251943197
2015-01-05,203379.1610052654,-0.06482433716742475,0.740702651330301,0.825554031832576,0.8434475636520995,-0.0221801547687533,-0.01871743680050948,154308.98944541963,0.7538067927000948,0.6223082369363461,0.37769176306365393,0.1775797984248184,0.013488265830952076,27.92484068147486,2.121061504404075,30.045902185878933
2015-01-06,201923.91154633003,-0.07151584809027389,0.7139366076389044,0.740702651330301,0.825554031832576,-0.0071553518646765,-0.005936779642895123,153392.89097816436,0.5501117964304383,0.40746926614410045,0.5925307338558996,0.1486416633389245,0.04667774535770918,22.936744859315727,7.2027957157387315,30.139540575054458
2015-01-07,202260.6761944474,-0.06996734085155243,0.7201306365937903,0.7139366076389044,0.740702651330301,0.0016677799352164,0.001220584653958833,153580.11998691867,0.5508608616734598,0.3932797348641937,0.6067202651358063,0.0,0.014744365891432187,0.0,2.2616809097266226,2.2616809097266226
2015-01-08,204222.0996593807,-0.060948346575797396,0.7562066136968104,0.7201306365937903,0.7139366076389044,0.0096975027565302,0.006919963453281138,154642.88880437866,0.5551745576270463,0.39979820760464074,0.6002017923953593,0.0,0.0034387672849578704,0.0,0.5281262922309203,0.5281262922309203
2015-01-09,203559.51600394573,-0.06399503093662717,0.7440198762534913,0.7562066136968104,0.7201306365937903,-0.0032444268105171,-0.002385224419169522,154274.03080975154,0.9542468084663468,0.721607747661325,0.27839225233867504,0.30159173717895155,0.034425386012861964,46.63901747688401,5.323641141234825,51.96265861811883
2015-01-12,201288.31618576223,-0.07443843519150062,0.7022462592339975,0.7440198762534913,0.7562066136968104,-0.0111574239454345,-0.008448940643291776,152970.57868063857,0.9537305607165436,0.7095944937634957,0.2904055062365043,0.0,0.011622863935122029,0.0,1.793106068824566,1.793106068824566
2015-01-13,200646.12485306436,-0.07739135181409162,0.6904345927436335,0.7022462592339975,0.7440198762534913,-0.0031904054088525,-0.0023979143223813613,152603.76833911732,0.7661139685420886,0.5380006685555941,0.46199933144440586,0.13136040040426528,0.03200335151516171,20.09427646556086,4.895571200994178,24.989847666555036
2015-01-14,200523.88629299987,-0.0779534277213133,0.6881862891147468,0.6904345927436335,0.7022462592339975,-0.0006092246244676,-0.0004368731121956585,152537.09985591023,0.7659713925516011,0.5288531464696385,0.47114685353036145,0.0,0.009047398629979215,0.0,1.3806671246009956,1.3806671246009956
2015-01-15,200428.26997810547,-0.07839308953433777,0.6864276418626489,0.6881862891147468,0.6904345927436335,-0.0004768325443019,-0.00033094356878007425,152486.61868371253,0.7658597468589724,0.5270541771732355,0.47294582282676445,0.0,0.0017218852480812982,0.0,0.26265138202699573,0.26265138202699573
2015-01-16,201742.3782612921,-0.07235057230352371,0.7105977107859052,0.6864276418626489,0.6881862891147468,0.0065565016518387,0.004510746936804767,153174.44723184383,0.967624936233179,0.6642045031860371,0.3357954968139629,0.13821328382284237,0.0017017109351678324,21.0756763073175,0.2594881464808411,21.335164453798342
2015-01-20,201317.4203770986,-0.07430460864167288,0.7027815654333085,0.7105977107859052,0.6864276418626489,-0.0021064383589405,-0.0014692992492905512,152949.3881315156,0.811566031219267,0.5766969639360136,0.42330303606398645,0.11072377075193743,0.019615606910343208,16.960052380353414,3.004609745608957,19.96466212596237
2015-01-21,203342.7549963042,-0.06499173884905773,0.7400330446037691,0.7027815654333085,0.7105977107859052,0.0100604041886283,0.00714254219830172,154041.8355904494,0.8134428713378778,0.5716726545093992,0.4283273454906008,0.0,0.0063579877184104456,0.0,0.9724503312785685,0.9724503312785685
2015-01-22,205462.320176293,-0.05524557920165141,0.7790176831933944,0.7400330446037691,0.7027815654333085,0.0104236080603281,0.007295145948044111,155165.59326318634,0.8153674091005764,0.6033988262273865,0.3966011737726135,0.0,0.03037364205638252,0.0,4.678811575932436,4.678811575932436
2015-01-23,204420.4905191144,-0.06003610806112192,0.7598555677555123,0.7790176831933944,0.7400330446037691,-0.0050706604319696,-0.003784206397596584,154578.41463247294,0.8144264285345271,0.6344525894884379,0.36554741051156214,0.0,0.03175011997425784,0.0,4.9265262019830605,4.9265262019830605
2015-01-26,204535.50506393748,-0.0595072495357023,0.7619710018571908,0.7598555677555123,0.7790176831933944,0.0005626370650564,0.00042269453723004353,154643.75408391174,1.0,0.7598555677555123,0.24014443224448767,0.140868243263052,0.019162115437882044,21.775189715664116,2.962049425392241,24.737239141056357
2015-01-27,204385.5179213633,-0.06019691864821064,0.7592123254071574,0.7619710018571908,0.7598555677555123,-0.0007333061442182,-0.0005593221906552804,154557.2584006064,1.0,0.7619710018571908,0.2380289981428092,0.0,0.0021154341016784706,0.0,0.3271386710006861,0.3271386710006861
2015-01-28,201854.22133612836,-0.07183629679404546,0.7126548128238182,0.7592123254071574,0.7619710018571908,-0.0123849116658492,-0.009439702226389958,153098.28390437746,1.0,0.7592123254071574,0.24078767459284256,0.0,0.0027586764500333594,0.0,0.4263734689314735,0.4263734689314735
2015-01-29,202370.41013783935,-0.06946276352544112,0.7221489458982355,0.7126548128238182,0.7592123254071574,0.0025572356044585,0.001894927277291728,153388.3940186544,1.0,0.7126548128238182,0.28734518717618185,0.0,0.04655751258333929,0.0,7.127875279365704,7.127875279365704
2015-01-30,198488.08588302397,-0.08731442118978738,0.6507423152408505,0.7221489458982355,0.7126548128238182,-0.0191842485873852,-0.013681241219283014,151289.85039984676,1.0,0.7221489458982355,0.27785105410176447,0.0,0.009494133074417377,0.0,1.4562898248842713,1.4562898248842713
2015-02-02,200684.46194742096,-0.07721507063833699,0.691139717446652,0.6507423152408505,0.7221489458982355,0.0110655309845215,0.00791955490561908,152487.99867675125,1.0,0.6507423152408505,0.34925768475914953,0.0,0.07140663065738506,0.0,10.803098469712898,10.803098469712898
2015-02-03,203963.92164173853,-0.06213549769582316,0.7514580092167074,0.691139717446652,0.6507423152408505,0.0163413732308621,0.010593625648260259,154103.39945058513,1.0,0.691139717446652,0.30886028255334796,0.0,0.04039740220580157,0.0,6.160119014102458,6.160119014102458
2015-02-04,202876.39764771305,-0.06713613771681726,0.731455449132731,0.7514580092167074,0.691139717446652,-0.0053319429498699,-0.0037454358355847373,153526.21505589748,1.0,0.7514580092167074,0.24854199078329264,0.0,0.06031829177005532,0.0,9.295253810817776,9.295253810817776
2015-02-05,204493.27564471497,-0.059701428353813535,0.7611942865847459,0.731455449132731,0.7514580092167074,0.0079697688629585,0.00596894408359197,154442.60444893164,1.0,0.731455449132731,0.268544550867269,0.0,0.020002560083976384,0.0,3.0709173411210693,3.0709173411210693
2015-02-06,201525.04083423497,-0.07334993070092222,0.7066002771963111,0.7611942865847459,0.731455449132731,-0.0145150729339238,-0.010646868029529596,152798.27442122702,1.0,0.7611942865847459,0.23880571341525414,0.0,0.029738837452014888,0.0,4.59294350937261,4.59294350937261
2015-02-09,201734.4797572454,-0.0723868911118064,0.7104524355527744,0.7066002771963111,0.7611942865847459,0.0010392699693471,0.0007364923534976817,152910.8091819659,1.0,0.7066002771963111,0.29339972280368887,0.0,0.05459400938843473,0.0,8.341870428289095,8.341870428289095
2015-02-10,200650.96466473176,-0.0773690974490836,0.6905236102036656,0.7104524355527744,0.7066002771963111,-0.005370996043004,-0.00379899945116338,152329.90110180667,1.0,0.7104524355527744,0.2895475644472256,0.0,0.0038521583564632422,0.0,0.5890366513838662,0.5890366513838662
2015-02-11,199224.85785430623,-0.0839266049887829,0.6642935800448684,0.6905236102036656,0.7104524355527744,-0.0071074007184983,-0.005069398976255765,151557.68005710802,1.0,0.6905236102036656,0.3094763897963344,0.0,0.01992882534910878,0.0,3.0357559945049184,3.0357559945049184
2015-02-12,202976.09679908332,-0.06667770225319503,0.7332891909872199,0.6642935800448684,0.6905236102036656,0.0188291711444981,0.012975757205682786,153524.2557161856,1.0,0.6642935800448684,0.3357064199551316,0.0,0.026230030158797213,0.0,3.9753625186952823,3.9753625186952823
2015-02-13,204800.6670646563,-0.05828798474694741,0.7668480610122104,0.7332891909872199,0.6642935800448684,0.0089890893279864,0.0059023987200888545,154430.4170866274,1.0,0.7332891909872199,0.2667108090127801,0.0,0.06899561094235152,0.0,10.592499817608028,10.592499817608028
2015-02-17,204793.5314921468,-0.058320795452421303,0.7667168181903148,0.7668480610122104,0.7332891909872199,-3.484154915978088e-05,-5.910780142108825e-05,154421.28904420088,1.0,0.7668480610122104,0.23315193898778963,0.0,0.03355887002499047,0.0,5.182510294915197,5.182510294915197
2015-02-18,205083.0338757304,-0.0569896090018468,0.7720415639926128,0.7667168181903148,0.7668480610122104,0.00141363050617,0.0010839085698222018,154588.66760275885,1.0,0.7667168181903148,0.23328318180968521,0.0,0.000131242821895583,0.0,0.0202666857349144,0.0202666857349144
2015-02-19,204395.3100264283,-0.06015189270602739,0.7593924291758904,0.7720415639926128,0.7667168181903148,-0.0033533922153636,-0.0025764269553100482,154190.38119256165,1.0,0.7720415639926128,0.2279584360073872,0.0,0.005324745802298025,0.0,0.8231453589006349,0.8231453589006349
2015-02-20,204959.0971938658,-0.05755949319273013,0.7697620272290795,0.7593924291758904,0.7720415639926128,0.0027583175336292,0.002116886647834457,154516.7847517327,1.0,0.7593924291758904,0.24060757082410955,0.0,0.012649134816722363,0.0,1.9503749191465245,1.9503749191465245
2015-02-23,204024.84594427032,-0.061855356285458685,0.7525785748581653,0.7697620272290795,0.7593924291758904,-0.0045582326541563,-0.003471856966041656,153980.32457622202,1.0,0.7697620272290795,0.2302379727709205,0.0,0.010369598053189044,0.0,1.6022769503465977,1.6022769503465977
2015-02-24,206710.89278959585,-0.04950440731624928,0.8019823707350029,0.7525785748581653,0.7697620272290795,0.0131652928489858,0.010116959060128744,155538.13721602497,1.0,0.7525785748581653,0.24742142514183474,0.0,0.01718345237091423,0.0,2.645913573413425,2.645913573413425
2015-02-25,205832.34377247596,-0.05354414105964267,0.7858234357614293,0.8019823707350029,0.7525785748581653,-0.004250134113707,-0.0032479636701263723,155032.9549970282,1.0,0.8019823707350029,0.1980176292649971,0.0,0.04940379587683763,0.0,7.684174382084061,7.684174382084061
2015-02-26,205312.80742732837,-0.05593306696305134,0.7762677321477947,0.7858234357614293,0.8019823707350029,-0.0025240753499939,-0.002040422868075544,154716.62221034695,1.0,0.7858234357614293,0.21417656423857068,0.0,0.01615893497357357,0.0,2.5051674385579363,2.5051674385579363
2015-02-27,205863.0007848877,-0.05340317434623454,0.7863873026150618,0.7762677321477947,0.7858234357614293,0.002679780986162,0.0020962789980204966,155040.95141613117,1.0,0.7762677321477947,0.22373226785220535,0.0,0.00955570361363467,0.0,1.4784261859447623,1.4784261859447623
2015-03-02,204783.25151815245,-0.05836806470776956,0.7665277411689218,0.7863873026150618,0.7762677321477947,-0.0052449894474408,-0.004081635633971408,154408.13074410625,1.0,0.7863873026150618,0.21361269738493815,0.0,0.010119570467267192,0.0,1.5689478331676885,1.5689478331676885
2015-03-03,203682.24885426235,-0.06343068218978976,0.746277271240841,0.7665277411689218,0.7863873026150618,-0.0053764292525285,-0.004247815259042741,153752.23353021118,1.0,0.7665277411689218,0.23347225883107825,0.0,0.019859561446140095,0.0,3.0664777602962117,3.0664777602962117
2015-03-04,201655.16043446463,-0.07275161628763216,0.7089935348494714,0.746277271240841,0.7665277411689218,-0.0099522095381423,-0.007648895166840019,152576.1988142711,1.0,0.746277271240841,0.253722728759159,0.0,0.020250469928080772,0.0,3.113554981478794,3.113554981478794
2015-03-05,200793.67926032512,-0.07671286887645001,0.6931485244942,0.7089935348494714,0.746277271240841,-0.0042720512199314,-0.003225418463402955,152084.0767255397,1.0,0.7089935348494714,0.29100646515052864,0.0,0.037283736391369615,0.0,5.688610776188486,5.688610776188486
2015-03-06,197571.42121377913,-0.09152941787587388,0.6338823284965045,0.6931485244942,0.7089935348494714,-0.0160476069685858,-0.011393494600887998,150351.30761848623,1.0,0.6931485244942,0.30685147550580005,0.0,0.015845010355271416,0.0,2.4097737705880693,2.4097737705880693
2015-03-09,196057.98191854596,-0.09848849661865577,0.6060460135253769,0.6338823284965045,0.6931485244942,-0.0076602136378599,-0.0053689319763905625,149544.0816753212,1.0,0.6338823284965045,0.3661176715034955,0.0,0.05926619599769545,0.0,8.910750065827006,8.910750065827006
2015-03-10,193331.25540709097,-0.11102649834955614,0.5558940066017755,0.6060460135253769,0.6338823284965045,-0.0139077556790716,-0.00884371686898158,148221.5561575528,1.0,0.6060460135253769,0.3939539864746231,0.0,0.027836314971127596,0.0,4.162756159582272,4.162756159582272
2015-03-11,194100.9452053035,-0.10748731978445114,0.5700507208621954,0.5558940066017755,0.6060460135253769,0.0039811969181693,0.0023626365143924193,148571.74981835074,1.0,0.5558940066017755,0.44410599339822454,0.0,0.050152006923601444,0.0,7.433608510640569,7.433608510640569
2015-03-12,194777.63768614837,-0.10437576038878837,0.5824969584448465,0.5700507208621954,0.5558940066017755,0.003486291527994,0.0019238518514179907,148857.57985430717,1.0,0.5700507208621954,0.42994927913780456,0.0,0.014156714260419978,0.0,2.1032878093489953,2.1032878093489953
2015-03-13,192179.15845052496,-0.1163240570063947,0.5347037719744212,0.5824969584448465,0.5700507208621954,-0.0133407472566764,-0.007617348828091503,147723.6797428514,1.0,0.5824969584448465,0.4175030415551535,0.0,0.012446237582651065,0.0,1.8527168048451599,1.8527168048451599
2015-03-16,193333.18304827844,-0.11101763469255066,0.5559294612297974,0.5347037719744212,0.5824969584448465,0.0060049414674201,0.0034500669539411746,148233.3363286468,1.0,0.5347037719744212,0.4652962280255788,0.0,0.0477931864704253,0.0,7.060185372047486,7.060185372047486
2015-03-17,194739.6075994197,-0.1045506298856842,0.5817974804572632,0.5559294612297974,0.5347037719744212,0.0072746154021061,0.0038616069352312454,148805.755208246,1.0,0.5559294612297974,0.44407053877020264,0.18154981455482055,0.021225689255376157,26.911734721308175,3.1463547341995186,30.058089455507695
2015-03-18,198456.111605272,-0.0874614449371689,0.6501542202513244,0.5817974804572632,0.5559294612297974,0.0190844792780791,0.01058375626368617,150380.6790520038,1.0,0.5817974804572632,0.4182025195427368,0.0,0.025868019227465844,0.0,3.8493101368844833,3.8493101368844833
2015-03-19,195741.8535792635,-0.09994211422513699,0.600231543099452,0.6501542202513244,0.5817974804572632,-0.0136768679183192,-0.008025524035218888,149173.79529783942,1.0,0.6501542202513244,0.3498457797486756,0.0,0.0683567397940612,0.0,10.279532948012056,10.279532948012056
2015-03-20,197552.99926337347,-0.09161412547126435,0.6335434981149426,0.600231543099452,0.6501542202513244,0.0092527257251937,0.005965776001910807,150063.73274594123,1.0,0.600231543099452,0.39976845690054796,0.0,0.049922677151872374,0.0,7.447155222173535,7.447155222173535
2015-03-23,197782.06295084613,-0.09056084752132942,0.6377566099146823,0.6335434981149426,0.600231543099452,0.0011595049851269,0.0006626595114386758,150163.17390576733,1.0,0.6335434981149426,0.3664565018850574,0.0,0.03331195501549056,0.0,4.998916314689391,4.998916314689391
2015-03-24,198068.91934929113,-0.08924182780845613,0.6430326887661755,0.6377566099146823,0.6335434981149426,0.0014503660957176,0.0009146568980285636,150300.52168861008,1.0,0.6377566099146823,0.3622433900853177,0.0,0.0042131117997397105,0.0,0.6326542398687546,0.6326542398687546
2015-03-25,195871.1193455645,-0.09934772590096164,0.6026090963961535,0.6430326887661755,0.6377566099146823,-0.0110961377027095,-0.007081899881023989,149236.10844194566,0.7869098193370482,0.5060087369448075,0.4939912630551925,0.1356391543377264,0.004151798255836512,20.386635658362177,0.6240174437980892,21.010653102160266
2015-03-26,194960.3639694382,-0.10353555054502739,0.5858577978198904,0.6026090963961535,0.6430326887661755,-0.004649768578284,-0.0030217226731936186,148785.15830940744,0.7859143707048896,0.4735991487752251,0.5264008512247749,0.0,0.03176948215911683,0.0,4.741153884642418,4.741153884642418
2015-03-27,195191.9660095939,-0.1024706007716808,0.5901175969132768,0.5858577978198904,0.6026090963961535,0.001187944233588,0.0007026966597269317,148889.7091431684,0.7861683907320782,0.4605828821099025,0.5394171178900975,0.0,0.013169341444373242,0.0,1.9594025516317133,1.9594025516317133
2015-03-30,197059.03062736223,-0.09388548623564652,0.6244580550574139,0.5901175969132768,0.5858577978198904,0.0095652738990117,0.005600532752358036,149723.5708357138,0.7881943696002052,0.4651273672890482,0.5348726327109519,0.0,0.0033575496610351897,0.0,0.4999045924652731,0.4999045924652731
2015-03-31,196612.78988295136,-0.09593738517098793,0.6162504593160483,0.6244580550574139,0.5901175969132768,-0.0022645028902771,-0.0013771036959067823,149517.38595295156,0.9879536945488288,0.616935642584748,0.383064357415252,0.12463372034144418,0.033926782495999674,18.660605656060763,5.079639022267663,23.740244678328427
2015-04-01,199152.58436555375,-0.08425893209356217,0.6629642716257513,0.6162504593160483,0.6244580550574139,0.01291774804739,0.008058481835953557,150722.2690918127,0.9881073211774668,0.608921590529164,0.39107840947083605,0.0,0.008109985441308394,0.0,1.2125838233009254,1.2125838233009254
2015-04-02,201530.7863836552,-0.07332351158324635,0.7067059536670146,0.6629642716257513,0.6162504593160483,0.0119416076154761,0.0073128563621654595,151824.47939626075,0.9882476629747868,0.6551728920699306,0.34482710793006943,0.0,0.04616481584370688,0.0,6.9580657961691665,6.9580657961691665
2015-04-06,203574.10634732383,-0.06392794179154404,0.7442882328338238,0.7067059536670146,0.6629642716257513,0.0101389966284295,0.0066785597399225865,152838.4482518913,0.988365623875091,0.69848387079234,0.30151612920766,0.0,0.04323277486005904,0.0,6.563793535984213,6.563793535984213
2015-04-07,202967.1454819932,-0.06671886209401445,0.7331245516239422,0.7442882328338238,0.7067059536670146,-0.0029815229265706,-0.0021442037284388985,152510.73148130075,0.9883308319831148,0.7356030083918954,0.2643969916081046,0.0,0.03714372523675425,0.0,5.6769893274801335,5.6769893274801335
2015-04-08,205713.1892837079,-0.05409203582655164,0.7836318566937934,0.7331245516239422,0.7442882328338238,0.013529499048694,0.010058811788769063,154044.80822503867,0.9884866024838566,0.7246837972322513,0.2753162027677487,0.0,0.01103514931036878,0.0,1.6829786933297142,1.6829786933297142
2015-04-09,206334.5853280775,-0.051234739853834865,0.7950610405846605,0.7836318566937934,0.7331245516239422,0.0030206913155799,0.002164531257797332,154378.24302754315,0.5744919662342141,0.45019020615578526,0.5498097938442148,0.32575236212573755,0.029016040998770126,50.1804601525126,4.469770471105403,54.65023062361801
2015-04-10,206738.08259144492,-0.049379383489615236,0.802482466041539,0.7950610405846605,0.7836318566937934,0.0019555483765645,0.0015258474819145537,154613.80068092913,0.3666099790253678,0.2914773114126295,0.7085226885873706,0.16643008149461364,0.004190052866507863,25.693183568069283,0.6468529997240048,26.340036567793288
2015-04-13,206353.94221676697,-0.051145733236239055,0.7954170670550438,0.802482466041539,0.7950610405846605,-0.0018581016611104,-0.0014800162582679233,154384.9697421688,0.3654308850988807,0.2932518778418921,0.7067481221581079,0.0,0.0027120180734024816,0.0,0.4193154218441287,0.4193154218441287
2015-04-14,206683.1976559884,-0.049631754753423185,0.8014729809863073,0.7954170670550438,0.802482466041539,0.0015955858932685,0.0012778406450185658,154582.24913148527,0.366441781654637,0.2914740472101561,0.708525952789844,0.0,0.002589057392712195,0.0,0.3997115472346106,0.3997115472346106
2015-04-15,207174.20906653395,-0.047373991868348564,0.8105040325266057,0.8014729809863073,0.7954170670550438,0.0023756716371439,0.0018801392576003966,154872.88528660554,0.968783660837156,0.776453928581983,0.22354607141801697,0.48221908534277974,0.005866870468044166,74.54251078641452,0.9069140323133568,75.44942481872788
2015-04-16,207562.64012851552,-0.04558791273389895,0.8176483490644042,0.8105040325266057,0.8014729809863073,0.0018749006632232,0.0014939270052904943,155104.25407232248,0.7550789656150555,0.6119945465070208,0.3880054534929792,0.17375445727164754,0.006819157055464833,26.90985412906828,1.056102528402352,27.96595665747063
2015-04-17,205470.61793480665,-0.05520742454618088,0.7791703018152765,0.8176483490644042,0.8105040325266057,-0.0100789920209801,-0.00817444038423108,153836.36359406763,0.7525852745715895,0.6153501072836415,0.3846498927163585,0.0,0.005376707423225399,0.0,0.8339501942444946,0.8339501942444946
2015-04-20,206230.37676465625,-0.05171391044284013,0.7931443582286395,0.7791703018152765,0.8176483490644042,0.0036976519440392,0.0029943859236110297,154297.0090357532,0.7534967577644538,0.5871022961641618,0.41289770383583824,0.0,0.02899308384732521,0.0,4.46019058845041,4.46019058845041
2015-04-21,206126.3416010605,-0.05219228370681006,0.7912308651727598,0.7931443582286395,0.7791703018152765,-0.0005044609103073,-0.0004035886273700127,154234.73651766917,0.7533723437524762,0.5975330240927637,0.40246697590723635,0.0,0.010527667631864622,0.0,1.6243876277192222,1.6243876277192222
2015-04-22,207525.1400264028,-0.045760345261775415,0.8169586189528983,0.7912308651727598,0.7931443582286395,0.0067861216304394,0.00538093154654923,155064.66307697078,0.9552747560286966,0.7558428716902826,0.24415712830971736,0.15935192119655525,0.0018279116121181177,24.577601579335088,0.2819274658726258,24.859529045207715
2015-04-23,208964.83819632768,-0.03914034209289874,0.843438631628405,0.8169586189528983,0.7912308651727598,0.0069374639127659,0.005464550572284494,155912.02177032916,0.9555828980704426,0.780671684702637,0.21932831529736296,0.0,0.024585001518067615,0.0,3.8122649771459702,3.8122649771459702
2015-04-24,210356.13282464925,-0.032742907518948816,0.8690283699242047,0.843438631628405,0.8169586189528983,0.0066580322332239,0.005414025191791557,156756.1333838969,0.9558766726064658,0.8062233127487104,0.1937766872512896,0.0,0.025311626406840385,0.0,3.9463868473857366,3.9463868473857366
2015-04-27,210222.2087893247,-0.03335871544088531,0.8665651382364588,0.8690283699242047,0.843438631628405,-0.0006366538190553,-0.0005614383405533129,156668.12448049829,0.955848563425754,0.8306595189682758,0.16934048103172417,0.0,0.024459914588481138,0.0,3.834241633790675,3.834241633790675
2015-04-28,210812.06842396603,-0.03064642981596033,0.8774142807361587,0.8665651382364588,0.8690283699242047,0.0028058863905879,0.0024360400954338713,157049.7743134092,0.9559721007091804,0.8284120956012487,0.17158790439875127,0.0,0.002354780771067946,0.0,0.3689190869659567,0.3689190869659567
2015-04-29,209921.72547954143,-0.03474039425698294,0.8610384229720682,0.8774142807361587,0.8665651382364588,-0.0042233964643523,-0.003670217592580308,156473.36746881335,0.9557853647750988,0.8386197283722904,0.16138027162770963,0.0,0.01036945162157272,0.0,1.6285200369218107,1.6285200369218107
2015-04-30,208349.04592945537,-0.04197187084192611,0.8321125166322956,0.8610384229720682,0.8774142807361587,-0.0074917426792939,-0.006589008354238922,155442.36314334546,0.9554516197736638,0.8226805559160236,0.17731944408397637,0.0,0.01564633982588335,0.0,2.4482354811173748,2.4482354811173748
2015-05-01,209776.4669730753,-0.035408320210630784,0.8583667191574769,0.8321125166322956,0.8610384229720682,0.0068511042959287,0.005871417966241567,156355.03022702032,0.9557547486055666,0.795295489145445,0.204704510854555,0.0,0.02764607234195758,0.0,4.29737081646577,4.29737081646577
2015-05-04,210177.98056512035,-0.03356208514052306,0.8657516594379078,0.8583667191574769,0.8321125166322956,0.0019140068370806,0.0015675742482117747,156600.12834598258,0.9558392725398558,0.8204606204119054,0.17953937958809463,0.0,0.02509479784278333,0.0,3.9236978752493523,3.9236978752493523
2015-05-05,208734.9936354996,-0.04019721064549986,0.8392111574180006,0.8657516594379078,0.8583667191574769,-0.006865547597997,-0.0059002141283569665,155676.1540562131,0.955533989025014,0.8272551366477294,0.17274486335227057,0.0,0.00705656144487165,0.0,1.1050584279482127,1.1050584279482127
2015-05-06,208338.04472985512,-0.04202245642836122,0.8319101742865551,0.8392111574180006,0.8657516594379078,-0.0019016883500505,-0.0016717479480017272,155415.90276511683,0.9554492674158724,0.801823685562255,0.19817631443774497,0.0,0.025358103211769824,0.0,3.947651982168831,3.947651982168831
2015-05-07,209061.39483182543,-0.038696356508750585,0.8452145739649977,0.8319101742865551,0.8392111574180006,0.0034720019711629,0.0029067659483825088,155867.6604191116,0.9556034124553404,0.794976201404549,0.20502379859545095,0.0,0.006976844394688148,0.0,1.0843125700522036,1.0843125700522036
2015-05-08,212977.52389069155,-0.020689257992554944,0.9172429680297802,0.8452145739649977,0.8319101742865551,0.0187319570024697,0.015570581023962485,158294.6104546829,0.9564197557173992,0.8083799163603888,0.19162008363961125,0.0,0.012724590690422666,0.0,1.9833521807069892,1.9833521807069892
2015-05-11,211930.57060673376,-0.025503346252337966,0.8979866149906481,0.9172429680297802,0.8452145739649977,-0.0049157923560756,-0.004223773214022101,157626.00991912035,0.9562044659659644,0.8770718224059522,0.12292817759404784,0.0,0.06887387208110145,0.0,10.902362751583615,10.902362751583615
2015-05-12,211211.6853462688,-0.028808915990323425,0.8847643360387063,0.8979866149906481,0.9172429680297802,-0.0033920791059395,-0.0031297708472773416,157132.67662850284,0.9560554024146763,0.8585249545578771,0.14147504544212286,0.0,0.018410140353866507,0.0,2.90191696603096,2.90191696603096
2015-05-13,211002.76820140184,-0.029769556345325188,0.8809217746186992,0.8847643360387063,0.8979866149906481,-0.0009891362995587,-0.0009008718133250564,156991.1202291759,0.9560118921804832,0.8458452270301725,0.1541547729698275,0.0,0.01264065591978409,0.0,1.9862600990156036,1.9862600990156036
2015-05-14,213388.37635820408,-0.018800081015261316,0.9247996759389547,0.8809217746186992,0.8847643360387063,0.0113060514662308,0.009999515694661867,158560.9553998301,0.95650366399396,0.8426049051148473,0.1573950948851527,0.0,0.0036754240773585784,0.0,0.5770089432218084,0.5770089432218084
2015-05-15,213569.6766745198,-0.0179664280360462,0.9281342878558152,0.9247996759389547,0.8809217746186992,0.0008496260171706,0.0007064830652684017,158672.97602963287,0.9565405882408816,0.8846084260276245,0.11539157397237554,0.0,0.041970993539652536,0.0,6.654960834727403,6.654960834727403
2015-05-18,212324.38497589793,-0.02369251365820324,0.905229945367187,0.9281342878558152,0.9247996759389547,-0.0058308450806885,-0.005395552482751725,157816.84765987057,0.9562856969117638,0.8875615442899019,0.11243845571009814,0.0,0.003188841680845181,0.0,0.5059829995870416,0.5059829995870416
2015-05-19,211263.37004875072,-0.028571260000088583,0.8857149599996457,0.905229945367187,0.9281342878558152,-0.0049971411774849,-0.004659916134696364,157081.4343851334,0.95606615327722,0.8654597116985545,0.1345402883014455,0.0,0.021898066616446714,0.0,3.4558838432534684,3.4558838432534684
2015-05-20,211303.8619801966,-0.028385070477808583,0.8864597180887657,0.8857149599996457,0.905229945367187,0.0001916656514404,0.0001548437058939748,157105.75745656076,0.95607457227294,0.8468095515374054,0.15319044846259455,0.0,0.0186577812881848,0.0,2.9307910471921708,2.9307910471921708
2015-05-21,211546.43865670369,-0.02726965726084507,0.8909213709566197,0.8864597180887657,0.8857149599996457,0.0011479992567753,0.0010160880340104816,157265.3907367865,0.9561249408082833,0.8475662454865486,0.15243375451345142,0.0,0.0007120817838763512,0.0,0.11187214802691316,0.11187214802691316
2015-05-22,209685.07375998996,-0.03582856340665452,0.8566857463733819,0.8909213709566197,0.8864597180887657,-0.0087988477070716,-0.007804088217789987,156038.07775387142,0.9557354638962824,0.8514851497663368,0.14851485023366318,0.0,0.004264159873402668,0.0,0.6706047686547966,0.6706047686547966
2015-05-26,206231.8041983109,-0.05170734683422096,0.7931706126631162,0.8566857463733819,0.8909213709566197,-0.0164688382427817,-0.01470513477069162,153743.5167911411,0.9549942718392036,0.8181299805528726,0.18187001944712744,0.0,0.03269482536982953,0.0,5.101637703206708,5.101637703206708
2015-05-27,207968.19431731693,-0.04372309823937426,0.825107607042503,0.7931706126631162,0.8566857463733819,0.0084196039779407,0.007152274262276057,154843.1325892782,0.9553700384410804,0.7577714387102966,0.24222856128970338,0.0,0.060680455734366937,0.0,9.329226665090738,9.329226665090738
2015-05-28,207429.63557348863,-0.0461994927123599,0.8152020291505604,0.825107607042503,0.7931706126631162,-0.0025896207138604,-0.0020845189950345322,154520.3591381452,0.95525416369653,0.7881874771250313,0.21181252287496866,0.0,0.030507946856861916,0.0,4.723946060183723,4.723946060183723
2015-05-29,205033.92780979004,-0.05721540793590618,0.7711383682563753,0.8152020291505604,0.825107607042503,-0.0115494960836964,-0.009539034241754623,153046.3841412782,0.9547313334090234,0.7782989202886561,0.2217010797113439,0.0,0.009457165588961277,0.0,1.461324623235205,1.461324623235205
2015-06-01,205085.15436716937,-0.056979858583086296,0.7720805656676548,0.7711383682563753,0.8152020291505604,0.0002498442961442,0.00016160412122732913,153071.11706769437,0.9547426407021024,0.736238682055802,0.263761317944198,0.0,0.04206945596111626,0.0,6.438578117639585,6.438578117639585
2015-06-02,206806.2519585785,-0.049065927908527596,0.8037362883658896,0.7720805656676548,0.7711383682563753,0.0083921120313166,0.006470579667136677,154061.57592541853,0.9551192846930044,0.7374290376058608,0.26257096239413924,0.0,0.0008999109175009185,0.0,0.13775036940327934,0.13775036940327934
2015-06-03,207047.87864862493,-0.047954882908119,0.808180468367524,0.8037362883658896,0.7720805656676548,0.0011683722699777,0.000871840873888558,154195.893104406,0.95517166088134,0.7677061254690504,0.23229387453094963,0.0,0.030236649226072068,0.0,4.65830583047275,4.65830583047275
2015-06-04,204843.93935306935,-0.05808901062000671,0.7676439575199732,0.808180468367524,0.8037362883658896,-0.0106445876670671,-0.008559684194020284,152876.02495541735,0.9546893476703652,0.7715612841457217,0.22843871585427833,0.0,0.004242811306690008,0.0,0.6542240787085375,0.6542240787085375
2015-06-05,204510.22305148677,-0.059623500987593836,0.7615059960496247,0.7676439575199732,0.808180468367524,-0.0016291246040108,-0.0013553234634424097,152668.82849179747,0.9546154105189986,0.7328047516403579,0.26719524835964215,0.0,0.03869677794374258,0.0,5.9158095906218335,5.9158095906218335
2015-06-08,204160.3589140858,-0.06123224214365952,0.7550710314253619,0.7615059960496247,0.7676439575199732,-0.0017107415569777,-0.0013190993343251674,152467.44314176173,0.9545376361639056,0.7268861333938492,0.2731138666061508,0.0,0.005858915232771595,0.0,0.8944737248199862,0.8944737248199862
2015-06-09,204197.240705666,-0.061062652723991584,0.7557493891040337,0.7550710314253619,0.7615059960496247,0.0001806510910167,0.00013142442024126073,152487.4810870823,0.954545847506145,0.7207499176192611,0.2792500823807389,0.0,0.006142468760938939,0.0,0.9365265065585054,0.9365265065585054
2015-06-10,207102.68309359252,-0.047702881754729365,0.8091884729810825,0.7557493891040337,0.7550710314253619,0.0142286074869861,0.010742961374867249,154125.64820655165,0.9551835235583824,0.7218793644114859,0.2781206355885141,0.0,0.0006479560777465655,0.0,0.09880519015063943,0.09880519015063943
2015-06-11,207696.24511570844,-0.04497357185532358,0.8201057125787057,0.8091884729810825,0.7557493891040337,0.002866027678877,0.0021149476906522665,154451.61589029638,0.9553116017447068,0.7730271362369113,0.22697286376308867,0.0,0.0510509768143533,0.0,7.868264893089842,7.868264893089842
2015-06-12,206459.3308274827,-0.050661136567662246,0.797355453729351,0.8201057125787057,0.8091884729810825,-0.0059554003373371,-0.004829459285875007,153705.6980997166,0.7987871350715958,0.6550898926065939,0.3449101073934061,0.1275113853924181,0.00872055054107557,19.69433951826932,1.3469031225221202,21.04124264079144
2015-06-15,205368.71293617017,-0.055676002910723166,0.7772959883571073,0.797355453729351,0.8201057125787057,-0.0052824829323111,-0.004350342733730038,153037.0256328556,0.7977185869596866,0.6360652658535776,0.3639347341464224,0.0,0.018148304342274307,0.0,2.78949778825539,2.78949778825539
2015-06-16,206525.4258881321,-0.05035721903821999,0.79857112384712,0.7772959883571073,0.797355453729351,0.0056323718224862,0.004474977855488528,153721.86293363242,0.798851529934619,0.620944089511117,0.379055910488883,0.0,0.016024534602287376,0.0,2.452347112684835,2.452347112684835
2015-06-17,206964.24486282232,-0.04833944679699809,0.8066422128120077,0.79857112384712,0.7772959883571073,0.0021247697362354,0.0016345702440326132,153973.132116641,0.7992780179275238,0.6382803450426813,0.3617196549573187,0.0,0.017004748125596866,0.0,2.6140015605839446,2.6140015605839446
2015-06-18,208859.5396633802,-0.03962452456694254,0.8415019017322298,0.8066422128120077,0.79857112384712,0.0091575953219074,0.007303301672439895,155097.64434993928,1.0,0.8066422128120077,0.19335778718799235,0.16174907470425004,0.008071088964887618,24.90501164918194,1.2427308475158048,26.147742496697745
2015-06-19,206658.81584100935,-0.04974386692790256,0.8010245322883898,0.8415019017322298,0.8066422128120077,-0.010536860446584,-0.008534336115644383,153773.98892231224,1.0,0.8415019017322298,0.15849809826777017,0.0,0.034859688920222176,0.0,5.406655634298138,5.406655634298138
2015-06-22,208594.98993152933,-0.04084097402819975,0.836636103887201,0.8010245322883898,0.8415019017322298,0.0093689402150138,0.007859580163417198,154982.5879152956,0.802438696190608,0.642773081306187,0.35722691869381296,0.15989399335875293,0.03248060756174057,24.587537163493145,4.994672587389067,29.582209750882214
2015-06-23,208634.2391302676,-0.04066049882481948,0.8373580047007221,0.836636103887201,0.8010245322883898,0.0001881598342852,0.00012214321662708225,155001.51798710474,0.8024758622996251,0.6713802788978803,0.3286197211021197,0.0,0.028577426626600882,0.0,4.4290035345500804,4.4290035345500804
2015-06-24,207361.83206501836,-0.046511266006450835,0.8139549359741967,0.8373580047007221,0.836636103887201,-0.0060987452038241,-0.0051030088589324426,154210.54386766857,0.8012638209810066,0.6709446743755322,0.3290553256244678,0.0,0.0005784330042111987,0.0,0.08965799370657715,0.08965799370657715
2015-06-25,205961.7840209634,-0.05294895043353265,0.7882041982658694,0.8139549359741967,0.8373580047007221,-0.0067517152511267,-0.005672359489651548,153335.80622575647,1.0,0.8139549359741967,0.18604506402580334,0.16160069317598527,0.023403068726525422,24.920530784060933,3.608999956489911,28.529530740550843
2015-06-26,206555.82645356463,-0.05021743151629143,0.7991302739348343,0.7882041982658694,0.8139549359741967,0.0028842361966565,0.0023218875510758376,153691.83472536624,1.0,0.7882041982658694,0.2117958017341306,0.0,0.025750737708327254,0.0,3.948510127414348,3.948510127414348
2015-06-29,202079.1163250411,-0.07080218730473176,0.716791250781073,0.7991302739348343,0.7882041982658694,-0.0216731244302611,-0.017093773741139344,151064.66127671022,1.0,0.7991302739348343,0.20086972606516573,0.0,0.010926075668964863,0.0,1.679248615911393,1.679248615911393
2015-06-30,202355.1035080007,-0.06953314629049112,0.7218674148380355,0.716791250781073,0.7991302739348343,0.0013657382711218,0.0010090637755710097,151217.09515417347,1.0,0.716791250781073,0.283208749218927,0.0,0.08233902315376129,0.0,12.43851664257815,12.43851664257815
2015-07-01,202870.9147417365,-0.06716134915050365,0.7313546033979854,0.7218674148380355,0.716791250781073,0.0025490399045724,0.001822053337432355,151492.62076707598,1.0,0.7218674148380355,0.2781325851619645,0.0,0.00507616405696254,0.0,0.7676027832198996,0.7676027832198996
2015-07-02,203596.2153753577,-0.06382628031922821,0.7446948787230872,0.7313546033979854,0.7218674148380355,0.0035751829410564,0.0025713208786735504,151882.1569058193,1.0,0.7313546033979854,0.2686453966020146,0.0,0.0094871885599499,0.0,1.4372390586582318,1.4372390586582318
2015-07-06,201193.6095233566,-0.07487391425116474,0.700504342995341,0.7446948787230872,0.7313546033979854,-0.0118008374938184,-0.008643937100380734,150569.29709485528,1.0,0.7446948787230872,0.25530512127691285,0.0,0.013340275325101736,0.0,2.026149790093932,2.026149790093932
2015-07-07,201445.0924847023,-0.0737175482601502,0.7051298069593992,0.700504342995341,0.7446948787230872,0.0012499550156761,0.0008866445630804073,150702.79854349126,1.0,0.700504342995341,0.29949565700465897,0.0,0.044190535727746116,0.0,6.653737902771822,6.653737902771822
2015-07-08,197323.1567843265,-0.09267098445144406,0.6293160621942238,0.7051298069593992,0.700504342995341,-0.0204618323014684,-0.014338227856785095,148541.9874793195,1.0,0.7051298069593992,0.2948701930406008,0.0,0.004625463964058163,0.0,0.6970703639456358,0.6970703639456358
2015-07-09,198792.6455798092,-0.08591399837898706,0.6563440064840518,0.6293160621942238,0.7051298069593992,0.0074471178113617,0.005203883751175399,149314.98271433043,0.8127469302203237,0.5114746976866977,0.48852530231330227,0.11883778081287807,0.061617388326403476,17.65240014957665,9.152769325288993,26.805169474865643
2015-07-10,201269.03610758108,-0.07452708861992174,0.701891645520313,0.6563440064840518,0.6293160621942238,0.0124571536363888,0.0078074029187822505,150480.74494619222,1.0,0.6563440064840518,0.3436559935159482,0.12277965039523515,0.02702794428982802,18.332841376436072,4.035677034439557,22.36851841087563
2015-07-13,203287.5047947261,-0.06524578967524386,0.7390168412990246,0.701891645520313,0.6563440064840518,0.010028709463616,0.006536633672339153,151464.38245064617,0.7970747106439067,0.559460080256479,0.440539919743521,0.14400397402433746,0.03630487120534104,21.669825286394417,5.463184064155283,27.1330093505497
2015-07-14,203824.52797427715,-0.0627764560158326,0.7488941759366696,0.7390168412990246,0.701891645520313,0.0026416930056443,0.0018245708468764465,151740.7399472058,0.7976093645699301,0.5894467531949918,0.41055324680500815,0.0,0.029611403814592364,0.0,4.485072992273941,4.485072992273941
2015-07-15,203546.16766703743,-0.06405640910218868,0.7437743635912453,0.7488941759366696,0.7390168412990246,-0.0013656860143683,-0.0010171404852993948,151586.39829733619,0.7973325845150342,0.5971177288278415,0.40288227117215847,0.0,0.007875520754753408,0.0,1.1950373467958586,1.1950373467958586
2015-07-16,204254.4975161735,-0.06079937513225908,0.7568024994709637,0.7437743635912453,0.7488941759366696,0.0034799468703077,0.0026020261521952776,151980.83007002293,0.7980354105559828,0.5935582796095542,0.4064417203904458,0.0,0.004085791547050317,0.0,0.6193504248110587,0.6193504248110587
2015-07-17,203806.41396890563,-0.06285974762199387,0.7485610095120245,0.7568024994709637,0.7437743635912453,-0.0021937511913654,-0.0016472562107820307,151730.4787037703,0.9978314244064126,0.755161316041445,0.24483868395855501,0.15105866435009416,0.012999883382219708,22.958021197196302,1.9757330672432485,24.93375426443955
2015-07-20,203175.1865662297,-0.06576225003068592,0.7369509998772563,0.7485610095120245,0.7568024994709637,-0.0030971910568635,-0.0023486513581559587,151374.11670888902,0.7831880945138576,0.5862640706670922,0.4137359293329078,0.16033129437622282,0.006454636816896637,24.327144046899402,0.9793651340867068,25.306509180986108
2015-07-21,201821.86168979623,-0.07198509253869356,0.7120596298452257,0.7369509998772563,0.7485610095120245,-0.0066608767502831,-0.00499514856663953,150617.9805067843,0.7817342532761213,0.576099839590138,0.423900160409862,0.0,0.009075942212364104,0.0,1.3738627356975364,1.3738627356975364
2015-07-22,201097.10710755145,-0.07531765052296102,0.6987293979081559,0.7120596298452257,0.7369509998772563,-0.0035910608304604,-0.00265597091640526,150217.94353107057,0.5817486701029043,0.4142397426964264,0.5857602573035736,0.14147364464207238,0.01448052141317307,21.30847465092339,2.1810268919373743,23.489501542860765
2015-07-23,199610.81092968408,-0.08215192010314987,0.6713923195874005,0.6987293979081559,0.7120596298452257,-0.0073909376382645,-0.005270501649445327,149426.2196119138,0.5786343831055285,0.40430885411628315,0.5956911458837169,0.0,0.007713330533560019,0.0,1.1586806505268015,1.1586806505268015
2015-07-24,197281.62627869597,-0.09286194953330806,0.6285522018667677,0.6713923195874005,0.6987293979081559,-0.0116686297708024,-0.008159426460690403,148206.9873616914,0.996532755209668,0.6690644380650422,0.33093556193495777,0.516503906820319,0.027242293978364845,77.17922621094444,4.070713002743463,81.2499392136879
2015-07-27,196077.22026953023,-0.09840003505973993,0.6063998597610403,0.6285522018667677,0.6713923195874005,-0.0061050085194668,-0.0041415464991405,147593.18123203545,0.996511457628771,0.6263594708780262,0.37364052912197376,0.0,0.04269066815477592,0.0,6.327055315677037,6.327055315677037
2015-07-28,199919.9601302379,-0.08073039389017389,0.6770784244393044,0.6063998597610403,0.6285522018667677,0.019598094339696,0.012296348801469643,149408.03846918305,0.9965785122681224,0.6043250700802556,0.3956749299197444,0.0,0.022076548138980374,0.0,3.2583479704542855,3.2583479704542855
2015-07-29,202173.898233272,-0.07036636225060022,0.7185345509975991,0.6770784244393044,0.6063998597610403,0.0112742024436467,0.006766235345910418,150418.9684200364,0.9966166567646936,0.6747876357322058,0.3252123642677942,0.0,0.07043943483457879,0.0,10.524217789512262,10.524217789512262
2015-07-30,202221.27210684115,-0.07014852826310114,0.7194058869475954,0.7185345509975991,0.6770784244393044,0.0002343224025611,0.00011733874402552811,150436.6183928684,0.9966174493720836,0.7161040715009426,0.2838959284990574,0.0,0.04131589911137393,0.0,6.214694923679165,6.214694923679165
2015-07-31,201969.2918012347,-0.07130718113663803,0.7147712754534479,0.7194058869475954,0.7185345509975991,-0.0012460623107608,-0.0008962072079124968,150301.7960111307,0.9966132292446902,0.7169694241284836,0.28303057587151637,0.0,0.0008683849348828348,0.0,0.1306368930670849,0.1306368930670849
2015-08-03,200884.58619073487,-0.0762948616996979,0.6948205532012084,0.7147712754534479,0.7194058869475954,-0.0053706462048068,-0.0038682933268234295,149720.38457661128,0.9965949418822329,0.7123374377196183,0.2876625622803817,0.0,0.004618830372656723,0.0,0.6942185004810657,0.6942185004810657
2015-08-04,200966.06417914203,-0.07592021057301268,0.6963191577079493,0.6948205532012084,0.7147712754534479,0.0004055960188493,0.0002700255672860143,149760.8129083909,0.9965963224003168,0.6924556080484779,0.30754439195152206,0.0,0.019882816425812036,0.0,2.976862921738742,2.976862921738742
2015-08-05,202059.0310605597,-0.0708945431313156,0.7164218274747376,0.6963191577079493,0.6948205532012084,0.0054385643958443,0.003777332790810058,150326.50933776813,0.996614733390768,0.693961931713992,0.306038068286008,0.0,0.0014935313309437715,0.0,0.2236724662262902,0.2236724662262902
2015-08-06,201085.6300620825,-0.07537042413826522,0.6985183034469391,0.7164218274747376,0.6963191577079493,-0.0048174090183846,-0.0033744884774606974,149819.23426415093,0.9965983462332348,0.7139848084667154,0.2860151915332846,0.0,0.020034287444454086,0.0,3.011684498594258,3.011684498594258
2015-08-07,199761.49269320728,-0.08145905699277478,0.6741637720289009,0.6985183034469391,0.7164218274747376,-0.0065849427851527,-0.004735438962701764,149109.77442485435,0.9965757980593708,0.6961264357167111,0.30387356428328893,0.0,0.0178422187460784,0.0,2.673107550110945,2.673107550110945
2015-08-10,203847.79501880848,-0.06266946976569676,0.749322120937213,0.6741637720289009,0.6985183034469391,0.0204559060432978,0.014264551976529745,151236.7585523463,0.9966444390979068,0.671901574433873,0.328098425566127,0.0,0.02427280830462306,0.0,3.6193129709600758,3.6193129709600758
2015-08-11,201110.58124995715,-0.07525569388004305,0.6989772244798278,0.749322120937213,0.6741637720289009,-0.0134277330230566,-0.009127393862567822,149856.36109054094,0.9965987682662362,0.7467735027606701,0.2532264972393299,0.0,0.07490271794694783,0.0,11.328044269057045,11.328044269057045
2015-08-12,201285.85574079608,-0.0744497487805661,0.7022010048777356,0.6989772244798278,0.749322120937213,0.0008715329136317,0.000602885080404333,149946.70725484611,0.9966017299704164,0.6966019111265165,0.3033980888734835,0.0,0.05017381090461154,0.0,7.518864724209988,7.518864724209988
2015-08-13,201055.12283098276,-0.07551070212900857,0.6979571914839657,0.7022010048777356,0.6989772244798278,-0.0011462947009572,-0.0008044467010602108,149826.08312086013,0.9965978300810664,0.6998119977418956,0.3001880022581044,0.0,0.0032128125492128174,0.0,0.48175066278151024,0.48175066278151024
2015-08-14,202250.48589095267,-0.07001419778506546,0.7199432088597382,0.6979571914839657,0.7022010048777356,0.0059454494028226,0.004170671084558318,150450.95843344493,0.9966179379598036,0.6955966569609657,0.30440334303903427,0.0,0.004229460553585145,0.0,0.633683508457847,0.633683508457847
2015-08-17,203279.53999832697,-0.0652824133082408,0.7388703467670368,0.7199432088597382,0.6979571914839657,0.0050880179735595,0.0035293066993243374,150981.94600896383,0.9966350588409012,0.7175206423240323,0.28247935767596766,0.0,0.02191203572098004,0.0,3.2966867754493285,3.2966867754493285
2015-08-18,202724.13907088348,-0.06783625131156668,0.7286549947537333,0.7388703467670368,0.7199432088597382,-0.0027322027954611,-0.0019858941225344763,150682.11184977583,0.996625839951384,0.7363772799618684,0.2636227200381316,0.0,0.018863274714737154,0.0,2.8480139245326974,2.8480139245326974
2015-08-19,200721.51293495047,-0.07704470322384749,0.69182118710461,0.7286549947537333,0.7388703467670368,-0.0098785775838603,-0.007309168584838297,149580.75089154634,0.9965921754925954,0.7261718664051687,0.27382813359483127,0.0,0.010180539886360779,0.0,1.534025249847719,1.534025249847719
2015-08-20,196648.48606351155,-0.09577324741394855,0.6169070103442058,0.69182118710461,0.7286549947537333,-0.0202919299076771,-0.014822521765055116,147363.5869558231,0.99652159187881,0.6894147506689741,0.31058524933102594,0.0,0.03670568463346219,0.0,5.490463869461568,5.490463869461568
2015-08-21,191362.97112138983,-0.1200770399705624,0.5196918401177504,0.6169070103442058,0.69182118710461,-0.0268779844072363,-0.01866940547690096,144612.39639841428,0.9964255169799326,0.61470188671077,0.38529811328923,0.0,0.07464639730761186,0.0,11.000160860579179,11.000160860579179
2015-08-24,184347.669970661,-0.15233471509900454,0.39066113960398186,0.5196918401177504,0.6169070103442058,-0.0366596583948247,-0.02271245471305237,141327.8938942693,0.9962894909870468,0.5177635188610352,0.4822364811389648,0.0,0.09685445246113439,0.0,14.006354472260938,14.006354472260938
2015-08-25,181849.8432665096,-0.1638201924318332,0.34471923027266715,0.39066113960398186,0.5196918401177504,-0.0135495431244069,-0.0071701323538006225,140314.55418976353,0.9962385247154676,0.3891916773827342,0.6108083226172658,0.0,0.1285453547228401,0.0,18.167044252870753,18.167044252870753
2015-08-26,187361.5854923676,-0.13847616424353915,0.4460953430258434,0.34471923027266715,0.39066113960398186,0.0303093042416335,0.011794893152016022,141969.54936410455,0.9963491785728354,0.34346072192043203,0.656539278079568,0.0,0.04577418362432309,0.0,6.422784168647269,6.422784168647269
2015-08-27,192306.46224774947,-0.11573869018531979,0.5370452392587208,0.4460953430258434,0.34471923027266715,0.02639215900307,0.008996869213372057,143246.83083201476,0.9964430540557612,0.4445086060047238,0.5554913939952761,0.0,0.10101552340007615,0.0,14.34112833588797,14.34112833588797
2015-08-28,192580.0691004861,-0.11448059437747604,0.5420776224900958,0.5370452392587208,0.4460953430258434,0.0014227647346769,0.0005440618703764573,143324.7659707227,0.9964481075630618,0.5351377123351041,0.4648622876648959,0.0,0.09062685198430755,0.0,12.982009335034144,12.982009335034144
2015-08-31,191000.57785980633,-0.12174339239788234,0.5130264304084706,0.5420776224900958,0.5370452392587208,-0.0082017378436787,-0.004409718623529057,142692.74408100868,0.996418734966105,0.5401362988550151,0.45986370114498487,0.0,0.005014360933271321,0.0,0.7186821072538468,0.7186821072538468
2015-09-01,185808.4951637651,-0.14561756590096897,0.4175297363961241,0.5130264304084706,0.5420776224900958,-0.0271835967944149,-0.014764563765898705,140585.94796209357,0.9963186629850256,0.5111378072205477,0.4888621927794523,0.0,0.028944244852885992,0.0,4.130133723410914,4.130133723410914
2015-09-02,189637.78094644577,-0.12800978911453098,0.4879608435418761,0.4175297363961241,0.5130264304084706,0.0206087766832494,0.01047769489956402,142058.96463200636,0.9963929988658946,0.41602370616342055,0.5839762938365795,0.0,0.09515223732874066,0.0,13.377067485575111,13.377067485575111
2015-09-03,189949.7904390772,-0.12657511074021077,0.4936995570391569,0.4879608435418761,0.4175297363961241,0.0016452918351725,0.0006167807868802171,142146.58387199548,0.9963989236873496,0.4862036593066965,0.5137963406933035,0.0,0.07017747935413565,0.0,9.969340057532513,9.969340057532513
2015-09-04,187101.65427896453,-0.1396713768876644,0.4413144924493424,0.4936995570391569,0.4879608435418761,-0.0149941526838702,-0.00732227712518984,141105.7471924857,0.9963441066644808,0.49189464411882866,0.5081053558811713,0.0,0.005717733372851671,0.0,0.8127562664417677,0.8127562664417677
2015-09-08,192152.364315299,-0.11644726148342233,0.5342109540663107,0.4413144924493424,0.4936995570391569,0.0269944702295574,0.013274959410521736,142978.92025905728,0.9964402015380844,0.43974350179790017,0.5602564982020999,0.0,0.05219858431746034,0.0,7.365520242505207,7.365520242505207
2015-09-09,190226.97781691348,-0.12530055100402337,0.4987977959839065,0.5342109540663107,0.4413144924493424,-0.0100201030845823,-0.004514579128885186,142333.4306097852,0.9964041709604332,0.5322900228044244,0.4677099771955756,0.0,0.092562421822613,0.0,13.234475128760607,13.234475128760607
2015-09-10,190402.10070573373,-0.12449530299916323,0.5020187880033471,0.4987977959839065,0.5342109540663107,0.0009205996480099,0.0004565084807352631,142398.4070279507,0.996407478234706,0.49700585404535363,0.5029941459546463,0.0,0.03528593554121536,0.0,5.02236825785693,5.02236825785693
2015-09-11,191187.31601556108,-0.1208847352094029,0.5164610591623884,0.5020187880033471,0.4987977959839065,0.0041239844881801,0.0020538249053159187,142690.86842278202,0.9964222328907668,0.5002226816954116,0.4997773183045884,0.0,0.003209468060134337,0.0,0.4570231391702167,0.4570231391702167
2015-09-14,189974.29733364127,-0.12646242342625658,0.4941503062949737,0.5164610591623884,0.5020187880033471,-0.0063446608655831,-0.0031995292281798184,142234.32481866897,0.9963993882301786,0.5146014833941138,0.4853985166058862,0.0,0.014390270147523091,0.0,2.0533601441885057,2.0533601441885057
2015-09-15,192898.2917606153,-0.11301734668954311,0.5479306132418276,0.4941503062949737,0.5164610591623884,0.0153915264749673,0.00792689242718396,143361.80101095972,0.9964539670896,0.49239803304616747,0.5076019669538325,0.0,0.02223163820349103,0.0,3.162102049486474,3.162102049486474
2015-09-16,194555.26801045236,-0.10539825801261082,0.5784069679495567,0.5479306132418276,0.4941503062949737,0.0085898959224239,0.004191108476699847,143962.6458704117,0.9964841677229408,0.5460041811062031,0.4539958188937969,0.0,0.05359122440781997,0.0,7.682934449487575,7.682934449487575
2015-09-17,193697.11742568397,-0.10934419592460842,0.5626232163015663,0.5784069679495567,0.5479306132418276,-0.004410831911898,-0.00244719856463552,143610.34069007653,0.9964685912726322,0.5763643765349693,0.4236356234650307,0.0,0.030368730242735904,0.0,4.371962757469051,4.371962757469051
2015-09-18,189470.14097013295,-0.12878062927922962,0.4848774828830815,0.5626232163015663,0.5784069679495567,-0.0218226089873162,-0.012638075866367782,141795.3823092404,0.9963898074522948,0.5605920381589085,0.43940796184109154,0.0,0.01572676926541599,0.0,2.258526692160615,2.258526692160615
2015-09-21,190341.4624879452,-0.12477412893803075,0.500903484247877,0.4848774828830815,0.5626232163015663,0.0045987273422125,0.0025098844269697204,142151.2723311146,0.9964063337435668,0.4831349950343403,0.5168650049656597,0.0,0.07746634119971713,0.0,10.984369466511952,10.984369466511952
2015-09-22,187409.93013494133,-0.13825386647743654,0.44698453409025385,0.500903484247877,0.4848774828830815,-0.0154014386286934,-0.007483731594902261,141087.45036311468,0.7941735723923481,0.39780430950891077,0.6021956904910892,0.09981103020769143,0.012727426755044275,14.188264936702655,1.809219906730613,15.997484843433268
2015-09-23,185865.26668161055,-0.14535651977623965,0.4185739208950414,0.44698453409025385,0.500903484247877,-0.0082421643944831,-0.004171257636935115,140498.93825831183,0.792463018472665,0.35421871309576036,0.6457812869042396,0.0,0.04272877399478722,0.0,6.028493780066287,6.028493780066287
2015-09-24,185001.05231911983,-0.14933034007954382,0.4026786396818247,0.4185739208950414,0.44698453409025385,-0.0046496818793534,-0.0020787972682432625,140206.86944926938,0.4031572517530474,0.16875111160354236,0.8312488883964576,0.16195359821168043,0.011453944736400708,22.754308595854326,1.609267074333679,24.363575670188006
2015-09-25,185151.1001379201,-0.1486403919663274,0.40543843213469044,0.4026786396818247,0.4185739208950414,0.0008110646773045,0.00033307453586775364,140253.5687872367,0.4036409375236127,0.16253758364190476,0.8374624163580953,0.0,0.0064159862111042585,0.0,0.8995653410886073,0.8995653410886073
2015-09-28,183570.53660844025,-0.1559081205724654,0.37636751771013843,0.40543843213469044,0.4026786396818247,-0.0085366143020617,-0.0034419126204902227,139770.8282587591,0.9993465371978856,0.4051734932007428,0.5948265067992572,0.24128292310418126,0.002757989031156224,33.840791052777824,0.3868178042957138,34.22760885707354
2015-09-29,184475.03954617347,-0.15174904581698057,0.39300381673207774,0.37636751771013843,0.40543843213469044,0.0049272772986581,0.001968655571854155,140045.98887859337,0.9993497412032928,0.37612278142095257,0.6238772185790474,0.0,0.02905201080671912,0.0,4.060623613037552,4.060623613037552
2015-09-30,187905.03164600764,-0.13597729654031854,0.45609081383872585,0.39300381673207774,0.37636751771013843,0.0185932585149313,0.006981272874816857,141023.6881419784,0.9993616109361892,0.3927529273934401,0.60724707260656,0.0,0.01662567859058141,0.0,2.3283595989956325,2.3283595989956325
2015-10-01,189013.0024027301,-0.13088263845590342,0.4764694461763863,0.45609081383872585,0.39300381673207774,0.0058964400634557,0.0022542764909309616,141341.59452682128,0.9993653530936342,0.4558013572147012,0.5441986427852987,0.0,0.06304695913910247,0.0,8.891114703932843,8.891114703932843
2015-10-02,192758.86845235227,-0.11365844130353764,0.5453662347858494,0.4764694461763863,0.45609081383872585,0.0198180336908295,0.009018457164301637,142616.2776425955,0.999377686130859,0.4761729326318088,0.5238270673681912,0.0,0.02036595043212261,0.0,2.878555908130415,2.878555908130415
2015-10-05,197959.70138464257,-0.08974403256718655,0.6410238697312538,0.5453662347858494,0.4764694461763863,0.0269810306215607,0.012786781677909784,144439.88084852754,0.9993940356729234,0.5450357623023772,0.45496423769762284,0.0,0.06885503961331566,0.0,9.819849446584536,9.819849446584536
2015-10-06,199440.54749035183,-0.08293482344460668,0.6682607062215733,0.6410238697312538,0.5453662347858494,0.0074805432386055,0.003984035599969134,145015.33447588337,0.9993985349581752,0.6406383162826352,0.35936168371736477,0.0,0.09560010022200106,0.0,13.808467085173124,13.808467085173124
2015-10-07,202073.29326898605,-0.07082896281250306,0.7166841487499878,0.6682607062215733,0.6410238697312538,0.0132006545898675,0.00843471402026142,146238.49735074,0.9994063712463074,0.6678640074513972,0.3321359925486028,0.0,0.027220667921019216,0.0,3.9474142632235507,3.9474142632235507
2015-10-08,204894.25355745247,-0.05785765643798879,0.7685693742480448,0.7166841487499878,0.6682607062215733,0.0139600846941776,0.009280580963898158,147595.67556544236,0.9994145442580498,0.7162645618999374,0.28373543810006263,0.0,0.048395092745941205,0.0,7.07722564231614,7.07722564231614
2015-10-09,205067.67345344796,-0.05706023911467828,0.7717590435412869,0.7685693742480448,0.7166841487499878,0.0008463873094755,0.000554718782177016,147677.5496588466,0.8042919823077639,0.6181541855549977,0.3818458144450023,0.150242777624293,0.04173087086831766,22.175184262286052,6.1592960777435835,28.334480340029636
2015-10-12,204000.17729591095,-0.061968787373809286,0.7521248505047629,0.7717590435412869,0.7685693742480448,-0.005205579892529,-0.004003411439482336,147086.33566718764,0.8032678775268028,0.619929248867525,0.380070751132475,0.0,0.002562158883194957,0.0,0.37837334570687825,0.37837334570687825
2015-10-13,203091.6981097067,-0.06614614566818322,0.7354154173272671,0.7521248505047629,0.7717590435412869,-0.0044533254737642,-0.0034526484460745016,146578.49825890755,0.8023878462887553,0.6034958389367687,0.3965041610632313,0.0,0.01575423786419419,0.0,2.317233118673584,2.317233118673584
2015-10-14,203654.3213696027,-0.06355909802083526,0.745763607916659,0.7354154173272671,0.7521248505047629,0.0027702917703316,0.002070188715318602,146881.94341191146,0.8029337772239221,0.5904898788632896,0.40951012113671037,0.0,0.013416568296477374,0.0,1.9665804326857232,1.9665804326857232
2015-10-15,204421.29798834148,-0.06003239516563197,0.7598704193374721,0.745763607916659,0.7354154173272671,0.0037660709263658,0.002761310058986389,147287.52999973824,0.8036731580355098,0.599350193922337,0.400649806077663,0.0,0.00831656301092989,0.0,1.2215529375529999,1.2215529375529999
2015-10-16,204275.4193014505,-0.060703172825605,0.75718730869758,0.7598704193374721,0.745763607916659,-0.0007136178486611,-0.0005435255093669329,147207.47546997172,0.803532955645985,0.6105809239581931,0.3894190760418069,0.0,0.011335287875706535,0.0,1.6695465530487954,1.6695465530487954
2015-10-19,203410.84313067055,-0.06467865679152363,0.7412853728339055,0.75718730869758,0.7598704193374721,-0.0042324043379105,-0.0032182353534928126,146733.72716811585,1.0,0.75718730869758,0.24281269130242,0.14861373882336137,0.002683110639892128,21.877053312340752,0.39497394370514055,22.27202725604589
2015-10-20,203776.16329262723,-0.06299884592537941,0.7480046162984824,0.7412853728339055,0.75718730869758,0.0017959719173965,0.0013501884286326018,146931.84534862838,0.8052264405939579,0.5969025822314107,0.4030974177685893,0.14478688492469685,0.012804659214060023,21.24511927006186,1.878875371596584,23.123994641658445
2015-10-21,202062.67538201215,-0.070877785855334,0.716488856578664,0.7480046162984824,0.7412853728339055,-0.0084086768684247,-0.006238628581933004,146015.19213864027,0.8035747642577976,0.6010776332057973,0.3989223667942027,0.0,0.0053994144830381,0.0,0.7933459337948984,0.7933459337948984
2015-10-22,205775.79688408287,-0.05380415429586971,0.7847833828165212,0.716488856578664,0.7480046162984824,0.0183760879887926,0.013719961671626143,148018.51497825753,0.8071191595532002,0.5782918837510047,0.4217081162489953,0.0,0.025436973497740385,0.0,3.7141845726980627,3.7141845726980627
2015-10-23,207214.27211297367,-0.04718977444005268,0.8112409022397893,0.7847833828165212,0.716488856578664,0.0069904976711188,0.004953400418151402,148751.709952245,0.8084581325316594,0.6344645081137231,0.3655354918862769,0.0,0.055213265144392405,0.0,8.172585513773752,8.172585513773752
2015-10-26,205854.0212930388,-0.053444463739897974,0.7862221450404081,0.8112409022397893,0.7847833828165212,-0.0065644649186773,-0.005183203164702104,147980.69961846567,1.0,0.8112409022397893,0.18875909776021071,0.15523136601569498,0.026457519423268128,23.090931133057452,3.935601255305869,27.02653238836332
2015-10-27,205608.90551545084,-0.054571552221547304,0.7817137911138108,0.7862221450404081,0.8112409022397893,-0.0011907262051442,-0.0009909845581811225,147834.05303023494,1.0,0.7862221450404081,0.2137778549595919,0.0,0.02501875719938118,0.0,3.702293193948952,3.702293193948952
2015-10-28,208991.4614725819,-0.03901792325758269,0.8439283069696693,0.7817137911138108,0.7862221450404081,0.0164514078252162,0.012929952795349517,149745.54035746105,1.0,0.7817137911138108,0.21828620888618921,0.0,0.004508353926597319,0.0,0.666488233463656,0.666488233463656
2015-10-29,208994.99594494508,-0.0390016710883897,0.8439933156464412,0.8439283069696693,0.7817137911138108,1.6912041947980683e-05,-4.899413942942329e-05,149738.20370357786,1.0,0.8439283069696693,0.15607169303033075,0.0,0.062214515855858465,0.0,9.316346294913354,9.316346294913354
2015-10-30,208724.61363164592,-0.0402449398569692,0.8390202405721232,0.8439933156464412,0.8439283069696693,-0.0012937262544333,-0.0010918772162628785,149574.7079705498,1.0,0.8439933156464412,0.1560066843535588,0.0,6.500867677194933e-05,0.0,0.009734282484978199,0.009734282484978199
2015-11-02,211214.70463177853,-0.028795032747252258,0.884819869010991,0.8390202405721232,0.8439933156464412,0.0119300304684097,0.010063892895722019,151080.0118114743,1.0,0.8390202405721232,0.1609797594278768,0.0,0.00497307507431799,0.0,0.7438462519567335,0.7438462519567335
2015-11-03,211787.3196392847,-0.02616204116372134,0.8953518353451146,0.884819869010991,0.8390202405721232,0.0027110565455394,0.0022288316866041448,151416.74372901223,1.0,0.884819869010991,0.11518013098900903,0.0,0.04579962843886776,0.0,6.919408405505275,6.919408405505275
2015-11-04,210735.52428091748,-0.03099839419302608,0.8760064232278957,0.8953518353451146,0.884819869010991,-0.0049662810793328,-0.0044047961404211355,150749.78384063955,1.0,0.8953518353451146,0.10464816465488536,0.0,0.010531966334123677,0.0,1.5947160473765891,1.5947160473765891
2015-11-05,209985.07517027433,-0.034449100455157144,0.8622035981793714,0.8760064232278957,0.8953518353451146,-0.0035610944723433,-0.003207777883767135,150266.21201805287,1.0,0.8760064232278957,0.12399357677210432,0.0,0.019345412117218963,0.0,2.916316694978848,2.916316694978848
2015-11-06,210444.87466240773,-0.032334855845726374,0.8706605766170945,0.8622035981793714,0.8760064232278957,0.0021896770128093,0.0019043683029668938,150552.37422922696,1.0,0.8622035981793714,0.13779640182062858,0.0,0.013802825048524259,0.0,2.0740982351896373,2.0740982351896373
2015-11-09,208769.15604556663,-0.04004012545387803,0.8398394981844879,0.8706605766170945,0.8622035981793714,-0.0079627437804282,-0.006873963317303413,149517.48273144232,1.0,0.8706605766170945,0.1293394233829055,0.0,0.008456978437723084,0.0,1.2732181826045887,1.2732181826045887
2015-11-10,208230.4373004043,-0.04251725564311348,0.8299309774275461,0.8398394981844879,0.8706605766170945,-0.0025804518031616,-0.002277518733306081,149176.95386356467,1.0,0.8398394981844879,0.1601605018155121,0.0,0.03082107843260662,0.0,4.608290062311689,4.608290062311689
2015-11-11,207610.3202644125,-0.04536867049457105,0.8185253180217158,0.8299309774275461,0.8398394981844879,-0.0029780326259277,-0.00251097794689301,148802.3738222286,1.0,0.8299309774275461,0.17006902257245393,0.0,0.009908520756941819,0.0,1.4781229438144827,1.4781229438144827
2015-11-12,203586.95960547417,-0.06386884009129667,0.7445246396348133,0.8185253180217158,0.8299309774275461,-0.019379386601852,-0.016094958923827153,146407.40572779186,1.0,0.8185253180217158,0.1814746819782842,0.0,0.01140565940583027,0.0,1.6971891945953739,1.6971891945953739
2015-11-13,204786.5083582117,-0.05835308914416659,0.7665876434233336,0.7445246396348133,0.8185253180217158,0.0058920706663241,0.004748808337572536,147102.66643679436,1.0,0.7445246396348133,0.2554753603651867,0.0,0.0740006783869025,0.0,10.834247344723073,10.834247344723073
2015-11-16,207234.37769987987,-0.047097325167134496,0.811610699331462,0.7665876434233336,0.7445246396348133,0.0119532744676049,0.008877444361661033,148408.562173539,1.0,0.7665876434233336,0.23341235657666637,0.0,0.02206300378852033,0.0,3.2455266868964365,3.2455266868964365
2015-11-17,207111.29095074825,-0.047663301207335085,0.8093467951706597,0.811610699331462,0.7665876434233336,-0.0005939494715971,-0.0005003373816523601,148334.30782212628,1.0,0.811610699331462,0.18838930066853798,0.0,0.045023055908128384,0.0,6.681806991984193,6.681806991984193
2015-11-18,210833.22659086823,-0.030549140582101342,0.8778034376715946,0.8093467951706597,0.811610699331462,0.0179707036880238,0.01458295148355484,150497.45983644304,1.0,0.8093467951706597,0.19065320482934034,0.0,0.0022639041608023547,0.0,0.335814656668249,0.335814656668249
2015-11-19,209832.57500603783,-0.03515032491427583,0.8593987003428967,0.8778034376715946,0.8093467951706597,-0.0047461759278208,-0.003909758918998993,149909.05105056084,1.0,0.8778034376715946,0.12219656232840537,0.0,0.06845664250093497,0.0,10.302550805322202,10.302550805322202
2015-11-20,210044.08183116335,-0.03417777672200928,0.8632888931119629,0.8593987003428967,0.8778034376715946,0.0010079789809538,0.0008664026772530829,150038.9326537355,1.0,0.8593987003428967,0.14060129965710333,0.0,0.018404737328697962,0.0,2.759036707779946,2.759036707779946
2015-11-23,210312.32184536464,-0.032944358647910676,0.8682225654083573,0.8632888931119629,0.8593987003428967,0.0012770653277291,0.0010936180901343837,150203.0179447101,1.0,0.8632888931119629,0.13671110688803711,0.0,0.003890192769066214,0.0,0.5836803708879745,0.5836803708879745
2015-11-24,211810.8194657765,-0.02605398453831631,0.8957840618467348,0.8682225654083573,0.8632888931119629,0.0071251061624133,0.006146091339958609,151126.17941253574,1.0,0.8682225654083573,0.1317774345916427,0.0,0.004933672296394409,0.0,0.7410524684686485,0.7410524684686485
2015-11-25,211531.60096798695,-0.027337883746351155,0.8906484650145954,0.8957840618467348,0.8682225654083573,-0.0013182447360045,-0.0011720913229681805,150949.045728973,1.0,0.8957840618467348,0.10421593815326524,0.0,0.027561496438377464,0.0,4.165263655624198,4.165263655624198
2015-11-27,211597.63130396165,-0.027034263833145777,0.8918629446674169,0.8906484650145954,0.8957840618467348,0.0003121535301229,0.00027448656030105946,150990.47921331585,1.0,0.8906484650145954,0.10935153498540462,0.0,0.0051355968321393775,0.0,0.7752134410601758,0.7752134410601758
2015-11-30,211170.22625553017,-0.028999552693072528,0.8840017892277099,0.8918629446674169,0.8906484650145954,-0.0020198952407814,-0.001800231075345062,150718.66146055478,1.0,0.8918629446674169,0.10813705533258311,0.0,0.0012144796528215096,0.0,0.1833748647743412,0.1833748647743412
2015-12-01,213032.99437902163,-0.020434194246420234,0.9182632230143191,0.8840017892277099,0.8918629446674169,0.0088211683840193,0.007859412054939043,151903.22152534217,1.0,0.8840017892277099,0.11599821077229011,0.0,0.007861155439707002,0.0,1.1848228254059983,1.1848228254059983
2015-12-02,210484.3313811483,-0.03215342642631569,0.8713862942947372,0.9182632230143191,0.8840017892277099,-0.0119637007652383,-0.010610194316042277,150291.49882772547,1.0,0.9182632230143191,0.08173677698568094,0.0,0.034261433786609174,0.0,5.204422166263137,5.204422166263137
2015-12-03,207764.93045946572,-0.044657743716601805,0.8213690251335928,0.8713862942947372,0.9182632230143191,-0.0129197309074672,-0.011910590672288125,148501.43830366374,1.0,0.8713862942947372,0.12861370570526276,0.0,0.04687692871958182,0.0,7.0452038777064026,7.0452038777064026
2015-12-04,211348.86030647112,-0.028178159703901695,0.8872873611843932,0.8213690251335928,0.8713862942947372,0.0172499268239334,0.014981332542801654,150726.18773397527,1.0,0.8213690251335928,0.17863097486640722,0.0,0.05001726916114446,0.0,7.427636410451438,7.427636410451438
2015-12-07,208187.60439871572,-0.042714209387192614,0.8291431624512295,0.8872873611843932,0.8213690251335928,-0.0149575252176489,-0.012351566242482208,148864.48324170228,1.0,0.8872873611843932,0.11271263881560678,0.0,0.06591833605080044,0.0,9.935619494704218,9.935619494704218
2015-12-08,205652.2690252247,-0.054372158641619706,0.7825113654335212,0.8291431624512295,0.8872873611843932,-0.0121781283799943,-0.010863643593183165,147247.27255208103,1.0,0.8291431624512295,0.17085683754877046,0.0,0.05814419873316368,0.0,8.655606097915252,8.655606097915252
2015-12-09,208557.35721459595,-0.04101401634398283,0.8359439346240687,0.7825113654335212,0.8291431624512295,0.0141262151064081,0.011666022869775836,148965.06260118572,1.0,0.7825113654335212,0.21748863456647882,0.0,0.046631797017708365,0.0,6.866404925059823,6.866404925059823
2015-12-10,208029.1896474717,-0.04344263023063022,0.8262294790774791,0.8359439346240687,0.7825113654335212,-0.0025324811082103,-0.002035127819110708,148661.89965821046,1.0,0.8359439346240687,0.16405606537593131,0.0,0.05343256919054751,0.0,7.959586014412098,7.959586014412098
2015-12-11,203152.17227491253,-0.06586807407396933,0.7365277037041227,0.8262294790774791,0.8359439346240687,-0.0234439089092439,-0.01960750791210836,145747.01028443305,1.0,0.8262294790774791,0.17377052092252088,0.0,0.009714455546589562,0.0,1.4441694157012437,1.4441694157012437
2015-12-14,201496.0846085902,-0.07348307687664946,0.7060676924934022,0.7365277037041227,0.8262294790774791,-0.0081519564756672,-0.006825088527726067,144752.27403659036,1.0,0.7365277037041227,0.2634722962958773,0.0,0.08970177537335644,0.0,13.073765577872484,13.073765577872484
2015-12-15,203175.77275649423,-0.06575955461751548,0.7369617815299381,0.7060676924934022,0.7365277037041227,0.0083360833098413,0.006121099098625085,145638.3170507197,1.0,0.7060676924934022,0.2939323075065978,0.27359097149065004,0.030460011210720506,39.60291527915156,4.409155889931829,44.01207116908339
2015-12-16,205573.80739548756,-0.05473293998339368,0.7810682400664253,0.7369617815299381,0.7060676924934022,0.0118027587957909,0.00830265257896361,146847.50139937675,1.0,0.7369617815299381,0.2630382184700619,0.0,0.0308940890365359,0.0,4.499363134096179,4.499363134096179
2015-12-17,202217.8273189387,-0.07016436804626314,0.7193425278149475,0.7810682400664253,0.7369617815299381,-0.0163249400255184,-0.01207496334311192,145074.3232029517,1.0,0.7810682400664253,0.21893175993357472,0.0,0.0441064585364872,0.0,6.476923231658357,6.476923231658357
2015-12-18,199375.73883822197,-0.08323282582554514,0.6670686966978194,0.7193425278149475,0.7810682400664253,-0.0140545891447751,-0.011039318920417651,143472.8014819506,1.0,0.7193425278149475,0.28065747218505255,0.0,0.06172571225147783,0.0,8.95481592910329,8.95481592910329
2015-12-21,201115.57837541023,-0.0752327161566384,0.6990691353734464,0.6670686966978194,0.7193425278149475,0.0087264355599454,0.006225022383388243,144365.92288258314,1.0,0.6670686966978194,0.33293130330218057,0.0,0.05227383111712802,0.0,7.499872994568721,7.499872994568721
2015-12-22,203285.69235645863,-0.06525412360753924,0.738983505569843,0.6990691353734464,0.6670686966978194,0.0107903823193526,0.0071659258319661055,145400.43837862308,1.0,0.6990691353734464,0.3009308646265536,0.0,0.03200043867562696,0.0,4.619772862054393,4.619772862054393
2015-12-23,207002.1012216211,-0.048165376133823545,0.8073384954647058,0.738983505569843,0.6990691353734464,0.0182817040495193,0.012739792202071698,147252.80974965685,0.391902378384528,0.2896093934197576,0.7103906065802423,0.45804748416008895,0.01564253661168837,66.60030499510235,2.27443168069315,68.8747366757955
2015-12-24,207117.19272937404,-0.04763616371836621,0.8094553451265352,0.8073384954647058,0.738983505569843,0.0005559919782154,0.0003840573202139413,147309.3632691633,0.392240287909133,0.3166706839012025,0.6833293160987974,0.0,0.02681158091638685,0.0,3.9480806237682433,3.9480806237682433
2015-12-28,206738.49496399224,-0.04937748732302494,0.8024900507079002,0.8094553451265352,0.8073384954647058,-0.0018284226451283,-0.0014769839444719129,147091.78970474435,0.3911270107475769,0.31659984947298986,0.6834001505270102,0.0,0.0008279570804333308,0.0,0.12196583033282939,0.12196583033282939
2015-12-29,207669.40246463037,-0.045096999417371,0.819612002330516,0.8024900507079002,0.8094553451265352,0.0045028261466266,0.0036420933669859532,147627.51173636608,0.3938563701327545,0.3160658184394637,0.6839341815605363,0.0,0.002743325576629482,0.0,0.4035206688092303,0.4035206688092303
2015-12-30,207088.92878940495,-0.04776612663425306,0.8089354934629878,0.819612002330516,0.8024900507079002,-0.0027951815160842,-0.002249819855576657,147295.37642923222,0.3921573395636152,0.32141686230834277,0.6785831376916572,0.0,0.006714498996461921,0.0,0.9912447794040006,0.9912447794040006
2015-12-31,206223.58294559253,-0.05174514970164468,0.7930194011934213,0.8089354934629878,0.819612002330516,-0.00417861953737,-0.0034290063657982186,146790.29964580375,0.3896067383550264,0.3151667191477284,0.6848332808522716,0.0,0.004159639796896196,0.0,0.6126957096938402,0.6126957096938402
2016-01-04,204572.83276778783,-0.05933560972748542,0.7626575610900583,0.7930194011934213,0.8089354934629878,-0.0080046624844074,-0.006481378220212365,145838.89619474098,0.3846813200012856,0.30505975003771435,0.6949402499622856,0.0,0.006122623383519088,0.0,0.8987417210851718,0.8987417210851718
2016-01-05,204850.74181841893,-0.058057731603952445,0.7677690735841902,0.7626575610900583,0.7930194011934213,0.0013584846378233,0.0010655996962277807,145994.3020782243,0.3855160869573437,0.2940167586398706,0.7059832413601295,0.0,0.011704977789473039,0.0,1.7070410408007073,1.7070410408007073
2016-01-06,203935.1043808267,-0.062268004885552175,0.7509279804577913,0.7677690735841902,0.7626575610900583,-0.0044697784809774,-0.0034108668228599883,145496.33495693913,0.3827571481405653,0.2938691010356085,0.7061308989643915,0.0,0.001956467944938789,0.0,0.2856331721597563,0.2856331721597563
2016-01-07,201987.9429210242,-0.07122141977728591,0.7151143208908564,0.7509279804577913,0.7677690735841902,-0.0095479464691198,-0.00733707048191237,144428.81809250012,0.9776472542115278,0.7341426782051674,0.26585732179483257,0.44643345765590914,0.016464648452944538,64.95443189108866,2.3955460062578684,67.34997789734653
2016-01-08,199023.97495902277,-0.08485030235197322,0.6605987905921071,0.7151143208908564,0.7509279804577913,-0.014673984591052,-0.01105410681820544,142832.28650967847,0.9773143655613366,0.6988914988252733,0.30110850117472665,0.0,0.035001203978088716,0.0,5.055182522369867,5.055182522369867
2016-01-11,198270.3593603482,-0.08831556872207702,0.6467377251116919,0.6605987905921071,0.7151143208908564,-0.0037865568649693,-0.002739244764080901,142441.03391671513,0.7765430887405925,0.5129834252646948,0.48701657473530524,0.1322025111896508,0.04233365828252208,18.882786955539185,6.046613208812017,24.9294001643512
2016-01-12,199310.5266963652,-0.08353268352819365,0.6658692658872254,0.6467377251116919,0.6605987905921071,0.0052462069437546,0.0034548580830977113,142933.14747410707,0.7777092719018732,0.5029739253080877,0.4970260746919123,0.0,0.010779879142557904,0.0,1.5354971305631804,1.5354971305631804
2016-01-13,194750.27301542915,-0.10450158829540168,0.5819936468183933,0.6658692658872254,0.6467377251116919,-0.0228801446492752,-0.014812231895029374,140815.9885482342,0.7725041335708623,0.5143867603156772,0.4856132396843228,0.0,0.01477919433067911,0.0,2.1124367628154443,2.1124367628154443
2016-01-14,197130.07961615277,-0.09355878961217057,0.6257648415513177,0.5819936468183933,0.6658692658872254,0.0122197856972199,0.00810239646264873,141956.93551573178,0.9965417272756344,0.5799809540638472,0.4200190459361528,0.34140335243809045,0.0835855543031671,48.07505056725092,11.770182457552584,59.845233024803505
2016-01-15,193976.63517079744,-0.10805892072105316,0.5677643171157873,0.6257648415513177,0.5819936468183933,-0.0159967695011113,-0.009353635580428878,140629.12207280318,0.9964855067369928,0.6235655952314588,0.3764344047685412,0.0,0.043617361163921814,0.0,6.191786926113233,6.191786926113233
2016-01-19,192400.13180501497,-0.11530797993029651,0.538768080278814,0.5677643171157873,0.6257648415513177,-0.008127284837137,-0.005143564120076321,139905.78716627168,0.9964567094050668,0.5657525631508123,0.43424743684918765,0.0,0.05779501172279678,0.0,8.12766175876428,8.12766175876428
2016-01-20,192404.3141750695,-0.1152887486055697,0.5388450055777212,0.538768080278814,0.5677643171157873,2.1737875204985713e-05,-5.121858894161855e-06,139905.07058857134,0.7994690468437937,0.4307284036103639,0.5692715963896361,0.10623925260235896,0.023181593826112016,14.863486263289406,3.2432391320109852,18.10672539530039
2016-01-21,192280.5764574762,-0.11585771792128385,0.5365691283148646,0.5388450055777212,0.538768080278814,-0.0006431130098295,-0.00034655025117658186,139856.586451218,0.7993399997871045,0.43072036664377794,0.569279633356222,0.0,6.148946841213438e-05,0.0,0.008602688418653389,0.008602688418653389
2016-01-22,195061.97659824893,-0.10306831655197446,0.5877267337921022,0.5365691283148646,0.5388450055777212,0.0144653203772135,0.007792745983390949,140946.4533035365,1.0,0.5365691283148646,0.4634308716851354,0.10756040100089306,0.002275877262856607,15.04303052130908,0.31829642516506645,15.361326946474145
2016-01-25,191581.02030698943,-0.11907440877341668,0.5237023649063333,0.5877267337921022,0.5365691283148646,-0.0178453861278607,-0.00962626789767086,139589.66498481008,0.7994662560539549,0.4698676914475914,0.5301323085524086,0.11587167389911221,0.04089877931957243,16.33170147442383,5.76453788953776,22.09623936396159
2016-01-26,194561.22514774837,-0.10537086597405665,0.5785165361037734,0.5237023649063333,0.5877267337921022,0.0155558459600197,0.00911731335302468,140862.34770132034,0.6003162255493953,0.3143870270118621,0.685612972988138,0.10765907817794011,0.038434867472686936,15.028094655432138,5.365110274247943,20.39320492968008
2016-01-27,192955.39800907727,-0.11275476141043528,0.5489809543582589,0.5785165361037734,0.5237023649063333,-0.0082535825802476,-0.004355144225482726,140248.871861141,0.596989948811239,0.345368557275047,0.654631442724953,0.0,0.032723509257290284,0.0,4.609510339007799,4.609510339007799
2016-01-28,192932.2645297076,-0.11286113350281779,0.5485554659887288,0.5489809543582589,0.5785165361037734,-0.0001198902938625,-8.698953571042351e-05,140236.6716768939,0.5969416260243393,0.32770958355101265,0.6722904164489873,0.0,0.01763101819274223,0.0,2.4727304112953505,2.4727304112953505
2016-01-29,196632.34714491316,-0.09584745719937116,0.6166101712025154,0.5485554659887288,0.5489809543582589,0.019178143294098,0.01052818124536882,141713.1087735555,1.0,0.5485554659887288,0.45144453401127116,0.22087899516171614,0.0004254883695300471,30.975335124815825,0.05966907278012212,31.035004197595946
2016-02-01,195817.72947623345,-0.09959322256931957,0.6016271097227217,0.6166101712025154,0.5485554659887288,-0.0041428466908314,-0.0023406359022226132,141381.40998334452,1.0,0.6166101712025154,0.3833898287974846,0.0,0.06805470521378654,0.0,9.644243842513585,9.644243842513585
2016-02-02,191653.09244912124,-0.11874300749829725,0.525027970006811,0.6016271097227217,0.6166101712025154,-0.0212679262406506,-0.013129002701849829,139525.21306968186,1.0,0.6016271097227217,0.3983728902772783,0.0,0.014983061479793669,0.0,2.1183263578803655,2.1183263578803655
2016-02-03,192458.87165838177,-0.11503788302835494,0.5398484678865803,0.525027970006811,0.6016271097227217,0.0042043632010499,0.0024528597411563107,139867.44884769674,1.0,0.525027970006811,0.474972029993189,0.0,0.0765991397159107,0.0,10.687511289816772,10.687511289816772
2016-02-04,193718.12157706777,-0.10924761488309231,0.5630095404676307,0.5398484678865803,0.525027970006811,0.0065429559460432,0.0034204143803153383,140345.85348107346,1.0,0.5398484678865803,0.46015153211341975,0.0,0.014820497879769245,0.0,2.072905229096023,2.072905229096023
2016-02-05,189106.74834154663,-0.1304515769841319,0.4781936920634724,0.5630095404676307,0.5398484678865803,-0.0238045527077163,-0.01287401238056704,138539.03922579685,1.0,0.5630095404676307,0.43699045953236926,0.0,0.02316107258105049,0.0,3.25056049892462,3.25056049892462
2016-02-08,186309.43996210225,-0.14331412742914174,0.42674349028343306,0.4781936920634724,0.5630095404676307,-0.0147922187017472,-0.008412976102171487,137373.5135995724,1.0,0.4781936920634724,0.5218063079365276,0.0,0.08481584840415834,0.0,11.750306149032932,11.750306149032932
2016-02-09,185540.2368064387,-0.14685106832020944,0.4125957267191622,0.42674349028343306,0.4781936920634724,-0.0041286322143415,-0.0020257360835282388,137095.23111615272,1.0,0.42674349028343306,0.5732565097165669,0.0,0.05145020178003934,0.0,7.067894993930979,7.067894993930979
2016-02-10,185417.6459083982,-0.14741476434376266,0.41034094262494936,0.4125957267191622,0.42674349028343306,-0.0006607240572211,-0.0002961074538570338,137054.63619633098,1.0,0.4125957267191622,0.5874042732808378,0.0,0.014147763564270832,0.0,1.9395909156203943,1.9395909156203943
2016-02-11,183074.7480409524,-0.15818784972432898,0.3672486011026841,0.41034094262494936,0.4125957267191622,-0.0126357869336949,-0.0052157264766705125,136339.79670157132,1.0,0.41034094262494936,0.5896590573750506,0.0,0.0022547840942128694,0.0,0.3090286137336185,0.3090286137336185
2016-02-12,186557.0291971553,-0.14217566552450767,0.43129733790196934,0.3672486011026841,0.41034094262494936,0.0190210894373261,0.007779159244628863,137400.40569149316,0.8033296889722293,0.29502170449930554,0.7049782955006945,0.07367440526872068,0.03461735731216644,10.044753436446554,4.719723458286426,14.76447689473298
2016-02-16,189973.91358409668,-0.12646418797889292,0.49414324808442833,0.43129733790196934,0.3672486011026841,0.0183154952758728,0.006674661205475834,138317.5068489788,0.8068670152421764,0.3479995957148584,0.6520004042851416,0.0,0.05167881309127103,0.0,7.1006898843954875,7.1006898843954875
2016-02-17,192365.76659362475,-0.11546599764057408,0.5381360094377037,0.49414324808442833,0.43129733790196934,0.0125904286772997,0.005379359161897003,139061.5663966976,0.8092684077508966,0.3998945195781416,0.6001054804218584,0.0,0.05085920966701445,0.0,7.034719081450921,7.034719081450921
2016-02-18,191787.3021575876,-0.11812588599748453,0.5274964560100619,0.5381360094377037,0.49414324808442833,-0.0030071069623276,-0.0015215182454690495,138849.98168618153,0.808693127522729,0.43518689250477743,0.5648131074952225,0.0,0.035576643767141286,0.0,4.947343809395976,4.947343809395976
2016-02-19,192289.15065438492,-0.11581829215004102,0.5367268313998359,0.5274964560100619,0.5381360094377037,0.0026166930299953,0.0013995272991800748,139044.30602604197,0.8091924124072533,0.42684612977505854,0.5731538702249415,0.0,0.008609445905049312,0.0,1.1954214062442676,1.1954214062442676
2016-02-22,194252.52910071687,-0.10679030850184346,0.5728387659926262,0.5367268313998359,0.5274964560100619,0.0102105523876427,0.005378543247332121,139792.16183929832,0.8111209716214396,0.4353503889803315,0.5646496110196685,0.0,0.0074869510545841145,0.0,1.0410179136355913,1.0410179136355913
2016-02-23,192777.49485875585,-0.1135727935809856,0.5457088256760576,0.5728387659926262,0.5367268313998359,-0.0075933850065665,-0.00410481243249256,139218.34123541534,0.8096757664399383,0.4638136669015881,0.5361863330984119,0.0,0.029238958319046385,0.0,4.0873771933486305,4.0873771933486305
2016-02-24,193922.94767731667,-0.10830578592127094,0.5667768563149163,0.5457088256760576,0.5728387659926262,0.0059418389029284,0.0033817187102869396,139689.13850478627,0.8107999625826999,0.44246069543919664,0.5575393045608034,0.0,0.021996954593544678,0.0,3.06237953074404,3.06237953074404
2016-02-25,195520.71252123915,-0.10095896243365166,0.5961641502653934,0.5667768563149163,0.5457088256760576,0.0082391736669613,0.00447907525432312,140314.81666836076,0.8123460758530336,0.4604189551117409,0.5395810448882591,0.0,0.017114532015428303,0.0,2.3907142331477633,2.3907142331477633
2016-02-26,196326.4991601442,-0.09725380380080562,0.6109847847967775,0.5961641502653934,0.5667768563149163,0.0041212341573146,0.0023119248530521636,140639.21398026778,0.8131162674749622,0.48475076866617917,0.5152492313338208,0.0,0.023895286768201497,0.0,3.3528627821180996,3.3528627821180996
2016-02-29,195504.45827691103,-0.10103370250848653,0.5958651899660539,0.6109847847967775,0.5961641502653934,-0.0041871111986906,-0.0025137931928964708,140285.67608150988,1.0,0.6109847847967775,0.38901521520322246,0.11406904805077794,0.014820634531384158,16.042581257338806,2.0843623911826827,18.12694364852149
2016-03-01,200078.05627724805,-0.08000343804897203,0.6799862478041119,0.5958651899660539,0.6109847847967775,0.0233938296888298,0.014278154403171478,142288.69662515496,1.0,0.5958651899660539,0.40413481003394613,0.0,0.01511959483072367,0.0,2.121062582906572,2.121062582906572
2016-03-02,201775.5794313792,-0.07219790707425655,0.7112083717029738,0.6799862478041119,0.5958651899660539,0.0084843045045324,0.0049713806574849875,142996.067899336,1.0,0.6799862478041119,0.3200137521958881,0.0,0.08412105783805801,0.0,11.96947567850655,11.96947567850655
2016-03-03,203612.17706806492,-0.06375288545181101,0.7449884581927559,0.7112083717029738,0.6799862478041119,0.0091021799657886,0.006158135077875555,143876.65700106518,1.0,0.7112083717029738,0.2887916282970262,0.0,0.03122212389886192,0.0,4.46464094900314,4.46464094900314
2016-03-04,204620.03712373044,-0.05911855521394027,0.7635257791442389,0.7449884581927559,0.7112083717029738,0.0049499006895279,0.0034866307230007115,144378.30177368774,1.0,0.7449884581927559,0.25501154180724406,0.0,0.033780086489782146,0.0,4.860165917356701,4.860165917356701
2016-03-07,206079.27406894584,-0.052408709078640925,0.7903651636854363,0.7635257791442389,0.7449884581927559,0.0071314469771748,0.005294308367257436,145142.6850248186,1.0,0.7635257791442389,0.23647422085576109,0.0,0.018537320951482972,0.0,2.676386918408913,2.676386918408913
2016-03-08,201827.3306008562,-0.07195994545626783,0.7121602181749287,0.7903651636854363,0.7635257791442389,-0.0206325623345661,-0.01578033261678286,142852.28517823401,1.0,0.7903651636854363,0.2096348363145637,0.0,0.026839384541197386,0.0,3.895540336722998,3.895540336722998
2016-03-09,202634.7090717817,-0.06824746728017306,0.7270101308793078,0.7121602181749287,0.7903651636854363,0.0040003426122807,0.0030835264980423956,143292.773984887,1.0,0.7121602181749287,0.2878397818250713,0.0,0.0782049455105076,0.0,11.171755178415284,11.171755178415284
2016-03-10,201531.93165352356,-0.07331824541682619,0.7067270183326952,0.7270101308793078,0.7121602181749287,-0.0054421941004562,-0.003890564050635505,142735.28426970556,1.0,0.7270101308793078,0.27298986912069223,0.0,0.014849912704379076,0.0,2.127885184843893,2.127885184843893
2016-03-11,205739.87897143693,-0.053969311618774385,0.7841227535249025,0.7067270183326952,0.7270101308793078,0.020879804422992,0.015159546233747151,144899.0864107792,1.0,0.7067270183326952,0.29327298166730476,0.0,0.020283112546612525,0.0,2.89511583521517,2.89511583521517
2016-03-14,205332.58427381865,-0.05584212930044197,0.7766314827982321,0.7841227535249025,0.7067270183326952,-0.001979658487477,-0.001476473875363841,144685.1466951296,1.0,0.7841227535249025,0.21587724647509754,0.0,0.07739573519220722,0.0,11.214571321441417,11.214571321441417
2016-03-15,203348.18249685335,-0.06496678217995511,0.7401328712801796,0.7766314827982321,0.7841227535249025,-0.0096643296239772,-0.007585512026452036,143587.6357748247,1.0,0.7766314827982321,0.22336851720176787,0.0,0.007491270726670329,0.0,1.0838756040212267,1.0838756040212267
2016-03-16,204274.86383182343,-0.06070572697950227,0.7571770920819909,0.7401328712801796,0.7766314827982321,0.0045571163882147,0.003502701446345487,144090.58039433052,1.0,0.7401328712801796,0.25986712871982043,0.0,0.03649861151805256,0.0,5.2407493369409535,5.2407493369409535
2016-03-17,207554.5833984527,-0.04562495909518549,0.817500163619258,0.7571770920819909,0.7401328712801796,0.0160554240747377,0.011866102899254723,145800.37404810303,1.0,0.7571770920819909,0.2428229079180091,0.0,0.01704422080181134,0.0,2.4559116677021176,2.4559116677021176
2016-03-18,209402.3632485975,-0.037128519550511,0.851485921797956,0.817500163619258,0.7571770920819909,0.008902621276243,0.006680537818315594,146774.39896085594,1.0,0.817500163619258,0.18249983638074196,0.0,0.060323071537267126,0.0,8.795126393864024,8.795126393864024
2016-03-21,209286.0957787687,-0.03766313926093556,0.8493474429562577,0.851485921797956,0.817500163619258,-0.0005552347548761,-0.0004878902611370084,146702.78916101868,1.0,0.851485921797956,0.148514078202044,0.0,0.03398575817869798,0.0,4.98823922990739,4.98823922990739
2016-03-22,208766.75161292384,-0.0400511814877379,0.8397952740490484,0.8493474429562577,0.851485921797956,-0.0024815034363,-0.002115103719744484,146392.49754596732,1.0,0.8493474429562577,0.15065255704374225,0.0,0.002138478841698266,0.0,0.3137208106389601,0.3137208106389601
2016-03-23,205856.13305606812,-0.0534347534560079,0.7862609861759684,0.8397952740490484,0.8493474429562577,-0.0139419641028488,-0.011851123729449518,144657.5819444869,1.0,0.8397952740490484,0.1602047259509516,0.0,0.009552168907209335,0.0,1.3983658633073077,1.3983658633073077
2016-03-24,205859.78112793295,-0.05341797893492428,0.7863280842603029,0.7862609861759684,0.8397952740490484,1.7721463095199397e-05,-3.8651886916771484e-05,144651.99065598796,1.0,0.7862609861759684,0.2137390138240316,0.0,0.05353428787308001,0.0,7.744140634839824,7.744140634839824
2016-03-28,206148.27400966483,-0.05209143436387498,0.7916342625445001,0.7863280842603029,0.7862609861759684,0.001401404782183,0.0011018028079866678,144811.36862547358,1.0,0.7863280842603029,0.21367191573969713,0.0,6.709808433447151e-05,0.0,0.009705871468184664,0.009705871468184664
2016-03-29,209954.2801203367,-0.034590701891091036,0.8616371924356359,0.7916342625445001,0.7863280842603029,0.0184624689629633,0.014512251672077958,146912.90765194452,1.0,0.7916342625445001,0.2083657374554999,0.0,0.005306178284197216,0.0,0.768394939505366,0.768394939505366
2016-03-30,210269.9526033329,-0.03313918039761643,0.8674432784095343,0.8616371924356359,0.7916342625445001,0.0015035296390015,0.0011202426470936153,147077.48575650476,1.0,0.8616371924356359,0.13836280756436414,0.0,0.07000292989113577,0.0,10.284333974461976,10.284333974461976
2016-03-31,210442.2081891443,-0.032347116791681896,0.8706115328332724,0.8674432784095343,0.8616371924356359,0.0008192116071683,0.0007000571032372807,147180.44839513485,1.0,0.8674432784095343,0.13255672159046572,0.0,0.005806085973898423,0.0,0.8539445271270872,0.8539445271270872
2016-04-01,211560.528082703,-0.02720487142815342,0.8911805142873863,0.8706115328332724,0.8674432784095343,0.0053141425533491,0.004606548983989279,147858.44234015254,1.0,0.8706115328332724,0.12938846716672758,0.0,0.003168254423738137,0.0,0.4663051067156486,0.4663051067156486
2016-04-04,209803.4519690076,-0.035284238120151135,0.8588630475193955,0.8911805142873863,0.8706115328332724,-0.0083053116269804,-0.007251269067677606,146786.2809908164,1.0,0.8911805142873863,0.10881948571261368,0.0,0.0205689814541139,0.0,3.041297558328767,3.041297558328767
2016-04-05,207531.92412951737,-0.045729150678733954,0.8170833972850642,0.8588630475193955,0.8911805142873863,-0.0108269326275233,-0.009681068853918999,145365.2328977336,1.0,0.8588630475193955,0.14113695248060454,0.0,0.032317466767990854,0.0,4.743760757917676,4.743760757917676
2016-04-06,209377.11795964133,-0.03724460214086245,0.8510215914365502,0.8170833972850642,0.8588630475193955,0.0088911324745026,0.0075944854827156355,146469.207048667,1.0,0.8170833972850642,0.18291660271493582,0.0,0.04177965023433128,0.0,6.073308586699416,6.073308586699416
2016-04-07,206506.00156676088,-0.050446535723978836,0.7982138571040847,0.8510215914365502,0.8170833972850642,-0.0137126560001359,-0.011238321744543946,144823.13897418586,1.0,0.8510215914365502,0.1489784085634498,0.0,0.03393819415148602,0.0,4.970900386031866,4.970900386031866
2016-04-08,207306.6277325153,-0.04676510591799632,0.8129395763280147,0.7982138571040847,0.8510215914365502,0.003877011610704,0.0032466128566270053,145293.32363911654,1.0,0.7982138571040847,0.20178614289591534,0.0,0.05280773433246555,0.0,7.647781848142545,7.647781848142545
2016-04-11,207084.49572243297,-0.04778651071059303,0.8088539571576279,0.8129395763280147,0.7982138571040847,-0.0010715142709714,-0.0008700232583980028,145166.91506826057,1.0,0.8129395763280147,0.18706042367198528,0.0,0.014725719223930067,0.0,2.139548689021231,2.139548689021231
2016-04-12,209177.96913193312,-0.038160325934951334,0.8473586962601947,0.8088539571576279,0.8129395763280147,0.0101092715907913,0.00821414134483241,146359.33662722455,1.0,0.8088539571576279,0.19114604284237213,0.0,0.004085619170386856,0.0,0.593096731108806,0.593096731108806
2016-04-13,213363.75695821352,-0.01891328565034245,0.9243468573986302,0.8473586962601947,0.8088539571576279,0.0200106533381645,0.016146860361349536,148722.58039832406,0.5912207429835471,0.5009760379765221,0.4990239620234779,0.3536676692501893,0.022764800460607183,51.76256545795436,3.331841093865603,55.094406551819965
2016-04-14,213474.50866538656,-0.018404028454799715,0.9263838861808011,0.9243468573986302,0.8473586962601947,0.0005190746017598,0.0003943090525731718,148781.22305809715,0.5914328198298859,0.5466890683721654,0.45331093162783465,0.0,0.04553332523562257,0.0,6.7718336231579155,6.7718336231579155
2016-04-15,213503.83277187528,-0.01826919069370847,0.9269232372251661,0.9263838861808011,0.9243468573986302,0.0001373658460301,0.000125768808106382,148799.93509518978,0.5914889352979015,0.5479458185142144,0.4520541814857856,0.0,0.0012048799855374675,0.0,0.1792635178864868,0.1792635178864868
2016-04-18,214164.91274832425,-0.015229420531882476,0.9390823178724701,0.9269232372251661,0.9263838861808011,0.0030963377465702,0.0028680776943080023,149226.70486995077,0.5927499190956993,0.5494336738731409,0.4505663261268591,0.0,0.00031970028791152125,0.0,0.04757138209114785,0.04757138209114785
2016-04-19,214971.04189034615,-0.011522687005238286,0.9539092519790469,0.9390823178724701,0.9269232372251661,0.0037640579480413,0.0034768907225039623,149745.54981566296,0.7945171316732396,0.7461169896010923,0.2538830103989077,0.18856112785255513,0.009660597879679553,28.138355775998296,1.441619188658213,29.579974964656508
2016-04-20,214791.2222501882,-0.012349531556783422,0.9506018737728663,0.9539092519790469,0.9390823178724701,-0.0008364830843108,-0.0007973041762028342,149626.15706342712,0.794345104832226,0.7577331447637262,0.24226685523627378,0.0,0.011777702527229225,0.0,1.7636585405052636,1.7636585405052636
2016-04-21,213804.41594118328,-0.01688705270472024,0.932451789181119,0.9506018737728663,0.9539092519790469,-0.0045942580831143,-0.004385129351811476,148970.02701028954,0.7933959123324549,0.7542036409069643,0.24579635909303565,0.0,0.0026240603493210913,0.0,0.392628065971429,0.392628065971429
2016-04-22,214522.95830939655,-0.013583059649848073,0.9456677614006077,0.932451789181119,0.9506018737728663,0.0033607461522728,0.0031876865246877988,149444.8967579726,0.5915640043576154,0.5516049142784057,0.44839508572159426,0.18966812149590834,0.010736936720523471,28.254865182236358,1.5994817532641512,29.85434693550051
2016-04-25,213623.191330688,-0.017720357574323553,0.9291185697027058,0.9456677614006077,0.932451789181119,-0.0041942689295326,-0.003918748925583104,148859.25972936844,0.5898436985260913,0.5577961699614237,0.44220383003857633,0.0,0.007795357933561273,0.0,1.1649764615725071,1.1649764615725071
2016-04-26,214512.46603278513,-0.013631305112589698,0.9454747795496412,0.9291185697027058,0.9456677614006077,0.0041628191047877,0.003926864718956202,149443.80990448964,0.7917840748641678,0.7356612871511757,0.26433871284882426,0.18663459136532853,0.01310338643827304,27.78228711053599,1.9505604051491705,29.732847515685158
2016-04-27,214653.43125777863,-0.01298312047524508,0.9480675180990197,0.9454747795496412,0.9291185697027058,0.0006571423451537,0.0005976047766723462,149533.11823913266,0.5871361325262645,0.5551224054658989,0.44487759453410114,0.19393992516692546,0.009603321792317668,28.983121309536962,1.4351569963827642,30.418278305919728
2016-04-28,213310.82649346744,-0.019156669889948352,0.9233733204402066,0.9480675180990197,0.9454747795496412,-0.0062547556609933,-0.005915229282666424,148648.59555939614,0.5845375162038098,0.5541810322231114,0.44581896777688856,0.0,0.0015155529518195599,0.0,0.22662535874210077,0.22662535874210077
2016-04-29,212201.10501778795,-0.02425937810965262,0.9029624875613895,0.9233733204402066,0.9480675180990197,-0.0052023682713239,-0.004946577407309686,147913.29377497372,0.5823648242163241,0.5377401414442043,0.46225985855579566,0.0,0.014381032078737846,0.0,2.137720221199004,2.137720221199004
2016-05-02,212847.68309512135,-0.02128629040954344,0.9148548383618262,0.9029624875613895,0.9233733204402066,0.0030470061750111,0.0028097186053628377,148328.88850847376,0.3854432873701566,0.34804082957759613,0.6519591704224039,0.17968329377732847,0.007867218522774127,26.577547818940904,1.163666204551004,27.741214023491906
2016-05-03,211205.37442929877,-0.028837934774408103,0.8846482609023676,0.9148548383618262,0.9029624875613895,-0.0077158869757987,-0.006985912085363143,147292.6759336339,0.9815048852588144,0.8979344931547955,0.10206550684520455,0.5448954967645642,0.011672400407840205,80.82374338836047,1.7313541787207936,82.55509756708126
2016-05-04,209714.90342761777,-0.03569140098028778,0.8572343960788489,0.8846482609023676,0.9148548383618262,-0.0070569747844175,-0.006485751458495806,146337.3722458716,0.981373438081032,0.8681703052941623,0.13182969470583772,0.0,0.02964393277404994,0.0,4.3663341834865665,4.3663341834865665
2016-05-05,209754.8092151929,-0.035507906657851085,0.8579683733685957,0.8572343960788489,0.8846482609023676,0.000190285892528,0.00014143274797975662,146358.06914256047,0.9813769817786756,0.8412701043007265,0.15872989569927354,0.0,0.026903335919393395,0.0,3.9369634830919997,3.9369634830919997
2016-05-06,210455.89493578032,-0.032284182554495944,0.8708632697820162,0.8579683733685957,0.8572343960788489,0.0033424059415398,0.002864504984794282,146777.3125611842,0.9814390201081472,0.8420436396426555,0.1579563603573445,0.0,0.0007203539520307124,0.0,0.1054296135184277,0.1054296135184277
2016-05-09,209990.96452993943,-0.03442202007090711,0.8623119197163716,0.8708632697820162,0.8579683733685957,-0.0022091583891377,-0.0019080430542274963,146497.25512943364,0.9813979251784998,0.8546634060782349,0.14533659392176512,0.0,0.01265502458552262,0.0,1.8574704990587243,1.8574704990587243
2016-05-10,213172.7032025972,-0.019791786779278397,0.9208328528828864,0.8623119197163716,0.8708632697820162,0.0151517884580416,0.013186741388139564,148429.0765468978,0.98167557301972,0.8465105479093038,0.1534894520906962,0.0,0.008394651475783952,0.0,1.2297933989705983,1.2297933989705983
2016-05-11,210988.1539438032,-0.029836755452495534,0.8806529781900179,0.9208328528828864,0.8623119197163716,-0.0102477907629562,-0.008894229593126508,147108.91426179392,0.9814858438210452,0.9037844096299001,0.09621559037009986,0.0,0.05743746747013182,0.0,8.52539025578415,8.52539025578415
2016-05-12,210435.87178833867,-0.03237625275523914,0.8704949889790434,0.8806529781900179,0.9208328528828864,-0.0026175979321173,-0.002449804197417267,146748.5262261579,0.9814372540155418,0.8643056406554199,0.13569435934458007,0.0,0.03943402588525747,0.0,5.801096732951703,5.801096732951703
2016-05-13,208850.1078721193,-0.039667893718435265,0.8413284251262589,0.8704949889790434,0.8806529781900179,-0.0075356159705243,-0.006646230644270097,145773.20167415217,0.9812963101919164,0.8542135207256882,0.14578647927431176,0.0,0.009967997331698513,0.0,1.4627889178530313,1.4627889178530313
2016-05-16,211454.53545213095,-0.027692245493719736,0.8892310180251211,0.8413284251262589,0.8704949889790434,0.0124703195346513,0.010826722905342059,147351.44773570274,0.9815266784149485,0.8257862945702565,0.17421370542974346,0.0,0.02862776053920106,0.0,4.1731603105602915,4.1731603105602915
2016-05-17,209491.7168786708,-0.03671765474107214,0.8531293810357115,0.8892310180251211,0.8413284251262589,-0.0092824614485723,-0.007856608053519313,146193.7651647247,0.9813535938688818,0.8726500553186369,0.12734994468136307,0.0,0.04700938169693632,0.0,6.926900450203813,6.926900450203813
2016-05-18,210268.00306286328,-0.03314814475164307,0.8674074209934277,0.8531293810357115,0.8892310180251211,0.0037055698228014,0.0032596766694352104,146670.30957024905,0.981422434335589,0.8372803139392822,0.16271968606071785,0.0,0.035430956457646115,0.0,5.179784927930702,5.179784927930702
2016-05-19,209005.01533972193,-0.038955600025330384,0.8441775998986785,0.8674074209934277,0.8531293810357115,-0.0060065616486773,-0.005138385407346144,145916.66099186233,0.981310172735924,0.851195726127483,0.14880427387251705,0.0,0.014011185857236968,0.0,2.0550249671272414,2.0550249671272414
2016-05-20,211213.8794057287,-0.028798827291955598,0.8848046908321776,0.8441775998986785,0.8674074209934277,0.0105684739785618,0.009144372557391874,147250.97730230258,0.981505630003977,0.8285650670237976,0.17143493297620238,0.0,0.022800200188481536,0.0,3.326929081449256,3.326929081449256
2016-05-23,210900.8900642803,-0.030238011195565684,0.8790479552177373,0.8848046908321776,0.8441775998986785,-0.001481859725928,-0.0012908273902213566,147060.9017075639,0.9814781832697134,0.8684165005064861,0.1315834994935139,0.0,0.03987460340094418,0.0,5.871574320330749,5.871574320330749
2016-05-24,214765.42941674244,-0.012468131859758147,0.9501274725609674,0.8790479552177373,0.8848046908321776,0.0183239594260804,0.016207473225763193,149444.3873345458,0.9818114691706504,0.8630593643837827,0.13694063561621728,0.0,0.005652029051240682,0.0,0.8311924887528016,0.8311924887528016
2016-05-25,216807.73169600905,-0.0030772415724873436,0.9876910337100506,0.9501274725609674,0.8790479552177373,0.0095094554315053,0.008289325399283587,150683.1804902584,0.7906241507433353,0.7511937260914264,0.24880627390857357,0.18372780304197023,0.0561971830347375,27.457088961929355,8.398353588553679,35.85544255048303
2016-05-26,217057.29568192805,-0.001929699391679085,0.9922812024332837,0.9876910337100506,0.9501274725609674,0.0011510843454094,0.0010639691584185607,150843.50274699248,0.7908648829027013,0.7811301537191472,0.21886984628085282,0.0,0.029707701389578154,0.0,4.476450930436505,4.476450930436505
2016-05-27,217956.57356204165,0.0,1.0,0.9922812024332837,0.9876910337100506,0.0041430437861502,0.0040884130358296395,151460.2132899935,0.7917277638963183,0.7856165775588536,0.2143834224411464,0.0,0.0036341640191521088,0.0,0.5481900302059923,0.5481900302059923
2016-05-31,219206.7100355243,0.0,1.0,1.0,0.9922812024332837,0.0057357135554656,0.005685320389081539,152321.31312874574,0.7929155410347316,0.7929155410347316,0.2070844589652684,0.0,0.006120354548750456,0.0,0.926990205364126,0.926990205364126
2016-06-01,218847.0141593223,-0.0016408981100245468,0.9934364075599018,1.0,1.0,-0.0016408981100245,-0.0016408981100244,152071.36937391636,0.7925751780363993,0.7925751780363993,0.20742482196360068,0.0,0.0,0.0,0.0,0.0
2016-06-02,219345.75842678675,0.0,1.0,0.9934364075599018,1.0,0.0022789630892625,0.0022737578531718487,152417.14284427286,0.7930468167023401,0.7878415806115887,0.2121584193884113,0.0,0.005205236090751413,0.0,0.7915673802350985,0.7915673802350985
2016-06-03,218878.57877574608,-0.0021298777527836155,0.9914804889888655,1.0,0.9934364075599018,-0.0021298777527836,-0.0021211004400498064,152093.85077551473,0.7926050908994062,0.7926050908994062,0.20739490910059377,0.0,0.0052023367826106795,0.0,0.7929253085191869,0.7929253085191869
2016-06-06,219805.2514667429,0.0,1.0,0.9914804889888655,1.0,0.0042337294776855,0.004226969420833265,152736.7468318396,0.7934794430690328,0.7867193862166973,0.21328061378330265,0.0,0.006760056852335466,0.0,1.0281630781331061,1.0281630781331061
2016-06-07,220301.0394726346,0.0,1.0,1.0,0.9914804889888655,0.0022555785295546,0.002229598086927338,153077.2883903794,0.7939442180666523,0.7939442180666523,0.20605578193334773,0.0,0.006764016508045385,0.0,1.0331138769557118,1.0331138769557118
2016-06-08,220621.66974480063,0.0,1.0,1.0,1.0,0.0014554187893691,0.0014554187893692284,153300.07995212844,0.9944837276908776,0.9944837276908776,0.005516272309122439,0.2003311499878714,0.0,30.666149220269748,0.0,30.666149220269748
2016-06-09,219603.86717696392,-0.004613339065985822,0.9815466437360567,1.0,1.0,-0.0046133390659859,-0.0046133390659859,152592.85470446653,0.9944581613099516,0.9944581613099516,0.0055418386900484284,0.0,0.0,0.0,0.0,0.0
2016-06-10,215775.06787134375,-0.021967932157630266,0.9121282713694789,0.9815466437360567,1.0,-0.0174350267818133,-0.01745337605791309,149929.594227559,0.9943598247025868,0.9760105486027978,0.02398945139720221,0.0,0.01834927609978903,0.0,2.7999684218272476,2.7999684218272476
2016-06-13,213295.30318902284,-0.03320782842525127,0.8671686862989949,0.9121282713694789,0.9815466437360567,-0.0114923596446253,-0.011349309326430707,148227.99688548417,0.9942942521967908,0.9069238974888675,0.09307610251113252,0.0,0.06902228864094481,0.0,10.34848372859431,10.34848372859431
2016-06-14,213399.47017432933,-0.03273567632239127,0.8690572947104349,0.8671686862989949,0.9121282713694789,0.0004883698035027,0.0004007527224219243,148287.39965877516,0.9942970373515388,0.8622232556711166,0.13777674432888343,0.0,0.04470318223613675,0.0,6.62626315726931,6.62626315726931
2016-06-15,212179.1983700597,-0.0382667368282843,0.8469330526868628,0.8690572947104349,0.8671686862989949,-0.005718251330581,-0.0049605662700720485,147551.81018575115,0.9942642388275827,0.8640725896228288,0.13592741037717115,0.0,0.0018777758046437689,0.0,0.2784504912127887,0.2784504912127887
2016-06-16,211243.57631144987,-0.042507580711353854,0.8299696771545846,0.8469330526868628,0.8690572947104349,-0.0044095842844028,-0.0038541781696040753,146983.11922004767,0.9942388344826576,0.8420537311882257,0.15794626881177432,0.0,0.021996780603328565,0.0,3.245664796279949,3.245664796279949
2016-06-17,211614.275825784,-0.04082733092100954,0.8366906763159618,0.8299696771545846,0.8469330526868628,0.0017548439616812,0.00146936953553927,147199.09173766812,0.9942489267188784,0.8251964607201597,0.17480353927984027,0.0,0.016865817916496908,0.0,2.4789905255640807,2.4789905255640807
2016-06-20,213930.87749277643,-0.030326994894760873,0.8786920204209565,0.8366906763159618,0.8299696771545846,0.0109472844303739,0.00907923135963135,148535.546347482,0.9943112035912316,0.8319309134012856,0.16806908659871445,0.0,0.006682764765484672,0.0,0.9836969037758344,0.9836969037758344
2016-06-21,214847.32458577608,-0.02617306434904565,0.8953077426038174,0.8786920204209565,0.8366906763159618,0.004283846744052,0.0035424912033015263,149061.73221379556,0.9943354695714643,0.8737146427339705,0.12628535726602952,0.0,0.04176342621327254,0.0,6.203353329931189,6.203353329931189
2016-06-22,214300.24591169387,-0.0286527784891617,0.8853888860433532,0.8953077426038174,0.8786920204209565,-0.0025463601892039,-0.002253987741014194,148725.74889673133,0.9943210088143946,0.8902232978251661,0.10977670217483393,0.0,0.016521361643041958,0.0,2.462702785042394,2.462702785042394
2016-06-23,217985.87188227315,-0.011947139488049374,0.9522114420478025,0.8853888860433532,0.8953077426038174,0.017198421564565,0.015388016507466155,151014.34317583952,0.9944170271353052,0.8804457839178708,0.11955421608212924,0.0,0.009863479853438335,0.0,1.4669534279304381,1.4669534279304381
2016-06-24,208051.33343211777,-0.05697688865841388,0.7720924453663445,0.9522114420478025,0.8853888860433532,-0.0455742308635519,-0.04041734916987225,144910.74373804269,0.9941504378389256,0.9466414220270576,0.05335857797294241,0.0,0.06643167330933941,0.0,10.03213551088184,10.03213551088184
2016-06-27,204652.61062376015,-0.07238209709641097,0.7104716116143561,0.7720924453663445,0.9522114420478025,-0.0163359818574128,-0.015734356723412744,142630.66640301328,0.9940532925336438,0.7675010374567672,0.23249896254323277,0.0,0.17904788169905983,0.0,25.945961701731843,25.945961701731843
2016-06-28,209232.27868912512,-0.0516240814823401,0.7935036740706396,0.7104716116143561,0.7720924453663445,0.0223777651866086,0.017216441031434566,145086.25886041496,0.9941834538378572,0.7063391206885092,0.29366087931149076,0.0,0.06126241332792018,0.0,8.737898838418099,8.737898838418099
2016-06-29,213247.65667629463,-0.03342379321594169,0.8663048271362332,0.7935036740706396,0.7104716116143561,0.0191910063415001,0.013552107007352227,147052.48336578775,0.9942929773458052,0.7889751306265317,0.21102486937346832,0.0,0.08255819659482094,0.0,11.97805988220522,11.97805988220522
2016-06-30,214453.29414078576,-0.027959064996425864,0.8881637400142965,0.8663048271362332,0.7935036740706396,0.0056536961919411,0.004413747900529455,147701.53595551112,0.8029611653222954,0.6956091335216396,0.30439086647836044,0.16688361755120962,0.05845649870235588,24.540650393971735,8.59617330305038,33.136823697022116
2016-07-01,215307.82369485628,-0.024085784755826678,0.9036568609766933,0.8881637400142965,0.8663048271362332,0.0039846884026391,0.0034343858455265744,148208.80001995925,0.8037431875667372,0.7138555554802856,0.28614444451971444,0.0,0.017568952313358196,0.0,2.5949612418121357,2.5949612418121357
2016-07-05,213493.5796072623,-0.03230911154730898,0.8707635538107641,0.9036568609766933,0.8881637400142965,-0.0084262803666865,-0.007496343336381446,147097.77596953654,0.8020754195604951,0.7248009559066013,0.2751990440933987,0.0,0.01242665149621587,0.0,1.8417391065203854,1.8417391065203854
2016-07-06,214403.15495324603,-0.02818632820043343,0.8872546871982663,0.8707635538107641,0.9036568609766933,0.0042604341903722,0.0038235600542891844,147660.21314980843,0.8029150868628313,0.6991491944449574,0.3008508055550426,0.0,0.026410532580337834,0.0,3.8849306047386807,3.8849306047386807
2016-07-07,214420.0312633364,-0.028109833855567534,0.8875606645777299,0.8872546871982663,0.8707635538107641,7.871297460182447e-05,4.880234942320338e-05,147667.4193151265,1.0,0.8872546871982663,0.11274531280173372,0.17468982313388226,0.016491133387502188,25.794736519051398,2.435084271080495,28.229820790131892
2016-07-08,217380.38158588423,-0.014691612853196534,0.9412335485872139,0.8875606645777299,0.8872546871982663,0.0138063142007105,0.012249411010133002,149476.25822712312,1.0,0.8875606645777299,0.11243933542227014,0.0,0.0003059773794635845,0.0,0.045182889994192704,0.045182889994192704
2016-07-11,217766.31181862825,-0.012942327603064796,0.9482306895877408,0.9412335485872139,0.8875606645777299,0.0017753682734773,0.0015220741606682454,149703.772177404,1.0,0.9412335485872139,0.058766451412786136,0.0,0.053672884009484,0.0,8.022821869996058,8.022821869996058
2016-07-12,221548.84881924704,0.0,1.0,0.9482306895877408,0.9412335485872139,0.0173697068615883,0.01634195368625191,152150.22428898435,1.0,0.9482306895877408,0.051769310412259184,0.0,0.006997141000526952,0.0,1.0474984022360594,1.0474984022360594
2016-07-13,219440.93610419397,-0.00951443767948812,0.9619422492820475,1.0,0.9482306895877408,-0.0095144376794881,-0.00907365111227294,150769.666237132,1.0,1.0,0.0,0.0,0.051769310412259184,0.0,7.876712190511287,7.876712190511287
2016-07-14,221514.14046711763,-0.00015666229959843125,0.9993733508016063,0.9619422492820475,1.0,0.009447664595904,0.009409606845186248,152188.34952060337,1.0,0.9619422492820475,0.03805775071795248,0.0,0.03805775071795248,0.0,5.737954373481666,5.737954373481666
2016-07-15,221630.5701453724,0.0,1.0,0.9993733508016063,0.9619422492820475,0.0005256083336677,0.00046816249151039087,152259.5983974938,0.8028475501542056,0.8023444463804691,0.1976555536195309,0.19732979424952393,0.030051468154551106,30.031295698075294,4.573483339112105,34.6047790371874
2016-07-18,221863.3739898958,0.0,1.0,1.0,0.9993733508016063,0.0010504139585558,0.0010492524840793878,152419.3571593373,0.803054424535749,0.803054424535749,0.19694557546425095,0.0,0.0005032334114018613,0.0,0.07662211712024818,0.07662211712024818
2016-07-19,220965.61685577396,-0.00404644136603971,0.9838142345358412,1.0,1.0,-0.0040464413660397,-0.0040464413660397,151802.6011675426,0.8022542579853026,0.8022542579853026,0.1977457420146974,0.0,0.0,0.0,0.0,0.0
2016-07-20,222728.3966586138,0.0,1.0,0.9838142345358412,1.0,0.0079776203552539,0.007964609924377685,153011.64967134796,0.803819313027006,0.7908088821507896,0.2091911178492104,0.0,0.0130104308762164,0.0,1.97501724932016,1.97501724932016
2016-07-21,221297.66834199883,-0.006423645741085893,0.9743054170356564,1.0,0.9838142345358412,-0.0064236457410858,-0.006339032045585737,152041.70392073333,1.0,1.0,0.0,0.1959847022707233,0.01618576546415884,29.98794260479135,2.476610674864475,32.464553279655824
2016-07-22,221589.33935899305,-0.005114109007692713,0.9795435639692291,0.9743054170356564,1.0,0.001318003118512,0.0012923085355475564,152238.1887124693,1.0,0.9743054170356564,0.02569458296434357,0.0,0.02569458296434357,0.0,3.9066481754314437,3.9066481754314437
2016-07-25,220461.71563915405,-0.010176883834592587,0.9592924646616297,0.9795435639692291,0.9743054170356564,-0.0050887995022727,-0.004963283068206021,151482.58748809836,1.0,0.9795435639692291,0.020456436030770853,0.0,0.005238146933572718,0.0,0.7974460013768859,0.7974460013768859
2016-07-26,220528.23962705192,-0.009878206212448837,0.9604871751502047,0.9592924646616297,0.9795435639692291,0.000301748481386,0.00027532468357154553,151524.2943835651,1.0,0.9592924646616297,0.04070753533837035,0.0,0.020251099307599496,0.0,3.067688922593609,3.067688922593609
2016-07-27,221124.88273583137,-0.00719941393571033,0.9712023442571587,0.9604871751502047,0.9592924646616297,0.0027055179408697,0.0025941882631947684,151917.37692964385,1.0,0.9604871751502047,0.03951282484979535,0.0,0.0011947104885750015,0.0,0.18102766377397142,0.18102766377397142
2016-07-28,220437.46109252603,-0.010285781249524284,0.9588568750019029,0.9712023442571587,0.9604871751502047,-0.0031087484809502,-0.0029966282158273975,151462.13703146199,1.0,0.9712023442571587,0.02879765574284132,0.0,0.010715169106954026,0.0,1.6278203840860102,1.6278203840860102
2016-07-29,221190.57770828137,-0.006904458404958236,0.9723821663801671,0.9588568750019029,0.9712023442571587,0.0034164638443154,0.00332129648880544,151965.18769537154,0.3710269312781239,0.35576172386688765,0.6442382761331124,0.6057613652788287,0.0045805015729659905,91.74991091622748,0.693772556917402,92.44368347314489
2016-08-01,219345.70434330916,-0.01518752151073699,0.939249913957052,0.9723821663801671,0.9588568750019029,-0.0083406507821744,-0.008002437040766799,150749.09584845105,0.365736763115297,0.3556359060429225,0.6443640939570775,0.0,0.00494669628887758,0.0,0.7517256300112792,0.7517256300112792
2016-08-02,219400.17668489364,-0.014942953047973884,0.9402281878081045,0.939249913957052,0.9723821663801671,0.0002483401338884,0.00022935861716825537,150783.6714526142,0.3658942370253735,0.34366613064346324,0.6563338693565368,0.0,0.012122900221287751,0.0,1.8275162474201156,1.8275162474201156
2016-08-03,220663.6884602644,-0.009270071662725976,0.9629197133490961,0.9402281878081045,0.939249913957052,0.0057589369090866,0.005408719499598906,151599.21803662105,0.369525102184655,0.3474379171766828,0.6525620828233172,0.0,0.0003614967447747232,0.0,0.05450780639530139,0.05450780639530139
2016-08-04,221285.26094662744,-0.006479352133075045,0.9740825914676998,0.9629197133490961,0.9402281878081045,0.0028168317619459,0.002612746636121965,151995.30838358495,0.9721363755286264,0.9360892800602542,0.06391071993974584,0.57961108668595,0.02205925739463486,87.86858750694618,3.3441661714951953,91.21275367844137
2016-08-05,222903.1237060774,0.0,1.0,0.9740825914676998,0.9629197133490961,0.0073112088556146,0.007029253038049122,153063.72186680947,0.9723386137010936,0.947138116618072,0.05286188338192799,0.0,0.01085409743475742,0.0,1.6497718868214324,1.6497718868214324
2016-08-08,223896.6052809827,0.0,1.0,1.0,0.9740825914676998,0.0044570105541246,0.00431629271257368,153724.3896940626,0.9724613537381288,0.9724613537381288,0.02753864626187119,0.0,0.025203678186704763,0.0,3.857768787990351,3.857768787990351
2016-08-09,224096.15857586937,0.0,1.0,1.0,1.0,0.0008912743211813,0.0008912743211813,153861.40029513618,0.9724858763699902,0.9724858763699902,0.027514123630009824,0.0,0.0,0.0,0.0,0.0
2016-08-10,222872.5088472468,-0.005460377975235575,0.9781584880990577,1.0,1.0,-0.0054603779752353,-0.0054603779752352,153021.25889372575,0.9723348139976622,0.9723348139976622,0.027665186002337805,0.0,0.0,0.0,0.0,0.0
2016-08-11,225845.47454517084,0.0,1.0,0.9781584880990577,1.0,0.0133393109509152,0.013318065734334769,155059.20607842304,0.972698990650647,0.9514537740703164,0.048546225929683606,0.0,0.02124521658033067,0.0,3.250969786592054,3.250969786592054
2016-08-12,226578.9157240281,0.0,1.0,1.0,0.9781584880990577,0.0032475354236536,0.0031553390084820537,155548.47043998653,0.77696897435825,0.77696897435825,0.22303102564175004,0.1966509684171596,0.01697017710010865,30.492543037317823,2.631382188153083,33.123925225470906
2016-08-15,228158.73190654305,0.0,1.0,1.0,1.0,0.0069724765760601,0.00697247657606,156633.0285065713,0.7785132852884845,0.7785132852884845,0.2214867147115155,0.0,0.0,0.0,0.0,0.0
2016-08-16,228343.2158633212,0.0,1.0,1.0,1.0,0.0008085772358419,0.0008085772358419,156759.67840780268,0.7786922297136529,0.7786922297136529,0.22130777028634707,0.0,0.0,0.0,0.0,0.0
2016-08-17,228646.9913651032,0.0,1.0,1.0,1.0,0.0013303460785267,0.0013303460785267,156968.22303124363,0.7789862544833016,0.7789862544833016,0.2210137455166984,0.0,0.0,0.0,0.0,0.0
2016-08-18,229976.46526355948,0.0,1.0,1.0,1.0,0.0058145260977144,0.005814526097714187,157880.91886057061,0.9805039636897904,0.9805039636897904,0.019496036310209575,0.2012031458487126,0.0,31.582500272168563,0.0,31.582500272168563
2016-08-19,229428.5332917972,-0.0023825567156809946,0.990469773137276,1.0,1.0,-0.0023825567156809,-0.0023825567156805,157504.75861706157,0.9804574023425,0.9804574023425,0.019542597657499994,0.0,0.0,0.0,0.0,0.0
2016-08-22,228016.07568780868,-0.0085243051870727,0.9659027792517092,0.990469773137276,1.0,-0.0061564164828273,-0.006165759310594077,156533.62218515557,0.980336344690842,0.9709935169241647,0.02900648307583531,0.0,0.009342827766677296,0.0,1.471539832191288,1.471539832191288
2016-08-23,229274.24198919575,-0.0030534571159660517,0.9877861715361358,0.9659027792517092,0.990469773137276,0.0055178842000145,0.005441210943865165,157385.35464327227,0.980444251048998,0.9470138269895877,0.05298617301041231,0.0,0.024086567920659878,0.0,3.7703577226296616,3.7703577226296616
2016-08-24,227736.61697750993,-0.00973946739933862,0.9610421304026455,0.9877861715361358,0.9659027792517092,-0.006706488257666,-0.006499268203863812,156362.46501208545,0.9803122151510896,0.9683388499142034,0.03166115008579662,0.0,0.021452556765366497,0.0,3.3763182545221357,3.3763182545221357
2016-08-25,227861.08850988784,-0.00919823144184495,0.9632070742326202,0.9610421304026455,0.9877861715361358,0.0005465591525417,0.000513665774978541,156442.7830588534,0.9803229698120336,0.9421316753908051,0.05786832460919489,0.0,0.02621779782875837,0.0,4.099479495693161,4.099479495693161
2016-08-26,227234.20027947385,-0.011924111369147838,0.9523035545234086,0.9632070742326202,0.9610421304026455,-0.0027511859726185,-0.0026461278549013943,156028.8154529031,0.980268685295798,0.9442017323256228,0.05579826767437723,0.0,0.0021222266419485243,0.0,0.3320070421480719,0.3320070421480719
2016-08-29,227703.25359903893,-0.009884540411191134,0.9604618383552355,0.9523035545234086,0.9632070742326202,0.0020641845241085,0.0019775483140368855,156337.3699738432,0.9803093304711088,0.9335520599400998,0.06644794005990018,0.0,0.010688822105915714,0.0,1.667764251772834,1.667764251772834
2016-08-30,227196.17992681544,-0.01208943416691688,0.9516422633323325,0.9604618383552355,0.9523035545234086,-0.0022269056950604,-0.0021286874922220598,156004.57656981298,0.980265383340881,0.9415074921595822,0.05849250784041782,0.0,0.007997283227809427,0.0,1.2502742267716533,1.2502742267716533
2016-08-31,225496.4003872864,-0.019480536285044647,0.9220778548598214,0.9516422633323325,0.9604618383552355,-0.0074815498221695,-0.007194387308051616,154882.21922414112,0.9801166248792824,0.932720403229767,0.06727959677023299,0.0,0.00864421210431729,0.0,1.348536649113671,1.348536649113671
2016-09-01,224821.4430897456,-0.02241543354406328,0.9103382658237469,0.9220778548598214,0.9516422633323325,-0.0029932065273838,-0.0028774366377796257,154436.55545200498,0.9800569311554408,0.9036887927203086,0.09631120727969145,0.0,0.028974803438995115,0.0,4.48768185821484,4.48768185821484
2016-09-02,227290.61047537136,-0.011678824548894906,0.9532847018044204,0.9103382658237469,0.9220778548598214,0.0109827930632049,0.01011548225908996,155998.7556888347,0.9802735823187128,0.892380552960849,0.10761944703915105,0.0,0.01150800899934226,0.0,1.7772572699690934,1.7772572699690934
2016-09-06,228232.81163511076,-0.007581878547661125,0.9696724858093555,0.9532847018044204,0.9103382658237469,0.0041453589207613,0.0037315330743334075,156580.87020524245,0.7858542413138976,0.7491428260926579,0.2508571739073421,0.18636959445482465,0.03374963886472804,29.073424833185395,5.26490166784511,34.33832650103051
2016-09-07,228456.79719168035,-0.006607928642339722,0.9735682854306411,0.9696724858093555,0.9532847018044204,0.0009813906903433,0.0009226628813406005,156725.34156210884,0.7860641959203524,0.7622248228638203,0.23777517713617968,0.0,0.01288185025675574,0.0,2.0170513230564397,2.0170513230564397
2016-09-08,229947.43054094963,-0.00012625084300077472,0.9994949966279969,0.9735682854306411,0.9696724858093555,0.0065247931669925,0.006323844658189626,157716.44827614934,0.787451033961611,0.7666373529945911,0.23336264700540887,0.0,0.0030677514398886074,0.0,0.4807943922441932,0.4807943922441932
2016-09-09,225838.68622246545,-0.017992184706169922,0.9280312611753203,0.9994949966279969,0.9735682854306411,-0.0178681897371865,-0.01742650387834155,154968.00197858678,0.983824121127535,0.9833272866289077,0.01667271337109233,0.1963664393652489,0.025507323857465982,30.970217377320893,4.022924523829023,34.99314190114992
2016-09-12,227831.75963389783,-0.009325761343465078,0.9626969546261397,0.9280312611753203,0.9994949966279969,0.008825208137587,0.008750433518399294,156324.03917737957,0.9839656277995597,0.9131508625199911,0.08684913748000889,0.0,0.07031785931959457,0.0,10.897018162168917,10.897018162168917
2016-09-13,223368.15053032036,-0.02873474346892757,0.8850610261242897,0.9626969546261397,0.9280312611753203,-0.0195916895464884,-0.01821579910169114,153476.47188495952,0.98364520982791,0.9469522479339192,0.05304775206608081,0.0,0.03409874330826124,0.0,5.33045328482004,5.33045328482004
2016-09-14,222164.71486142644,-0.033967607916664644,0.8641295683333414,0.8850610261242897,0.9626969546261397,-0.0053876779927519,-0.005263060527415288,152668.7159238948,0.9835566181815604,0.870507629739108,0.129492370260892,0.0,0.07635933128666497,0.0,11.719360761372148,11.719360761372148
2016-09-15,223824.9650070087,-0.02674839031681353,0.8930064387327459,0.8641295683333414,0.8850610261242897,0.0074730595568148,0.0065935239327758076,153675.3407561252,0.9836785890575842,0.8500257545410805,0.14997424545891946,0.0,0.020589826866718397,0.0,3.143422428837208,3.143422428837208
2016-09-16,221486.23689115787,-0.036917814014888806,0.8523287439404448,0.8930064387327459,0.8641295683333414,-0.0104489153646358,-0.009057617306032816,152283.40833018202,0.9835062472308542,0.8782774113110327,0.12172258868896735,0.0,0.028400582438290013,0.0,4.3644691838766425,4.3644691838766425
2016-09-19,222233.83627446895,-0.03366704927922626,0.865331802883095,0.8523287439404448,0.8930064387327459,0.0033753762482247,0.002974223698843436,152736.3332521783,0.9835617325683051,0.8383179361078312,0.16168206389216877,0.0,0.040009023966800394,0.0,6.092710533628304,6.092710533628304
2016-09-20,222941.23049767013,-0.030591107476266255,0.877635570094935,0.865331802883095,0.8523287439404448,0.003183107644902,0.0027002641514010414,153148.76169747562,0.983613891316127,0.8511523819134408,0.14884761808655922,0.0,0.012789989405593118,0.0,1.9534960841445004,1.9534960841445004
2016-09-21,226221.28022837528,-0.01632856227649493,0.9346857508940203,0.877635570094935,0.865331802883095,0.0147126205564718,0.012719193391705266,155096.690415206,0.9838514783871646,0.8634630531230638,0.13653694687693618,0.0,0.012105079561100317,0.0,1.8538779450319354,1.8538779450319354
2016-09-22,228021.4100965848,-0.00850110973196383,0.9659955610721447,0.9346857508940203,0.877635570094935,0.0079573852043992,0.0069275481225326545,156171.13020170288,0.983978963942448,0.9197111167764671,0.08028888322353289,0.0,0.0561361777954133,0.0,8.706535388628177,8.706535388628177
2016-09-23,225570.86141321575,-0.019156759563613512,0.923372961745546,0.9659955610721447,0.9346857508940203,-0.0107470113544647,-0.010075881122861148,154597.56845896764,0.9838049151820228,0.9503511810267918,0.049648818973208164,0.0,0.03080274514665491,0.0,4.810499522868115,4.810499522868115
2016-09-26,224394.52042418977,-0.02427180899998893,0.9029127640000443,0.923372961745546,0.9659955610721447,-0.0052149509987955,-0.0050795482201306695,153812.28265526536,0.9837200158624844,0.9083404645753176,0.09165953542468241,0.0,0.041928704085662016,0.0,6.48207570027893,6.48207570027893
2016-09-27,224443.8300489378,-0.02405739738751589,0.9037704104499364,0.9029127640000443,0.923372961745546,0.0002197452266428,0.00018277962152462484,153840.39640607493,0.983723592525334,0.8882165879391026,0.11178341206089737,0.0,0.020127179229983645,0.0,3.095807380775431,3.095807380775431
2016-09-28,227571.89864374505,-0.010455707357093003,0.958177170571628,0.9037704104499364,0.9029127640000443,0.0139369774349564,0.012583030938678325,155776.17487367112,0.9839473183867484,0.8892624717995059,0.1107375282004941,0.0,0.0008438789244953142,0.0,0.12982266826309133,0.12982266826309133
2016-09-29,226650.8591463299,-0.014460636715232345,0.9421574531390706,0.958177170571628,0.9037704104499364,-0.0040472461797973,-0.003711311177705904,155198.04101464216,0.9838820852177196,0.9427333525900279,0.057266647409972116,0.0,0.053529836598470146,0.0,8.338673186922327,8.338673186922327
2016-09-30,228500.912218956,-0.006416104547534829,0.9743355818098607,0.9421574531390706,0.958177170571628,0.0081625680996499,0.00780542280278163,156409.4273429249,0.98401258359288,0.9270947896146646,0.07290521038533537,0.0,0.015763603539238676,0.0,2.446480388621322,2.446480388621322
2016-10-03,228730.8207787317,-0.005416399818999995,0.978334400724,0.9743355818098607,0.9421574531390706,0.0010061603585871,0.0009162850581135844,156552.74296414733,0.7948870703061618,0.7744867561198898,0.22551324388011018,0.1846574544438665,0.02557797842705902,28.882166704167403,4.000636958365988,32.88280366253339
2016-10-04,228890.8639133305,-0.004720488894308539,0.9811180444227658,0.978334400724,0.9743355818098607,0.0006997007838906,0.0006785641874133976,156658.97404896413,0.7950304876346375,0.7778056756773426,0.2221943243226574,0.0,0.003179182951270807,0.0,0.497709811406298,0.497709811406298
2016-10-05,230015.53502204065,0.0,1.0,0.9811180444227658,0.978334400724,0.0049135692420472,0.004804897948438273,157411.70443197642,0.7960326951103266,0.7810020411232275,0.21899795887677254,0.0,0.002215871395755438,0.0,0.3471361394834931,0.3471361394834931
2016-10-06,229413.43243738564,-0.0026176605184398127,0.9895293579262407,1.0,0.9811180444227658,-0.0026176605184398,-0.002583254514942575,157005.0699357977,0.7954973766673112,0.7954973766673112,0.20450262333268876,0.0,0.015020546128038477,0.0,2.3644097675136604,2.3644097675136604
2016-10-07,228387.7491133409,-0.007076852041944859,0.9716925918322206,0.9895293579262407,1.0,-0.0044708948083269,-0.004479226019273028,156301.80874138352,0.994819008819276,0.9844026150497573,0.015597384950242654,0.19706046734490912,0.010416393769518587,30.93949245706845,1.6354266322620734,32.57491908933052
2016-10-10,228978.45134425268,-0.004508754931220604,0.9819649802751176,0.9716925918322206,0.9895293579262407,0.0025864006856981,0.0025415748174948335,156699.06148240954,0.9948323743697496,0.9666712482899439,0.033328751710056115,0.0,0.017744592364391944,0.0,2.773511881933004,2.773511881933004
2016-10-11,225260.70037430135,-0.02067179787349449,0.917312808506022,0.9819649802751176,0.9716925918322206,-0.016236248206439,-0.015786860529823858,154225.27525363246,0.9947470867666866,0.97680680343558,0.023193196564419982,0.0,0.010218428477707589,0.0,1.601218152281906,1.601218152281906
2016-10-12,225118.2817501218,-0.02129096746204373,0.9148361301518251,0.917312808506022,0.9819649802751176,-0.0006322391075891,-0.0006851490074812548,154119.6079593639,0.994743763568456,0.9124911955028306,0.08750880449716936,0.0,0.06431234466846439,0.0,9.918589058700402,9.918589058700402
2016-10-13,224215.03238714603,-0.025217873368156618,0.8991285065273735,0.9148361301518251,0.917312808506022,-0.0040123323434849,-0.0036830274585659883,153551.98121134614,0.9947225888409726,0.9100081637498805,0.08999183625011953,0.0,0.002463607904213199,0.0,0.3796902843629284,0.3796902843629284
2016-10-14,224006.5739115264,-0.026124153353113577,0.8955033865875457,0.8991285065273735,0.9148361301518251,-0.0009297256896659,-0.0008661713029311555,153418.97889171264,0.9947176777302572,0.8943790199939834,0.10562098000601661,0.0,0.015624650894375371,0.0,2.3991961005669693,2.3991961005669693
2016-10-17,222828.2132470687,-0.03124711456677587,0.8750115417328965,0.8955033865875457,0.8991285065273735,-0.0052603842998069,-0.004733367348869221,152692.79050632977,0.9946897437416078,0.8907480341245078,0.10925196587549224,0.0,0.0036058696239799435,0.0,0.5532088357276468,0.5532088357276468
2016-10-18,225071.03615955292,-0.02149636919964526,0.914014523201419,0.8750115417328965,0.8955033865875457,0.0100652555607823,0.00899308632928617,154065.96995321283,0.9947426602101624,0.870411308737977,0.129588691262023,0.0,0.02038411226332764,0.0,3.1125069834817953,3.1125069834817953
2016-10-19,225770.06130339188,-0.018457334711074913,0.9261706611557003,0.914014523201419,0.8750115417328965,0.0031057978661608,0.002678810414759856,154478.68347808358,0.994758937889681,0.9092241163155866,0.09077588368441336,0.0,0.038798564420158284,0.0,5.977538460183899,5.977538460183899
2016-10-20,225904.94921228872,-0.017870905151506578,0.9285163793939737,0.9261706611557003,0.914014523201419,0.0005974570238327,0.0005339919318496424,154561.17384870362,0.9947620673293454,0.9213194415910311,0.07868055840896893,0.0,0.012092464922141673,0.0,1.868028061177352,1.868028061177352
2016-10-21,225719.67809150857,-0.01867637735912253,0.9252944905635099,0.9285163793939737,0.9261706611557003,-0.0008201286489125,-0.0007619125144350484,154443.41175610252,0.9947577680247182,0.9236488811403417,0.07635111885965828,0.0,0.002333421439119664,0.0,0.3606563567140666,0.3606563567140666
2016-10-24,225868.33817730105,-0.01803007281374369,0.9278797087450252,0.9252944905635099,0.9285163793939737,0.0006586048990031,0.000608320426215327,154537.36283816813,0.9947612183120028,0.920447074730341,0.07955292526965896,0.0,0.0032050100582580185,0.0,0.4949926881099933,0.4949926881099933
2016-10-25,225062.8603333636,-0.0215319138692196,0.9138723445231216,0.9278797087450252,0.9252944905635099,-0.0035661387976617,-0.0033023002083787077,154027.03407266535,0.9947424692275352,0.9230013526231525,0.07699864737684747,0.0,0.002571626317372506,0.0,0.3974123492919771,0.3974123492919771
2016-10-26,224447.83097917808,-0.024205773937525876,0.9031769042498965,0.9138723445231216,0.9278797087450252,-0.0027327003365837,-0.0025495507106715223,153634.33433848276,0.9947280626024344,0.9090544667334292,0.09094553326657084,0.0,0.013933518274620853,0.0,2.1461384940371317,2.1461384940371317
2016-10-27,224303.1446373308,-0.024834802502198272,0.9006607899912069,0.9031769042498965,0.9138723445231216,-0.0006446323905919,-0.0005997507323559402,153542.19203394823,0.9947246619486552,0.8984123407598111,0.10158765924018887,0.0,0.010639018210175879,0.0,1.6345184807353674,1.6345184807353674
2016-10-28,222901.73606244143,-0.030927471741930668,0.8762901130322773,0.9006607899912069,0.9031769042498965,-0.0062478329367839,-0.005644371571787036,152675.54285016196,0.9890655359368904,0.8908125469499961,0.10918745305000388,0.3634839684450205,0.0024886018977492647,55.8101252842469,0.3821053904802656,56.19223067472716
2016-10-31,222300.1343596634,-0.033542954660162105,0.8658281813593516,0.8762901130322773,0.9006607899912069,-0.0026989547654735,-0.002435829381002708,152303.651277127,0.5964925785963495,0.5227005491211096,0.47729945087889036,0.3433968757986166,0.014536927941370549,52.42830442560344,2.219433364822436,54.64773779042588
2016-11-01,221601.5125295149,-0.036580235729380184,0.8536790570824793,0.8658281813593516,0.8762901130322773,-0.0031426963917987,-0.0027601409323818253,151883.2717350858,0.5952204794576671,0.5153586652366732,0.4846413347633268,0.0,0.006227155986412218,0.0,0.9484185938028004,0.9484185938028004
2016-11-02,220869.52341521857,-0.03976258214883477,0.8409496714046609,0.8536790570824793,0.8658281813593516,-0.0033031774284429,-0.00286719921522739,151447.79213756075,0.5938789897032384,0.5069820559509559,0.4930179440490441,0.0,0.007215109651328017,0.0,1.0958544597710933,1.0958544597710933
2016-11-03,220368.15687482728,-0.041942289447053804,0.8322308422117848,0.8409496714046609,0.8536790570824793,-0.0022699670494998,-0.0019453712834497801,151153.1699517945,0.5929550109905228,0.4986453216502273,0.5013546783497727,0.0,0.007547953024493377,0.0,1.143120820717546,1.143120820717546
2016-11-04,220064.7193027408,-0.04326149413493463,0.8269540234602615,0.8322308422117848,0.8409496714046609,-0.0013769574351835,-0.0011631251748184285,150977.35989456996,0.9929139065802196,0.8263335767170495,0.17366642328295046,0.3325337150951837,0.008657046754704315,50.26352515248391,1.3085400593944523,51.57206521187836
2016-11-07,225090.7230591056,-0.021410779765215215,0.9143568809391391,0.8269540234602615,0.8322308422117848,0.0228387529463574,0.019001874337974248,153846.2127151657,0.9930721304806176,0.8212249938872005,0.1787750061127995,0.0,0.005240261639735321,0.0,0.7911608675240289,0.7911608675240289
2016-11-08,225810.48228012663,-0.018281603203501362,0.9268735871859946,0.9143568809391391,0.8269540234602615,0.0031976405390641,0.0025575024374224543,154239.67477917296,0.9930942127060228,0.908042526808589,0.09195747319141101,0.0,0.08679927193624273,0.0,13.353739253824711,13.353739253824711
2016-11-09,231226.7019221024,0.0,1.0,0.9268735871859946,0.9143568809391391,0.0239856874104573,0.021919046034567024,157620.4613110143,0.9932559728335256,0.9206227265341247,0.07937727346587531,0.0,0.012432293239891841,0.0,1.9175528660802281,1.9175528660802281
2016-11-10,232940.69125371255,0.0,1.0,1.0,0.9268735871859946,0.0074125925654882,0.0067978993864788425,158691.94934825695,0.9933055957248856,0.9933055957248856,0.006694404275114363,0.0,0.07263687504343959,0.0,11.44905775253745,11.44905775253745
2016-11-11,230662.84745027023,-0.009778642757444889,0.9608854289702204,1.0,1.0,-0.0097786427574447,-0.0097786427574447,157140.15746709783,0.9932394870842252,0.9932394870842252,0.006760512915774841,0.0,0.0,0.0,0.0,0.0
2016-11-14,229988.19565630823,-0.0126748812391414,0.9493004750434344,0.9608854289702204,1.0,-0.0029248394417201,-0.0029490669665535865,156676.74061959257,0.8061290706966238,0.7745976779016905,0.22540232209830946,0.17942623719075304,0.03153139279493328,28.195067165883792,4.954848028952729,33.149915194836524
2016-11-15,230517.641271683,-0.010402003913478675,0.9583919843460853,0.9493004750434344,0.9608854289702204,0.0023020556070885,0.002207322306291511,157022.57668403926,0.6060097472381663,0.5752853409341429,0.42471465906585715,0.1910253978589556,0.0070205950009374135,29.92923671210207,1.0999639419570795,31.02920065405915
2016-11-16,229922.90999967564,-0.012955148530704896,0.9481794058771804,0.9583919843460853,0.9493004750434344,-0.0025799815958832,-0.00245467803251894,156637.13681444342,0.6049906303342271,0.5798181707168089,0.42018182928319114,0.0,0.005500277943700258,0.0,0.8636678151982036,0.8636678151982036
2016-11-17,230477.94961031168,-0.010572397764195274,0.9577104089432189,0.9481794058771804,0.9583919843460853,0.0024140248165649,0.002307393805043901,156998.5603735689,0.6059418963755451,0.5745416273014563,0.4254583726985437,0.0,0.006188229164332288,0.0,0.9693064982526456,0.9693064982526456
2016-11-18,228900.4619740223,-0.017344454753462246,0.930622180986151,0.9577104089432189,0.9481794058771804,-0.0068444189084316,-0.00650302007421409,155977.59558383687,1.0,0.9577104089432189,0.042289591056781095,0.3770165310385275,0.00953100306603849,59.19105261008579,1.4963537602841144,60.68740637036991
2016-11-21,230015.7182196965,-0.012556728574443232,0.9497730857022271,0.930622180986151,0.9577104089432189,0.0048722323933132,0.004639099449909124,156701.19116170797,1.0,0.930622180986151,0.06937781901384898,0.0,0.02708822795706789,0.0,4.225156665370319,4.225156665370319
2016-11-22,227492.2537209984,-0.02338980580589023,0.9064407767764391,0.9497730857022271,0.930622180986151,-0.0109708350291427,-0.010228853326776026,155098.31766118377,1.0,0.9497730857022271,0.05022691429777293,0.0,0.019150904716076056,0.0,3.000969580833489,3.000969580833489
2016-11-23,227979.08580607176,-0.021299865733792056,0.9148005370648318,0.9064407767764391,0.9497730857022271,0.0021399941189663,0.002006473838640504,155409.5183779881,0.8007238830262262,0.725808778513739,0.27419122148626096,0.18119974942610553,0.034697214663548956,28.10377629661702,5.3814796218454,33.48525591846242
2016-11-25,228704.15620221273,-0.018187183307039723,0.9272512667718411,0.9148005370648318,0.9064407767764391,0.0031804250533653,0.0028761678146578275,155856.50223283836,0.8013556564730885,0.7330805849215222,0.26691941507847783,0.0,0.006699141193862582,0.0,1.0411103064843241,1.0411103064843241
2016-11-28,227665.85361880172,-0.022644552166996124,0.9094217913320155,0.9272512667718411,0.9148005370648318,-0.0045399375361284,-0.004168058822231072,155206.8831637047,1.0,0.9272512667718411,0.07274873322815889,0.18400920996242712,0.012450729707009334,28.67903184337185,1.9405271823809673,30.619559025752817
2016-11-29,228882.5569725288,-0.017421319818973657,0.9303147207241054,0.9094217913320155,0.9272512667718411,0.0053442505074314,0.004937633577522087,155973.23788147638,1.0,0.9094217913320155,0.0905782086679845,0.0,0.017829475439825604,0.0,2.7672573114591548,2.7672573114591548
2016-11-30,226599.02051525,-0.027224400787732583,0.8911023968490697,0.9303147207241054,0.9094217913320155,-0.0099768915879111,-0.009094095549195519,154554.80235306482,1.0,0.9303147207241054,0.06968527927589463,0.0,0.020892929392089865,0.0,3.258737846113322,3.258737846113322
2016-12-01,224349.0268008948,-0.03688348483288373,0.8524660606684651,0.8911023968490697,0.9303147207241054,-0.0099294061785397,-0.009276685059819496,153121.0461271528,1.0,0.8911023968490697,0.10889760315093033,0.0,0.039212323875035704,0.0,6.060452966310509,6.060452966310509
2016-12-02,224888.4984692103,-0.034567566281204276,0.8617297348751829,0.8524660606684651,0.8911023968490697,0.0024046089078615,0.0021193477828738397,153445.5628767737,0.8032234799394802,0.6847207557804246,0.3152792442195754,0.16831698372615247,0.031033612399096855,25.772872629115426,4.75189919565429,30.524771824769715
2016-12-05,224527.3834752756,-0.036117810645944215,0.8555287574162231,0.8617297348751829,0.8524660606684651,-0.0016057512784902,-0.0013799331935155463,153233.81825116236,1.0,0.8617297348751829,0.1382702651248171,0.1693987796817312,0.009263674206717809,25.99349109890182,1.4214697029568644,27.414960801858683
2016-12-06,225347.0728716756,-0.03259893469521047,0.8696042612191581,0.8555287574162231,0.8617297348751829,0.0036507324127359,0.0031422426228550388,153715.316086134,0.7989733895817703,0.6835447111975199,0.3164552888024801,0.17278469864935658,0.004954415979105229,26.47645910941737,0.7591840776828653,27.235643187100234
2016-12-07,224564.5248065674,-0.03595836520473805,0.8561665391810478,0.8696042612191581,0.8555287574162231,-0.0034726347013782,-0.0029821680189737543,153256.91118647548,0.599503708102847,0.5213309791829221,0.47866902081707785,0.17242268179513312,0.008438316723275248,26.504007032557787,1.2970985223531655,27.801105554910954
2016-12-08,225231.59145896797,-0.03309468926726944,0.8676212429309222,0.8561665391810478,0.8696042612191581,0.00297048989806,0.0025750787699608687,153651.55980482153,0.6006898548551926,0.5142905541525361,0.4857094458474639,0.0,0.008071903300656918,0.0,1.2370749672545955,1.2370749672545955
2016-12-09,226162.1964759758,-0.029099659407955447,0.8836013623681782,0.8676212429309222,0.8561665391810478,0.0041317694865969,0.0035305832368353186,154194.03942618205,0.6023329235475032,0.522596839786501,0.47740316021349904,0.0,0.006899545198032426,0.0,1.0601258816215486,1.0601258816215486
2016-12-12,226029.0873257239,-0.029671088768517095,0.8813156449259316,0.8836013623681782,0.8676212429309222,-0.0005885561438913,-0.0005329723514938302,154111.85826640273,1.0,0.8836013623681782,0.11639863763182179,0.35102814238001667,0.01598011943725597,54.126447225843734,2.464039166543345,56.59048639238708
2016-12-13,227865.02553314163,-0.021789519440562843,0.9128419222377486,0.8813156449259316,0.8836013623681782,0.0081225749709461,0.007174832592823304,155217.58505003309,1.0,0.8813156449259316,0.11868435507406838,0.0,0.002285717442246593,0.0,0.35225616249655156,0.35225616249655156
2016-12-14,225859.36774723127,-0.03039968443627783,0.8784012622548887,0.9128419222377486,0.8813156449259316,-0.0088019553734394,-0.007788827253863655,154008.6220933165,1.0,0.9128419222377486,0.08715807776225137,0.0,0.03152627731181701,0.0,4.893432629957885,4.893432629957885
2016-12-15,226872.06478951135,-0.026052238582873533,0.8957910456685059,0.8784012622548887,0.9128419222377486,0.0044837504522434,0.004058514721677288,154633.66835334746,1.0,0.8784012622548887,0.12159873774511132,0.0,0.034440659982859945,0.0,5.304158587944685,5.304158587944685
2016-12-16,226602.11213809275,-0.027211128641822402,0.8911554854327104,0.8957910456685059,0.8784012622548887,-0.0011898893399197,-0.0010625894346173133,154469.35625111908,0.8042846824233822,0.7204710166832038,0.2795289833167962,0.17528670425599396,0.013986336430232501,27.10522609267268,2.162758509030914,29.267984601703596
2016-12-19,225768.1802218644,-0.03079114685049189,0.8768354125980324,0.8911554854327104,0.8957910456685059,-0.0036801595023092,-0.0033003831452363824,153959.5481912924,1.0,0.8911554854327104,0.10884451456728961,0.17423854030130645,0.004635560235795477,26.914515154477485,0.7160520054866132,27.630567159964098
2016-12-20,225939.1098111739,-0.03005735668103049,0.879770573275878,0.8768354125980324,0.8911554854327104,0.0007571022149424,0.0006603757190444967,154061.21933863297,1.0,0.8768354125980324,0.12316458740196756,0.0,0.014320072834677955,0.0,2.2047119436934177,2.2047119436934177
2016-12-21,224902.7686471792,-0.03450630528857945,0.8619747788456822,0.879770573275878,0.8768354125980324,-0.0045868161774241,-0.004024818016121012,153441.1509674533,1.0,0.879770573275878,0.12022942672412196,0.0,0.002935160677845605,0.0,0.45219443298370243,0.45219443298370243
2016-12-22,224004.09141036743,-0.03836427115952712,0.8465429153618915,0.8619747788456822,0.879770573275878,-0.0039958478155578,-0.0035332251178467346,152899.00883874376,1.0,0.8619747788456822,0.1380252211543178,0.0,0.017795794430195855,0.0,2.7306071797494464,2.7306071797494464
2016-12-23,225005.09012655876,-0.03406704549747619,0.8637318180100952,0.8465429153618915,0.8619747788456822,0.0044686626475831,0.003836442633902785,153485.5971149342,1.0,0.8465429153618915,0.15345708463810848,0.0,0.015431863483790664,0.0,2.3595166312063958,2.3595166312063958
2016-12-27,225784.8064032544,-0.030719771680698615,0.8771209132772055,0.8637318180100952,0.8465429153618915,0.00346532727885,0.002916359354672566,153933.21627188785,1.0,0.8637318180100952,0.13626818198990476,0.0,0.01718890264820372,0.0,2.6382489867100216,2.6382489867100216
2016-12-28,224280.47439881775,-0.03717777606087003,0.8512888957565199,0.8771209132772055,0.8637318180100952,-0.0066626804008675,-0.0057681581507286256,153045.3051357813,1.0,0.8771209132772055,0.12287908672279446,0.0,0.013389095267110296,0.0,2.061026497436999,2.061026497436999
2016-12-29,225204.7752708623,-0.03320980950650865,0.8671607619739654,0.8512888957565199,0.8771209132772055,0.004121182972,0.0035889437546625103,153594.5761278288,1.0,0.8512888957565199,0.1487111042434801,0.0,0.025832017520685646,0.0,3.9534690037261835,3.9534690037261835
2016-12-30,224347.68649068745,-0.036889238701819704,0.8524430451927212,0.8671607619739654,0.8512888957565199,-0.0038058197440263,-0.00325567937538409,153094.52143415855,0.0,0.0,1.0,0.8647252296544543,0.0,132.81710511581534,0.0,132.81710511581534
