date,raw_p3_return,d1_return,reconstructed_d1_return,reconciliation_error,full_exposure_loss,avoided_loss,missed_rebound,scaled_alpha_cost_effect,overlay_cost_effect,de_risk_lag_loss,reentry_lag_loss,decision_multiplier,executed_multiplier,applied_multiplier
2008-01-02,0.0,0.0,0.0,0.0,0.0,0.0,0.0,0.0,-0.0,0.0,0.0,1.0,1.0,1.0
2008-01-03,0.0,0.0,0.0,0.0,0.0,0.0,0.0,0.0,-0.0,0.0,0.0,1.0,1.0,1.0
2008-01-04,0.0,0.0,0.0,0.0,0.0,0.0,0.0,0.0,-0.0,0.0,0.0,1.0,1.0,1.0
2008-01-07,0.0,0.0,0.0,0.0,0.0,0.0,0.0,0.0,-0.0,0.0,0.0,1.0,1.0,1.0
2008-01-08,0.0,0.0,0.0,0.0,0.0,0.0,0.0,0.0,-0.0,0.0,0.0,1.0,1.0,1.0
2008-01-09,0.0,0.0,0.0,0.0,0.0,0.0,0.0,0.0,-0.0,0.0,0.0,1.0,1.0,1.0
2008-01-10,0.0,0.0,0.0,0.0,0.0,0.0,0.0,0.0,-0.0,0.0,0.0,1.0,1.0,1.0
2008-01-11,0.0,0.0,0.0,0.0,0.0,0.0,0.0,0.0,-0.0,0.0,0.0,1.0,1.0,1.0
2008-01-14,0.0,0.0,0.0,0.0,0.0,0.0,0.0,0.0,-0.0,0.0,0.0,1.0,1.0,1.0
2008-01-15,0.0,0.0,0.0,0.0,0.0,0.0,0.0,0.0,-0.0,0.0,0.0,1.0,1.0,1.0
2008-01-16,0.0,0.0,0.0,0.0,0.0,0.0,0.0,0.0,-0.0,0.0,0.0,1.0,1.0,1.0
2008-01-17,0.0,0.0,0.0,0.0,0.0,0.0,0.0,0.0,-0.0,0.0,0.0,1.0,1.0,1.0
2008-01-18,0.0,0.0,0.0,0.0,0.0,0.0,0.0,0.0,-0.0,0.0,0.0,1.0,1.0,1.0
2008-01-22,0.0,0.0,0.0,0.0,0.0,0.0,0.0,0.0,-0.0,0.0,0.0,1.0,1.0,1.0
2008-01-23,0.0,0.0,0.0,0.0,0.0,0.0,0.0,0.0,-0.0,0.0,0.0,1.0,1.0,1.0
2008-01-24,0.0,0.0,0.0,0.0,0.0,0.0,0.0,0.0,-0.0,0.0,0.0,1.0,1.0,1.0
2008-01-25,0.0,0.0,0.0,0.0,0.0,0.0,0.0,0.0,-0.0,0.0,0.0,1.0,1.0,1.0
2008-01-28,0.0,0.0,0.0,0.0,0.0,0.0,0.0,0.0,-0.0,0.0,0.0,1.0,1.0,1.0
2008-01-29,0.0,0.0,0.0,0.0,0.0,0.0,0.0,0.0,-0.0,0.0,0.0,1.0,1.0,1.0
2008-01-30,0.0,0.0,0.0,0.0,0.0,0.0,0.0,0.0,-0.0,0.0,0.0,1.0,1.0,1.0
2008-01-31,0.0,0.0,0.0,0.0,0.0,0.0,0.0,0.0,-0.0,0.0,0.0,1.0,1.0,1.0
2008-02-01,0.0,0.0,0.0,0.0,0.0,0.0,0.0,0.0,-0.0,0.0,0.0,1.0,1.0,1.0
2008-02-04,0.0,0.0,0.0,0.0,0.0,0.0,0.0,0.0,-0.0,0.0,0.0,1.0,1.0,1.0
2008-02-05,0.0,0.0,0.0,0.0,0.0,0.0,0.0,0.0,-0.0,0.0,0.0,1.0,1.0,1.0
2008-02-06,0.0,0.0,0.0,0.0,0.0,0.0,0.0,0.0,-0.0,0.0,0.0,1.0,1.0,1.0
2008-02-07,0.0,0.0,0.0,0.0,0.0,0.0,0.0,0.0,-0.0,0.0,0.0,1.0,1.0,1.0
2008-02-08,0.0,0.0,0.0,0.0,0.0,0.0,0.0,0.0,-0.0,0.0,0.0,1.0,1.0,1.0
2008-02-11,0.0,0.0,0.0,0.0,0.0,0.0,0.0,0.0,-0.0,0.0,0.0,1.0,1.0,1.0
2008-02-12,0.0,0.0,0.0,0.0,0.0,0.0,0.0,0.0,-0.0,0.0,0.0,1.0,1.0,1.0
2008-02-13,0.0,0.0,0.0,0.0,0.0,0.0,0.0,0.0,-0.0,0.0,0.0,1.0,1.0,1.0
2008-02-14,0.0,0.0,0.0,0.0,0.0,0.0,0.0,0.0,-0.0,0.0,0.0,1.0,1.0,1.0
2008-02-15,0.0,0.0,0.0,0.0,0.0,0.0,0.0,0.0,-0.0,0.0,0.0,1.0,1.0,1.0
2008-02-19,0.0,0.0,0.0,0.0,0.0,0.0,0.0,0.0,-0.0,0.0,0.0,1.0,1.0,1.0
2008-02-20,0.0,0.0,0.0,0.0,0.0,0.0,0.0,0.0,-0.0,0.0,0.0,1.0,1.0,1.0
2008-02-21,0.0,0.0,0.0,0.0,0.0,0.0,0.0,0.0,-0.0,0.0,0.0,1.0,1.0,1.0
2008-02-22,0.0,0.0,0.0,0.0,0.0,0.0,0.0,0.0,-0.0,0.0,0.0,1.0,1.0,1.0
2008-02-25,0.0,0.0,0.0,0.0,0.0,0.0,0.0,0.0,-0.0,0.0,0.0,1.0,1.0,1.0
2008-02-26,0.0,0.0,0.0,0.0,0.0,0.0,0.0,0.0,-0.0,0.0,0.0,1.0,1.0,1.0
2008-02-27,0.0,0.0,0.0,0.0,0.0,0.0,0.0,0.0,-0.0,0.0,0.0,1.0,1.0,1.0
2008-02-28,0.0,0.0,0.0,0.0,0.0,0.0,0.0,0.0,-0.0,0.0,0.0,1.0,1.0,1.0
2008-02-29,0.0,0.0,0.0,0.0,0.0,0.0,0.0,0.0,-0.0,0.0,0.0,1.0,1.0,1.0
2008-03-03,0.0,0.0,0.0,0.0,0.0,0.0,0.0,0.0,-0.0,0.0,0.0,1.0,1.0,1.0
2008-03-04,0.0,0.0,0.0,0.0,0.0,0.0,0.0,0.0,-0.0,0.0,0.0,1.0,1.0,1.0
2008-03-05,0.0,0.0,0.0,0.0,0.0,0.0,0.0,0.0,-0.0,0.0,0.0,1.0,1.0,1.0
2008-03-06,0.0,0.0,0.0,0.0,0.0,0.0,0.0,0.0,-0.0,0.0,0.0,1.0,1.0,1.0
2008-03-07,0.0,0.0,0.0,0.0,0.0,0.0,0.0,0.0,-0.0,0.0,0.0,1.0,1.0,1.0
2008-03-10,0.0,0.0,0.0,0.0,0.0,0.0,0.0,0.0,-0.0,0.0,0.0,1.0,1.0,1.0
2008-03-11,0.0,0.0,0.0,0.0,0.0,0.0,0.0,0.0,-0.0,0.0,0.0,1.0,1.0,1.0
2008-03-12,0.0,0.0,0.0,0.0,0.0,0.0,0.0,0.0,-0.0,0.0,0.0,1.0,1.0,1.0
2008-03-13,0.0,0.0,0.0,0.0,0.0,0.0,0.0,0.0,-0.0,0.0,0.0,1.0,1.0,1.0
2008-03-14,0.0,0.0,0.0,0.0,0.0,0.0,0.0,0.0,-0.0,0.0,0.0,1.0,1.0,1.0
2008-03-17,0.0,0.0,0.0,0.0,0.0,0.0,0.0,0.0,-0.0,0.0,0.0,1.0,1.0,1.0
2008-03-18,0.0,0.0,0.0,0.0,0.0,0.0,0.0,0.0,-0.0,0.0,0.0,1.0,1.0,1.0
2008-03-19,0.0,0.0,0.0,0.0,0.0,0.0,0.0,0.0,-0.0,0.0,0.0,1.0,1.0,1.0
2008-03-20,0.0,0.0,0.0,0.0,0.0,0.0,0.0,0.0,-0.0,0.0,0.0,1.0,1.0,1.0
2008-03-24,0.0,0.0,0.0,0.0,0.0,0.0,0.0,0.0,-0.0,0.0,0.0,1.0,1.0,1.0
2008-03-25,0.0,0.0,0.0,0.0,0.0,0.0,0.0,0.0,-0.0,0.0,0.0,1.0,1.0,1.0
2008-03-26,0.0,0.0,0.0,0.0,0.0,0.0,0.0,0.0,-0.0,0.0,0.0,1.0,1.0,1.0
2008-03-27,0.0,0.0,0.0,0.0,0.0,0.0,0.0,0.0,-0.0,0.0,0.0,1.0,1.0,1.0
2008-03-28,0.0,0.0,0.0,0.0,0.0,0.0,0.0,0.0,-0.0,0.0,0.0,1.0,1.0,1.0
2008-03-31,0.0,0.0,0.0,0.0,0.0,0.0,0.0,0.0,-0.0,0.0,0.0,1.0,1.0,1.0
2008-04-01,0.0,0.0,0.0,0.0,0.0,0.0,0.0,0.0,-0.0,0.0,0.0,1.0,1.0,1.0
2008-04-02,0.0,0.0,0.0,0.0,0.0,0.0,0.0,0.0,-0.0,0.0,0.0,1.0,1.0,1.0
2008-04-03,0.0,0.0,0.0,0.0,0.0,0.0,0.0,0.0,-0.0,0.0,0.0,1.0,1.0,1.0
2008-04-04,0.0,0.0,0.0,0.0,0.0,0.0,0.0,0.0,-0.0,0.0,0.0,1.0,1.0,1.0
2008-04-07,0.0,0.0,0.0,0.0,0.0,0.0,0.0,0.0,-0.0,0.0,0.0,1.0,1.0,1.0
2008-04-08,0.0,0.0,0.0,0.0,0.0,0.0,0.0,0.0,-0.0,0.0,0.0,1.0,1.0,1.0
2008-04-09,0.0,0.0,0.0,0.0,0.0,0.0,0.0,0.0,-0.0,0.0,0.0,1.0,1.0,1.0
2008-04-10,0.0,0.0,0.0,0.0,0.0,0.0,0.0,0.0,-0.0,0.0,0.0,1.0,1.0,1.0
2008-04-11,0.0,0.0,0.0,0.0,0.0,0.0,0.0,0.0,-0.0,0.0,0.0,1.0,1.0,1.0
2008-04-14,0.0,0.0,0.0,0.0,0.0,0.0,0.0,0.0,-0.0,0.0,0.0,1.0,1.0,1.0
2008-04-15,0.0,0.0,0.0,0.0,0.0,0.0,0.0,0.0,-0.0,0.0,0.0,1.0,1.0,1.0
2008-04-16,0.0,0.0,0.0,0.0,0.0,0.0,0.0,0.0,-0.0,0.0,0.0,1.0,1.0,1.0
2008-04-17,0.0,0.0,0.0,0.0,0.0,0.0,0.0,0.0,-0.0,0.0,0.0,1.0,1.0,1.0
2008-04-18,0.0,0.0,0.0,0.0,0.0,0.0,0.0,0.0,-0.0,0.0,0.0,1.0,1.0,1.0
2008-04-21,0.0,0.0,0.0,0.0,0.0,0.0,0.0,0.0,-0.0,0.0,0.0,1.0,1.0,1.0
2008-04-22,0.0,0.0,0.0,0.0,0.0,0.0,0.0,0.0,-0.0,0.0,0.0,1.0,1.0,1.0
2008-04-23,0.0,0.0,0.0,0.0,0.0,0.0,0.0,0.0,-0.0,0.0,0.0,1.0,1.0,1.0
2008-04-24,0.0,0.0,0.0,0.0,0.0,0.0,0.0,0.0,-0.0,0.0,0.0,1.0,1.0,1.0
2008-04-25,0.0,0.0,0.0,0.0,0.0,0.0,0.0,0.0,-0.0,0.0,0.0,1.0,1.0,1.0
2008-04-28,0.0,0.0,0.0,0.0,0.0,0.0,0.0,0.0,-0.0,0.0,0.0,1.0,1.0,1.0
2008-04-29,0.0,0.0,0.0,0.0,0.0,0.0,0.0,0.0,-0.0,0.0,0.0,1.0,1.0,1.0
2008-04-30,0.0,0.0,0.0,0.0,0.0,0.0,0.0,0.0,-0.0,0.0,0.0,1.0,1.0,1.0
2008-05-01,0.0,0.0,0.0,0.0,0.0,0.0,0.0,0.0,-0.0,0.0,0.0,1.0,1.0,1.0
2008-05-02,0.0,0.0,0.0,0.0,0.0,0.0,0.0,0.0,-0.0,0.0,0.0,1.0,1.0,1.0
2008-05-05,0.0,0.0,0.0,0.0,0.0,0.0,0.0,0.0,-0.0,0.0,0.0,1.0,1.0,1.0
2008-05-06,0.0,0.0,0.0,0.0,0.0,0.0,0.0,0.0,-0.0,0.0,0.0,1.0,1.0,1.0
2008-05-07,0.0,0.0,0.0,0.0,0.0,0.0,0.0,0.0,-0.0,0.0,0.0,1.0,1.0,1.0
2008-05-08,0.0,0.0,0.0,0.0,0.0,0.0,0.0,0.0,-0.0,0.0,0.0,1.0,1.0,1.0
2008-05-09,0.0,0.0,0.0,0.0,0.0,0.0,0.0,0.0,-0.0,0.0,0.0,1.0,1.0,1.0
2008-05-12,0.0,0.0,0.0,0.0,0.0,0.0,0.0,0.0,-0.0,0.0,0.0,1.0,1.0,1.0
2008-05-13,0.0,0.0,0.0,0.0,0.0,0.0,0.0,0.0,-0.0,0.0,0.0,1.0,1.0,1.0
2008-05-14,0.0,0.0,0.0,0.0,0.0,0.0,0.0,0.0,-0.0,0.0,0.0,1.0,1.0,1.0
2008-05-15,0.0,0.0,0.0,0.0,0.0,0.0,0.0,0.0,-0.0,0.0,0.0,1.0,1.0,1.0
2008-05-16,0.0,0.0,0.0,0.0,0.0,0.0,0.0,0.0,-0.0,0.0,0.0,1.0,1.0,1.0
2008-05-19,0.0,0.0,0.0,0.0,0.0,0.0,0.0,0.0,-0.0,0.0,0.0,1.0,1.0,1.0
2008-05-20,0.0,0.0,0.0,0.0,0.0,0.0,0.0,0.0,-0.0,0.0,0.0,1.0,1.0,1.0
2008-05-21,0.0,0.0,0.0,0.0,0.0,0.0,0.0,0.0,-0.0,0.0,0.0,1.0,1.0,1.0
2008-05-22,0.0,0.0,0.0,0.0,0.0,0.0,0.0,0.0,-0.0,0.0,0.0,1.0,1.0,1.0
2008-05-23,0.0,0.0,0.0,0.0,0.0,0.0,0.0,0.0,-0.0,0.0,0.0,1.0,1.0,1.0
2008-05-27,0.0,0.0,0.0,0.0,0.0,0.0,0.0,0.0,-0.0,0.0,0.0,1.0,1.0,1.0
2008-05-28,0.0,0.0,0.0,0.0,0.0,0.0,0.0,0.0,-0.0,0.0,0.0,1.0,1.0,1.0
2008-05-29,0.0,0.0,0.0,0.0,0.0,0.0,0.0,0.0,-0.0,0.0,0.0,1.0,1.0,1.0
2008-05-30,0.0,0.0,0.0,0.0,0.0,0.0,0.0,0.0,-0.0,0.0,0.0,1.0,1.0,1.0
2008-06-02,0.0,0.0,0.0,0.0,0.0,0.0,0.0,0.0,-0.0,0.0,0.0,1.0,1.0,1.0
2008-06-03,0.0,0.0,0.0,0.0,0.0,0.0,0.0,0.0,-0.0,0.0,0.0,1.0,1.0,1.0
2008-06-04,0.0,0.0,0.0,0.0,0.0,0.0,0.0,0.0,-0.0,0.0,0.0,1.0,1.0,1.0
2008-06-05,0.0,0.0,0.0,0.0,0.0,0.0,0.0,0.0,-0.0,0.0,0.0,1.0,1.0,1.0
2008-06-06,0.0,0.0,0.0,0.0,0.0,0.0,0.0,0.0,-0.0,0.0,0.0,1.0,1.0,1.0
2008-06-09,0.0,0.0,0.0,0.0,0.0,0.0,0.0,0.0,-0.0,0.0,0.0,1.0,1.0,1.0
2008-06-10,0.0,0.0,0.0,0.0,0.0,0.0,0.0,0.0,-0.0,0.0,0.0,1.0,1.0,1.0
2008-06-11,0.0,0.0,0.0,0.0,0.0,0.0,0.0,0.0,-0.0,0.0,0.0,1.0,1.0,1.0
2008-06-12,0.0,0.0,0.0,0.0,0.0,0.0,0.0,0.0,-0.0,0.0,0.0,1.0,1.0,1.0
2008-06-13,0.0,0.0,0.0,0.0,0.0,0.0,0.0,0.0,-0.0,0.0,0.0,1.0,1.0,1.0
2008-06-16,0.0,0.0,0.0,0.0,0.0,0.0,0.0,0.0,-0.0,0.0,0.0,1.0,1.0,1.0
2008-06-17,0.0,0.0,0.0,0.0,0.0,0.0,0.0,0.0,-0.0,0.0,0.0,1.0,1.0,1.0
2008-06-18,0.0,0.0,0.0,0.0,0.0,0.0,0.0,0.0,-0.0,0.0,0.0,1.0,1.0,1.0
2008-06-19,0.0,0.0,0.0,0.0,0.0,0.0,0.0,0.0,-0.0,0.0,0.0,1.0,1.0,1.0
2008-06-20,0.0,0.0,0.0,0.0,0.0,0.0,0.0,0.0,-0.0,0.0,0.0,1.0,1.0,1.0
2008-06-23,0.0,0.0,0.0,0.0,0.0,0.0,0.0,0.0,-0.0,0.0,0.0,1.0,1.0,1.0
2008-06-24,0.0,0.0,0.0,0.0,0.0,0.0,0.0,0.0,-0.0,0.0,0.0,1.0,1.0,1.0
2008-06-25,0.0,0.0,0.0,0.0,0.0,0.0,0.0,0.0,-0.0,0.0,0.0,1.0,1.0,1.0
2008-06-26,0.0,0.0,0.0,0.0,0.0,0.0,0.0,0.0,-0.0,0.0,0.0,1.0,1.0,1.0
2008-06-27,0.0,0.0,0.0,0.0,0.0,0.0,0.0,0.0,-0.0,0.0,0.0,1.0,1.0,1.0
2008-06-30,0.0,0.0,0.0,0.0,0.0,0.0,0.0,0.0,-0.0,0.0,0.0,1.0,1.0,1.0
2008-07-01,0.0,0.0,0.0,0.0,0.0,0.0,0.0,0.0,-0.0,0.0,0.0,1.0,1.0,1.0
2008-07-02,0.0,0.0,0.0,0.0,0.0,0.0,0.0,0.0,-0.0,0.0,0.0,1.0,1.0,1.0
2008-07-03,0.0,0.0,0.0,0.0,0.0,0.0,0.0,0.0,-0.0,0.0,0.0,1.0,1.0,1.0
2008-07-07,0.0,0.0,0.0,0.0,0.0,0.0,0.0,0.0,-0.0,0.0,0.0,1.0,1.0,1.0
2008-07-08,0.0,0.0,0.0,0.0,0.0,0.0,0.0,0.0,-0.0,0.0,0.0,1.0,1.0,1.0
2008-07-09,0.0,0.0,0.0,0.0,0.0,0.0,0.0,0.0,-0.0,0.0,0.0,1.0,1.0,1.0
2008-07-10,0.0,0.0,0.0,0.0,0.0,0.0,0.0,0.0,-0.0,0.0,0.0,1.0,1.0,1.0
2008-07-11,0.0,0.0,0.0,0.0,0.0,0.0,0.0,0.0,-0.0,0.0,0.0,1.0,1.0,1.0
2008-07-14,0.0,0.0,0.0,0.0,0.0,0.0,0.0,0.0,-0.0,0.0,0.0,1.0,1.0,1.0
2008-07-15,0.0,0.0,0.0,0.0,0.0,0.0,0.0,0.0,-0.0,0.0,0.0,1.0,1.0,1.0
2008-07-16,0.0,0.0,0.0,0.0,0.0,0.0,0.0,0.0,-0.0,0.0,0.0,1.0,1.0,1.0
2008-07-17,0.0,0.0,0.0,0.0,0.0,0.0,0.0,0.0,-0.0,0.0,0.0,1.0,1.0,1.0
2008-07-18,0.0,0.0,0.0,0.0,0.0,0.0,0.0,0.0,-0.0,0.0,0.0,1.0,1.0,1.0
2008-07-21,0.0,0.0,0.0,0.0,0.0,0.0,0.0,0.0,-0.0,0.0,0.0,1.0,1.0,1.0
2008-07-22,0.0,0.0,0.0,0.0,0.0,0.0,0.0,0.0,-0.0,0.0,0.0,1.0,1.0,1.0
2008-07-23,0.0,0.0,0.0,0.0,0.0,0.0,0.0,0.0,-0.0,0.0,0.0,1.0,1.0,1.0
2008-07-24,0.0,0.0,0.0,0.0,0.0,0.0,0.0,0.0,-0.0,0.0,0.0,1.0,1.0,1.0
2008-07-25,0.0,0.0,0.0,0.0,0.0,0.0,0.0,0.0,-0.0,0.0,0.0,1.0,1.0,1.0
2008-07-28,0.0,0.0,0.0,0.0,0.0,0.0,0.0,0.0,-0.0,0.0,0.0,1.0,1.0,1.0
2008-07-29,0.0,0.0,0.0,0.0,0.0,0.0,0.0,0.0,-0.0,0.0,0.0,1.0,1.0,1.0
2008-07-30,0.0,0.0,0.0,0.0,0.0,0.0,0.0,0.0,-0.0,0.0,0.0,1.0,1.0,1.0
2008-07-31,0.0,0.0,0.0,0.0,0.0,0.0,0.0,0.0,-0.0,0.0,0.0,1.0,1.0,1.0
2008-08-01,0.0,0.0,0.0,0.0,0.0,0.0,0.0,0.0,-0.0,0.0,0.0,1.0,1.0,1.0
2008-08-04,0.0,0.0,0.0,0.0,0.0,0.0,0.0,0.0,-0.0,0.0,0.0,1.0,1.0,1.0
2008-08-05,0.0,0.0,0.0,0.0,0.0,0.0,0.0,0.0,-0.0,0.0,0.0,1.0,1.0,1.0
2008-08-06,0.0,0.0,0.0,0.0,0.0,0.0,0.0,0.0,-0.0,0.0,0.0,1.0,1.0,1.0
2008-08-07,0.0,0.0,0.0,0.0,0.0,0.0,0.0,0.0,-0.0,0.0,0.0,1.0,1.0,1.0
2008-08-08,0.0,0.0,0.0,0.0,0.0,0.0,0.0,0.0,-0.0,0.0,0.0,1.0,1.0,1.0
2008-08-11,0.0,0.0,0.0,0.0,0.0,0.0,0.0,0.0,-0.0,0.0,0.0,1.0,1.0,1.0
2008-08-12,0.0,0.0,0.0,0.0,0.0,0.0,0.0,0.0,-0.0,0.0,0.0,1.0,1.0,1.0
2008-08-13,0.0,0.0,0.0,0.0,0.0,0.0,0.0,0.0,-0.0,0.0,0.0,1.0,1.0,1.0
2008-08-14,0.0,0.0,0.0,0.0,0.0,0.0,0.0,0.0,-0.0,0.0,0.0,1.0,1.0,1.0
2008-08-15,0.0,0.0,0.0,0.0,0.0,0.0,0.0,0.0,-0.0,0.0,0.0,1.0,1.0,1.0
2008-08-18,0.0,0.0,0.0,0.0,0.0,0.0,0.0,0.0,-0.0,0.0,0.0,1.0,1.0,1.0
2008-08-19,0.0,0.0,0.0,0.0,0.0,0.0,0.0,0.0,-0.0,0.0,0.0,1.0,1.0,1.0
2008-08-20,0.0,0.0,0.0,0.0,0.0,0.0,0.0,0.0,-0.0,0.0,0.0,1.0,1.0,1.0
2008-08-21,0.0,0.0,0.0,0.0,0.0,0.0,0.0,0.0,-0.0,0.0,0.0,1.0,1.0,1.0
2008-08-22,0.0,0.0,0.0,0.0,0.0,0.0,0.0,0.0,-0.0,0.0,0.0,1.0,1.0,1.0
2008-08-25,0.0,0.0,0.0,0.0,0.0,0.0,0.0,0.0,-0.0,0.0,0.0,1.0,1.0,1.0
2008-08-26,0.0,0.0,0.0,0.0,0.0,0.0,0.0,0.0,-0.0,0.0,0.0,1.0,1.0,1.0
2008-08-27,0.0,0.0,0.0,0.0,0.0,0.0,0.0,0.0,-0.0,0.0,0.0,1.0,1.0,1.0
2008-08-28,0.0,0.0,0.0,0.0,0.0,0.0,0.0,0.0,-0.0,0.0,0.0,1.0,1.0,1.0
2008-08-29,0.0,0.0,0.0,0.0,0.0,0.0,0.0,0.0,-0.0,0.0,0.0,1.0,1.0,1.0
2008-09-02,0.0,0.0,0.0,0.0,0.0,0.0,0.0,0.0,-0.0,0.0,0.0,1.0,1.0,1.0
2008-09-03,0.0,0.0,0.0,0.0,0.0,0.0,0.0,0.0,-0.0,0.0,0.0,1.0,1.0,1.0
2008-09-04,0.0,0.0,0.0,0.0,0.0,0.0,0.0,0.0,-0.0,0.0,0.0,1.0,1.0,1.0
2008-09-05,0.0,0.0,0.0,0.0,0.0,0.0,0.0,0.0,-0.0,0.0,0.0,1.0,1.0,1.0
2008-09-08,0.0,0.0,0.0,0.0,0.0,0.0,0.0,0.0,-0.0,0.0,0.0,1.0,1.0,1.0
2008-09-09,0.0,0.0,0.0,0.0,0.0,0.0,0.0,0.0,-0.0,0.0,0.0,1.0,1.0,1.0
2008-09-10,0.0,0.0,0.0,0.0,0.0,0.0,0.0,0.0,-0.0,0.0,0.0,1.0,1.0,1.0
2008-09-11,0.0,0.0,0.0,0.0,0.0,0.0,0.0,0.0,-0.0,0.0,0.0,1.0,1.0,1.0
2008-09-12,0.0,0.0,0.0,0.0,0.0,0.0,0.0,0.0,-0.0,0.0,0.0,1.0,1.0,1.0
2008-09-15,0.0,0.0,0.0,0.0,0.0,0.0,0.0,0.0,-0.0,0.0,0.0,1.0,1.0,1.0
2008-09-16,0.0,0.0,0.0,0.0,0.0,0.0,0.0,0.0,-0.0,0.0,0.0,1.0,1.0,1.0
2008-09-17,0.0,0.0,0.0,0.0,0.0,0.0,0.0,0.0,-0.0,0.0,0.0,1.0,1.0,1.0
2008-09-18,0.0,0.0,0.0,0.0,0.0,0.0,0.0,0.0,-0.0,0.0,0.0,1.0,1.0,1.0
2008-09-19,0.0,0.0,0.0,0.0,0.0,0.0,0.0,0.0,-0.0,0.0,0.0,1.0,1.0,1.0
2008-09-22,0.0,0.0,0.0,0.0,0.0,0.0,0.0,0.0,-0.0,0.0,0.0,1.0,1.0,1.0
2008-09-23,0.0,0.0,0.0,0.0,0.0,0.0,0.0,0.0,-0.0,0.0,0.0,1.0,1.0,1.0
2008-09-24,0.0,0.0,0.0,0.0,0.0,0.0,0.0,0.0,-0.0,0.0,0.0,1.0,1.0,1.0
2008-09-25,0.0,0.0,0.0,0.0,0.0,0.0,0.0,0.0,-0.0,0.0,0.0,1.0,1.0,1.0
2008-09-26,0.0,0.0,0.0,0.0,0.0,0.0,0.0,0.0,-0.0,0.0,0.0,1.0,1.0,1.0
2008-09-29,0.0,0.0,0.0,0.0,0.0,0.0,0.0,0.0,-0.0,0.0,0.0,1.0,1.0,1.0
2008-09-30,0.0,0.0,0.0,0.0,0.0,0.0,0.0,0.0,-0.0,0.0,0.0,1.0,1.0,1.0
2008-10-01,0.0,0.0,0.0,0.0,0.0,0.0,0.0,0.0,-0.0,0.0,0.0,1.0,1.0,1.0
2008-10-02,0.0,0.0,0.0,0.0,0.0,0.0,0.0,0.0,-0.0,0.0,0.0,1.0,1.0,1.0
2008-10-03,0.0,0.0,0.0,0.0,0.0,0.0,0.0,0.0,-0.0,0.0,0.0,1.0,1.0,1.0
2008-10-06,0.0,0.0,0.0,0.0,0.0,0.0,0.0,0.0,-0.0,0.0,0.0,1.0,1.0,1.0
2008-10-07,0.0,0.0,0.0,0.0,0.0,0.0,0.0,0.0,-0.0,0.0,0.0,1.0,1.0,1.0
2008-10-08,0.0,0.0,0.0,0.0,0.0,0.0,0.0,0.0,-0.0,0.0,0.0,1.0,1.0,1.0
2008-10-09,0.0,0.0,0.0,0.0,0.0,0.0,0.0,0.0,-0.0,0.0,0.0,1.0,1.0,1.0
2008-10-10,0.0,0.0,0.0,0.0,0.0,0.0,0.0,0.0,-0.0,0.0,0.0,1.0,1.0,1.0
2008-10-13,0.0,0.0,0.0,0.0,0.0,0.0,0.0,0.0,-0.0,0.0,0.0,1.0,1.0,1.0
2008-10-14,0.0,0.0,0.0,0.0,0.0,0.0,0.0,0.0,-0.0,0.0,0.0,1.0,1.0,1.0
2008-10-15,0.0,0.0,0.0,0.0,0.0,0.0,0.0,0.0,-0.0,0.0,0.0,1.0,1.0,1.0
2008-10-16,0.0,0.0,0.0,0.0,0.0,0.0,0.0,0.0,-0.0,0.0,0.0,1.0,1.0,1.0
2008-10-17,0.0,0.0,0.0,0.0,0.0,0.0,0.0,0.0,-0.0,0.0,0.0,1.0,1.0,1.0
2008-10-20,0.0,0.0,0.0,0.0,0.0,0.0,0.0,0.0,-0.0,0.0,0.0,1.0,1.0,1.0
2008-10-21,0.0,0.0,0.0,0.0,0.0,0.0,0.0,0.0,-0.0,0.0,0.0,1.0,1.0,1.0
2008-10-22,0.0,0.0,0.0,0.0,0.0,0.0,0.0,0.0,-0.0,0.0,0.0,1.0,1.0,1.0
2008-10-23,0.0,0.0,0.0,0.0,0.0,0.0,0.0,0.0,-0.0,0.0,0.0,1.0,1.0,1.0
2008-10-24,0.0,0.0,0.0,0.0,0.0,0.0,0.0,0.0,-0.0,0.0,0.0,1.0,1.0,1.0
2008-10-27,0.0,0.0,0.0,0.0,0.0,0.0,0.0,0.0,-0.0,0.0,0.0,1.0,1.0,1.0
2008-10-28,0.0,0.0,0.0,0.0,0.0,0.0,0.0,0.0,-0.0,0.0,0.0,1.0,1.0,1.0
2008-10-29,0.0,0.0,0.0,0.0,0.0,0.0,0.0,0.0,-0.0,0.0,0.0,1.0,1.0,1.0
2008-10-30,0.0,0.0,0.0,0.0,0.0,0.0,0.0,0.0,-0.0,0.0,0.0,1.0,1.0,1.0
2008-10-31,0.0,0.0,0.0,0.0,0.0,0.0,0.0,0.0,-0.0,0.0,0.0,1.0,1.0,1.0
2008-11-03,0.0,0.0,0.0,0.0,0.0,0.0,0.0,0.0,-0.0,0.0,0.0,1.0,1.0,1.0
2008-11-04,0.0,0.0,0.0,0.0,0.0,0.0,0.0,0.0,-0.0,0.0,0.0,1.0,1.0,1.0
2008-11-05,0.0,0.0,0.0,0.0,0.0,0.0,0.0,0.0,-0.0,0.0,0.0,1.0,1.0,1.0
2008-11-06,0.0,0.0,0.0,0.0,0.0,0.0,0.0,0.0,-0.0,0.0,0.0,1.0,1.0,1.0
2008-11-07,0.0,0.0,0.0,0.0,0.0,0.0,0.0,0.0,-0.0,0.0,0.0,1.0,1.0,1.0
2008-11-10,0.0,0.0,0.0,0.0,0.0,0.0,0.0,0.0,-0.0,0.0,0.0,1.0,1.0,1.0
2008-11-11,0.0,0.0,0.0,0.0,0.0,0.0,0.0,0.0,-0.0,0.0,0.0,1.0,1.0,1.0
2008-11-12,0.0,0.0,0.0,0.0,0.0,0.0,0.0,0.0,-0.0,0.0,0.0,1.0,1.0,1.0
2008-11-13,0.0,0.0,0.0,0.0,0.0,0.0,0.0,0.0,-0.0,0.0,0.0,1.0,1.0,1.0
2008-11-14,0.0,0.0,0.0,0.0,0.0,0.0,0.0,0.0,-0.0,0.0,0.0,1.0,1.0,1.0
2008-11-17,0.0,0.0,0.0,0.0,0.0,0.0,0.0,0.0,-0.0,0.0,0.0,1.0,1.0,1.0
2008-11-18,0.0,0.0,0.0,0.0,0.0,0.0,0.0,0.0,-0.0,0.0,0.0,1.0,1.0,1.0
2008-11-19,0.0,0.0,0.0,0.0,0.0,0.0,0.0,0.0,-0.0,0.0,0.0,1.0,1.0,1.0
2008-11-20,0.0,0.0,0.0,0.0,0.0,0.0,0.0,0.0,-0.0,0.0,0.0,1.0,1.0,1.0
2008-11-21,0.0,0.0,0.0,0.0,0.0,0.0,0.0,0.0,-0.0,0.0,0.0,1.0,1.0,1.0
2008-11-24,0.0,0.0,0.0,0.0,0.0,0.0,0.0,0.0,-0.0,0.0,0.0,1.0,1.0,1.0
2008-11-25,0.0,0.0,0.0,0.0,0.0,0.0,0.0,0.0,-0.0,0.0,0.0,1.0,1.0,1.0
2008-11-26,0.0,0.0,0.0,0.0,0.0,0.0,0.0,0.0,-0.0,0.0,0.0,1.0,1.0,1.0
2008-11-28,0.0,0.0,0.0,0.0,0.0,0.0,0.0,0.0,-0.0,0.0,0.0,1.0,1.0,1.0
2008-12-01,0.0,0.0,0.0,0.0,0.0,0.0,0.0,0.0,-0.0,0.0,0.0,1.0,1.0,1.0
2008-12-02,0.0,0.0,0.0,0.0,0.0,0.0,0.0,0.0,-0.0,0.0,0.0,1.0,1.0,1.0
2008-12-03,0.0,0.0,0.0,0.0,0.0,0.0,0.0,0.0,-0.0,0.0,0.0,1.0,1.0,1.0
2008-12-04,0.0,0.0,0.0,0.0,0.0,0.0,0.0,0.0,-0.0,0.0,0.0,1.0,1.0,1.0
2008-12-05,0.0,0.0,0.0,0.0,0.0,0.0,0.0,0.0,-0.0,0.0,0.0,1.0,1.0,1.0
2008-12-08,0.0,0.0,0.0,0.0,0.0,0.0,0.0,0.0,-0.0,0.0,0.0,1.0,1.0,1.0
2008-12-09,0.0,0.0,0.0,0.0,0.0,0.0,0.0,0.0,-0.0,0.0,0.0,1.0,1.0,1.0
2008-12-10,0.0,0.0,0.0,0.0,0.0,0.0,0.0,0.0,-0.0,0.0,0.0,1.0,1.0,1.0
2008-12-11,0.0,0.0,0.0,0.0,0.0,0.0,0.0,0.0,-0.0,0.0,0.0,1.0,1.0,1.0
2008-12-12,0.0,0.0,0.0,0.0,0.0,0.0,0.0,0.0,-0.0,0.0,0.0,1.0,1.0,1.0
2008-12-15,0.0,0.0,0.0,0.0,0.0,0.0,0.0,0.0,-0.0,0.0,0.0,1.0,1.0,1.0
2008-12-16,0.0,0.0,0.0,0.0,0.0,0.0,0.0,0.0,-0.0,0.0,0.0,1.0,1.0,1.0
2008-12-17,0.0,0.0,0.0,0.0,0.0,0.0,0.0,0.0,-0.0,0.0,0.0,1.0,1.0,1.0
2008-12-18,0.0,0.0,0.0,0.0,0.0,0.0,0.0,0.0,-0.0,0.0,0.0,1.0,1.0,1.0
2008-12-19,0.0,0.0,0.0,0.0,0.0,0.0,0.0,0.0,-0.0,0.0,0.0,1.0,1.0,1.0
2008-12-22,0.0,0.0,0.0,0.0,0.0,0.0,0.0,0.0,-0.0,0.0,0.0,1.0,1.0,1.0
2008-12-23,0.0,0.0,0.0,0.0,0.0,0.0,0.0,0.0,-0.0,0.0,0.0,1.0,1.0,1.0
2008-12-24,0.0,0.0,0.0,0.0,0.0,0.0,0.0,0.0,-0.0,0.0,0.0,1.0,1.0,1.0
2008-12-26,0.0,0.0,0.0,0.0,0.0,0.0,0.0,0.0,-0.0,0.0,0.0,1.0,1.0,1.0
2008-12-29,0.0,0.0,0.0,0.0,0.0,0.0,0.0,0.0,-0.0,0.0,0.0,1.0,1.0,1.0
2008-12-30,0.0,0.0,0.0,0.0,0.0,0.0,0.0,0.0,-0.0,0.0,0.0,1.0,1.0,1.0
2008-12-31,0.0,0.0,0.0,0.0,0.0,0.0,0.0,0.0,-0.0,0.0,0.0,1.0,1.0,1.0
2009-01-02,0.0,0.0,0.0,0.0,0.0,0.0,0.0,0.0,-0.0,0.0,0.0,1.0,1.0,1.0
2009-01-05,0.0,0.0,0.0,0.0,0.0,0.0,0.0,0.0,-0.0,0.0,0.0,1.0,1.0,1.0
2009-01-06,0.0,0.0,0.0,0.0,0.0,0.0,0.0,0.0,-0.0,0.0,0.0,1.0,1.0,1.0
2009-01-07,0.0,0.0,0.0,0.0,0.0,0.0,0.0,0.0,-0.0,0.0,0.0,1.0,1.0,1.0
2009-01-08,0.0,0.0,0.0,0.0,0.0,0.0,0.0,0.0,-0.0,0.0,0.0,1.0,1.0,1.0
2009-01-09,0.0,0.0,0.0,0.0,0.0,0.0,0.0,0.0,-0.0,0.0,0.0,1.0,1.0,1.0
2009-01-12,0.0,0.0,0.0,0.0,0.0,0.0,0.0,0.0,-0.0,0.0,0.0,1.0,1.0,1.0
2009-01-13,0.0,0.0,0.0,0.0,0.0,0.0,0.0,0.0,-0.0,0.0,0.0,1.0,1.0,1.0
2009-01-14,0.0,0.0,0.0,0.0,0.0,0.0,0.0,0.0,-0.0,0.0,0.0,1.0,1.0,1.0
2009-01-15,0.0,0.0,0.0,0.0,0.0,0.0,0.0,0.0,-0.0,0.0,0.0,1.0,1.0,1.0
2009-01-16,0.0,0.0,0.0,0.0,0.0,0.0,0.0,0.0,-0.0,0.0,0.0,1.0,1.0,1.0
2009-01-20,0.0,0.0,0.0,0.0,0.0,0.0,0.0,0.0,-0.0,0.0,0.0,1.0,1.0,1.0
2009-01-21,0.0,0.0,0.0,0.0,0.0,0.0,0.0,0.0,-0.0,0.0,0.0,1.0,1.0,1.0
2009-01-22,0.0,0.0,0.0,0.0,0.0,0.0,0.0,0.0,-0.0,0.0,0.0,1.0,1.0,1.0
2009-01-23,0.0,0.0,0.0,0.0,0.0,0.0,0.0,0.0,-0.0,0.0,0.0,1.0,1.0,1.0
2009-01-26,0.0,0.0,0.0,0.0,0.0,0.0,0.0,0.0,-0.0,0.0,0.0,1.0,1.0,1.0
2009-01-27,0.0,0.0,0.0,0.0,0.0,0.0,0.0,0.0,-0.0,0.0,0.0,1.0,1.0,1.0
2009-01-28,0.0,0.0,0.0,0.0,0.0,0.0,0.0,0.0,-0.0,0.0,0.0,1.0,1.0,1.0
2009-01-29,0.0,0.0,0.0,0.0,0.0,0.0,0.0,0.0,-0.0,0.0,0.0,1.0,1.0,1.0
2009-01-30,0.0,0.0,0.0,0.0,0.0,0.0,0.0,0.0,-0.0,0.0,0.0,1.0,1.0,1.0
2009-02-02,0.0,0.0,0.0,0.0,0.0,0.0,0.0,0.0,-0.0,0.0,0.0,1.0,1.0,1.0
2009-02-03,0.0,0.0,0.0,0.0,0.0,0.0,0.0,0.0,-0.0,0.0,0.0,1.0,1.0,1.0
2009-02-04,0.0,0.0,0.0,0.0,0.0,0.0,0.0,0.0,-0.0,0.0,0.0,1.0,1.0,1.0
2009-02-05,0.0,0.0,0.0,0.0,0.0,0.0,0.0,0.0,-0.0,0.0,0.0,1.0,1.0,1.0
2009-02-06,0.0,0.0,0.0,0.0,0.0,0.0,0.0,0.0,-0.0,0.0,0.0,1.0,1.0,1.0
2009-02-09,0.0,0.0,0.0,0.0,0.0,0.0,0.0,0.0,-0.0,0.0,0.0,1.0,1.0,1.0
2009-02-10,0.0,0.0,0.0,0.0,0.0,0.0,0.0,0.0,-0.0,0.0,0.0,1.0,1.0,1.0
2009-02-11,0.0,0.0,0.0,0.0,0.0,0.0,0.0,0.0,-0.0,0.0,0.0,1.0,1.0,1.0
2009-02-12,0.0,0.0,0.0,0.0,0.0,0.0,0.0,0.0,-0.0,0.0,0.0,1.0,1.0,1.0
2009-02-13,0.0,0.0,0.0,0.0,0.0,0.0,0.0,0.0,-0.0,0.0,0.0,1.0,1.0,1.0
2009-02-17,0.0,0.0,0.0,0.0,0.0,0.0,0.0,0.0,-0.0,0.0,0.0,1.0,1.0,1.0
2009-02-18,0.0,0.0,0.0,0.0,0.0,0.0,0.0,0.0,-0.0,0.0,0.0,1.0,1.0,1.0
2009-02-19,0.0,0.0,0.0,0.0,0.0,0.0,0.0,0.0,-0.0,0.0,0.0,1.0,1.0,1.0
2009-02-20,0.0,0.0,0.0,0.0,0.0,0.0,0.0,0.0,-0.0,0.0,0.0,1.0,1.0,1.0
2009-02-23,0.0,0.0,0.0,0.0,0.0,0.0,0.0,0.0,-0.0,0.0,0.0,1.0,1.0,1.0
2009-02-24,0.0,0.0,0.0,0.0,0.0,0.0,0.0,0.0,-0.0,0.0,0.0,1.0,1.0,1.0
2009-02-25,0.0,0.0,0.0,0.0,0.0,0.0,0.0,0.0,-0.0,0.0,0.0,1.0,1.0,1.0
2009-02-26,0.0,0.0,0.0,0.0,0.0,0.0,0.0,0.0,-0.0,0.0,0.0,1.0,1.0,1.0
2009-02-27,0.0,0.0,0.0,0.0,0.0,0.0,0.0,0.0,-0.0,0.0,0.0,1.0,1.0,1.0
2009-03-02,0.0,0.0,0.0,0.0,0.0,0.0,0.0,0.0,-0.0,0.0,0.0,1.0,1.0,1.0
2009-03-03,0.0,0.0,0.0,0.0,0.0,0.0,0.0,0.0,-0.0,0.0,0.0,1.0,1.0,1.0
2009-03-04,0.0,0.0,0.0,0.0,0.0,0.0,0.0,0.0,-0.0,0.0,0.0,1.0,1.0,1.0
2009-03-05,0.0,0.0,0.0,0.0,0.0,0.0,0.0,0.0,-0.0,0.0,0.0,1.0,1.0,1.0
2009-03-06,0.0,0.0,0.0,0.0,0.0,0.0,0.0,0.0,-0.0,0.0,0.0,1.0,1.0,1.0
2009-03-09,0.0,0.0,0.0,0.0,0.0,0.0,0.0,0.0,-0.0,0.0,0.0,1.0,1.0,1.0
2009-03-10,0.0,0.0,0.0,0.0,0.0,0.0,0.0,0.0,-0.0,0.0,0.0,1.0,1.0,1.0
2009-03-11,0.0,0.0,0.0,0.0,0.0,0.0,0.0,0.0,-0.0,0.0,0.0,1.0,1.0,1.0
2009-03-12,0.0,0.0,0.0,0.0,0.0,0.0,0.0,0.0,-0.0,0.0,0.0,1.0,1.0,1.0
2009-03-13,0.0,0.0,0.0,0.0,0.0,0.0,0.0,0.0,-0.0,0.0,0.0,1.0,1.0,1.0
2009-03-16,0.0,0.0,0.0,0.0,0.0,0.0,0.0,0.0,-0.0,0.0,0.0,1.0,1.0,1.0
2009-03-17,0.0,0.0,0.0,0.0,0.0,0.0,0.0,0.0,-0.0,0.0,0.0,1.0,1.0,1.0
2009-03-18,0.0,0.0,0.0,0.0,0.0,0.0,0.0,0.0,-0.0,0.0,0.0,1.0,1.0,1.0
2009-03-19,0.0,0.0,0.0,0.0,0.0,0.0,0.0,0.0,-0.0,0.0,0.0,1.0,1.0,1.0
2009-03-20,0.0,0.0,0.0,0.0,0.0,0.0,0.0,0.0,-0.0,0.0,0.0,1.0,1.0,1.0
2009-03-23,0.0,0.0,0.0,0.0,0.0,0.0,0.0,0.0,-0.0,0.0,0.0,1.0,1.0,1.0
2009-03-24,0.0,0.0,0.0,0.0,0.0,0.0,0.0,0.0,-0.0,0.0,0.0,1.0,1.0,1.0
2009-03-25,0.0,0.0,0.0,0.0,0.0,0.0,0.0,0.0,-0.0,0.0,0.0,1.0,1.0,1.0
2009-03-26,0.0,0.0,0.0,0.0,0.0,0.0,0.0,0.0,-0.0,0.0,0.0,1.0,1.0,1.0
2009-03-27,0.0,0.0,0.0,0.0,0.0,0.0,0.0,0.0,-0.0,0.0,0.0,1.0,1.0,1.0
2009-03-30,0.0,0.0,0.0,0.0,0.0,0.0,0.0,0.0,-0.0,0.0,0.0,1.0,1.0,1.0
2009-03-31,0.0,0.0,0.0,0.0,0.0,0.0,0.0,0.0,-0.0,0.0,0.0,1.0,1.0,1.0
2009-04-01,0.0,0.0,0.0,0.0,0.0,0.0,0.0,0.0,-0.0,0.0,0.0,1.0,1.0,1.0
2009-04-02,0.0,0.0,0.0,0.0,0.0,0.0,0.0,0.0,-0.0,0.0,0.0,1.0,1.0,1.0
2009-04-03,0.0,0.0,0.0,0.0,0.0,0.0,0.0,0.0,-0.0,0.0,0.0,1.0,1.0,1.0
2009-04-06,0.0,0.0,0.0,0.0,0.0,0.0,0.0,0.0,-0.0,0.0,0.0,1.0,1.0,1.0
2009-04-07,-0.0009990009990008,-0.0009990009990009,-0.0009990009990008,9.996344030316351e-17,-0.0009990009990008,0.0,0.0,0.0,-0.0,0.0,0.0,1.0,1.0,1.0
2009-04-08,0.0064320257103525,0.0064320257103527,0.0064320257103525,-2.0036056147532122e-16,0.0,0.0,0.0,0.0,-0.0,0.0,0.0,1.0,1.0,1.0
2009-04-09,0.0499674044715179,0.0499674044715179,0.0499674044715179,0.0,0.0,0.0,0.0,0.0,-0.0,0.0,0.0,1.0,1.0,1.0
2009-04-13,0.0076265558148684,0.0076265558148684,0.0076265558148684,0.0,0.0,0.0,0.0,0.0,-0.0,0.0,0.0,1.0,1.0,1.0
2009-04-14,-0.0269467393834396,-0.0269467393834394,-0.0269467393834396,-2.0122792321330962e-16,-0.0269467393834396,-0.0,0.0,0.0,-0.0,0.0,0.0,1.0,1.0,1.0
2009-04-15,0.0308821985145137,0.0308821985145138,0.0308821985145137,-1.0061396160665481e-16,0.0,0.0,0.0,0.0,-0.0,0.0,0.0,1.0,1.0,1.0
2009-04-16,0.0122473389442752,0.0122473389442752,0.0122473389442752,0.0,0.0,0.0,0.0,0.0,-0.0,0.0,0.0,1.0,1.0,1.0
2009-04-17,0.0035043003959227,0.0035043003959229,0.0035043003959227,-1.9992688060632702e-16,0.0,0.0,0.0,0.0,-0.0,0.0,0.0,1.0,1.0,1.0
2009-04-20,-0.0552687321839646,-0.0552687321839646,-0.0552687321839646,0.0,-0.0552687321839646,-0.0,0.0,0.0,-0.0,0.0,0.0,1.0,1.0,1.0
2009-04-21,0.0367931603006994,0.0367931603006995,0.0367931603006994,-9.71445146547012e-17,0.0,0.0,0.0,0.0,-0.0,0.0,0.0,1.0,1.0,1.0
2009-04-22,-0.0169410561313843,-0.0169410561313844,-0.0169410561313843,1.0061396160665481e-16,-0.0169410561313843,-0.0,0.0,0.0,-0.0,0.0,0.0,1.0,1.0,1.0
2009-04-23,0.028649997449496,0.028649997449496,0.028649997449496,0.0,0.0,0.0,0.0,0.0,-0.0,0.0,0.0,1.0,1.0,1.0
2009-04-24,0.0216230020475189,0.0216230020475188,0.0216230020475189,1.0061396160665481e-16,0.0,0.0,0.0,0.0,-0.0,0.0,0.0,1.0,1.0,1.0
2009-04-27,-0.0163023713856929,-0.0163023713856927,-0.0163023713856929,-2.0122792321330962e-16,-0.0163023713856929,-0.0,0.0,0.0,-0.0,0.0,0.0,1.0,1.0,1.0
2009-04-28,-0.0080073780344601,-0.0080073780344603,-0.0080073780344601,1.9949319973733282e-16,-0.0080073780344601,-0.0,0.0,0.0,-0.0,0.0,0.0,1.0,1.0,1.0
2009-04-29,0.0276271245206625,0.0276271245206623,0.0276271245206625,1.97758476261356e-16,0.0,0.0,0.0,0.0,-0.0,0.0,0.0,1.0,1.0,1.0
2009-04-30,0.0041512089164188,0.0041512089164189,0.0041512089164188,-9.974659986866641e-17,0.0,0.0,0.0,0.0,-0.0,0.0,0.0,1.0,1.0,1.0
2009-05-01,0.0085981559342445,0.0085981559342445,0.0085981559342445,0.0,0.0,0.0,0.0,0.0,-0.0,0.0,0.0,1.0,1.0,1.0
2009-05-04,0.0414161535104975,0.0414161535104973,0.0414161535104975,2.0122792321330962e-16,0.0,0.0,0.0,0.0,-0.0,0.0,0.0,1.0,1.0,1.0
2009-05-05,-0.0118205558232559,-0.0118205558232559,-0.0118205558232559,0.0,-0.0118205558232559,-0.0,0.0,0.0,-0.0,0.0,0.0,1.0,1.0,1.0
2009-05-06,0.0307279334371715,0.0307279334371715,0.0307279334371715,0.0,0.0,0.0,0.0,0.0,-0.0,0.0,0.0,1.0,1.0,1.0
2009-05-07,-0.0272884327787727,-0.0272884327787729,-0.0272884327787727,2.0122792321330962e-16,-0.0272884327787727,-0.0,0.0,0.0,-0.0,0.0,0.0,1.0,1.0,1.0
2009-05-08,0.0486727613391471,0.0486727613391471,0.0486727613391471,0.0,0.0,0.0,0.0,0.0,-0.0,0.0,0.0,1.0,1.0,1.0
2009-05-11,-0.0290976802569959,-0.029097680256996,-0.0290976802569959,1.0061396160665481e-16,-0.0290976802569959,-0.0,0.0,0.0,-0.0,0.0,0.0,1.0,1.0,1.0
2009-05-12,0.0101467750127022,0.0101467750127021,0.0101467750127022,1.0061396160665481e-16,0.0,0.0,0.0,0.0,-0.0,0.0,0.0,1.0,1.0,1.0
2009-05-13,-0.0396332231873655,-0.0396332231873655,-0.0396332231873655,0.0,-0.0396332231873655,-0.0,0.0,0.0,-0.0,0.0,0.0,1.0,1.0,1.0
2009-05-14,0.0135201240550797,0.0135201240550799,0.0135201240550797,-2.0122792321330962e-16,0.0,0.0,0.0,0.0,-0.0,0.0,0.0,1.0,1.0,1.0
2009-05-15,-0.0103276853817653,-0.0103276853817654,-0.0103276853817653,1.0061396160665481e-16,-0.0103276853817653,-0.0,0.0,0.0,-0.0,0.0,0.0,1.0,1.0,1.0
2009-05-18,0.043635735447483,0.0436357354474829,0.043635735447483,9.71445146547012e-17,0.0,0.0,0.0,0.0,-0.0,0.0,0.0,1.0,1.0,1.0
2009-05-19,0.0015324313009095,0.0015324313009096,0.0015324313009095,-1.0018028073766061e-16,0.0,0.0,0.0,0.0,-0.0,0.0,0.0,1.0,1.0,1.0
2009-05-20,0.0049475982877391,0.0049475982877391,0.0049475982877391,0.0,0.0,0.0,0.0,0.0,-0.0,0.0,0.0,1.0,1.0,1.0
2009-05-21,-0.0064831273799474,-0.0064831273799477,-0.0064831273799474,3.0010716134398763e-16,-0.0064831273799474,-0.0,0.0,0.0,-0.0,0.0,0.0,1.0,1.0,1.0
2009-05-22,-0.0042040281390973,-0.0042040281390971,-0.0042040281390973,-2.0036056147532122e-16,-0.0042040281390973,-0.0,0.0,0.0,-0.0,0.0,0.0,1.0,1.0,1.0
2009-05-26,0.0289580586629303,0.0289580586629303,0.0289580586629303,0.0,0.0,0.0,0.0,0.0,-0.0,0.0,0.0,1.0,1.0,1.0
2009-05-27,-0.0161391902238886,-0.0161391902238887,-0.0161391902238886,1.0061396160665481e-16,-0.0161391902238886,-0.0,0.0,0.0,-0.0,0.0,0.0,1.0,1.0,1.0
2009-05-28,0.0060320152296684,0.0060320152296682,0.0060320152296684,1.9949319973733282e-16,0.0,0.0,0.0,0.0,-0.0,0.0,0.0,1.0,1.0,1.0
2009-05-29,0.0242460504765633,0.0242460504765633,0.0242460504765633,0.0,0.0,0.0,0.0,0.0,-0.0,0.0,0.0,1.0,1.0,1.0
2009-06-01,0.0300210167039987,0.0300210167039987,0.0300210167039987,0.0,0.0,0.0,0.0,0.0,-0.0,0.0,0.0,1.0,1.0,1.0
2009-06-02,0.000184497124205,0.0001844971242051,0.000184497124205,-9.999054535747565e-17,0.0,0.0,0.0,0.0,-0.0,0.0,0.0,1.0,1.0,1.0
2009-06-03,-0.0280660394227135,-0.0280660394227135,-0.0280660394227135,0.0,-0.0280660394227135,-0.0,0.0,0.0,-0.0,0.0,0.0,1.0,1.0,1.0
2009-06-04,0.0087484720758277,0.0087484720758277,0.0087484720758277,0.0,0.0,0.0,0.0,0.0,-0.0,0.0,0.0,1.0,1.0,1.0
2009-06-05,-0.0081297141469205,-0.0081297141469205,-0.0081297141469205,0.0,-0.0081297141469205,-0.0,0.0,0.0,-0.0,0.0,0.0,1.0,1.0,1.0
2009-06-08,-0.0003761007170318,-0.0003761007170318,-0.0003761007170318,0.0,-0.0003761007170318,-0.0,0.0,0.0,-0.0,0.0,0.0,1.0,1.0,1.0
2009-06-09,0.0060992507059003,0.0060992507059003,0.0060992507059003,0.0,0.0,0.0,0.0,0.0,-0.0,0.0,0.0,1.0,1.0,1.0
2009-06-10,0.000165639581916,0.000165639581916,0.000165639581916,0.0,0.0,0.0,0.0,0.0,-0.0,0.0,0.0,1.0,1.0,1.0
2009-06-11,0.0088614177256358,0.0088614177256359,0.0088614177256358,-1.0061396160665481e-16,0.0,0.0,0.0,0.0,-0.0,0.0,0.0,1.0,1.0,1.0
2009-06-12,0.0028207902921919,0.0028207902921919,0.0028207902921919,0.0,0.0,0.0,0.0,0.0,-0.0,0.0,0.0,1.0,1.0,1.0
2009-06-15,-0.0332041432104459,-0.0332041432104458,-0.0332041432104459,-1.0408340855860843e-16,-0.0332041432104459,-0.0,0.0,0.0,-0.0,0.0,0.0,1.0,1.0,1.0
2009-06-16,-0.009276292100089,-0.009276292100089,-0.009276292100089,0.0,-0.009276292100089,-0.0,0.0,0.0,-0.0,0.0,0.0,1.0,1.0,1.0
2009-06-17,-0.0010527412578055,-0.0010527412578055,-0.0010527412578055,0.0,-0.0010527412578055,-0.0,0.0,0.0,-0.0,0.0,0.0,1.0,1.0,1.0
2009-06-18,-0.0030829465044963,-0.0030829465044963,-0.0030829465044963,0.0,-0.0030829465044963,-0.0,0.0,0.0,-0.0,0.0,0.0,1.0,1.0,1.0
2009-06-19,0.0180568351771353,0.0180568351771352,0.0180568351771353,1.0061396160665481e-16,0.0,0.0,0.0,0.0,-0.0,0.0,0.0,1.0,1.0,1.0
2009-06-22,-0.0364013122374716,-0.0364013122374718,-0.0364013122374716,1.942890293094024e-16,-0.0364013122374716,-0.0,0.0,0.0,-0.0,0.0,0.0,1.0,1.0,1.0
2009-06-23,0.0099186892433336,0.0099186892433336,0.0099186892433336,0.0,0.0,0.0,0.0,0.0,-0.0,0.0,0.0,1.0,1.0,1.0
2009-06-24,0.0073931571669774,0.0073931571669775,0.0073931571669774,-1.0061396160665481e-16,0.0,0.0,0.0,0.0,-0.0,0.0,0.0,1.0,1.0,1.0
2009-06-25,0.0132229900761975,0.0132229900761976,0.0132229900761975,-1.0061396160665481e-16,0.0,0.0,0.0,0.0,-0.0,0.0,0.0,1.0,1.0,1.0
2009-06-26,4.8036450177812995e-05,4.803645017771307e-05,4.8036450177812995e-05,9.99227827216953e-17,0.0,0.0,0.0,0.0,-0.0,0.0,0.0,1.0,1.0,1.0
2009-06-29,0.0061176008189425,0.0061176008189425,0.0061176008189425,0.0,0.0,0.0,0.0,0.0,-0.0,0.0,0.0,1.0,1.0,1.0
2009-06-30,-0.0050456003763741,-0.0050456003763743,-0.0050456003763741,1.9949319973733282e-16,-0.0050456003763741,-0.0,0.0,0.0,-0.0,0.0,0.0,1.0,1.0,1.0
2009-07-01,0.0127386919008407,0.0127386919008408,0.0127386919008407,-9.8879238130678e-17,0.0,0.0,0.0,0.0,-0.0,0.0,0.0,1.0,1.0,1.0
2009-07-02,-0.0304070759512757,-0.0304070759512758,-0.0304070759512757,1.0061396160665481e-16,-0.0304070759512757,-0.0,0.0,0.0,-0.0,0.0,0.0,1.0,1.0,1.0
2009-07-06,0.0048191693667438,0.0048191693667438,0.0048191693667438,0.0,0.0,0.0,0.0,0.0,-0.0,0.0,0.0,1.0,1.0,1.0
2009-07-07,0.0,0.0,0.0,0.0,0.0,0.0,0.0,0.0,-0.0,0.0,0.0,1.0,1.0,1.0
2009-07-08,0.0,0.0,0.0,0.0,0.0,0.0,0.0,0.0,-0.0,0.0,0.0,1.0,1.0,1.0
2009-07-09,0.0,0.0,0.0,0.0,0.0,0.0,0.0,0.0,-0.0,0.0,0.0,1.0,1.0,1.0
2009-07-10,0.0,0.0,0.0,0.0,0.0,0.0,0.0,0.0,-0.0,0.0,0.0,1.0,1.0,1.0
2009-07-13,0.0,0.0,0.0,0.0,0.0,0.0,0.0,0.0,-0.0,0.0,0.0,1.0,1.0,1.0
2009-07-14,0.0,0.0,0.0,0.0,0.0,0.0,0.0,0.0,-0.0,0.0,0.0,1.0,1.0,1.0
2009-07-15,0.0,0.0,0.0,0.0,0.0,0.0,0.0,0.0,-0.0,0.0,0.0,1.0,1.0,1.0
2009-07-16,0.0,0.0,0.0,0.0,0.0,0.0,0.0,0.0,-0.0,0.0,0.0,1.0,1.0,1.0
2009-07-17,-0.0001999999999999,-0.0002,-0.0001999999999999,1.0001765041178778e-16,-0.0001999999999999,0.0,0.0,0.0,-0.0,0.0,0.0,1.0,1.0,1.0
2009-07-20,0.0042850074011817,0.0042850074011817,0.0042850074011817,0.0,0.0,0.0,0.0,0.0,-0.0,0.0,0.0,1.0,1.0,1.0
2009-07-21,0.0023952342287194,0.0023952342287194,0.0023952342287194,0.0,0.0,0.0,0.0,0.0,-0.0,0.0,0.0,1.0,1.0,1.0
2009-07-22,0.000597459808622,0.0005974598086221,0.000597459808622,-9.996344030316351e-17,0.0,0.0,0.0,0.0,-0.0,0.0,0.0,1.0,1.0,1.0
2009-07-23,0.0070152275681634,0.0070152275681634,0.0070152275681634,0.0,0.0,0.0,0.0,0.0,-0.0,0.0,0.0,1.0,1.0,1.0
2009-07-24,0.0017045315560244,0.0017045315560245,0.0017045315560244,-9.996344030316351e-17,0.0,0.0,0.0,0.0,-0.0,0.0,0.0,1.0,1.0,1.0
2009-07-27,0.0004438949153926,0.0004438949153927,0.0004438949153926,-1.0001765041178778e-16,0.0,0.0,0.0,0.0,-0.0,0.0,0.0,1.0,1.0,1.0
2009-07-28,-0.001774812169369,-0.001774812169369,-0.001774812169369,0.0,-0.001774812169369,-0.0,0.0,0.0,-0.0,0.0,0.0,1.0,1.0,1.0
2009-07-29,-0.0044449295028323,-0.0044449295028322,-0.0044449295028323,-1.0061396160665481e-16,-0.0044449295028323,-0.0,0.0,0.0,-0.0,0.0,0.0,1.0,1.0,1.0
2009-07-30,0.0063250793261186,0.0063250793261187,0.0063250793261186,-9.974659986866641e-17,0.0,0.0,0.0,0.0,-0.0,0.0,0.0,1.0,1.0,1.0
2009-07-31,0.0022184274230929,0.002218427423093,0.0022184274230929,-1.0018028073766061e-16,0.0,0.0,0.0,0.0,-0.0,0.0,0.0,1.0,1.0,1.0
2009-08-03,0.0075995824660815,0.0075995824660815,0.0075995824660815,0.0,0.0,0.0,0.0,0.0,-0.0,0.0,0.0,1.0,1.0,1.0
2009-08-04,-0.0008053772565354,-0.0008053772565354,-0.0008053772565354,0.0,-0.0008053772565354,-0.0,0.0,0.0,-0.0,0.0,0.0,1.0,1.0,1.0
2009-08-05,0.0017587532569249,0.0017587532569252,0.0017587532569249,-2.9989032090949053e-16,0.0,0.0,0.0,0.0,-0.0,0.0,0.0,1.0,1.0,1.0
2009-08-06,-0.0018288869126977,-0.0018288869126978,-0.0018288869126977,9.996344030316351e-17,-0.0018288869126977,-0.0,0.0,0.0,-0.0,0.0,0.0,1.0,1.0,1.0
2009-08-07,0.0013192120712448,0.0013192120712447,0.0013192120712448,9.996344030316351e-17,0.0,0.0,0.0,0.0,-0.0,0.0,0.0,1.0,1.0,1.0
2009-08-10,-0.0029277826941437,-0.0029277826941438,-0.0029277826941437,1.0018028073766061e-16,-0.0029277826941437,-0.0,0.0,0.0,-0.0,0.0,0.0,1.0,1.0,1.0
2009-08-11,-0.0005137938141023,-0.0005137938141022,-0.0005137938141023,-1.0007186052041206e-16,-0.0005137938141023,-0.0,0.0,0.0,-0.0,0.0,0.0,1.0,1.0,1.0
2009-08-12,0.001983083316621,0.0019830833166209,0.001983083316621,9.974659986866641e-17,0.0,0.0,0.0,0.0,-0.0,0.0,0.0,1.0,1.0,1.0
2009-08-13,0.0040315019580234,0.0040315019580234,0.0040315019580234,0.0,0.0,0.0,0.0,0.0,-0.0,0.0,0.0,1.0,1.0,1.0
2009-08-14,-0.0056215683378191,-0.0056215683378191,-0.0056215683378191,0.0,-0.0056215683378191,-0.0,0.0,0.0,-0.0,0.0,0.0,1.0,1.0,1.0
2009-08-17,-0.0082964223958386,-0.0082964223958385,-0.0082964223958386,-9.8879238130678e-17,-0.0082964223958386,-0.0,0.0,0.0,-0.0,0.0,0.0,1.0,1.0,1.0
2009-08-18,0.0031835158874831,0.0031835158874829,0.0031835158874831,1.9992688060632702e-16,0.0,0.0,0.0,0.0,-0.0,0.0,0.0,1.0,1.0,1.0
2009-08-19,0.0028044155064923,0.0028044155064924,0.0028044155064923,-9.974659986866641e-17,0.0,0.0,0.0,0.0,-0.0,0.0,0.0,1.0,1.0,1.0
2009-08-20,0.0004414821338656,0.0004414821338657,0.0004414821338656,-9.996344030316351e-17,0.0,0.0,0.0,0.0,-0.0,0.0,0.0,1.0,1.0,1.0
2009-08-21,0.0057376248071459,0.0057376248071458,0.0057376248071459,9.974659986866641e-17,0.0,0.0,0.0,0.0,-0.0,0.0,0.0,1.0,1.0,1.0
2009-08-24,-0.0017553004315372,-0.0017553004315372,-0.0017553004315372,0.0,-0.0017553004315372,-0.0,0.0,0.0,-0.0,0.0,0.0,1.0,1.0,1.0
2009-08-25,-0.0010990849835816,-0.0010990849835817,-0.0010990849835816,9.996344030316351e-17,-0.0010990849835816,-0.0,0.0,0.0,-0.0,0.0,0.0,1.0,1.0,1.0
2009-08-26,-0.0008068367834394,-0.0008068367834393,-0.0008068367834394,-9.996344030316351e-17,-0.0008068367834394,-0.0,0.0,0.0,-0.0,0.0,0.0,1.0,1.0,1.0
2009-08-27,0.0015415832387066,0.0015415832387066,0.0015415832387066,0.0,0.0,0.0,0.0,0.0,-0.0,0.0,0.0,1.0,1.0,1.0
2009-08-28,0.0013926496519678,0.0013926496519679,0.0013926496519678,-9.996344030316351e-17,0.0,0.0,0.0,0.0,-0.0,0.0,0.0,1.0,1.0,1.0
2009-08-31,-0.0029277826941437,-0.0029277826941438,-0.0029277826941437,1.0018028073766061e-16,-0.0029277826941437,-0.0,0.0,0.0,-0.0,0.0,0.0,1.0,1.0,1.0
2009-09-01,-0.006459987076142,-0.0064599870761419,-0.006459987076142,-1.0061396160665481e-16,-0.006459987076142,-0.0,0.0,0.0,-0.0,0.0,0.0,1.0,1.0,1.0
2009-09-02,0.0019949314725704,0.0019949314725705,0.0019949314725704,-9.974659986866641e-17,0.0,0.0,0.0,0.0,-0.0,0.0,0.0,1.0,1.0,1.0
2009-09-03,0.0030970753631254,0.0030970753631253,0.0030970753631254,9.974659986866641e-17,0.0,0.0,0.0,0.0,-0.0,0.0,0.0,1.0,1.0,1.0
2009-09-04,0.0030139768287056,0.0030139768287057,0.0030139768287056,-9.974659986866641e-17,0.0,0.0,0.0,0.0,-0.0,0.0,0.0,1.0,1.0,1.0
2009-09-08,0.0030048394808381,0.0030048394808381,0.0030048394808381,0.0,0.0,0.0,0.0,0.0,-0.0,0.0,0.0,1.0,1.0,1.0
2009-09-09,0.0010230781445312,0.0010230781445312,0.0010230781445312,0.0,0.0,0.0,0.0,0.0,-0.0,0.0,0.0,1.0,1.0,1.0
2009-09-10,0.0012409549303553,0.0012409549303553,0.0012409549303553,0.0,0.0,0.0,0.0,0.0,-0.0,0.0,0.0,1.0,1.0,1.0
2009-09-11,0.0002915815215931,0.0002915815215931,0.0002915815215931,0.0,0.0,0.0,0.0,0.0,-0.0,0.0,0.0,1.0,1.0,1.0
2009-09-14,0.0028424567821969,0.0028424567821969,0.0028424567821969,0.0,0.0,0.0,0.0,0.0,-0.0,0.0,0.0,1.0,1.0,1.0
2009-09-15,0.0050147371084243,0.0050147371084243,0.0050147371084243,0.0,0.0,0.0,0.0,0.0,-0.0,0.0,0.0,1.0,1.0,1.0
2009-09-16,0.0031819561485193,0.0031819561485193,0.0031819561485193,0.0,0.0,0.0,0.0,0.0,-0.0,0.0,0.0,1.0,1.0,1.0
2009-09-17,-0.0010813377910893,-0.0010813377910892,-0.0010813377910893,-9.996344030316351e-17,-0.0010813377910893,-0.0,0.0,0.0,-0.0,0.0,0.0,1.0,1.0,1.0
2009-09-18,-0.0001231705608393,-0.0001231705608393,-0.0001231705608393,0.0,-0.0001231705608393,-0.0,0.0,0.0,-0.0,0.0,0.0,1.0,1.0,1.0
2009-09-21,-0.0025186777353591,-0.002518677735359,-0.0025186777353591,-1.0018028073766061e-16,-0.0025186777353591,-0.0,0.0,0.0,-0.0,0.0,0.0,1.0,1.0,1.0
2009-09-22,0.0051254539500076,0.0051254539500076,0.0051254539500076,0.0,0.0,0.0,0.0,0.0,-0.0,0.0,0.0,1.0,1.0,1.0
2009-09-23,-0.0058604453478195,-0.0058604453478195,-0.0058604453478195,0.0,-0.0058604453478195,-0.0,0.0,0.0,-0.0,0.0,0.0,1.0,1.0,1.0
2009-09-24,-0.0048183719026982,-0.0048183719026982,-0.0048183719026982,0.0,-0.0048183719026982,-0.0,0.0,0.0,-0.0,0.0,0.0,1.0,1.0,1.0
2009-09-25,-0.0037900351731287,-0.0037900351731287,-0.0037900351731287,0.0,-0.0037900351731287,-0.0,0.0,0.0,-0.0,0.0,0.0,1.0,1.0,1.0
2009-09-28,0.0058580777069268,0.0058580777069268,0.0058580777069268,0.0,0.0,0.0,0.0,0.0,-0.0,0.0,0.0,1.0,1.0,1.0
2009-09-29,-0.0039678297108947,-0.0039678297108946,-0.0039678297108947,-9.974659986866641e-17,-0.0039678297108947,-0.0,0.0,0.0,-0.0,0.0,0.0,1.0,1.0,1.0
2009-09-30,-0.0005365171856209,-0.000536517185621,-0.0005365171856209,1.0007186052041206e-16,-0.0005365171856209,-0.0,0.0,0.0,-0.0,0.0,0.0,1.0,1.0,1.0
2009-10-01,-0.0138688515491935,-0.0138688515491935,-0.0138688515491935,0.0,-0.0138688515491935,-0.0,0.0,0.0,-0.0,0.0,0.0,1.0,1.0,1.0
2009-10-02,-0.0035313371371907,-0.0035313371371908,-0.0035313371371907,9.974659986866641e-17,-0.0035313371371907,-0.0,0.0,0.0,-0.0,0.0,0.0,1.0,1.0,1.0
2009-10-05,0.0049550799857827,0.0049550799857827,0.0049550799857827,0.0,0.0,0.0,0.0,0.0,-0.0,0.0,0.0,1.0,1.0,1.0
2009-10-06,0.0173835524841559,0.017383552484156,0.0173835524841559,-1.0061396160665481e-16,0.0,0.0,0.0,0.0,-0.0,0.0,0.0,1.0,1.0,1.0
2009-10-07,0.0066284852469598,0.0066284852469598,0.0066284852469598,0.0,0.0,0.0,0.0,0.0,-0.0,0.0,0.0,1.0,1.0,1.0
2009-10-08,0.014246837772188,0.014246837772188,0.014246837772188,0.0,0.0,0.0,0.0,0.0,-0.0,0.0,0.0,1.0,1.0,1.0
2009-10-09,0.0017370273338641,0.0017370273338642,0.0017370273338641,-1.0018028073766061e-16,0.0,0.0,0.0,0.0,-0.0,0.0,0.0,1.0,1.0,1.0
2009-10-12,-0.0033945056897244,-0.0033945056897243,-0.0033945056897244,-9.974659986866641e-17,-0.0033945056897244,-0.0,0.0,0.0,-0.0,0.0,0.0,1.0,1.0,1.0
2009-10-13,0.0033660224894094,0.0033660224894093,0.0033660224894094,9.974659986866641e-17,0.0,0.0,0.0,0.0,-0.0,0.0,0.0,1.0,1.0,1.0
2009-10-14,0.0222118561310393,0.0222118561310395,0.0222118561310393,-2.0122792321330962e-16,0.0,0.0,0.0,0.0,-0.0,0.0,0.0,1.0,1.0,1.0
2009-10-15,-0.0031353491477709,-0.0031353491477709,-0.0031353491477709,0.0,-0.0031353491477709,-0.0,0.0,0.0,-0.0,0.0,0.0,1.0,1.0,1.0
2009-10-16,-0.0152822105710942,-0.0152822105710941,-0.0152822105710942,-1.0061396160665481e-16,-0.0152822105710942,-0.0,0.0,0.0,-0.0,0.0,0.0,1.0,1.0,1.0
2009-10-19,0.015457044317227,0.015457044317227,0.015457044317227,0.0,0.0,0.0,0.0,0.0,-0.0,0.0,0.0,1.0,1.0,1.0
2009-10-20,-0.0064313889954474,-0.0064313889954474,-0.0064313889954474,0.0,-0.0064313889954474,-0.0,0.0,0.0,-0.0,0.0,0.0,1.0,1.0,1.0
2009-10-21,-0.0046874642400969,-0.0046874642400968,-0.0046874642400969,-1.0061396160665481e-16,-0.0046874642400969,-0.0,0.0,0.0,-0.0,0.0,0.0,1.0,1.0,1.0
2009-10-22,0.0061385095060888,0.0061385095060888,0.0061385095060888,0.0,0.0,0.0,0.0,0.0,-0.0,0.0,0.0,1.0,1.0,1.0
2009-10-23,-0.0103623329499046,-0.0103623329499045,-0.0103623329499046,-9.8879238130678e-17,-0.0103623329499046,-0.0,0.0,0.0,-0.0,0.0,0.0,1.0,1.0,1.0
2009-10-26,-0.0073061920721028,-0.0073061920721028,-0.0073061920721028,0.0,-0.0073061920721028,-0.0,0.0,0.0,-0.0,0.0,0.0,1.0,1.0,1.0
2009-10-27,-0.0055435041323893,-0.0055435041323893,-0.0055435041323893,0.0,-0.0055435041323893,-0.0,0.0,0.0,-0.0,0.0,0.0,1.0,1.0,1.0
2009-10-28,-0.0280608262073012,-0.0280608262073012,-0.0280608262073012,0.0,-0.0280608262073012,-0.0,0.0,0.0,-0.0,0.0,0.0,1.0,1.0,1.0
2009-10-29,0.0241492820033235,0.0241492820033237,0.0241492820033235,-2.0122792321330962e-16,0.0,0.0,0.0,0.0,-0.0,0.0,0.0,1.0,1.0,1.0
2009-10-30,-0.0278027231060041,-0.0278027231060041,-0.0278027231060041,0.0,-0.0278027231060041,-0.0,0.0,0.0,-0.0,0.0,0.0,1.0,1.0,1.0
2009-11-02,0.0166812791364887,0.0166812791364882,0.0166812791364887,4.996003610813204e-16,0.0,0.0,0.0,0.0,-0.0,0.0,0.0,1.0,1.0,1.0
2009-11-03,-0.0020064759039778,-0.0020064759039774,-0.0020064759039778,-3.9985376121265404e-16,-0.0020064759039778,-0.0,0.0,0.0,-0.0,0.0,0.0,1.0,1.0,1.0
2009-11-04,0.0085698913067839,0.0085698913067838,0.0085698913067839,1.0061396160665481e-16,0.0,0.0,0.0,0.0,-0.0,0.0,0.0,1.0,1.0,1.0
2009-11-05,0.0163313878963649,0.0163313878963649,0.0163313878963649,0.0,0.0,0.0,0.0,0.0,-0.0,0.0,0.0,1.0,1.0,1.0
2009-11-06,-0.0030619915878618,-0.0030619915878617,-0.0030619915878618,-1.0018028073766061e-16,-0.0030619915878618,-0.0,0.0,0.0,-0.0,0.0,0.0,1.0,1.0,1.0
2009-11-09,0.0257061822644124,0.0257061822644123,0.0257061822644124,1.0061396160665481e-16,0.0,0.0,0.0,0.0,-0.0,0.0,0.0,1.0,1.0,1.0
2009-11-10,-0.0070736932495958,-0.0070736932495957,-0.0070736932495958,-9.974659986866641e-17,-0.0070736932495958,-0.0,0.0,0.0,-0.0,0.0,0.0,1.0,1.0,1.0
2009-11-11,0.0021387710518634,0.0021387710518634,0.0021387710518634,0.0,0.0,0.0,0.0,0.0,-0.0,0.0,0.0,1.0,1.0,1.0
2009-11-12,-0.0149280321139938,-0.0149280321139939,-0.0149280321139938,1.0061396160665481e-16,-0.0149280321139938,-0.0,0.0,0.0,-0.0,0.0,0.0,1.0,1.0,1.0
2009-11-13,0.0119635568429092,0.0119635568429091,0.0119635568429092,9.8879238130678e-17,0.0,0.0,0.0,0.0,-0.0,0.0,0.0,1.0,1.0,1.0
2009-11-16,0.0151414387699799,0.0151414387699799,0.0151414387699799,0.0,0.0,0.0,0.0,0.0,-0.0,0.0,0.0,1.0,1.0,1.0
2009-11-17,-0.0064953284687551,-0.0064953284687549,-0.0064953284687551,-1.9949319973733282e-16,-0.0064953284687551,-0.0,0.0,0.0,-0.0,0.0,0.0,1.0,1.0,1.0
2009-11-18,-0.0092697430285618,-0.0092697430285618,-0.0092697430285618,0.0,-0.0092697430285618,-0.0,0.0,0.0,-0.0,0.0,0.0,1.0,1.0,1.0
2009-11-19,-0.0122321171809903,-0.0122321171809903,-0.0122321171809903,0.0,-0.0122321171809903,-0.0,0.0,0.0,-0.0,0.0,0.0,1.0,1.0,1.0
2009-11-20,-0.0014033960432598,-0.0014033960432598,-0.0014033960432598,0.0,-0.0014033960432598,-0.0,0.0,0.0,-0.0,0.0,0.0,1.0,1.0,1.0
2009-11-23,0.0127317987790342,0.0127317987790344,0.0127317987790342,-1.9949319973733282e-16,0.0,0.0,0.0,0.0,-0.0,0.0,0.0,1.0,1.0,1.0
2009-11-24,-0.0114568274114805,-0.0114568274114807,-0.0114568274114805,1.9949319973733282e-16,-0.0114568274114805,-0.0,0.0,0.0,-0.0,0.0,0.0,1.0,1.0,1.0
2009-11-25,0.0102676554018474,0.0102676554018475,0.0102676554018474,-1.0061396160665481e-16,0.0,0.0,0.0,0.0,-0.0,0.0,0.0,1.0,1.0,1.0
2009-11-27,-0.0296237498646667,-0.0296237498646666,-0.0296237498646667,-1.0061396160665481e-16,-0.0296237498646667,-0.0,0.0,0.0,-0.0,0.0,0.0,1.0,1.0,1.0
2009-11-30,0.0156423866327095,0.0156423866327093,0.0156423866327095,2.0122792321330962e-16,0.0,0.0,0.0,0.0,-0.0,0.0,0.0,1.0,1.0,1.0
2009-12-01,0.030624083451372,0.0306240834513721,0.030624083451372,-1.0061396160665481e-16,0.0,0.0,0.0,0.0,-0.0,0.0,0.0,1.0,1.0,1.0
2009-12-02,-9.257991370681395e-05,-9.257991370683544e-05,-9.257991370681395e-05,2.1480755542369057e-17,-9.257991370681395e-05,-0.0,0.0,0.0,-0.0,0.0,0.0,1.0,1.0,1.0
2009-12-03,0.0011439696258304,0.0011439696258306,0.0011439696258304,-1.9992688060632702e-16,0.0,0.0,0.0,0.0,-0.0,0.0,0.0,1.0,1.0,1.0
2009-12-04,0.0076307652440579,0.0076307652440578,0.0076307652440579,9.974659986866641e-17,0.0,0.0,0.0,0.0,-0.0,0.0,0.0,1.0,1.0,1.0
2009-12-07,-0.0111212520098393,-0.0111212520098394,-0.0111212520098393,1.0061396160665481e-16,-0.0111212520098393,-0.0,0.0,0.0,-0.0,0.0,0.0,1.0,1.0,1.0
2009-12-08,-0.0112359704037703,-0.0112359704037703,-0.0112359704037703,0.0,-0.0112359704037703,-0.0,0.0,0.0,-0.0,0.0,0.0,1.0,1.0,1.0
2009-12-09,0.0016644871485831,0.001664487148583,0.0016644871485831,9.996344030316351e-17,0.0,0.0,0.0,0.0,-0.0,0.0,0.0,1.0,1.0,1.0
2009-12-10,-0.0027760264432447,-0.0027760264432445,-0.0027760264432447,-1.9992688060632702e-16,-0.0027760264432447,-0.0,0.0,0.0,-0.0,0.0,0.0,1.0,1.0,1.0
2009-12-11,0.0036212803142154,0.0036212803142153,0.0036212803142154,9.974659986866641e-17,0.0,0.0,0.0,0.0,-0.0,0.0,0.0,1.0,1.0,1.0
2009-12-14,0.0033025488413165,0.0033025488413167,0.0033025488413165,-1.9992688060632702e-16,0.0,0.0,0.0,0.0,-0.0,0.0,0.0,1.0,1.0,1.0
2009-12-15,-0.0096419144261499,-0.0096419144261498,-0.0096419144261499,-1.0061396160665481e-16,-0.0096419144261499,-0.0,0.0,0.0,-0.0,0.0,0.0,1.0,1.0,1.0
2009-12-16,0.0041043600898107,0.0041043600898107,0.0041043600898107,0.0,0.0,0.0,0.0,0.0,-0.0,0.0,0.0,1.0,1.0,1.0
2009-12-17,-0.0220408968145635,-0.0220408968145634,-0.0220408968145635,-1.0061396160665481e-16,-0.0220408968145635,-0.0,0.0,0.0,-0.0,0.0,0.0,1.0,1.0,1.0
2009-12-18,-0.0028726210873051,-0.0028726210873052,-0.0028726210873051,1.0018028073766061e-16,-0.0028726210873051,-0.0,0.0,0.0,-0.0,0.0,0.0,1.0,1.0,1.0
2009-12-21,-0.0005139419254324,-0.0005139419254324,-0.0005139419254324,0.0,-0.0005139419254324,-0.0,0.0,0.0,-0.0,0.0,0.0,1.0,1.0,1.0
2009-12-22,0.0045724823828263,0.0045724823828264,0.0045724823828263,-9.974659986866641e-17,0.0,0.0,0.0,0.0,-0.0,0.0,0.0,1.0,1.0,1.0
2009-12-23,0.0073050472779909,0.0073050472779908,0.0073050472779909,9.974659986866641e-17,0.0,0.0,0.0,0.0,-0.0,0.0,0.0,1.0,1.0,1.0
2009-12-24,0.0107296669085765,0.0107296669085766,0.0107296669085765,-1.0061396160665481e-16,0.0,0.0,0.0,0.0,-0.0,0.0,0.0,1.0,1.0,1.0
2009-12-28,-0.0029805783208518,-0.0029805783208517,-0.0029805783208518,-1.0018028073766061e-16,-0.0029805783208518,-0.0,0.0,0.0,-0.0,0.0,0.0,1.0,1.0,1.0
2009-12-29,-0.0002813980947803,-0.0002813980947804,-0.0002813980947803,9.996344030316351e-17,-0.0002813980947803,-0.0,0.0,0.0,-0.0,0.0,0.0,1.0,1.0,1.0
2009-12-30,-0.0041639389388131,-0.0041639389388131,-0.0041639389388131,0.0,-0.0041639389388131,-0.0,0.0,0.0,-0.0,0.0,0.0,1.0,1.0,1.0
2009-12-31,-0.0008065426305127,-0.0008065426305125,-0.0008065426305127,-2.0003530082357557e-16,-0.0008065426305127,-0.0,0.0,0.0,-0.0,0.0,0.0,1.0,1.0,1.0
2010-01-04,0.0159326999476829,0.0159326999476828,0.0159326999476829,1.0061396160665481e-16,0.0,0.0,0.0,0.0,-0.0,0.0,0.0,1.0,1.0,1.0
2010-01-05,0.0038479446943706,0.0038479446943707,0.0038479446943706,-1.0018028073766061e-16,0.0,0.0,0.0,0.0,-0.0,0.0,0.0,1.0,1.0,1.0
2010-01-06,0.0020556747373561,0.002055674737356,0.0020556747373561,1.0018028073766061e-16,0.0,0.0,0.0,0.0,-0.0,0.0,0.0,1.0,1.0,1.0
2010-01-07,-0.0052136982671799,-0.0052136982671799,-0.0052136982671799,0.0,-0.0052136982671799,-0.0,0.0,0.0,-0.0,0.0,0.0,1.0,1.0,1.0
2010-01-08,0.0079100290169882,0.0079100290169883,0.0079100290169882,-1.0061396160665481e-16,0.0,0.0,0.0,0.0,-0.0,0.0,0.0,1.0,1.0,1.0
2010-01-11,0.0021865495145851,0.0021865495145851,0.0021865495145851,0.0,0.0,0.0,0.0,0.0,-0.0,0.0,0.0,1.0,1.0,1.0
2010-01-12,-0.0062835152730138,-0.0062835152730139,-0.0062835152730138,9.974659986866641e-17,-0.0062835152730138,-0.0,0.0,0.0,-0.0,0.0,0.0,1.0,1.0,1.0
2010-01-13,-0.0018816120117584,-0.0018816120117583,-0.0018816120117584,-9.996344030316351e-17,-0.0018816120117584,-0.0,0.0,0.0,-0.0,0.0,0.0,1.0,1.0,1.0
2010-01-14,0.0039540860587585,0.0039540860587585,0.0039540860587585,0.0,0.0,0.0,0.0,0.0,-0.0,0.0,0.0,1.0,1.0,1.0
2010-01-15,-0.0070880927633638,-0.0070880927633638,-0.0070880927633638,0.0,-0.0070880927633638,-0.0,0.0,0.0,-0.0,0.0,0.0,1.0,1.0,1.0
2010-01-19,0.0081739965310543,0.0081739965310542,0.0081739965310543,1.0061396160665481e-16,0.0,0.0,0.0,0.0,-0.0,0.0,0.0,1.0,1.0,1.0
2010-01-20,-0.0219445559565625,-0.0219445559565625,-0.0219445559565625,0.0,-0.0219445559565625,-0.0,0.0,0.0,-0.0,0.0,0.0,1.0,1.0,1.0
2010-01-21,-0.0081498379775761,-0.0081498379775762,-0.0081498379775761,1.0061396160665481e-16,-0.0081498379775761,-0.0,0.0,0.0,-0.0,0.0,0.0,1.0,1.0,1.0
2010-01-22,-0.011692608333491,-0.0116926083334909,-0.011692608333491,-1.0061396160665481e-16,-0.011692608333491,-0.0,0.0,0.0,-0.0,0.0,0.0,1.0,1.0,1.0
2010-01-25,0.0087538578027019,0.0087538578027018,0.0087538578027019,1.0061396160665481e-16,0.0,0.0,0.0,0.0,-0.0,0.0,0.0,1.0,1.0,1.0
2010-01-26,-0.0116096101051438,-0.0116096101051438,-0.0116096101051438,0.0,-0.0116096101051438,-0.0,0.0,0.0,-0.0,0.0,0.0,1.0,1.0,1.0
2010-01-27,-0.0057630643691652,-0.0057630643691653,-0.0057630643691652,9.974659986866641e-17,-0.0057630643691652,-0.0,0.0,0.0,-0.0,0.0,0.0,1.0,1.0,1.0
2010-01-28,-0.0031152196407554,-0.0031152196407553,-0.0031152196407554,-9.974659986866641e-17,-0.0031152196407554,-0.0,0.0,0.0,-0.0,0.0,0.0,1.0,1.0,1.0
2010-01-29,-0.0096798725908334,-0.0096798725908334,-0.0096798725908334,0.0,-0.0096798725908334,-0.0,0.0,0.0,-0.0,0.0,0.0,1.0,1.0,1.0
2010-02-01,0.0102268812328711,0.0102268812328712,0.0102268812328711,-1.0061396160665481e-16,0.0,0.0,0.0,0.0,-0.0,0.0,0.0,1.0,1.0,1.0
2010-02-02,0.009676902083717,0.009676902083717,0.009676902083717,0.0,0.0,0.0,0.0,0.0,-0.0,0.0,0.0,1.0,1.0,1.0
2010-02-03,-0.0043467163160813,-0.0043467163160813,-0.0043467163160813,0.0,-0.0043467163160813,-0.0,0.0,0.0,-0.0,0.0,0.0,1.0,1.0,1.0
2010-02-04,-0.0169466255167628,-0.0169466255167627,-0.0169466255167628,-1.0061396160665481e-16,-0.0169466255167628,-0.0,0.0,0.0,-0.0,0.0,0.0,1.0,1.0,1.0
2010-02-05,-0.0030642590879133,-0.0030642590879134,-0.0030642590879133,9.974659986866641e-17,-0.0030642590879133,-0.0,0.0,0.0,-0.0,0.0,0.0,1.0,1.0,1.0
2010-02-08,-0.0050584062770206,-0.0050584062770207,-0.0050584062770206,1.0061396160665481e-16,-0.0050584062770206,-0.0,0.0,0.0,-0.0,0.0,0.0,1.0,1.0,1.0
2010-02-09,0.0089753085646255,0.0089753085646256,0.0089753085646255,-9.8879238130678e-17,0.0,0.0,0.0,0.0,-0.0,0.0,0.0,1.0,1.0,1.0
2010-02-10,0.0008213468086415,0.0008213468086415,0.0008213468086415,0.0,0.0,0.0,0.0,0.0,-0.0,0.0,0.0,1.0,1.0,1.0
2010-02-11,0.0072860167095771,0.0072860167095772,0.0072860167095771,-9.974659986866641e-17,0.0,0.0,0.0,0.0,-0.0,0.0,0.0,1.0,1.0,1.0
2010-02-12,-0.0067070069504084,-0.0067070069504083,-0.0067070069504084,-9.974659986866641e-17,-0.0067070069504084,-0.0,0.0,0.0,-0.0,0.0,0.0,1.0,1.0,1.0
2010-02-16,0.0155176743328178,0.0155176743328177,0.0155176743328178,1.0061396160665481e-16,0.0,0.0,0.0,0.0,-0.0,0.0,0.0,1.0,1.0,1.0
2010-02-17,-0.00236940900216,-0.0023694090021601,-0.00236940900216,1.0018028073766061e-16,-0.00236940900216,-0.0,0.0,0.0,-0.0,0.0,0.0,1.0,1.0,1.0
2010-02-18,0.0020355383499646,0.0020355383499647,0.0020355383499646,-9.974659986866641e-17,0.0,0.0,0.0,0.0,-0.0,0.0,0.0,1.0,1.0,1.0
2010-02-19,-0.0081198852728666,-0.0081198852728667,-0.0081198852728666,1.0061396160665481e-16,-0.0081198852728666,-0.0,0.0,0.0,-0.0,0.0,0.0,1.0,1.0,1.0
2010-02-22,0.0042667542946459,0.004266754294646,0.0042667542946459,-9.974659986866641e-17,0.0,0.0,0.0,0.0,-0.0,0.0,0.0,1.0,1.0,1.0
2010-02-23,-0.0061909288248314,-0.0061909288248313,-0.0061909288248314,-1.0061396160665481e-16,-0.0061909288248314,-0.0,0.0,0.0,-0.0,0.0,0.0,1.0,1.0,1.0
2010-02-24,0.0043018448024305,0.0043018448024303,0.0043018448024305,1.9949319973733282e-16,0.0,0.0,0.0,0.0,-0.0,0.0,0.0,1.0,1.0,1.0
2010-02-25,0.0013701119924709,0.0013701119924709,0.0013701119924709,0.0,0.0,0.0,0.0,0.0,-0.0,0.0,0.0,1.0,1.0,1.0
2010-02-26,0.0076786051060533,0.0076786051060534,0.0076786051060533,-1.0061396160665481e-16,0.0,0.0,0.0,0.0,-0.0,0.0,0.0,1.0,1.0,1.0
2010-03-01,0.0047739473051056,0.0047739473051055,0.0047739473051056,1.0061396160665481e-16,0.0,0.0,0.0,0.0,-0.0,0.0,0.0,1.0,1.0,1.0
2010-03-02,0.0103813241922987,0.0103813241922987,0.0103813241922987,0.0,0.0,0.0,0.0,0.0,-0.0,0.0,0.0,1.0,1.0,1.0
2010-03-03,0.0057682997918218,0.0057682997918218,0.0057682997918218,0.0,0.0,0.0,0.0,0.0,-0.0,0.0,0.0,1.0,1.0,1.0
2010-03-04,0.000366458081239,0.0003664580812389,0.000366458081239,1.0001765041178778e-16,0.0,0.0,0.0,0.0,-0.0,0.0,0.0,1.0,1.0,1.0
2010-03-05,0.0103941065128547,0.0103941065128548,0.0103941065128547,-1.0061396160665481e-16,0.0,0.0,0.0,0.0,-0.0,0.0,0.0,1.0,1.0,1.0
2010-03-08,-0.0017409777112629,-0.0017409777112628,-0.0017409777112629,-9.996344030316351e-17,-0.0017409777112629,-0.0,0.0,0.0,-0.0,0.0,0.0,1.0,1.0,1.0
2010-03-09,-0.0017353849868404,-0.0017353849868405,-0.0017353849868404,9.996344030316351e-17,-0.0017353849868404,-0.0,0.0,0.0,-0.0,0.0,0.0,1.0,1.0,1.0
2010-03-10,-0.0031103634568389,-0.0031103634568388,-0.0031103634568389,-1.0018028073766061e-16,-0.0031103634568389,-0.0,0.0,0.0,-0.0,0.0,0.0,1.0,1.0,1.0
2010-03-11,0.004101675180796,0.0041016751807961,0.004101675180796,-1.0061396160665481e-16,0.0,0.0,0.0,0.0,-0.0,0.0,0.0,1.0,1.0,1.0
2010-03-12,0.0015119760052599,0.0015119760052599,0.0015119760052599,0.0,0.0,0.0,0.0,0.0,-0.0,0.0,0.0,1.0,1.0,1.0
2010-03-15,-0.0028499927417959,-0.0028499927417957,-0.0028499927417959,-1.9992688060632702e-16,-0.0028499927417959,-0.0,0.0,0.0,-0.0,0.0,0.0,1.0,1.0,1.0
2010-03-16,0.0122070958206861,0.012207095820686,0.0122070958206861,1.0061396160665481e-16,0.0,0.0,0.0,0.0,-0.0,0.0,0.0,1.0,1.0,1.0
2010-03-17,0.0063997429797639,0.0063997429797641,0.0063997429797639,-1.9949319973733282e-16,0.0,0.0,0.0,0.0,-0.0,0.0,0.0,1.0,1.0,1.0
2010-03-18,-0.0043421249941192,-0.0043421249941192,-0.0043421249941192,0.0,-0.0043421249941192,-0.0,0.0,0.0,-0.0,0.0,0.0,1.0,1.0,1.0
2010-03-19,-0.0111270731984818,-0.0111270731984818,-0.0111270731984818,0.0,-0.0111270731984818,-0.0,0.0,0.0,-0.0,0.0,0.0,1.0,1.0,1.0
2010-03-22,0.0056880934250951,0.005688093425095,0.0056880934250951,9.974659986866641e-17,0.0,0.0,0.0,0.0,-0.0,0.0,0.0,1.0,1.0,1.0
2010-03-23,0.0066257873919761,0.0066257873919761,0.0066257873919761,0.0,0.0,0.0,0.0,0.0,-0.0,0.0,0.0,1.0,1.0,1.0
2010-03-24,-0.0117850363227316,-0.0117850363227316,-0.0117850363227316,0.0,-0.0117850363227316,-0.0,0.0,0.0,-0.0,0.0,0.0,1.0,1.0,1.0
2010-03-25,-0.0124021124547244,-0.0124021124547244,-0.0124021124547244,0.0,-0.0124021124547244,-0.0,0.0,0.0,-0.0,0.0,0.0,1.0,1.0,1.0
2010-03-26,0.0110045408038321,0.0110045408038323,0.0110045408038321,-1.9949319973733282e-16,0.0,0.0,0.0,0.0,-0.0,0.0,0.0,1.0,1.0,1.0
2010-03-29,0.012777449812829,0.0127774498128289,0.012777449812829,1.0061396160665481e-16,0.0,0.0,0.0,0.0,-0.0,0.0,0.0,1.0,1.0,1.0
2010-03-30,0.0029201270355139,0.0029201270355138,0.0029201270355139,1.0018028073766061e-16,0.0,0.0,0.0,0.0,-0.0,0.0,0.0,1.0,1.0,1.0
2010-03-31,0.0007017744365356,0.0007017744365357,0.0007017744365356,-9.996344030316351e-17,0.0,0.0,0.0,0.0,-0.0,0.0,0.0,1.0,1.0,1.0
2010-04-01,0.0169137866129143,0.0169137866129144,0.0169137866129143,-1.0061396160665481e-16,0.0,0.0,0.0,0.0,-0.0,0.0,0.0,1.0,1.0,1.0
2010-04-05,0.0071163105539793,0.0071163105539791,0.0071163105539793,1.9949319973733282e-16,0.0,0.0,0.0,0.0,-0.0,0.0,0.0,1.0,1.0,1.0
2010-04-06,-0.0005028668761215,-0.0005028668761214,-0.0005028668761215,-1.0007186052041206e-16,-0.0005028668761215,-0.0,0.0,0.0,-0.0,0.0,0.0,1.0,1.0,1.0
2010-04-07,-5.4112875115475134e-05,-5.411287511548039e-05,-5.4112875115475134e-05,5.2583805365546965e-18,-5.4112875115475134e-05,0.0,0.0,0.0,-0.0,0.0,0.0,1.0,1.0,1.0
2010-04-08,0.0004117725938845,0.0004117725938845,0.0004117725938845,0.0,0.0,0.0,0.0,0.0,-0.0,0.0,0.0,1.0,1.0,1.0
2010-04-09,0.0045742635819958,0.0045742635819958,0.0045742635819958,0.0,0.0,0.0,0.0,0.0,-0.0,0.0,0.0,1.0,1.0,1.0
2010-04-12,-0.0029495631786832,-0.0029495631786832,-0.0029495631786832,0.0,-0.0029495631786832,-0.0,0.0,0.0,-0.0,0.0,0.0,1.0,1.0,1.0
2010-04-13,-0.0007181923830446,-0.0007181923830445,-0.0007181923830446,-1.0007186052041206e-16,-0.0007181923830446,-0.0,0.0,0.0,-0.0,0.0,0.0,1.0,1.0,1.0
2010-04-14,0.0061712661547628,0.0061712661547628,0.0061712661547628,0.0,0.0,0.0,0.0,0.0,-0.0,0.0,0.0,1.0,1.0,1.0
2010-04-15,0.0001806110564648,0.0001806110564648,0.0001806110564648,0.0,0.0,0.0,0.0,0.0,-0.0,0.0,0.0,1.0,1.0,1.0
2010-04-16,-0.0171456093286759,-0.0171456093286757,-0.0171456093286759,-2.0122792321330962e-16,-0.0171456093286759,-0.0,0.0,0.0,-0.0,0.0,0.0,1.0,1.0,1.0
2010-04-19,-0.0005912937222419,-0.0005912937222422,-0.0005912937222419,2.999987411267391e-16,-0.0005912937222419,-0.0,0.0,0.0,-0.0,0.0,0.0,1.0,1.0,1.0
2010-04-20,0.0037520915219937,0.0037520915219937,0.0037520915219937,0.0,0.0,0.0,0.0,0.0,-0.0,0.0,0.0,1.0,1.0,1.0
2010-04-21,0.003074887115253,0.0030748871152529,0.003074887115253,9.974659986866641e-17,0.0,0.0,0.0,0.0,-0.0,0.0,0.0,1.0,1.0,1.0
2010-04-22,0.0019139408213526,0.0019139408213526,0.0019139408213526,0.0,0.0,0.0,0.0,0.0,-0.0,0.0,0.0,1.0,1.0,1.0
2010-04-23,0.0062884327346171,0.0062884327346169,0.0062884327346171,1.9949319973733282e-16,0.0,0.0,0.0,0.0,-0.0,0.0,0.0,1.0,1.0,1.0
2010-04-26,0.0021603964420686,0.0021603964420688,0.0021603964420686,-2.0036056147532122e-16,0.0,0.0,0.0,0.0,-0.0,0.0,0.0,1.0,1.0,1.0
2010-04-27,-0.0133151193090711,-0.0133151193090709,-0.0133151193090711,-2.0122792321330962e-16,-0.0133151193090711,-0.0,0.0,0.0,-0.0,0.0,0.0,1.0,1.0,1.0
2010-04-28,0.0044868785429346,0.0044868785429344,0.0044868785429346,1.9949319973733282e-16,0.0,0.0,0.0,0.0,-0.0,0.0,0.0,1.0,1.0,1.0
2010-04-29,0.0118052120136522,0.0118052120136522,0.0118052120136522,0.0,0.0,0.0,0.0,0.0,-0.0,0.0,0.0,1.0,1.0,1.0
2010-04-30,-0.0052958513108768,-0.0052958513108769,-0.0052958513108768,9.974659986866641e-17,-0.0052958513108768,-0.0,0.0,0.0,-0.0,0.0,0.0,1.0,1.0,1.0
2010-05-03,0.0055412073503477,0.005541207350348,0.0055412073503477,-3.0010716134398763e-16,0.0,0.0,0.0,0.0,-0.0,0.0,0.0,1.0,1.0,1.0
2010-05-04,-0.0128453201769798,-0.0128453201769797,-0.0128453201769798,-9.8879238130678e-17,-0.0128453201769798,-0.0,0.0,0.0,-0.0,0.0,0.0,1.0,1.0,1.0
2010-05-05,-0.0084964423264948,-0.0084964423264948,-0.0084964423264948,0.0,-0.0084964423264948,-0.0,0.0,0.0,-0.0,0.0,0.0,1.0,1.0,1.0
2010-05-06,-0.0155504854066179,-0.0155504854066179,-0.0155504854066179,0.0,-0.0155504854066179,-0.0,0.0,0.0,-0.0,0.0,0.0,1.0,1.0,1.0
2010-05-07,-0.0006257596259801,-0.0006257596259799,-0.0006257596259801,-2.0003530082357557e-16,-0.0006257596259801,-0.0,0.0,0.0,-0.0,0.0,0.0,1.0,1.0,1.0
2010-05-10,0.0270484083598212,0.0270484083598211,0.0270484083598212,1.0061396160665481e-16,0.0,0.0,0.0,0.0,-0.0,0.0,0.0,1.0,1.0,1.0
2010-05-11,-0.0046309683729603,-0.0046309683729602,-0.0046309683729603,-9.974659986866641e-17,-0.0046309683729603,-0.0,0.0,0.0,-0.0,0.0,0.0,1.0,1.0,1.0
2010-05-12,0.0112963811582569,0.0112963811582571,0.0112963811582569,-1.9949319973733282e-16,0.0,0.0,0.0,0.0,-0.0,0.0,0.0,1.0,1.0,1.0
2010-05-13,-0.0131573546959486,-0.0131573546959488,-0.0131573546959486,1.9949319973733282e-16,-0.0131573546959486,-0.0,0.0,0.0,-0.0,0.0,0.0,1.0,1.0,1.0
2010-05-14,-0.020051165417669,-0.0200511654176689,-0.020051165417669,-1.0061396160665481e-16,-0.020051165417669,-0.0,0.0,0.0,-0.0,0.0,0.0,1.0,1.0,1.0
2010-05-17,0.000255990923685,0.000255990923685,0.000255990923685,0.0,0.0,0.0,0.0,0.0,-0.0,0.0,0.0,1.0,1.0,1.0
2010-05-18,-0.0182691822664919,-0.018269182266492,-0.0182691822664919,1.0061396160665481e-16,-0.0182691822664919,-0.0,0.0,0.0,-0.0,0.0,0.0,1.0,1.0,1.0
2010-05-19,-0.001760278764214,-0.0017602787642138,-0.001760278764214,-1.9992688060632702e-16,-0.001760278764214,-0.0,0.0,0.0,-0.0,0.0,0.0,1.0,1.0,1.0
2010-05-20,-0.045016909575868,-0.0450169095758679,-0.045016909575868,-9.71445146547012e-17,-0.045016909575868,-0.0,0.0,0.0,-0.0,0.0,0.0,1.0,1.0,1.0
2010-05-21,0.0269688696553465,0.0269688696553464,0.0269688696553465,9.71445146547012e-17,0.0,0.0,0.0,0.0,-0.0,0.0,0.0,1.0,1.0,1.0
2010-05-24,-0.0224851144385452,-0.0224851144385454,-0.0224851144385452,1.97758476261356e-16,-0.0224851144385452,-0.0,0.0,0.0,-0.0,0.0,0.0,1.0,1.0,1.0
2010-05-25,0.0107054942137161,0.0107054942137161,0.0107054942137161,0.0,0.0,0.0,0.0,0.0,-0.0,0.0,0.0,1.0,1.0,1.0
2010-05-26,-0.0062943538743288,-0.0062943538743287,-0.0062943538743288,-1.0061396160665481e-16,-0.0062943538743288,-0.0,0.0,0.0,-0.0,0.0,0.0,1.0,1.0,1.0
2010-05-27,0.0418252205031188,0.0418252205031187,0.0418252205031188,9.71445146547012e-17,0.0,0.0,0.0,0.0,-0.0,0.0,0.0,1.0,1.0,1.0
2010-05-28,-0.0193367571870349,-0.0193367571870349,-0.0193367571870349,0.0,-0.0193367571870349,-0.0,0.0,0.0,-0.0,0.0,0.0,1.0,1.0,1.0
2010-06-01,-0.0304730049598914,-0.0304730049598912,-0.0304730049598914,-2.0122792321330962e-16,-0.0304730049598914,-0.0,0.0,0.0,-0.0,0.0,0.0,1.0,1.0,1.0
2010-06-02,0.0330665027058592,0.0330665027058592,0.0330665027058592,0.0,0.0,0.0,0.0,0.0,-0.0,0.0,0.0,1.0,1.0,1.0
2010-06-03,-0.0043372132771264,-0.0043372132771265,-0.0043372132771264,9.974659986866641e-17,-0.0043372132771264,-0.0,0.0,0.0,-0.0,0.0,0.0,1.0,1.0,1.0
2010-06-04,-0.038781333399544,-0.038781333399544,-0.038781333399544,0.0,-0.038781333399544,-0.0,0.0,0.0,-0.0,0.0,0.0,1.0,1.0,1.0
2010-06-07,-0.0091297404314442,-0.0091297404314441,-0.0091297404314442,-1.0061396160665481e-16,-0.0091297404314442,-0.0,0.0,0.0,-0.0,0.0,0.0,1.0,1.0,1.0
2010-06-08,0.0117950595531994,0.0117950595531994,0.0117950595531994,0.0,0.0,0.0,0.0,0.0,-0.0,0.0,0.0,1.0,1.0,1.0
2010-06-09,-0.004273476655592,-0.0042734766555919,-0.004273476655592,-9.974659986866641e-17,-0.004273476655592,-0.0,0.0,0.0,-0.0,0.0,0.0,1.0,1.0,1.0
2010-06-10,0.0317480986653011,0.0317480986653011,0.0317480986653011,0.0,0.0,0.0,0.0,0.0,-0.0,0.0,0.0,1.0,1.0,1.0
2010-06-11,0.0061478099131797,0.0061478099131799,0.0061478099131797,-2.0036056147532122e-16,0.0,0.0,0.0,0.0,-0.0,0.0,0.0,1.0,1.0,1.0
2010-06-14,-0.0056674002180797,-0.0056674002180799,-0.0056674002180797,2.0036056147532122e-16,-0.0056674002180797,-0.0,0.0,0.0,-0.0,0.0,0.0,1.0,1.0,1.0
2010-06-15,0.0239633157212335,0.0239633157212337,0.0239633157212335,-2.0122792321330962e-16,0.0,0.0,0.0,0.0,-0.0,0.0,0.0,1.0,1.0,1.0
2010-06-16,-0.0017020500736512,-0.0017020500736512,-0.0017020500736512,0.0,-0.0017020500736512,-0.0,0.0,0.0,-0.0,0.0,0.0,1.0,1.0,1.0
2010-06-17,-6.765372860373375e-06,-6.765372860366972e-06,-6.765372860373375e-06,-6.4035690812425106e-18,-6.765372860373375e-06,-0.0,0.0,0.0,-0.0,0.0,0.0,1.0,1.0,1.0
2010-06-18,0.009086675957266,0.0090866759572661,0.009086675957266,-1.0061396160665481e-16,0.0,0.0,0.0,0.0,-0.0,0.0,0.0,1.0,1.0,1.0
2010-06-21,-0.0027006897688222,-0.002700689768822,-0.0027006897688222,-1.9992688060632702e-16,-0.0027006897688222,-0.0,0.0,0.0,-0.0,0.0,0.0,1.0,1.0,1.0
2010-06-22,-0.0178799525836531,-0.0178799525836532,-0.0178799525836531,1.0061396160665481e-16,-0.0178799525836531,-0.0,0.0,0.0,-0.0,0.0,0.0,1.0,1.0,1.0
2010-06-23,-0.0042610218315355,-0.0042610218315354,-0.0042610218315355,-1.0061396160665481e-16,-0.0042610218315355,-0.0,0.0,0.0,-0.0,0.0,0.0,1.0,1.0,1.0
2010-06-24,-0.0169293662083268,-0.0169293662083267,-0.0169293662083268,-1.0061396160665481e-16,-0.0169293662083268,-0.0,0.0,0.0,-0.0,0.0,0.0,1.0,1.0,1.0
2010-06-25,0.0162985093035648,0.0162985093035645,0.0162985093035648,3.0184188481996443e-16,0.0,0.0,0.0,0.0,-0.0,0.0,0.0,1.0,1.0,1.0
2010-06-28,-0.0121556771074796,-0.0121556771074796,-0.0121556771074796,0.0,-0.0121556771074796,-0.0,0.0,0.0,-0.0,0.0,0.0,1.0,1.0,1.0
2010-06-29,-0.0309394126736398,-0.0309394126736398,-0.0309394126736398,0.0,-0.0309394126736398,-0.0,0.0,0.0,-0.0,0.0,0.0,1.0,1.0,1.0
2010-06-30,-0.0069860200004638,-0.0069860200004637,-0.0069860200004638,-9.974659986866641e-17,-0.0069860200004638,-0.0,0.0,0.0,-0.0,0.0,0.0,1.0,1.0,1.0
2010-07-01,-0.0135520966148492,-0.0135520966148492,-0.0135520966148492,0.0,-0.0135520966148492,-0.0,0.0,0.0,-0.0,0.0,0.0,1.0,1.0,1.0
2010-07-02,-0.0047818595769227,-0.0047818595769226,-0.0047818595769227,-9.974659986866641e-17,-0.0047818595769227,-0.0,0.0,0.0,-0.0,0.0,0.0,1.0,1.0,1.0
2010-07-06,0.0027939265502143,0.0027939265502142,0.0027939265502143,9.974659986866641e-17,0.0,0.0,0.0,0.0,-0.0,0.0,0.0,1.0,1.0,1.0
2010-07-07,0.0342861833180065,0.0342861833180066,0.0342861833180065,-9.71445146547012e-17,0.0,0.0,0.0,0.0,-0.0,0.0,0.0,1.0,1.0,1.0
2010-07-08,0.0104252295246576,0.0104252295246577,0.0104252295246576,-1.0061396160665481e-16,0.0,0.0,0.0,0.0,-0.0,0.0,0.0,1.0,1.0,1.0
2010-07-09,0.0146711467028171,0.0146711467028167,0.0146711467028171,3.9898639947466563e-16,0.0,0.0,0.0,0.0,-0.0,0.0,0.0,1.0,1.0,1.0
2010-07-12,-0.0067722245893363,-0.0067722245893362,-0.0067722245893363,-9.974659986866641e-17,-0.0067722245893363,-0.0,0.0,0.0,-0.0,0.0,0.0,1.0,1.0,1.0
2010-07-13,0.0203147643160046,0.0203147643160048,0.0203147643160046,-2.0122792321330962e-16,0.0,0.0,0.0,0.0,-0.0,0.0,0.0,1.0,1.0,1.0
2010-07-14,-0.0014878845978023,-0.0014878845978024,-0.0014878845978023,9.996344030316351e-17,-0.0014878845978023,-0.0,0.0,0.0,-0.0,0.0,0.0,1.0,1.0,1.0
2010-07-15,-0.0011251352437283,-0.0011251352437283,-0.0011251352437283,0.0,-0.0011251352437283,-0.0,0.0,0.0,-0.0,0.0,0.0,1.0,1.0,1.0
2010-07-16,-0.0289891042811619,-0.0289891042811619,-0.0289891042811619,0.0,-0.0289891042811619,-0.0,0.0,0.0,-0.0,0.0,0.0,1.0,1.0,1.0
2010-07-19,-0.0009195983160901,-0.0009195983160902,-0.0009195983160901,9.996344030316351e-17,-0.0009195983160901,-0.0,0.0,0.0,-0.0,0.0,0.0,1.0,1.0,1.0
2010-07-20,0.0194901228916717,0.0194901228916716,0.0194901228916717,1.0061396160665481e-16,0.0,0.0,0.0,0.0,-0.0,0.0,0.0,1.0,1.0,1.0
2010-07-21,-0.0079278681530422,-0.007927868153042,-0.0079278681530422,-1.9949319973733282e-16,-0.0079278681530422,-0.0,0.0,0.0,-0.0,0.0,0.0,1.0,1.0,1.0
2010-07-22,0.0232333598490808,0.0232333598490806,0.0232333598490808,2.0122792321330962e-16,0.0,0.0,0.0,0.0,-0.0,0.0,0.0,1.0,1.0,1.0
2010-07-23,0.0114921112284931,0.0114921112284929,0.0114921112284931,2.0122792321330962e-16,0.0,0.0,0.0,0.0,-0.0,0.0,0.0,1.0,1.0,1.0
2010-07-26,0.0074515770327285,0.0074515770327285,0.0074515770327285,0.0,0.0,0.0,0.0,0.0,-0.0,0.0,0.0,1.0,1.0,1.0
2010-07-27,-0.0088405759235186,-0.0088405759235185,-0.0088405759235186,-1.0061396160665481e-16,-0.0088405759235186,-0.0,0.0,0.0,-0.0,0.0,0.0,1.0,1.0,1.0
2010-07-28,-0.004943560203082,-0.004943560203082,-0.004943560203082,0.0,-0.004943560203082,-0.0,0.0,0.0,-0.0,0.0,0.0,1.0,1.0,1.0
2010-07-29,0.0014245162179051,0.0014245162179053,0.0014245162179051,-1.9992688060632702e-16,0.0,0.0,0.0,0.0,-0.0,0.0,0.0,1.0,1.0,1.0
2010-07-30,0.0053037342620347,0.0053037342620346,0.0053037342620347,1.0061396160665481e-16,0.0,0.0,0.0,0.0,-0.0,0.0,0.0,1.0,1.0,1.0
2010-08-02,0.0165191972435463,0.0165191972435463,0.0165191972435463,0.0,0.0,0.0,0.0,0.0,-0.0,0.0,0.0,1.0,1.0,1.0
2010-08-03,-0.0032756416918166,-0.0032756416918165,-0.0032756416918166,-9.974659986866641e-17,-0.0032756416918166,-0.0,0.0,0.0,-0.0,0.0,0.0,1.0,1.0,1.0
2010-08-04,0.0025304981363802,0.0025304981363801,0.0025304981363802,1.0018028073766061e-16,0.0,0.0,0.0,0.0,-0.0,0.0,0.0,1.0,1.0,1.0
2010-08-05,0.0012109610442208,0.0012109610442208,0.0012109610442208,0.0,0.0,0.0,0.0,0.0,-0.0,0.0,0.0,1.0,1.0,1.0
2010-08-06,-3.639835463731256e-05,-3.639835463720614e-05,-3.639835463731256e-05,-1.0641444322945226e-16,-3.639835463731256e-05,-0.0,0.0,0.0,-0.0,0.0,0.0,1.0,1.0,1.0
2010-08-09,0.0002052391452029,0.000205239145203,0.0002052391452029,-1.0001765041178778e-16,0.0,0.0,0.0,0.0,-0.0,0.0,0.0,1.0,1.0,1.0
2010-08-10,-0.0033617048726602,-0.0033617048726603,-0.0033617048726602,1.0018028073766061e-16,-0.0033617048726602,-0.0,0.0,0.0,-0.0,0.0,0.0,1.0,1.0,1.0
2010-08-11,-0.0148522046527566,-0.0148522046527565,-0.0148522046527566,-9.8879238130678e-17,-0.0148522046527566,-0.0,0.0,0.0,-0.0,0.0,0.0,1.0,1.0,1.0
2010-08-12,0.0011192801066091,0.0011192801066086,0.0011192801066091,5.000340419503146e-16,0.0,0.0,0.0,0.0,-0.0,0.0,0.0,1.0,1.0,1.0
2010-08-13,-0.0006443052826714,-0.0006443052826711,-0.0006443052826714,-2.999987411267391e-16,-0.0006443052826714,-0.0,0.0,0.0,-0.0,0.0,0.0,1.0,1.0,1.0
2010-08-16,0.0105345058362293,0.0105345058362294,0.0105345058362293,-9.8879238130678e-17,0.0,0.0,0.0,0.0,-0.0,0.0,0.0,1.0,1.0,1.0
2010-08-17,0.0082031517505518,0.0082031517505518,0.0082031517505518,0.0,0.0,0.0,0.0,0.0,-0.0,0.0,0.0,1.0,1.0,1.0
2010-08-18,0.0008882206185216,0.0008882206185217,0.0008882206185216,-9.996344030316351e-17,0.0,0.0,0.0,0.0,-0.0,0.0,0.0,1.0,1.0,1.0
2010-08-19,-0.008135864340153,-0.008135864340153,-0.008135864340153,0.0,-0.008135864340153,-0.0,0.0,0.0,-0.0,0.0,0.0,1.0,1.0,1.0
2010-08-20,-0.0041081054771556,-0.0041081054771556,-0.0041081054771556,0.0,-0.0041081054771556,-0.0,0.0,0.0,-0.0,0.0,0.0,1.0,1.0,1.0
2010-08-23,-0.0064644959470239,-0.0064644959470238,-0.0064644959470239,-9.974659986866641e-17,-0.0064644959470239,-0.0,0.0,0.0,-0.0,0.0,0.0,1.0,1.0,1.0
2010-08-24,-0.002711077340087,-0.002711077340087,-0.002711077340087,0.0,-0.002711077340087,-0.0,0.0,0.0,-0.0,0.0,0.0,1.0,1.0,1.0
2010-08-25,0.0104660473445719,0.0104660473445717,0.0104660473445719,1.9949319973733282e-16,0.0,0.0,0.0,0.0,-0.0,0.0,0.0,1.0,1.0,1.0
2010-08-26,0.0007961278592458,0.0007961278592459,0.0007961278592458,-9.996344030316351e-17,0.0,0.0,0.0,0.0,-0.0,0.0,0.0,1.0,1.0,1.0
2010-08-27,0.0080761012301115,0.0080761012301114,0.0080761012301115,1.0061396160665481e-16,0.0,0.0,0.0,0.0,-0.0,0.0,0.0,1.0,1.0,1.0
2010-08-30,-0.0072202096049388,-0.0072202096049388,-0.0072202096049388,0.0,-0.0072202096049388,-0.0,0.0,0.0,-0.0,0.0,0.0,1.0,1.0,1.0
2010-08-31,0.0084113664193734,0.0084113664193734,0.0084113664193734,0.0,0.0,0.0,0.0,0.0,-0.0,0.0,0.0,1.0,1.0,1.0
2010-09-01,0.0157221510956824,0.0157221510956824,0.0157221510956824,0.0,0.0,0.0,0.0,0.0,-0.0,0.0,0.0,1.0,1.0,1.0
2010-09-02,0.0090311186222598,0.0090311186222598,0.0090311186222598,0.0,0.0,0.0,0.0,0.0,-0.0,0.0,0.0,1.0,1.0,1.0
2010-09-03,0.0079083261714034,0.0079083261714033,0.0079083261714034,1.0061396160665481e-16,0.0,0.0,0.0,0.0,-0.0,0.0,0.0,1.0,1.0,1.0
2010-09-07,-0.0035933875232559,-0.003593387523256,-0.0035933875232559,1.0018028073766061e-16,-0.0035933875232559,-0.0,0.0,0.0,-0.0,0.0,0.0,1.0,1.0,1.0
2010-09-08,0.0017043842506438,0.0017043842506441,0.0017043842506438,-3.0010716134398763e-16,0.0,0.0,0.0,0.0,-0.0,0.0,0.0,1.0,1.0,1.0
2010-09-09,-0.0013847272156012,-0.0013847272156014,-0.0013847272156012,2.0014372104082412e-16,-0.0013847272156012,-0.0,0.0,0.0,-0.0,0.0,0.0,1.0,1.0,1.0
2010-09-10,0.0006109169730499,0.0006109169730499,0.0006109169730499,0.0,0.0,0.0,0.0,0.0,-0.0,0.0,0.0,1.0,1.0,1.0
2010-09-13,0.0140771769884886,0.0140771769884884,0.0140771769884886,1.9949319973733282e-16,0.0,0.0,0.0,0.0,-0.0,0.0,0.0,1.0,1.0,1.0
2010-09-14,-0.0013602425867491,-0.0013602425867492,-0.0013602425867491,9.996344030316351e-17,-0.0013602425867491,-0.0,0.0,0.0,-0.0,0.0,0.0,1.0,1.0,1.0
2010-09-15,-0.0031221881903614,-0.0031221881903614,-0.0031221881903614,0.0,-0.0031221881903614,-0.0,0.0,0.0,-0.0,0.0,0.0,1.0,1.0,1.0
2010-09-16,-0.006801479117491,-0.0068014791174909,-0.006801479117491,-9.974659986866641e-17,-0.006801479117491,-0.0,0.0,0.0,-0.0,0.0,0.0,1.0,1.0,1.0
2010-09-17,-0.0008383778878943,-0.0008383778878942,-0.0008383778878943,-1.0007186052041206e-16,-0.0008383778878943,-0.0,0.0,0.0,-0.0,0.0,0.0,1.0,1.0,1.0
2010-09-20,0.0177467411002179,0.0177467411002178,0.0177467411002179,1.0061396160665481e-16,0.0,0.0,0.0,0.0,-0.0,0.0,0.0,1.0,1.0,1.0
2010-09-21,-0.0012188519740881,-0.001218851974088,-0.0012188519740881,-1.0018028073766061e-16,-0.0012188519740881,-0.0,0.0,0.0,-0.0,0.0,0.0,1.0,1.0,1.0
2010-09-22,-0.0052484695766052,-0.0052484695766052,-0.0052484695766052,0.0,-0.0052484695766052,-0.0,0.0,0.0,-0.0,0.0,0.0,1.0,1.0,1.0
2010-09-23,-0.006765745264591,-0.0067657452645911,-0.006765745264591,9.974659986866641e-17,-0.006765745264591,-0.0,0.0,0.0,-0.0,0.0,0.0,1.0,1.0,1.0
2010-09-24,0.0141039887747316,0.0141039887747317,0.0141039887747316,-1.0061396160665481e-16,0.0,0.0,0.0,0.0,-0.0,0.0,0.0,1.0,1.0,1.0
2010-09-27,-0.0026640006249262,-0.0026640006249263,-0.0026640006249262,1.0018028073766061e-16,-0.0026640006249262,-0.0,0.0,0.0,-0.0,0.0,0.0,1.0,1.0,1.0
2010-09-28,0.0058085669651852,0.0058085669651852,0.0058085669651852,0.0,0.0,0.0,0.0,0.0,-0.0,0.0,0.0,1.0,1.0,1.0
2010-09-29,-0.0046360765671213,-0.0046360765671213,-0.0046360765671213,0.0,-0.0046360765671213,-0.0,0.0,0.0,-0.0,0.0,0.0,1.0,1.0,1.0
2010-09-30,-0.001739483817299,-0.0017394838172989,-0.001739483817299,-9.996344030316351e-17,-0.001739483817299,-0.0,0.0,0.0,-0.0,0.0,0.0,1.0,1.0,1.0
2010-10-01,0.004396226256218,0.0043962262562179,0.004396226256218,1.0061396160665481e-16,0.0,0.0,0.0,0.0,-0.0,0.0,0.0,1.0,1.0,1.0
2010-10-04,-0.0054070987133822,-0.0054070987133821,-0.0054070987133822,-9.974659986866641e-17,-0.0054070987133822,-0.0,0.0,0.0,-0.0,0.0,0.0,1.0,1.0,1.0
2010-10-05,0.0177674238039702,0.0177674238039702,0.0177674238039702,0.0,0.0,0.0,0.0,0.0,-0.0,0.0,0.0,1.0,1.0,1.0
2010-10-06,-3.508888304903923e-05,-3.508888304882456e-05,-3.508888304903923e-05,-2.1467203015212988e-16,-3.508888304903923e-05,0.0,0.0,0.0,-0.0,0.0,0.0,1.0,1.0,1.0
2010-10-07,-0.001240490443447,-0.0012404904434471,-0.001240490443447,9.996344030316351e-17,-0.001240490443447,-0.0,0.0,0.0,-0.0,0.0,0.0,1.0,1.0,1.0
2010-10-08,0.005592951764537,0.0055929517645366,0.005592951764537,3.9985376121265404e-16,0.0,0.0,0.0,0.0,-0.0,0.0,0.0,1.0,1.0,1.0
2010-10-11,-0.000556910785576,-0.0005569107855761,-0.000556910785576,1.0007186052041206e-16,-0.000556910785576,-0.0,0.0,0.0,-0.0,0.0,0.0,1.0,1.0,1.0
2010-10-12,0.0078051897564659,0.0078051897564659,0.0078051897564659,0.0,0.0,0.0,0.0,0.0,-0.0,0.0,0.0,1.0,1.0,1.0
2010-10-13,0.0038803124622945,0.0038803124622945,0.0038803124622945,0.0,0.0,0.0,0.0,0.0,-0.0,0.0,0.0,1.0,1.0,1.0
2010-10-14,-0.0106409380272708,-0.010640938027271,-0.0106409380272708,2.0122792321330962e-16,-0.0106409380272708,-0.0,0.0,0.0,-0.0,0.0,0.0,1.0,1.0,1.0
2010-10-15,-0.0092154099353686,-0.0092154099353684,-0.0092154099353686,-1.9949319973733282e-16,-0.0092154099353686,-0.0,0.0,0.0,-0.0,0.0,0.0,1.0,1.0,1.0
2010-10-18,0.0147907585675111,0.0147907585675109,0.0147907585675111,1.9949319973733282e-16,0.0,0.0,0.0,0.0,-0.0,0.0,0.0,1.0,1.0,1.0
2010-10-19,-0.0132386509594719,-0.013238650959472,-0.0132386509594719,9.8879238130678e-17,-0.0132386509594719,-0.0,0.0,0.0,-0.0,0.0,0.0,1.0,1.0,1.0
2010-10-20,0.0086034414345816,0.0086034414345817,0.0086034414345816,-1.0061396160665481e-16,0.0,0.0,0.0,0.0,-0.0,0.0,0.0,1.0,1.0,1.0
2010-10-21,0.0001540885867463,0.0001540885867462,0.0001540885867463,9.999054535747565e-17,0.0,0.0,0.0,0.0,-0.0,0.0,0.0,1.0,1.0,1.0
2010-10-22,0.0020285581071841,0.0020285581071845,0.0020285581071841,-4.0028744208164824e-16,0.0,0.0,0.0,0.0,-0.0,0.0,0.0,1.0,1.0,1.0
2010-10-25,0.0005780487586597,0.0005780487586596,0.0005780487586597,9.996344030316351e-17,0.0,0.0,0.0,0.0,-0.0,0.0,0.0,1.0,1.0,1.0
2010-10-26,0.0013420951810392,0.0013420951810392,0.0013420951810392,0.0,0.0,0.0,0.0,0.0,-0.0,0.0,0.0,1.0,1.0,1.0
2010-10-27,-0.0015707240724768,-0.0015707240724768,-0.0015707240724768,0.0,-0.0015707240724768,-0.0,0.0,0.0,-0.0,0.0,0.0,1.0,1.0,1.0
2010-10-28,-0.000354219013203,-0.000354219013203,-0.000354219013203,0.0,-0.000354219013203,-0.0,0.0,0.0,-0.0,0.0,0.0,1.0,1.0,1.0
2010-10-29,-0.0005363832511041,-0.0005363832511042,-0.0005363832511041,1.0007186052041206e-16,-0.0005363832511041,0.0,0.0,0.0,-0.0,0.0,0.0,1.0,1.0,1.0
2010-11-01,-0.0014510927013114,-0.0014510927013114,-0.0014510927013114,0.0,-0.0014510927013114,-0.0,0.0,0.0,-0.0,0.0,0.0,1.0,1.0,1.0
2010-11-02,0.0065570177561693,0.0065570177561694,0.0065570177561693,-9.974659986866641e-17,0.0,0.0,0.0,0.0,-0.0,0.0,0.0,1.0,1.0,1.0
2010-11-03,0.0081737770583332,0.008173777058333,0.0081737770583332,1.9949319973733282e-16,0.0,0.0,0.0,0.0,-0.0,0.0,0.0,1.0,1.0,1.0
2010-11-04,0.0246896972015266,0.0246896972015266,0.0246896972015266,0.0,0.0,0.0,0.0,0.0,-0.0,0.0,0.0,1.0,1.0,1.0
2010-11-05,0.0131933652019236,0.0131933652019233,0.0131933652019236,3.0010716134398763e-16,0.0,0.0,0.0,0.0,-0.0,0.0,0.0,1.0,1.0,1.0
2010-11-08,-0.0067802806362977,-0.0067802806362977,-0.0067802806362977,0.0,-0.0067802806362977,-0.0,0.0,0.0,-0.0,0.0,0.0,1.0,1.0,1.0
2010-11-09,-0.017514399174743,-0.0175143991747429,-0.017514399174743,-1.0061396160665481e-16,-0.017514399174743,-0.0,0.0,0.0,-0.0,0.0,0.0,1.0,1.0,1.0
2010-11-10,0.0143082695734457,0.0143082695734457,0.0143082695734457,0.0,0.0,0.0,0.0,0.0,-0.0,0.0,0.0,1.0,1.0,1.0
2010-11-11,-0.0088314351777379,-0.0088314351777382,-0.0088314351777379,3.0010716134398763e-16,-0.0088314351777379,-0.0,0.0,0.0,-0.0,0.0,0.0,1.0,1.0,1.0
2010-11-12,-0.0204645496936445,-0.0204645496936444,-0.0204645496936445,-1.0061396160665481e-16,-0.0204645496936445,-0.0,0.0,0.0,-0.0,0.0,0.0,1.0,1.0,1.0
2010-11-15,0.0038949422521774,0.0038949422521774,0.0038949422521774,0.0,0.0,0.0,0.0,0.0,-0.0,0.0,0.0,1.0,1.0,1.0
2010-11-16,-0.019048890748691,-0.0190488907486911,-0.019048890748691,1.0061396160665481e-16,-0.019048890748691,-0.0,0.0,0.0,-0.0,0.0,0.0,1.0,1.0,1.0
2010-11-17,-0.0094514040808134,-0.0094514040808134,-0.0094514040808134,0.0,-0.0094514040808134,-0.0,0.0,0.0,-0.0,0.0,0.0,1.0,1.0,1.0
2010-11-18,0.0152863574121386,0.0152863574121388,0.0152863574121386,-1.9949319973733282e-16,0.0,0.0,0.0,0.0,-0.0,0.0,0.0,1.0,1.0,1.0
2010-11-19,-0.0015631435581999,-0.0015631435582,-0.0015631435581999,9.996344030316351e-17,-0.0015631435581999,-0.0,0.0,0.0,-0.0,0.0,0.0,1.0,1.0,1.0
2010-11-22,-0.0129980032953587,-0.0129980032953586,-0.0129980032953587,-1.0061396160665481e-16,-0.0129980032953587,-0.0,0.0,0.0,-0.0,0.0,0.0,1.0,1.0,1.0
2010-11-23,-0.0100061010788746,-0.0100061010788746,-0.0100061010788746,0.0,-0.0100061010788746,-0.0,0.0,0.0,-0.0,0.0,0.0,1.0,1.0,1.0
2010-11-24,0.0155867677779553,0.0155867677779552,0.0155867677779553,1.0061396160665481e-16,0.0,0.0,0.0,0.0,-0.0,0.0,0.0,1.0,1.0,1.0
2010-11-26,-0.0091920087125707,-0.0091920087125706,-0.0091920087125707,-1.0061396160665481e-16,-0.0091920087125707,-0.0,0.0,0.0,-0.0,0.0,0.0,1.0,1.0,1.0
2010-11-29,0.0093487384141723,0.0093487384141724,0.0093487384141723,-1.0061396160665481e-16,0.0,0.0,0.0,0.0,-0.0,0.0,0.0,1.0,1.0,1.0
2010-11-30,-0.008531138347774,-0.008531138347774,-0.008531138347774,0.0,-0.008531138347774,-0.0,0.0,0.0,-0.0,0.0,0.0,1.0,1.0,1.0
2010-12-01,0.0225400226582275,0.0225400226582274,0.0225400226582275,1.0061396160665481e-16,0.0,0.0,0.0,0.0,-0.0,0.0,0.0,1.0,1.0,1.0
2010-12-02,0.0236045184494515,0.0236045184494515,0.0236045184494515,0.0,0.0,0.0,0.0,0.0,-0.0,0.0,0.0,1.0,1.0,1.0
2010-12-03,0.0055589107540214,0.0055589107540217,0.0055589107540214,-3.0010716134398763e-16,0.0,0.0,0.0,0.0,-0.0,0.0,0.0,1.0,1.0,1.0
2010-12-06,-0.0015313394098057,-0.001531339409806,-0.0015313394098057,2.9989032090949053e-16,-0.0015313394098057,-0.0,0.0,0.0,-0.0,0.0,0.0,1.0,1.0,1.0
2010-12-07,-0.0012241086704158,-0.0012241086704158,-0.0012241086704158,0.0,-0.0012241086704158,-0.0,0.0,0.0,-0.0,0.0,0.0,1.0,1.0,1.0
2010-12-08,0.0139647722532636,0.0139647722532637,0.0139647722532636,-1.0061396160665481e-16,0.0,0.0,0.0,0.0,-0.0,0.0,0.0,1.0,1.0,1.0
2010-12-09,0.0097106309170966,0.0097106309170966,0.0097106309170966,0.0,0.0,0.0,0.0,0.0,-0.0,0.0,0.0,1.0,1.0,1.0
2010-12-10,0.00568445598989,0.0056844559898901,0.00568445598989,-9.974659986866641e-17,0.0,0.0,0.0,0.0,-0.0,0.0,0.0,1.0,1.0,1.0
2010-12-13,0.0007004061204316,0.0007004061204315,0.0007004061204316,9.996344030316351e-17,0.0,0.0,0.0,0.0,-0.0,0.0,0.0,1.0,1.0,1.0
2010-12-14,-0.0070667649731666,-0.0070667649731666,-0.0070667649731666,0.0,-0.0070667649731666,-0.0,0.0,0.0,-0.0,0.0,0.0,1.0,1.0,1.0
2010-12-15,-0.0061814621619507,-0.0061814621619508,-0.0061814621619507,1.0061396160665481e-16,-0.0061814621619507,-0.0,0.0,0.0,-0.0,0.0,0.0,1.0,1.0,1.0
2010-12-16,-0.0001409276135534,-0.0001409276135533,-0.0001409276135534,-1.0001765041178778e-16,-0.0001409276135534,-0.0,0.0,0.0,-0.0,0.0,0.0,1.0,1.0,1.0
2010-12-17,0.0046614232672677,0.0046614232672677,0.0046614232672677,0.0,0.0,0.0,0.0,0.0,-0.0,0.0,0.0,1.0,1.0,1.0
2010-12-20,0.0017874170109568,0.0017874170109568,0.0017874170109568,0.0,0.0,0.0,0.0,0.0,-0.0,0.0,0.0,1.0,1.0,1.0
2010-12-21,0.0151459764675319,0.0151459764675319,0.0151459764675319,0.0,0.0,0.0,0.0,0.0,-0.0,0.0,0.0,1.0,1.0,1.0
2010-12-22,0.0109374503524719,0.0109374503524719,0.0109374503524719,0.0,0.0,0.0,0.0,0.0,-0.0,0.0,0.0,1.0,1.0,1.0
2010-12-23,-0.0042563940563868,-0.0042563940563867,-0.0042563940563868,-9.974659986866641e-17,-0.0042563940563868,-0.0,0.0,0.0,-0.0,0.0,0.0,1.0,1.0,1.0
2010-12-27,0.0056429834235254,0.0056429834235252,0.0056429834235254,2.0036056147532122e-16,0.0,0.0,0.0,0.0,-0.0,0.0,0.0,1.0,1.0,1.0
2010-12-28,0.0010298236766821,0.0010298236766821,0.0010298236766821,0.0,0.0,0.0,0.0,0.0,-0.0,0.0,0.0,1.0,1.0,1.0
2010-12-29,-0.001962445274813,-0.0019624452748132,-0.001962445274813,1.9992688060632702e-16,-0.001962445274813,-0.0,0.0,0.0,-0.0,0.0,0.0,1.0,1.0,1.0
2010-12-30,-0.0061100057200995,-0.0061100057200995,-0.0061100057200995,0.0,-0.0061100057200995,-0.0,0.0,0.0,-0.0,0.0,0.0,1.0,1.0,1.0
2010-12-31,0.0055704694779261,0.0055704694779263,0.0055704694779261,-1.9949319973733282e-16,0.0,0.0,0.0,0.0,-0.0,0.0,0.0,1.0,1.0,1.0
2011-01-03,0.017788253675971,0.017788253675971,0.017788253675971,0.0,0.0,0.0,0.0,0.0,-0.0,0.0,0.0,1.0,1.0,1.0
2011-01-04,-0.0058987819560335,-0.0058987819560335,-0.0058987819560335,0.0,-0.0058987819560335,-0.0,0.0,0.0,-0.0,0.0,0.0,1.0,1.0,1.0
2011-01-05,0.0114432774947299,0.0114432774947299,0.0114432774947299,0.0,0.0,0.0,0.0,0.0,-0.0,0.0,0.0,1.0,1.0,1.0
2011-01-06,-0.0084555492430704,-0.0084555492430701,-0.0084555492430704,-3.0010716134398763e-16,-0.0084555492430704,-0.0,0.0,0.0,-0.0,0.0,0.0,1.0,1.0,1.0
2011-01-07,-0.0051765962923657,-0.0051765962923658,-0.0051765962923657,1.0061396160665481e-16,-0.0051765962923657,-0.0,0.0,0.0,-0.0,0.0,0.0,1.0,1.0,1.0
2011-01-10,-0.0014867817237974,-0.0014867817237975,-0.0014867817237974,9.996344030316351e-17,-0.0014867817237974,-0.0,0.0,0.0,-0.0,0.0,0.0,1.0,1.0,1.0
2011-01-11,0.0018359161311478,0.0018359161311477,0.0018359161311478,9.996344030316351e-17,0.0,0.0,0.0,0.0,-0.0,0.0,0.0,1.0,1.0,1.0
2011-01-12,0.014591261459425,0.014591261459425,0.014591261459425,0.0,0.0,0.0,0.0,0.0,-0.0,0.0,0.0,1.0,1.0,1.0
2011-01-13,-0.0041302211700647,-0.0041302211700647,-0.0041302211700647,0.0,-0.0041302211700647,-0.0,0.0,0.0,-0.0,0.0,0.0,1.0,1.0,1.0
2011-01-14,0.010891535027371,0.0108915350273711,0.010891535027371,-9.8879238130678e-17,0.0,0.0,0.0,0.0,-0.0,0.0,0.0,1.0,1.0,1.0
2011-01-18,-0.0060443883028648,-0.0060443883028649,-0.0060443883028648,1.0061396160665481e-16,-0.0060443883028648,-0.0,0.0,0.0,-0.0,0.0,0.0,1.0,1.0,1.0
2011-01-19,-0.013974258585882,-0.013974258585882,-0.013974258585882,0.0,-0.013974258585882,-0.0,0.0,0.0,-0.0,0.0,0.0,1.0,1.0,1.0
2011-01-20,-0.0052890811117838,-0.0052890811117836,-0.0052890811117838,-2.0036056147532122e-16,-0.0052890811117838,-0.0,0.0,0.0,-0.0,0.0,0.0,1.0,1.0,1.0
2011-01-21,0.0028290659436209,0.0028290659436207,0.0028290659436209,1.9992688060632702e-16,0.0,0.0,0.0,0.0,-0.0,0.0,0.0,1.0,1.0,1.0
2011-01-24,-0.004452286152662,-0.0044522861526619,-0.004452286152662,-9.974659986866641e-17,-0.004452286152662,-0.0,0.0,0.0,-0.0,0.0,0.0,1.0,1.0,1.0
2011-01-25,-0.0056207324761693,-0.0056207324761692,-0.0056207324761693,-9.974659986866641e-17,-0.0056207324761693,-0.0,0.0,0.0,-0.0,0.0,0.0,1.0,1.0,1.0
2011-01-26,0.0038231967443564,0.0038231967443563,0.0038231967443564,9.974659986866641e-17,0.0,0.0,0.0,0.0,-0.0,0.0,0.0,1.0,1.0,1.0
2011-01-27,0.0005441891742243,0.0005441891742242,0.0005441891742243,9.996344030316351e-17,0.0,0.0,0.0,0.0,-0.0,0.0,0.0,1.0,1.0,1.0
2011-01-28,-0.0037760946376704,-0.0037760946376703,-0.0037760946376704,-9.974659986866641e-17,-0.0037760946376704,-0.0,0.0,0.0,-0.0,0.0,0.0,1.0,1.0,1.0
2011-01-31,0.0114870757618334,0.0114870757618334,0.0114870757618334,0.0,0.0,0.0,0.0,0.0,-0.0,0.0,0.0,1.0,1.0,1.0
2011-02-01,0.0069706045354669,0.006970604535467,0.0069706045354669,-9.974659986866641e-17,0.0,0.0,0.0,0.0,-0.0,0.0,0.0,1.0,1.0,1.0
2011-02-02,-0.0030678399267135,-0.0030678399267134,-0.0030678399267135,-9.974659986866641e-17,-0.0030678399267135,-0.0,0.0,0.0,-0.0,0.0,0.0,1.0,1.0,1.0
2011-02-03,0.0014365046448534,0.0014365046448536,0.0014365046448534,-1.9992688060632702e-16,0.0,0.0,0.0,0.0,-0.0,0.0,0.0,1.0,1.0,1.0
2011-02-04,-0.001729213593257,-0.0017292135932571,-0.001729213593257,9.996344030316351e-17,-0.001729213593257,-0.0,0.0,0.0,-0.0,0.0,0.0,1.0,1.0,1.0
2011-02-07,-0.0012250262726838,-0.0012250262726837,-0.0012250262726838,-9.996344030316351e-17,-0.0012250262726838,-0.0,0.0,0.0,-0.0,0.0,0.0,1.0,1.0,1.0
2011-02-08,0.0043385406880085,0.0043385406880085,0.0043385406880085,0.0,0.0,0.0,0.0,0.0,-0.0,0.0,0.0,1.0,1.0,1.0
2011-02-09,-0.0062080739909894,-0.0062080739909893,-0.0062080739909894,-9.974659986866641e-17,-0.0062080739909894,-0.0,0.0,0.0,-0.0,0.0,0.0,1.0,1.0,1.0
2011-02-10,-0.0007096272495737,-0.0007096272495736,-0.0007096272495737,-1.0007186052041206e-16,-0.0007096272495737,-0.0,0.0,0.0,-0.0,0.0,0.0,1.0,1.0,1.0
2011-02-11,0.0116012548160389,0.0116012548160387,0.0116012548160389,1.9949319973733282e-16,0.0,0.0,0.0,0.0,-0.0,0.0,0.0,1.0,1.0,1.0
2011-02-14,0.0030489617319837,0.0030489617319838,0.0030489617319837,-1.0018028073766061e-16,0.0,0.0,0.0,0.0,-0.0,0.0,0.0,1.0,1.0,1.0
2011-02-15,-0.0006759899356181,-0.000675989935618,-0.0006759899356181,-1.0007186052041206e-16,-0.0006759899356181,-0.0,0.0,0.0,-0.0,0.0,0.0,1.0,1.0,1.0
2011-02-16,0.0092896845713077,0.0092896845713076,0.0092896845713077,1.0061396160665481e-16,0.0,0.0,0.0,0.0,-0.0,0.0,0.0,1.0,1.0,1.0
2011-02-17,0.0032793367358983,0.0032793367358983,0.0032793367358983,0.0,0.0,0.0,0.0,0.0,-0.0,0.0,0.0,1.0,1.0,1.0
2011-02-18,0.0038802817117411,0.0038802817117412,0.0038802817117411,-1.0018028073766061e-16,0.0,0.0,0.0,0.0,-0.0,0.0,0.0,1.0,1.0,1.0
2011-02-22,-0.027217561974503,-0.027217561974503,-0.027217561974503,0.0,-0.027217561974503,-0.0,0.0,0.0,-0.0,0.0,0.0,1.0,1.0,1.0
2011-02-23,-0.0037837669958712,-0.0037837669958714,-0.0037837669958712,1.9992688060632702e-16,-0.0037837669958712,-0.0,0.0,0.0,-0.0,0.0,0.0,1.0,1.0,1.0
2011-02-24,0.0023393881387496,0.0023393881387498,0.0023393881387496,-1.9992688060632702e-16,0.0,0.0,0.0,0.0,-0.0,0.0,0.0,1.0,1.0,1.0
2011-02-25,0.0071952932623253,0.0071952932623253,0.0071952932623253,0.0,0.0,0.0,0.0,0.0,-0.0,0.0,0.0,1.0,1.0,1.0
2011-02-28,0.0058881100212988,0.0058881100212989,0.0058881100212988,-1.0061396160665481e-16,0.0,0.0,0.0,0.0,-0.0,0.0,0.0,1.0,1.0,1.0
2011-03-01,-0.0058334264400919,-0.005833426440092,-0.0058334264400919,1.0061396160665481e-16,-0.0058334264400919,-0.0,0.0,0.0,-0.0,0.0,0.0,1.0,1.0,1.0
2011-03-02,0.0055887472939666,0.0055887472939665,0.0055887472939666,9.974659986866641e-17,0.0,0.0,0.0,0.0,-0.0,0.0,0.0,1.0,1.0,1.0
2011-03-03,0.0099648181107789,0.0099648181107789,0.0099648181107789,0.0,0.0,0.0,0.0,0.0,-0.0,0.0,0.0,1.0,1.0,1.0
2011-03-04,-0.0033215990973888,-0.0033215990973887,-0.0033215990973888,-9.974659986866641e-17,-0.0033215990973888,-0.0,0.0,0.0,-0.0,0.0,0.0,1.0,1.0,1.0
2011-03-07,-0.010659337577498,-0.010659337577498,-0.010659337577498,0.0,-0.010659337577498,-0.0,0.0,0.0,-0.0,0.0,0.0,1.0,1.0,1.0
2011-03-08,0.0109953418782937,0.0109953418782939,0.0109953418782937,-1.9949319973733282e-16,0.0,0.0,0.0,0.0,-0.0,0.0,0.0,1.0,1.0,1.0
2011-03-09,0.0001816565691983,0.0001816565691985,0.0001816565691983,-2.0000819576926343e-16,0.0,0.0,0.0,0.0,-0.0,0.0,0.0,1.0,1.0,1.0
2011-03-10,-0.0159293432112231,-0.0159293432112231,-0.0159293432112231,0.0,-0.0159293432112231,-0.0,0.0,0.0,-0.0,0.0,0.0,1.0,1.0,1.0
2011-03-11,0.0070861569940119,0.0070861569940117,0.0070861569940119,2.0036056147532122e-16,0.0,0.0,0.0,0.0,-0.0,0.0,0.0,1.0,1.0,1.0
2011-03-14,-0.0009246984513126,-0.0009246984513124,-0.0009246984513126,-1.9992688060632702e-16,-0.0009246984513126,-0.0,0.0,0.0,-0.0,0.0,0.0,1.0,1.0,1.0
2011-03-15,-0.0095521356554199,-0.0095521356554201,-0.0095521356554199,1.9949319973733282e-16,-0.0095521356554199,-0.0,0.0,0.0,-0.0,0.0,0.0,1.0,1.0,1.0
2011-03-16,-0.0198093362810787,-0.0198093362810786,-0.0198093362810787,-9.71445146547012e-17,-0.0198093362810787,-0.0,0.0,0.0,-0.0,0.0,0.0,1.0,1.0,1.0
2011-03-17,0.0100626079978995,0.0100626079978994,0.0100626079978995,1.0061396160665481e-16,0.0,0.0,0.0,0.0,-0.0,0.0,0.0,1.0,1.0,1.0
2011-03-18,0.00444736431883,0.00444736431883,0.00444736431883,0.0,0.0,0.0,0.0,0.0,-0.0,0.0,0.0,1.0,1.0,1.0
2011-03-21,0.0190368659491853,0.0190368659491854,0.0190368659491853,-1.0061396160665481e-16,0.0,0.0,0.0,0.0,-0.0,0.0,0.0,1.0,1.0,1.0
2011-03-22,-0.0028937228029196,-0.0028937228029198,-0.0028937228029196,1.9992688060632702e-16,-0.0028937228029196,-0.0,0.0,0.0,-0.0,0.0,0.0,1.0,1.0,1.0
2011-03-23,0.0057429731097977,0.0057429731097976,0.0057429731097977,9.974659986866641e-17,0.0,0.0,0.0,0.0,-0.0,0.0,0.0,1.0,1.0,1.0
2011-03-24,0.0085558099937492,0.0085558099937493,0.0085558099937492,-9.8879238130678e-17,0.0,0.0,0.0,0.0,-0.0,0.0,0.0,1.0,1.0,1.0
2011-03-25,0.0042626156716565,0.0042626156716566,0.0042626156716565,-9.974659986866641e-17,0.0,0.0,0.0,0.0,-0.0,0.0,0.0,1.0,1.0,1.0
2011-03-28,-0.0030842697753029,-0.0030842697753029,-0.0030842697753029,0.0,-0.0030842697753029,-0.0,0.0,0.0,-0.0,0.0,0.0,1.0,1.0,1.0
2011-03-29,0.0084866602803324,0.0084866602803324,0.0084866602803324,0.0,0.0,0.0,0.0,0.0,-0.0,0.0,0.0,1.0,1.0,1.0
2011-03-30,0.009897193136676,0.009897193136676,0.009897193136676,0.0,0.0,0.0,0.0,0.0,-0.0,0.0,0.0,1.0,1.0,1.0
2011-03-31,0.0045685540811319,0.0045685540811319,0.0045685540811319,0.0,0.0,0.0,0.0,0.0,-0.0,0.0,0.0,1.0,1.0,1.0
2011-04-01,0.0067436099652882,0.0067436099652881,0.0067436099652882,1.0061396160665481e-16,0.0,0.0,0.0,0.0,-0.0,0.0,0.0,1.0,1.0,1.0
2011-04-04,0.0068305775820785,0.0068305775820786,0.0068305775820785,-9.974659986866641e-17,0.0,0.0,0.0,0.0,-0.0,0.0,0.0,1.0,1.0,1.0
2011-04-05,0.0004745621316939,0.0004745621316939,0.0004745621316939,0.0,0.0,0.0,0.0,0.0,-0.0,0.0,0.0,1.0,1.0,1.0
2011-04-06,-0.0003708981208568,-0.0003708981208569,-0.0003708981208568,1.0001765041178778e-16,-0.0003708981208568,-0.0,0.0,0.0,-0.0,0.0,0.0,1.0,1.0,1.0
2011-04-07,-0.0032278675947334,-0.0032278675947333,-0.0032278675947334,-9.974659986866641e-17,-0.0032278675947334,-0.0,0.0,0.0,-0.0,0.0,0.0,1.0,1.0,1.0
2011-04-08,-0.0054932799418472,-0.005493279941847,-0.0054932799418472,-2.0036056147532122e-16,-0.0054932799418472,-0.0,0.0,0.0,-0.0,0.0,0.0,1.0,1.0,1.0
2011-04-11,-0.0031659899233478,-0.0031659899233478,-0.0031659899233478,0.0,-0.0031659899233478,-0.0,0.0,0.0,-0.0,0.0,0.0,1.0,1.0,1.0
2011-04-12,-0.0070889865207606,-0.0070889865207605,-0.0070889865207606,-9.974659986866641e-17,-0.0070889865207606,-0.0,0.0,0.0,-0.0,0.0,0.0,1.0,1.0,1.0
2011-04-13,-0.001674831507727,-0.0016748315077272,-0.001674831507727,1.9992688060632702e-16,-0.001674831507727,-0.0,0.0,0.0,-0.0,0.0,0.0,1.0,1.0,1.0
2011-04-14,0.0023865310501545,0.0023865310501545,0.0023865310501545,0.0,0.0,0.0,0.0,0.0,-0.0,0.0,0.0,1.0,1.0,1.0
2011-04-15,0.0074897507217659,0.0074897507217661,0.0074897507217659,-1.9949319973733282e-16,0.0,0.0,0.0,0.0,-0.0,0.0,0.0,1.0,1.0,1.0
2011-04-18,-0.0149591421875265,-0.0149591421875265,-0.0149591421875265,0.0,-0.0149591421875265,-0.0,0.0,0.0,-0.0,0.0,0.0,1.0,1.0,1.0
2011-04-19,0.0096833583999758,0.0096833583999754,0.0096833583999758,4.0072112295064244e-16,0.0,0.0,0.0,0.0,-0.0,0.0,0.0,1.0,1.0,1.0
2011-04-20,0.0152328100377023,0.0152328100377024,0.0152328100377023,-9.8879238130678e-17,0.0,0.0,0.0,0.0,-0.0,0.0,0.0,1.0,1.0,1.0
2011-04-21,0.0054654694901643,0.0054654694901644,0.0054654694901643,-9.974659986866641e-17,0.0,0.0,0.0,0.0,-0.0,0.0,0.0,1.0,1.0,1.0
2011-04-25,-0.0037393134301202,-0.0037393134301201,-0.0037393134301202,-1.0018028073766061e-16,-0.0037393134301202,-0.0,0.0,0.0,-0.0,0.0,0.0,1.0,1.0,1.0
2011-04-26,0.0109429844804267,0.0109429844804267,0.0109429844804267,0.0,0.0,0.0,0.0,0.0,-0.0,0.0,0.0,1.0,1.0,1.0
2011-04-27,0.0015682330901451,0.001568233090145,0.0015682330901451,9.996344030316351e-17,0.0,0.0,0.0,0.0,-0.0,0.0,0.0,1.0,1.0,1.0
2011-04-28,0.000470257347918,0.000470257347918,0.000470257347918,0.0,0.0,0.0,0.0,0.0,-0.0,0.0,0.0,1.0,1.0,1.0
2011-04-29,0.0042043540266276,0.0042043540266277,0.0042043540266276,-9.974659986866641e-17,0.0,0.0,0.0,0.0,-0.0,0.0,0.0,1.0,1.0,1.0
2011-05-02,-0.0073375300393814,-0.0073375300393813,-0.0073375300393814,-9.974659986866641e-17,-0.0073375300393814,-0.0,0.0,0.0,-0.0,0.0,0.0,1.0,1.0,1.0
2011-05-03,-0.0082914886343985,-0.0082914886343985,-0.0082914886343985,0.0,-0.0082914886343985,-0.0,0.0,0.0,-0.0,0.0,0.0,1.0,1.0,1.0
2011-05-04,-0.0155552811757221,-0.0155552811757221,-0.0155552811757221,0.0,-0.0155552811757221,-0.0,0.0,0.0,-0.0,0.0,0.0,1.0,1.0,1.0
2011-05-05,-0.0083109630127419,-0.0083109630127418,-0.0083109630127419,-1.0061396160665481e-16,-0.0083109630127419,-0.0,0.0,0.0,-0.0,0.0,0.0,1.0,1.0,1.0
2011-05-06,0.0085656901105786,0.0085656901105785,0.0085656901105786,9.8879238130678e-17,0.0,0.0,0.0,0.0,-0.0,0.0,0.0,1.0,1.0,1.0
2011-05-09,0.0063273398251912,0.0063273398251913,0.0063273398251912,-1.0061396160665481e-16,0.0,0.0,0.0,0.0,-0.0,0.0,0.0,1.0,1.0,1.0
2011-05-10,0.0103202063284513,0.0103202063284514,0.0103202063284513,-1.0061396160665481e-16,0.0,0.0,0.0,0.0,-0.0,0.0,0.0,1.0,1.0,1.0
2011-05-11,-0.0195368460562725,-0.0195368460562726,-0.0195368460562725,1.0061396160665481e-16,-0.0195368460562725,-0.0,0.0,0.0,-0.0,0.0,0.0,1.0,1.0,1.0
2011-05-12,0.0019564506495002,0.0019564506495001,0.0019564506495002,9.974659986866641e-17,0.0,0.0,0.0,0.0,-0.0,0.0,0.0,1.0,1.0,1.0
2011-05-13,-0.0120851574772845,-0.0120851574772843,-0.0120851574772845,-1.9949319973733282e-16,-0.0120851574772845,-0.0,0.0,0.0,-0.0,0.0,0.0,1.0,1.0,1.0
2011-05-16,-0.0020360300795145,-0.0020360300795146,-0.0020360300795145,1.0018028073766061e-16,-0.0020360300795145,-0.0,0.0,0.0,-0.0,0.0,0.0,1.0,1.0,1.0
2011-05-17,0.0011196051331683,0.001119605133168,0.0011196051331683,3.0010716134398763e-16,0.0,0.0,0.0,0.0,-0.0,0.0,0.0,1.0,1.0,1.0
2011-05-18,0.008903030729338,0.0089030307293381,0.008903030729338,-9.8879238130678e-17,0.0,0.0,0.0,0.0,-0.0,0.0,0.0,1.0,1.0,1.0
2011-05-19,-0.0009826412567003,-0.0009826412567002,-0.0009826412567003,-9.996344030316351e-17,-0.0009826412567003,-0.0,0.0,0.0,-0.0,0.0,0.0,1.0,1.0,1.0
2011-05-20,-0.0096481974205054,-0.0096481974205055,-0.0096481974205054,9.8879238130678e-17,-0.0096481974205054,-0.0,0.0,0.0,-0.0,0.0,0.0,1.0,1.0,1.0
2011-05-23,-0.0131590302366804,-0.0131590302366804,-0.0131590302366804,0.0,-0.0131590302366804,-0.0,0.0,0.0,-0.0,0.0,0.0,1.0,1.0,1.0
2011-05-24,0.0027551843663105,0.0027551843663103,0.0027551843663105,1.9992688060632702e-16,0.0,0.0,0.0,0.0,-0.0,0.0,0.0,1.0,1.0,1.0
2011-05-25,0.0045098882989755,0.0045098882989757,0.0045098882989755,-2.0036056147532122e-16,0.0,0.0,0.0,0.0,-0.0,0.0,0.0,1.0,1.0,1.0
2011-05-26,0.0069008988196888,0.0069008988196886,0.0069008988196888,2.0036056147532122e-16,0.0,0.0,0.0,0.0,-0.0,0.0,0.0,1.0,1.0,1.0
2011-05-27,0.0084167580432978,0.0084167580432979,0.0084167580432978,-1.0061396160665481e-16,0.0,0.0,0.0,0.0,-0.0,0.0,0.0,1.0,1.0,1.0
2011-05-31,0.0100261096094309,0.010026109609431,0.0100261096094309,-1.0061396160665481e-16,0.0,0.0,0.0,0.0,-0.0,0.0,0.0,1.0,1.0,1.0
2011-06-01,-0.0237147364276402,-0.0237147364276402,-0.0237147364276402,0.0,-0.0237147364276402,-0.0,0.0,0.0,-0.0,0.0,0.0,1.0,1.0,1.0
2011-06-02,0.0032287675855551,0.0032287675855551,0.0032287675855551,0.0,0.0,0.0,0.0,0.0,-0.0,0.0,0.0,1.0,1.0,1.0
2011-06-03,-0.0044597635151709,-0.0044597635151709,-0.0044597635151709,0.0,-0.0044597635151709,-0.0,0.0,0.0,-0.0,0.0,0.0,1.0,1.0,1.0
2011-06-06,-0.0144680420752427,-0.0144680420752428,-0.0144680420752427,1.0061396160665481e-16,-0.0144680420752427,-0.0,0.0,0.0,-0.0,0.0,0.0,1.0,1.0,1.0
2011-06-07,0.0005628600683778,0.0005628600683777,0.0005628600683778,1.0007186052041206e-16,0.0,0.0,0.0,0.0,-0.0,0.0,0.0,1.0,1.0,1.0
2011-06-08,-0.0060196927329598,-0.0060196927329598,-0.0060196927329598,0.0,-0.0060196927329598,-0.0,0.0,0.0,-0.0,0.0,0.0,1.0,1.0,1.0
2011-06-09,0.0071921832693551,0.007192183269355,0.0071921832693551,1.0061396160665481e-16,0.0,0.0,0.0,0.0,-0.0,0.0,0.0,1.0,1.0,1.0
2011-06-10,-0.0096029039644086,-0.0096029039644084,-0.0096029039644086,-1.9949319973733282e-16,-0.0096029039644086,-0.0,0.0,0.0,-0.0,0.0,0.0,1.0,1.0,1.0
2011-06-13,0.0027771578411068,0.0027771578411066,0.0027771578411068,1.9992688060632702e-16,0.0,0.0,0.0,0.0,-0.0,0.0,0.0,1.0,1.0,1.0
2011-06-14,0.0101888243038963,0.0101888243038964,0.0101888243038963,-1.0061396160665481e-16,0.0,0.0,0.0,0.0,-0.0,0.0,0.0,1.0,1.0,1.0
2011-06-15,-0.018680236453371,-0.0186802364533711,-0.018680236453371,1.0061396160665481e-16,-0.018680236453371,-0.0,0.0,0.0,-0.0,0.0,0.0,1.0,1.0,1.0
2011-06-16,-0.0012537824632444,-0.0012537824632444,-0.0012537824632444,0.0,-0.0012537824632444,-0.0,0.0,0.0,-0.0,0.0,0.0,1.0,1.0,1.0
2011-06-17,0.0057323755419362,0.0057323755419361,0.0057323755419362,1.0061396160665481e-16,0.0,0.0,0.0,0.0,-0.0,0.0,0.0,1.0,1.0,1.0
2011-06-20,0.0030802196396411,0.0030802196396409,0.0030802196396411,1.9992688060632702e-16,0.0,0.0,0.0,0.0,-0.0,0.0,0.0,1.0,1.0,1.0
2011-06-21,0.0145017214700844,0.0145017214700844,0.0145017214700844,0.0,0.0,0.0,0.0,0.0,-0.0,0.0,0.0,1.0,1.0,1.0
2011-06-22,-0.0050464969963316,-0.0050464969963313,-0.0050464969963316,-3.0010716134398763e-16,-0.0050464969963316,-0.0,0.0,0.0,-0.0,0.0,0.0,1.0,1.0,1.0
2011-06-23,-0.0043659951754553,-0.0043659951754553,-0.0043659951754553,0.0,-0.0043659951754553,-0.0,0.0,0.0,-0.0,0.0,0.0,1.0,1.0,1.0
2011-06-24,-0.008501764349785,-0.0085017643497851,-0.008501764349785,1.0061396160665481e-16,-0.008501764349785,-0.0,0.0,0.0,-0.0,0.0,0.0,1.0,1.0,1.0
2011-06-27,0.0115106835861795,0.0115106835861797,0.0115106835861795,-1.9949319973733282e-16,0.0,0.0,0.0,0.0,-0.0,0.0,0.0,1.0,1.0,1.0
2011-06-28,0.0132138370673466,0.0132138370673465,0.0132138370673466,9.8879238130678e-17,0.0,0.0,0.0,0.0,-0.0,0.0,0.0,1.0,1.0,1.0
2011-06-29,0.0120832979129674,0.0120832979129676,0.0120832979129674,-2.0122792321330962e-16,0.0,0.0,0.0,0.0,-0.0,0.0,0.0,1.0,1.0,1.0
2011-06-30,0.0070009005220992,0.0070009005220992,0.0070009005220992,0.0,0.0,0.0,0.0,0.0,-0.0,0.0,0.0,1.0,1.0,1.0
2011-07-01,0.0165961313854114,0.0165961313854115,0.0165961313854114,-1.0061396160665481e-16,0.0,0.0,0.0,0.0,-0.0,0.0,0.0,1.0,1.0,1.0
2011-07-05,-0.0029935913755275,-0.0029935913755274,-0.0029935913755275,-1.0018028073766061e-16,-0.0029935913755275,-0.0,0.0,0.0,-0.0,0.0,0.0,1.0,1.0,1.0
2011-07-06,-0.0035224821713714,-0.0035224821713716,-0.0035224821713714,1.9992688060632702e-16,-0.0035224821713714,-0.0,0.0,0.0,-0.0,0.0,0.0,1.0,1.0,1.0
2011-07-07,0.0122665628359353,0.0122665628359353,0.0122665628359353,0.0,0.0,0.0,0.0,0.0,-0.0,0.0,0.0,1.0,1.0,1.0
2011-07-08,-0.0106790082933428,-0.0106790082933427,-0.0106790082933428,-1.0061396160665481e-16,-0.0106790082933428,-0.0,0.0,0.0,-0.0,0.0,0.0,1.0,1.0,1.0
2011-07-11,-0.0235863613767807,-0.0235863613767805,-0.0235863613767807,-2.0122792321330962e-16,-0.0235863613767807,-0.0,0.0,0.0,-0.0,0.0,0.0,1.0,1.0,1.0
2011-07-12,-0.0054182608909185,-0.0054182608909186,-0.0054182608909185,9.974659986866641e-17,-0.0054182608909185,-0.0,0.0,0.0,-0.0,0.0,0.0,1.0,1.0,1.0
2011-07-13,0.0048101351396556,0.0048101351396555,0.0048101351396556,9.974659986866641e-17,0.0,0.0,0.0,0.0,-0.0,0.0,0.0,1.0,1.0,1.0
2011-07-14,-0.0062013696628187,-0.0062013696628185,-0.0062013696628187,-2.0036056147532122e-16,-0.0062013696628187,-0.0,0.0,0.0,-0.0,0.0,0.0,1.0,1.0,1.0
2011-07-15,0.0015370052257683,0.0015370052257683,0.0015370052257683,0.0,0.0,0.0,0.0,0.0,-0.0,0.0,0.0,1.0,1.0,1.0
2011-07-18,-0.0079777459624772,-0.0079777459624772,-0.0079777459624772,0.0,-0.0079777459624772,-0.0,0.0,0.0,-0.0,0.0,0.0,1.0,1.0,1.0
2011-07-19,0.0135169986273546,0.0135169986273546,0.0135169986273546,0.0,0.0,0.0,0.0,0.0,-0.0,0.0,0.0,1.0,1.0,1.0
2011-07-20,0.0047955842331002,0.0047955842331,0.0047955842331002,2.0036056147532122e-16,0.0,0.0,0.0,0.0,-0.0,0.0,0.0,1.0,1.0,1.0
2011-07-21,0.0128133995994899,0.01281339959949,0.0128133995994899,-1.0061396160665481e-16,0.0,0.0,0.0,0.0,-0.0,0.0,0.0,1.0,1.0,1.0
2011-07-22,0.0015450809058066,0.0015450809058067,0.0015450809058066,-9.996344030316351e-17,0.0,0.0,0.0,0.0,-0.0,0.0,0.0,1.0,1.0,1.0
2011-07-25,-0.0047505562277541,-0.0047505562277542,-0.0047505562277541,9.974659986866641e-17,-0.0047505562277541,-0.0,0.0,0.0,-0.0,0.0,0.0,1.0,1.0,1.0
2011-07-26,-0.0001307926049911,-0.0001307926049912,-0.0001307926049911,1.0001765041178778e-16,-0.0001307926049911,0.0,0.0,0.0,-0.0,0.0,0.0,1.0,1.0,1.0
2011-07-27,-0.0232034794348611,-0.0232034794348609,-0.0232034794348611,-2.0122792321330962e-16,-0.0232034794348611,-0.0,0.0,0.0,-0.0,0.0,0.0,1.0,1.0,1.0
2011-07-28,-0.0006350531470474,-0.0006350531470473,-0.0006350531470474,-9.996344030316351e-17,-0.0006350531470474,-0.0,0.0,0.0,-0.0,0.0,0.0,1.0,1.0,1.0
2011-07-29,-0.0025618734083222,-0.0025618734083221,-0.0025618734083222,-9.974659986866641e-17,-0.0025618734083222,-0.0,0.0,0.0,-0.0,0.0,0.0,1.0,1.0,1.0
2011-08-01,-0.0030686827447923,-0.0030686827447924,-0.0030686827447923,1.0018028073766061e-16,-0.0030686827447923,-0.0,0.0,0.0,-0.0,0.0,0.0,1.0,1.0,1.0
2011-08-02,-0.0238348790746655,-0.0238348790746652,-0.0238348790746655,-2.983724378680108e-16,-0.0238348790746655,-0.0,0.0,0.0,-0.0,0.0,0.0,1.0,1.0,1.0
2011-08-03,0.0080072616170372,0.0080072616170369,0.0080072616170372,3.0010716134398763e-16,0.0,0.0,0.0,0.0,-0.0,0.0,0.0,1.0,1.0,1.0
2011-08-04,-0.0539707175520952,-0.0539707175520951,-0.0539707175520952,-9.71445146547012e-17,-0.0539707175520952,-0.0,0.0,0.0,-0.0,0.0,0.0,1.0,1.0,1.0
2011-08-05,-0.0130107816409452,-0.0130107816409451,-0.0130107816409452,-1.0061396160665481e-16,-0.0130107816409452,-0.0,0.0,0.0,-0.0,0.0,0.0,1.0,1.0,1.0
2011-08-08,-0.0515334859499143,-0.0515334859499145,-0.0515334859499143,2.0122792321330962e-16,-0.0515334859499143,-0.0,0.0,0.0,-0.0,0.0,0.0,1.0,1.0,1.0
2011-08-09,0.03261917017998,0.0326191701799801,0.03261917017998,-1.0408340855860843e-16,0.0,0.0,0.0,0.0,-0.0,0.0,0.0,1.0,1.0,1.0
2011-08-10,-0.0573926813189274,-0.0573926813189275,-0.0573926813189274,1.0408340855860843e-16,-0.0573926813189274,-0.0,0.0,0.0,-0.0,0.0,0.0,0.0,1.0,1.0
2011-08-11,0.050613179470905,0.0500332040807292,0.050033204080729116,-8.326672684688674e-17,0.0,0.0,0.0,0.00021098689156371375,-0.0007909622817395943,0.0,0.0,0.5,0.0,1.0
2011-08-12,0.0024490296055106,-0.000395736485304,-0.00039573648530406207,-6.207057437479513e-17,0.0,0.0,-0.0024490296055106,0.0,-0.00039573648530406207,0.0,-0.0012245148027553,0.5,0.5,0.0
2011-08-15,0.0211145800647734,0.0105572900323866,0.010557290032386799,1.97758476261356e-16,0.0,0.0,-0.0105572900323866,0.0,-0.0,0.0,0.0,0.5,0.5,0.5
2011-08-16,-0.0144792315543215,-0.0072396157771607,-0.007239615777160742,-4.163336342344337e-17,0.0,0.00714104398595795,0.0,9.857179120280842e-05,-0.0,0.0,0.0,0.5,0.5,0.5
2011-08-17,0.0011670999892936,0.0005835499946468,0.0005835499946468,0.0,0.0,0.0,-0.0005835499946468,0.0,-0.0,0.0,0.0,0.5,0.5,0.5
2011-08-18,-0.052543962667415,-0.0262719813337074,-0.026271981333707548,-1.491862189340054e-16,0.0,0.02627198133370745,0.0,0.0,-0.0,0.0,0.0,0.0,0.5,0.5
2011-08-19,-0.0180591550363324,-0.0091253872807639,-0.009125387280763965,-6.418476861114186e-17,0.0,0.0088310788691193,0.0,0.0003969972980938169,-0.0002943084116446815,-0.0088310788691193,0.0,0.0,0.0,0.5
2011-08-22,-0.0040648016858012,-0.0,9.974659986866641e-17,9.974659986866641e-17,0.0,0.0040648016858013,0.0,0.0,-0.0,0.0,0.0,0.0,0.0,0.0
2011-08-23,0.0188339163686606,0.0,-5.084908188957016e-17,-5.084908188957016e-17,0.0,0.0,-0.0196436601451643,0.000809743776503649,-0.0,0.0,0.0,0.0,0.0,0.0
2011-08-24,0.0191538747566921,0.0,0.0,0.0,0.0,0.0,-0.0191538747566921,0.0,-0.0,0.0,0.0,0.0,0.0,0.0
2011-08-25,-0.0161341228278062,-0.0,-1.0061396160665481e-16,-1.0061396160665481e-16,0.0,0.0161341228278061,0.0,0.0,-0.0,0.0,0.0,0.0,0.0,0.0
2011-08-26,0.0177212863496687,0.0,0.0,0.0,0.0,0.0,-0.0177212863496687,0.0,-0.0,0.0,0.0,0.0,0.0,0.0
2011-08-29,0.0361466118610205,0.0,-9.71445146547012e-17,-9.71445146547012e-17,0.0,0.0,-0.0361466118610206,0.0,-0.0,0.0,0.0,0.5,0.0,0.0
2011-08-30,0.0037389312911568,-0.0005,-0.0005,0.0,0.0,0.0,-0.0037389312911568,0.0,-0.0005,0.0,-0.0018694656455784,0.5,0.5,0.0
2011-08-31,0.0057706719201229,0.0028853359600614,0.00288533596006145,5.0306980803327406e-17,0.0,0.0,-0.00288533596006145,0.0,-0.0,0.0,0.0,0.5,0.5,0.5
2011-09-01,-0.0174253089753186,-0.0087126544876593,-0.00871265448765925,5.0306980803327406e-17,0.0,0.00871265448765935,0.0,0.0,-0.0,0.0,0.0,0.5,0.5,0.5
2011-09-02,-0.0335525948193508,-0.0167762974096753,-0.0167762974096755,-2.0122792321330962e-16,0.0,0.0167762974096753,0.0,0.0,-0.0,0.0,0.0,0.0,0.5,0.5
2011-09-06,-0.0096655346811007,-0.0053327673405504,-0.0053327673405503,9.974659986866641e-17,0.0,0.0048327673405504,0.0,0.0,-0.0005,-0.0048327673405504,0.0,0.0,0.0,0.5
2011-09-07,0.0351301532699606,0.0,2.0122792321330962e-16,2.0122792321330962e-16,0.0,0.0,-0.0351301532699604,0.0,-0.0,0.0,0.0,0.5,0.0,0.0
2011-09-08,-0.0160420901356126,-0.0005,-0.0005000000000002984,-2.983724378680108e-16,0.0,0.0160420901356123,0.0,0.0,-0.0005,0.0,0.0,0.0,0.5,0.0
2011-09-09,-0.0283541033198108,-0.0144754136570832,-0.014475413657083092,1.0755285551056204e-16,0.0,0.0140776321049326,0.0,0.00019883910994571282,-0.000397781552150604,-0.0140776321049326,0.0,0.0,0.0,0.5
2011-09-12,0.0056420234314871,0.0,9.974659986866641e-17,9.974659986866641e-17,0.0,0.0,-0.005642023431487,0.0,-0.0,0.0,0.0,0.0,0.0,0.0
2011-09-13,0.0100381070966024,0.0,1.0061396160665481e-16,1.0061396160665481e-16,0.0,0.0,-0.0100381070966023,0.0,-0.0,0.0,0.0,0.0,0.0,0.0
2011-09-14,0.01206745552969,0.0,-2.1093153265705489e-16,-2.1093153265705489e-16,0.0,0.0,-0.0122685240249142,0.00020106849522398968,-0.0,0.0,0.0,0.0,0.0,0.0
2011-09-15,0.0204649823561067,0.0,-1.0061396160665481e-16,-1.0061396160665481e-16,0.0,0.0,-0.0204649823561068,0.0,-0.0,0.0,0.0,0.5,0.0,0.0
2011-09-16,0.0037973482557143,-0.0005,-0.0004999999999998001,1.9992688060632702e-16,0.0,0.0,-0.0037973482557141,0.0,-0.0005,0.0,-0.00189867412785705,0.5,0.5,0.0
2011-09-19,-0.0182245135185622,-0.009112256759281,-0.009112256759281151,-1.5092094240998222e-16,0.0,0.00911225675928105,0.0,0.0,-0.0,0.0,0.0,0.0,0.5,0.5
2011-09-20,-0.0060791333522979,-0.0035395666761489,-0.00353956667614895,-4.9873299934333204e-17,0.0,0.00303956667614895,0.0,0.0,-0.0005,-0.00303956667614895,0.0,0.0,0.0,0.5
2011-09-21,-0.0412908315884547,-0.0,-2.983724378680108e-16,-2.983724378680108e-16,0.0,0.0412908315884544,0.0,0.0,-0.0,0.0,0.0,0.0,0.0,0.0
2011-09-22,-0.0310424713425148,-0.0,3.0184188481996443e-16,3.0184188481996443e-16,0.0,0.0310424713425151,0.0,0.0,-0.0,0.0,0.0,0.0,0.0,0.0
2011-09-23,0.0094480639800558,0.0,-1.0061396160665481e-16,-1.0061396160665481e-16,0.0,0.0,-0.0094480639800559,0.0,-0.0,0.0,0.0,0.0,0.0,0.0
2011-09-26,0.0312241886680695,0.0,1.0061396160665481e-16,1.0061396160665481e-16,0.0,0.0,-0.0312241886680694,0.0,-0.0,0.0,0.0,0.0,0.0,0.0
2011-09-27,0.0120496839024486,0.0,0.0,0.0,0.0,0.0,-0.0120496839024486,0.0,-0.0,0.0,0.0,0.5,0.0,0.0
2011-09-28,-0.0282302965745847,-0.0005,-0.0005,0.0,0.0,0.0282302965745847,0.0,0.0,-0.0005,0.0,0.0,0.0,0.5,0.0
2011-09-29,0.0188942424780935,0.0089471212390468,0.0089471212390467,-1.0061396160665481e-16,0.0,0.0,-0.0094471212390468,0.0,-0.0005,0.0,0.0,0.0,0.0,0.5
2011-09-30,-0.0318343140936473,-0.0,0.0,0.0,0.0,0.0318343140936473,0.0,0.0,-0.0,0.0,0.0,0.0,0.0,0.0
2011-10-03,-0.0394176002260427,-0.0,9.71445146547012e-17,9.71445146547012e-17,0.0,0.0394176002260428,0.0,0.0,-0.0,0.0,0.0,0.0,0.0,0.0
2011-10-04,0.0380696554131587,0.0,-9.71445146547012e-17,-9.71445146547012e-17,0.0,0.0,-0.0380696554131588,0.0,-0.0,0.0,0.0,0.0,0.0,0.0
2011-10-05,0.0165303012475213,0.0,1.97758476261356e-16,1.97758476261356e-16,0.0,0.0,-0.0165303012475211,0.0,-0.0,0.0,0.0,0.5,0.0,0.0
2011-10-06,0.0242445473606256,-0.0005024825730006,-0.0005024825730006886,-8.857931749206571e-17,0.0,0.0,-0.0244459977429989,0.00010072519118661937,-0.00040175738181400943,0.0,-0.01222299887149945,0.5,0.5,0.0
2011-10-07,-0.0138214499645217,-0.0069107249822609,-0.0069107249822608,1.0061396160665481e-16,0.0,0.0069107249822609,0.0,0.0,-0.0,0.0,0.0,0.5,0.5,0.5
2011-10-10,0.0326571524573584,0.0163285762286792,0.016328576228679153,-4.85722573273506e-17,0.0,0.0,-0.01632857622867925,0.0,-0.0,0.0,0.0,1.0,0.5,0.5
2011-10-11,0.0019992251113247,0.0005958891751604,0.0005958891751602365,-1.6349768761081407e-16,0.0,0.0,-0.00099961255566245,0.0,-0.0004037233805020136,0.0,-0.00099961255566245,1.0,1.0,0.5
2011-10-12,0.0121515418709472,0.0121515418709472,0.0121515418709472,0.0,0.0,0.0,0.0,0.0,-0.0,0.0,0.0,1.0,1.0,1.0
2011-10-13,-0.0080308042766121,-0.0080308042766124,-0.0080308042766121,3.0010716134398763e-16,-0.0080308042766121,-0.0,0.0,0.0,-0.0,0.0,0.0,1.0,1.0,1.0
2011-10-14,0.0184012334679388,0.0184012334679389,0.0184012334679388,-1.0061396160665481e-16,0.0,0.0,0.0,0.0,-0.0,0.0,0.0,1.0,1.0,1.0
2011-10-17,-0.0219837578865841,-0.0219837578865841,-0.0219837578865841,0.0,-0.0219837578865841,-0.0,0.0,0.0,-0.0,0.0,0.0,1.0,1.0,1.0
2011-10-18,0.0244359946195287,0.0244359946195285,0.0244359946195287,2.0122792321330962e-16,0.0,0.0,0.0,0.0,-0.0,0.0,0.0,1.0,1.0,1.0
2011-10-19,-0.0117942659641414,-0.0117942659641413,-0.0117942659641414,-1.0061396160665481e-16,-0.0117942659641414,-0.0,0.0,0.0,-0.0,0.0,0.0,1.0,1.0,1.0
2011-10-20,0.007975445480669,0.0079754454806691,0.007975445480669,-9.8879238130678e-17,0.0,0.0,0.0,0.0,-0.0,0.0,0.0,1.0,1.0,1.0
2011-10-21,0.0223997092252665,0.0223997092252666,0.0223997092252665,-1.0061396160665481e-16,0.0,0.0,0.0,0.0,-0.0,0.0,0.0,1.0,1.0,1.0
2011-10-24,0.0217603436642448,0.0217603436642446,0.0217603436642448,1.97758476261356e-16,0.0,0.0,0.0,0.0,-0.0,0.0,0.0,1.0,1.0,1.0
2011-10-25,-0.0246158050796585,-0.0246158050796586,-0.0246158050796585,1.0061396160665481e-16,-0.0246158050796585,-0.0,0.0,0.0,-0.0,0.0,0.0,1.0,1.0,1.0
2011-10-26,0.0139568972036869,0.0139568972036872,0.0139568972036869,-3.0010716134398763e-16,0.0,0.0,0.0,0.0,-0.0,0.0,0.0,1.0,1.0,1.0
2011-10-27,0.0489555634588878,0.0489555634588879,0.0489555634588878,-9.71445146547012e-17,0.0,0.0,0.0,0.0,-0.0,0.0,0.0,1.0,1.0,1.0
2011-10-28,0.0004527552635413,0.0004527552635414,0.0004527552635413,-1.0001765041178778e-16,0.0,0.0,0.0,0.0,-0.0,0.0,0.0,1.0,1.0,1.0
2011-10-31,-0.0314210629428546,-0.0314210629428546,-0.0314210629428546,0.0,-0.0314210629428546,-0.0,0.0,0.0,-0.0,0.0,0.0,1.0,1.0,1.0
2011-11-01,-0.0335534251876175,-0.0335534251876175,-0.0335534251876175,0.0,-0.0335534251876175,-0.0,0.0,0.0,-0.0,0.0,0.0,1.0,1.0,1.0
2011-11-02,0.0229627866821866,0.0229627866821867,0.0229627866821866,-9.71445146547012e-17,0.0,0.0,0.0,0.0,-0.0,0.0,0.0,1.0,1.0,1.0
2011-11-03,0.0210937762175025,0.0210937762175023,0.0210937762175025,2.0122792321330962e-16,0.0,0.0,0.0,0.0,-0.0,0.0,0.0,1.0,1.0,1.0
2011-11-04,-0.0068777480913402,-0.00687774809134,-0.0068777480913402,-1.9949319973733282e-16,-0.0068777480913402,-0.0,0.0,0.0,-0.0,0.0,0.0,1.0,1.0,1.0
2011-11-07,0.0040573276403221,0.0040573276403223,0.0040573276403221,-1.9949319973733282e-16,0.0,0.0,0.0,0.0,-0.0,0.0,0.0,1.0,1.0,1.0
2011-11-08,0.0138521190867386,0.0138521190867383,0.0138521190867386,3.0010716134398763e-16,0.0,0.0,0.0,0.0,-0.0,0.0,0.0,1.0,1.0,1.0
2011-11-09,-0.045247444779822,-0.0452474447798217,-0.045247444779822,-3.0531133177191805e-16,-0.045247444779822,-0.0,0.0,0.0,-0.0,0.0,0.0,1.0,1.0,1.0
2011-11-10,0.009175546977411,0.0091755469774109,0.009175546977411,1.0061396160665481e-16,0.0,0.0,0.0,0.0,-0.0,0.0,0.0,1.0,1.0,1.0
2011-11-11,0.0232471518797297,0.0232471518797297,0.0232471518797297,0.0,0.0,0.0,0.0,0.0,-0.0,0.0,0.0,1.0,1.0,1.0
2011-11-14,-0.0121216646610654,-0.0121216646610654,-0.0121216646610654,0.0,-0.0121216646610654,-0.0,0.0,0.0,-0.0,0.0,0.0,1.0,1.0,1.0
2011-11-15,0.0060459912931241,0.0060459912931241,0.0060459912931241,0.0,0.0,0.0,0.0,0.0,-0.0,0.0,0.0,1.0,1.0,1.0
2011-11-16,-0.0188907442437423,-0.0188907442437425,-0.0188907442437423,1.97758476261356e-16,-0.0188907442437423,-0.0,0.0,0.0,-0.0,0.0,0.0,1.0,1.0,1.0
2011-11-17,-0.0196715960355635,-0.0196715960355633,-0.0196715960355635,-2.0122792321330962e-16,-0.0196715960355635,-0.0,0.0,0.0,-0.0,0.0,0.0,1.0,1.0,1.0
2011-11-18,0.001681050314936,0.001681050314936,0.001681050314936,0.0,0.0,0.0,0.0,0.0,-0.0,0.0,0.0,1.0,1.0,1.0
2011-11-21,-0.0082027861742393,-0.0082027861742394,-0.0082027861742393,1.0061396160665481e-16,-0.0082027861742393,-0.0,0.0,0.0,-0.0,0.0,0.0,1.0,1.0,1.0
2011-11-22,-0.003197553228266,-0.0031975532282659,-0.003197553228266,-1.0018028073766061e-16,-0.003197553228266,-0.0,0.0,0.0,-0.0,0.0,0.0,1.0,1.0,1.0
2011-11-23,-0.0106747276783392,-0.0106747276783392,-0.0106747276783392,0.0,-0.0106747276783392,-0.0,0.0,0.0,-0.0,0.0,0.0,1.0,1.0,1.0
2011-11-25,-0.0010081720781496,-0.0010081720781496,-0.0010081720781496,0.0,-0.0010081720781496,-0.0,0.0,0.0,-0.0,0.0,0.0,1.0,1.0,1.0
2011-11-28,0.0271042577628313,0.0271042577628314,0.0271042577628313,-9.71445146547012e-17,0.0,0.0,0.0,0.0,-0.0,0.0,0.0,1.0,1.0,1.0
2011-11-29,-0.0002298994988483,-0.0002298994988484,-0.0002298994988483,9.999054535747565e-17,-0.0002298994988483,-0.0,0.0,0.0,-0.0,0.0,0.0,1.0,1.0,1.0
2011-11-30,0.0450512144220263,0.0450512144220263,0.0450512144220263,0.0,0.0,0.0,0.0,0.0,-0.0,0.0,0.0,1.0,1.0,1.0
2011-12-01,-0.0053364292063853,-0.0053364292063853,-0.0053364292063853,0.0,-0.0053364292063853,-0.0,0.0,0.0,-0.0,0.0,0.0,1.0,1.0,1.0
2011-12-02,0.001018378910615,0.0010183789106151,0.001018378910615,-9.996344030316351e-17,0.0,0.0,0.0,0.0,-0.0,0.0,0.0,1.0,1.0,1.0
2011-12-05,0.0129308981495344,0.0129308981495341,0.0129308981495344,3.0010716134398763e-16,0.0,0.0,0.0,0.0,-0.0,0.0,0.0,1.0,1.0,1.0
2011-12-06,0.0019499303516092,0.0019499303516094,0.0019499303516092,-1.9992688060632702e-16,0.0,0.0,0.0,0.0,-0.0,0.0,0.0,1.0,1.0,1.0
2011-12-07,0.0078869522008642,0.0078869522008641,0.0078869522008642,9.8879238130678e-17,0.0,0.0,0.0,0.0,-0.0,0.0,0.0,1.0,1.0,1.0
2011-12-08,-0.031844225215758,-0.031844225215758,-0.031844225215758,0.0,-0.031844225215758,-0.0,0.0,0.0,-0.0,0.0,0.0,1.0,1.0,1.0
2011-12-09,0.0188857025625202,0.0188857025625201,0.0188857025625202,1.0061396160665481e-16,0.0,0.0,0.0,0.0,-0.0,0.0,0.0,1.0,1.0,1.0
2011-12-12,-0.0176950517826236,-0.0176950517826236,-0.0176950517826236,0.0,-0.0176950517826236,-0.0,0.0,0.0,-0.0,0.0,0.0,1.0,1.0,1.0
2011-12-13,-0.0091566513551237,-0.0091566513551235,-0.0091566513551237,-1.9949319973733282e-16,-0.0091566513551237,-0.0,0.0,0.0,-0.0,0.0,0.0,1.0,1.0,1.0
2011-12-14,-0.005602014945778,-0.005602014945778,-0.005602014945778,0.0,-0.005602014945778,-0.0,0.0,0.0,-0.0,0.0,0.0,1.0,1.0,1.0
2011-12-15,0.004451892113334,0.0044518921133338,0.004451892113334,2.0036056147532122e-16,0.0,0.0,0.0,0.0,-0.0,0.0,0.0,1.0,1.0,1.0
2011-12-16,0.0020159655000955,0.0020159655000955,0.0020159655000955,0.0,0.0,0.0,0.0,0.0,-0.0,0.0,0.0,1.0,1.0,1.0
2011-12-19,-0.0149657436577124,-0.0149657436577125,-0.0149657436577124,9.8879238130678e-17,-0.0149657436577124,-0.0,0.0,0.0,-0.0,0.0,0.0,1.0,1.0,1.0
2011-12-20,0.0346454063778272,0.0346454063778271,0.0346454063778272,9.71445146547012e-17,0.0,0.0,0.0,0.0,-0.0,0.0,0.0,1.0,1.0,1.0
2011-12-21,0.0022892529687423,0.0022892529687423,0.0022892529687423,0.0,0.0,0.0,0.0,0.0,-0.0,0.0,0.0,1.0,1.0,1.0
2011-12-22,0.0120898672477332,0.0120898672477332,0.0120898672477332,0.0,0.0,0.0,0.0,0.0,-0.0,0.0,0.0,1.0,1.0,1.0
2011-12-23,0.006638865397859,0.0066388653978589,0.006638865397859,9.974659986866641e-17,0.0,0.0,0.0,0.0,-0.0,0.0,0.0,1.0,1.0,1.0
2011-12-27,-0.0034890360674745,-0.0034890360674746,-0.0034890360674745,1.0018028073766061e-16,-0.0034890360674745,-0.0,0.0,0.0,-0.0,0.0,0.0,1.0,1.0,1.0
2011-12-28,-0.0169192501380412,-0.0169192501380413,-0.0169192501380412,1.0061396160665481e-16,-0.0169192501380412,-0.0,0.0,0.0,-0.0,0.0,0.0,1.0,1.0,1.0
2011-12-29,0.0130113092506523,0.0130113092506525,0.0130113092506523,-1.9949319973733282e-16,0.0,0.0,0.0,0.0,-0.0,0.0,0.0,1.0,1.0,1.0
2011-12-30,-0.000451561504238,-0.0004515615042382,-0.000451561504238,1.999810907149513e-16,-0.000451561504238,-0.0,0.0,0.0,-0.0,0.0,0.0,1.0,1.0,1.0
2012-01-03,0.0247027203122172,0.0247027203122171,0.0247027203122172,1.0061396160665481e-16,0.0,0.0,0.0,0.0,-0.0,0.0,0.0,1.0,1.0,1.0
2012-01-04,-0.0022978970222079,-0.0022978970222078,-0.0022978970222079,-1.0018028073766061e-16,-0.0022978970222079,-0.0,0.0,0.0,-0.0,0.0,0.0,1.0,1.0,1.0
2012-01-05,9.61264080605595e-05,9.612640806057484e-05,9.61264080605595e-05,-1.5341460740669888e-17,0.0,0.0,0.0,0.0,-0.0,0.0,0.0,1.0,1.0,1.0
2012-01-06,-0.0063444905501054,-0.0063444905501054,-0.0063444905501054,0.0,-0.0063444905501054,-0.0,0.0,0.0,-0.0,0.0,0.0,1.0,1.0,1.0
2012-01-09,0.0046338298108552,0.004633829810855,0.0046338298108552,1.9949319973733282e-16,0.0,0.0,0.0,0.0,-0.0,0.0,0.0,1.0,1.0,1.0
2012-01-10,0.0160316474823885,0.0160316474823883,0.0160316474823885,2.0122792321330962e-16,0.0,0.0,0.0,0.0,-0.0,0.0,0.0,1.0,1.0,1.0
2012-01-11,0.0040350491430301,0.00403504914303,0.0040350491430301,9.974659986866641e-17,0.0,0.0,0.0,0.0,-0.0,0.0,0.0,1.0,1.0,1.0
2012-01-12,0.005679865544736,0.0056798655447364,0.005679865544736,-3.9985376121265404e-16,0.0,0.0,0.0,0.0,-0.0,0.0,0.0,1.0,1.0,1.0
2012-01-13,-0.0075536668098902,-0.0075536668098903,-0.0075536668098902,1.0061396160665481e-16,-0.0075536668098902,-0.0,0.0,0.0,-0.0,0.0,0.0,1.0,1.0,1.0
2012-01-17,0.0066953019683955,0.0066953019683955,0.0066953019683955,0.0,0.0,0.0,0.0,0.0,-0.0,0.0,0.0,1.0,1.0,1.0
2012-01-18,0.0145667648623657,0.0145667648623655,0.0145667648623657,2.0122792321330962e-16,0.0,0.0,0.0,0.0,-0.0,0.0,0.0,1.0,1.0,1.0
2012-01-19,0.0060921080464402,0.0060921080464403,0.0060921080464402,-9.974659986866641e-17,0.0,0.0,0.0,0.0,-0.0,0.0,0.0,1.0,1.0,1.0
2012-01-20,0.0021984029529429,0.0021984029529428,0.0021984029529429,9.974659986866641e-17,0.0,0.0,0.0,0.0,-0.0,0.0,0.0,1.0,1.0,1.0
2012-01-23,0.0025741616840007,0.0025741616840009,0.0025741616840007,-1.9992688060632702e-16,0.0,0.0,0.0,0.0,-0.0,0.0,0.0,1.0,1.0,1.0
2012-01-24,-0.0012270940957163,-0.0012270940957163,-0.0012270940957163,0.0,-0.0012270940957163,-0.0,0.0,0.0,-0.0,0.0,0.0,1.0,1.0,1.0
2012-01-25,0.0086046022764614,0.0086046022764615,0.0086046022764614,-1.0061396160665481e-16,0.0,0.0,0.0,0.0,-0.0,0.0,0.0,1.0,1.0,1.0
2012-01-26,-0.0060805504952712,-0.0060805504952711,-0.0060805504952712,-9.974659986866641e-17,-0.0060805504952712,-0.0,0.0,0.0,-0.0,0.0,0.0,1.0,1.0,1.0
2012-01-27,0.0018410919456992,0.0018410919456992,0.0018410919456992,0.0,0.0,0.0,0.0,0.0,-0.0,0.0,0.0,1.0,1.0,1.0
2012-01-30,-0.0083940717805111,-0.0083940717805111,-0.0083940717805111,0.0,-0.0083940717805111,-0.0,0.0,0.0,-0.0,0.0,0.0,1.0,1.0,1.0
2012-01-31,0.0025875141479756,0.0025875141479757,0.0025875141479756,-9.974659986866641e-17,0.0,0.0,0.0,0.0,-0.0,0.0,0.0,1.0,1.0,1.0
2012-02-01,0.0135606818739724,0.0135606818739723,0.0135606818739724,9.8879238130678e-17,0.0,0.0,0.0,0.0,-0.0,0.0,0.0,1.0,1.0,1.0
2012-02-02,0.0027269751259957,0.0027269751259955,0.0027269751259957,1.9992688060632702e-16,0.0,0.0,0.0,0.0,-0.0,0.0,0.0,1.0,1.0,1.0
2012-02-03,0.0165435332358483,0.0165435332358483,0.0165435332358483,0.0,0.0,0.0,0.0,0.0,-0.0,0.0,0.0,1.0,1.0,1.0
2012-02-06,-0.0006716223691481,-0.0006716223691484,-0.0006716223691481,2.999987411267391e-16,-0.0006716223691481,-0.0,0.0,0.0,-0.0,0.0,0.0,1.0,1.0,1.0
2012-02-07,0.0027570695067853,0.0027570695067852,0.0027570695067853,9.974659986866641e-17,0.0,0.0,0.0,0.0,-0.0,0.0,0.0,1.0,1.0,1.0
2012-02-08,0.0015900453180748,0.0015900453180752,0.0015900453180748,-4.0007060164715114e-16,0.0,0.0,0.0,0.0,-0.0,0.0,0.0,1.0,1.0,1.0
2012-02-09,-0.001323203941799,-0.0013232039417992,-0.001323203941799,2.0014372104082412e-16,-0.001323203941799,-0.0,0.0,0.0,-0.0,0.0,0.0,1.0,1.0,1.0
2012-02-10,-0.008485951035269,-0.008485951035269,-0.008485951035269,0.0,-0.008485951035269,-0.0,0.0,0.0,-0.0,0.0,0.0,1.0,1.0,1.0
2012-02-13,0.0070910512718329,0.0070910512718328,0.0070910512718329,9.974659986866641e-17,0.0,0.0,0.0,0.0,-0.0,0.0,0.0,1.0,1.0,1.0
2012-02-14,-0.0025100003886538,-0.0025100003886538,-0.0025100003886538,0.0,-0.0025100003886538,-0.0,0.0,0.0,-0.0,0.0,0.0,1.0,1.0,1.0
2012-02-15,-0.001600685297366,-0.001600685297366,-0.001600685297366,0.0,-0.001600685297366,-0.0,0.0,0.0,-0.0,0.0,0.0,1.0,1.0,1.0
2012-02-16,0.0131788923705711,0.0131788923705712,0.0131788923705711,-1.0061396160665481e-16,0.0,0.0,0.0,0.0,-0.0,0.0,0.0,1.0,1.0,1.0
2012-02-17,0.0023582097173657,0.0023582097173658,0.0023582097173657,-1.0018028073766061e-16,0.0,0.0,0.0,0.0,-0.0,0.0,0.0,1.0,1.0,1.0
2012-02-21,0.0010700939974774,0.0010700939974773,0.0010700939974774,9.996344030316351e-17,0.0,0.0,0.0,0.0,-0.0,0.0,0.0,1.0,1.0,1.0
2012-02-22,-0.0031288556820872,-0.0031288556820872,-0.0031288556820872,0.0,-0.0031288556820872,-0.0,0.0,0.0,-0.0,0.0,0.0,1.0,1.0,1.0
2012-02-23,0.0044288189904941,0.0044288189904941,0.0044288189904941,0.0,0.0,0.0,0.0,0.0,-0.0,0.0,0.0,1.0,1.0,1.0
2012-02-24,0.0016203825486975,0.0016203825486974,0.0016203825486975,9.996344030316351e-17,0.0,0.0,0.0,0.0,-0.0,0.0,0.0,1.0,1.0,1.0
2012-02-27,-0.000214601980552,-0.0002146019805518,-0.000214601980552,-2.0000819576926343e-16,-0.000214601980552,-0.0,0.0,0.0,-0.0,0.0,0.0,1.0,1.0,1.0
2012-02-28,0.0007124645570302,0.00071246455703,0.0007124645570302,1.9992688060632702e-16,0.0,0.0,0.0,0.0,-0.0,0.0,0.0,1.0,1.0,1.0
2012-02-29,-0.0076055046296567,-0.0076055046296565,-0.0076055046296567,-2.0036056147532122e-16,-0.0076055046296567,-0.0,0.0,0.0,-0.0,0.0,0.0,1.0,1.0,1.0
2012-03-01,0.0088123164324058,0.0088123164324058,0.0088123164324058,0.0,0.0,0.0,0.0,0.0,-0.0,0.0,0.0,1.0,1.0,1.0
2012-03-02,-0.0033627975973908,-0.0033627975973908,-0.0033627975973908,0.0,-0.0033627975973908,-0.0,0.0,0.0,-0.0,0.0,0.0,1.0,1.0,1.0
2012-03-05,-0.0079006439169547,-0.0079006439169547,-0.0079006439169547,0.0,-0.0079006439169547,-0.0,0.0,0.0,-0.0,0.0,0.0,1.0,1.0,1.0
2012-03-06,-0.0145014786122215,-0.0145014786122216,-0.0145014786122215,9.8879238130678e-17,-0.0145014786122215,-0.0,0.0,0.0,-0.0,0.0,0.0,1.0,1.0,1.0
2012-03-07,0.0047428561682432,0.0047428561682432,0.0047428561682432,0.0,0.0,0.0,0.0,0.0,-0.0,0.0,0.0,1.0,1.0,1.0
2012-03-08,0.0135719317501648,0.0135719317501648,0.0135719317501648,0.0,0.0,0.0,0.0,0.0,-0.0,0.0,0.0,1.0,1.0,1.0
2012-03-09,0.0011339156265888,0.0011339156265888,0.0011339156265888,0.0,0.0,0.0,0.0,0.0,-0.0,0.0,0.0,1.0,1.0,1.0
2012-03-12,-0.0048904520147368,-0.0048904520147368,-0.0048904520147368,0.0,-0.0048904520147368,-0.0,0.0,0.0,-0.0,0.0,0.0,1.0,1.0,1.0
2012-03-13,0.0151277896131654,0.0151277896131653,0.0151277896131654,9.8879238130678e-17,0.0,0.0,0.0,0.0,-0.0,0.0,0.0,1.0,1.0,1.0
2012-03-14,-0.0031204634096146,-0.0031204634096144,-0.0031204634096146,-1.9992688060632702e-16,-0.0031204634096146,-0.0,0.0,0.0,-0.0,0.0,0.0,1.0,1.0,1.0
2012-03-15,0.0053723074950724,0.0053723074950724,0.0053723074950724,0.0,0.0,0.0,0.0,0.0,-0.0,0.0,0.0,1.0,1.0,1.0
2012-03-16,0.0032319405348666,0.0032319405348666,0.0032319405348666,0.0,0.0,0.0,0.0,0.0,-0.0,0.0,0.0,1.0,1.0,1.0
2012-03-19,0.0056609208103588,0.0056609208103586,0.0056609208103588,1.9949319973733282e-16,0.0,0.0,0.0,0.0,-0.0,0.0,0.0,1.0,1.0,1.0
2012-03-20,-0.0060634663990875,-0.0060634663990874,-0.0060634663990875,-9.974659986866641e-17,-0.0060634663990875,-0.0,0.0,0.0,-0.0,0.0,0.0,1.0,1.0,1.0
2012-03-21,-0.0020967885634626,-0.0020967885634625,-0.0020967885634626,-1.0018028073766061e-16,-0.0020967885634626,-0.0,0.0,0.0,-0.0,0.0,0.0,1.0,1.0,1.0
2012-03-22,-0.0146234723518673,-0.0146234723518674,-0.0146234723518673,1.0061396160665481e-16,-0.0146234723518673,-0.0,0.0,0.0,-0.0,0.0,0.0,1.0,1.0,1.0
2012-03-23,0.0087451164578924,0.0087451164578922,0.0087451164578924,1.9949319973733282e-16,0.0,0.0,0.0,0.0,-0.0,0.0,0.0,1.0,1.0,1.0
2012-03-26,0.0125144165613313,0.0125144165613314,0.0125144165613313,-1.0061396160665481e-16,0.0,0.0,0.0,0.0,-0.0,0.0,0.0,1.0,1.0,1.0
2012-03-27,-0.0035570318927719,-0.0035570318927718,-0.0035570318927719,-9.974659986866641e-17,-0.0035570318927719,-0.0,0.0,0.0,-0.0,0.0,0.0,1.0,1.0,1.0
2012-03-28,-0.0125555935301292,-0.0125555935301293,-0.0125555935301292,1.0061396160665481e-16,-0.0125555935301292,-0.0,0.0,0.0,-0.0,0.0,0.0,1.0,1.0,1.0
2012-03-29,0.0007670607676673,0.0007670607676673,0.0007670607676673,0.0,0.0,0.0,0.0,0.0,-0.0,0.0,0.0,1.0,1.0,1.0
2012-03-30,0.0046170753571623,0.0046170753571624,0.0046170753571623,-1.0061396160665481e-16,0.0,0.0,0.0,0.0,-0.0,0.0,0.0,1.0,1.0,1.0
2012-04-02,0.0108635736809326,0.0108635736809324,0.0108635736809326,1.9949319973733282e-16,0.0,0.0,0.0,0.0,-0.0,0.0,0.0,1.0,1.0,1.0
2012-04-03,-0.0065810903296469,-0.0065810903296468,-0.0065810903296469,-1.0061396160665481e-16,-0.0065810903296469,-0.0,0.0,0.0,-0.0,0.0,0.0,1.0,1.0,1.0
2012-04-04,-0.012785206118236,-0.0127852061182362,-0.012785206118236,2.0122792321330962e-16,-0.012785206118236,-0.0,0.0,0.0,-0.0,0.0,0.0,1.0,1.0,1.0
2012-04-05,-0.0030844823752382,-0.0030844823752383,-0.0030844823752382,1.0018028073766061e-16,-0.0030844823752382,-0.0,0.0,0.0,-0.0,0.0,0.0,1.0,1.0,1.0
2012-04-09,-0.0134125236950808,-0.0134125236950805,-0.0134125236950808,-3.0010716134398763e-16,-0.0134125236950808,-0.0,0.0,0.0,-0.0,0.0,0.0,1.0,1.0,1.0
2012-04-10,-0.0133393908561884,-0.0133393908561886,-0.0133393908561884,2.0122792321330962e-16,-0.0133393908561884,-0.0,0.0,0.0,-0.0,0.0,0.0,1.0,1.0,1.0
2012-04-11,0.0071349538481171,0.0071349538481173,0.0071349538481171,-1.9949319973733282e-16,0.0,0.0,0.0,0.0,-0.0,0.0,0.0,1.0,1.0,1.0
2012-04-12,0.0130819901706893,0.0130819901706891,0.0130819901706893,1.9949319973733282e-16,0.0,0.0,0.0,0.0,-0.0,0.0,0.0,1.0,1.0,1.0
2012-04-13,-0.0105220799995419,-0.0105220799995418,-0.0105220799995419,-1.0061396160665481e-16,-0.0105220799995419,-0.0,0.0,0.0,-0.0,0.0,0.0,1.0,1.0,1.0
2012-04-16,-0.0002943776293519,-0.0002943776293518,-0.0002943776293519,-9.996344030316351e-17,-0.0002943776293519,-0.0,0.0,0.0,-0.0,0.0,0.0,1.0,1.0,1.0
2012-04-17,0.0134482460672709,0.0134482460672708,0.0134482460672709,9.8879238130678e-17,0.0,0.0,0.0,0.0,-0.0,0.0,0.0,1.0,1.0,1.0
2012-04-18,-0.0016856274414986,-0.0016856274414987,-0.0016856274414986,1.0018028073766061e-16,-0.0016856274414986,-0.0,0.0,0.0,-0.0,0.0,0.0,1.0,1.0,1.0
2012-04-19,-0.0040411745953203,-0.0040411745953203,-0.0040411745953203,0.0,-0.0040411745953203,-0.0,0.0,0.0,-0.0,0.0,0.0,1.0,1.0,1.0
2012-04-20,-0.0004558296469627,-0.0004558296469627,-0.0004558296469627,0.0,-0.0004558296469627,-0.0,0.0,0.0,-0.0,0.0,0.0,1.0,1.0,1.0
2012-04-23,-0.0097560606472569,-0.009756060647257,-0.0097560606472569,1.0061396160665481e-16,-0.0097560606472569,-0.0,0.0,0.0,-0.0,0.0,0.0,1.0,1.0,1.0
2012-04-24,0.0007710642593685,0.0007710642593684,0.0007710642593685,9.996344030316351e-17,0.0,0.0,0.0,0.0,-0.0,0.0,0.0,1.0,1.0,1.0
2012-04-25,0.017951933421987,0.0179519334219871,0.017951933421987,-1.0061396160665481e-16,0.0,0.0,0.0,0.0,-0.0,0.0,0.0,1.0,1.0,1.0
2012-04-26,0.0040776870817778,0.0040776870817778,0.0040776870817778,0.0,0.0,0.0,0.0,0.0,-0.0,0.0,0.0,1.0,1.0,1.0
2012-04-27,0.0053952833928285,0.0053952833928284,0.0053952833928285,9.974659986866641e-17,0.0,0.0,0.0,0.0,-0.0,0.0,0.0,1.0,1.0,1.0
2012-04-30,-0.0040970635493967,-0.0040970635493968,-0.0040970635493967,1.0061396160665481e-16,-0.0040970635493967,-0.0,0.0,0.0,-0.0,0.0,0.0,1.0,1.0,1.0
2012-05-01,0.0078041731398206,0.0078041731398206,0.0078041731398206,0.0,0.0,0.0,0.0,0.0,-0.0,0.0,0.0,1.0,1.0,1.0
2012-05-02,-0.0050307616093483,-0.0050307616093482,-0.0050307616093483,-9.974659986866641e-17,-0.0050307616093483,-0.0,0.0,0.0,-0.0,0.0,0.0,1.0,1.0,1.0
2012-05-03,-0.0121117058499267,-0.0121117058499265,-0.0121117058499267,-2.0122792321330962e-16,-0.0121117058499267,-0.0,0.0,0.0,-0.0,0.0,0.0,1.0,1.0,1.0
2012-05-04,-0.0182298419076518,-0.0182298419076518,-0.0182298419076518,0.0,-0.0182298419076518,-0.0,0.0,0.0,-0.0,0.0,0.0,1.0,1.0,1.0
2012-05-07,0.0004405644296925,0.0004405644296924,0.0004405644296925,1.0001765041178778e-16,0.0,0.0,0.0,0.0,-0.0,0.0,0.0,1.0,1.0,1.0
2012-05-08,-0.0035623831173487,-0.0035623831173488,-0.0035623831173487,1.0018028073766061e-16,-0.0035623831173487,-0.0,0.0,0.0,-0.0,0.0,0.0,1.0,1.0,1.0
2012-05-09,-0.0073856439857415,-0.0073856439857414,-0.0073856439857415,-9.974659986866641e-17,-0.0073856439857415,-0.0,0.0,0.0,-0.0,0.0,0.0,1.0,1.0,1.0
2012-05-10,-0.0002065578378348,-0.0002065578378349,-0.0002065578378348,9.999054535747565e-17,-0.0002065578378348,-0.0,0.0,0.0,-0.0,0.0,0.0,1.0,1.0,1.0
2012-05-11,-0.00364796866815,-0.0036479686681501,-0.00364796866815,1.0018028073766061e-16,-0.00364796866815,-0.0,0.0,0.0,-0.0,0.0,0.0,1.0,1.0,1.0
2012-05-14,-0.0140162546802107,-0.0140162546802108,-0.0140162546802107,9.8879238130678e-17,-0.0140162546802107,-0.0,0.0,0.0,-0.0,0.0,0.0,1.0,1.0,1.0
2012-05-15,-0.0124660960939498,-0.0124660960939496,-0.0124660960939498,-2.0122792321330962e-16,-0.0124660960939498,-0.0,0.0,0.0,-0.0,0.0,0.0,1.0,1.0,1.0
2012-05-16,-0.0089392386195567,-0.0089392386195569,-0.0089392386195567,1.9949319973733282e-16,-0.0089392386195567,-0.0,0.0,0.0,-0.0,0.0,0.0,1.0,1.0,1.0
2012-05-17,-0.0187003374284397,-0.0187003374284396,-0.0187003374284397,-1.0061396160665481e-16,-0.0187003374284397,-0.0,0.0,0.0,-0.0,0.0,0.0,1.0,1.0,1.0
2012-05-18,-0.0054639926841554,-0.0054639926841553,-0.0054639926841554,-9.974659986866641e-17,-0.0054639926841554,-0.0,0.0,0.0,-0.0,0.0,0.0,1.0,1.0,1.0
2012-05-21,0.0264192467954396,0.0264192467954394,0.0264192467954396,2.0122792321330962e-16,0.0,0.0,0.0,0.0,-0.0,0.0,0.0,1.0,1.0,1.0
2012-05-22,-0.005334350669239,-0.0053343506692388,-0.005334350669239,-2.0036056147532122e-16,-0.005334350669239,-0.0,0.0,0.0,-0.0,0.0,0.0,1.0,1.0,1.0
2012-05-23,0.0089860292130952,0.0089860292130949,0.0089860292130952,3.0010716134398763e-16,0.0,0.0,0.0,0.0,-0.0,0.0,0.0,1.0,1.0,1.0
2012-05-24,0.0038814277129597,0.00388142771296,0.0038814277129597,-2.9967348047499343e-16,0.0,0.0,0.0,0.0,-0.0,0.0,0.0,1.0,1.0,1.0
2012-05-25,-0.0034724912664301,-0.0034724912664303,-0.0034724912664301,1.9992688060632702e-16,-0.0034724912664301,-0.0,0.0,0.0,-0.0,0.0,0.0,1.0,1.0,1.0
2012-05-29,0.0164000125227901,0.01640001252279,0.0164000125227901,1.0061396160665481e-16,0.0,0.0,0.0,0.0,-0.0,0.0,0.0,1.0,1.0,1.0
2012-05-30,-0.02045231793257,-0.0204523179325702,-0.02045231793257,1.97758476261356e-16,-0.02045231793257,-0.0,0.0,0.0,-0.0,0.0,0.0,1.0,1.0,1.0
2012-05-31,-0.004399123526294,-0.0043991235262939,-0.004399123526294,-9.974659986866641e-17,-0.004399123526294,-0.0,0.0,0.0,-0.0,0.0,0.0,1.0,1.0,1.0
2012-06-01,-0.0234830656771988,-0.0234830656771987,-0.0234830656771988,-1.0061396160665481e-16,-0.0234830656771988,-0.0,0.0,0.0,-0.0,0.0,0.0,1.0,1.0,1.0
2012-06-04,-0.0002908151332221,-0.0002908151332221,-0.0002908151332221,0.0,-0.0002908151332221,-0.0,0.0,0.0,-0.0,0.0,0.0,1.0,1.0,1.0
2012-06-05,0.0079977461724911,0.0079977461724912,0.0079977461724911,-1.0061396160665481e-16,0.0,0.0,0.0,0.0,-0.0,0.0,0.0,1.0,1.0,1.0
2012-06-06,0.020742053014624,0.0207420530146239,0.020742053014624,1.0061396160665481e-16,0.0,0.0,0.0,0.0,-0.0,0.0,0.0,1.0,1.0,1.0
2012-06-07,-0.0005238669374553,-0.0005238669374554,-0.0005238669374553,9.996344030316351e-17,-0.0005238669374553,-0.0,0.0,0.0,-0.0,0.0,0.0,1.0,1.0,1.0
2012-06-08,0.0051730892934116,0.0051730892934117,0.0051730892934116,-9.974659986866641e-17,0.0,0.0,0.0,0.0,-0.0,0.0,0.0,1.0,1.0,1.0
2012-06-11,-0.0192836433622689,-0.0192836433622689,-0.0192836433622689,0.0,-0.0192836433622689,-0.0,0.0,0.0,-0.0,0.0,0.0,1.0,1.0,1.0
2012-06-12,0.0118152723185862,0.011815272318586,0.0118152723185862,2.0122792321330962e-16,0.0,0.0,0.0,0.0,-0.0,0.0,0.0,1.0,1.0,1.0
2012-06-13,-0.0076717253558867,-0.0076717253558867,-0.0076717253558867,0.0,-0.0076717253558867,-0.0,0.0,0.0,-0.0,0.0,0.0,1.0,1.0,1.0
2012-06-14,0.0077815734595554,0.0077815734595554,0.0077815734595554,0.0,0.0,0.0,0.0,0.0,-0.0,0.0,0.0,1.0,1.0,1.0
2012-06-15,0.0109467918087051,0.010946791808705,0.0109467918087051,1.0061396160665481e-16,0.0,0.0,0.0,0.0,-0.0,0.0,0.0,1.0,1.0,1.0
2012-06-18,0.0001914137097143,0.0001914137097144,0.0001914137097143,-9.999054535747565e-17,0.0,0.0,0.0,0.0,-0.0,0.0,0.0,1.0,1.0,1.0
2012-06-19,0.0208464358649351,0.020846435864935,0.0208464358649351,1.0061396160665481e-16,0.0,0.0,0.0,0.0,-0.0,0.0,0.0,1.0,1.0,1.0
2012-06-20,-0.0039681359980532,-0.0039681359980532,-0.0039681359980532,0.0,-0.0039681359980532,-0.0,0.0,0.0,-0.0,0.0,0.0,1.0,1.0,1.0
2012-06-21,-0.0312139926800445,-0.0312139926800444,-0.0312139926800445,-1.0061396160665481e-16,-0.0312139926800445,-0.0,0.0,0.0,-0.0,0.0,0.0,1.0,1.0,1.0
2012-06-22,0.0051719768740219,0.005171976874022,0.0051719768740219,-9.974659986866641e-17,0.0,0.0,0.0,0.0,-0.0,0.0,0.0,1.0,1.0,1.0
2012-06-25,-0.0186702498432632,-0.0186702498432632,-0.0186702498432632,0.0,-0.0186702498432632,-0.0,0.0,0.0,-0.0,0.0,0.0,1.0,1.0,1.0
2012-06-26,0.0046133650409225,0.0046133650409226,0.0046133650409225,-9.974659986866641e-17,0.0,0.0,0.0,0.0,-0.0,0.0,0.0,1.0,1.0,1.0
2012-06-27,0.012177071241648,0.0121770712416478,0.012177071241648,1.9949319973733282e-16,0.0,0.0,0.0,0.0,-0.0,0.0,0.0,1.0,1.0,1.0
2012-06-28,0.0007255836217745,0.0007255836217744,0.0007255836217745,9.996344030316351e-17,0.0,0.0,0.0,0.0,-0.0,0.0,0.0,1.0,1.0,1.0
2012-06-29,0.0234517571207306,0.0234517571207308,0.0234517571207306,-2.0122792321330962e-16,0.0,0.0,0.0,0.0,-0.0,0.0,0.0,1.0,1.0,1.0
2012-07-02,0.007216685700506,0.0072166857005059,0.007216685700506,9.974659986866641e-17,0.0,0.0,0.0,0.0,-0.0,0.0,0.0,1.0,1.0,1.0
2012-07-03,0.0159451319225629,0.0159451319225629,0.0159451319225629,0.0,0.0,0.0,0.0,0.0,-0.0,0.0,0.0,1.0,1.0,1.0
2012-07-05,-0.0039387208256055,-0.0039387208256054,-0.0039387208256055,-1.0061396160665481e-16,-0.0039387208256055,-0.0,0.0,0.0,-0.0,0.0,0.0,1.0,1.0,1.0
2012-07-06,-0.0131838612387846,-0.0131838612387848,-0.0131838612387846,2.0122792321330962e-16,-0.0131838612387846,-0.0,0.0,0.0,-0.0,0.0,0.0,1.0,1.0,1.0
2012-07-09,-0.0051900435739179,-0.0051900435739178,-0.0051900435739179,-1.0061396160665481e-16,-0.0051900435739179,-0.0,0.0,0.0,-0.0,0.0,0.0,1.0,1.0,1.0
2012-07-10,-0.0141739210292445,-0.0141739210292444,-0.0141739210292445,-1.0061396160665481e-16,-0.0141739210292445,-0.0,0.0,0.0,-0.0,0.0,0.0,1.0,1.0,1.0
2012-07-11,-0.0018798481701381,-0.0018798481701382,-0.0018798481701381,9.996344030316351e-17,-0.0018798481701381,-0.0,0.0,0.0,-0.0,0.0,0.0,1.0,1.0,1.0
2012-07-12,-0.0028446152616345,-0.0028446152616345,-0.0028446152616345,0.0,-0.0028446152616345,-0.0,0.0,0.0,-0.0,0.0,0.0,1.0,1.0,1.0
2012-07-13,0.0086080718870547,0.0086080718870544,0.0086080718870547,3.0010716134398763e-16,0.0,0.0,0.0,0.0,-0.0,0.0,0.0,1.0,1.0,1.0
2012-07-16,-0.0030936399788072,-0.0030936399788072,-0.0030936399788072,0.0,-0.0030936399788072,-0.0,0.0,0.0,-0.0,0.0,0.0,1.0,1.0,1.0
2012-07-17,0.006855741268114,0.006855741268114,0.006855741268114,0.0,0.0,0.0,0.0,0.0,-0.0,0.0,0.0,1.0,1.0,1.0
2012-07-18,0.0085778696439746,0.0085778696439746,0.0085778696439746,0.0,0.0,0.0,0.0,0.0,-0.0,0.0,0.0,1.0,1.0,1.0
2012-07-19,0.0046143099711992,0.0046143099711991,0.0046143099711992,9.974659986866641e-17,0.0,0.0,0.0,0.0,-0.0,0.0,0.0,1.0,1.0,1.0
2012-07-20,-0.012509078166735,-0.0125090781667351,-0.012509078166735,9.8879238130678e-17,-0.012509078166735,-0.0,0.0,0.0,-0.0,0.0,0.0,1.0,1.0,1.0
2012-07-23,-0.015886595913196,-0.0158865959131961,-0.015886595913196,9.71445146547012e-17,-0.015886595913196,-0.0,0.0,0.0,-0.0,0.0,0.0,1.0,1.0,1.0
2012-07-24,-0.0117586147672722,-0.0117586147672721,-0.0117586147672722,-9.8879238130678e-17,-0.0117586147672722,-0.0,0.0,0.0,-0.0,0.0,0.0,1.0,1.0,1.0
2012-07-25,0.0013373888605681,0.0013373888605682,0.0013373888605681,-9.996344030316351e-17,0.0,0.0,0.0,0.0,-0.0,0.0,0.0,1.0,1.0,1.0
2012-07-26,0.0138790616046662,0.0138790616046659,0.0138790616046662,3.0010716134398763e-16,0.0,0.0,0.0,0.0,-0.0,0.0,0.0,1.0,1.0,1.0
2012-07-27,0.0247639998571427,0.0247639998571427,0.0247639998571427,0.0,0.0,0.0,0.0,0.0,-0.0,0.0,0.0,1.0,1.0,1.0
2012-07-30,-0.0023915689109387,-0.0023915689109384,-0.0023915689109387,-3.0010716134398763e-16,-0.0023915689109387,-0.0,0.0,0.0,-0.0,0.0,0.0,1.0,1.0,1.0
2012-07-31,-0.0095993356944122,-0.0095993356944124,-0.0095993356944122,1.9949319973733282e-16,-0.0095993356944122,-0.0,0.0,0.0,-0.0,0.0,0.0,1.0,1.0,1.0
2012-08-01,-0.0038042602788456,-0.0038042602788455,-0.0038042602788456,-1.0018028073766061e-16,-0.0038042602788456,-0.0,0.0,0.0,-0.0,0.0,0.0,1.0,1.0,1.0
2012-08-02,-0.006617997819234,-0.0066179978192339,-0.006617997819234,-9.974659986866641e-17,-0.006617997819234,-0.0,0.0,0.0,-0.0,0.0,0.0,1.0,1.0,1.0
2012-08-03,0.0186670544751854,0.0186670544751852,0.0186670544751854,2.0122792321330962e-16,0.0,0.0,0.0,0.0,-0.0,0.0,0.0,1.0,1.0,1.0
2012-08-06,0.0059433243264896,0.0059433243264896,0.0059433243264896,0.0,0.0,0.0,0.0,0.0,-0.0,0.0,0.0,1.0,1.0,1.0
2012-08-07,0.0080803907665141,0.0080803907665142,0.0080803907665141,-1.0061396160665481e-16,0.0,0.0,0.0,0.0,-0.0,0.0,0.0,1.0,1.0,1.0
2012-08-08,0.0021887346103257,0.0021887346103256,0.0021887346103257,1.0018028073766061e-16,0.0,0.0,0.0,0.0,-0.0,0.0,0.0,1.0,1.0,1.0
2012-08-09,0.0031496893655786,0.0031496893655786,0.0031496893655786,0.0,0.0,0.0,0.0,0.0,-0.0,0.0,0.0,1.0,1.0,1.0
2012-08-10,0.0011310065788245,0.0011310065788244,0.0011310065788245,9.996344030316351e-17,0.0,0.0,0.0,0.0,-0.0,0.0,0.0,1.0,1.0,1.0
2012-08-13,-0.0036627657508091,-0.0036627657508089,-0.0036627657508091,-1.9992688060632702e-16,-0.0036627657508091,-0.0,0.0,0.0,-0.0,0.0,0.0,1.0,1.0,1.0
2012-08-14,-0.0050081991284992,-0.0050081991284994,-0.0050081991284992,2.0036056147532122e-16,-0.0050081991284992,-0.0,0.0,0.0,-0.0,0.0,0.0,1.0,1.0,1.0
2012-08-15,0.0051868352387896,0.0051868352387896,0.0051868352387896,0.0,0.0,0.0,0.0,0.0,-0.0,0.0,0.0,1.0,1.0,1.0
2012-08-16,0.0126455484445755,0.0126455484445753,0.0126455484445755,1.9949319973733282e-16,0.0,0.0,0.0,0.0,-0.0,0.0,0.0,1.0,1.0,1.0
2012-08-17,0.0030016720613885,0.0030016720613884,0.0030016720613885,1.0018028073766061e-16,0.0,0.0,0.0,0.0,-0.0,0.0,0.0,1.0,1.0,1.0
2012-08-20,-0.0016506194316371,-0.001650619431637,-0.0016506194316371,-9.996344030316351e-17,-0.0016506194316371,-0.0,0.0,0.0,-0.0,0.0,0.0,1.0,1.0,1.0
2012-08-21,-0.0023612866482289,-0.0023612866482288,-0.0023612866482289,-1.0018028073766061e-16,-0.0023612866482289,-0.0,0.0,0.0,-0.0,0.0,0.0,1.0,1.0,1.0
2012-08-22,-0.0004710337947232,-0.0004710337947233,-0.0004710337947232,1.0001765041178778e-16,-0.0004710337947232,-0.0,0.0,0.0,-0.0,0.0,0.0,1.0,1.0,1.0
2012-08-23,-0.0109896633719914,-0.0109896633719914,-0.0109896633719914,0.0,-0.0109896633719914,-0.0,0.0,0.0,-0.0,0.0,0.0,1.0,1.0,1.0
2012-08-24,0.0019352914753434,0.0019352914753431,0.0019352914753434,3.0010716134398763e-16,0.0,0.0,0.0,0.0,-0.0,0.0,0.0,1.0,1.0,1.0
2012-08-27,-0.0025454932875501,-0.0025454932875501,-0.0025454932875501,0.0,-0.0025454932875501,-0.0,0.0,0.0,-0.0,0.0,0.0,1.0,1.0,1.0
2012-08-28,0.0001957417431055,0.0001957417431057,0.0001957417431055,-2.0000819576926343e-16,0.0,0.0,0.0,0.0,-0.0,0.0,0.0,1.0,1.0,1.0
2012-08-29,-0.0015801181138594,-0.0015801181138595,-0.0015801181138594,1.0018028073766061e-16,-0.0015801181138594,-0.0,0.0,0.0,-0.0,0.0,0.0,1.0,1.0,1.0
2012-08-30,-0.0089064774921595,-0.0089064774921593,-0.0089064774921595,-1.9949319973733282e-16,-0.0089064774921595,-0.0,0.0,0.0,-0.0,0.0,0.0,1.0,1.0,1.0
2012-08-31,0.0062252922547689,0.0062252922547689,0.0062252922547689,0.0,0.0,0.0,0.0,0.0,-0.0,0.0,0.0,1.0,1.0,1.0
2012-09-04,-0.003169174179742,-0.0031691741797422,-0.003169174179742,2.0036056147532122e-16,-0.003169174179742,-0.0,0.0,0.0,-0.0,0.0,0.0,1.0,1.0,1.0
2012-09-05,0.0023113651296116,0.0023113651296116,0.0023113651296116,0.0,0.0,0.0,0.0,0.0,-0.0,0.0,0.0,1.0,1.0,1.0
2012-09-06,0.0226028921662897,0.0226028921662899,0.0226028921662897,-2.0122792321330962e-16,0.0,0.0,0.0,0.0,-0.0,0.0,0.0,1.0,1.0,1.0
2012-09-07,0.014040163816249,0.0140401638162489,0.014040163816249,1.0061396160665481e-16,0.0,0.0,0.0,0.0,-0.0,0.0,0.0,1.0,1.0,1.0
2012-09-10,-0.0076770633677847,-0.0076770633677847,-0.0076770633677847,0.0,-0.0076770633677847,-0.0,0.0,0.0,-0.0,0.0,0.0,1.0,1.0,1.0
2012-09-11,0.0053373885015952,0.0053373885015952,0.0053373885015952,0.0,0.0,0.0,0.0,0.0,-0.0,0.0,0.0,1.0,1.0,1.0
2012-09-12,0.0023448738779294,0.0023448738779292,0.0023448738779294,1.9992688060632702e-16,0.0,0.0,0.0,0.0,-0.0,0.0,0.0,1.0,1.0,1.0
2012-09-13,0.0156626856716033,0.0156626856716032,0.0156626856716033,1.0061396160665481e-16,0.0,0.0,0.0,0.0,-0.0,0.0,0.0,1.0,1.0,1.0
2012-09-14,0.0076595855440728,0.0076595855440727,0.0076595855440728,9.974659986866641e-17,0.0,0.0,0.0,0.0,-0.0,0.0,0.0,1.0,1.0,1.0
2012-09-17,-0.0070083220172185,-0.0070083220172185,-0.0070083220172185,0.0,-0.0070083220172185,-0.0,0.0,0.0,-0.0,0.0,0.0,1.0,1.0,1.0
2012-09-18,-0.0013161542223357,-0.0013161542223357,-0.0013161542223357,0.0,-0.0013161542223357,-0.0,0.0,0.0,-0.0,0.0,0.0,1.0,1.0,1.0
2012-09-19,0.0006559805328192,0.0006559805328192,0.0006559805328192,0.0,0.0,0.0,0.0,0.0,-0.0,0.0,0.0,1.0,1.0,1.0
2012-09-20,-0.0047421173454825,-0.0047421173454826,-0.0047421173454825,9.974659986866641e-17,-0.0047421173454825,-0.0,0.0,0.0,-0.0,0.0,0.0,1.0,1.0,1.0
2012-09-21,-0.001078010849338,-0.0010780108493381,-0.001078010849338,9.996344030316351e-17,-0.001078010849338,-0.0,0.0,0.0,-0.0,0.0,0.0,1.0,1.0,1.0
2012-09-24,-0.0009158437736589,-0.0009158437736587,-0.0009158437736589,-2.0003530082357557e-16,-0.0009158437736589,-0.0,0.0,0.0,-0.0,0.0,0.0,1.0,1.0,1.0
2012-09-25,-0.0101692855756777,-0.0101692855756777,-0.0101692855756777,0.0,-0.0101692855756777,-0.0,0.0,0.0,-0.0,0.0,0.0,1.0,1.0,1.0
2012-09-26,-0.0055194847777579,-0.0055194847777579,-0.0055194847777579,0.0,-0.0055194847777579,-0.0,0.0,0.0,-0.0,0.0,0.0,1.0,1.0,1.0
2012-09-27,0.0067434455672426,0.0067434455672425,0.0067434455672426,9.974659986866641e-17,0.0,0.0,0.0,0.0,-0.0,0.0,0.0,1.0,1.0,1.0
2012-09-28,-0.0058614128822771,-0.0058614128822773,-0.0058614128822771,1.9949319973733282e-16,-0.0058614128822771,-0.0,0.0,0.0,-0.0,0.0,0.0,1.0,1.0,1.0
2012-10-01,0.0009430529712297,0.0009430529712298,0.0009430529712297,-1.0007186052041206e-16,0.0,0.0,0.0,0.0,-0.0,0.0,0.0,1.0,1.0,1.0
2012-10-02,-0.0026933855368382,-0.0026933855368383,-0.0026933855368382,9.974659986866641e-17,-0.0026933855368382,-0.0,0.0,0.0,-0.0,0.0,0.0,1.0,1.0,1.0
2012-10-03,-0.008027509831886,-0.0080275098318861,-0.008027509831886,1.0061396160665481e-16,-0.008027509831886,-0.0,0.0,0.0,-0.0,0.0,0.0,1.0,1.0,1.0
2012-10-04,0.0152175502950593,0.0152175502950594,0.0152175502950593,-1.0061396160665481e-16,0.0,0.0,0.0,0.0,-0.0,0.0,0.0,1.0,1.0,1.0
2012-10-05,-0.00116272826921,-0.00116272826921,-0.00116272826921,0.0,-0.00116272826921,-0.0,0.0,0.0,-0.0,0.0,0.0,1.0,1.0,1.0
2012-10-08,-0.0032020632152838,-0.0032020632152839,-0.0032020632152838,9.974659986866641e-17,-0.0032020632152838,-0.0,0.0,0.0,-0.0,0.0,0.0,1.0,1.0,1.0
2012-10-09,-0.004226782207224,-0.004226782207224,-0.004226782207224,0.0,-0.004226782207224,-0.0,0.0,0.0,-0.0,0.0,0.0,1.0,1.0,1.0
2012-10-10,-0.0096489003094136,-0.0096489003094136,-0.0096489003094136,0.0,-0.0096489003094136,-0.0,0.0,0.0,-0.0,0.0,0.0,1.0,1.0,1.0
2012-10-11,0.0047945773605844,0.0047945773605843,0.0047945773605844,1.0061396160665481e-16,0.0,0.0,0.0,0.0,-0.0,0.0,0.0,1.0,1.0,1.0
2012-10-12,-0.0012775770197155,-0.0012775770197155,-0.0012775770197155,0.0,-0.0012775770197155,-0.0,0.0,0.0,-0.0,0.0,0.0,1.0,1.0,1.0
2012-10-15,0.0027476147762979,0.0027476147762978,0.0027476147762979,9.974659986866641e-17,0.0,0.0,0.0,0.0,-0.0,0.0,0.0,1.0,1.0,1.0
2012-10-16,0.0046465463839753,0.004646546383975,0.0046465463839753,3.0010716134398763e-16,0.0,0.0,0.0,0.0,-0.0,0.0,0.0,1.0,1.0,1.0
2012-10-17,0.0050891585249066,0.0050891585249066,0.0050891585249066,0.0,0.0,0.0,0.0,0.0,-0.0,0.0,0.0,1.0,1.0,1.0
2012-10-18,0.001186864306631,0.001186864306631,0.001186864306631,0.0,0.0,0.0,0.0,0.0,-0.0,0.0,0.0,1.0,1.0,1.0
2012-10-19,-0.0176690125391386,-0.0176690125391387,-0.0176690125391386,1.0061396160665481e-16,-0.0176690125391386,-0.0,0.0,0.0,-0.0,0.0,0.0,1.0,1.0,1.0
2012-10-22,-0.0009761004569699,-0.0009761004569698,-0.0009761004569699,-9.996344030316351e-17,-0.0009761004569699,-0.0,0.0,0.0,-0.0,0.0,0.0,1.0,1.0,1.0
2012-10-23,-0.0147150696171833,-0.0147150696171832,-0.0147150696171833,-1.0061396160665481e-16,-0.0147150696171833,-0.0,0.0,0.0,-0.0,0.0,0.0,1.0,1.0,1.0
2012-10-24,-0.0047414328221444,-0.0047414328221446,-0.0047414328221444,2.0036056147532122e-16,-0.0047414328221444,-0.0,0.0,0.0,-0.0,0.0,0.0,1.0,1.0,1.0
2012-10-25,0.0055200912576907,0.0055200912576908,0.0055200912576907,-9.974659986866641e-17,0.0,0.0,0.0,0.0,-0.0,0.0,0.0,1.0,1.0,1.0
2012-10-26,-0.0016574549904995,-0.0016574549904995,-0.0016574549904995,0.0,-0.0016574549904995,-0.0,0.0,0.0,-0.0,0.0,0.0,1.0,1.0,1.0
2012-10-31,0.001746779585884,0.001746779585884,0.001746779585884,0.0,0.0,0.0,0.0,0.0,-0.0,0.0,0.0,1.0,1.0,1.0
2012-11-01,0.0130602538856638,0.0130602538856639,0.0130602538856638,-1.0061396160665481e-16,0.0,0.0,0.0,0.0,-0.0,0.0,0.0,1.0,1.0,1.0
2012-11-02,-0.0123375036841314,-0.0123375036841316,-0.0123375036841314,1.9949319973733282e-16,-0.0123375036841314,-0.0,0.0,0.0,-0.0,0.0,0.0,1.0,1.0,1.0
2012-11-05,0.0051413193877709,0.005141319387771,0.0051413193877709,-1.0061396160665481e-16,0.0,0.0,0.0,0.0,-0.0,0.0,0.0,1.0,1.0,1.0
2012-11-06,0.0120938448122127,0.0120938448122128,0.0120938448122127,-1.0061396160665481e-16,0.0,0.0,0.0,0.0,-0.0,0.0,0.0,1.0,1.0,1.0
2012-11-07,-0.0249067322513278,-0.0249067322513279,-0.0249067322513278,1.0061396160665481e-16,-0.0249067322513278,-0.0,0.0,0.0,-0.0,0.0,0.0,1.0,1.0,1.0
2012-11-08,-0.0074305793351617,-0.0074305793351618,-0.0074305793351617,9.974659986866641e-17,-0.0074305793351617,-0.0,0.0,0.0,-0.0,0.0,0.0,1.0,1.0,1.0
2012-11-09,0.004200149161784,0.004200149161784,0.004200149161784,0.0,0.0,0.0,0.0,0.0,-0.0,0.0,0.0,1.0,1.0,1.0
2012-11-12,-0.0022819456043207,-0.0022819456043206,-0.0022819456043207,-9.974659986866641e-17,-0.0022819456043207,-0.0,0.0,0.0,-0.0,0.0,0.0,1.0,1.0,1.0
2012-11-13,-0.0031407351018899,-0.00314073510189,-0.0031407351018899,9.974659986866641e-17,-0.0031407351018899,-0.0,0.0,0.0,-0.0,0.0,0.0,1.0,1.0,1.0
2012-11-14,-0.0135699750117928,-0.0135699750117926,-0.0135699750117928,-2.0122792321330962e-16,-0.0135699750117928,-0.0,0.0,0.0,-0.0,0.0,0.0,1.0,1.0,1.0
2012-11-15,0.0003881571945374,0.0003881571945373,0.0003881571945374,1.0001765041178778e-16,0.0,0.0,0.0,0.0,-0.0,0.0,0.0,1.0,1.0,1.0
2012-11-16,0.0091151175169457,0.0091151175169457,0.0091151175169457,0.0,0.0,0.0,0.0,0.0,-0.0,0.0,0.0,1.0,1.0,1.0
2012-11-19,0.0192503973060498,0.0192503973060498,0.0192503973060498,0.0,0.0,0.0,0.0,0.0,-0.0,0.0,0.0,1.0,1.0,1.0
2012-11-20,-0.0041102963058211,-0.0041102963058209,-0.0041102963058211,-1.9949319973733282e-16,-0.0041102963058211,-0.0,0.0,0.0,-0.0,0.0,0.0,1.0,1.0,1.0
2012-11-21,0.0028576482610414,0.0028576482610414,0.0028576482610414,0.0,0.0,0.0,0.0,0.0,-0.0,0.0,0.0,1.0,1.0,1.0
2012-11-23,0.0108523769364927,0.0108523769364928,0.0108523769364927,-1.0061396160665481e-16,0.0,0.0,0.0,0.0,-0.0,0.0,0.0,1.0,1.0,1.0
2012-11-26,0.0001908852206675,0.0001908852206675,0.0001908852206675,0.0,0.0,0.0,0.0,0.0,-0.0,0.0,0.0,1.0,1.0,1.0
2012-11-27,-0.0034742077083304,-0.0034742077083303,-0.0034742077083304,-1.0018028073766061e-16,-0.0034742077083304,-0.0,0.0,0.0,-0.0,0.0,0.0,1.0,1.0,1.0
2012-11-28,0.0042012803685662,0.0042012803685662,0.0042012803685662,0.0,0.0,0.0,0.0,0.0,-0.0,0.0,0.0,1.0,1.0,1.0
2012-11-29,0.0092598796166121,0.0092598796166122,0.0092598796166121,-9.8879238130678e-17,0.0,0.0,0.0,0.0,-0.0,0.0,0.0,1.0,1.0,1.0
2012-11-30,0.0004028144771595,0.0004028144771593,0.0004028144771595,1.999810907149513e-16,0.0,0.0,0.0,0.0,-0.0,0.0,0.0,1.0,1.0,1.0
2012-12-03,-0.0052359469639539,-0.0052359469639539,-0.0052359469639539,0.0,-0.0052359469639539,-0.0,0.0,0.0,-0.0,0.0,0.0,1.0,1.0,1.0
2012-12-04,0.0008142615902542,0.0008142615902541,0.0008142615902542,1.0007186052041206e-16,0.0,0.0,0.0,0.0,-0.0,0.0,0.0,1.0,1.0,1.0
2012-12-05,0.002991899654152,0.0029918996541519,0.002991899654152,1.0018028073766061e-16,0.0,0.0,0.0,0.0,-0.0,0.0,0.0,1.0,1.0,1.0
2012-12-06,-0.002047466701469,-0.002047466701469,-0.002047466701469,0.0,-0.002047466701469,-0.0,0.0,0.0,-0.0,0.0,0.0,1.0,1.0,1.0
2012-12-07,0.0026651797806311,0.0026651797806312,0.0026651797806311,-1.0018028073766061e-16,0.0,0.0,0.0,0.0,-0.0,0.0,0.0,1.0,1.0,1.0
2012-12-10,0.00148959617121,0.0014895961712102,0.00148959617121,-1.9992688060632702e-16,0.0,0.0,0.0,0.0,-0.0,0.0,0.0,1.0,1.0,1.0
2012-12-11,0.0032450687137643,0.0032450687137644,0.0032450687137643,-9.974659986866641e-17,0.0,0.0,0.0,0.0,-0.0,0.0,0.0,1.0,1.0,1.0
2012-12-12,0.0022076737662564,0.0022076737662564,0.0022076737662564,0.0,0.0,0.0,0.0,0.0,-0.0,0.0,0.0,1.0,1.0,1.0
2012-12-13,-0.0046176687838864,-0.0046176687838865,-0.0046176687838864,9.974659986866641e-17,-0.0046176687838864,-0.0,0.0,0.0,-0.0,0.0,0.0,1.0,1.0,1.0
2012-12-14,0.0014320191080448,0.0014320191080449,0.0014320191080448,-9.996344030316351e-17,0.0,0.0,0.0,0.0,-0.0,0.0,0.0,1.0,1.0,1.0
2012-12-17,0.0097435173645874,0.0097435173645873,0.0097435173645874,1.0061396160665481e-16,0.0,0.0,0.0,0.0,-0.0,0.0,0.0,1.0,1.0,1.0
2012-12-18,0.0120571910555564,0.0120571910555565,0.0120571910555564,-1.0061396160665481e-16,0.0,0.0,0.0,0.0,-0.0,0.0,0.0,1.0,1.0,1.0
2012-12-19,0.0041968450474405,0.0041968450474405,0.0041968450474405,0.0,0.0,0.0,0.0,0.0,-0.0,0.0,0.0,1.0,1.0,1.0
2012-12-20,0.0062142612868996,0.0062142612868998,0.0062142612868996,-2.0036056147532122e-16,0.0,0.0,0.0,0.0,-0.0,0.0,0.0,1.0,1.0,1.0
2012-12-21,-0.0067656991729183,-0.0067656991729183,-0.0067656991729183,0.0,-0.0067656991729183,-0.0,0.0,0.0,-0.0,0.0,0.0,1.0,1.0,1.0
2012-12-24,-0.003056427372314,-0.0030564273723137,-0.003056427372314,-3.0010716134398763e-16,-0.003056427372314,-0.0,0.0,0.0,-0.0,0.0,0.0,1.0,1.0,1.0
2012-12-26,0.0029279635023289,0.0029279635023286,0.0029279635023289,2.9967348047499343e-16,0.0,0.0,0.0,0.0,-0.0,0.0,0.0,1.0,1.0,1.0
2012-12-27,-2.0659617557927668e-05,-2.065961755797056e-05,-2.0659617557927668e-05,4.289374844895777e-17,-2.0659617557927668e-05,-0.0,0.0,0.0,-0.0,0.0,0.0,1.0,1.0,1.0
2012-12-28,-0.0059212824321555,-0.0059212824321553,-0.0059212824321555,-1.9949319973733282e-16,-0.0059212824321555,-0.0,0.0,0.0,-0.0,0.0,0.0,1.0,1.0,1.0
2012-12-31,0.0113227831022451,0.0113227831022449,0.0113227831022451,2.0122792321330962e-16,0.0,0.0,0.0,0.0,-0.0,0.0,0.0,1.0,1.0,1.0
2013-01-02,0.0245395818633302,0.0245395818633301,0.0245395818633302,1.0061396160665481e-16,0.0,0.0,0.0,0.0,-0.0,0.0,0.0,1.0,1.0,1.0
2013-01-03,-0.0035868804802381,-0.0035868804802379,-0.0035868804802381,-1.9992688060632702e-16,-0.0035868804802381,-0.0,0.0,0.0,-0.0,0.0,0.0,1.0,1.0,1.0
2013-01-04,-0.0001541385928446,-0.0001541385928447,-0.0001541385928446,9.999054535747565e-17,-0.0001541385928446,-0.0,0.0,0.0,-0.0,0.0,0.0,1.0,1.0,1.0
2013-01-07,-0.002882240989017,-0.0028822409890169,-0.002882240989017,-1.0018028073766061e-16,-0.002882240989017,-0.0,0.0,0.0,-0.0,0.0,0.0,1.0,1.0,1.0
2013-01-08,-0.0039596639419053,-0.0039596639419052,-0.0039596639419053,-9.974659986866641e-17,-0.0039596639419053,-0.0,0.0,0.0,-0.0,0.0,0.0,1.0,1.0,1.0
2013-01-09,0.0040225573837258,0.0040225573837257,0.0040225573837258,9.974659986866641e-17,0.0,0.0,0.0,0.0,-0.0,0.0,0.0,1.0,1.0,1.0
2013-01-10,0.0059303744895551,0.005930374489555,0.0059303744895551,9.974659986866641e-17,0.0,0.0,0.0,0.0,-0.0,0.0,0.0,1.0,1.0,1.0
2013-01-11,0.0010956986989099,0.0010956986989101,0.0010956986989099,-1.9992688060632702e-16,0.0,0.0,0.0,0.0,-0.0,0.0,0.0,1.0,1.0,1.0
2013-01-14,-0.0011984639039301,-0.0011984639039302,-0.0011984639039301,1.0018028073766061e-16,-0.0011984639039301,-0.0,0.0,0.0,-0.0,0.0,0.0,1.0,1.0,1.0
2013-01-15,-0.0014213263485456,-0.0014213263485457,-0.0014213263485456,9.996344030316351e-17,-0.0014213263485456,-0.0,0.0,0.0,-0.0,0.0,0.0,1.0,1.0,1.0
2013-01-16,-0.0012217747342293,-0.0012217747342292,-0.0012217747342293,-1.0018028073766061e-16,-0.0012217747342293,-0.0,0.0,0.0,-0.0,0.0,0.0,1.0,1.0,1.0
2013-01-17,0.0028903741172545,0.0028903741172545,0.0028903741172545,0.0,0.0,0.0,0.0,0.0,-0.0,0.0,0.0,1.0,1.0,1.0
2013-01-18,0.0014425449285349,0.001442544928535,0.0014425449285349,-9.996344030316351e-17,0.0,0.0,0.0,0.0,-0.0,0.0,0.0,1.0,1.0,1.0
2013-01-22,0.0030068795420541,0.0030068795420541,0.0030068795420541,0.0,0.0,0.0,0.0,0.0,-0.0,0.0,0.0,1.0,1.0,1.0
2013-01-23,0.0030792976382478,0.0030792976382479,0.0030792976382478,-1.0018028073766061e-16,0.0,0.0,0.0,0.0,-0.0,0.0,0.0,1.0,1.0,1.0
2013-01-24,-0.012412892195599,-0.012412892195599,-0.012412892195599,0.0,-0.012412892195599,-0.0,0.0,0.0,-0.0,0.0,0.0,1.0,1.0,1.0
2013-01-25,0.0033613414276922,0.0033613414276922,0.0033613414276922,0.0,0.0,0.0,0.0,0.0,-0.0,0.0,0.0,1.0,1.0,1.0
2013-01-28,0.0012505262785416,0.0012505262785415,0.0012505262785416,9.996344030316351e-17,0.0,0.0,0.0,0.0,-0.0,0.0,0.0,1.0,1.0,1.0
2013-01-29,0.003624987641678,0.003624987641678,0.003624987641678,0.0,0.0,0.0,0.0,0.0,-0.0,0.0,0.0,1.0,1.0,1.0
2013-01-30,-0.0024562373670002,-0.0024562373670003,-0.0024562373670002,9.974659986866641e-17,-0.0024562373670002,-0.0,0.0,0.0,-0.0,0.0,0.0,1.0,1.0,1.0
2013-01-31,-0.0001269755095819,-0.0001269755095818,-0.0001269755095819,-9.999054535747565e-17,-0.0001269755095819,-0.0,0.0,0.0,-0.0,0.0,0.0,1.0,1.0,1.0
2013-02-01,0.010943994798354,0.0109439947983541,0.010943994798354,-1.0061396160665481e-16,0.0,0.0,0.0,0.0,-0.0,0.0,0.0,1.0,1.0,1.0
2013-02-04,-0.0132198736771653,-0.0132198736771655,-0.0132198736771653,2.0122792321330962e-16,-0.0132198736771653,-0.0,0.0,0.0,-0.0,0.0,0.0,1.0,1.0,1.0
2013-02-05,0.0116016983084858,0.0116016983084861,0.0116016983084858,-3.0010716134398763e-16,0.0,0.0,0.0,0.0,-0.0,0.0,0.0,1.0,1.0,1.0
2013-02-06,-0.0007114123934877,-0.000711412393488,-0.0007114123934877,2.999987411267391e-16,-0.0007114123934877,-0.0,0.0,0.0,-0.0,0.0,0.0,1.0,1.0,1.0
2013-02-07,-0.0003555285785915,-0.0003555285785912,-0.0003555285785915,-2.999987411267391e-16,-0.0003555285785915,-0.0,0.0,0.0,-0.0,0.0,0.0,1.0,1.0,1.0
2013-02-08,0.009183557384468,0.0091835573844679,0.009183557384468,9.8879238130678e-17,0.0,0.0,0.0,0.0,-0.0,0.0,0.0,1.0,1.0,1.0
2013-02-11,0.0002254758432267,0.0002254758432267,0.0002254758432267,0.0,0.0,0.0,0.0,0.0,-0.0,0.0,0.0,1.0,1.0,1.0
2013-02-12,-0.002249954917557,-0.0022499549175569,-0.002249954917557,-1.0018028073766061e-16,-0.002249954917557,-0.0,0.0,0.0,-0.0,0.0,0.0,1.0,1.0,1.0
2013-02-13,0.001237347792137,0.0012373477921369,0.001237347792137,9.996344030316351e-17,0.0,0.0,0.0,0.0,-0.0,0.0,0.0,1.0,1.0,1.0
2013-02-14,0.0001401079727585,0.0001401079727585,0.0001401079727585,0.0,0.0,0.0,0.0,0.0,-0.0,0.0,0.0,1.0,1.0,1.0
2013-02-15,-0.0033768236749432,-0.0033768236749432,-0.0033768236749432,0.0,-0.0033768236749432,-0.0,0.0,0.0,-0.0,0.0,0.0,1.0,1.0,1.0
2013-02-19,0.0078307184967318,0.0078307184967318,0.0078307184967318,0.0,0.0,0.0,0.0,0.0,-0.0,0.0,0.0,1.0,1.0,1.0
2013-02-20,-0.0157149505026465,-0.0157149505026466,-0.0157149505026465,1.0061396160665481e-16,-0.0157149505026465,-0.0,0.0,0.0,-0.0,0.0,0.0,1.0,1.0,1.0
2013-02-21,-0.0064709712093958,-0.0064709712093957,-0.0064709712093958,-9.974659986866641e-17,-0.0064709712093958,-0.0,0.0,0.0,-0.0,0.0,0.0,1.0,1.0,1.0
2013-02-22,0.0114713669705099,0.0114713669705099,0.0114713669705099,0.0,0.0,0.0,0.0,0.0,-0.0,0.0,0.0,1.0,1.0,1.0
2013-02-25,-0.016277477486193,-0.016277477486193,-0.016277477486193,0.0,-0.016277477486193,-0.0,0.0,0.0,-0.0,0.0,0.0,1.0,1.0,1.0
2013-02-26,0.0062357717944061,0.006235771794406,0.0062357717944061,9.974659986866641e-17,0.0,0.0,0.0,0.0,-0.0,0.0,0.0,1.0,1.0,1.0
2013-02-27,0.0102236245738234,0.0102236245738233,0.0102236245738234,1.0061396160665481e-16,0.0,0.0,0.0,0.0,-0.0,0.0,0.0,1.0,1.0,1.0
2013-02-28,-0.0020402829339735,-0.0020402829339734,-0.0020402829339735,-1.0018028073766061e-16,-0.0020402829339735,-0.0,0.0,0.0,-0.0,0.0,0.0,1.0,1.0,1.0
2013-03-01,0.0020979096020159,0.0020979096020157,0.0020979096020159,1.9992688060632702e-16,0.0,0.0,0.0,0.0,-0.0,0.0,0.0,1.0,1.0,1.0
2013-03-04,0.0022383050526817,0.0022383050526816,0.0022383050526817,1.0018028073766061e-16,0.0,0.0,0.0,0.0,-0.0,0.0,0.0,1.0,1.0,1.0
2013-03-05,0.0124668078706422,0.0124668078706423,0.0124668078706422,-9.8879238130678e-17,0.0,0.0,0.0,0.0,-0.0,0.0,0.0,1.0,1.0,1.0
2013-03-06,-0.0006542713247988,-0.0006542713247988,-0.0006542713247988,0.0,-0.0006542713247988,-0.0,0.0,0.0,-0.0,0.0,0.0,1.0,1.0,1.0
2013-03-07,0.0029535496049839,0.0029535496049839,0.0029535496049839,0.0,0.0,0.0,0.0,0.0,-0.0,0.0,0.0,1.0,1.0,1.0
2013-03-08,0.0024051746552178,0.0024051746552179,0.0024051746552178,-9.974659986866641e-17,0.0,0.0,0.0,0.0,-0.0,0.0,0.0,1.0,1.0,1.0
2013-03-11,0.0020593468968057,0.0020593468968058,0.0020593468968057,-9.974659986866641e-17,0.0,0.0,0.0,0.0,-0.0,0.0,0.0,1.0,1.0,1.0
2013-03-12,-0.0026469089855404,-0.0026469089855406,-0.0026469089855404,1.9992688060632702e-16,-0.0026469089855404,-0.0,0.0,0.0,-0.0,0.0,0.0,1.0,1.0,1.0
2013-03-13,-0.0011224374782848,-0.0011224374782848,-0.0011224374782848,0.0,-0.0011224374782848,-0.0,0.0,0.0,-0.0,0.0,0.0,1.0,1.0,1.0
2013-03-14,0.0074191197558401,0.0074191197558402,0.0074191197558401,-1.0061396160665481e-16,0.0,0.0,0.0,0.0,-0.0,0.0,0.0,1.0,1.0,1.0
2013-03-15,-0.0029175079002493,-0.0029175079002491,-0.0029175079002493,-2.0036056147532122e-16,-0.0029175079002493,-0.0,0.0,0.0,-0.0,0.0,0.0,1.0,1.0,1.0
2013-03-18,-0.0025962764998922,-0.0025962764998922,-0.0025962764998922,0.0,-0.0025962764998922,-0.0,0.0,0.0,-0.0,0.0,0.0,1.0,1.0,1.0
2013-03-19,-0.0032875274574311,-0.0032875274574311,-0.0032875274574311,0.0,-0.0032875274574311,-0.0,0.0,0.0,-0.0,0.0,0.0,1.0,1.0,1.0
2013-03-20,0.0049285664061302,0.0049285664061301,0.0049285664061302,1.0061396160665481e-16,0.0,0.0,0.0,0.0,-0.0,0.0,0.0,1.0,1.0,1.0
2013-03-21,-0.0083872891719022,-0.0083872891719021,-0.0083872891719022,-1.0061396160665481e-16,-0.0083872891719022,-0.0,0.0,0.0,-0.0,0.0,0.0,1.0,1.0,1.0
2013-03-22,0.0076366139546149,0.007636613954615,0.0076366139546149,-1.0061396160665481e-16,0.0,0.0,0.0,0.0,-0.0,0.0,0.0,1.0,1.0,1.0
2013-03-25,-0.0028316524568692,-0.0028316524568693,-0.0028316524568692,9.974659986866641e-17,-0.0028316524568692,-0.0,0.0,0.0,-0.0,0.0,0.0,1.0,1.0,1.0
2013-03-26,0.0059255428083093,0.0059255428083092,0.0059255428083093,1.0061396160665481e-16,0.0,0.0,0.0,0.0,-0.0,0.0,0.0,1.0,1.0,1.0
2013-03-27,-0.0010692943758121,-0.0010692943758121,-0.0010692943758121,0.0,-0.0010692943758121,-0.0,0.0,0.0,-0.0,0.0,0.0,1.0,1.0,1.0
2013-03-28,0.0021676572427091,0.0021676572427092,0.0021676572427091,-9.974659986866641e-17,0.0,0.0,0.0,0.0,-0.0,0.0,0.0,1.0,1.0,1.0
2013-04-01,-0.0066556810561189,-0.006655681056119,-0.0066556810561189,9.974659986866641e-17,-0.0066556810561189,-0.0,0.0,0.0,-0.0,0.0,0.0,1.0,1.0,1.0
2013-04-02,0.0055095719494773,0.0055095719494772,0.0055095719494773,9.974659986866641e-17,0.0,0.0,0.0,0.0,-0.0,0.0,0.0,1.0,1.0,1.0
2013-04-03,-0.0085736331933684,-0.0085736331933683,-0.0085736331933684,-1.0061396160665481e-16,-0.0085736331933684,-0.0,0.0,0.0,-0.0,0.0,0.0,1.0,1.0,1.0
2013-04-04,0.0002490699640582,0.000249069964058,0.0002490699640582,1.999810907149513e-16,0.0,0.0,0.0,0.0,-0.0,0.0,0.0,1.0,1.0,1.0
2013-04-05,-0.0065613307444137,-0.0065613307444137,-0.0065613307444137,0.0,-0.0065613307444137,-0.0,0.0,0.0,-0.0,0.0,0.0,1.0,1.0,1.0
2013-04-08,0.0061226801901286,0.006122680190129,0.0061226801901286,-4.0072112295064244e-16,0.0,0.0,0.0,0.0,-0.0,0.0,0.0,1.0,1.0,1.0
2013-04-09,0.0049326828341917,0.0049326828341916,0.0049326828341917,9.974659986866641e-17,0.0,0.0,0.0,0.0,-0.0,0.0,0.0,1.0,1.0,1.0
2013-04-10,0.0170817661811217,0.0170817661811217,0.0170817661811217,0.0,0.0,0.0,0.0,0.0,-0.0,0.0,0.0,1.0,1.0,1.0
2013-04-11,0.0001910837084142,0.0001910837084142,0.0001910837084142,0.0,0.0,0.0,0.0,0.0,-0.0,0.0,0.0,1.0,1.0,1.0
2013-04-12,-0.0009051150825934,-0.0009051150825935,-0.0009051150825934,1.0007186052041206e-16,-0.0009051150825934,-0.0,0.0,0.0,-0.0,0.0,0.0,1.0,1.0,1.0
2013-04-15,-0.0196405113129328,-0.0196405113129329,-0.0196405113129328,1.0061396160665481e-16,-0.0196405113129328,-0.0,0.0,0.0,-0.0,0.0,0.0,1.0,1.0,1.0
2013-04-16,0.0130559155166891,0.0130559155166891,0.0130559155166891,0.0,0.0,0.0,0.0,0.0,-0.0,0.0,0.0,1.0,1.0,1.0
2013-04-17,-0.0179578944076718,-0.0179578944076717,-0.0179578944076718,-1.0061396160665481e-16,-0.0179578944076718,-0.0,0.0,0.0,-0.0,0.0,0.0,1.0,1.0,1.0
2013-04-18,-0.0118125733927352,-0.0118125733927352,-0.0118125733927352,0.0,-0.0118125733927352,-0.0,0.0,0.0,-0.0,0.0,0.0,1.0,1.0,1.0
2013-04-19,0.0083740218375163,0.0083740218375164,0.0083740218375163,-1.0061396160665481e-16,0.0,0.0,0.0,0.0,-0.0,0.0,0.0,1.0,1.0,1.0
2013-04-22,0.0080471477074013,0.0080471477074012,0.0080471477074013,1.0061396160665481e-16,0.0,0.0,0.0,0.0,-0.0,0.0,0.0,1.0,1.0,1.0
2013-04-23,0.0101211417900219,0.0101211417900219,0.0101211417900219,0.0,0.0,0.0,0.0,0.0,-0.0,0.0,0.0,1.0,1.0,1.0
2013-04-24,0.000636703576015,0.0006367035760153,0.000636703576015,-2.999987411267391e-16,0.0,0.0,0.0,0.0,-0.0,0.0,0.0,1.0,1.0,1.0
2013-04-25,0.0051555228164412,0.0051555228164411,0.0051555228164412,1.0061396160665481e-16,0.0,0.0,0.0,0.0,-0.0,0.0,0.0,1.0,1.0,1.0
2013-04-26,-0.0022769575784004,-0.0022769575784004,-0.0022769575784004,0.0,-0.0022769575784004,-0.0,0.0,0.0,-0.0,0.0,0.0,1.0,1.0,1.0
2013-04-29,0.0100107814453667,0.0100107814453665,0.0100107814453667,1.9949319973733282e-16,0.0,0.0,0.0,0.0,-0.0,0.0,0.0,1.0,1.0,1.0
2013-04-30,0.0077284183935733,0.0077284183935734,0.0077284183935733,-1.0061396160665481e-16,0.0,0.0,0.0,0.0,-0.0,0.0,0.0,1.0,1.0,1.0
2013-05-01,-0.0063978007277984,-0.0063978007277984,-0.0063978007277984,0.0,-0.0063978007277984,-0.0,0.0,0.0,-0.0,0.0,0.0,1.0,1.0,1.0
2013-05-02,0.0120439124230316,0.0120439124230317,0.0120439124230316,-1.0061396160665481e-16,0.0,0.0,0.0,0.0,-0.0,0.0,0.0,1.0,1.0,1.0
2013-05-03,0.0109211057745119,0.010921105774512,0.0109211057745119,-1.0061396160665481e-16,0.0,0.0,0.0,0.0,-0.0,0.0,0.0,1.0,1.0,1.0
2013-05-06,0.0040980694204186,0.0040980694204186,0.0040980694204186,0.0,0.0,0.0,0.0,0.0,-0.0,0.0,0.0,1.0,1.0,1.0
2013-05-07,0.0012134627178221,0.0012134627178223,0.0012134627178221,-2.0014372104082412e-16,0.0,0.0,0.0,0.0,-0.0,0.0,0.0,1.0,1.0,1.0
2013-05-08,0.0052216345317335,0.0052216345317335,0.0052216345317335,0.0,0.0,0.0,0.0,0.0,-0.0,0.0,0.0,1.0,1.0,1.0
2013-05-09,-0.0013201572438181,-0.0013201572438183,-0.0013201572438181,1.9992688060632702e-16,-0.0013201572438181,-0.0,0.0,0.0,-0.0,0.0,0.0,1.0,1.0,1.0
2013-05-10,0.0051085680007658,0.0051085680007658,0.0051085680007658,0.0,0.0,0.0,0.0,0.0,-0.0,0.0,0.0,1.0,1.0,1.0
2013-05-13,-0.0004759637840533,-0.0004759637840531,-0.0004759637840533,-2.0003530082357557e-16,-0.0004759637840533,-0.0,0.0,0.0,-0.0,0.0,0.0,1.0,1.0,1.0
2013-05-14,0.0053813697858542,0.0053813697858538,0.0053813697858542,3.9985376121265404e-16,0.0,0.0,0.0,0.0,-0.0,0.0,0.0,1.0,1.0,1.0
2013-05-15,0.0031530533623278,0.0031530533623277,0.0031530533623278,1.0018028073766061e-16,0.0,0.0,0.0,0.0,-0.0,0.0,0.0,1.0,1.0,1.0
2013-05-16,-0.0006817583264453,-0.0006817583264453,-0.0006817583264453,0.0,-0.0006817583264453,-0.0,0.0,0.0,-0.0,0.0,0.0,1.0,1.0,1.0
2013-05-17,0.0097488107502681,0.0097488107502682,0.0097488107502681,-1.0061396160665481e-16,0.0,0.0,0.0,0.0,-0.0,0.0,0.0,1.0,1.0,1.0
2013-05-20,-0.001381458817116,-0.0013814588171161,-0.001381458817116,9.996344030316351e-17,-0.001381458817116,-0.0,0.0,0.0,-0.0,0.0,0.0,1.0,1.0,1.0
2013-05-21,-0.0001100719258639,-0.0001100719258638,-0.0001100719258639,-1.0000409788463172e-16,-0.0001100719258639,-0.0,0.0,0.0,-0.0,0.0,0.0,1.0,1.0,1.0
2013-05-22,-0.0079654319878772,-0.0079654319878772,-0.0079654319878772,0.0,-0.0079654319878772,-0.0,0.0,0.0,-0.0,0.0,0.0,1.0,1.0,1.0
2013-05-23,-0.0010032345747349,-0.0010032345747349,-0.0010032345747349,0.0,-0.0010032345747349,-0.0,0.0,0.0,-0.0,0.0,0.0,1.0,1.0,1.0
2013-05-24,-0.0015285118051143,-0.0015285118051142,-0.0015285118051143,-1.0018028073766061e-16,-0.0015285118051143,-0.0,0.0,0.0,-0.0,0.0,0.0,1.0,1.0,1.0
2013-05-28,0.0061905359321323,0.0061905359321324,0.0061905359321323,-1.0061396160665481e-16,0.0,0.0,0.0,0.0,-0.0,0.0,0.0,1.0,1.0,1.0
2013-05-29,-0.0065372350812544,-0.0065372350812546,-0.0065372350812544,2.0036056147532122e-16,-0.0065372350812544,-0.0,0.0,0.0,-0.0,0.0,0.0,1.0,1.0,1.0
2013-05-30,0.0035404345110052,0.0035404345110053,0.0035404345110052,-1.0018028073766061e-16,0.0,0.0,0.0,0.0,-0.0,0.0,0.0,1.0,1.0,1.0
2013-05-31,-0.0113865290001825,-0.0113865290001826,-0.0113865290001825,1.0061396160665481e-16,-0.0113865290001825,-0.0,0.0,0.0,-0.0,0.0,0.0,1.0,1.0,1.0
2013-06-03,0.0061630568124662,0.0061630568124663,0.0061630568124662,-9.974659986866641e-17,0.0,0.0,0.0,0.0,-0.0,0.0,0.0,1.0,1.0,1.0
2013-06-04,-0.0058981439241544,-0.0058981439241545,-0.0058981439241544,9.974659986866641e-17,-0.0058981439241544,-0.0,0.0,0.0,-0.0,0.0,0.0,1.0,1.0,1.0
2013-06-05,-0.0133101431092944,-0.0133101431092945,-0.0133101431092944,1.0061396160665481e-16,-0.0133101431092944,-0.0,0.0,0.0,-0.0,0.0,0.0,1.0,1.0,1.0
2013-06-06,0.0055900563345843,0.0055900563345843,0.0055900563345843,0.0,0.0,0.0,0.0,0.0,-0.0,0.0,0.0,1.0,1.0,1.0
2013-06-07,0.0090264113245763,0.0090264113245761,0.0090264113245763,1.9949319973733282e-16,0.0,0.0,0.0,0.0,-0.0,0.0,0.0,1.0,1.0,1.0
2013-06-10,-0.002266999096977,-0.0022669990969768,-0.002266999096977,-1.9992688060632702e-16,-0.002266999096977,-0.0,0.0,0.0,-0.0,0.0,0.0,1.0,1.0,1.0
2013-06-11,-0.0119524136126005,-0.0119524136126004,-0.0119524136126005,-1.0061396160665481e-16,-0.0119524136126005,-0.0,0.0,0.0,-0.0,0.0,0.0,1.0,1.0,1.0
2013-06-12,-0.0062139220304758,-0.0062139220304759,-0.0062139220304758,9.974659986866641e-17,-0.0062139220304758,-0.0,0.0,0.0,-0.0,0.0,0.0,1.0,1.0,1.0
2013-06-13,0.0122273866804565,0.0122273866804564,0.0122273866804565,1.0061396160665481e-16,0.0,0.0,0.0,0.0,-0.0,0.0,0.0,1.0,1.0,1.0
2013-06-14,-0.0036803963414909,-0.0036803963414909,-0.0036803963414909,0.0,-0.0036803963414909,-0.0,0.0,0.0,-0.0,0.0,0.0,1.0,1.0,1.0
2013-06-17,0.004398265750958,0.0043982657509579,0.004398265750958,9.974659986866641e-17,0.0,0.0,0.0,0.0,-0.0,0.0,0.0,1.0,1.0,1.0
2013-06-18,0.0044529240332948,0.0044529240332951,0.0044529240332948,-3.0010716134398763e-16,0.0,0.0,0.0,0.0,-0.0,0.0,0.0,1.0,1.0,1.0
2013-06-19,-0.0155363656103604,-0.0155363656103605,-0.0155363656103604,1.0061396160665481e-16,-0.0155363656103604,-0.0,0.0,0.0,-0.0,0.0,0.0,1.0,1.0,1.0
2013-06-20,-0.0202296367778602,-0.0202296367778601,-0.0202296367778602,-9.71445146547012e-17,-0.0202296367778602,-0.0,0.0,0.0,-0.0,0.0,0.0,1.0,1.0,1.0
2013-06-21,0.0029133732551605,0.0029133732551605,0.0029133732551605,0.0,0.0,0.0,0.0,0.0,-0.0,0.0,0.0,1.0,1.0,1.0
2013-06-24,-0.0062284331257489,-0.0062284331257487,-0.0062284331257489,-2.0036056147532122e-16,-0.0062284331257489,-0.0,0.0,0.0,-0.0,0.0,0.0,1.0,1.0,1.0
2013-06-25,0.0097001517732719,0.0097001517732718,0.0097001517732719,1.0061396160665481e-16,0.0,0.0,0.0,0.0,-0.0,0.0,0.0,1.0,1.0,1.0
2013-06-26,0.0090110141741506,0.0090110141741506,0.0090110141741506,0.0,0.0,0.0,0.0,0.0,-0.0,0.0,0.0,1.0,1.0,1.0
2013-06-27,0.0077628481474185,0.0077628481474185,0.0077628481474185,0.0,0.0,0.0,0.0,0.0,-0.0,0.0,0.0,1.0,1.0,1.0
2013-06-28,-0.0036607336480629,-0.003660733648063,-0.0036607336480629,1.0018028073766061e-16,-0.0036607336480629,-0.0,0.0,0.0,-0.0,0.0,0.0,1.0,1.0,1.0
2013-07-01,0.002147094020354,0.002147094020354,0.002147094020354,0.0,0.0,0.0,0.0,0.0,-0.0,0.0,0.0,1.0,1.0,1.0
2013-07-02,-0.0092231592225247,-0.0092231592225246,-0.0092231592225247,-1.0061396160665481e-16,-0.0092231592225247,-0.0,0.0,0.0,-0.0,0.0,0.0,1.0,1.0,1.0
2013-07-03,-0.0004528789713679,-0.000452878971368,-0.0004528789713679,1.0001765041178778e-16,-0.0004528789713679,-0.0,0.0,0.0,-0.0,0.0,0.0,1.0,1.0,1.0
2013-07-05,-0.006579866073306,-0.0065798660733058,-0.006579866073306,-2.0036056147532122e-16,-0.006579866073306,-0.0,0.0,0.0,-0.0,0.0,0.0,1.0,1.0,1.0
2013-07-08,0.0010473333054594,0.0010473333054594,0.0010473333054594,0.0,0.0,0.0,0.0,0.0,-0.0,0.0,0.0,1.0,1.0,1.0
2013-07-09,0.0043342981372476,0.0043342981372474,0.0043342981372476,1.9949319973733282e-16,0.0,0.0,0.0,0.0,-0.0,0.0,0.0,1.0,1.0,1.0
2013-07-10,-0.0052754455039074,-0.0052754455039074,-0.0052754455039074,0.0,-0.0052754455039074,-0.0,0.0,0.0,-0.0,0.0,0.0,1.0,1.0,1.0
2013-07-11,0.030405779847928,0.030405779847928,0.030405779847928,0.0,0.0,0.0,0.0,0.0,-0.0,0.0,0.0,1.0,1.0,1.0
2013-07-12,-0.0071242837065448,-0.0071242837065449,-0.0071242837065448,1.0061396160665481e-16,-0.0071242837065448,-0.0,0.0,0.0,-0.0,0.0,0.0,1.0,1.0,1.0
2013-07-15,0.0093268052867852,0.0093268052867851,0.0093268052867852,1.0061396160665481e-16,0.0,0.0,0.0,0.0,-0.0,0.0,0.0,1.0,1.0,1.0
2013-07-16,-0.000392162193427,-0.0003921621934269,-0.000392162193427,-1.0001765041178778e-16,-0.000392162193427,-0.0,0.0,0.0,-0.0,0.0,0.0,1.0,1.0,1.0
2013-07-17,0.0084349546388611,0.0084349546388611,0.0084349546388611,0.0,0.0,0.0,0.0,0.0,-0.0,0.0,0.0,1.0,1.0,1.0
2013-07-18,-0.0030621577055994,-0.0030621577055995,-0.0030621577055994,1.0018028073766061e-16,-0.0030621577055994,-0.0,0.0,0.0,-0.0,0.0,0.0,1.0,1.0,1.0
2013-07-19,-0.0017645897039273,-0.0017645897039272,-0.0017645897039273,-9.996344030316351e-17,-0.0017645897039273,-0.0,0.0,0.0,-0.0,0.0,0.0,1.0,1.0,1.0
2013-07-22,0.0075666128907141,0.0075666128907142,0.0075666128907141,-9.974659986866641e-17,0.0,0.0,0.0,0.0,-0.0,0.0,0.0,1.0,1.0,1.0
2013-07-23,0.0079984035517532,0.0079984035517531,0.0079984035517532,1.0061396160665481e-16,0.0,0.0,0.0,0.0,-0.0,0.0,0.0,1.0,1.0,1.0
2013-07-24,-0.0112527261233598,-0.0112527261233599,-0.0112527261233598,1.0061396160665481e-16,-0.0112527261233598,-0.0,0.0,0.0,-0.0,0.0,0.0,1.0,1.0,1.0
2013-07-25,0.0060176051824631,0.0060176051824631,0.0060176051824631,0.0,0.0,0.0,0.0,0.0,-0.0,0.0,0.0,1.0,1.0,1.0
2013-07-26,-0.003269614342407,-0.0032696143424071,-0.003269614342407,1.0018028073766061e-16,-0.003269614342407,-0.0,0.0,0.0,-0.0,0.0,0.0,1.0,1.0,1.0
2013-07-29,-0.0060769401627609,-0.0060769401627607,-0.0060769401627609,-1.9949319973733282e-16,-0.0060769401627609,-0.0,0.0,0.0,-0.0,0.0,0.0,1.0,1.0,1.0
2013-07-30,-0.0043630849014933,-0.0043630849014933,-0.0043630849014933,0.0,-0.0043630849014933,-0.0,0.0,0.0,-0.0,0.0,0.0,1.0,1.0,1.0
2013-07-31,-0.0024661339001033,-0.0024661339001033,-0.0024661339001033,0.0,-0.0024661339001033,-0.0,0.0,0.0,-0.0,0.0,0.0,1.0,1.0,1.0
2013-08-01,0.0110530998287869,0.011053099828787,0.0110530998287869,-9.8879238130678e-17,0.0,0.0,0.0,0.0,-0.0,0.0,0.0,1.0,1.0,1.0
2013-08-02,0.0005696078533938,0.0005696078533936,0.0005696078533938,2.0003530082357557e-16,0.0,0.0,0.0,0.0,-0.0,0.0,0.0,1.0,1.0,1.0
2013-08-05,-0.0069425283886712,-0.0069425283886713,-0.0069425283886712,9.974659986866641e-17,-0.0069425283886712,-0.0,0.0,0.0,-0.0,0.0,0.0,1.0,1.0,1.0
2013-08-06,-0.0112354368027676,-0.0112354368027673,-0.0112354368027676,-3.0010716134398763e-16,-0.0112354368027676,-0.0,0.0,0.0,-0.0,0.0,0.0,1.0,1.0,1.0
2013-08-07,-0.0066013876134323,-0.0066013876134324,-0.0066013876134323,9.974659986866641e-17,-0.0066013876134323,-0.0,0.0,0.0,-0.0,0.0,0.0,1.0,1.0,1.0
2013-08-08,0.0117491905911584,0.0117491905911583,0.0117491905911584,9.8879238130678e-17,0.0,0.0,0.0,0.0,-0.0,0.0,0.0,1.0,1.0,1.0
2013-08-09,0.0009988653957599,0.00099886539576,0.0009988653957599,-9.996344030316351e-17,0.0,0.0,0.0,0.0,-0.0,0.0,0.0,1.0,1.0,1.0
2013-08-12,0.0007710140465329,0.0007710140465329,0.0007710140465329,0.0,0.0,0.0,0.0,0.0,-0.0,0.0,0.0,1.0,1.0,1.0
2013-08-13,0.0019458191729504,0.0019458191729507,0.0019458191729504,-3.0010716134398763e-16,0.0,0.0,0.0,0.0,-0.0,0.0,0.0,1.0,1.0,1.0
2013-08-14,0.000752831445044,0.0007528314450441,0.000752831445044,-1.0007186052041206e-16,0.0,0.0,0.0,0.0,-0.0,0.0,0.0,1.0,1.0,1.0
2013-08-15,-0.0060811903069278,-0.006081190306928,-0.0060811903069278,1.9949319973733282e-16,-0.0060811903069278,-0.0,0.0,0.0,-0.0,0.0,0.0,1.0,1.0,1.0
2013-08-16,-0.0042420996348068,-0.0042420996348068,-0.0042420996348068,0.0,-0.0042420996348068,-0.0,0.0,0.0,-0.0,0.0,0.0,1.0,1.0,1.0
2013-08-19,-0.0093934966856784,-0.0093934966856785,-0.0093934966856784,9.8879238130678e-17,-0.0093934966856784,-0.0,0.0,0.0,-0.0,0.0,0.0,1.0,1.0,1.0
2013-08-20,0.001493995201804,0.0014939952018038,0.001493995201804,2.0014372104082412e-16,0.0,0.0,0.0,0.0,-0.0,0.0,0.0,1.0,1.0,1.0
2013-08-21,-0.0079642867187552,-0.007964286718755,-0.0079642867187552,-2.0122792321330962e-16,-0.0079642867187552,-0.0,0.0,0.0,-0.0,0.0,0.0,1.0,1.0,1.0
2013-08-22,0.0094819187460133,0.0094819187460133,0.0094819187460133,0.0,0.0,0.0,0.0,0.0,-0.0,0.0,0.0,1.0,1.0,1.0
2013-08-23,0.0084315812798649,0.0084315812798649,0.0084315812798649,0.0,0.0,0.0,0.0,0.0,-0.0,0.0,0.0,1.0,1.0,1.0
2013-08-26,-0.0022329650641244,-0.0022329650641242,-0.0022329650641244,-2.0036056147532122e-16,-0.0022329650641244,-0.0,0.0,0.0,-0.0,0.0,0.0,1.0,1.0,1.0
2013-08-27,-0.01069251498392,-0.0106925149839202,-0.01069251498392,2.0122792321330962e-16,-0.01069251498392,-0.0,0.0,0.0,-0.0,0.0,0.0,1.0,1.0,1.0
2013-08-28,0.0037552676864509,0.003755267686451,0.0037552676864509,-9.974659986866641e-17,0.0,0.0,0.0,0.0,-0.0,0.0,0.0,1.0,1.0,1.0
2013-08-29,-0.0010543323793021,-0.0010543323793018,-0.0010543323793021,-2.9989032090949053e-16,-0.0010543323793021,-0.0,0.0,0.0,-0.0,0.0,0.0,1.0,1.0,1.0
2013-08-30,-0.0004497602384493,-0.0004497602384496,-0.0004497602384493,2.999987411267391e-16,-0.0004497602384493,-0.0,0.0,0.0,-0.0,0.0,0.0,1.0,1.0,1.0
2013-09-03,0.0051985033652413,0.0051985033652414,0.0051985033652413,-9.974659986866641e-17,0.0,0.0,0.0,0.0,-0.0,0.0,0.0,1.0,1.0,1.0
2013-09-04,0.0064955228141649,0.0064955228141649,0.0064955228141649,0.0,0.0,0.0,0.0,0.0,-0.0,0.0,0.0,1.0,1.0,1.0
2013-09-05,0.0030432190136953,0.0030432190136954,0.0030432190136953,-1.0018028073766061e-16,0.0,0.0,0.0,0.0,-0.0,0.0,0.0,1.0,1.0,1.0
2013-09-06,0.0039797197061011,0.003979719706101,0.0039797197061011,9.974659986866641e-17,0.0,0.0,0.0,0.0,-0.0,0.0,0.0,1.0,1.0,1.0
2013-09-09,0.0115917773882205,0.0115917773882207,0.0115917773882205,-1.9949319973733282e-16,0.0,0.0,0.0,0.0,-0.0,0.0,0.0,1.0,1.0,1.0
2013-09-10,0.0027848831768546,0.0027848831768544,0.0027848831768546,1.9992688060632702e-16,0.0,0.0,0.0,0.0,-0.0,0.0,0.0,1.0,1.0,1.0
2013-09-11,0.0023532823816507,0.0023532823816507,0.0023532823816507,0.0,0.0,0.0,0.0,0.0,-0.0,0.0,0.0,1.0,1.0,1.0
2013-09-12,-0.0045628304874086,-0.0045628304874087,-0.0045628304874086,9.974659986866641e-17,-0.0045628304874086,-0.0,0.0,0.0,-0.0,0.0,0.0,1.0,1.0,1.0
2013-09-13,0.0022216183461625,0.0022216183461626,0.0022216183461625,-1.0018028073766061e-16,0.0,0.0,0.0,0.0,-0.0,0.0,0.0,1.0,1.0,1.0
2013-09-16,0.0017551949067191,0.0017551949067191,0.0017551949067191,0.0,0.0,0.0,0.0,0.0,-0.0,0.0,0.0,1.0,1.0,1.0
2013-09-17,-0.0012485720932418,-0.0012485720932419,-0.0012485720932418,9.996344030316351e-17,-0.0012485720932418,-0.0,0.0,0.0,-0.0,0.0,0.0,1.0,1.0,1.0
2013-09-18,0.0225644595119491,0.0225644595119492,0.0225644595119491,-1.0061396160665481e-16,0.0,0.0,0.0,0.0,-0.0,0.0,0.0,1.0,1.0,1.0
2013-09-19,-0.0029564033195192,-0.0029564033195193,-0.0029564033195192,1.0018028073766061e-16,-0.0029564033195192,-0.0,0.0,0.0,-0.0,0.0,0.0,1.0,1.0,1.0
2013-09-20,-0.011869887790058,-0.011869887790058,-0.011869887790058,0.0,-0.011869887790058,-0.0,0.0,0.0,-0.0,0.0,0.0,1.0,1.0,1.0
2013-09-23,-0.0028038739251528,-0.0028038739251527,-0.0028038739251528,-1.0018028073766061e-16,-0.0028038739251528,-0.0,0.0,0.0,-0.0,0.0,0.0,1.0,1.0,1.0
2013-09-24,-0.001786408892893,-0.0017864088928929,-0.001786408892893,-9.996344030316351e-17,-0.001786408892893,-0.0,0.0,0.0,-0.0,0.0,0.0,1.0,1.0,1.0
2013-09-25,-0.0010058122787414,-0.0010058122787415,-0.0010058122787414,9.996344030316351e-17,-0.0010058122787414,-0.0,0.0,0.0,-0.0,0.0,0.0,1.0,1.0,1.0
2013-09-26,0.0047970095148741,0.0047970095148742,0.0047970095148741,-1.0061396160665481e-16,0.0,0.0,0.0,0.0,-0.0,0.0,0.0,1.0,1.0,1.0
2013-09-27,-0.0077624889943547,-0.0077624889943545,-0.0077624889943547,-1.9949319973733282e-16,-0.0077624889943547,-0.0,0.0,0.0,-0.0,0.0,0.0,1.0,1.0,1.0
2013-09-30,-0.0066434451809171,-0.0066434451809172,-0.0066434451809171,9.974659986866641e-17,-0.0066434451809171,-0.0,0.0,0.0,-0.0,0.0,0.0,1.0,1.0,1.0
2013-10-01,0.0066342554977341,0.006634255497734,0.0066342554977341,9.974659986866641e-17,0.0,0.0,0.0,0.0,-0.0,0.0,0.0,1.0,1.0,1.0
2013-10-02,0.0037524909928436,0.0037524909928437,0.0037524909928436,-9.974659986866641e-17,0.0,0.0,0.0,0.0,-0.0,0.0,0.0,1.0,1.0,1.0
2013-10-03,-0.0064465377606851,-0.0064465377606849,-0.0064465377606851,-2.0036056147532122e-16,-0.0064465377606851,-0.0,0.0,0.0,-0.0,0.0,0.0,1.0,1.0,1.0
2013-10-04,0.006111959530237,0.0061119595302369,0.006111959530237,1.0061396160665481e-16,0.0,0.0,0.0,0.0,-0.0,0.0,0.0,1.0,1.0,1.0
2013-10-07,-0.002907507457599,-0.002907507457599,-0.002907507457599,0.0,-0.002907507457599,-0.0,0.0,0.0,-0.0,0.0,0.0,1.0,1.0,1.0
2013-10-08,-0.0064711697583293,-0.0064711697583294,-0.0064711697583293,9.974659986866641e-17,-0.0064711697583293,-0.0,0.0,0.0,-0.0,0.0,0.0,1.0,1.0,1.0
2013-10-09,-5.721405770442445e-05,-5.721405770433931e-05,-5.721405770442445e-05,-8.513697559442424e-17,-5.721405770442445e-05,0.0,0.0,0.0,-0.0,0.0,0.0,1.0,1.0,1.0
2013-10-10,0.0199909488909717,0.0199909488909719,0.0199909488909717,-1.97758476261356e-16,0.0,0.0,0.0,0.0,-0.0,0.0,0.0,1.0,1.0,1.0
2013-10-11,0.0046848482129497,0.0046848482129495,0.0046848482129497,1.9949319973733282e-16,0.0,0.0,0.0,0.0,-0.0,0.0,0.0,1.0,1.0,1.0
2013-10-14,0.0041265866632866,0.0041265866632868,0.0041265866632866,-2.0036056147532122e-16,0.0,0.0,0.0,0.0,-0.0,0.0,0.0,1.0,1.0,1.0
2013-10-15,-0.0061024391843707,-0.0061024391843707,-0.0061024391843707,0.0,-0.0061024391843707,-0.0,0.0,0.0,-0.0,0.0,0.0,1.0,1.0,1.0
2013-10-16,0.0122405259831881,0.0122405259831881,0.0122405259831881,0.0,0.0,0.0,0.0,0.0,-0.0,0.0,0.0,1.0,1.0,1.0
2013-10-17,0.0025330561470058,0.0025330561470059,0.0025330561470058,-1.0018028073766061e-16,0.0,0.0,0.0,0.0,-0.0,0.0,0.0,1.0,1.0,1.0
2013-10-18,0.0070801346818669,0.0070801346818668,0.0070801346818669,9.974659986866641e-17,0.0,0.0,0.0,0.0,-0.0,0.0,0.0,1.0,1.0,1.0
2013-10-21,-0.0010311775320629,-0.0010311775320629,-0.0010311775320629,0.0,-0.0010311775320629,-0.0,0.0,0.0,-0.0,0.0,0.0,1.0,1.0,1.0
2013-10-22,0.0032510403855721,0.003251040385572,0.0032510403855721,1.0018028073766061e-16,0.0,0.0,0.0,0.0,-0.0,0.0,0.0,1.0,1.0,1.0
2013-10-23,-0.0135209743997976,-0.0135209743997975,-0.0135209743997976,-9.8879238130678e-17,-0.0135209743997976,-0.0,0.0,0.0,-0.0,0.0,0.0,1.0,1.0,1.0
2013-10-24,0.0013391405509455,0.0013391405509453,0.0013391405509455,2.0014372104082412e-16,0.0,0.0,0.0,0.0,-0.0,0.0,0.0,1.0,1.0,1.0
2013-10-25,0.0046390633321176,0.0046390633321174,0.0046390633321176,1.9949319973733282e-16,0.0,0.0,0.0,0.0,-0.0,0.0,0.0,1.0,1.0,1.0
2013-10-28,0.0022566695194172,0.0022566695194173,0.0022566695194172,-1.0018028073766061e-16,0.0,0.0,0.0,0.0,-0.0,0.0,0.0,1.0,1.0,1.0
2013-10-29,0.0034153264285925,0.0034153264285926,0.0034153264285925,-1.0018028073766061e-16,0.0,0.0,0.0,0.0,-0.0,0.0,0.0,1.0,1.0,1.0
2013-10-30,-0.0031075195021615,-0.0031075195021616,-0.0031075195021615,1.0018028073766061e-16,-0.0031075195021615,-0.0,0.0,0.0,-0.0,0.0,0.0,1.0,1.0,1.0
2013-10-31,-0.0074189329770341,-0.0074189329770341,-0.0074189329770341,0.0,-0.0074189329770341,-0.0,0.0,0.0,-0.0,0.0,0.0,1.0,1.0,1.0
2013-11-01,-0.0017151617500855,-0.0017151617500854,-0.0017151617500855,-9.996344030316351e-17,-0.0017151617500855,-0.0,0.0,0.0,-0.0,0.0,0.0,1.0,1.0,1.0
2013-11-04,0.0013128195782257,0.0013128195782255,0.0013128195782257,1.9992688060632702e-16,0.0,0.0,0.0,0.0,-0.0,0.0,0.0,1.0,1.0,1.0
2013-11-05,-0.0063353464196682,-0.0063353464196682,-0.0063353464196682,0.0,-0.0063353464196682,-0.0,0.0,0.0,-0.0,0.0,0.0,1.0,1.0,1.0
2013-11-06,0.0035569204859047,0.0035569204859047,0.0035569204859047,0.0,0.0,0.0,0.0,0.0,-0.0,0.0,0.0,1.0,1.0,1.0
2013-11-07,-0.0123062840453083,-0.0123062840453083,-0.0123062840453083,0.0,-0.0123062840453083,-0.0,0.0,0.0,-0.0,0.0,0.0,1.0,1.0,1.0
2013-11-08,0.0106281440356283,0.0106281440356283,0.0106281440356283,0.0,0.0,0.0,0.0,0.0,-0.0,0.0,0.0,1.0,1.0,1.0
2013-11-11,-0.0006057089896416,-0.0006057089896415,-0.0006057089896416,-9.996344030316351e-17,-0.0006057089896416,-0.0,0.0,0.0,-0.0,0.0,0.0,1.0,1.0,1.0
2013-11-12,-0.0044864189967992,-0.0044864189967992,-0.0044864189967992,0.0,-0.0044864189967992,-0.0,0.0,0.0,-0.0,0.0,0.0,1.0,1.0,1.0
2013-11-13,0.0053941919320157,0.0053941919320157,0.0053941919320157,0.0,0.0,0.0,0.0,0.0,-0.0,0.0,0.0,1.0,1.0,1.0
2013-11-14,0.0071996555376507,0.0071996555376508,0.0071996555376507,-9.974659986866641e-17,0.0,0.0,0.0,0.0,-0.0,0.0,0.0,1.0,1.0,1.0
2013-11-15,0.0034016804463659,0.0034016804463658,0.0034016804463659,1.0018028073766061e-16,0.0,0.0,0.0,0.0,-0.0,0.0,0.0,1.0,1.0,1.0
2013-11-18,-0.0024032533814313,-0.0024032533814312,-0.0024032533814313,-9.974659986866641e-17,-0.0024032533814313,-0.0,0.0,0.0,-0.0,0.0,0.0,1.0,1.0,1.0
2013-11-19,0.0002210721396498,0.0002210721396498,0.0002210721396498,0.0,0.0,0.0,0.0,0.0,-0.0,0.0,0.0,1.0,1.0,1.0
2013-11-20,-0.0024583363199781,-0.0024583363199781,-0.0024583363199781,0.0,-0.0024583363199781,-0.0,0.0,0.0,-0.0,0.0,0.0,1.0,1.0,1.0
2013-11-21,0.0121866606419773,0.0121866606419774,0.0121866606419773,-1.0061396160665481e-16,0.0,0.0,0.0,0.0,-0.0,0.0,0.0,1.0,1.0,1.0
2013-11-22,0.0034825825182589,0.0034825825182589,0.0034825825182589,0.0,0.0,0.0,0.0,0.0,-0.0,0.0,0.0,1.0,1.0,1.0
2013-11-25,-0.0008719822355838,-0.0008719822355839,-0.0008719822355838,1.0007186052041206e-16,-0.0008719822355838,-0.0,0.0,0.0,-0.0,0.0,0.0,1.0,1.0,1.0
2013-11-26,-0.0003647325413146,-0.0003647325413145,-0.0003647325413146,-1.0001765041178778e-16,-0.0003647325413146,-0.0,0.0,0.0,-0.0,0.0,0.0,1.0,1.0,1.0
2013-11-27,0.0019729250722237,0.001972925072224,0.0019729250722237,-3.0010716134398763e-16,0.0,0.0,0.0,0.0,-0.0,0.0,0.0,1.0,1.0,1.0
2013-11-29,-0.0018747379923067,-0.0018747379923068,-0.0018747379923067,9.996344030316351e-17,-0.0018747379923067,-0.0,0.0,0.0,-0.0,0.0,0.0,1.0,1.0,1.0
2013-12-02,-0.0007812917882814,-0.0007812917882813,-0.0007812917882814,-1.0007186052041206e-16,-0.0007812917882814,-0.0,0.0,0.0,-0.0,0.0,0.0,1.0,1.0,1.0
2013-12-03,-0.005378941991972,-0.0053789419919721,-0.005378941991972,9.974659986866641e-17,-0.005378941991972,-0.0,0.0,0.0,-0.0,0.0,0.0,1.0,1.0,1.0
2013-12-04,0.0009994400254089,0.000999440025409,0.0009994400254089,-1.0018028073766061e-16,0.0,0.0,0.0,0.0,-0.0,0.0,0.0,1.0,1.0,1.0
2013-12-05,-0.0070010827348787,-0.0070010827348789,-0.0070010827348787,2.0036056147532122e-16,-0.0070010827348787,-0.0,0.0,0.0,-0.0,0.0,0.0,1.0,1.0,1.0
2013-12-06,0.010356880621114,0.0103568806211142,0.010356880621114,-2.0122792321330962e-16,0.0,0.0,0.0,0.0,-0.0,0.0,0.0,1.0,1.0,1.0
2013-12-09,0.0034617610681191,0.003461761068119,0.0034617610681191,1.0018028073766061e-16,0.0,0.0,0.0,0.0,-0.0,0.0,0.0,1.0,1.0,1.0
2013-12-10,-0.0032400522429769,-0.0032400522429769,-0.0032400522429769,0.0,-0.0032400522429769,-0.0,0.0,0.0,-0.0,0.0,0.0,1.0,1.0,1.0
2013-12-11,-0.012945773780859,-0.0129457737808589,-0.012945773780859,-9.8879238130678e-17,-0.012945773780859,-0.0,0.0,0.0,-0.0,0.0,0.0,1.0,1.0,1.0
2013-12-12,-0.0015154171140445,-0.0015154171140445,-0.0015154171140445,0.0,-0.0015154171140445,-0.0,0.0,0.0,-0.0,0.0,0.0,1.0,1.0,1.0
2013-12-13,-0.000674399186553,-0.0006743991865531,-0.000674399186553,9.996344030316351e-17,-0.000674399186553,-0.0,0.0,0.0,-0.0,0.0,0.0,1.0,1.0,1.0
2013-12-16,0.0073804328161335,0.0073804328161334,0.0073804328161335,1.0061396160665481e-16,0.0,0.0,0.0,0.0,-0.0,0.0,0.0,1.0,1.0,1.0
2013-12-17,-0.0051714482917899,-0.0051714482917899,-0.0051714482917899,0.0,-0.0051714482917899,-0.0,0.0,0.0,-0.0,0.0,0.0,1.0,1.0,1.0
2013-12-18,0.0186105105852412,0.0186105105852411,0.0186105105852412,1.0061396160665481e-16,0.0,0.0,0.0,0.0,-0.0,0.0,0.0,1.0,1.0,1.0
2013-12-19,2.8506734487843133e-05,2.8506734487922e-05,2.8506734487843133e-05,-7.88655436529534e-17,0.0,0.0,0.0,0.0,-0.0,0.0,0.0,1.0,1.0,1.0
2013-12-20,0.0054217825084978,0.0054217825084978,0.0054217825084978,0.0,0.0,0.0,0.0,0.0,-0.0,0.0,0.0,1.0,1.0,1.0
2013-12-23,0.0030388326059678,0.0030388326059678,0.0030388326059678,0.0,0.0,0.0,0.0,0.0,-0.0,0.0,0.0,1.0,1.0,1.0
2013-12-24,0.0021708851110326,0.0021708851110328,0.0021708851110326,-2.0036056147532122e-16,0.0,0.0,0.0,0.0,-0.0,0.0,0.0,1.0,1.0,1.0
2013-12-26,0.0027510146624485,0.0027510146624484,0.0027510146624485,1.0018028073766061e-16,0.0,0.0,0.0,0.0,-0.0,0.0,0.0,1.0,1.0,1.0
2013-12-27,0.0004462880175117,0.0004462880175115,0.0004462880175117,2.0003530082357557e-16,0.0,0.0,0.0,0.0,-0.0,0.0,0.0,1.0,1.0,1.0
2013-12-30,-0.0019787312977608,-0.0019787312977606,-0.0019787312977608,-1.9992688060632702e-16,-0.0019787312977608,-0.0,0.0,0.0,-0.0,0.0,0.0,1.0,1.0,1.0
2013-12-31,0.0050752984091761,0.005075298409176,0.0050752984091761,9.974659986866641e-17,0.0,0.0,0.0,0.0,-0.0,0.0,0.0,1.0,1.0,1.0
2014-01-02,-0.0084880278566169,-0.0084880278566169,-0.0084880278566169,0.0,-0.0084880278566169,-0.0,0.0,0.0,-0.0,0.0,0.0,1.0,1.0,1.0
2014-01-03,0.003193947307829,0.0031939473078289,0.003193947307829,1.0018028073766061e-16,0.0,0.0,0.0,0.0,-0.0,0.0,0.0,1.0,1.0,1.0
2014-01-06,9.053031246963884e-05,9.053031246972428e-05,9.053031246963884e-05,-8.543513119185775e-17,0.0,0.0,0.0,0.0,-0.0,0.0,0.0,1.0,1.0,1.0
2014-01-07,0.0025475203720959,0.0025475203720956,0.0025475203720959,2.9967348047499343e-16,0.0,0.0,0.0,0.0,-0.0,0.0,0.0,1.0,1.0,1.0
2014-01-08,-0.001469250978811,-0.0014692509788109,-0.001469250978811,-9.996344030316351e-17,-0.001469250978811,-0.0,0.0,0.0,-0.0,0.0,0.0,1.0,1.0,1.0
2014-01-09,0.0019181285584208,0.0019181285584208,0.0019181285584208,0.0,0.0,0.0,0.0,0.0,-0.0,0.0,0.0,1.0,1.0,1.0
2014-01-10,-0.000506769124275,-0.0005067691242751,-0.000506769124275,9.996344030316351e-17,-0.000506769124275,-0.0,0.0,0.0,-0.0,0.0,0.0,1.0,1.0,1.0
2014-01-13,-0.0076376983646377,-0.0076376983646376,-0.0076376983646377,-1.0061396160665481e-16,-0.0076376983646377,-0.0,0.0,0.0,-0.0,0.0,0.0,1.0,1.0,1.0
2014-01-14,0.0095858930133532,0.0095858930133534,0.0095858930133532,-1.9949319973733282e-16,0.0,0.0,0.0,0.0,-0.0,0.0,0.0,1.0,1.0,1.0
2014-01-15,0.003719590340554,0.0037195903405538,0.003719590340554,1.9992688060632702e-16,0.0,0.0,0.0,0.0,-0.0,0.0,0.0,1.0,1.0,1.0
2014-01-16,-0.0019928327839798,-0.0019928327839798,-0.0019928327839798,0.0,-0.0019928327839798,-0.0,0.0,0.0,-0.0,0.0,0.0,1.0,1.0,1.0
2014-01-17,-0.0034496140743512,-0.0034496140743514,-0.0034496140743512,2.0036056147532122e-16,-0.0034496140743512,-0.0,0.0,0.0,-0.0,0.0,0.0,1.0,1.0,1.0
2014-01-21,0.0044007581426617,0.0044007581426619,0.0044007581426617,-2.0036056147532122e-16,0.0,0.0,0.0,0.0,-0.0,0.0,0.0,1.0,1.0,1.0
2014-01-22,0.0018292824468479,0.001829282446848,0.0018292824468479,-9.996344030316351e-17,0.0,0.0,0.0,0.0,-0.0,0.0,0.0,1.0,1.0,1.0
2014-01-23,-0.0095497662403034,-0.0095497662403035,-0.0095497662403034,1.0061396160665481e-16,-0.0095497662403034,-0.0,0.0,0.0,-0.0,0.0,0.0,1.0,1.0,1.0
2014-01-24,-0.0146654167613645,-0.0146654167613646,-0.0146654167613645,1.0061396160665481e-16,-0.0146654167613645,-0.0,0.0,0.0,-0.0,0.0,0.0,1.0,1.0,1.0
2014-01-27,-0.003431139052346,-0.0034311390523458,-0.003431139052346,-1.9992688060632702e-16,-0.003431139052346,-0.0,0.0,0.0,-0.0,0.0,0.0,1.0,1.0,1.0
2014-01-28,0.0069693063927405,0.0069693063927402,0.0069693063927405,2.992397996059992e-16,0.0,0.0,0.0,0.0,-0.0,0.0,0.0,1.0,1.0,1.0
2014-01-29,-0.011143740419663,-0.0111437404196628,-0.011143740419663,-1.9949319973733282e-16,-0.011143740419663,-0.0,0.0,0.0,-0.0,0.0,0.0,1.0,1.0,1.0
2014-01-30,0.0077430045989095,0.0077430045989094,0.0077430045989095,9.974659986866641e-17,0.0,0.0,0.0,0.0,-0.0,0.0,0.0,1.0,1.0,1.0
2014-01-31,-0.0112704140261395,-0.0112704140261396,-0.0112704140261395,1.0061396160665481e-16,-0.0112704140261395,-0.0,0.0,0.0,-0.0,0.0,0.0,1.0,1.0,1.0
2014-02-03,-0.0215634236324157,-0.0215634236324156,-0.0215634236324157,-1.0061396160665481e-16,-0.0215634236324157,-0.0,0.0,0.0,-0.0,0.0,0.0,1.0,1.0,1.0
2014-02-04,0.0095019132674207,0.0095019132674208,0.0095019132674207,-1.0061396160665481e-16,0.0,0.0,0.0,0.0,-0.0,0.0,0.0,1.0,1.0,1.0
2014-02-05,-0.0037134663764779,-0.0037134663764778,-0.0037134663764779,-1.0018028073766061e-16,-0.0037134663764779,-0.0,0.0,0.0,-0.0,0.0,0.0,1.0,1.0,1.0
2014-02-06,0.0153193196641374,0.0153193196641372,0.0153193196641374,1.9949319973733282e-16,0.0,0.0,0.0,0.0,-0.0,0.0,0.0,1.0,1.0,1.0
2014-02-07,0.0110592782990401,0.0110592782990401,0.0110592782990401,0.0,0.0,0.0,0.0,0.0,-0.0,0.0,0.0,1.0,1.0,1.0
2014-02-10,-0.0011337586109476,-0.0011337586109475,-0.0011337586109476,-9.996344030316351e-17,-0.0011337586109476,-0.0,0.0,0.0,-0.0,0.0,0.0,1.0,1.0,1.0
2014-02-11,0.0109614218154527,0.0109614218154527,0.0109614218154527,0.0,0.0,0.0,0.0,0.0,-0.0,0.0,0.0,1.0,1.0,1.0
2014-02-12,-0.0015806860838428,-0.0015806860838429,-0.0015806860838428,9.996344030316351e-17,-0.0015806860838428,-0.0,0.0,0.0,-0.0,0.0,0.0,1.0,1.0,1.0
2014-02-13,0.004220956838862,0.0042209568388618,0.004220956838862,2.0036056147532122e-16,0.0,0.0,0.0,0.0,-0.0,0.0,0.0,1.0,1.0,1.0
2014-02-14,0.0075862544395188,0.0075862544395187,0.0075862544395188,9.974659986866641e-17,0.0,0.0,0.0,0.0,-0.0,0.0,0.0,1.0,1.0,1.0
2014-02-18,0.0010826889769801,0.0010826889769801,0.0010826889769801,0.0,0.0,0.0,0.0,0.0,-0.0,0.0,0.0,1.0,1.0,1.0
2014-02-19,-0.0028628622017979,-0.0028628622017978,-0.0028628622017979,-9.974659986866641e-17,-0.0028628622017979,-0.0,0.0,0.0,-0.0,0.0,0.0,1.0,1.0,1.0
2014-02-20,0.0043912297275972,0.004391229727597,0.0043912297275972,2.0036056147532122e-16,0.0,0.0,0.0,0.0,-0.0,0.0,0.0,1.0,1.0,1.0
2014-02-21,-0.0032313858391179,-0.0032313858391178,-0.0032313858391179,-1.0018028073766061e-16,-0.0032313858391179,-0.0,0.0,0.0,-0.0,0.0,0.0,1.0,1.0,1.0
2014-02-24,0.0082179881839292,0.008217988183929,0.0082179881839292,2.0122792321330962e-16,0.0,0.0,0.0,0.0,-0.0,0.0,0.0,1.0,1.0,1.0
2014-02-25,-0.0006641550406785,-0.0006641550406785,-0.0006641550406785,0.0,-0.0006641550406785,-0.0,0.0,0.0,-0.0,0.0,0.0,1.0,1.0,1.0
2014-02-26,-0.0031942088707425,-0.0031942088707425,-0.0031942088707425,0.0,-0.0031942088707425,-0.0,0.0,0.0,-0.0,0.0,0.0,1.0,1.0,1.0
2014-02-27,0.0023043505039079,0.0023043505039079,0.0023043505039079,0.0,0.0,0.0,0.0,0.0,-0.0,0.0,0.0,1.0,1.0,1.0
2014-02-28,0.0054042177882243,0.0054042177882243,0.0054042177882243,0.0,0.0,0.0,0.0,0.0,-0.0,0.0,0.0,1.0,1.0,1.0
2014-03-03,-0.0098183300505747,-0.0098183300505747,-0.0098183300505747,0.0,-0.0098183300505747,-0.0,0.0,0.0,-0.0,0.0,0.0,1.0,1.0,1.0
2014-03-04,0.01613820978524,0.0161382097852399,0.01613820978524,9.71445146547012e-17,0.0,0.0,0.0,0.0,-0.0,0.0,0.0,1.0,1.0,1.0
2014-03-05,-0.0044774741430346,-0.0044774741430346,-0.0044774741430346,0.0,-0.0044774741430346,-0.0,0.0,0.0,-0.0,0.0,0.0,1.0,1.0,1.0
2014-03-06,0.0072610832903805,0.0072610832903806,0.0072610832903805,-1.0061396160665481e-16,0.0,0.0,0.0,0.0,-0.0,0.0,0.0,1.0,1.0,1.0
2014-03-07,0.0008627855131999,0.0008627855131998,0.0008627855131999,1.0007186052041206e-16,0.0,0.0,0.0,0.0,-0.0,0.0,0.0,1.0,1.0,1.0
2014-03-10,5.5376382785743417e-05,5.537638278574693e-05,5.5376382785743417e-05,-3.5101045334218206e-18,0.0,0.0,0.0,0.0,-0.0,0.0,0.0,1.0,1.0,1.0
2014-03-11,-0.0080472768744792,-0.0080472768744791,-0.0080472768744792,-1.0061396160665481e-16,-0.0080472768744792,-0.0,0.0,0.0,-0.0,0.0,0.0,1.0,1.0,1.0
2014-03-12,-0.0018046364903422,-0.0018046364903421,-0.0018046364903422,-1.0018028073766061e-16,-0.0018046364903422,-0.0,0.0,0.0,-0.0,0.0,0.0,1.0,1.0,1.0
2014-03-13,-0.0105148948372674,-0.0105148948372675,-0.0105148948372674,1.0061396160665481e-16,-0.0105148948372674,-0.0,0.0,0.0,-0.0,0.0,0.0,1.0,1.0,1.0
2014-03-14,-0.0031024057292474,-0.0031024057292475,-0.0031024057292474,1.0018028073766061e-16,-0.0031024057292474,-0.0,0.0,0.0,-0.0,0.0,0.0,1.0,1.0,1.0
2014-03-17,0.0075285195253949,0.0075285195253946,0.0075285195253949,3.0010716134398763e-16,0.0,0.0,0.0,0.0,-0.0,0.0,0.0,1.0,1.0,1.0
2014-03-18,0.0046287019202542,0.0046287019202544,0.0046287019202542,-2.0036056147532122e-16,0.0,0.0,0.0,0.0,-0.0,0.0,0.0,1.0,1.0,1.0
2014-03-19,-0.0056511189162341,-0.0056511189162342,-0.0056511189162341,9.974659986866641e-17,-0.0056511189162341,-0.0,0.0,0.0,-0.0,0.0,0.0,1.0,1.0,1.0
2014-03-20,0.0027393366677532,0.0027393366677532,0.0027393366677532,0.0,0.0,0.0,0.0,0.0,-0.0,0.0,0.0,1.0,1.0,1.0
2014-03-21,0.0001529267811117,0.0001529267811117,0.0001529267811117,0.0,0.0,0.0,0.0,0.0,-0.0,0.0,0.0,1.0,1.0,1.0
2014-03-24,-0.0004184272204059,-0.0004184272204059,-0.0004184272204059,0.0,-0.0004184272204059,-0.0,0.0,0.0,-0.0,0.0,0.0,1.0,1.0,1.0
2014-03-25,0.0057050165507064,0.0057050165507065,0.0057050165507064,-9.974659986866641e-17,0.0,0.0,0.0,0.0,-0.0,0.0,0.0,1.0,1.0,1.0
2014-03-26,-0.0030985991852626,-0.0030985991852626,-0.0030985991852626,0.0,-0.0030985991852626,-0.0,0.0,0.0,-0.0,0.0,0.0,1.0,1.0,1.0
2014-03-27,0.0045926475477093,0.0045926475477092,0.0045926475477093,9.974659986866641e-17,0.0,0.0,0.0,0.0,-0.0,0.0,0.0,1.0,1.0,1.0
2014-03-28,0.0079500390679898,0.0079500390679899,0.0079500390679898,-9.8879238130678e-17,0.0,0.0,0.0,0.0,-0.0,0.0,0.0,1.0,1.0,1.0
2014-03-31,0.002109954981516,0.0021099549815157,0.002109954981516,2.9967348047499343e-16,0.0,0.0,0.0,0.0,-0.0,0.0,0.0,1.0,1.0,1.0
2014-04-01,0.0032892880037003,0.0032892880037003,0.0032892880037003,0.0,0.0,0.0,0.0,0.0,-0.0,0.0,0.0,1.0,1.0,1.0
2014-04-02,0.0034042865181818,0.0034042865181815,0.0034042865181818,2.9967348047499343e-16,0.0,0.0,0.0,0.0,-0.0,0.0,0.0,1.0,1.0,1.0
2014-04-03,0.0002991051165708,0.0002991051165711,0.0002991051165708,-2.999987411267391e-16,0.0,0.0,0.0,0.0,-0.0,0.0,0.0,1.0,1.0,1.0
2014-04-04,-0.0075685472095553,-0.0075685472095556,-0.0075685472095553,3.0010716134398763e-16,-0.0075685472095553,-0.0,0.0,0.0,-0.0,0.0,0.0,1.0,1.0,1.0
2014-04-07,-0.0156306767939184,-0.0156306767939182,-0.0156306767939184,-1.97758476261356e-16,-0.0156306767939184,-0.0,0.0,0.0,-0.0,0.0,0.0,1.0,1.0,1.0
2014-04-08,0.0022013739776358,0.0022013739776356,0.0022013739776358,1.9992688060632702e-16,0.0,0.0,0.0,0.0,-0.0,0.0,0.0,1.0,1.0,1.0
2014-04-09,0.0085035480121247,0.0085035480121249,0.0085035480121247,-1.9949319973733282e-16,0.0,0.0,0.0,0.0,-0.0,0.0,0.0,1.0,1.0,1.0
2014-04-10,-0.0211276443411061,-0.021127644341106,-0.0211276443411061,-1.0061396160665481e-16,-0.0211276443411061,-0.0,0.0,0.0,-0.0,0.0,0.0,1.0,1.0,1.0
2014-04-11,-0.0058131437984916,-0.0058131437984916,-0.0058131437984916,0.0,-0.0058131437984916,-0.0,0.0,0.0,-0.0,0.0,0.0,1.0,1.0,1.0
2014-04-14,0.0057523165513755,0.0057523165513757,0.0057523165513755,-1.9949319973733282e-16,0.0,0.0,0.0,0.0,-0.0,0.0,0.0,1.0,1.0,1.0
2014-04-15,0.0019523994822401,0.0019523994822399,0.0019523994822401,1.9992688060632702e-16,0.0,0.0,0.0,0.0,-0.0,0.0,0.0,1.0,1.0,1.0
2014-04-16,0.007544435266791,0.0075444352667908,0.007544435266791,2.0036056147532122e-16,0.0,0.0,0.0,0.0,-0.0,0.0,0.0,1.0,1.0,1.0
2014-04-17,0.0016371105944086,0.0016371105944085,0.0016371105944086,9.996344030316351e-17,0.0,0.0,0.0,0.0,-0.0,0.0,0.0,1.0,1.0,1.0
2014-04-21,0.0013959348557635,0.0013959348557636,0.0013959348557635,-1.0018028073766061e-16,0.0,0.0,0.0,0.0,-0.0,0.0,0.0,1.0,1.0,1.0
2014-04-22,0.0051275218315884,0.0051275218315884,0.0051275218315884,0.0,0.0,0.0,0.0,0.0,-0.0,0.0,0.0,1.0,1.0,1.0
2014-04-23,-0.0017981635926891,-0.0017981635926892,-0.0017981635926891,9.996344030316351e-17,-0.0017981635926891,-0.0,0.0,0.0,-0.0,0.0,0.0,1.0,1.0,1.0
2014-04-24,0.0024632253235588,0.0024632253235588,0.0024632253235588,0.0,0.0,0.0,0.0,0.0,-0.0,0.0,0.0,1.0,1.0,1.0
2014-04-25,-0.0130265678568415,-0.0130265678568414,-0.0130265678568415,-1.0061396160665481e-16,-0.0130265678568415,-0.0,0.0,0.0,-0.0,0.0,0.0,1.0,1.0,1.0
2014-04-28,-0.0016733635218306,-0.0016733635218306,-0.0016733635218306,0.0,-0.0016733635218306,-0.0,0.0,0.0,-0.0,0.0,0.0,1.0,1.0,1.0
2014-04-29,0.0052097443817773,0.0052097443817773,0.0052097443817773,0.0,0.0,0.0,0.0,0.0,-0.0,0.0,0.0,1.0,1.0,1.0
2014-04-30,0.0022801546050683,0.0022801546050684,0.0022801546050683,-9.974659986866641e-17,0.0,0.0,0.0,0.0,-0.0,0.0,0.0,1.0,1.0,1.0
2014-05-01,0.0051148100478821,0.0051148100478821,0.0051148100478821,0.0,0.0,0.0,0.0,0.0,-0.0,0.0,0.0,1.0,1.0,1.0
2014-05-02,0.0010458929488328,0.0010458929488328,0.0010458929488328,0.0,0.0,0.0,0.0,0.0,-0.0,0.0,0.0,1.0,1.0,1.0
2014-05-05,-0.0007914504804252,-0.0007914504804253,-0.0007914504804252,9.996344030316351e-17,-0.0007914504804252,-0.0,0.0,0.0,-0.0,0.0,0.0,1.0,1.0,1.0
2014-05-06,-0.0119020476609309,-0.0119020476609309,-0.0119020476609309,0.0,-0.0119020476609309,-0.0,0.0,0.0,-0.0,0.0,0.0,1.0,1.0,1.0
2014-05-07,0.0010979808727495,0.0010979808727497,0.0010979808727495,-1.9992688060632702e-16,0.0,0.0,0.0,0.0,-0.0,0.0,0.0,1.0,1.0,1.0
2014-05-08,0.0011518088464534,0.0011518088464533,0.0011518088464534,9.996344030316351e-17,0.0,0.0,0.0,0.0,-0.0,0.0,0.0,1.0,1.0,1.0
2014-05-09,0.0028291539677343,0.0028291539677343,0.0028291539677343,0.0,0.0,0.0,0.0,0.0,-0.0,0.0,0.0,1.0,1.0,1.0
2014-05-12,0.0114195730919863,0.0114195730919863,0.0114195730919863,0.0,0.0,0.0,0.0,0.0,-0.0,0.0,0.0,1.0,1.0,1.0
2014-05-13,0.0018461856892177,0.0018461856892178,0.0018461856892177,-9.996344030316351e-17,0.0,0.0,0.0,0.0,-0.0,0.0,0.0,1.0,1.0,1.0
2014-05-14,-0.0046188494361881,-0.0046188494361881,-0.0046188494361881,0.0,-0.0046188494361881,-0.0,0.0,0.0,-0.0,0.0,0.0,1.0,1.0,1.0
2014-05-15,-0.0084376377814293,-0.0084376377814294,-0.0084376377814293,1.0061396160665481e-16,-0.0084376377814293,-0.0,0.0,0.0,-0.0,0.0,0.0,1.0,1.0,1.0
2014-05-16,0.0056254748632429,0.005625474863243,0.0056254748632429,-9.974659986866641e-17,0.0,0.0,0.0,0.0,-0.0,0.0,0.0,1.0,1.0,1.0
2014-05-19,0.0009263379408048,0.0009263379408049,0.0009263379408048,-9.996344030316351e-17,0.0,0.0,0.0,0.0,-0.0,0.0,0.0,1.0,1.0,1.0
2014-05-20,-0.0069914616271519,-0.0069914616271519,-0.0069914616271519,0.0,-0.0069914616271519,-0.0,0.0,0.0,-0.0,0.0,0.0,1.0,1.0,1.0
2014-05-21,0.0098250351350883,0.0098250351350885,0.0098250351350883,-2.0122792321330962e-16,0.0,0.0,0.0,0.0,-0.0,0.0,0.0,1.0,1.0,1.0
2014-05-22,0.0055281204461552,0.0055281204461551,0.0055281204461552,9.974659986866641e-17,0.0,0.0,0.0,0.0,-0.0,0.0,0.0,1.0,1.0,1.0
2014-05-23,0.0069136265616098,0.0069136265616098,0.0069136265616098,0.0,0.0,0.0,0.0,0.0,-0.0,0.0,0.0,1.0,1.0,1.0
2014-05-27,0.0038760115775777,0.003876011577578,0.0038760115775777,-3.0010716134398763e-16,0.0,0.0,0.0,0.0,-0.0,0.0,0.0,1.0,1.0,1.0
2014-05-28,0.0009880690530121,0.0009880690530121,0.0009880690530121,0.0,0.0,0.0,0.0,0.0,-0.0,0.0,0.0,1.0,1.0,1.0
2014-05-29,0.0026949935392104,0.0026949935392104,0.0026949935392104,0.0,0.0,0.0,0.0,0.0,-0.0,0.0,0.0,1.0,1.0,1.0
2014-05-30,0.0003127937718052,0.0003127937718052,0.0003127937718052,0.0,0.0,0.0,0.0,0.0,-0.0,0.0,0.0,1.0,1.0,1.0
2014-06-02,0.0024088267961317,0.0024088267961316,0.0024088267961317,9.974659986866641e-17,0.0,0.0,0.0,0.0,-0.0,0.0,0.0,1.0,1.0,1.0
2014-06-03,0.0002745040837799,0.00027450408378,0.0002745040837799,-9.996344030316351e-17,0.0,0.0,0.0,0.0,-0.0,0.0,0.0,1.0,1.0,1.0
2014-06-04,0.0019410308884988,0.0019410308884987,0.0019410308884988,9.996344030316351e-17,0.0,0.0,0.0,0.0,-0.0,0.0,0.0,1.0,1.0,1.0
2014-06-05,0.0097147169932436,0.0097147169932435,0.0097147169932436,1.0061396160665481e-16,0.0,0.0,0.0,0.0,-0.0,0.0,0.0,1.0,1.0,1.0
2014-06-06,0.0043052885627528,0.0043052885627526,0.0043052885627528,2.0036056147532122e-16,0.0,0.0,0.0,0.0,-0.0,0.0,0.0,1.0,1.0,1.0
2014-06-09,0.0039846612276766,0.0039846612276769,0.0039846612276766,-3.0010716134398763e-16,0.0,0.0,0.0,0.0,-0.0,0.0,0.0,1.0,1.0,1.0
2014-06-10,-0.0006219199176367,-0.0006219199176369,-0.0006219199176367,2.0003530082357557e-16,-0.0006219199176367,-0.0,0.0,0.0,-0.0,0.0,0.0,1.0,1.0,1.0
2014-06-11,-0.0036338643281917,-0.0036338643281918,-0.0036338643281917,9.974659986866641e-17,-0.0036338643281917,-0.0,0.0,0.0,-0.0,0.0,0.0,1.0,1.0,1.0
2014-06-12,-0.0093313668861234,-0.0093313668861233,-0.0093313668861234,-9.8879238130678e-17,-0.0093313668861234,-0.0,0.0,0.0,-0.0,0.0,0.0,1.0,1.0,1.0
2014-06-13,0.0037723357639469,0.0037723357639468,0.0037723357639469,1.0018028073766061e-16,0.0,0.0,0.0,0.0,-0.0,0.0,0.0,1.0,1.0,1.0
2014-06-16,0.0019371355236714,0.0019371355236717,0.0019371355236714,-2.9989032090949053e-16,0.0,0.0,0.0,0.0,-0.0,0.0,0.0,1.0,1.0,1.0
2014-06-17,0.0035891030374659,0.0035891030374657,0.0035891030374659,1.9992688060632702e-16,0.0,0.0,0.0,0.0,-0.0,0.0,0.0,1.0,1.0,1.0
2014-06-18,0.0074063775760258,0.0074063775760257,0.0074063775760258,1.0061396160665481e-16,0.0,0.0,0.0,0.0,-0.0,0.0,0.0,1.0,1.0,1.0
2014-06-19,-0.0031391706314329,-0.003139170631433,-0.0031391706314329,9.974659986866641e-17,-0.0031391706314329,-0.0,0.0,0.0,-0.0,0.0,0.0,1.0,1.0,1.0
2014-06-20,-0.0020652712360382,-0.0020652712360381,-0.0020652712360382,-9.974659986866641e-17,-0.0020652712360382,-0.0,0.0,0.0,-0.0,0.0,0.0,1.0,1.0,1.0
2014-06-23,-0.0022588939736275,-0.0022588939736275,-0.0022588939736275,0.0,-0.0022588939736275,-0.0,0.0,0.0,-0.0,0.0,0.0,1.0,1.0,1.0
2014-06-24,-0.0042934184646454,-0.0042934184646454,-0.0042934184646454,0.0,-0.0042934184646454,-0.0,0.0,0.0,-0.0,0.0,0.0,1.0,1.0,1.0
2014-06-25,0.0071361740046469,0.0071361740046468,0.0071361740046469,1.0061396160665481e-16,0.0,0.0,0.0,0.0,-0.0,0.0,0.0,1.0,1.0,1.0
2014-06-26,0.0020904227615783,0.0020904227615781,0.0020904227615783,2.0036056147532122e-16,0.0,0.0,0.0,0.0,-0.0,0.0,0.0,1.0,1.0,1.0
2014-06-27,0.0032340933011865,0.0032340933011866,0.0032340933011865,-9.974659986866641e-17,0.0,0.0,0.0,0.0,-0.0,0.0,0.0,1.0,1.0,1.0
2014-06-30,-0.0005799267232607,-0.0005799267232607,-0.0005799267232607,0.0,-0.0005799267232607,-0.0,0.0,0.0,-0.0,0.0,0.0,1.0,1.0,1.0
2014-07-01,0.0078687026895984,0.0078687026895985,0.0078687026895984,-1.0061396160665481e-16,0.0,0.0,0.0,0.0,-0.0,0.0,0.0,1.0,1.0,1.0
2014-07-02,0.0036248590678569,0.0036248590678571,0.0036248590678569,-1.9992688060632702e-16,0.0,0.0,0.0,0.0,-0.0,0.0,0.0,1.0,1.0,1.0
2014-07-03,0.006534707677696,0.006534707677696,0.006534707677696,0.0,0.0,0.0,0.0,0.0,-0.0,0.0,0.0,1.0,1.0,1.0
2014-07-07,-0.0065831658087309,-0.0065831658087308,-0.0065831658087309,-9.974659986866641e-17,-0.0065831658087309,-0.0,0.0,0.0,-0.0,0.0,0.0,1.0,1.0,1.0
2014-07-08,-0.0090929929375177,-0.0090929929375179,-0.0090929929375177,1.9949319973733282e-16,-0.0090929929375177,-0.0,0.0,0.0,-0.0,0.0,0.0,1.0,1.0,1.0
2014-07-09,0.0045815023716058,0.004581502371606,0.0045815023716058,-1.9949319973733282e-16,0.0,0.0,0.0,0.0,-0.0,0.0,0.0,1.0,1.0,1.0
2014-07-10,-0.0083769012604656,-0.0083769012604657,-0.0083769012604656,1.0061396160665481e-16,-0.0083769012604656,-0.0,0.0,0.0,-0.0,0.0,0.0,1.0,1.0,1.0
2014-07-11,0.0022693701865785,0.0022693701865786,0.0022693701865785,-9.974659986866641e-17,0.0,0.0,0.0,0.0,-0.0,0.0,0.0,1.0,1.0,1.0
2014-07-14,0.0056829231907935,0.0056829231907935,0.0056829231907935,0.0,0.0,0.0,0.0,0.0,-0.0,0.0,0.0,1.0,1.0,1.0
2014-07-15,-0.0021956870407837,-0.0021956870407837,-0.0021956870407837,0.0,-0.0021956870407837,-0.0,0.0,0.0,-0.0,0.0,0.0,1.0,1.0,1.0
2014-07-16,0.0002914894490038,0.0002914894490038,0.0002914894490038,0.0,0.0,0.0,0.0,0.0,-0.0,0.0,0.0,1.0,1.0,1.0
2014-07-17,-0.01046032869889,-0.0104603286988899,-0.01046032869889,-9.8879238130678e-17,-0.01046032869889,-0.0,0.0,0.0,-0.0,0.0,0.0,1.0,1.0,1.0
2014-07-18,0.0086026576653501,0.0086026576653501,0.0086026576653501,0.0,0.0,0.0,0.0,0.0,-0.0,0.0,0.0,1.0,1.0,1.0
2014-07-21,-0.002581812959879,-0.0025818129598789,-0.002581812959879,-9.974659986866641e-17,-0.002581812959879,-0.0,0.0,0.0,-0.0,0.0,0.0,1.0,1.0,1.0
2014-07-22,0.0095185434126716,0.0095185434126717,0.0095185434126716,-9.8879238130678e-17,0.0,0.0,0.0,0.0,-0.0,0.0,0.0,1.0,1.0,1.0
2014-07-23,0.003594699774482,0.0035946997744819,0.003594699774482,1.0018028073766061e-16,0.0,0.0,0.0,0.0,-0.0,0.0,0.0,1.0,1.0,1.0
2014-07-24,0.0029453948340398,0.0029453948340398,0.0029453948340398,0.0,0.0,0.0,0.0,0.0,-0.0,0.0,0.0,1.0,1.0,1.0
2014-07-25,-0.0064628057804216,-0.0064628057804217,-0.0064628057804216,9.974659986866641e-17,-0.0064628057804216,-0.0,0.0,0.0,-0.0,0.0,0.0,1.0,1.0,1.0
2014-07-28,0.0024080101726688,0.0024080101726687,0.0024080101726688,1.0018028073766061e-16,0.0,0.0,0.0,0.0,-0.0,0.0,0.0,1.0,1.0,1.0
2014-07-29,-0.0042677938955852,-0.0042677938955848,-0.0042677938955852,-4.0072112295064244e-16,-0.0042677938955852,-0.0,0.0,0.0,-0.0,0.0,0.0,1.0,1.0,1.0
2014-07-30,0.0028598128556074,0.0028598128556074,0.0028598128556074,0.0,0.0,0.0,0.0,0.0,-0.0,0.0,0.0,1.0,1.0,1.0
2014-07-31,-0.0159537214781479,-0.0159537214781479,-0.0159537214781479,0.0,-0.0159537214781479,-0.0,0.0,0.0,-0.0,0.0,0.0,1.0,1.0,1.0
2014-08-01,-0.0033868525898134,-0.0033868525898134,-0.0033868525898134,0.0,-0.0033868525898134,-0.0,0.0,0.0,-0.0,0.0,0.0,1.0,1.0,1.0
2014-08-04,0.0056025299157635,0.0056025299157635,0.0056025299157635,0.0,0.0,0.0,0.0,0.0,-0.0,0.0,0.0,1.0,1.0,1.0
2014-08-05,-0.0054328259980859,-0.0054328259980859,-0.0054328259980859,0.0,-0.0054328259980859,-0.0,0.0,0.0,-0.0,0.0,0.0,1.0,1.0,1.0
2014-08-06,0.0006142085000941,0.0006142085000942,0.0006142085000941,-9.996344030316351e-17,0.0,0.0,0.0,0.0,-0.0,0.0,0.0,1.0,1.0,1.0
2014-08-07,-0.003569074369885,-0.003569074369885,-0.003569074369885,0.0,-0.003569074369885,-0.0,0.0,0.0,-0.0,0.0,0.0,1.0,1.0,1.0
2014-08-08,0.0114700024409666,0.0114700024409665,0.0114700024409666,1.0061396160665481e-16,0.0,0.0,0.0,0.0,-0.0,0.0,0.0,1.0,1.0,1.0
2014-08-11,0.0056178701948772,0.0056178701948771,0.0056178701948772,9.974659986866641e-17,0.0,0.0,0.0,0.0,-0.0,0.0,0.0,1.0,1.0,1.0
2014-08-12,-0.0032702913805405,-0.0032702913805404,-0.0032702913805405,-1.0018028073766061e-16,-0.0032702913805405,-0.0,0.0,0.0,-0.0,0.0,0.0,1.0,1.0,1.0
2014-08-13,0.0065628866116866,0.0065628866116866,0.0065628866116866,0.0,0.0,0.0,0.0,0.0,-0.0,0.0,0.0,1.0,1.0,1.0
2014-08-14,0.0041054164959675,0.0041054164959675,0.0041054164959675,0.0,0.0,0.0,0.0,0.0,-0.0,0.0,0.0,1.0,1.0,1.0
2014-08-15,-0.0024601679384878,-0.0024601679384879,-0.0024601679384878,9.974659986866641e-17,-0.0024601679384878,-0.0,0.0,0.0,-0.0,0.0,0.0,1.0,1.0,1.0
2014-08-18,0.0126225424420649,0.0126225424420648,0.0126225424420649,1.0061396160665481e-16,0.0,0.0,0.0,0.0,-0.0,0.0,0.0,1.0,1.0,1.0
2014-08-19,0.0036271868738193,0.0036271868738194,0.0036271868738193,-1.0018028073766061e-16,0.0,0.0,0.0,0.0,-0.0,0.0,0.0,1.0,1.0,1.0
2014-08-20,0.0017945098088874,0.0017945098088874,0.0017945098088874,0.0,0.0,0.0,0.0,0.0,-0.0,0.0,0.0,1.0,1.0,1.0
2014-08-21,0.0027100889106699,0.00271008891067,0.0027100889106699,-1.0018028073766061e-16,0.0,0.0,0.0,0.0,-0.0,0.0,0.0,1.0,1.0,1.0
2014-08-22,-0.0009503127052286,-0.0009503127052285,-0.0009503127052286,-1.0007186052041206e-16,-0.0009503127052286,-0.0,0.0,0.0,-0.0,0.0,0.0,1.0,1.0,1.0
2014-08-25,0.0048131647966356,0.0048131647966356,0.0048131647966356,0.0,0.0,0.0,0.0,0.0,-0.0,0.0,0.0,1.0,1.0,1.0
2014-08-26,0.0033690944324784,0.0033690944324783,0.0033690944324784,9.974659986866641e-17,0.0,0.0,0.0,0.0,-0.0,0.0,0.0,1.0,1.0,1.0
2014-08-27,-0.0013084041797295,-0.0013084041797296,-0.0013084041797295,9.996344030316351e-17,-0.0013084041797295,-0.0,0.0,0.0,-0.0,0.0,0.0,1.0,1.0,1.0
2014-08-28,-0.00315640961883,-0.00315640961883,-0.00315640961883,0.0,-0.00315640961883,-0.0,0.0,0.0,-0.0,0.0,0.0,1.0,1.0,1.0
2014-08-29,0.0029083271951368,0.0029083271951369,0.0029083271951368,-1.0018028073766061e-16,0.0,0.0,0.0,0.0,-0.0,0.0,0.0,1.0,1.0,1.0
2014-09-02,0.0039310724423622,0.0039310724423622,0.0039310724423622,0.0,0.0,0.0,0.0,0.0,-0.0,0.0,0.0,1.0,1.0,1.0
2014-09-03,-0.0035918728562045,-0.0035918728562045,-0.0035918728562045,0.0,-0.0035918728562045,-0.0,0.0,0.0,-0.0,0.0,0.0,1.0,1.0,1.0
2014-09-04,-0.0005823104031306,-0.0005823104031305,-0.0005823104031306,-1.0007186052041206e-16,-0.0005823104031306,-0.0,0.0,0.0,-0.0,0.0,0.0,1.0,1.0,1.0
2014-09-05,0.0028013268435436,0.0028013268435435,0.0028013268435436,9.974659986866641e-17,0.0,0.0,0.0,0.0,-0.0,0.0,0.0,1.0,1.0,1.0
2014-09-08,-0.0002895453597646,-0.0002895453597645,-0.0002895453597646,-1.0001765041178778e-16,-0.0002895453597646,-0.0,0.0,0.0,-0.0,0.0,0.0,1.0,1.0,1.0
2014-09-09,-0.0091664300885618,-0.0091664300885617,-0.0091664300885618,-1.0061396160665481e-16,-0.0091664300885618,-0.0,0.0,0.0,-0.0,0.0,0.0,1.0,1.0,1.0
2014-09-10,0.0041329903170457,0.0041329903170455,0.0041329903170457,2.0036056147532122e-16,0.0,0.0,0.0,0.0,-0.0,0.0,0.0,1.0,1.0,1.0
2014-09-11,0.0032128437128116,0.0032128437128117,0.0032128437128116,-9.974659986866641e-17,0.0,0.0,0.0,0.0,-0.0,0.0,0.0,1.0,1.0,1.0
2014-09-12,-0.0056073526470297,-0.0056073526470297,-0.0056073526470297,0.0,-0.0056073526470297,-0.0,0.0,0.0,-0.0,0.0,0.0,1.0,1.0,1.0
2014-09-15,-0.0056504056317862,-0.0056504056317861,-0.0056504056317862,-9.974659986866641e-17,-0.0056504056317862,-0.0,0.0,0.0,-0.0,0.0,0.0,1.0,1.0,1.0
2014-09-16,0.0016851586204731,0.0016851586204731,0.0016851586204731,0.0,0.0,0.0,0.0,0.0,-0.0,0.0,0.0,1.0,1.0,1.0
2014-09-17,0.0019992685954537,0.0019992685954538,0.0019992685954537,-1.0018028073766061e-16,0.0,0.0,0.0,0.0,-0.0,0.0,0.0,1.0,1.0,1.0
2014-09-18,0.0056893014226369,0.0056893014226368,0.0056893014226369,1.0061396160665481e-16,0.0,0.0,0.0,0.0,-0.0,0.0,0.0,1.0,1.0,1.0
2014-09-19,-0.0099814674188395,-0.0099814674188395,-0.0099814674188395,0.0,-0.0099814674188395,-0.0,0.0,0.0,-0.0,0.0,0.0,1.0,1.0,1.0
2014-09-22,-0.0142275868684834,-0.0142275868684832,-0.0142275868684834,-1.9949319973733282e-16,-0.0142275868684834,-0.0,0.0,0.0,-0.0,0.0,0.0,1.0,1.0,1.0
2014-09-23,-0.0057859370045538,-0.0057859370045537,-0.0057859370045538,-9.974659986866641e-17,-0.0057859370045538,-0.0,0.0,0.0,-0.0,0.0,0.0,1.0,1.0,1.0
2014-09-24,0.0094073302419981,0.0094073302419978,0.0094073302419981,3.0010716134398763e-16,0.0,0.0,0.0,0.0,-0.0,0.0,0.0,1.0,1.0,1.0
2014-09-25,-0.0162774764119753,-0.0162774764119751,-0.0162774764119753,-2.0122792321330962e-16,-0.0162774764119753,-0.0,0.0,0.0,-0.0,0.0,0.0,1.0,1.0,1.0
2014-09-26,0.0091624380821129,0.0091624380821128,0.0091624380821129,1.0061396160665481e-16,0.0,0.0,0.0,0.0,-0.0,0.0,0.0,1.0,1.0,1.0
2014-09-29,-0.0016478509616969,-0.0016478509616968,-0.0016478509616969,-9.996344030316351e-17,-0.0016478509616969,-0.0,0.0,0.0,-0.0,0.0,0.0,1.0,1.0,1.0
2014-09-30,-0.0131361409695301,-0.0131361409695302,-0.0131361409695301,1.0061396160665481e-16,-0.0131361409695301,-0.0,0.0,0.0,-0.0,0.0,0.0,1.0,1.0,1.0
2014-10-01,-0.0140708552399921,-0.0140708552399922,-0.0140708552399921,1.0061396160665481e-16,-0.0140708552399921,-0.0,0.0,0.0,-0.0,0.0,0.0,1.0,1.0,1.0
2014-10-02,0.0065956506124886,0.0065956506124885,0.0065956506124886,1.0061396160665481e-16,0.0,0.0,0.0,0.0,-0.0,0.0,0.0,1.0,1.0,1.0
2014-10-03,0.0070067183852056,0.0070067183852057,0.0070067183852056,-9.974659986866641e-17,0.0,0.0,0.0,0.0,-0.0,0.0,0.0,1.0,1.0,1.0
2014-10-06,-0.0061892490493222,-0.0061892490493221,-0.0061892490493222,-9.974659986866641e-17,-0.0061892490493222,-0.0,0.0,0.0,-0.0,0.0,0.0,1.0,1.0,1.0
2014-10-07,-0.0133404192347881,-0.0133404192347881,-0.0133404192347881,0.0,-0.0133404192347881,-0.0,0.0,0.0,-0.0,0.0,0.0,1.0,1.0,1.0
2014-10-08,0.0137455956961562,0.0137455956961564,0.0137455956961562,-1.9949319973733282e-16,0.0,0.0,0.0,0.0,-0.0,0.0,0.0,1.0,1.0,1.0
2014-10-09,-0.0229622890904146,-0.0229622890904146,-0.0229622890904146,0.0,-0.0229622890904146,-0.0,0.0,0.0,-0.0,0.0,0.0,1.0,1.0,1.0
2014-10-10,-0.0096973140975845,-0.0096973140975846,-0.0096973140975845,1.0061396160665481e-16,-0.0096973140975845,-0.0,0.0,0.0,-0.0,0.0,0.0,1.0,1.0,1.0
2014-10-13,-0.0063581452860906,-0.0063581452860905,-0.0063581452860906,-9.974659986866641e-17,-0.0063581452860906,-0.0,0.0,0.0,-0.0,0.0,0.0,1.0,1.0,1.0
2014-10-14,0.0053746770546072,0.0053746770546069,0.0053746770546072,3.0010716134398763e-16,0.0,0.0,0.0,0.0,-0.0,0.0,0.0,1.0,1.0,1.0
2014-10-15,0.001966659173896,0.001966659173896,0.001966659173896,0.0,0.0,0.0,0.0,0.0,-0.0,0.0,0.0,1.0,1.0,1.0
2014-10-16,0.0088021664890003,0.0088021664890003,0.0088021664890003,0.0,0.0,0.0,0.0,0.0,-0.0,0.0,0.0,1.0,1.0,1.0
2014-10-17,0.0002883171411542,0.0002883171411541,0.0002883171411542,1.0001765041178778e-16,0.0,0.0,0.0,0.0,-0.0,0.0,0.0,1.0,1.0,1.0
2014-10-20,0.0097821298907612,0.0097821298907612,0.0097821298907612,0.0,0.0,0.0,0.0,0.0,-0.0,0.0,0.0,1.0,1.0,1.0
2014-10-21,0.0135499479794911,0.0135499479794913,0.0135499479794911,-1.9949319973733282e-16,0.0,0.0,0.0,0.0,-0.0,0.0,0.0,1.0,1.0,1.0
2014-10-22,-0.0127848934126241,-0.0127848934126241,-0.0127848934126241,0.0,-0.0127848934126241,-0.0,0.0,0.0,-0.0,0.0,0.0,1.0,1.0,1.0
2014-10-23,0.013113108941573,0.013113108941573,0.013113108941573,0.0,0.0,0.0,0.0,0.0,-0.0,0.0,0.0,1.0,1.0,1.0
2014-10-24,-0.0001861047365055,-0.0001861047365056,-0.0001861047365055,9.999054535747565e-17,-0.0001861047365055,-0.0,0.0,0.0,-0.0,0.0,0.0,1.0,1.0,1.0
2014-10-27,-0.0008604011649558,-0.0008604011649558,-0.0008604011649558,0.0,-0.0008604011649558,-0.0,0.0,0.0,-0.0,0.0,0.0,1.0,1.0,1.0
2014-10-28,0.0188536369750798,0.0188536369750796,0.0188536369750798,2.0122792321330962e-16,0.0,0.0,0.0,0.0,-0.0,0.0,0.0,1.0,1.0,1.0
2014-10-29,0.001403074120168,0.0014030741201682,0.001403074120168,-2.0014372104082412e-16,0.0,0.0,0.0,0.0,-0.0,0.0,0.0,1.0,1.0,1.0
2014-10-30,0.0029289276560848,0.0029289276560847,0.0029289276560848,1.0018028073766061e-16,0.0,0.0,0.0,0.0,-0.0,0.0,0.0,1.0,1.0,1.0
2014-10-31,0.0124721237757627,0.0124721237757626,0.0124721237757627,1.0061396160665481e-16,0.0,0.0,0.0,0.0,-0.0,0.0,0.0,1.0,1.0,1.0
2014-11-03,-0.0027705886187698,-0.0027705886187697,-0.0027705886187698,-1.0018028073766061e-16,-0.0027705886187698,-0.0,0.0,0.0,-0.0,0.0,0.0,1.0,1.0,1.0
2014-11-04,-0.0058104367996916,-0.0058104367996914,-0.0058104367996916,-1.9949319973733282e-16,-0.0058104367996916,-0.0,0.0,0.0,-0.0,0.0,0.0,1.0,1.0,1.0
2014-11-05,0.0034800251791842,0.0034800251791841,0.0034800251791842,9.974659986866641e-17,0.0,0.0,0.0,0.0,-0.0,0.0,0.0,1.0,1.0,1.0
2014-11-06,0.0044015976009026,0.0044015976009026,0.0044015976009026,0.0,0.0,0.0,0.0,0.0,-0.0,0.0,0.0,1.0,1.0,1.0
2014-11-07,0.0027237476436494,0.0027237476436495,0.0027237476436494,-9.974659986866641e-17,0.0,0.0,0.0,0.0,-0.0,0.0,0.0,1.0,1.0,1.0
2014-11-10,0.0018134831475302,0.0018134831475302,0.0018134831475302,0.0,0.0,0.0,0.0,0.0,-0.0,0.0,0.0,1.0,1.0,1.0
2014-11-11,0.0023044054281446,0.0023044054281446,0.0023044054281446,0.0,0.0,0.0,0.0,0.0,-0.0,0.0,0.0,1.0,1.0,1.0
2014-11-12,0.0026877744302338,0.0026877744302338,0.0026877744302338,0.0,0.0,0.0,0.0,0.0,-0.0,0.0,0.0,1.0,1.0,1.0
2014-11-13,-0.0086248671788106,-0.0086248671788106,-0.0086248671788106,0.0,-0.0086248671788106,-0.0,0.0,0.0,-0.0,0.0,0.0,1.0,1.0,1.0
2014-11-14,0.0014333261900645,0.0014333261900646,0.0014333261900645,-1.0018028073766061e-16,0.0,0.0,0.0,0.0,-0.0,0.0,0.0,1.0,1.0,1.0
2014-11-17,-0.0059693804247843,-0.0059693804247846,-0.0059693804247843,3.0010716134398763e-16,-0.0059693804247843,-0.0,0.0,0.0,-0.0,0.0,0.0,1.0,1.0,1.0
2014-11-18,0.0049907858258222,0.004990785825822,0.0049907858258222,1.9949319973733282e-16,0.0,0.0,0.0,0.0,-0.0,0.0,0.0,1.0,1.0,1.0
2014-11-19,-0.0078214104836366,-0.0078214104836364,-0.0078214104836366,-2.0122792321330962e-16,-0.0078214104836366,-0.0,0.0,0.0,-0.0,0.0,0.0,1.0,1.0,1.0
2014-11-20,0.0095096701399213,0.0095096701399211,0.0095096701399213,1.9949319973733282e-16,0.0,0.0,0.0,0.0,-0.0,0.0,0.0,1.0,1.0,1.0
2014-11-21,0.0051081525398113,0.0051081525398115,0.0051081525398113,-1.9949319973733282e-16,0.0,0.0,0.0,0.0,-0.0,0.0,0.0,1.0,1.0,1.0
2014-11-24,0.0048471153690834,0.0048471153690834,0.0048471153690834,0.0,0.0,0.0,0.0,0.0,-0.0,0.0,0.0,1.0,1.0,1.0
2014-11-25,-0.0010710388723066,-0.0010710388723067,-0.0010710388723066,9.996344030316351e-17,-0.0010710388723066,-0.0,0.0,0.0,-0.0,0.0,0.0,1.0,1.0,1.0
2014-11-26,0.0017918239172509,0.001791823917251,0.0017918239172509,-1.0018028073766061e-16,0.0,0.0,0.0,0.0,-0.0,0.0,0.0,1.0,1.0,1.0
2014-11-28,-0.0219617586143384,-0.0219617586143384,-0.0219617586143384,0.0,-0.0219617586143384,-0.0,0.0,0.0,-0.0,0.0,0.0,1.0,1.0,1.0
2014-12-01,-0.0084133803099032,-0.0084133803099031,-0.0084133803099032,-1.0061396160665481e-16,-0.0084133803099032,-0.0,0.0,0.0,-0.0,0.0,0.0,1.0,1.0,1.0
2014-12-02,0.0036735950002531,0.0036735950002532,0.0036735950002531,-9.974659986866641e-17,0.0,0.0,0.0,0.0,-0.0,0.0,0.0,1.0,1.0,1.0
2014-12-03,0.0048248331268434,0.0048248331268432,0.0048248331268434,2.0036056147532122e-16,0.0,0.0,0.0,0.0,-0.0,0.0,0.0,1.0,1.0,1.0
2014-12-04,-0.0052092103343013,-0.0052092103343014,-0.0052092103343013,9.974659986866641e-17,-0.0052092103343013,-0.0,0.0,0.0,-0.0,0.0,0.0,1.0,1.0,1.0
2014-12-05,0.0020224666222294,0.0020224666222296,0.0020224666222294,-1.9992688060632702e-16,0.0,0.0,0.0,0.0,-0.0,0.0,0.0,1.0,1.0,1.0
2014-12-08,-0.0188517470013582,-0.0188517470013584,-0.0188517470013582,2.0122792321330962e-16,-0.0188517470013582,-0.0,0.0,0.0,-0.0,0.0,0.0,1.0,1.0,1.0
2014-12-09,0.0119625039510429,0.0119625039510431,0.0119625039510429,-1.9949319973733282e-16,0.0,0.0,0.0,0.0,-0.0,0.0,0.0,1.0,1.0,1.0
2014-12-10,-0.0165276972087127,-0.0165276972087128,-0.0165276972087127,1.0061396160665481e-16,-0.0165276972087127,-0.0,0.0,0.0,-0.0,0.0,0.0,1.0,1.0,1.0
2014-12-11,0.000828943122676,0.0008289431226762,0.000828943122676,-2.0003530082357557e-16,0.0,0.0,0.0,0.0,-0.0,0.0,0.0,1.0,1.0,1.0
2014-12-12,-0.0126653535114558,-0.0126653535114557,-0.0126653535114558,-1.0061396160665481e-16,-0.0126653535114558,-0.0,0.0,0.0,-0.0,0.0,0.0,1.0,1.0,1.0
2014-12-15,-0.0109165328587227,-0.0109165328587227,-0.0109165328587227,0.0,-0.0109165328587227,-0.0,0.0,0.0,-0.0,0.0,0.0,1.0,1.0,1.0
2014-12-16,-0.0002540690881127,-0.0002540690881127,-0.0002540690881127,0.0,-0.0002540690881127,-0.0,0.0,0.0,-0.0,0.0,0.0,1.0,1.0,1.0
2014-12-17,0.0285783683366298,0.0285783683366295,0.0285783683366298,3.0184188481996443e-16,0.0,0.0,0.0,0.0,-0.0,0.0,0.0,1.0,1.0,1.0
2014-12-18,0.0122558725018997,0.0122558725018999,0.0122558725018997,-1.9949319973733282e-16,0.0,0.0,0.0,0.0,-0.0,0.0,0.0,1.0,1.0,1.0
2014-12-19,0.0090308485069534,0.0090308485069534,0.0090308485069534,0.0,0.0,0.0,0.0,0.0,-0.0,0.0,0.0,1.0,1.0,1.0
2014-12-22,-0.0035440201167366,-0.0035440201167367,-0.0035440201167366,9.974659986866641e-17,-0.0035440201167366,-0.0,0.0,0.0,-0.0,0.0,0.0,1.0,1.0,1.0
2014-12-23,0.0042743468705537,0.0042743468705536,0.0042743468705537,1.0061396160665481e-16,0.0,0.0,0.0,0.0,-0.0,0.0,0.0,1.0,1.0,1.0
2014-12-24,-0.003356652270696,-0.0033566522706959,-0.003356652270696,-9.974659986866641e-17,-0.003356652270696,-0.0,0.0,0.0,-0.0,0.0,0.0,1.0,1.0,1.0
2014-12-26,0.0034713804842216,0.0034713804842217,0.0034713804842216,-1.0018028073766061e-16,0.0,0.0,0.0,0.0,-0.0,0.0,0.0,1.0,1.0,1.0
2014-12-29,-0.001147900633392,-0.0011479006333922,-0.001147900633392,1.9992688060632702e-16,-0.001147900633392,-0.0,0.0,0.0,-0.0,0.0,0.0,1.0,1.0,1.0
2014-12-30,-0.003292379754022,-0.003292379754022,-0.003292379754022,0.0,-0.003292379754022,-0.0,0.0,0.0,-0.0,0.0,0.0,1.0,1.0,1.0
2014-12-31,-0.0057823776766391,-0.0057823776766391,-0.0057823776766391,0.0,-0.0057823776766391,-0.0,0.0,0.0,-0.0,0.0,0.0,1.0,1.0,1.0
2015-01-02,-0.0046555941048199,-0.00465559410482,-0.0046555941048199,9.974659986866641e-17,-0.0046555941048199,-0.0,0.0,0.0,-0.0,0.0,0.0,1.0,1.0,1.0
2015-01-05,-0.0221801547687533,-0.0221801547687533,-0.0221801547687533,0.0,-0.0221801547687533,-0.0,0.0,0.0,-0.0,0.0,0.0,1.0,1.0,1.0
2015-01-06,-0.0071553518646765,-0.0071553518646764,-0.0071553518646765,-9.974659986866641e-17,-0.0071553518646765,-0.0,0.0,0.0,-0.0,0.0,0.0,1.0,1.0,1.0
2015-01-07,0.0016677799352164,0.0016677799352164,0.0016677799352164,0.0,0.0,0.0,0.0,0.0,-0.0,0.0,0.0,1.0,1.0,1.0
2015-01-08,0.0096975027565302,0.0096975027565302,0.0096975027565302,0.0,0.0,0.0,0.0,0.0,-0.0,0.0,0.0,1.0,1.0,1.0
2015-01-09,-0.0032444268105171,-0.0032444268105171,-0.0032444268105171,0.0,-0.0032444268105171,-0.0,0.0,0.0,-0.0,0.0,0.0,1.0,1.0,1.0
2015-01-12,-0.0111574239454345,-0.0111574239454344,-0.0111574239454345,-9.8879238130678e-17,-0.0111574239454345,-0.0,0.0,0.0,-0.0,0.0,0.0,1.0,1.0,1.0
2015-01-13,-0.0031904054088525,-0.0031904054088525,-0.0031904054088525,0.0,-0.0031904054088525,-0.0,0.0,0.0,-0.0,0.0,0.0,1.0,1.0,1.0
2015-01-14,-0.0006092246244676,-0.0006092246244677,-0.0006092246244676,9.996344030316351e-17,-0.0006092246244676,-0.0,0.0,0.0,-0.0,0.0,0.0,1.0,1.0,1.0
2015-01-15,-0.0004768325443019,-0.0004768325443019,-0.0004768325443019,0.0,-0.0004768325443019,-0.0,0.0,0.0,-0.0,0.0,0.0,1.0,1.0,1.0
2015-01-16,0.0065565016518387,0.0065565016518386,0.0065565016518387,1.0061396160665481e-16,0.0,0.0,0.0,0.0,-0.0,0.0,0.0,1.0,1.0,1.0
2015-01-20,-0.0021064383589405,-0.0021064383589404,-0.0021064383589405,-1.0018028073766061e-16,-0.0021064383589405,-0.0,0.0,0.0,-0.0,0.0,0.0,1.0,1.0,1.0
2015-01-21,0.0100604041886283,0.0100604041886282,0.0100604041886283,1.0061396160665481e-16,0.0,0.0,0.0,0.0,-0.0,0.0,0.0,1.0,1.0,1.0
2015-01-22,0.0104236080603281,0.0104236080603279,0.0104236080603281,1.9949319973733282e-16,0.0,0.0,0.0,0.0,-0.0,0.0,0.0,1.0,1.0,1.0
2015-01-23,-0.0050706604319696,-0.0050706604319696,-0.0050706604319696,0.0,-0.0050706604319696,-0.0,0.0,0.0,-0.0,0.0,0.0,1.0,1.0,1.0
2015-01-26,0.0005626370650564,0.0005626370650565,0.0005626370650564,-9.996344030316351e-17,0.0,0.0,0.0,0.0,-0.0,0.0,0.0,1.0,1.0,1.0
2015-01-27,-0.0007333061442182,-0.0007333061442183,-0.0007333061442182,1.0007186052041206e-16,-0.0007333061442182,-0.0,0.0,0.0,-0.0,0.0,0.0,1.0,1.0,1.0
2015-01-28,-0.0123849116658492,-0.0123849116658492,-0.0123849116658492,0.0,-0.0123849116658492,-0.0,0.0,0.0,-0.0,0.0,0.0,1.0,1.0,1.0
2015-01-29,0.0025572356044585,0.0025572356044587,0.0025572356044585,-1.9992688060632702e-16,0.0,0.0,0.0,0.0,-0.0,0.0,0.0,1.0,1.0,1.0
2015-01-30,-0.0191842485873852,-0.0191842485873852,-0.0191842485873852,0.0,-0.0191842485873852,-0.0,0.0,0.0,-0.0,0.0,0.0,1.0,1.0,1.0
2015-02-02,0.0110655309845215,0.0110655309845215,0.0110655309845215,0.0,0.0,0.0,0.0,0.0,-0.0,0.0,0.0,1.0,1.0,1.0
2015-02-03,0.0163413732308621,0.0163413732308621,0.0163413732308621,0.0,0.0,0.0,0.0,0.0,-0.0,0.0,0.0,1.0,1.0,1.0
2015-02-04,-0.0053319429498699,-0.0053319429498698,-0.0053319429498699,-9.974659986866641e-17,-0.0053319429498699,-0.0,0.0,0.0,-0.0,0.0,0.0,1.0,1.0,1.0
2015-02-05,0.0079697688629585,0.0079697688629583,0.0079697688629585,1.9949319973733282e-16,0.0,0.0,0.0,0.0,-0.0,0.0,0.0,1.0,1.0,1.0
2015-02-06,-0.0145150729339238,-0.0145150729339238,-0.0145150729339238,0.0,-0.0145150729339238,-0.0,0.0,0.0,-0.0,0.0,0.0,1.0,1.0,1.0
2015-02-09,0.0010392699693471,0.0010392699693471,0.0010392699693471,0.0,0.0,0.0,0.0,0.0,-0.0,0.0,0.0,1.0,1.0,1.0
2015-02-10,-0.005370996043004,-0.005370996043004,-0.005370996043004,0.0,-0.005370996043004,-0.0,0.0,0.0,-0.0,0.0,0.0,1.0,1.0,1.0
2015-02-11,-0.0071074007184983,-0.0071074007184983,-0.0071074007184983,0.0,-0.0071074007184983,-0.0,0.0,0.0,-0.0,0.0,0.0,1.0,1.0,1.0
2015-02-12,0.0188291711444981,0.0188291711444982,0.0188291711444981,-1.0061396160665481e-16,0.0,0.0,0.0,0.0,-0.0,0.0,0.0,1.0,1.0,1.0
2015-02-13,0.0089890893279864,0.0089890893279864,0.0089890893279864,0.0,0.0,0.0,0.0,0.0,-0.0,0.0,0.0,1.0,1.0,1.0
2015-02-17,-3.484154915978088e-05,-3.484154915975443e-05,-3.484154915978088e-05,-2.6454533008646308e-17,-3.484154915978088e-05,-0.0,0.0,0.0,-0.0,0.0,0.0,1.0,1.0,1.0
2015-02-18,0.00141363050617,0.0014136305061699,0.00141363050617,9.996344030316351e-17,0.0,0.0,0.0,0.0,-0.0,0.0,0.0,1.0,1.0,1.0
2015-02-19,-0.0033533922153636,-0.0033533922153636,-0.0033533922153636,0.0,-0.0033533922153636,-0.0,0.0,0.0,-0.0,0.0,0.0,1.0,1.0,1.0
2015-02-20,0.0027583175336292,0.002758317533629,0.0027583175336292,1.9992688060632702e-16,0.0,0.0,0.0,0.0,-0.0,0.0,0.0,1.0,1.0,1.0
2015-02-23,-0.0045582326541563,-0.0045582326541561,-0.0045582326541563,-2.0036056147532122e-16,-0.0045582326541563,-0.0,0.0,0.0,-0.0,0.0,0.0,1.0,1.0,1.0
2015-02-24,0.0131652928489858,0.0131652928489856,0.0131652928489858,2.0122792321330962e-16,0.0,0.0,0.0,0.0,-0.0,0.0,0.0,1.0,1.0,1.0
2015-02-25,-0.004250134113707,-0.0042501341137068,-0.004250134113707,-1.9949319973733282e-16,-0.004250134113707,-0.0,0.0,0.0,-0.0,0.0,0.0,1.0,1.0,1.0
2015-02-26,-0.0025240753499939,-0.002524075349994,-0.0025240753499939,1.0018028073766061e-16,-0.0025240753499939,-0.0,0.0,0.0,-0.0,0.0,0.0,1.0,1.0,1.0
2015-02-27,0.002679780986162,0.0026797809861622,0.002679780986162,-2.0036056147532122e-16,0.0,0.0,0.0,0.0,-0.0,0.0,0.0,1.0,1.0,1.0
2015-03-02,-0.0052449894474408,-0.005244989447441,-0.0052449894474408,2.0036056147532122e-16,-0.0052449894474408,-0.0,0.0,0.0,-0.0,0.0,0.0,1.0,1.0,1.0
2015-03-03,-0.0053764292525285,-0.0053764292525285,-0.0053764292525285,0.0,-0.0053764292525285,-0.0,0.0,0.0,-0.0,0.0,0.0,1.0,1.0,1.0
2015-03-04,-0.0099522095381423,-0.0099522095381422,-0.0099522095381423,-1.0061396160665481e-16,-0.0099522095381423,-0.0,0.0,0.0,-0.0,0.0,0.0,1.0,1.0,1.0
2015-03-05,-0.0042720512199314,-0.0042720512199315,-0.0042720512199314,9.974659986866641e-17,-0.0042720512199314,-0.0,0.0,0.0,-0.0,0.0,0.0,1.0,1.0,1.0
2015-03-06,-0.0160476069685858,-0.0160476069685859,-0.0160476069685858,1.0061396160665481e-16,-0.0160476069685858,-0.0,0.0,0.0,-0.0,0.0,0.0,1.0,1.0,1.0
2015-03-09,-0.0076602136378599,-0.0076602136378598,-0.0076602136378599,-1.0061396160665481e-16,-0.0076602136378599,-0.0,0.0,0.0,-0.0,0.0,0.0,1.0,1.0,1.0
2015-03-10,-0.0139077556790716,-0.0139077556790717,-0.0139077556790716,1.0061396160665481e-16,-0.0139077556790716,-0.0,0.0,0.0,-0.0,0.0,0.0,1.0,1.0,1.0
2015-03-11,0.0039811969181693,0.0039811969181693,0.0039811969181693,0.0,0.0,0.0,0.0,0.0,-0.0,0.0,0.0,1.0,1.0,1.0
2015-03-12,0.003486291527994,0.003486291527994,0.003486291527994,0.0,0.0,0.0,0.0,0.0,-0.0,0.0,0.0,1.0,1.0,1.0
2015-03-13,-0.0133407472566764,-0.0133407472566766,-0.0133407472566764,1.9949319973733282e-16,-0.0133407472566764,-0.0,0.0,0.0,-0.0,0.0,0.0,1.0,1.0,1.0
2015-03-16,0.0060049414674201,0.0060049414674202,0.0060049414674201,-1.0061396160665481e-16,0.0,0.0,0.0,0.0,-0.0,0.0,0.0,1.0,1.0,1.0
2015-03-17,0.0072746154021061,0.0072746154021062,0.0072746154021061,-9.974659986866641e-17,0.0,0.0,0.0,0.0,-0.0,0.0,0.0,1.0,1.0,1.0
2015-03-18,0.0190844792780791,0.0190844792780789,0.0190844792780791,1.97758476261356e-16,0.0,0.0,0.0,0.0,-0.0,0.0,0.0,1.0,1.0,1.0
2015-03-19,-0.0136768679183192,-0.0136768679183191,-0.0136768679183192,-1.0061396160665481e-16,-0.0136768679183192,-0.0,0.0,0.0,-0.0,0.0,0.0,1.0,1.0,1.0
2015-03-20,0.0092527257251937,0.0092527257251937,0.0092527257251937,0.0,0.0,0.0,0.0,0.0,-0.0,0.0,0.0,1.0,1.0,1.0
2015-03-23,0.0011595049851269,0.0011595049851268,0.0011595049851269,9.996344030316351e-17,0.0,0.0,0.0,0.0,-0.0,0.0,0.0,1.0,1.0,1.0
2015-03-24,0.0014503660957176,0.0014503660957177,0.0014503660957176,-9.996344030316351e-17,0.0,0.0,0.0,0.0,-0.0,0.0,0.0,1.0,1.0,1.0
2015-03-25,-0.0110961377027095,-0.0110961377027094,-0.0110961377027095,-1.0061396160665481e-16,-0.0110961377027095,-0.0,0.0,0.0,-0.0,0.0,0.0,1.0,1.0,1.0
2015-03-26,-0.004649768578284,-0.0046497685782841,-0.004649768578284,9.974659986866641e-17,-0.004649768578284,-0.0,0.0,0.0,-0.0,0.0,0.0,1.0,1.0,1.0
2015-03-27,0.001187944233588,0.0011879442335877,0.001187944233588,3.0010716134398763e-16,0.0,0.0,0.0,0.0,-0.0,0.0,0.0,1.0,1.0,1.0
2015-03-30,0.0095652738990117,0.0095652738990117,0.0095652738990117,0.0,0.0,0.0,0.0,0.0,-0.0,0.0,0.0,1.0,1.0,1.0
2015-03-31,-0.0022645028902771,-0.0022645028902769,-0.0022645028902771,-1.9992688060632702e-16,-0.0022645028902771,-0.0,0.0,0.0,-0.0,0.0,0.0,1.0,1.0,1.0
2015-04-01,0.01291774804739,0.01291774804739,0.01291774804739,0.0,0.0,0.0,0.0,0.0,-0.0,0.0,0.0,1.0,1.0,1.0
2015-04-02,0.0119416076154761,0.0119416076154761,0.0119416076154761,0.0,0.0,0.0,0.0,0.0,-0.0,0.0,0.0,1.0,1.0,1.0
2015-04-06,0.0101389966284295,0.0101389966284294,0.0101389966284295,1.0061396160665481e-16,0.0,0.0,0.0,0.0,-0.0,0.0,0.0,1.0,1.0,1.0
2015-04-07,-0.0029815229265706,-0.0029815229265706,-0.0029815229265706,0.0,-0.0029815229265706,-0.0,0.0,0.0,-0.0,0.0,0.0,1.0,1.0,1.0
2015-04-08,0.013529499048694,0.0135294990486941,0.013529499048694,-9.8879238130678e-17,0.0,0.0,0.0,0.0,-0.0,0.0,0.0,1.0,1.0,1.0
2015-04-09,0.0030206913155799,0.0030206913155797,0.0030206913155799,2.0036056147532122e-16,0.0,0.0,0.0,0.0,-0.0,0.0,0.0,1.0,1.0,1.0
2015-04-10,0.0019555483765645,0.0019555483765645,0.0019555483765645,0.0,0.0,0.0,0.0,0.0,-0.0,0.0,0.0,1.0,1.0,1.0
2015-04-13,-0.0018581016611104,-0.0018581016611104,-0.0018581016611104,0.0,-0.0018581016611104,-0.0,0.0,0.0,-0.0,0.0,0.0,1.0,1.0,1.0
2015-04-14,0.0015955858932685,0.0015955858932686,0.0015955858932685,-9.996344030316351e-17,0.0,0.0,0.0,0.0,-0.0,0.0,0.0,1.0,1.0,1.0
2015-04-15,0.0023756716371439,0.002375671637144,0.0023756716371439,-1.0018028073766061e-16,0.0,0.0,0.0,0.0,-0.0,0.0,0.0,1.0,1.0,1.0
2015-04-16,0.0018749006632232,0.001874900663223,0.0018749006632232,1.9992688060632702e-16,0.0,0.0,0.0,0.0,-0.0,0.0,0.0,1.0,1.0,1.0
2015-04-17,-0.0100789920209801,-0.0100789920209801,-0.0100789920209801,0.0,-0.0100789920209801,-0.0,0.0,0.0,-0.0,0.0,0.0,1.0,1.0,1.0
2015-04-20,0.0036976519440392,0.0036976519440391,0.0036976519440392,9.974659986866641e-17,0.0,0.0,0.0,0.0,-0.0,0.0,0.0,1.0,1.0,1.0
2015-04-21,-0.0005044609103073,-0.0005044609103073,-0.0005044609103073,0.0,-0.0005044609103073,-0.0,0.0,0.0,-0.0,0.0,0.0,1.0,1.0,1.0
2015-04-22,0.0067861216304394,0.0067861216304393,0.0067861216304394,1.0061396160665481e-16,0.0,0.0,0.0,0.0,-0.0,0.0,0.0,1.0,1.0,1.0
2015-04-23,0.0069374639127659,0.0069374639127659,0.0069374639127659,0.0,0.0,0.0,0.0,0.0,-0.0,0.0,0.0,1.0,1.0,1.0
2015-04-24,0.0066580322332239,0.0066580322332238,0.0066580322332239,9.974659986866641e-17,0.0,0.0,0.0,0.0,-0.0,0.0,0.0,1.0,1.0,1.0
2015-04-27,-0.0006366538190553,-0.0006366538190551,-0.0006366538190553,-1.9992688060632702e-16,-0.0006366538190553,-0.0,0.0,0.0,-0.0,0.0,0.0,1.0,1.0,1.0
2015-04-28,0.0028058863905879,0.0028058863905877,0.0028058863905879,2.0036056147532122e-16,0.0,0.0,0.0,0.0,-0.0,0.0,0.0,1.0,1.0,1.0
2015-04-29,-0.0042233964643523,-0.0042233964643522,-0.0042233964643523,-9.974659986866641e-17,-0.0042233964643523,-0.0,0.0,0.0,-0.0,0.0,0.0,1.0,1.0,1.0
2015-04-30,-0.0074917426792939,-0.0074917426792939,-0.0074917426792939,0.0,-0.0074917426792939,-0.0,0.0,0.0,-0.0,0.0,0.0,1.0,1.0,1.0
2015-05-01,0.0068511042959287,0.0068511042959286,0.0068511042959287,9.974659986866641e-17,0.0,0.0,0.0,0.0,-0.0,0.0,0.0,1.0,1.0,1.0
2015-05-04,0.0019140068370806,0.0019140068370806,0.0019140068370806,0.0,0.0,0.0,0.0,0.0,-0.0,0.0,0.0,1.0,1.0,1.0
2015-05-05,-0.006865547597997,-0.0068655475979969,-0.006865547597997,-9.974659986866641e-17,-0.006865547597997,-0.0,0.0,0.0,-0.0,0.0,0.0,1.0,1.0,1.0
2015-05-06,-0.0019016883500505,-0.0019016883500505,-0.0019016883500505,0.0,-0.0019016883500505,-0.0,0.0,0.0,-0.0,0.0,0.0,1.0,1.0,1.0
2015-05-07,0.0034720019711629,0.0034720019711629,0.0034720019711629,0.0,0.0,0.0,0.0,0.0,-0.0,0.0,0.0,1.0,1.0,1.0
2015-05-08,0.0187319570024697,0.0187319570024698,0.0187319570024697,-1.0061396160665481e-16,0.0,0.0,0.0,0.0,-0.0,0.0,0.0,1.0,1.0,1.0
2015-05-11,-0.0049157923560756,-0.0049157923560758,-0.0049157923560756,2.0036056147532122e-16,-0.0049157923560756,-0.0,0.0,0.0,-0.0,0.0,0.0,1.0,1.0,1.0
2015-05-12,-0.0033920791059395,-0.0033920791059392,-0.0033920791059395,-3.0010716134398763e-16,-0.0033920791059395,-0.0,0.0,0.0,-0.0,0.0,0.0,1.0,1.0,1.0
2015-05-13,-0.0009891362995587,-0.0009891362995589,-0.0009891362995587,2.0014372104082412e-16,-0.0009891362995587,-0.0,0.0,0.0,-0.0,0.0,0.0,1.0,1.0,1.0
2015-05-14,0.0113060514662308,0.0113060514662309,0.0113060514662308,-1.0061396160665481e-16,0.0,0.0,0.0,0.0,-0.0,0.0,0.0,1.0,1.0,1.0
2015-05-15,0.0008496260171706,0.0008496260171705,0.0008496260171706,1.0007186052041206e-16,0.0,0.0,0.0,0.0,-0.0,0.0,0.0,1.0,1.0,1.0
2015-05-18,-0.0058308450806885,-0.0058308450806884,-0.0058308450806885,-9.974659986866641e-17,-0.0058308450806885,-0.0,0.0,0.0,-0.0,0.0,0.0,1.0,1.0,1.0
2015-05-19,-0.0049971411774849,-0.0049971411774849,-0.0049971411774849,0.0,-0.0049971411774849,-0.0,0.0,0.0,-0.0,0.0,0.0,1.0,1.0,1.0
2015-05-20,0.0001916656514404,0.0001916656514404,0.0001916656514404,0.0,0.0,0.0,0.0,0.0,-0.0,0.0,0.0,1.0,1.0,1.0
2015-05-21,0.0011479992567753,0.0011479992567753,0.0011479992567753,0.0,0.0,0.0,0.0,0.0,-0.0,0.0,0.0,1.0,1.0,1.0
2015-05-22,-0.0087988477070716,-0.0087988477070715,-0.0087988477070716,-9.8879238130678e-17,-0.0087988477070716,-0.0,0.0,0.0,-0.0,0.0,0.0,1.0,1.0,1.0
2015-05-26,-0.0164688382427817,-0.0164688382427816,-0.0164688382427817,-1.0061396160665481e-16,-0.0164688382427817,-0.0,0.0,0.0,-0.0,0.0,0.0,1.0,1.0,1.0
2015-05-27,0.0084196039779407,0.0084196039779407,0.0084196039779407,0.0,0.0,0.0,0.0,0.0,-0.0,0.0,0.0,1.0,1.0,1.0
2015-05-28,-0.0025896207138604,-0.0025896207138603,-0.0025896207138604,-1.0018028073766061e-16,-0.0025896207138604,-0.0,0.0,0.0,-0.0,0.0,0.0,1.0,1.0,1.0
2015-05-29,-0.0115494960836964,-0.0115494960836966,-0.0115494960836964,1.9949319973733282e-16,-0.0115494960836964,-0.0,0.0,0.0,-0.0,0.0,0.0,1.0,1.0,1.0
2015-06-01,0.0002498442961442,0.0002498442961442,0.0002498442961442,0.0,0.0,0.0,0.0,0.0,-0.0,0.0,0.0,1.0,1.0,1.0
2015-06-02,0.0083921120313166,0.0083921120313166,0.0083921120313166,0.0,0.0,0.0,0.0,0.0,-0.0,0.0,0.0,1.0,1.0,1.0
2015-06-03,0.0011683722699777,0.0011683722699775,0.0011683722699777,1.9992688060632702e-16,0.0,0.0,0.0,0.0,-0.0,0.0,0.0,1.0,1.0,1.0
2015-06-04,-0.0106445876670671,-0.0106445876670668,-0.0106445876670671,-3.0010716134398763e-16,-0.0106445876670671,-0.0,0.0,0.0,-0.0,0.0,0.0,1.0,1.0,1.0
2015-06-05,-0.0016291246040108,-0.001629124604011,-0.0016291246040108,2.0014372104082412e-16,-0.0016291246040108,-0.0,0.0,0.0,-0.0,0.0,0.0,1.0,1.0,1.0
2015-06-08,-0.0017107415569777,-0.0017107415569779,-0.0017107415569777,1.9992688060632702e-16,-0.0017107415569777,-0.0,0.0,0.0,-0.0,0.0,0.0,1.0,1.0,1.0
2015-06-09,0.0001806510910167,0.0001806510910168,0.0001806510910167,-9.999054535747565e-17,0.0,0.0,0.0,0.0,-0.0,0.0,0.0,1.0,1.0,1.0
2015-06-10,0.0142286074869861,0.0142286074869858,0.0142286074869861,3.0010716134398763e-16,0.0,0.0,0.0,0.0,-0.0,0.0,0.0,1.0,1.0,1.0
2015-06-11,0.002866027678877,0.0028660276788771,0.002866027678877,-1.0018028073766061e-16,0.0,0.0,0.0,0.0,-0.0,0.0,0.0,1.0,1.0,1.0
2015-06-12,-0.0059554003373371,-0.0059554003373369,-0.0059554003373371,-1.9949319973733282e-16,-0.0059554003373371,-0.0,0.0,0.0,-0.0,0.0,0.0,1.0,1.0,1.0
2015-06-15,-0.0052824829323111,-0.005282482932311,-0.0052824829323111,-9.974659986866641e-17,-0.0052824829323111,-0.0,0.0,0.0,-0.0,0.0,0.0,1.0,1.0,1.0
2015-06-16,0.0056323718224862,0.0056323718224861,0.0056323718224862,1.0061396160665481e-16,0.0,0.0,0.0,0.0,-0.0,0.0,0.0,1.0,1.0,1.0
2015-06-17,0.0021247697362354,0.0021247697362352,0.0021247697362354,2.0036056147532122e-16,0.0,0.0,0.0,0.0,-0.0,0.0,0.0,1.0,1.0,1.0
2015-06-18,0.0091575953219074,0.0091575953219074,0.0091575953219074,0.0,0.0,0.0,0.0,0.0,-0.0,0.0,0.0,1.0,1.0,1.0
2015-06-19,-0.010536860446584,-0.0105368604465844,-0.010536860446584,4.0072112295064244e-16,-0.010536860446584,-0.0,0.0,0.0,-0.0,0.0,0.0,1.0,1.0,1.0
2015-06-22,0.0093689402150138,0.0093689402150142,0.0093689402150138,-4.0072112295064244e-16,0.0,0.0,0.0,0.0,-0.0,0.0,0.0,1.0,1.0,1.0
2015-06-23,0.0001881598342852,0.0001881598342851,0.0001881598342852,1.0001765041178778e-16,0.0,0.0,0.0,0.0,-0.0,0.0,0.0,1.0,1.0,1.0
2015-06-24,-0.0060987452038241,-0.0060987452038242,-0.0060987452038241,9.974659986866641e-17,-0.0060987452038241,-0.0,0.0,0.0,-0.0,0.0,0.0,1.0,1.0,1.0
2015-06-25,-0.0067517152511267,-0.0067517152511268,-0.0067517152511267,9.974659986866641e-17,-0.0067517152511267,-0.0,0.0,0.0,-0.0,0.0,0.0,1.0,1.0,1.0
2015-06-26,0.0028842361966565,0.0028842361966567,0.0028842361966565,-1.9992688060632702e-16,0.0,0.0,0.0,0.0,-0.0,0.0,0.0,1.0,1.0,1.0
2015-06-29,-0.0216731244302611,-0.0216731244302611,-0.0216731244302611,0.0,-0.0216731244302611,-0.0,0.0,0.0,-0.0,0.0,0.0,1.0,1.0,1.0
2015-06-30,0.0013657382711218,0.0013657382711217,0.0013657382711218,9.996344030316351e-17,0.0,0.0,0.0,0.0,-0.0,0.0,0.0,1.0,1.0,1.0
2015-07-01,0.0025490399045724,0.0025490399045724,0.0025490399045724,0.0,0.0,0.0,0.0,0.0,-0.0,0.0,0.0,1.0,1.0,1.0
2015-07-02,0.0035751829410564,0.0035751829410565,0.0035751829410564,-1.0018028073766061e-16,0.0,0.0,0.0,0.0,-0.0,0.0,0.0,1.0,1.0,1.0
2015-07-06,-0.0118008374938184,-0.0118008374938184,-0.0118008374938184,0.0,-0.0118008374938184,-0.0,0.0,0.0,-0.0,0.0,0.0,1.0,1.0,1.0
2015-07-07,0.0012499550156761,0.001249955015676,0.0012499550156761,9.996344030316351e-17,0.0,0.0,0.0,0.0,-0.0,0.0,0.0,1.0,1.0,1.0
2015-07-08,-0.0204618323014684,-0.0204618323014685,-0.0204618323014684,9.71445146547012e-17,-0.0204618323014684,-0.0,0.0,0.0,-0.0,0.0,0.0,1.0,1.0,1.0
2015-07-09,0.0074471178113617,0.0074471178113616,0.0074471178113617,9.974659986866641e-17,0.0,0.0,0.0,0.0,-0.0,0.0,0.0,1.0,1.0,1.0
2015-07-10,0.0124571536363888,0.0124571536363888,0.0124571536363888,0.0,0.0,0.0,0.0,0.0,-0.0,0.0,0.0,1.0,1.0,1.0
2015-07-13,0.010028709463616,0.010028709463616,0.010028709463616,0.0,0.0,0.0,0.0,0.0,-0.0,0.0,0.0,1.0,1.0,1.0
2015-07-14,0.0026416930056443,0.0026416930056441,0.0026416930056443,2.0036056147532122e-16,0.0,0.0,0.0,0.0,-0.0,0.0,0.0,1.0,1.0,1.0
2015-07-15,-0.0013656860143683,-0.0013656860143682,-0.0013656860143683,-9.996344030316351e-17,-0.0013656860143683,-0.0,0.0,0.0,-0.0,0.0,0.0,1.0,1.0,1.0
2015-07-16,0.0034799468703077,0.0034799468703075,0.0034799468703077,1.9992688060632702e-16,0.0,0.0,0.0,0.0,-0.0,0.0,0.0,1.0,1.0,1.0
2015-07-17,-0.0021937511913654,-0.0021937511913654,-0.0021937511913654,0.0,-0.0021937511913654,-0.0,0.0,0.0,-0.0,0.0,0.0,1.0,1.0,1.0
2015-07-20,-0.0030971910568635,-0.0030971910568634,-0.0030971910568635,-1.0018028073766061e-16,-0.0030971910568635,-0.0,0.0,0.0,-0.0,0.0,0.0,1.0,1.0,1.0
2015-07-21,-0.0066608767502831,-0.0066608767502832,-0.0066608767502831,9.974659986866641e-17,-0.0066608767502831,-0.0,0.0,0.0,-0.0,0.0,0.0,1.0,1.0,1.0
2015-07-22,-0.0035910608304604,-0.0035910608304604,-0.0035910608304604,0.0,-0.0035910608304604,-0.0,0.0,0.0,-0.0,0.0,0.0,1.0,1.0,1.0
2015-07-23,-0.0073909376382645,-0.0073909376382645,-0.0073909376382645,0.0,-0.0073909376382645,-0.0,0.0,0.0,-0.0,0.0,0.0,1.0,1.0,1.0
2015-07-24,-0.0116686297708024,-0.0116686297708023,-0.0116686297708024,-9.8879238130678e-17,-0.0116686297708024,-0.0,0.0,0.0,-0.0,0.0,0.0,1.0,1.0,1.0
2015-07-27,-0.0061050085194668,-0.0061050085194669,-0.0061050085194668,1.0061396160665481e-16,-0.0061050085194668,-0.0,0.0,0.0,-0.0,0.0,0.0,1.0,1.0,1.0
2015-07-28,0.019598094339696,0.0195980943396961,0.019598094339696,-1.0061396160665481e-16,0.0,0.0,0.0,0.0,-0.0,0.0,0.0,1.0,1.0,1.0
2015-07-29,0.0112742024436467,0.0112742024436468,0.0112742024436467,-1.0061396160665481e-16,0.0,0.0,0.0,0.0,-0.0,0.0,0.0,1.0,1.0,1.0
2015-07-30,0.0002343224025611,0.0002343224025611,0.0002343224025611,0.0,0.0,0.0,0.0,0.0,-0.0,0.0,0.0,1.0,1.0,1.0
2015-07-31,-0.0012460623107608,-0.0012460623107609,-0.0012460623107608,9.996344030316351e-17,-0.0012460623107608,-0.0,0.0,0.0,-0.0,0.0,0.0,1.0,1.0,1.0
2015-08-03,-0.0053706462048068,-0.0053706462048068,-0.0053706462048068,0.0,-0.0053706462048068,-0.0,0.0,0.0,-0.0,0.0,0.0,1.0,1.0,1.0
2015-08-04,0.0004055960188493,0.0004055960188494,0.0004055960188493,-1.0001765041178778e-16,0.0,0.0,0.0,0.0,-0.0,0.0,0.0,1.0,1.0,1.0
2015-08-05,0.0054385643958443,0.0054385643958444,0.0054385643958443,-9.974659986866641e-17,0.0,0.0,0.0,0.0,-0.0,0.0,0.0,1.0,1.0,1.0
2015-08-06,-0.0048174090183846,-0.0048174090183846,-0.0048174090183846,0.0,-0.0048174090183846,-0.0,0.0,0.0,-0.0,0.0,0.0,1.0,1.0,1.0
2015-08-07,-0.0065849427851527,-0.0065849427851527,-0.0065849427851527,0.0,-0.0065849427851527,-0.0,0.0,0.0,-0.0,0.0,0.0,1.0,1.0,1.0
2015-08-10,0.0204559060432978,0.0204559060432978,0.0204559060432978,0.0,0.0,0.0,0.0,0.0,-0.0,0.0,0.0,1.0,1.0,1.0
2015-08-11,-0.0134277330230566,-0.0134277330230566,-0.0134277330230566,0.0,-0.0134277330230566,-0.0,0.0,0.0,-0.0,0.0,0.0,1.0,1.0,1.0
2015-08-12,0.0008715329136317,0.0008715329136315,0.0008715329136317,1.9992688060632702e-16,0.0,0.0,0.0,0.0,-0.0,0.0,0.0,1.0,1.0,1.0
2015-08-13,-0.0011462947009572,-0.0011462947009572,-0.0011462947009572,0.0,-0.0011462947009572,-0.0,0.0,0.0,-0.0,0.0,0.0,1.0,1.0,1.0
2015-08-14,0.0059454494028226,0.0059454494028228,0.0059454494028226,-1.9949319973733282e-16,0.0,0.0,0.0,0.0,-0.0,0.0,0.0,1.0,1.0,1.0
2015-08-17,0.0050880179735595,0.0050880179735592,0.0050880179735595,3.0010716134398763e-16,0.0,0.0,0.0,0.0,-0.0,0.0,0.0,1.0,1.0,1.0
2015-08-18,-0.0027322027954611,-0.002732202795461,-0.0027322027954611,-1.0018028073766061e-16,-0.0027322027954611,-0.0,0.0,0.0,-0.0,0.0,0.0,1.0,1.0,1.0
2015-08-19,-0.0098785775838603,-0.0098785775838603,-0.0098785775838603,0.0,-0.0098785775838603,-0.0,0.0,0.0,-0.0,0.0,0.0,1.0,1.0,1.0
2015-08-20,-0.0202919299076771,-0.0202919299076772,-0.0202919299076771,1.0061396160665481e-16,-0.0202919299076771,-0.0,0.0,0.0,-0.0,0.0,0.0,1.0,1.0,1.0
2015-08-21,-0.0268779844072363,-0.0268779844072362,-0.0268779844072363,-1.0061396160665481e-16,-0.0268779844072363,-0.0,0.0,0.0,-0.0,0.0,0.0,1.0,1.0,1.0
2015-08-24,-0.0366596583948247,-0.0366596583948248,-0.0366596583948247,1.0408340855860843e-16,-0.0366596583948247,-0.0,0.0,0.0,-0.0,0.0,0.0,1.0,1.0,1.0
2015-08-25,-0.0135495431244069,-0.0135495431244068,-0.0135495431244069,-1.0061396160665481e-16,-0.0135495431244069,-0.0,0.0,0.0,-0.0,0.0,0.0,1.0,1.0,1.0
2015-08-26,0.0303093042416335,0.0303093042416335,0.0303093042416335,0.0,0.0,0.0,0.0,0.0,-0.0,0.0,0.0,1.0,1.0,1.0
2015-08-27,0.02639215900307,0.02639215900307,0.02639215900307,0.0,0.0,0.0,0.0,0.0,-0.0,0.0,0.0,1.0,1.0,1.0
2015-08-28,0.0014227647346769,0.0014227647346769,0.0014227647346769,0.0,0.0,0.0,0.0,0.0,-0.0,0.0,0.0,1.0,1.0,1.0
2015-08-31,-0.0082017378436787,-0.0082017378436788,-0.0082017378436787,9.8879238130678e-17,-0.0082017378436787,-0.0,0.0,0.0,-0.0,0.0,0.0,1.0,1.0,1.0
2015-09-01,-0.0271835967944149,-0.0271835967944149,-0.0271835967944149,0.0,-0.0271835967944149,-0.0,0.0,0.0,-0.0,0.0,0.0,1.0,1.0,1.0
2015-09-02,0.0206087766832494,0.0206087766832494,0.0206087766832494,0.0,0.0,0.0,0.0,0.0,-0.0,0.0,0.0,1.0,1.0,1.0
2015-09-03,0.0016452918351725,0.0016452918351727,0.0016452918351725,-1.9992688060632702e-16,0.0,0.0,0.0,0.0,-0.0,0.0,0.0,1.0,1.0,1.0
2015-09-04,-0.0149941526838702,-0.0149941526838702,-0.0149941526838702,0.0,-0.0149941526838702,-0.0,0.0,0.0,-0.0,0.0,0.0,1.0,1.0,1.0
2015-09-08,0.0269944702295574,0.0269944702295574,0.0269944702295574,0.0,0.0,0.0,0.0,0.0,-0.0,0.0,0.0,1.0,1.0,1.0
2015-09-09,-0.0100201030845823,-0.0100201030845824,-0.0100201030845823,1.0061396160665481e-16,-0.0100201030845823,-0.0,0.0,0.0,-0.0,0.0,0.0,1.0,1.0,1.0
2015-09-10,0.0009205996480099,0.0009205996480099,0.0009205996480099,0.0,0.0,0.0,0.0,0.0,-0.0,0.0,0.0,1.0,1.0,1.0
2015-09-11,0.0041239844881801,0.0041239844881801,0.0041239844881801,0.0,0.0,0.0,0.0,0.0,-0.0,0.0,0.0,1.0,1.0,1.0
2015-09-14,-0.0063446608655831,-0.0063446608655831,-0.0063446608655831,0.0,-0.0063446608655831,-0.0,0.0,0.0,-0.0,0.0,0.0,1.0,1.0,1.0
2015-09-15,0.0153915264749673,0.0153915264749671,0.0153915264749673,2.0122792321330962e-16,0.0,0.0,0.0,0.0,-0.0,0.0,0.0,1.0,1.0,1.0
2015-09-16,0.0085898959224239,0.0085898959224238,0.0085898959224239,9.8879238130678e-17,0.0,0.0,0.0,0.0,-0.0,0.0,0.0,1.0,1.0,1.0
2015-09-17,-0.004410831911898,-0.0044108319118978,-0.004410831911898,-2.0036056147532122e-16,-0.004410831911898,-0.0,0.0,0.0,-0.0,0.0,0.0,1.0,1.0,1.0
2015-09-18,-0.0218226089873162,-0.0218226089873163,-0.0218226089873162,9.71445146547012e-17,-0.0218226089873162,-0.0,0.0,0.0,-0.0,0.0,0.0,1.0,1.0,1.0
2015-09-21,0.0045987273422125,0.0045987273422123,0.0045987273422125,2.0036056147532122e-16,0.0,0.0,0.0,0.0,-0.0,0.0,0.0,1.0,1.0,1.0
2015-09-22,-0.0154014386286934,-0.0154014386286934,-0.0154014386286934,0.0,-0.0154014386286934,-0.0,0.0,0.0,-0.0,0.0,0.0,1.0,1.0,1.0
2015-09-23,-0.0082421643944831,-0.008242164394483,-0.0082421643944831,-1.0061396160665481e-16,-0.0082421643944831,-0.0,0.0,0.0,-0.0,0.0,0.0,1.0,1.0,1.0
2015-09-24,-0.0046496818793534,-0.0046496818793535,-0.0046496818793534,9.974659986866641e-17,-0.0046496818793534,-0.0,0.0,0.0,-0.0,0.0,0.0,1.0,1.0,1.0
2015-09-25,0.0008110646773045,0.0008110646773046,0.0008110646773045,-9.996344030316351e-17,0.0,0.0,0.0,0.0,-0.0,0.0,0.0,1.0,1.0,1.0
2015-09-28,-0.0085366143020617,-0.0085366143020618,-0.0085366143020617,1.0061396160665481e-16,-0.0085366143020617,-0.0,0.0,0.0,-0.0,0.0,0.0,1.0,1.0,1.0
2015-09-29,0.0049272772986581,0.0049272772986583,0.0049272772986581,-2.0036056147532122e-16,0.0,0.0,0.0,0.0,-0.0,0.0,0.0,1.0,1.0,1.0
2015-09-30,0.0185932585149313,0.0185932585149309,0.0185932585149313,3.9898639947466563e-16,0.0,0.0,0.0,0.0,-0.0,0.0,0.0,1.0,1.0,1.0
2015-10-01,0.0058964400634557,0.0058964400634558,0.0058964400634557,-9.974659986866641e-17,0.0,0.0,0.0,0.0,-0.0,0.0,0.0,1.0,1.0,1.0
2015-10-02,0.0198180336908295,0.0198180336908296,0.0198180336908295,-1.0061396160665481e-16,0.0,0.0,0.0,0.0,-0.0,0.0,0.0,1.0,1.0,1.0
2015-10-05,0.0269810306215607,0.0269810306215606,0.0269810306215607,9.71445146547012e-17,0.0,0.0,0.0,0.0,-0.0,0.0,0.0,1.0,1.0,1.0
2015-10-06,0.0074805432386055,0.0074805432386057,0.0074805432386055,-2.0036056147532122e-16,0.0,0.0,0.0,0.0,-0.0,0.0,0.0,1.0,1.0,1.0
2015-10-07,0.0132006545898675,0.0132006545898674,0.0132006545898675,9.8879238130678e-17,0.0,0.0,0.0,0.0,-0.0,0.0,0.0,1.0,1.0,1.0
2015-10-08,0.0139600846941776,0.0139600846941776,0.0139600846941776,0.0,0.0,0.0,0.0,0.0,-0.0,0.0,0.0,1.0,1.0,1.0
2015-10-09,0.0008463873094755,0.0008463873094753,0.0008463873094755,2.0003530082357557e-16,0.0,0.0,0.0,0.0,-0.0,0.0,0.0,1.0,1.0,1.0
2015-10-12,-0.005205579892529,-0.0052055798925289,-0.005205579892529,-9.974659986866641e-17,-0.005205579892529,-0.0,0.0,0.0,-0.0,0.0,0.0,1.0,1.0,1.0
2015-10-13,-0.0044533254737642,-0.0044533254737642,-0.0044533254737642,0.0,-0.0044533254737642,-0.0,0.0,0.0,-0.0,0.0,0.0,1.0,1.0,1.0
2015-10-14,0.0027702917703316,0.0027702917703314,0.0027702917703316,1.9992688060632702e-16,0.0,0.0,0.0,0.0,-0.0,0.0,0.0,1.0,1.0,1.0
2015-10-15,0.0037660709263658,0.0037660709263657,0.0037660709263658,9.974659986866641e-17,0.0,0.0,0.0,0.0,-0.0,0.0,0.0,1.0,1.0,1.0
2015-10-16,-0.0007136178486611,-0.0007136178486611,-0.0007136178486611,0.0,-0.0007136178486611,-0.0,0.0,0.0,-0.0,0.0,0.0,1.0,1.0,1.0
2015-10-19,-0.0042324043379105,-0.0042324043379105,-0.0042324043379105,0.0,-0.0042324043379105,-0.0,0.0,0.0,-0.0,0.0,0.0,1.0,1.0,1.0
2015-10-20,0.0017959719173965,0.0017959719173965,0.0017959719173965,0.0,0.0,0.0,0.0,0.0,-0.0,0.0,0.0,1.0,1.0,1.0
2015-10-21,-0.0084086768684247,-0.0084086768684246,-0.0084086768684247,-1.0061396160665481e-16,-0.0084086768684247,-0.0,0.0,0.0,-0.0,0.0,0.0,1.0,1.0,1.0
2015-10-22,0.0183760879887926,0.0183760879887925,0.0183760879887926,1.0061396160665481e-16,0.0,0.0,0.0,0.0,-0.0,0.0,0.0,1.0,1.0,1.0
2015-10-23,0.0069904976711188,0.0069904976711189,0.0069904976711188,-9.974659986866641e-17,0.0,0.0,0.0,0.0,-0.0,0.0,0.0,1.0,1.0,1.0
2015-10-26,-0.0065644649186773,-0.0065644649186772,-0.0065644649186773,-9.974659986866641e-17,-0.0065644649186773,-0.0,0.0,0.0,-0.0,0.0,0.0,1.0,1.0,1.0
2015-10-27,-0.0011907262051442,-0.0011907262051442,-0.0011907262051442,0.0,-0.0011907262051442,-0.0,0.0,0.0,-0.0,0.0,0.0,1.0,1.0,1.0
2015-10-28,0.0164514078252162,0.0164514078252163,0.0164514078252162,-1.0061396160665481e-16,0.0,0.0,0.0,0.0,-0.0,0.0,0.0,1.0,1.0,1.0
2015-10-29,1.6912041947980683e-05,1.6912041947729182e-05,1.6912041947980683e-05,2.5150102269874686e-16,0.0,0.0,0.0,0.0,-0.0,0.0,0.0,1.0,1.0,1.0
2015-10-30,-0.0012937262544333,-0.0012937262544333,-0.0012937262544333,0.0,-0.0012937262544333,-0.0,0.0,0.0,-0.0,0.0,0.0,1.0,1.0,1.0
2015-11-02,0.0119300304684097,0.0119300304684099,0.0119300304684097,-2.0122792321330962e-16,0.0,0.0,0.0,0.0,-0.0,0.0,0.0,1.0,1.0,1.0
2015-11-03,0.0027110565455394,0.0027110565455393,0.0027110565455394,1.0018028073766061e-16,0.0,0.0,0.0,0.0,-0.0,0.0,0.0,1.0,1.0,1.0
2015-11-04,-0.0049662810793328,-0.0049662810793328,-0.0049662810793328,0.0,-0.0049662810793328,-0.0,0.0,0.0,-0.0,0.0,0.0,1.0,1.0,1.0
2015-11-05,-0.0035610944723433,-0.0035610944723433,-0.0035610944723433,0.0,-0.0035610944723433,-0.0,0.0,0.0,-0.0,0.0,0.0,1.0,1.0,1.0
2015-11-06,0.0021896770128093,0.0021896770128093,0.0021896770128093,0.0,0.0,0.0,0.0,0.0,-0.0,0.0,0.0,1.0,1.0,1.0
2015-11-09,-0.0079627437804282,-0.0079627437804283,-0.0079627437804282,9.8879238130678e-17,-0.0079627437804282,-0.0,0.0,0.0,-0.0,0.0,0.0,1.0,1.0,1.0
2015-11-10,-0.0025804518031616,-0.0025804518031618,-0.0025804518031616,2.0036056147532122e-16,-0.0025804518031616,-0.0,0.0,0.0,-0.0,0.0,0.0,1.0,1.0,1.0
2015-11-11,-0.0029780326259277,-0.0029780326259276,-0.0029780326259277,-1.0018028073766061e-16,-0.0029780326259277,-0.0,0.0,0.0,-0.0,0.0,0.0,1.0,1.0,1.0
2015-11-12,-0.019379386601852,-0.019379386601852,-0.019379386601852,0.0,-0.019379386601852,-0.0,0.0,0.0,-0.0,0.0,0.0,1.0,1.0,1.0
2015-11-13,0.0058920706663241,0.0058920706663242,0.0058920706663241,-9.974659986866641e-17,0.0,0.0,0.0,0.0,-0.0,0.0,0.0,1.0,1.0,1.0
2015-11-16,0.0119532744676049,0.0119532744676049,0.0119532744676049,0.0,0.0,0.0,0.0,0.0,-0.0,0.0,0.0,1.0,1.0,1.0
2015-11-17,-0.0005939494715971,-0.0005939494715972,-0.0005939494715971,9.996344030316351e-17,-0.0005939494715971,-0.0,0.0,0.0,-0.0,0.0,0.0,1.0,1.0,1.0
2015-11-18,0.0179707036880238,0.017970703688024,0.0179707036880238,-2.0122792321330962e-16,0.0,0.0,0.0,0.0,-0.0,0.0,0.0,1.0,1.0,1.0
2015-11-19,-0.0047461759278208,-0.004746175927821,-0.0047461759278208,1.9949319973733282e-16,-0.0047461759278208,-0.0,0.0,0.0,-0.0,0.0,0.0,1.0,1.0,1.0
2015-11-20,0.0010079789809538,0.0010079789809536,0.0010079789809538,2.0014372104082412e-16,0.0,0.0,0.0,0.0,-0.0,0.0,0.0,1.0,1.0,1.0
2015-11-23,0.0012770653277291,0.0012770653277292,0.0012770653277291,-1.0018028073766061e-16,0.0,0.0,0.0,0.0,-0.0,0.0,0.0,1.0,1.0,1.0
2015-11-24,0.0071251061624133,0.0071251061624133,0.0071251061624133,0.0,0.0,0.0,0.0,0.0,-0.0,0.0,0.0,1.0,1.0,1.0
2015-11-25,-0.0013182447360045,-0.0013182447360044,-0.0013182447360045,-9.996344030316351e-17,-0.0013182447360045,-0.0,0.0,0.0,-0.0,0.0,0.0,1.0,1.0,1.0
2015-11-27,0.0003121535301229,0.0003121535301228,0.0003121535301229,1.0001765041178778e-16,0.0,0.0,0.0,0.0,-0.0,0.0,0.0,1.0,1.0,1.0
2015-11-30,-0.0020198952407814,-0.0020198952407814,-0.0020198952407814,0.0,-0.0020198952407814,-0.0,0.0,0.0,-0.0,0.0,0.0,1.0,1.0,1.0
2015-12-01,0.0088211683840193,0.0088211683840195,0.0088211683840193,-1.9949319973733282e-16,0.0,0.0,0.0,0.0,-0.0,0.0,0.0,1.0,1.0,1.0
2015-12-02,-0.0119637007652383,-0.0119637007652384,-0.0119637007652383,9.8879238130678e-17,-0.0119637007652383,-0.0,0.0,0.0,-0.0,0.0,0.0,1.0,1.0,1.0
2015-12-03,-0.0129197309074672,-0.0129197309074672,-0.0129197309074672,0.0,-0.0129197309074672,-0.0,0.0,0.0,-0.0,0.0,0.0,1.0,1.0,1.0
2015-12-04,0.0172499268239334,0.0172499268239335,0.0172499268239334,-1.0061396160665481e-16,0.0,0.0,0.0,0.0,-0.0,0.0,0.0,1.0,1.0,1.0
2015-12-07,-0.0149575252176489,-0.0149575252176489,-0.0149575252176489,0.0,-0.0149575252176489,-0.0,0.0,0.0,-0.0,0.0,0.0,1.0,1.0,1.0
2015-12-08,-0.0121781283799943,-0.0121781283799944,-0.0121781283799943,1.0061396160665481e-16,-0.0121781283799943,-0.0,0.0,0.0,-0.0,0.0,0.0,1.0,1.0,1.0
2015-12-09,0.0141262151064081,0.0141262151064081,0.0141262151064081,0.0,0.0,0.0,0.0,0.0,-0.0,0.0,0.0,1.0,1.0,1.0
2015-12-10,-0.0025324811082103,-0.0025324811082102,-0.0025324811082103,-1.0018028073766061e-16,-0.0025324811082103,-0.0,0.0,0.0,-0.0,0.0,0.0,1.0,1.0,1.0
2015-12-11,-0.0234439089092439,-0.0234439089092441,-0.0234439089092439,2.0122792321330962e-16,-0.0234439089092439,-0.0,0.0,0.0,-0.0,0.0,0.0,1.0,1.0,1.0
2015-12-14,-0.0081519564756672,-0.0081519564756671,-0.0081519564756672,-1.0061396160665481e-16,-0.0081519564756672,-0.0,0.0,0.0,-0.0,0.0,0.0,1.0,1.0,1.0
2015-12-15,0.0083360833098413,0.0083360833098413,0.0083360833098413,0.0,0.0,0.0,0.0,0.0,-0.0,0.0,0.0,1.0,1.0,1.0
2015-12-16,0.0118027587957909,0.0118027587957907,0.0118027587957909,1.9949319973733282e-16,0.0,0.0,0.0,0.0,-0.0,0.0,0.0,1.0,1.0,1.0
2015-12-17,-0.0163249400255184,-0.0163249400255184,-0.0163249400255184,0.0,-0.0163249400255184,-0.0,0.0,0.0,-0.0,0.0,0.0,1.0,1.0,1.0
2015-12-18,-0.0140545891447751,-0.0140545891447751,-0.0140545891447751,0.0,-0.0140545891447751,-0.0,0.0,0.0,-0.0,0.0,0.0,1.0,1.0,1.0
2015-12-21,0.0087264355599454,0.0087264355599454,0.0087264355599454,0.0,0.0,0.0,0.0,0.0,-0.0,0.0,0.0,1.0,1.0,1.0
2015-12-22,0.0107903823193526,0.0107903823193526,0.0107903823193526,0.0,0.0,0.0,0.0,0.0,-0.0,0.0,0.0,1.0,1.0,1.0
2015-12-23,0.0182817040495193,0.0182817040495194,0.0182817040495193,-9.71445146547012e-17,0.0,0.0,0.0,0.0,-0.0,0.0,0.0,1.0,1.0,1.0
2015-12-24,0.0005559919782154,0.0005559919782154,0.0005559919782154,0.0,0.0,0.0,0.0,0.0,-0.0,0.0,0.0,1.0,1.0,1.0
2015-12-28,-0.0018284226451283,-0.0018284226451283,-0.0018284226451283,0.0,-0.0018284226451283,-0.0,0.0,0.0,-0.0,0.0,0.0,1.0,1.0,1.0
2015-12-29,0.0045028261466266,0.0045028261466268,0.0045028261466266,-1.9949319973733282e-16,0.0,0.0,0.0,0.0,-0.0,0.0,0.0,1.0,1.0,1.0
2015-12-30,-0.0027951815160842,-0.0027951815160842,-0.0027951815160842,0.0,-0.0027951815160842,-0.0,0.0,0.0,-0.0,0.0,0.0,1.0,1.0,1.0
2015-12-31,-0.00417861953737,-0.0041786195373701,-0.00417861953737,1.0061396160665481e-16,-0.00417861953737,-0.0,0.0,0.0,-0.0,0.0,0.0,1.0,1.0,1.0
2016-01-04,-0.0080046624844074,-0.0080046624844075,-0.0080046624844074,9.8879238130678e-17,-0.0080046624844074,-0.0,0.0,0.0,-0.0,0.0,0.0,1.0,1.0,1.0
2016-01-05,0.0013584846378233,0.0013584846378235,0.0013584846378233,-2.0014372104082412e-16,0.0,0.0,0.0,0.0,-0.0,0.0,0.0,1.0,1.0,1.0
2016-01-06,-0.0044697784809774,-0.0044697784809774,-0.0044697784809774,0.0,-0.0044697784809774,-0.0,0.0,0.0,-0.0,0.0,0.0,1.0,1.0,1.0
2016-01-07,-0.0095479464691198,-0.0095479464691198,-0.0095479464691198,0.0,-0.0095479464691198,-0.0,0.0,0.0,-0.0,0.0,0.0,1.0,1.0,1.0
2016-01-08,-0.014673984591052,-0.0146739845910519,-0.014673984591052,-1.0061396160665481e-16,-0.014673984591052,-0.0,0.0,0.0,-0.0,0.0,0.0,1.0,1.0,1.0
2016-01-11,-0.0037865568649693,-0.0037865568649692,-0.0037865568649693,-1.0018028073766061e-16,-0.0037865568649693,-0.0,0.0,0.0,-0.0,0.0,0.0,1.0,1.0,1.0
2016-01-12,0.0052462069437546,0.0052462069437547,0.0052462069437546,-9.974659986866641e-17,0.0,0.0,0.0,0.0,-0.0,0.0,0.0,1.0,1.0,1.0
2016-01-13,-0.0228801446492752,-0.0228801446492752,-0.0228801446492752,0.0,-0.0228801446492752,-0.0,0.0,0.0,-0.0,0.0,0.0,1.0,1.0,1.0
2016-01-14,0.0122197856972199,0.0122197856972197,0.0122197856972199,1.9949319973733282e-16,0.0,0.0,0.0,0.0,-0.0,0.0,0.0,1.0,1.0,1.0
2016-01-15,-0.0159967695011113,-0.0159967695011112,-0.0159967695011113,-1.0061396160665481e-16,-0.0159967695011113,-0.0,0.0,0.0,-0.0,0.0,0.0,1.0,1.0,1.0
2016-01-19,-0.008127284837137,-0.0081272848371371,-0.008127284837137,9.8879238130678e-17,-0.008127284837137,-0.0,0.0,0.0,-0.0,0.0,0.0,1.0,1.0,1.0
2016-01-20,2.1737875204985713e-05,2.1737875205003304e-05,2.1737875204985713e-05,-1.759118024857731e-17,0.0,0.0,0.0,0.0,-0.0,0.0,0.0,1.0,1.0,1.0
2016-01-21,-0.0006431130098295,-0.0006431130098295,-0.0006431130098295,0.0,-0.0006431130098295,-0.0,0.0,0.0,-0.0,0.0,0.0,1.0,1.0,1.0
2016-01-22,0.0144653203772135,0.0144653203772133,0.0144653203772135,1.9949319973733282e-16,0.0,0.0,0.0,0.0,-0.0,0.0,0.0,1.0,1.0,1.0
2016-01-25,-0.0178453861278607,-0.0178453861278606,-0.0178453861278607,-1.0061396160665481e-16,-0.0178453861278607,-0.0,0.0,0.0,-0.0,0.0,0.0,1.0,1.0,1.0
2016-01-26,0.0155558459600197,0.0155558459600198,0.0155558459600197,-1.0061396160665481e-16,0.0,0.0,0.0,0.0,-0.0,0.0,0.0,1.0,1.0,1.0
2016-01-27,-0.0082535825802476,-0.0082535825802477,-0.0082535825802476,9.8879238130678e-17,-0.0082535825802476,-0.0,0.0,0.0,-0.0,0.0,0.0,1.0,1.0,1.0
2016-01-28,-0.0001198902938625,-0.0001198902938623,-0.0001198902938625,-1.9999464324210736e-16,-0.0001198902938625,-0.0,0.0,0.0,-0.0,0.0,0.0,1.0,1.0,1.0
2016-01-29,0.019178143294098,0.0191781432940978,0.019178143294098,2.0122792321330962e-16,0.0,0.0,0.0,0.0,-0.0,0.0,0.0,1.0,1.0,1.0
2016-02-01,-0.0041428466908314,-0.0041428466908313,-0.0041428466908314,-1.0061396160665481e-16,-0.0041428466908314,-0.0,0.0,0.0,-0.0,0.0,0.0,1.0,1.0,1.0
2016-02-02,-0.0212679262406506,-0.0212679262406506,-0.0212679262406506,0.0,-0.0212679262406506,-0.0,0.0,0.0,-0.0,0.0,0.0,1.0,1.0,1.0
2016-02-03,0.0042043632010499,0.0042043632010499,0.0042043632010499,0.0,0.0,0.0,0.0,0.0,-0.0,0.0,0.0,1.0,1.0,1.0
2016-02-04,0.0065429559460432,0.0065429559460433,0.0065429559460432,-9.974659986866641e-17,0.0,0.0,0.0,0.0,-0.0,0.0,0.0,1.0,1.0,1.0
2016-02-05,-0.0238045527077163,-0.0238045527077163,-0.0238045527077163,0.0,-0.0238045527077163,-0.0,0.0,0.0,-0.0,0.0,0.0,1.0,1.0,1.0
2016-02-08,-0.0147922187017472,-0.0147922187017471,-0.0147922187017472,-9.8879238130678e-17,-0.0147922187017472,-0.0,0.0,0.0,-0.0,0.0,0.0,1.0,1.0,1.0
2016-02-09,-0.0041286322143415,-0.0041286322143416,-0.0041286322143415,9.974659986866641e-17,-0.0041286322143415,-0.0,0.0,0.0,-0.0,0.0,0.0,1.0,1.0,1.0
2016-02-10,-0.0006607240572211,-0.0006607240572211,-0.0006607240572211,0.0,-0.0006607240572211,-0.0,0.0,0.0,-0.0,0.0,0.0,1.0,1.0,1.0
2016-02-11,-0.0126357869336949,-0.0126357869336948,-0.0126357869336949,-1.0061396160665481e-16,-0.0126357869336949,-0.0,0.0,0.0,-0.0,0.0,0.0,1.0,1.0,1.0
2016-02-12,0.0190210894373261,0.0190210894373259,0.0190210894373261,2.0122792321330962e-16,0.0,0.0,0.0,0.0,-0.0,0.0,0.0,1.0,1.0,1.0
2016-02-16,0.0183154952758728,0.0183154952758728,0.0183154952758728,0.0,0.0,0.0,0.0,0.0,-0.0,0.0,0.0,1.0,1.0,1.0
2016-02-17,0.0125904286772997,0.0125904286772998,0.0125904286772997,-1.0061396160665481e-16,0.0,0.0,0.0,0.0,-0.0,0.0,0.0,1.0,1.0,1.0
2016-02-18,-0.0030071069623276,-0.0030071069623277,-0.0030071069623276,1.0018028073766061e-16,-0.0030071069623276,-0.0,0.0,0.0,-0.0,0.0,0.0,1.0,1.0,1.0
2016-02-19,0.0026166930299953,0.0026166930299953,0.0026166930299953,0.0,0.0,0.0,0.0,0.0,-0.0,0.0,0.0,1.0,1.0,1.0
2016-02-22,0.0102105523876427,0.0102105523876429,0.0102105523876427,-1.9949319973733282e-16,0.0,0.0,0.0,0.0,-0.0,0.0,0.0,1.0,1.0,1.0
2016-02-23,-0.0075933850065665,-0.0075933850065666,-0.0075933850065665,9.974659986866641e-17,-0.0075933850065665,-0.0,0.0,0.0,-0.0,0.0,0.0,1.0,1.0,1.0
2016-02-24,0.0059418389029284,0.0059418389029284,0.0059418389029284,0.0,0.0,0.0,0.0,0.0,-0.0,0.0,0.0,1.0,1.0,1.0
2016-02-25,0.0082391736669613,0.0082391736669613,0.0082391736669613,0.0,0.0,0.0,0.0,0.0,-0.0,0.0,0.0,1.0,1.0,1.0
2016-02-26,0.0041212341573146,0.0041212341573145,0.0041212341573146,1.0061396160665481e-16,0.0,0.0,0.0,0.0,-0.0,0.0,0.0,1.0,1.0,1.0
2016-02-29,-0.0041871111986906,-0.0041871111986904,-0.0041871111986906,-1.9949319973733282e-16,-0.0041871111986906,-0.0,0.0,0.0,-0.0,0.0,0.0,1.0,1.0,1.0
2016-03-01,0.0233938296888298,0.0233938296888299,0.0233938296888298,-1.0061396160665481e-16,0.0,0.0,0.0,0.0,-0.0,0.0,0.0,1.0,1.0,1.0
2016-03-02,0.0084843045045324,0.0084843045045324,0.0084843045045324,0.0,0.0,0.0,0.0,0.0,-0.0,0.0,0.0,1.0,1.0,1.0
2016-03-03,0.0091021799657886,0.0091021799657887,0.0091021799657886,-9.8879238130678e-17,0.0,0.0,0.0,0.0,-0.0,0.0,0.0,1.0,1.0,1.0
2016-03-04,0.0049499006895279,0.0049499006895278,0.0049499006895279,1.0061396160665481e-16,0.0,0.0,0.0,0.0,-0.0,0.0,0.0,1.0,1.0,1.0
2016-03-07,0.0071314469771748,0.0071314469771749,0.0071314469771748,-9.974659986866641e-17,0.0,0.0,0.0,0.0,-0.0,0.0,0.0,1.0,1.0,1.0
2016-03-08,-0.0206325623345661,-0.0206325623345661,-0.0206325623345661,0.0,-0.0206325623345661,-0.0,0.0,0.0,-0.0,0.0,0.0,1.0,1.0,1.0
2016-03-09,0.0040003426122807,0.0040003426122805,0.0040003426122807,1.9949319973733282e-16,0.0,0.0,0.0,0.0,-0.0,0.0,0.0,1.0,1.0,1.0
2016-03-10,-0.0054421941004562,-0.0054421941004561,-0.0054421941004562,-9.974659986866641e-17,-0.0054421941004562,-0.0,0.0,0.0,-0.0,0.0,0.0,1.0,1.0,1.0
2016-03-11,0.020879804422992,0.020879804422992,0.020879804422992,0.0,0.0,0.0,0.0,0.0,-0.0,0.0,0.0,1.0,1.0,1.0
2016-03-14,-0.001979658487477,-0.001979658487477,-0.001979658487477,0.0,-0.001979658487477,-0.0,0.0,0.0,-0.0,0.0,0.0,1.0,1.0,1.0
2016-03-15,-0.0096643296239772,-0.0096643296239773,-0.0096643296239772,9.8879238130678e-17,-0.0096643296239772,-0.0,0.0,0.0,-0.0,0.0,0.0,1.0,1.0,1.0
2016-03-16,0.0045571163882147,0.004557116388215,0.0045571163882147,-3.0010716134398763e-16,0.0,0.0,0.0,0.0,-0.0,0.0,0.0,1.0,1.0,1.0
2016-03-17,0.0160554240747377,0.0160554240747377,0.0160554240747377,0.0,0.0,0.0,0.0,0.0,-0.0,0.0,0.0,1.0,1.0,1.0
2016-03-18,0.008902621276243,0.0089026212762429,0.008902621276243,1.0061396160665481e-16,0.0,0.0,0.0,0.0,-0.0,0.0,0.0,1.0,1.0,1.0
2016-03-21,-0.0005552347548761,-0.0005552347548761,-0.0005552347548761,0.0,-0.0005552347548761,-0.0,0.0,0.0,-0.0,0.0,0.0,1.0,1.0,1.0
2016-03-22,-0.0024815034363,-0.0024815034363001,-0.0024815034363,1.0018028073766061e-16,-0.0024815034363,-0.0,0.0,0.0,-0.0,0.0,0.0,1.0,1.0,1.0
2016-03-23,-0.0139419641028488,-0.0139419641028485,-0.0139419641028488,-3.0010716134398763e-16,-0.0139419641028488,-0.0,0.0,0.0,-0.0,0.0,0.0,1.0,1.0,1.0
2016-03-24,1.7721463095199397e-05,1.7721463094872476e-05,1.7721463095199397e-05,3.2692083632226976e-16,0.0,0.0,0.0,0.0,-0.0,0.0,0.0,1.0,1.0,1.0
2016-03-28,0.001401404782183,0.0014014047821831,0.001401404782183,-9.996344030316351e-17,0.0,0.0,0.0,0.0,-0.0,0.0,0.0,1.0,1.0,1.0
2016-03-29,0.0184624689629633,0.0184624689629632,0.0184624689629633,9.71445146547012e-17,0.0,0.0,0.0,0.0,-0.0,0.0,0.0,1.0,1.0,1.0
2016-03-30,0.0015035296390015,0.0015035296390015,0.0015035296390015,0.0,0.0,0.0,0.0,0.0,-0.0,0.0,0.0,1.0,1.0,1.0
2016-03-31,0.0008192116071683,0.0008192116071683,0.0008192116071683,0.0,0.0,0.0,0.0,0.0,-0.0,0.0,0.0,1.0,1.0,1.0
2016-04-01,0.0053141425533491,0.0053141425533494,0.0053141425533491,-3.0010716134398763e-16,0.0,0.0,0.0,0.0,-0.0,0.0,0.0,1.0,1.0,1.0
2016-04-04,-0.0083053116269804,-0.0083053116269805,-0.0083053116269804,1.0061396160665481e-16,-0.0083053116269804,-0.0,0.0,0.0,-0.0,0.0,0.0,1.0,1.0,1.0
2016-04-05,-0.0108269326275233,-0.0108269326275232,-0.0108269326275233,-1.0061396160665481e-16,-0.0108269326275233,-0.0,0.0,0.0,-0.0,0.0,0.0,1.0,1.0,1.0
2016-04-06,0.0088911324745026,0.0088911324745026,0.0088911324745026,0.0,0.0,0.0,0.0,0.0,-0.0,0.0,0.0,1.0,1.0,1.0
2016-04-07,-0.0137126560001359,-0.0137126560001359,-0.0137126560001359,0.0,-0.0137126560001359,-0.0,0.0,0.0,-0.0,0.0,0.0,1.0,1.0,1.0
2016-04-08,0.003877011610704,0.0038770116107042,0.003877011610704,-1.9992688060632702e-16,0.0,0.0,0.0,0.0,-0.0,0.0,0.0,1.0,1.0,1.0
2016-04-11,-0.0010715142709714,-0.0010715142709713,-0.0010715142709714,-9.996344030316351e-17,-0.0010715142709714,-0.0,0.0,0.0,-0.0,0.0,0.0,1.0,1.0,1.0
2016-04-12,0.0101092715907913,0.0101092715907914,0.0101092715907913,-9.8879238130678e-17,0.0,0.0,0.0,0.0,-0.0,0.0,0.0,1.0,1.0,1.0
2016-04-13,0.0200106533381645,0.0200106533381645,0.0200106533381645,0.0,0.0,0.0,0.0,0.0,-0.0,0.0,0.0,1.0,1.0,1.0
2016-04-14,0.0005190746017598,0.0005190746017596,0.0005190746017598,2.0003530082357557e-16,0.0,0.0,0.0,0.0,-0.0,0.0,0.0,1.0,1.0,1.0
2016-04-15,0.0001373658460301,0.0001373658460302,0.0001373658460301,-9.999054535747565e-17,0.0,0.0,0.0,0.0,-0.0,0.0,0.0,1.0,1.0,1.0
2016-04-18,0.0030963377465702,0.0030963377465701,0.0030963377465702,1.0018028073766061e-16,0.0,0.0,0.0,0.0,-0.0,0.0,0.0,1.0,1.0,1.0
2016-04-19,0.0037640579480413,0.0037640579480412,0.0037640579480413,9.974659986866641e-17,0.0,0.0,0.0,0.0,-0.0,0.0,0.0,1.0,1.0,1.0
2016-04-20,-0.0008364830843108,-0.0008364830843107,-0.0008364830843108,-1.0007186052041206e-16,-0.0008364830843108,-0.0,0.0,0.0,-0.0,0.0,0.0,1.0,1.0,1.0
2016-04-21,-0.0045942580831143,-0.0045942580831142,-0.0045942580831143,-9.974659986866641e-17,-0.0045942580831143,-0.0,0.0,0.0,-0.0,0.0,0.0,1.0,1.0,1.0
2016-04-22,0.0033607461522728,0.0033607461522726,0.0033607461522728,1.9992688060632702e-16,0.0,0.0,0.0,0.0,-0.0,0.0,0.0,1.0,1.0,1.0
2016-04-25,-0.0041942689295326,-0.0041942689295327,-0.0041942689295326,9.974659986866641e-17,-0.0041942689295326,-0.0,0.0,0.0,-0.0,0.0,0.0,1.0,1.0,1.0
2016-04-26,0.0041628191047877,0.0041628191047877,0.0041628191047877,0.0,0.0,0.0,0.0,0.0,-0.0,0.0,0.0,1.0,1.0,1.0
2016-04-27,0.0006571423451537,0.0006571423451537,0.0006571423451537,0.0,0.0,0.0,0.0,0.0,-0.0,0.0,0.0,1.0,1.0,1.0
2016-04-28,-0.0062547556609933,-0.0062547556609934,-0.0062547556609933,9.974659986866641e-17,-0.0062547556609933,-0.0,0.0,0.0,-0.0,0.0,0.0,1.0,1.0,1.0
2016-04-29,-0.0052023682713239,-0.0052023682713237,-0.0052023682713239,-1.9949319973733282e-16,-0.0052023682713239,-0.0,0.0,0.0,-0.0,0.0,0.0,1.0,1.0,1.0
2016-05-02,0.0030470061750111,0.003047006175011,0.0030470061750111,9.974659986866641e-17,0.0,0.0,0.0,0.0,-0.0,0.0,0.0,1.0,1.0,1.0
2016-05-03,-0.0077158869757987,-0.0077158869757986,-0.0077158869757987,-9.974659986866641e-17,-0.0077158869757987,-0.0,0.0,0.0,-0.0,0.0,0.0,1.0,1.0,1.0
2016-05-04,-0.0070569747844175,-0.0070569747844175,-0.0070569747844175,0.0,-0.0070569747844175,-0.0,0.0,0.0,-0.0,0.0,0.0,1.0,1.0,1.0
2016-05-05,0.000190285892528,0.000190285892528,0.000190285892528,0.0,0.0,0.0,0.0,0.0,-0.0,0.0,0.0,1.0,1.0,1.0
2016-05-06,0.0033424059415398,0.0033424059415399,0.0033424059415398,-1.0018028073766061e-16,0.0,0.0,0.0,0.0,-0.0,0.0,0.0,1.0,1.0,1.0
2016-05-09,-0.0022091583891377,-0.0022091583891376,-0.0022091583891377,-1.0018028073766061e-16,-0.0022091583891377,-0.0,0.0,0.0,-0.0,0.0,0.0,1.0,1.0,1.0
2016-05-10,0.0151517884580416,0.0151517884580414,0.0151517884580416,2.0122792321330962e-16,0.0,0.0,0.0,0.0,-0.0,0.0,0.0,1.0,1.0,1.0
2016-05-11,-0.0102477907629562,-0.0102477907629561,-0.0102477907629562,-9.8879238130678e-17,-0.0102477907629562,-0.0,0.0,0.0,-0.0,0.0,0.0,1.0,1.0,1.0
2016-05-12,-0.0026175979321173,-0.0026175979321174,-0.0026175979321173,9.974659986866641e-17,-0.0026175979321173,-0.0,0.0,0.0,-0.0,0.0,0.0,1.0,1.0,1.0
2016-05-13,-0.0075356159705243,-0.0075356159705242,-0.0075356159705243,-9.974659986866641e-17,-0.0075356159705243,-0.0,0.0,0.0,-0.0,0.0,0.0,1.0,1.0,1.0
2016-05-16,0.0124703195346513,0.0124703195346511,0.0124703195346513,1.9949319973733282e-16,0.0,0.0,0.0,0.0,-0.0,0.0,0.0,1.0,1.0,1.0
2016-05-17,-0.0092824614485723,-0.0092824614485721,-0.0092824614485723,-1.9949319973733282e-16,-0.0092824614485723,-0.0,0.0,0.0,-0.0,0.0,0.0,1.0,1.0,1.0
2016-05-18,0.0037055698228014,0.0037055698228014,0.0037055698228014,0.0,0.0,0.0,0.0,0.0,-0.0,0.0,0.0,1.0,1.0,1.0
2016-05-19,-0.0060065616486773,-0.0060065616486773,-0.0060065616486773,0.0,-0.0060065616486773,-0.0,0.0,0.0,-0.0,0.0,0.0,1.0,1.0,1.0
2016-05-20,0.0105684739785618,0.0105684739785617,0.0105684739785618,9.8879238130678e-17,0.0,0.0,0.0,0.0,-0.0,0.0,0.0,1.0,1.0,1.0
2016-05-23,-0.001481859725928,-0.001481859725928,-0.001481859725928,0.0,-0.001481859725928,-0.0,0.0,0.0,-0.0,0.0,0.0,1.0,1.0,1.0
2016-05-24,0.0183239594260804,0.0183239594260804,0.0183239594260804,0.0,0.0,0.0,0.0,0.0,-0.0,0.0,0.0,1.0,1.0,1.0
2016-05-25,0.0095094554315053,0.0095094554315054,0.0095094554315053,-1.0061396160665481e-16,0.0,0.0,0.0,0.0,-0.0,0.0,0.0,1.0,1.0,1.0
2016-05-26,0.0011510843454094,0.0011510843454092,0.0011510843454094,1.9992688060632702e-16,0.0,0.0,0.0,0.0,-0.0,0.0,0.0,1.0,1.0,1.0
2016-05-27,0.0041430437861502,0.0041430437861503,0.0041430437861502,-9.974659986866641e-17,0.0,0.0,0.0,0.0,-0.0,0.0,0.0,1.0,1.0,1.0
2016-05-31,0.0057357135554656,0.0057357135554656,0.0057357135554656,0.0,0.0,0.0,0.0,0.0,-0.0,0.0,0.0,1.0,1.0,1.0
2016-06-01,-0.0016408981100245,-0.0016408981100244,-0.0016408981100245,-9.996344030316351e-17,-0.0016408981100245,-0.0,0.0,0.0,-0.0,0.0,0.0,1.0,1.0,1.0
2016-06-02,0.0022789630892625,0.0022789630892626,0.0022789630892625,-1.0018028073766061e-16,0.0,0.0,0.0,0.0,-0.0,0.0,0.0,1.0,1.0,1.0
2016-06-03,-0.0021298777527836,-0.0021298777527837,-0.0021298777527836,1.0018028073766061e-16,-0.0021298777527836,-0.0,0.0,0.0,-0.0,0.0,0.0,1.0,1.0,1.0
2016-06-06,0.0042337294776855,0.0042337294776856,0.0042337294776855,-9.974659986866641e-17,0.0,0.0,0.0,0.0,-0.0,0.0,0.0,1.0,1.0,1.0
2016-06-07,0.0022555785295546,0.0022555785295544,0.0022555785295546,1.9992688060632702e-16,0.0,0.0,0.0,0.0,-0.0,0.0,0.0,1.0,1.0,1.0
2016-06-08,0.0014554187893691,0.0014554187893692,0.0014554187893691,-9.996344030316351e-17,0.0,0.0,0.0,0.0,-0.0,0.0,0.0,1.0,1.0,1.0
2016-06-09,-0.0046133390659859,-0.0046133390659859,-0.0046133390659859,0.0,-0.0046133390659859,-0.0,0.0,0.0,-0.0,0.0,0.0,1.0,1.0,1.0
2016-06-10,-0.0174350267818133,-0.0174350267818133,-0.0174350267818133,0.0,-0.0174350267818133,-0.0,0.0,0.0,-0.0,0.0,0.0,1.0,1.0,1.0
2016-06-13,-0.0114923596446253,-0.0114923596446254,-0.0114923596446253,1.0061396160665481e-16,-0.0114923596446253,-0.0,0.0,0.0,-0.0,0.0,0.0,1.0,1.0,1.0
2016-06-14,0.0004883698035027,0.0004883698035028,0.0004883698035027,-9.996344030316351e-17,0.0,0.0,0.0,0.0,-0.0,0.0,0.0,1.0,1.0,1.0
2016-06-15,-0.005718251330581,-0.005718251330581,-0.005718251330581,0.0,-0.005718251330581,-0.0,0.0,0.0,-0.0,0.0,0.0,1.0,1.0,1.0
2016-06-16,-0.0044095842844028,-0.0044095842844028,-0.0044095842844028,0.0,-0.0044095842844028,-0.0,0.0,0.0,-0.0,0.0,0.0,1.0,1.0,1.0
2016-06-17,0.0017548439616812,0.0017548439616812,0.0017548439616812,0.0,0.0,0.0,0.0,0.0,-0.0,0.0,0.0,1.0,1.0,1.0
2016-06-20,0.0109472844303739,0.0109472844303739,0.0109472844303739,0.0,0.0,0.0,0.0,0.0,-0.0,0.0,0.0,1.0,1.0,1.0
2016-06-21,0.004283846744052,0.004283846744052,0.004283846744052,0.0,0.0,0.0,0.0,0.0,-0.0,0.0,0.0,1.0,1.0,1.0
2016-06-22,-0.0025463601892039,-0.002546360189204,-0.0025463601892039,9.974659986866641e-17,-0.0025463601892039,-0.0,0.0,0.0,-0.0,0.0,0.0,1.0,1.0,1.0
2016-06-23,0.017198421564565,0.0171984215645651,0.017198421564565,-1.0061396160665481e-16,0.0,0.0,0.0,0.0,-0.0,0.0,0.0,1.0,1.0,1.0
2016-06-24,-0.0455742308635519,-0.045574230863552,-0.0455742308635519,1.0408340855860843e-16,-0.0455742308635519,-0.0,0.0,0.0,-0.0,0.0,0.0,1.0,1.0,1.0
2016-06-27,-0.0163359818574128,-0.0163359818574127,-0.0163359818574128,-1.0061396160665481e-16,-0.0163359818574128,-0.0,0.0,0.0,-0.0,0.0,0.0,1.0,1.0,1.0
2016-06-28,0.0223777651866086,0.0223777651866086,0.0223777651866086,0.0,0.0,0.0,0.0,0.0,-0.0,0.0,0.0,1.0,1.0,1.0
2016-06-29,0.0191910063415001,0.0191910063415003,0.0191910063415001,-2.0122792321330962e-16,0.0,0.0,0.0,0.0,-0.0,0.0,0.0,1.0,1.0,1.0
2016-06-30,0.0056536961919411,0.0056536961919407,0.0056536961919411,3.9985376121265404e-16,0.0,0.0,0.0,0.0,-0.0,0.0,0.0,1.0,1.0,1.0
2016-07-01,0.0039846884026391,0.003984688402639,0.0039846884026391,9.974659986866641e-17,0.0,0.0,0.0,0.0,-0.0,0.0,0.0,1.0,1.0,1.0
2016-07-05,-0.0084262803666865,-0.0084262803666864,-0.0084262803666865,-1.0061396160665481e-16,-0.0084262803666865,-0.0,0.0,0.0,-0.0,0.0,0.0,1.0,1.0,1.0
2016-07-06,0.0042604341903722,0.0042604341903722,0.0042604341903722,0.0,0.0,0.0,0.0,0.0,-0.0,0.0,0.0,1.0,1.0,1.0
2016-07-07,7.871297460182447e-05,7.871297460174326e-05,7.871297460182447e-05,8.120674271916428e-17,0.0,0.0,0.0,0.0,-0.0,0.0,0.0,1.0,1.0,1.0
2016-07-08,0.0138063142007105,0.0138063142007106,0.0138063142007105,-9.8879238130678e-17,0.0,0.0,0.0,0.0,-0.0,0.0,0.0,1.0,1.0,1.0
2016-07-11,0.0017753682734773,0.0017753682734773,0.0017753682734773,0.0,0.0,0.0,0.0,0.0,-0.0,0.0,0.0,1.0,1.0,1.0
2016-07-12,0.0173697068615883,0.0173697068615883,0.0173697068615883,0.0,0.0,0.0,0.0,0.0,-0.0,0.0,0.0,1.0,1.0,1.0
2016-07-13,-0.0095144376794881,-0.0095144376794882,-0.0095144376794881,1.0061396160665481e-16,-0.0095144376794881,-0.0,0.0,0.0,-0.0,0.0,0.0,1.0,1.0,1.0
2016-07-14,0.009447664595904,0.0094476645959042,0.009447664595904,-2.0122792321330962e-16,0.0,0.0,0.0,0.0,-0.0,0.0,0.0,1.0,1.0,1.0
2016-07-15,0.0005256083336677,0.0005256083336678,0.0005256083336677,-9.996344030316351e-17,0.0,0.0,0.0,0.0,-0.0,0.0,0.0,1.0,1.0,1.0
2016-07-18,0.0010504139585558,0.0010504139585559,0.0010504139585558,-9.996344030316351e-17,0.0,0.0,0.0,0.0,-0.0,0.0,0.0,1.0,1.0,1.0
2016-07-19,-0.0040464413660397,-0.0040464413660397,-0.0040464413660397,0.0,-0.0040464413660397,-0.0,0.0,0.0,-0.0,0.0,0.0,1.0,1.0,1.0
2016-07-20,0.0079776203552539,0.0079776203552539,0.0079776203552539,0.0,0.0,0.0,0.0,0.0,-0.0,0.0,0.0,1.0,1.0,1.0
2016-07-21,-0.0064236457410858,-0.0064236457410861,-0.0064236457410858,3.0010716134398763e-16,-0.0064236457410858,-0.0,0.0,0.0,-0.0,0.0,0.0,1.0,1.0,1.0
2016-07-22,0.001318003118512,0.0013180031185119,0.001318003118512,9.996344030316351e-17,0.0,0.0,0.0,0.0,-0.0,0.0,0.0,1.0,1.0,1.0
2016-07-25,-0.0050887995022727,-0.0050887995022725,-0.0050887995022727,-1.9949319973733282e-16,-0.0050887995022727,-0.0,0.0,0.0,-0.0,0.0,0.0,1.0,1.0,1.0
2016-07-26,0.000301748481386,0.000301748481386,0.000301748481386,0.0,0.0,0.0,0.0,0.0,-0.0,0.0,0.0,1.0,1.0,1.0
2016-07-27,0.0027055179408697,0.0027055179408699,0.0027055179408697,-1.9992688060632702e-16,0.0,0.0,0.0,0.0,-0.0,0.0,0.0,1.0,1.0,1.0
2016-07-28,-0.0031087484809502,-0.0031087484809503,-0.0031087484809502,1.0018028073766061e-16,-0.0031087484809502,-0.0,0.0,0.0,-0.0,0.0,0.0,1.0,1.0,1.0
2016-07-29,0.0034164638443154,0.0034164638443155,0.0034164638443154,-1.0018028073766061e-16,0.0,0.0,0.0,0.0,-0.0,0.0,0.0,1.0,1.0,1.0
2016-08-01,-0.0083406507821744,-0.0083406507821744,-0.0083406507821744,0.0,-0.0083406507821744,-0.0,0.0,0.0,-0.0,0.0,0.0,1.0,1.0,1.0
2016-08-02,0.0002483401338884,0.0002483401338884,0.0002483401338884,0.0,0.0,0.0,0.0,0.0,-0.0,0.0,0.0,1.0,1.0,1.0
2016-08-03,0.0057589369090866,0.0057589369090866,0.0057589369090866,0.0,0.0,0.0,0.0,0.0,-0.0,0.0,0.0,1.0,1.0,1.0
2016-08-04,0.0028168317619459,0.0028168317619457,0.0028168317619459,2.0036056147532122e-16,0.0,0.0,0.0,0.0,-0.0,0.0,0.0,1.0,1.0,1.0
2016-08-05,0.0073112088556146,0.0073112088556147,0.0073112088556146,-1.0061396160665481e-16,0.0,0.0,0.0,0.0,-0.0,0.0,0.0,1.0,1.0,1.0
2016-08-08,0.0044570105541246,0.0044570105541244,0.0044570105541246,2.0036056147532122e-16,0.0,0.0,0.0,0.0,-0.0,0.0,0.0,1.0,1.0,1.0
2016-08-09,0.0008912743211813,0.0008912743211813,0.0008912743211813,0.0,0.0,0.0,0.0,0.0,-0.0,0.0,0.0,1.0,1.0,1.0
2016-08-10,-0.0054603779752353,-0.0054603779752352,-0.0054603779752353,-1.0061396160665481e-16,-0.0054603779752353,-0.0,0.0,0.0,-0.0,0.0,0.0,1.0,1.0,1.0
2016-08-11,0.0133393109509152,0.0133393109509151,0.0133393109509152,1.0061396160665481e-16,0.0,0.0,0.0,0.0,-0.0,0.0,0.0,1.0,1.0,1.0
2016-08-12,0.0032475354236536,0.0032475354236536,0.0032475354236536,0.0,0.0,0.0,0.0,0.0,-0.0,0.0,0.0,1.0,1.0,1.0
2016-08-15,0.0069724765760601,0.00697247657606,0.0069724765760601,9.974659986866641e-17,0.0,0.0,0.0,0.0,-0.0,0.0,0.0,1.0,1.0,1.0
2016-08-16,0.0008085772358419,0.0008085772358419,0.0008085772358419,0.0,0.0,0.0,0.0,0.0,-0.0,0.0,0.0,1.0,1.0,1.0
2016-08-17,0.0013303460785267,0.0013303460785267,0.0013303460785267,0.0,0.0,0.0,0.0,0.0,-0.0,0.0,0.0,1.0,1.0,1.0
2016-08-18,0.0058145260977144,0.0058145260977141,0.0058145260977144,3.0010716134398763e-16,0.0,0.0,0.0,0.0,-0.0,0.0,0.0,1.0,1.0,1.0
2016-08-19,-0.0023825567156809,-0.0023825567156805,-0.0023825567156809,-3.9985376121265404e-16,-0.0023825567156809,-0.0,0.0,0.0,-0.0,0.0,0.0,1.0,1.0,1.0
2016-08-22,-0.0061564164828273,-0.0061564164828274,-0.0061564164828273,9.974659986866641e-17,-0.0061564164828273,-0.0,0.0,0.0,-0.0,0.0,0.0,1.0,1.0,1.0
2016-08-23,0.0055178842000145,0.0055178842000142,0.0055178842000145,3.0010716134398763e-16,0.0,0.0,0.0,0.0,-0.0,0.0,0.0,1.0,1.0,1.0
2016-08-24,-0.006706488257666,-0.0067064882576659,-0.006706488257666,-9.974659986866641e-17,-0.006706488257666,-0.0,0.0,0.0,-0.0,0.0,0.0,1.0,1.0,1.0
2016-08-25,0.0005465591525417,0.0005465591525418,0.0005465591525417,-9.996344030316351e-17,0.0,0.0,0.0,0.0,-0.0,0.0,0.0,1.0,1.0,1.0
2016-08-26,-0.0027511859726185,-0.0027511859726188,-0.0027511859726185,3.0010716134398763e-16,-0.0027511859726185,-0.0,0.0,0.0,-0.0,0.0,0.0,1.0,1.0,1.0
2016-08-29,0.0020641845241085,0.0020641845241085,0.0020641845241085,0.0,0.0,0.0,0.0,0.0,-0.0,0.0,0.0,1.0,1.0,1.0
2016-08-30,-0.0022269056950604,-0.0022269056950602,-0.0022269056950604,-1.9992688060632702e-16,-0.0022269056950604,-0.0,0.0,0.0,-0.0,0.0,0.0,1.0,1.0,1.0
2016-08-31,-0.0074815498221695,-0.0074815498221696,-0.0074815498221695,1.0061396160665481e-16,-0.0074815498221695,-0.0,0.0,0.0,-0.0,0.0,0.0,1.0,1.0,1.0
2016-09-01,-0.0029932065273838,-0.0029932065273838,-0.0029932065273838,0.0,-0.0029932065273838,-0.0,0.0,0.0,-0.0,0.0,0.0,1.0,1.0,1.0
2016-09-02,0.0109827930632049,0.0109827930632049,0.0109827930632049,0.0,0.0,0.0,0.0,0.0,-0.0,0.0,0.0,1.0,1.0,1.0
2016-09-06,0.0041453589207613,0.0041453589207613,0.0041453589207613,0.0,0.0,0.0,0.0,0.0,-0.0,0.0,0.0,1.0,1.0,1.0
2016-09-07,0.0009813906903433,0.0009813906903431,0.0009813906903433,2.0014372104082412e-16,0.0,0.0,0.0,0.0,-0.0,0.0,0.0,1.0,1.0,1.0
2016-09-08,0.0065247931669925,0.0065247931669925,0.0065247931669925,0.0,0.0,0.0,0.0,0.0,-0.0,0.0,0.0,1.0,1.0,1.0
2016-09-09,-0.0178681897371865,-0.0178681897371864,-0.0178681897371865,-1.0061396160665481e-16,-0.0178681897371865,-0.0,0.0,0.0,-0.0,0.0,0.0,1.0,1.0,1.0
2016-09-12,0.008825208137587,0.008825208137587,0.008825208137587,0.0,0.0,0.0,0.0,0.0,-0.0,0.0,0.0,1.0,1.0,1.0
2016-09-13,-0.0195916895464884,-0.0195916895464883,-0.0195916895464884,-9.71445146547012e-17,-0.0195916895464884,-0.0,0.0,0.0,-0.0,0.0,0.0,1.0,1.0,1.0
2016-09-14,-0.0053876779927519,-0.005387677992752,-0.0053876779927519,9.974659986866641e-17,-0.0053876779927519,-0.0,0.0,0.0,-0.0,0.0,0.0,1.0,1.0,1.0
2016-09-15,0.0074730595568148,0.0074730595568149,0.0074730595568148,-1.0061396160665481e-16,0.0,0.0,0.0,0.0,-0.0,0.0,0.0,1.0,1.0,1.0
2016-09-16,-0.0104489153646358,-0.010448915364636,-0.0104489153646358,1.9949319973733282e-16,-0.0104489153646358,-0.0,0.0,0.0,-0.0,0.0,0.0,1.0,1.0,1.0
2016-09-19,0.0033753762482247,0.0033753762482247,0.0033753762482247,0.0,0.0,0.0,0.0,0.0,-0.0,0.0,0.0,1.0,1.0,1.0
2016-09-20,0.003183107644902,0.0031831076449021,0.003183107644902,-1.0018028073766061e-16,0.0,0.0,0.0,0.0,-0.0,0.0,0.0,1.0,1.0,1.0
2016-09-21,0.0147126205564718,0.0147126205564715,0.0147126205564718,3.0010716134398763e-16,0.0,0.0,0.0,0.0,-0.0,0.0,0.0,1.0,1.0,1.0
2016-09-22,0.0079573852043992,0.0079573852043994,0.0079573852043992,-1.9949319973733282e-16,0.0,0.0,0.0,0.0,-0.0,0.0,0.0,1.0,1.0,1.0
2016-09-23,-0.0107470113544647,-0.0107470113544648,-0.0107470113544647,1.0061396160665481e-16,-0.0107470113544647,-0.0,0.0,0.0,-0.0,0.0,0.0,1.0,1.0,1.0
2016-09-26,-0.0052149509987955,-0.0052149509987953,-0.0052149509987955,-1.9949319973733282e-16,-0.0052149509987955,-0.0,0.0,0.0,-0.0,0.0,0.0,1.0,1.0,1.0
2016-09-27,0.0002197452266428,0.0002197452266428,0.0002197452266428,0.0,0.0,0.0,0.0,0.0,-0.0,0.0,0.0,1.0,1.0,1.0
2016-09-28,0.0139369774349564,0.0139369774349565,0.0139369774349564,-9.8879238130678e-17,0.0,0.0,0.0,0.0,-0.0,0.0,0.0,1.0,1.0,1.0
2016-09-29,-0.0040472461797973,-0.0040472461797974,-0.0040472461797973,9.974659986866641e-17,-0.0040472461797973,-0.0,0.0,0.0,-0.0,0.0,0.0,1.0,1.0,1.0
2016-09-30,0.0081625680996499,0.00816256809965,0.0081625680996499,-1.0061396160665481e-16,0.0,0.0,0.0,0.0,-0.0,0.0,0.0,1.0,1.0,1.0
2016-10-03,0.0010061603585871,0.0010061603585871,0.0010061603585871,0.0,0.0,0.0,0.0,0.0,-0.0,0.0,0.0,1.0,1.0,1.0
2016-10-04,0.0006997007838906,0.0006997007838904,0.0006997007838906,2.0003530082357557e-16,0.0,0.0,0.0,0.0,-0.0,0.0,0.0,1.0,1.0,1.0
2016-10-05,0.0049135692420472,0.0049135692420471,0.0049135692420472,9.974659986866641e-17,0.0,0.0,0.0,0.0,-0.0,0.0,0.0,1.0,1.0,1.0
2016-10-06,-0.0026176605184398,-0.00261766051844,-0.0026176605184398,1.9992688060632702e-16,-0.0026176605184398,-0.0,0.0,0.0,-0.0,0.0,0.0,1.0,1.0,1.0
2016-10-07,-0.0044708948083269,-0.0044708948083269,-0.0044708948083269,0.0,-0.0044708948083269,-0.0,0.0,0.0,-0.0,0.0,0.0,1.0,1.0,1.0
2016-10-10,0.0025864006856981,0.0025864006856985,0.0025864006856981,-4.0028744208164824e-16,0.0,0.0,0.0,0.0,-0.0,0.0,0.0,1.0,1.0,1.0
2016-10-11,-0.016236248206439,-0.0162362482064392,-0.016236248206439,2.0122792321330962e-16,-0.016236248206439,-0.0,0.0,0.0,-0.0,0.0,0.0,1.0,1.0,1.0
2016-10-12,-0.0006322391075891,-0.000632239107589,-0.0006322391075891,-9.996344030316351e-17,-0.0006322391075891,-0.0,0.0,0.0,-0.0,0.0,0.0,1.0,1.0,1.0
2016-10-13,-0.0040123323434849,-0.004012332343485,-0.0040123323434849,1.0061396160665481e-16,-0.0040123323434849,-0.0,0.0,0.0,-0.0,0.0,0.0,1.0,1.0,1.0
2016-10-14,-0.0009297256896659,-0.000929725689666,-0.0009297256896659,1.0007186052041206e-16,-0.0009297256896659,-0.0,0.0,0.0,-0.0,0.0,0.0,1.0,1.0,1.0
2016-10-17,-0.0052603842998069,-0.0052603842998067,-0.0052603842998069,-1.9949319973733282e-16,-0.0052603842998069,-0.0,0.0,0.0,-0.0,0.0,0.0,1.0,1.0,1.0
2016-10-18,0.0100652555607823,0.0100652555607821,0.0100652555607823,1.9949319973733282e-16,0.0,0.0,0.0,0.0,-0.0,0.0,0.0,1.0,1.0,1.0
2016-10-19,0.0031057978661608,0.0031057978661607,0.0031057978661608,1.0018028073766061e-16,0.0,0.0,0.0,0.0,-0.0,0.0,0.0,1.0,1.0,1.0
2016-10-20,0.0005974570238327,0.0005974570238327,0.0005974570238327,0.0,0.0,0.0,0.0,0.0,-0.0,0.0,0.0,1.0,1.0,1.0
2016-10-21,-0.0008201286489125,-0.0008201286489124,-0.0008201286489125,-9.996344030316351e-17,-0.0008201286489125,-0.0,0.0,0.0,-0.0,0.0,0.0,1.0,1.0,1.0
2016-10-24,0.0006586048990031,0.0006586048990032,0.0006586048990031,-1.0007186052041206e-16,0.0,0.0,0.0,0.0,-0.0,0.0,0.0,1.0,1.0,1.0
2016-10-25,-0.0035661387976617,-0.0035661387976619,-0.0035661387976617,1.9992688060632702e-16,-0.0035661387976617,-0.0,0.0,0.0,-0.0,0.0,0.0,1.0,1.0,1.0
2016-10-26,-0.0027327003365837,-0.0027327003365839,-0.0027327003365837,1.9992688060632702e-16,-0.0027327003365837,-0.0,0.0,0.0,-0.0,0.0,0.0,1.0,1.0,1.0
2016-10-27,-0.0006446323905919,-0.0006446323905919,-0.0006446323905919,0.0,-0.0006446323905919,-0.0,0.0,0.0,-0.0,0.0,0.0,1.0,1.0,1.0
2016-10-28,-0.0062478329367839,-0.0062478329367837,-0.0062478329367839,-1.9949319973733282e-16,-0.0062478329367839,-0.0,0.0,0.0,-0.0,0.0,0.0,1.0,1.0,1.0
2016-10-31,-0.0026989547654735,-0.0026989547654734,-0.0026989547654735,-1.0018028073766061e-16,-0.0026989547654735,-0.0,0.0,0.0,-0.0,0.0,0.0,1.0,1.0,1.0
2016-11-01,-0.0031426963917987,-0.0031426963917987,-0.0031426963917987,0.0,-0.0031426963917987,-0.0,0.0,0.0,-0.0,0.0,0.0,1.0,1.0,1.0
2016-11-02,-0.0033031774284429,-0.003303177428443,-0.0033031774284429,9.974659986866641e-17,-0.0033031774284429,-0.0,0.0,0.0,-0.0,0.0,0.0,1.0,1.0,1.0
2016-11-03,-0.0022699670494998,-0.0022699670494998,-0.0022699670494998,0.0,-0.0022699670494998,-0.0,0.0,0.0,-0.0,0.0,0.0,1.0,1.0,1.0
2016-11-04,-0.0013769574351835,-0.0013769574351834,-0.0013769574351835,-9.996344030316351e-17,-0.0013769574351835,-0.0,0.0,0.0,-0.0,0.0,0.0,1.0,1.0,1.0
2016-11-07,0.0228387529463574,0.0228387529463575,0.0228387529463574,-1.0061396160665481e-16,0.0,0.0,0.0,0.0,-0.0,0.0,0.0,1.0,1.0,1.0
2016-11-08,0.0031976405390641,0.0031976405390641,0.0031976405390641,0.0,0.0,0.0,0.0,0.0,-0.0,0.0,0.0,1.0,1.0,1.0
2016-11-09,0.0239856874104573,0.0239856874104573,0.0239856874104573,0.0,0.0,0.0,0.0,0.0,-0.0,0.0,0.0,1.0,1.0,1.0
2016-11-10,0.0074125925654882,0.0074125925654882,0.0074125925654882,0.0,0.0,0.0,0.0,0.0,-0.0,0.0,0.0,1.0,1.0,1.0
2016-11-11,-0.0097786427574447,-0.0097786427574447,-0.0097786427574447,0.0,-0.0097786427574447,-0.0,0.0,0.0,-0.0,0.0,0.0,1.0,1.0,1.0
2016-11-14,-0.0029248394417201,-0.00292483944172,-0.0029248394417201,-1.0018028073766061e-16,-0.0029248394417201,-0.0,0.0,0.0,-0.0,0.0,0.0,1.0,1.0,1.0
2016-11-15,0.0023020556070885,0.0023020556070884,0.0023020556070885,1.0018028073766061e-16,0.0,0.0,0.0,0.0,-0.0,0.0,0.0,1.0,1.0,1.0
2016-11-16,-0.0025799815958832,-0.0025799815958832,-0.0025799815958832,0.0,-0.0025799815958832,-0.0,0.0,0.0,-0.0,0.0,0.0,1.0,1.0,1.0
2016-11-17,0.0024140248165649,0.0024140248165648,0.0024140248165649,1.0018028073766061e-16,0.0,0.0,0.0,0.0,-0.0,0.0,0.0,1.0,1.0,1.0
2016-11-18,-0.0068444189084316,-0.0068444189084315,-0.0068444189084316,-9.974659986866641e-17,-0.0068444189084316,-0.0,0.0,0.0,-0.0,0.0,0.0,1.0,1.0,1.0
2016-11-21,0.0048722323933132,0.004872232393313,0.0048722323933132,2.0036056147532122e-16,0.0,0.0,0.0,0.0,-0.0,0.0,0.0,1.0,1.0,1.0
2016-11-22,-0.0109708350291427,-0.0109708350291426,-0.0109708350291427,-1.0061396160665481e-16,-0.0109708350291427,-0.0,0.0,0.0,-0.0,0.0,0.0,1.0,1.0,1.0
2016-11-23,0.0021399941189663,0.0021399941189663,0.0021399941189663,0.0,0.0,0.0,0.0,0.0,-0.0,0.0,0.0,1.0,1.0,1.0
2016-11-25,0.0031804250533653,0.0031804250533653,0.0031804250533653,0.0,0.0,0.0,0.0,0.0,-0.0,0.0,0.0,1.0,1.0,1.0
2016-11-28,-0.0045399375361284,-0.0045399375361285,-0.0045399375361284,9.974659986866641e-17,-0.0045399375361284,-0.0,0.0,0.0,-0.0,0.0,0.0,1.0,1.0,1.0
2016-11-29,0.0053442505074314,0.0053442505074315,0.0053442505074314,-9.974659986866641e-17,0.0,0.0,0.0,0.0,-0.0,0.0,0.0,1.0,1.0,1.0
2016-11-30,-0.0099768915879111,-0.0099768915879111,-0.0099768915879111,0.0,-0.0099768915879111,-0.0,0.0,0.0,-0.0,0.0,0.0,1.0,1.0,1.0
2016-12-01,-0.0099294061785397,-0.0099294061785398,-0.0099294061785397,9.8879238130678e-17,-0.0099294061785397,-0.0,0.0,0.0,-0.0,0.0,0.0,1.0,1.0,1.0
2016-12-02,0.0024046089078615,0.0024046089078616,0.0024046089078615,-1.0018028073766061e-16,0.0,0.0,0.0,0.0,-0.0,0.0,0.0,1.0,1.0,1.0
2016-12-05,-0.0016057512784902,-0.0016057512784902,-0.0016057512784902,0.0,-0.0016057512784902,-0.0,0.0,0.0,-0.0,0.0,0.0,1.0,1.0,1.0
2016-12-06,0.0036507324127359,0.0036507324127359,0.0036507324127359,0.0,0.0,0.0,0.0,0.0,-0.0,0.0,0.0,1.0,1.0,1.0
2016-12-07,-0.0034726347013782,-0.0034726347013781,-0.0034726347013782,-9.974659986866641e-17,-0.0034726347013782,-0.0,0.0,0.0,-0.0,0.0,0.0,1.0,1.0,1.0
2016-12-08,0.00297048989806,0.0029704898980601,0.00297048989806,-1.0018028073766061e-16,0.0,0.0,0.0,0.0,-0.0,0.0,0.0,1.0,1.0,1.0
2016-12-09,0.0041317694865969,0.0041317694865967,0.0041317694865969,2.0036056147532122e-16,0.0,0.0,0.0,0.0,-0.0,0.0,0.0,1.0,1.0,1.0
2016-12-12,-0.0005885561438913,-0.0005885561438912,-0.0005885561438913,-9.996344030316351e-17,-0.0005885561438913,-0.0,0.0,0.0,-0.0,0.0,0.0,1.0,1.0,1.0
2016-12-13,0.0081225749709461,0.008122574970946,0.0081225749709461,1.0061396160665481e-16,0.0,0.0,0.0,0.0,-0.0,0.0,0.0,1.0,1.0,1.0
2016-12-14,-0.0088019553734394,-0.0088019553734392,-0.0088019553734394,-1.9949319973733282e-16,-0.0088019553734394,-0.0,0.0,0.0,-0.0,0.0,0.0,1.0,1.0,1.0
2016-12-15,0.0044837504522434,0.0044837504522433,0.0044837504522434,9.974659986866641e-17,0.0,0.0,0.0,0.0,-0.0,0.0,0.0,1.0,1.0,1.0
2016-12-16,-0.0011898893399197,-0.0011898893399194,-0.0011898893399197,-2.9989032090949053e-16,-0.0011898893399197,-0.0,0.0,0.0,-0.0,0.0,0.0,1.0,1.0,1.0
2016-12-19,-0.0036801595023092,-0.0036801595023092,-0.0036801595023092,0.0,-0.0036801595023092,-0.0,0.0,0.0,-0.0,0.0,0.0,1.0,1.0,1.0
2016-12-20,0.0007571022149424,0.0007571022149424,0.0007571022149424,0.0,0.0,0.0,0.0,0.0,-0.0,0.0,0.0,1.0,1.0,1.0
2016-12-21,-0.0045868161774241,-0.0045868161774243,-0.0045868161774241,1.9949319973733282e-16,-0.0045868161774241,-0.0,0.0,0.0,-0.0,0.0,0.0,1.0,1.0,1.0
2016-12-22,-0.0039958478155578,-0.0039958478155579,-0.0039958478155578,9.974659986866641e-17,-0.0039958478155578,-0.0,0.0,0.0,-0.0,0.0,0.0,1.0,1.0,1.0
2016-12-23,0.0044686626475831,0.0044686626475833,0.0044686626475831,-2.0036056147532122e-16,0.0,0.0,0.0,0.0,-0.0,0.0,0.0,1.0,1.0,1.0
2016-12-27,0.00346532727885,0.00346532727885,0.00346532727885,0.0,0.0,0.0,0.0,0.0,-0.0,0.0,0.0,1.0,1.0,1.0
2016-12-28,-0.0066626804008675,-0.0066626804008675,-0.0066626804008675,0.0,-0.0066626804008675,-0.0,0.0,0.0,-0.0,0.0,0.0,1.0,1.0,1.0
2016-12-29,0.004121182972,0.0041211829720001,0.004121182972,-1.0061396160665481e-16,0.0,0.0,0.0,0.0,-0.0,0.0,0.0,1.0,1.0,1.0
2016-12-30,-0.0038058197440263,-0.0038058197440262,-0.0038058197440263,-1.0018028073766061e-16,-0.0038058197440263,-0.0,0.0,0.0,-0.0,0.0,0.0,1.0,1.0,1.0
