date,controlled_return,nav,gross_return,raw_long_exposure,admitted_raw_exposure,d1_multiplier,controlled_long_exposure,cash_exposure,alpha_turnover,d1_overlay_turnover,position_stop_turnover,total_turnover,alpha_cost,d1_overlay_cost,position_stop_cost,total_cost,stopped_trade_count
2008-01-02,0.0,100000.0,0.0,0.0,0.0,1.0,0.0,1.0,0.0,0.0,0.0,0.0,0.0,0.0,0.0,0.0,0.0
2008-01-03,0.0,100000.0,0.0,0.0,0.0,1.0,0.0,1.0,0.0,0.0,0.0,0.0,0.0,0.0,0.0,0.0,0.0
2008-01-04,0.0,100000.0,0.0,0.0,0.0,1.0,0.0,1.0,0.0,0.0,0.0,0.0,0.0,0.0,0.0,0.0,0.0
2008-01-07,0.0,100000.0,0.0,0.0,0.0,1.0,0.0,1.0,0.0,0.0,0.0,0.0,0.0,0.0,0.0,0.0,0.0
2008-01-08,0.0,100000.0,0.0,0.0,0.0,1.0,0.0,1.0,0.0,0.0,0.0,0.0,0.0,0.0,0.0,0.0,0.0
2008-01-09,0.0,100000.0,0.0,0.0,0.0,1.0,0.0,1.0,0.0,0.0,0.0,0.0,0.0,0.0,0.0,0.0,0.0
2008-01-10,0.0,100000.0,0.0,0.0,0.0,1.0,0.0,1.0,0.0,0.0,0.0,0.0,0.0,0.0,0.0,0.0,0.0
2008-01-11,0.0,100000.0,0.0,0.0,0.0,1.0,0.0,1.0,0.0,0.0,0.0,0.0,0.0,0.0,0.0,0.0,0.0
2008-01-14,0.0,100000.0,0.0,0.0,0.0,1.0,0.0,1.0,0.0,0.0,0.0,0.0,0.0,0.0,0.0,0.0,0.0
2008-01-15,0.0,100000.0,0.0,0.0,0.0,1.0,0.0,1.0,0.0,0.0,0.0,0.0,0.0,0.0,0.0,0.0,0.0
2008-01-16,0.0,100000.0,0.0,0.0,0.0,1.0,0.0,1.0,0.0,0.0,0.0,0.0,0.0,0.0,0.0,0.0,0.0
2008-01-17,0.0,100000.0,0.0,0.0,0.0,1.0,0.0,1.0,0.0,0.0,0.0,0.0,0.0,0.0,0.0,0.0,0.0
2008-01-18,0.0,100000.0,0.0,0.0,0.0,1.0,0.0,1.0,0.0,0.0,0.0,0.0,0.0,0.0,0.0,0.0,0.0
2008-01-22,0.0,100000.0,0.0,0.0,0.0,1.0,0.0,1.0,0.0,0.0,0.0,0.0,0.0,0.0,0.0,0.0,0.0
2008-01-23,0.0,100000.0,0.0,0.0,0.0,1.0,0.0,1.0,0.0,0.0,0.0,0.0,0.0,0.0,0.0,0.0,0.0
2008-01-24,0.0,100000.0,0.0,0.0,0.0,1.0,0.0,1.0,0.0,0.0,0.0,0.0,0.0,0.0,0.0,0.0,0.0
2008-01-25,0.0,100000.0,0.0,0.0,0.0,1.0,0.0,1.0,0.0,0.0,0.0,0.0,0.0,0.0,0.0,0.0,0.0
2008-01-28,0.0,100000.0,0.0,0.0,0.0,1.0,0.0,1.0,0.0,0.0,0.0,0.0,0.0,0.0,0.0,0.0,0.0
2008-01-29,0.0,100000.0,0.0,0.0,0.0,1.0,0.0,1.0,0.0,0.0,0.0,0.0,0.0,0.0,0.0,0.0,0.0
2008-01-30,0.0,100000.0,0.0,0.0,0.0,1.0,0.0,1.0,0.0,0.0,0.0,0.0,0.0,0.0,0.0,0.0,0.0
2008-01-31,0.0,100000.0,0.0,0.0,0.0,1.0,0.0,1.0,0.0,0.0,0.0,0.0,0.0,0.0,0.0,0.0,0.0
2008-02-01,0.0,100000.0,0.0,0.0,0.0,1.0,0.0,1.0,0.0,0.0,0.0,0.0,0.0,0.0,0.0,0.0,0.0
2008-02-04,0.0,100000.0,0.0,0.0,0.0,1.0,0.0,1.0,0.0,0.0,0.0,0.0,0.0,0.0,0.0,0.0,0.0
2008-02-05,0.0,100000.0,0.0,0.0,0.0,1.0,0.0,1.0,0.0,0.0,0.0,0.0,0.0,0.0,0.0,0.0,0.0
2008-02-06,0.0,100000.0,0.0,0.0,0.0,1.0,0.0,1.0,0.0,0.0,0.0,0.0,0.0,0.0,0.0,0.0,0.0
2008-02-07,0.0,100000.0,0.0,0.0,0.0,1.0,0.0,1.0,0.0,0.0,0.0,0.0,0.0,0.0,0.0,0.0,0.0
2008-02-08,0.0,100000.0,0.0,0.0,0.0,1.0,0.0,1.0,0.0,0.0,0.0,0.0,0.0,0.0,0.0,0.0,0.0
2008-02-11,0.0,100000.0,0.0,0.0,0.0,1.0,0.0,1.0,0.0,0.0,0.0,0.0,0.0,0.0,0.0,0.0,0.0
2008-02-12,0.0,100000.0,0.0,0.0,0.0,1.0,0.0,1.0,0.0,0.0,0.0,0.0,0.0,0.0,0.0,0.0,0.0
2008-02-13,0.0,100000.0,0.0,0.0,0.0,1.0,0.0,1.0,0.0,0.0,0.0,0.0,0.0,0.0,0.0,0.0,0.0
2008-02-14,0.0,100000.0,0.0,0.0,0.0,1.0,0.0,1.0,0.0,0.0,0.0,0.0,0.0,0.0,0.0,0.0,0.0
2008-02-15,0.0,100000.0,0.0,0.0,0.0,1.0,0.0,1.0,0.0,0.0,0.0,0.0,0.0,0.0,0.0,0.0,0.0
2008-02-19,0.0,100000.0,0.0,0.0,0.0,1.0,0.0,1.0,0.0,0.0,0.0,0.0,0.0,0.0,0.0,0.0,0.0
2008-02-20,0.0,100000.0,0.0,0.0,0.0,1.0,0.0,1.0,0.0,0.0,0.0,0.0,0.0,0.0,0.0,0.0,0.0
2008-02-21,0.0,100000.0,0.0,0.0,0.0,1.0,0.0,1.0,0.0,0.0,0.0,0.0,0.0,0.0,0.0,0.0,0.0
2008-02-22,0.0,100000.0,0.0,0.0,0.0,1.0,0.0,1.0,0.0,0.0,0.0,0.0,0.0,0.0,0.0,0.0,0.0
2008-02-25,0.0,100000.0,0.0,0.0,0.0,1.0,0.0,1.0,0.0,0.0,0.0,0.0,0.0,0.0,0.0,0.0,0.0
2008-02-26,0.0,100000.0,0.0,0.0,0.0,1.0,0.0,1.0,0.0,0.0,0.0,0.0,0.0,0.0,0.0,0.0,0.0
2008-02-27,0.0,100000.0,0.0,0.0,0.0,1.0,0.0,1.0,0.0,0.0,0.0,0.0,0.0,0.0,0.0,0.0,0.0
2008-02-28,0.0,100000.0,0.0,0.0,0.0,1.0,0.0,1.0,0.0,0.0,0.0,0.0,0.0,0.0,0.0,0.0,0.0
2008-02-29,0.0,100000.0,0.0,0.0,0.0,1.0,0.0,1.0,0.0,0.0,0.0,0.0,0.0,0.0,0.0,0.0,0.0
2008-03-03,0.0,100000.0,0.0,0.0,0.0,1.0,0.0,1.0,0.0,0.0,0.0,0.0,0.0,0.0,0.0,0.0,0.0
2008-03-04,0.0,100000.0,0.0,0.0,0.0,1.0,0.0,1.0,0.0,0.0,0.0,0.0,0.0,0.0,0.0,0.0,0.0
2008-03-05,0.0,100000.0,0.0,0.0,0.0,1.0,0.0,1.0,0.0,0.0,0.0,0.0,0.0,0.0,0.0,0.0,0.0
2008-03-06,0.0,100000.0,0.0,0.0,0.0,1.0,0.0,1.0,0.0,0.0,0.0,0.0,0.0,0.0,0.0,0.0,0.0
2008-03-07,0.0,100000.0,0.0,0.0,0.0,1.0,0.0,1.0,0.0,0.0,0.0,0.0,0.0,0.0,0.0,0.0,0.0
2008-03-10,0.0,100000.0,0.0,0.0,0.0,1.0,0.0,1.0,0.0,0.0,0.0,0.0,0.0,0.0,0.0,0.0,0.0
2008-03-11,0.0,100000.0,0.0,0.0,0.0,1.0,0.0,1.0,0.0,0.0,0.0,0.0,0.0,0.0,0.0,0.0,0.0
2008-03-12,0.0,100000.0,0.0,0.0,0.0,1.0,0.0,1.0,0.0,0.0,0.0,0.0,0.0,0.0,0.0,0.0,0.0
2008-03-13,0.0,100000.0,0.0,0.0,0.0,1.0,0.0,1.0,0.0,0.0,0.0,0.0,0.0,0.0,0.0,0.0,0.0
2008-03-14,0.0,100000.0,0.0,0.0,0.0,1.0,0.0,1.0,0.0,0.0,0.0,0.0,0.0,0.0,0.0,0.0,0.0
2008-03-17,0.0,100000.0,0.0,0.0,0.0,1.0,0.0,1.0,0.0,0.0,0.0,0.0,0.0,0.0,0.0,0.0,0.0
2008-03-18,0.0,100000.0,0.0,0.0,0.0,1.0,0.0,1.0,0.0,0.0,0.0,0.0,0.0,0.0,0.0,0.0,0.0
2008-03-19,0.0,100000.0,0.0,0.0,0.0,1.0,0.0,1.0,0.0,0.0,0.0,0.0,0.0,0.0,0.0,0.0,0.0
2008-03-20,0.0,100000.0,0.0,0.0,0.0,1.0,0.0,1.0,0.0,0.0,0.0,0.0,0.0,0.0,0.0,0.0,0.0
2008-03-24,0.0,100000.0,0.0,0.0,0.0,1.0,0.0,1.0,0.0,0.0,0.0,0.0,0.0,0.0,0.0,0.0,0.0
2008-03-25,0.0,100000.0,0.0,0.0,0.0,1.0,0.0,1.0,0.0,0.0,0.0,0.0,0.0,0.0,0.0,0.0,0.0
2008-03-26,0.0,100000.0,0.0,0.0,0.0,1.0,0.0,1.0,0.0,0.0,0.0,0.0,0.0,0.0,0.0,0.0,0.0
2008-03-27,0.0,100000.0,0.0,0.0,0.0,1.0,0.0,1.0,0.0,0.0,0.0,0.0,0.0,0.0,0.0,0.0,0.0
2008-03-28,0.0,100000.0,0.0,0.0,0.0,1.0,0.0,1.0,0.0,0.0,0.0,0.0,0.0,0.0,0.0,0.0,0.0
2008-03-31,0.0,100000.0,0.0,0.0,0.0,1.0,0.0,1.0,0.0,0.0,0.0,0.0,0.0,0.0,0.0,0.0,0.0
2008-04-01,0.0,100000.0,0.0,0.0,0.0,1.0,0.0,1.0,0.0,0.0,0.0,0.0,0.0,0.0,0.0,0.0,0.0
2008-04-02,0.0,100000.0,0.0,0.0,0.0,1.0,0.0,1.0,0.0,0.0,0.0,0.0,0.0,0.0,0.0,0.0,0.0
2008-04-03,0.0,100000.0,0.0,0.0,0.0,1.0,0.0,1.0,0.0,0.0,0.0,0.0,0.0,0.0,0.0,0.0,0.0
2008-04-04,0.0,100000.0,0.0,0.0,0.0,1.0,0.0,1.0,0.0,0.0,0.0,0.0,0.0,0.0,0.0,0.0,0.0
2008-04-07,0.0,100000.0,0.0,0.0,0.0,1.0,0.0,1.0,0.0,0.0,0.0,0.0,0.0,0.0,0.0,0.0,0.0
2008-04-08,0.0,100000.0,0.0,0.0,0.0,1.0,0.0,1.0,0.0,0.0,0.0,0.0,0.0,0.0,0.0,0.0,0.0
2008-04-09,0.0,100000.0,0.0,0.0,0.0,1.0,0.0,1.0,0.0,0.0,0.0,0.0,0.0,0.0,0.0,0.0,0.0
2008-04-10,0.0,100000.0,0.0,0.0,0.0,1.0,0.0,1.0,0.0,0.0,0.0,0.0,0.0,0.0,0.0,0.0,0.0
2008-04-11,0.0,100000.0,0.0,0.0,0.0,1.0,0.0,1.0,0.0,0.0,0.0,0.0,0.0,0.0,0.0,0.0,0.0
2008-04-14,0.0,100000.0,0.0,0.0,0.0,1.0,0.0,1.0,0.0,0.0,0.0,0.0,0.0,0.0,0.0,0.0,0.0
2008-04-15,0.0,100000.0,0.0,0.0,0.0,1.0,0.0,1.0,0.0,0.0,0.0,0.0,0.0,0.0,0.0,0.0,0.0
2008-04-16,0.0,100000.0,0.0,0.0,0.0,1.0,0.0,1.0,0.0,0.0,0.0,0.0,0.0,0.0,0.0,0.0,0.0
2008-04-17,0.0,100000.0,0.0,0.0,0.0,1.0,0.0,1.0,0.0,0.0,0.0,0.0,0.0,0.0,0.0,0.0,0.0
2008-04-18,0.0,100000.0,0.0,0.0,0.0,1.0,0.0,1.0,0.0,0.0,0.0,0.0,0.0,0.0,0.0,0.0,0.0
2008-04-21,0.0,100000.0,0.0,0.0,0.0,1.0,0.0,1.0,0.0,0.0,0.0,0.0,0.0,0.0,0.0,0.0,0.0
2008-04-22,0.0,100000.0,0.0,0.0,0.0,1.0,0.0,1.0,0.0,0.0,0.0,0.0,0.0,0.0,0.0,0.0,0.0
2008-04-23,0.0,100000.0,0.0,0.0,0.0,1.0,0.0,1.0,0.0,0.0,0.0,0.0,0.0,0.0,0.0,0.0,0.0
2008-04-24,0.0,100000.0,0.0,0.0,0.0,1.0,0.0,1.0,0.0,0.0,0.0,0.0,0.0,0.0,0.0,0.0,0.0
2008-04-25,0.0,100000.0,0.0,0.0,0.0,1.0,0.0,1.0,0.0,0.0,0.0,0.0,0.0,0.0,0.0,0.0,0.0
2008-04-28,0.0,100000.0,0.0,0.0,0.0,1.0,0.0,1.0,0.0,0.0,0.0,0.0,0.0,0.0,0.0,0.0,0.0
2008-04-29,0.0,100000.0,0.0,0.0,0.0,1.0,0.0,1.0,0.0,0.0,0.0,0.0,0.0,0.0,0.0,0.0,0.0
2008-04-30,0.0,100000.0,0.0,0.0,0.0,1.0,0.0,1.0,0.0,0.0,0.0,0.0,0.0,0.0,0.0,0.0,0.0
2008-05-01,0.0,100000.0,0.0,0.0,0.0,1.0,0.0,1.0,0.0,0.0,0.0,0.0,0.0,0.0,0.0,0.0,0.0
2008-05-02,0.0,100000.0,0.0,0.0,0.0,1.0,0.0,1.0,0.0,0.0,0.0,0.0,0.0,0.0,0.0,0.0,0.0
2008-05-05,0.0,100000.0,0.0,0.0,0.0,1.0,0.0,1.0,0.0,0.0,0.0,0.0,0.0,0.0,0.0,0.0,0.0
2008-05-06,0.0,100000.0,0.0,0.0,0.0,1.0,0.0,1.0,0.0,0.0,0.0,0.0,0.0,0.0,0.0,0.0,0.0
2008-05-07,0.0,100000.0,0.0,0.0,0.0,1.0,0.0,1.0,0.0,0.0,0.0,0.0,0.0,0.0,0.0,0.0,0.0
2008-05-08,0.0,100000.0,0.0,0.0,0.0,1.0,0.0,1.0,0.0,0.0,0.0,0.0,0.0,0.0,0.0,0.0,0.0
2008-05-09,0.0,100000.0,0.0,0.0,0.0,1.0,0.0,1.0,0.0,0.0,0.0,0.0,0.0,0.0,0.0,0.0,0.0
2008-05-12,0.0,100000.0,0.0,0.0,0.0,1.0,0.0,1.0,0.0,0.0,0.0,0.0,0.0,0.0,0.0,0.0,0.0
2008-05-13,0.0,100000.0,0.0,0.0,0.0,1.0,0.0,1.0,0.0,0.0,0.0,0.0,0.0,0.0,0.0,0.0,0.0
2008-05-14,0.0,100000.0,0.0,0.0,0.0,1.0,0.0,1.0,0.0,0.0,0.0,0.0,0.0,0.0,0.0,0.0,0.0
2008-05-15,0.0,100000.0,0.0,0.0,0.0,1.0,0.0,1.0,0.0,0.0,0.0,0.0,0.0,0.0,0.0,0.0,0.0
2008-05-16,0.0,100000.0,0.0,0.0,0.0,1.0,0.0,1.0,0.0,0.0,0.0,0.0,0.0,0.0,0.0,0.0,0.0
2008-05-19,0.0,100000.0,0.0,0.0,0.0,1.0,0.0,1.0,0.0,0.0,0.0,0.0,0.0,0.0,0.0,0.0,0.0
2008-05-20,0.0,100000.0,0.0,0.0,0.0,1.0,0.0,1.0,0.0,0.0,0.0,0.0,0.0,0.0,0.0,0.0,0.0
2008-05-21,0.0,100000.0,0.0,0.0,0.0,1.0,0.0,1.0,0.0,0.0,0.0,0.0,0.0,0.0,0.0,0.0,0.0
2008-05-22,0.0,100000.0,0.0,0.0,0.0,1.0,0.0,1.0,0.0,0.0,0.0,0.0,0.0,0.0,0.0,0.0,0.0
2008-05-23,0.0,100000.0,0.0,0.0,0.0,1.0,0.0,1.0,0.0,0.0,0.0,0.0,0.0,0.0,0.0,0.0,0.0
2008-05-27,0.0,100000.0,0.0,0.0,0.0,1.0,0.0,1.0,0.0,0.0,0.0,0.0,0.0,0.0,0.0,0.0,0.0
2008-05-28,0.0,100000.0,0.0,0.0,0.0,1.0,0.0,1.0,0.0,0.0,0.0,0.0,0.0,0.0,0.0,0.0,0.0
2008-05-29,0.0,100000.0,0.0,0.0,0.0,1.0,0.0,1.0,0.0,0.0,0.0,0.0,0.0,0.0,0.0,0.0,0.0
2008-05-30,0.0,100000.0,0.0,0.0,0.0,1.0,0.0,1.0,0.0,0.0,0.0,0.0,0.0,0.0,0.0,0.0,0.0
2008-06-02,0.0,100000.0,0.0,0.0,0.0,1.0,0.0,1.0,0.0,0.0,0.0,0.0,0.0,0.0,0.0,0.0,0.0
2008-06-03,0.0,100000.0,0.0,0.0,0.0,1.0,0.0,1.0,0.0,0.0,0.0,0.0,0.0,0.0,0.0,0.0,0.0
2008-06-04,0.0,100000.0,0.0,0.0,0.0,1.0,0.0,1.0,0.0,0.0,0.0,0.0,0.0,0.0,0.0,0.0,0.0
2008-06-05,0.0,100000.0,0.0,0.0,0.0,1.0,0.0,1.0,0.0,0.0,0.0,0.0,0.0,0.0,0.0,0.0,0.0
2008-06-06,0.0,100000.0,0.0,0.0,0.0,1.0,0.0,1.0,0.0,0.0,0.0,0.0,0.0,0.0,0.0,0.0,0.0
2008-06-09,0.0,100000.0,0.0,0.0,0.0,1.0,0.0,1.0,0.0,0.0,0.0,0.0,0.0,0.0,0.0,0.0,0.0
2008-06-10,0.0,100000.0,0.0,0.0,0.0,1.0,0.0,1.0,0.0,0.0,0.0,0.0,0.0,0.0,0.0,0.0,0.0
2008-06-11,0.0,100000.0,0.0,0.0,0.0,1.0,0.0,1.0,0.0,0.0,0.0,0.0,0.0,0.0,0.0,0.0,0.0
2008-06-12,0.0,100000.0,0.0,0.0,0.0,1.0,0.0,1.0,0.0,0.0,0.0,0.0,0.0,0.0,0.0,0.0,0.0
2008-06-13,0.0,100000.0,0.0,0.0,0.0,1.0,0.0,1.0,0.0,0.0,0.0,0.0,0.0,0.0,0.0,0.0,0.0
2008-06-16,0.0,100000.0,0.0,0.0,0.0,1.0,0.0,1.0,0.0,0.0,0.0,0.0,0.0,0.0,0.0,0.0,0.0
2008-06-17,0.0,100000.0,0.0,0.0,0.0,1.0,0.0,1.0,0.0,0.0,0.0,0.0,0.0,0.0,0.0,0.0,0.0
2008-06-18,0.0,100000.0,0.0,0.0,0.0,1.0,0.0,1.0,0.0,0.0,0.0,0.0,0.0,0.0,0.0,0.0,0.0
2008-06-19,0.0,100000.0,0.0,0.0,0.0,1.0,0.0,1.0,0.0,0.0,0.0,0.0,0.0,0.0,0.0,0.0,0.0
2008-06-20,0.0,100000.0,0.0,0.0,0.0,1.0,0.0,1.0,0.0,0.0,0.0,0.0,0.0,0.0,0.0,0.0,0.0
2008-06-23,0.0,100000.0,0.0,0.0,0.0,1.0,0.0,1.0,0.0,0.0,0.0,0.0,0.0,0.0,0.0,0.0,0.0
2008-06-24,0.0,100000.0,0.0,0.0,0.0,1.0,0.0,1.0,0.0,0.0,0.0,0.0,0.0,0.0,0.0,0.0,0.0
2008-06-25,0.0,100000.0,0.0,0.0,0.0,1.0,0.0,1.0,0.0,0.0,0.0,0.0,0.0,0.0,0.0,0.0,0.0
2008-06-26,0.0,100000.0,0.0,0.0,0.0,1.0,0.0,1.0,0.0,0.0,0.0,0.0,0.0,0.0,0.0,0.0,0.0
2008-06-27,0.0,100000.0,0.0,0.0,0.0,1.0,0.0,1.0,0.0,0.0,0.0,0.0,0.0,0.0,0.0,0.0,0.0
2008-06-30,0.0,100000.0,0.0,0.0,0.0,1.0,0.0,1.0,0.0,0.0,0.0,0.0,0.0,0.0,0.0,0.0,0.0
2008-07-01,0.0,100000.0,0.0,0.0,0.0,1.0,0.0,1.0,0.0,0.0,0.0,0.0,0.0,0.0,0.0,0.0,0.0
2008-07-02,0.0,100000.0,0.0,0.0,0.0,1.0,0.0,1.0,0.0,0.0,0.0,0.0,0.0,0.0,0.0,0.0,0.0
2008-07-03,0.0,100000.0,0.0,0.0,0.0,1.0,0.0,1.0,0.0,0.0,0.0,0.0,0.0,0.0,0.0,0.0,0.0
2008-07-07,0.0,100000.0,0.0,0.0,0.0,1.0,0.0,1.0,0.0,0.0,0.0,0.0,0.0,0.0,0.0,0.0,0.0
2008-07-08,0.0,100000.0,0.0,0.0,0.0,1.0,0.0,1.0,0.0,0.0,0.0,0.0,0.0,0.0,0.0,0.0,0.0
2008-07-09,0.0,100000.0,0.0,0.0,0.0,1.0,0.0,1.0,0.0,0.0,0.0,0.0,0.0,0.0,0.0,0.0,0.0
2008-07-10,0.0,100000.0,0.0,0.0,0.0,1.0,0.0,1.0,0.0,0.0,0.0,0.0,0.0,0.0,0.0,0.0,0.0
2008-07-11,0.0,100000.0,0.0,0.0,0.0,1.0,0.0,1.0,0.0,0.0,0.0,0.0,0.0,0.0,0.0,0.0,0.0
2008-07-14,0.0,100000.0,0.0,0.0,0.0,1.0,0.0,1.0,0.0,0.0,0.0,0.0,0.0,0.0,0.0,0.0,0.0
2008-07-15,0.0,100000.0,0.0,0.0,0.0,1.0,0.0,1.0,0.0,0.0,0.0,0.0,0.0,0.0,0.0,0.0,0.0
2008-07-16,0.0,100000.0,0.0,0.0,0.0,1.0,0.0,1.0,0.0,0.0,0.0,0.0,0.0,0.0,0.0,0.0,0.0
2008-07-17,0.0,100000.0,0.0,0.0,0.0,1.0,0.0,1.0,0.0,0.0,0.0,0.0,0.0,0.0,0.0,0.0,0.0
2008-07-18,0.0,100000.0,0.0,0.0,0.0,1.0,0.0,1.0,0.0,0.0,0.0,0.0,0.0,0.0,0.0,0.0,0.0
2008-07-21,0.0,100000.0,0.0,0.0,0.0,1.0,0.0,1.0,0.0,0.0,0.0,0.0,0.0,0.0,0.0,0.0,0.0
2008-07-22,0.0,100000.0,0.0,0.0,0.0,1.0,0.0,1.0,0.0,0.0,0.0,0.0,0.0,0.0,0.0,0.0,0.0
2008-07-23,0.0,100000.0,0.0,0.0,0.0,1.0,0.0,1.0,0.0,0.0,0.0,0.0,0.0,0.0,0.0,0.0,0.0
2008-07-24,0.0,100000.0,0.0,0.0,0.0,1.0,0.0,1.0,0.0,0.0,0.0,0.0,0.0,0.0,0.0,0.0,0.0
2008-07-25,0.0,100000.0,0.0,0.0,0.0,1.0,0.0,1.0,0.0,0.0,0.0,0.0,0.0,0.0,0.0,0.0,0.0
2008-07-28,0.0,100000.0,0.0,0.0,0.0,1.0,0.0,1.0,0.0,0.0,0.0,0.0,0.0,0.0,0.0,0.0,0.0
2008-07-29,0.0,100000.0,0.0,0.0,0.0,1.0,0.0,1.0,0.0,0.0,0.0,0.0,0.0,0.0,0.0,0.0,0.0
2008-07-30,0.0,100000.0,0.0,0.0,0.0,1.0,0.0,1.0,0.0,0.0,0.0,0.0,0.0,0.0,0.0,0.0,0.0
2008-07-31,0.0,100000.0,0.0,0.0,0.0,1.0,0.0,1.0,0.0,0.0,0.0,0.0,0.0,0.0,0.0,0.0,0.0
2008-08-01,0.0,100000.0,0.0,0.0,0.0,1.0,0.0,1.0,0.0,0.0,0.0,0.0,0.0,0.0,0.0,0.0,0.0
2008-08-04,0.0,100000.0,0.0,0.0,0.0,1.0,0.0,1.0,0.0,0.0,0.0,0.0,0.0,0.0,0.0,0.0,0.0
2008-08-05,0.0,100000.0,0.0,0.0,0.0,1.0,0.0,1.0,0.0,0.0,0.0,0.0,0.0,0.0,0.0,0.0,0.0
2008-08-06,0.0,100000.0,0.0,0.0,0.0,1.0,0.0,1.0,0.0,0.0,0.0,0.0,0.0,0.0,0.0,0.0,0.0
2008-08-07,0.0,100000.0,0.0,0.0,0.0,1.0,0.0,1.0,0.0,0.0,0.0,0.0,0.0,0.0,0.0,0.0,0.0
2008-08-08,0.0,100000.0,0.0,0.0,0.0,1.0,0.0,1.0,0.0,0.0,0.0,0.0,0.0,0.0,0.0,0.0,0.0
2008-08-11,0.0,100000.0,0.0,0.0,0.0,1.0,0.0,1.0,0.0,0.0,0.0,0.0,0.0,0.0,0.0,0.0,0.0
2008-08-12,0.0,100000.0,0.0,0.0,0.0,1.0,0.0,1.0,0.0,0.0,0.0,0.0,0.0,0.0,0.0,0.0,0.0
2008-08-13,0.0,100000.0,0.0,0.0,0.0,1.0,0.0,1.0,0.0,0.0,0.0,0.0,0.0,0.0,0.0,0.0,0.0
2008-08-14,0.0,100000.0,0.0,0.0,0.0,1.0,0.0,1.0,0.0,0.0,0.0,0.0,0.0,0.0,0.0,0.0,0.0
2008-08-15,0.0,100000.0,0.0,0.0,0.0,1.0,0.0,1.0,0.0,0.0,0.0,0.0,0.0,0.0,0.0,0.0,0.0
2008-08-18,0.0,100000.0,0.0,0.0,0.0,1.0,0.0,1.0,0.0,0.0,0.0,0.0,0.0,0.0,0.0,0.0,0.0
2008-08-19,0.0,100000.0,0.0,0.0,0.0,1.0,0.0,1.0,0.0,0.0,0.0,0.0,0.0,0.0,0.0,0.0,0.0
2008-08-20,0.0,100000.0,0.0,0.0,0.0,1.0,0.0,1.0,0.0,0.0,0.0,0.0,0.0,0.0,0.0,0.0,0.0
2008-08-21,0.0,100000.0,0.0,0.0,0.0,1.0,0.0,1.0,0.0,0.0,0.0,0.0,0.0,0.0,0.0,0.0,0.0
2008-08-22,0.0,100000.0,0.0,0.0,0.0,1.0,0.0,1.0,0.0,0.0,0.0,0.0,0.0,0.0,0.0,0.0,0.0
2008-08-25,0.0,100000.0,0.0,0.0,0.0,1.0,0.0,1.0,0.0,0.0,0.0,0.0,0.0,0.0,0.0,0.0,0.0
2008-08-26,0.0,100000.0,0.0,0.0,0.0,1.0,0.0,1.0,0.0,0.0,0.0,0.0,0.0,0.0,0.0,0.0,0.0
2008-08-27,0.0,100000.0,0.0,0.0,0.0,1.0,0.0,1.0,0.0,0.0,0.0,0.0,0.0,0.0,0.0,0.0,0.0
2008-08-28,0.0,100000.0,0.0,0.0,0.0,1.0,0.0,1.0,0.0,0.0,0.0,0.0,0.0,0.0,0.0,0.0,0.0
2008-08-29,0.0,100000.0,0.0,0.0,0.0,1.0,0.0,1.0,0.0,0.0,0.0,0.0,0.0,0.0,0.0,0.0,0.0
2008-09-02,0.0,100000.0,0.0,0.0,0.0,1.0,0.0,1.0,0.0,0.0,0.0,0.0,0.0,0.0,0.0,0.0,0.0
2008-09-03,0.0,100000.0,0.0,0.0,0.0,1.0,0.0,1.0,0.0,0.0,0.0,0.0,0.0,0.0,0.0,0.0,0.0
2008-09-04,0.0,100000.0,0.0,0.0,0.0,1.0,0.0,1.0,0.0,0.0,0.0,0.0,0.0,0.0,0.0,0.0,0.0
2008-09-05,0.0,100000.0,0.0,0.0,0.0,1.0,0.0,1.0,0.0,0.0,0.0,0.0,0.0,0.0,0.0,0.0,0.0
2008-09-08,0.0,100000.0,0.0,0.0,0.0,1.0,0.0,1.0,0.0,0.0,0.0,0.0,0.0,0.0,0.0,0.0,0.0
2008-09-09,0.0,100000.0,0.0,0.0,0.0,1.0,0.0,1.0,0.0,0.0,0.0,0.0,0.0,0.0,0.0,0.0,0.0
2008-09-10,0.0,100000.0,0.0,0.0,0.0,1.0,0.0,1.0,0.0,0.0,0.0,0.0,0.0,0.0,0.0,0.0,0.0
2008-09-11,0.0,100000.0,0.0,0.0,0.0,1.0,0.0,1.0,0.0,0.0,0.0,0.0,0.0,0.0,0.0,0.0,0.0
2008-09-12,0.0,100000.0,0.0,0.0,0.0,1.0,0.0,1.0,0.0,0.0,0.0,0.0,0.0,0.0,0.0,0.0,0.0
2008-09-15,0.0,100000.0,0.0,0.0,0.0,1.0,0.0,1.0,0.0,0.0,0.0,0.0,0.0,0.0,0.0,0.0,0.0
2008-09-16,0.0,100000.0,0.0,0.0,0.0,1.0,0.0,1.0,0.0,0.0,0.0,0.0,0.0,0.0,0.0,0.0,0.0
2008-09-17,0.0,100000.0,0.0,0.0,0.0,1.0,0.0,1.0,0.0,0.0,0.0,0.0,0.0,0.0,0.0,0.0,0.0
2008-09-18,0.0,100000.0,0.0,0.0,0.0,1.0,0.0,1.0,0.0,0.0,0.0,0.0,0.0,0.0,0.0,0.0,0.0
2008-09-19,0.0,100000.0,0.0,0.0,0.0,1.0,0.0,1.0,0.0,0.0,0.0,0.0,0.0,0.0,0.0,0.0,0.0
2008-09-22,0.0,100000.0,0.0,0.0,0.0,1.0,0.0,1.0,0.0,0.0,0.0,0.0,0.0,0.0,0.0,0.0,0.0
2008-09-23,0.0,100000.0,0.0,0.0,0.0,1.0,0.0,1.0,0.0,0.0,0.0,0.0,0.0,0.0,0.0,0.0,0.0
2008-09-24,0.0,100000.0,0.0,0.0,0.0,1.0,0.0,1.0,0.0,0.0,0.0,0.0,0.0,0.0,0.0,0.0,0.0
2008-09-25,0.0,100000.0,0.0,0.0,0.0,1.0,0.0,1.0,0.0,0.0,0.0,0.0,0.0,0.0,0.0,0.0,0.0
2008-09-26,0.0,100000.0,0.0,0.0,0.0,1.0,0.0,1.0,0.0,0.0,0.0,0.0,0.0,0.0,0.0,0.0,0.0
2008-09-29,0.0,100000.0,0.0,0.0,0.0,1.0,0.0,1.0,0.0,0.0,0.0,0.0,0.0,0.0,0.0,0.0,0.0
2008-09-30,0.0,100000.0,0.0,0.0,0.0,1.0,0.0,1.0,0.0,0.0,0.0,0.0,0.0,0.0,0.0,0.0,0.0
2008-10-01,0.0,100000.0,0.0,0.0,0.0,1.0,0.0,1.0,0.0,0.0,0.0,0.0,0.0,0.0,0.0,0.0,0.0
2008-10-02,0.0,100000.0,0.0,0.0,0.0,1.0,0.0,1.0,0.0,0.0,0.0,0.0,0.0,0.0,0.0,0.0,0.0
2008-10-03,0.0,100000.0,0.0,0.0,0.0,1.0,0.0,1.0,0.0,0.0,0.0,0.0,0.0,0.0,0.0,0.0,0.0
2008-10-06,0.0,100000.0,0.0,0.0,0.0,1.0,0.0,1.0,0.0,0.0,0.0,0.0,0.0,0.0,0.0,0.0,0.0
2008-10-07,0.0,100000.0,0.0,0.0,0.0,1.0,0.0,1.0,0.0,0.0,0.0,0.0,0.0,0.0,0.0,0.0,0.0
2008-10-08,0.0,100000.0,0.0,0.0,0.0,1.0,0.0,1.0,0.0,0.0,0.0,0.0,0.0,0.0,0.0,0.0,0.0
2008-10-09,0.0,100000.0,0.0,0.0,0.0,1.0,0.0,1.0,0.0,0.0,0.0,0.0,0.0,0.0,0.0,0.0,0.0
2008-10-10,0.0,100000.0,0.0,0.0,0.0,1.0,0.0,1.0,0.0,0.0,0.0,0.0,0.0,0.0,0.0,0.0,0.0
2008-10-13,0.0,100000.0,0.0,0.0,0.0,1.0,0.0,1.0,0.0,0.0,0.0,0.0,0.0,0.0,0.0,0.0,0.0
2008-10-14,0.0,100000.0,0.0,0.0,0.0,1.0,0.0,1.0,0.0,0.0,0.0,0.0,0.0,0.0,0.0,0.0,0.0
2008-10-15,0.0,100000.0,0.0,0.0,0.0,1.0,0.0,1.0,0.0,0.0,0.0,0.0,0.0,0.0,0.0,0.0,0.0
2008-10-16,0.0,100000.0,0.0,0.0,0.0,1.0,0.0,1.0,0.0,0.0,0.0,0.0,0.0,0.0,0.0,0.0,0.0
2008-10-17,0.0,100000.0,0.0,0.0,0.0,1.0,0.0,1.0,0.0,0.0,0.0,0.0,0.0,0.0,0.0,0.0,0.0
2008-10-20,0.0,100000.0,0.0,0.0,0.0,1.0,0.0,1.0,0.0,0.0,0.0,0.0,0.0,0.0,0.0,0.0,0.0
2008-10-21,0.0,100000.0,0.0,0.0,0.0,1.0,0.0,1.0,0.0,0.0,0.0,0.0,0.0,0.0,0.0,0.0,0.0
2008-10-22,0.0,100000.0,0.0,0.0,0.0,1.0,0.0,1.0,0.0,0.0,0.0,0.0,0.0,0.0,0.0,0.0,0.0
2008-10-23,0.0,100000.0,0.0,0.0,0.0,1.0,0.0,1.0,0.0,0.0,0.0,0.0,0.0,0.0,0.0,0.0,0.0
2008-10-24,0.0,100000.0,0.0,0.0,0.0,1.0,0.0,1.0,0.0,0.0,0.0,0.0,0.0,0.0,0.0,0.0,0.0
2008-10-27,0.0,100000.0,0.0,0.0,0.0,1.0,0.0,1.0,0.0,0.0,0.0,0.0,0.0,0.0,0.0,0.0,0.0
2008-10-28,0.0,100000.0,0.0,0.0,0.0,1.0,0.0,1.0,0.0,0.0,0.0,0.0,0.0,0.0,0.0,0.0,0.0
2008-10-29,0.0,100000.0,0.0,0.0,0.0,1.0,0.0,1.0,0.0,0.0,0.0,0.0,0.0,0.0,0.0,0.0,0.0
2008-10-30,0.0,100000.0,0.0,0.0,0.0,1.0,0.0,1.0,0.0,0.0,0.0,0.0,0.0,0.0,0.0,0.0,0.0
2008-10-31,0.0,100000.0,0.0,0.0,0.0,1.0,0.0,1.0,0.0,0.0,0.0,0.0,0.0,0.0,0.0,0.0,0.0
2008-11-03,0.0,100000.0,0.0,0.0,0.0,1.0,0.0,1.0,0.0,0.0,0.0,0.0,0.0,0.0,0.0,0.0,0.0
2008-11-04,0.0,100000.0,0.0,0.0,0.0,1.0,0.0,1.0,0.0,0.0,0.0,0.0,0.0,0.0,0.0,0.0,0.0
2008-11-05,0.0,100000.0,0.0,0.0,0.0,1.0,0.0,1.0,0.0,0.0,0.0,0.0,0.0,0.0,0.0,0.0,0.0
2008-11-06,0.0,100000.0,0.0,0.0,0.0,1.0,0.0,1.0,0.0,0.0,0.0,0.0,0.0,0.0,0.0,0.0,0.0
2008-11-07,0.0,100000.0,0.0,0.0,0.0,1.0,0.0,1.0,0.0,0.0,0.0,0.0,0.0,0.0,0.0,0.0,0.0
2008-11-10,0.0,100000.0,0.0,0.0,0.0,1.0,0.0,1.0,0.0,0.0,0.0,0.0,0.0,0.0,0.0,0.0,0.0
2008-11-11,0.0,100000.0,0.0,0.0,0.0,1.0,0.0,1.0,0.0,0.0,0.0,0.0,0.0,0.0,0.0,0.0,0.0
2008-11-12,0.0,100000.0,0.0,0.0,0.0,1.0,0.0,1.0,0.0,0.0,0.0,0.0,0.0,0.0,0.0,0.0,0.0
2008-11-13,0.0,100000.0,0.0,0.0,0.0,1.0,0.0,1.0,0.0,0.0,0.0,0.0,0.0,0.0,0.0,0.0,0.0
2008-11-14,0.0,100000.0,0.0,0.0,0.0,1.0,0.0,1.0,0.0,0.0,0.0,0.0,0.0,0.0,0.0,0.0,0.0
2008-11-17,0.0,100000.0,0.0,0.0,0.0,1.0,0.0,1.0,0.0,0.0,0.0,0.0,0.0,0.0,0.0,0.0,0.0
2008-11-18,0.0,100000.0,0.0,0.0,0.0,1.0,0.0,1.0,0.0,0.0,0.0,0.0,0.0,0.0,0.0,0.0,0.0
2008-11-19,0.0,100000.0,0.0,0.0,0.0,1.0,0.0,1.0,0.0,0.0,0.0,0.0,0.0,0.0,0.0,0.0,0.0
2008-11-20,0.0,100000.0,0.0,0.0,0.0,1.0,0.0,1.0,0.0,0.0,0.0,0.0,0.0,0.0,0.0,0.0,0.0
2008-11-21,0.0,100000.0,0.0,0.0,0.0,1.0,0.0,1.0,0.0,0.0,0.0,0.0,0.0,0.0,0.0,0.0,0.0
2008-11-24,0.0,100000.0,0.0,0.0,0.0,1.0,0.0,1.0,0.0,0.0,0.0,0.0,0.0,0.0,0.0,0.0,0.0
2008-11-25,0.0,100000.0,0.0,0.0,0.0,1.0,0.0,1.0,0.0,0.0,0.0,0.0,0.0,0.0,0.0,0.0,0.0
2008-11-26,0.0,100000.0,0.0,0.0,0.0,1.0,0.0,1.0,0.0,0.0,0.0,0.0,0.0,0.0,0.0,0.0,0.0
2008-11-28,0.0,100000.0,0.0,0.0,0.0,1.0,0.0,1.0,0.0,0.0,0.0,0.0,0.0,0.0,0.0,0.0,0.0
2008-12-01,0.0,100000.0,0.0,0.0,0.0,1.0,0.0,1.0,0.0,0.0,0.0,0.0,0.0,0.0,0.0,0.0,0.0
2008-12-02,0.0,100000.0,0.0,0.0,0.0,1.0,0.0,1.0,0.0,0.0,0.0,0.0,0.0,0.0,0.0,0.0,0.0
2008-12-03,0.0,100000.0,0.0,0.0,0.0,1.0,0.0,1.0,0.0,0.0,0.0,0.0,0.0,0.0,0.0,0.0,0.0
2008-12-04,0.0,100000.0,0.0,0.0,0.0,1.0,0.0,1.0,0.0,0.0,0.0,0.0,0.0,0.0,0.0,0.0,0.0
2008-12-05,0.0,100000.0,0.0,0.0,0.0,1.0,0.0,1.0,0.0,0.0,0.0,0.0,0.0,0.0,0.0,0.0,0.0
2008-12-08,0.0,100000.0,0.0,0.0,0.0,1.0,0.0,1.0,0.0,0.0,0.0,0.0,0.0,0.0,0.0,0.0,0.0
2008-12-09,0.0,100000.0,0.0,0.0,0.0,1.0,0.0,1.0,0.0,0.0,0.0,0.0,0.0,0.0,0.0,0.0,0.0
2008-12-10,0.0,100000.0,0.0,0.0,0.0,1.0,0.0,1.0,0.0,0.0,0.0,0.0,0.0,0.0,0.0,0.0,0.0
2008-12-11,0.0,100000.0,0.0,0.0,0.0,1.0,0.0,1.0,0.0,0.0,0.0,0.0,0.0,0.0,0.0,0.0,0.0
2008-12-12,0.0,100000.0,0.0,0.0,0.0,1.0,0.0,1.0,0.0,0.0,0.0,0.0,0.0,0.0,0.0,0.0,0.0
2008-12-15,0.0,100000.0,0.0,0.0,0.0,1.0,0.0,1.0,0.0,0.0,0.0,0.0,0.0,0.0,0.0,0.0,0.0
2008-12-16,0.0,100000.0,0.0,0.0,0.0,1.0,0.0,1.0,0.0,0.0,0.0,0.0,0.0,0.0,0.0,0.0,0.0
2008-12-17,0.0,100000.0,0.0,0.0,0.0,1.0,0.0,1.0,0.0,0.0,0.0,0.0,0.0,0.0,0.0,0.0,0.0
2008-12-18,0.0,100000.0,0.0,0.0,0.0,1.0,0.0,1.0,0.0,0.0,0.0,0.0,0.0,0.0,0.0,0.0,0.0
2008-12-19,0.0,100000.0,0.0,0.0,0.0,1.0,0.0,1.0,0.0,0.0,0.0,0.0,0.0,0.0,0.0,0.0,0.0
2008-12-22,0.0,100000.0,0.0,0.0,0.0,1.0,0.0,1.0,0.0,0.0,0.0,0.0,0.0,0.0,0.0,0.0,0.0
2008-12-23,0.0,100000.0,0.0,0.0,0.0,1.0,0.0,1.0,0.0,0.0,0.0,0.0,0.0,0.0,0.0,0.0,0.0
2008-12-24,0.0,100000.0,0.0,0.0,0.0,1.0,0.0,1.0,0.0,0.0,0.0,0.0,0.0,0.0,0.0,0.0,0.0
2008-12-26,0.0,100000.0,0.0,0.0,0.0,1.0,0.0,1.0,0.0,0.0,0.0,0.0,0.0,0.0,0.0,0.0,0.0
2008-12-29,0.0,100000.0,0.0,0.0,0.0,1.0,0.0,1.0,0.0,0.0,0.0,0.0,0.0,0.0,0.0,0.0,0.0
2008-12-30,0.0,100000.0,0.0,0.0,0.0,1.0,0.0,1.0,0.0,0.0,0.0,0.0,0.0,0.0,0.0,0.0,0.0
2008-12-31,0.0,100000.0,0.0,0.0,0.0,1.0,0.0,1.0,0.0,0.0,0.0,0.0,0.0,0.0,0.0,0.0,0.0
2009-01-02,0.0,100000.0,0.0,0.0,0.0,1.0,0.0,1.0,0.0,0.0,0.0,0.0,0.0,0.0,0.0,0.0,0.0
2009-01-05,0.0,100000.0,0.0,0.0,0.0,1.0,0.0,1.0,0.0,0.0,0.0,0.0,0.0,0.0,0.0,0.0,0.0
2009-01-06,0.0,100000.0,0.0,0.0,0.0,1.0,0.0,1.0,0.0,0.0,0.0,0.0,0.0,0.0,0.0,0.0,0.0
2009-01-07,0.0,100000.0,0.0,0.0,0.0,1.0,0.0,1.0,0.0,0.0,0.0,0.0,0.0,0.0,0.0,0.0,0.0
2009-01-08,0.0,100000.0,0.0,0.0,0.0,1.0,0.0,1.0,0.0,0.0,0.0,0.0,0.0,0.0,0.0,0.0,0.0
2009-01-09,0.0,100000.0,0.0,0.0,0.0,1.0,0.0,1.0,0.0,0.0,0.0,0.0,0.0,0.0,0.0,0.0,0.0
2009-01-12,0.0,100000.0,0.0,0.0,0.0,1.0,0.0,1.0,0.0,0.0,0.0,0.0,0.0,0.0,0.0,0.0,0.0
2009-01-13,0.0,100000.0,0.0,0.0,0.0,1.0,0.0,1.0,0.0,0.0,0.0,0.0,0.0,0.0,0.0,0.0,0.0
2009-01-14,0.0,100000.0,0.0,0.0,0.0,1.0,0.0,1.0,0.0,0.0,0.0,0.0,0.0,0.0,0.0,0.0,0.0
2009-01-15,0.0,100000.0,0.0,0.0,0.0,1.0,0.0,1.0,0.0,0.0,0.0,0.0,0.0,0.0,0.0,0.0,0.0
2009-01-16,0.0,100000.0,0.0,0.0,0.0,1.0,0.0,1.0,0.0,0.0,0.0,0.0,0.0,0.0,0.0,0.0,0.0
2009-01-20,0.0,100000.0,0.0,0.0,0.0,1.0,0.0,1.0,0.0,0.0,0.0,0.0,0.0,0.0,0.0,0.0,0.0
2009-01-21,0.0,100000.0,0.0,0.0,0.0,1.0,0.0,1.0,0.0,0.0,0.0,0.0,0.0,0.0,0.0,0.0,0.0
2009-01-22,0.0,100000.0,0.0,0.0,0.0,1.0,0.0,1.0,0.0,0.0,0.0,0.0,0.0,0.0,0.0,0.0,0.0
2009-01-23,0.0,100000.0,0.0,0.0,0.0,1.0,0.0,1.0,0.0,0.0,0.0,0.0,0.0,0.0,0.0,0.0,0.0
2009-01-26,0.0,100000.0,0.0,0.0,0.0,1.0,0.0,1.0,0.0,0.0,0.0,0.0,0.0,0.0,0.0,0.0,0.0
2009-01-27,0.0,100000.0,0.0,0.0,0.0,1.0,0.0,1.0,0.0,0.0,0.0,0.0,0.0,0.0,0.0,0.0,0.0
2009-01-28,0.0,100000.0,0.0,0.0,0.0,1.0,0.0,1.0,0.0,0.0,0.0,0.0,0.0,0.0,0.0,0.0,0.0
2009-01-29,0.0,100000.0,0.0,0.0,0.0,1.0,0.0,1.0,0.0,0.0,0.0,0.0,0.0,0.0,0.0,0.0,0.0
2009-01-30,0.0,100000.0,0.0,0.0,0.0,1.0,0.0,1.0,0.0,0.0,0.0,0.0,0.0,0.0,0.0,0.0,0.0
2009-02-02,0.0,100000.0,0.0,0.0,0.0,1.0,0.0,1.0,0.0,0.0,0.0,0.0,0.0,0.0,0.0,0.0,0.0
2009-02-03,0.0,100000.0,0.0,0.0,0.0,1.0,0.0,1.0,0.0,0.0,0.0,0.0,0.0,0.0,0.0,0.0,0.0
2009-02-04,0.0,100000.0,0.0,0.0,0.0,1.0,0.0,1.0,0.0,0.0,0.0,0.0,0.0,0.0,0.0,0.0,0.0
2009-02-05,0.0,100000.0,0.0,0.0,0.0,1.0,0.0,1.0,0.0,0.0,0.0,0.0,0.0,0.0,0.0,0.0,0.0
2009-02-06,0.0,100000.0,0.0,0.0,0.0,1.0,0.0,1.0,0.0,0.0,0.0,0.0,0.0,0.0,0.0,0.0,0.0
2009-02-09,0.0,100000.0,0.0,0.0,0.0,1.0,0.0,1.0,0.0,0.0,0.0,0.0,0.0,0.0,0.0,0.0,0.0
2009-02-10,0.0,100000.0,0.0,0.0,0.0,1.0,0.0,1.0,0.0,0.0,0.0,0.0,0.0,0.0,0.0,0.0,0.0
2009-02-11,0.0,100000.0,0.0,0.0,0.0,1.0,0.0,1.0,0.0,0.0,0.0,0.0,0.0,0.0,0.0,0.0,0.0
2009-02-12,0.0,100000.0,0.0,0.0,0.0,1.0,0.0,1.0,0.0,0.0,0.0,0.0,0.0,0.0,0.0,0.0,0.0
2009-02-13,0.0,100000.0,0.0,0.0,0.0,1.0,0.0,1.0,0.0,0.0,0.0,0.0,0.0,0.0,0.0,0.0,0.0
2009-02-17,0.0,100000.0,0.0,0.0,0.0,1.0,0.0,1.0,0.0,0.0,0.0,0.0,0.0,0.0,0.0,0.0,0.0
2009-02-18,0.0,100000.0,0.0,0.0,0.0,1.0,0.0,1.0,0.0,0.0,0.0,0.0,0.0,0.0,0.0,0.0,0.0
2009-02-19,0.0,100000.0,0.0,0.0,0.0,1.0,0.0,1.0,0.0,0.0,0.0,0.0,0.0,0.0,0.0,0.0,0.0
2009-02-20,0.0,100000.0,0.0,0.0,0.0,1.0,0.0,1.0,0.0,0.0,0.0,0.0,0.0,0.0,0.0,0.0,0.0
2009-02-23,0.0,100000.0,0.0,0.0,0.0,1.0,0.0,1.0,0.0,0.0,0.0,0.0,0.0,0.0,0.0,0.0,0.0
2009-02-24,0.0,100000.0,0.0,0.0,0.0,1.0,0.0,1.0,0.0,0.0,0.0,0.0,0.0,0.0,0.0,0.0,0.0
2009-02-25,0.0,100000.0,0.0,0.0,0.0,1.0,0.0,1.0,0.0,0.0,0.0,0.0,0.0,0.0,0.0,0.0,0.0
2009-02-26,0.0,100000.0,0.0,0.0,0.0,1.0,0.0,1.0,0.0,0.0,0.0,0.0,0.0,0.0,0.0,0.0,0.0
2009-02-27,0.0,100000.0,0.0,0.0,0.0,1.0,0.0,1.0,0.0,0.0,0.0,0.0,0.0,0.0,0.0,0.0,0.0
2009-03-02,0.0,100000.0,0.0,0.0,0.0,1.0,0.0,1.0,0.0,0.0,0.0,0.0,0.0,0.0,0.0,0.0,0.0
2009-03-03,0.0,100000.0,0.0,0.0,0.0,1.0,0.0,1.0,0.0,0.0,0.0,0.0,0.0,0.0,0.0,0.0,0.0
2009-03-04,0.0,100000.0,0.0,0.0,0.0,1.0,0.0,1.0,0.0,0.0,0.0,0.0,0.0,0.0,0.0,0.0,0.0
2009-03-05,0.0,100000.0,0.0,0.0,0.0,1.0,0.0,1.0,0.0,0.0,0.0,0.0,0.0,0.0,0.0,0.0,0.0
2009-03-06,0.0,100000.0,0.0,0.0,0.0,1.0,0.0,1.0,0.0,0.0,0.0,0.0,0.0,0.0,0.0,0.0,0.0
2009-03-09,0.0,100000.0,0.0,0.0,0.0,1.0,0.0,1.0,0.0,0.0,0.0,0.0,0.0,0.0,0.0,0.0,0.0
2009-03-10,0.0,100000.0,0.0,0.0,0.0,1.0,0.0,1.0,0.0,0.0,0.0,0.0,0.0,0.0,0.0,0.0,0.0
2009-03-11,0.0,100000.0,0.0,0.0,0.0,1.0,0.0,1.0,0.0,0.0,0.0,0.0,0.0,0.0,0.0,0.0,0.0
2009-03-12,0.0,100000.0,0.0,0.0,0.0,1.0,0.0,1.0,0.0,0.0,0.0,0.0,0.0,0.0,0.0,0.0,0.0
2009-03-13,0.0,100000.0,0.0,0.0,0.0,1.0,0.0,1.0,0.0,0.0,0.0,0.0,0.0,0.0,0.0,0.0,0.0
2009-03-16,0.0,100000.0,0.0,0.0,0.0,1.0,0.0,1.0,0.0,0.0,0.0,0.0,0.0,0.0,0.0,0.0,0.0
2009-03-17,0.0,100000.0,0.0,0.0,0.0,1.0,0.0,1.0,0.0,0.0,0.0,0.0,0.0,0.0,0.0,0.0,0.0
2009-03-18,0.0,100000.0,0.0,0.0,0.0,1.0,0.0,1.0,0.0,0.0,0.0,0.0,0.0,0.0,0.0,0.0,0.0
2009-03-19,0.0,100000.0,0.0,0.0,0.0,1.0,0.0,1.0,0.0,0.0,0.0,0.0,0.0,0.0,0.0,0.0,0.0
2009-03-20,0.0,100000.0,0.0,0.0,0.0,1.0,0.0,1.0,0.0,0.0,0.0,0.0,0.0,0.0,0.0,0.0,0.0
2009-03-23,0.0,100000.0,0.0,0.0,0.0,1.0,0.0,1.0,0.0,0.0,0.0,0.0,0.0,0.0,0.0,0.0,0.0
2009-03-24,0.0,100000.0,0.0,0.0,0.0,1.0,0.0,1.0,0.0,0.0,0.0,0.0,0.0,0.0,0.0,0.0,0.0
2009-03-25,0.0,100000.0,0.0,0.0,0.0,1.0,0.0,1.0,0.0,0.0,0.0,0.0,0.0,0.0,0.0,0.0,0.0
2009-03-26,0.0,100000.0,0.0,0.0,0.0,1.0,0.0,1.0,0.0,0.0,0.0,0.0,0.0,0.0,0.0,0.0,0.0
2009-03-27,0.0,100000.0,0.0,0.0,0.0,1.0,0.0,1.0,0.0,0.0,0.0,0.0,0.0,0.0,0.0,0.0,0.0
2009-03-30,0.0,100000.0,0.0,0.0,0.0,1.0,0.0,1.0,0.0,0.0,0.0,0.0,0.0,0.0,0.0,0.0,0.0
2009-03-31,0.0,100000.0,0.0,0.0,0.0,1.0,0.0,1.0,0.0,0.0,0.0,0.0,0.0,0.0,0.0,0.0,0.0
2009-04-01,0.0,100000.0,0.0,0.0,0.0,1.0,0.0,1.0,0.0,0.0,0.0,0.0,0.0,0.0,0.0,0.0,0.0
2009-04-02,0.0,100000.0,0.0,0.0,0.0,1.0,0.0,1.0,0.0,0.0,0.0,0.0,0.0,0.0,0.0,0.0,0.0
2009-04-03,0.0,100000.0,0.0,0.0,0.0,1.0,0.0,1.0,0.0,0.0,0.0,0.0,0.0,0.0,0.0,0.0,0.0
2009-04-06,0.0,100000.0,0.0,0.0,0.0,1.0,0.0,1.0,0.0,0.0,0.0,0.0,0.0,0.0,0.0,0.0,0.0
2009-04-07,-0.0009990009990009988,99900.0999000999,0.0,1.0,1.0,1.0,1.0,0.0,0.9990009990009988,0.0,0.0,0.9990009990009988,99.90009990009987,0.0,0.0,99.90009990009987,0.0
2009-04-08,0.006432025710352721,100542.65991112414,0.006432025710352721,1.0,0.9999999999999999,1.0,0.9999999999999999,1.1102230246251565e-16,0.0,0.0,0.0,0.0,0.0,0.0,0.0,0.0,0.0
2009-04-09,0.04996740447151795,105566.51566554555,0.04996740447151795,1.0,0.9999999999999999,1.0,0.9999999999999999,1.1102230246251565e-16,0.0,0.0,0.0,0.0,0.0,0.0,0.0,0.0,0.0
2009-04-13,0.0076265558148684975,106371.62458945002,0.0076265558148684975,1.0,1.0,1.0,1.0,0.0,0.0,0.0,0.0,0.0,0.0,0.0,0.0,0.0,0.0
2009-04-14,-0.026946739383439465,103505.25614384505,-0.026946739383439465,1.0,1.0,1.0,1.0,0.0,0.0,0.0,0.0,0.0,0.0,0.0,0.0,0.0,0.0
2009-04-15,0.030882198514513834,106701.72601137486,0.030882198514513834,1.0,1.0000000000000002,1.0,1.0000000000000002,-2.220446049250313e-16,0.0,0.0,0.0,0.0,0.0,0.0,0.0,0.0,0.0
2009-04-16,0.012247338944275214,108008.53821577536,0.012247338944275214,1.0,0.9999999999999999,1.0,0.9999999999999999,1.1102230246251565e-16,0.0,0.0,0.0,0.0,0.0,0.0,0.0,0.0,0.0
2009-04-17,0.003504300395922925,108387.03257900797,0.003504300395922925,1.0,1.0000000000000002,1.0,1.0000000000000002,-2.220446049250313e-16,0.0,0.0,0.0,0.0,0.0,0.0,0.0,0.0,0.0
2009-04-20,-0.05526873218396467,102396.61870318413,-0.05526873218396467,1.0,1.0,1.0,1.0,0.0,0.0,0.0,0.0,0.0,0.0,0.0,0.0,0.0,0.0
2009-04-21,0.03679316030069955,106164.11390937999,0.03679316030069955,1.0,1.0,1.0,1.0,0.0,0.0,0.0,0.0,0.0,0.0,0.0,0.0,0.0,0.0
2009-04-22,-0.016941056131384424,104365.5816965025,-0.016941056131384424,1.0,1.0,1.0,1.0,0.0,0.0,0.0,0.0,0.0,0.0,0.0,0.0,0.0,0.0
2009-04-23,0.02864999744949609,107355.65534592247,0.02864999744949609,1.0,1.0,1.0,1.0,0.0,0.0,0.0,0.0,0.0,0.0,0.0,0.0,0.0,0.0
2009-04-24,0.021623002047518852,109677.00690128007,0.021623002047518852,1.0,1.0,1.0,1.0,0.0,0.0,0.0,0.0,0.0,0.0,0.0,0.0,0.0,0.0
2009-04-27,-0.016302371385692776,107889.01160230419,-0.016302371385692776,1.0,1.0000000000000002,1.0,1.0000000000000002,-2.220446049250313e-16,0.0,0.0,0.0,0.0,0.0,0.0,0.0,0.0,0.0
2009-04-28,-0.008007378034460364,107025.10350064027,-0.008007378034460364,1.0,0.9999999999999999,1.0,0.9999999999999999,1.1102230246251565e-16,0.0,0.0,0.0,0.0,0.0,0.0,0.0,0.0,0.0
2009-04-29,0.02762712452066238,109981.89936188923,0.02762712452066238,1.0,1.0,1.0,1.0,0.0,0.0,0.0,0.0,0.0,0.0,0.0,0.0,0.0,0.0
2009-04-30,0.004151208916418991,110438.457203165,0.004151208916418991,1.0,1.0,1.0,1.0,0.0,0.0,0.0,0.0,0.0,0.0,0.0,0.0,0.0,0.0
2009-05-01,0.008598155934244586,111388.02427933521,0.008598155934244586,1.0,1.0000000000000002,1.0,1.0000000000000002,-2.220446049250313e-16,0.0,0.0,0.0,0.0,0.0,0.0,0.0,0.0,0.0
2009-05-04,0.04141615351049732,116001.28779211915,0.04141615351049732,1.0,1.0000000000000002,1.0,1.0000000000000002,-2.220446049250313e-16,0.0,0.0,0.0,0.0,0.0,0.0,0.0,0.0,0.0
2009-05-05,-0.01182055582325595,114630.08809420283,-0.01182055582325595,1.0,1.0000000000000002,1.0,1.0000000000000002,-2.220446049250313e-16,0.0,0.0,0.0,0.0,0.0,0.0,0.0,0.0,0.0
2009-05-06,0.0307279334371716,118152.4338110586,0.0307279334371716,1.0,1.0000000000000002,1.0,1.0000000000000002,-2.220446049250313e-16,0.0,0.0,0.0,0.0,0.0,0.0,0.0,0.0,0.0
2009-05-07,-0.027288432778772912,114928.23906335712,-0.027288432778772912,1.0,1.0,1.0,1.0,0.0,0.0,0.0,0.0,0.0,0.0,0.0,0.0,0.0,0.0
2009-05-08,0.04867276133914716,120522.11381441636,0.04867276133914716,1.0,1.0,1.0,1.0,0.0,0.0,0.0,0.0,0.0,0.0,0.0,0.0,0.0,0.0
2009-05-11,-0.029097680256996016,117015.19988274718,-0.029097680256996016,1.0,0.9999999999999999,1.0,0.9999999999999999,1.1102230246251565e-16,0.0,0.0,0.0,0.0,0.0,0.0,0.0,0.0,0.0
2009-05-12,0.010146775012702131,118202.52678902379,0.010146775012702131,1.0,1.0,1.0,1.0,0.0,0.0,0.0,0.0,0.0,0.0,0.0,0.0,0.0,0.0
2009-05-13,-0.03963322318736556,113517.77966348386,-0.03963322318736556,1.0,1.0,1.0,1.0,0.0,0.0,0.0,0.0,0.0,0.0,0.0,0.0,0.0,0.0
2009-05-14,0.013520124055079952,115052.5541269914,0.013520124055079952,1.0,1.0000000000000002,1.0,1.0000000000000002,-2.220446049250313e-16,0.0,0.0,0.0,0.0,0.0,0.0,0.0,0.0,0.0
2009-05-15,-0.0103276853817654,113864.3275455993,-0.0103276853817654,1.0,1.0000000000000002,1.0,1.0000000000000002,-2.220446049250313e-16,0.0,0.0,0.0,0.0,0.0,0.0,0.0,0.0,0.0
2009-05-18,0.04363573544748299,118832.88121928461,0.04363573544748299,1.0,1.0000000000000002,1.0,1.0000000000000002,-2.220446049250313e-16,0.0,0.0,0.0,0.0,0.0,0.0,0.0,0.0,0.0
2009-05-19,0.0015324313009096337,119014.98444604233,0.0015324313009096337,1.0,0.9999999999999999,1.0,0.9999999999999999,1.1102230246251565e-16,0.0,0.0,0.0,0.0,0.0,0.0,0.0,0.0,0.0
2009-05-20,0.00494759828773915,119603.82277930286,0.00494759828773915,1.0,1.0,1.0,1.0,0.0,0.0,0.0,0.0,0.0,0.0,0.0,0.0,0.0,0.0
2009-05-21,-0.0064831273799477685,118828.41596109595,-0.0064831273799477685,1.0,1.0,1.0,1.0,0.0,0.0,0.0,0.0,0.0,0.0,0.0,0.0,0.0,0.0
2009-05-22,-0.004204028139097165,118328.85795667116,-0.004204028139097165,1.0,1.0,1.0,1.0,0.0,0.0,0.0,0.0,0.0,0.0,0.0,0.0,0.0,0.0
2009-05-26,0.028958058662930376,121755.431966898,0.028958058662930376,1.0,0.9999999999999999,1.0,0.9999999999999999,1.1102230246251565e-16,0.0,0.0,0.0,0.0,0.0,0.0,0.0,0.0,0.0
2009-05-27,-0.01613919022388871,119790.3978895925,-0.01613919022388871,1.0,1.0000000000000002,1.0,1.0000000000000002,-2.220446049250313e-16,0.0,0.0,0.0,0.0,0.0,0.0,0.0,0.0,0.0
2009-05-28,0.006032015229668252,120512.97539403054,0.006032015229668252,1.0,0.9999999999999999,1.0,0.9999999999999999,1.1102230246251565e-16,0.0,0.0,0.0,0.0,0.0,0.0,0.0,0.0,0.0
2009-05-29,0.02424605047656337,123434.93907851503,0.02424605047656337,1.0,0.9999999999999999,1.0,0.9999999999999999,1.1102230246251565e-16,0.0,0.0,0.0,0.0,0.0,0.0,0.0,0.0,0.0
2009-06-01,0.030021016703998725,127140.5814464482,0.030021016703998725,1.0,0.9999999999999999,1.0,0.9999999999999999,1.1102230246251565e-16,0.0,0.0,0.0,0.0,0.0,0.0,0.0,0.0,0.0
2009-06-02,0.00018449712420517654,127164.03851809484,0.00018449712420517654,1.0,0.9999999999999999,1.0,0.9999999999999999,1.1102230246251565e-16,0.0,0.0,0.0,0.0,0.0,0.0,0.0,0.0,0.0
2009-06-03,-0.028066039422713587,123595.04759989452,-0.028066039422713587,1.0,1.0,1.0,1.0,0.0,0.0,0.0,0.0,0.0,0.0,0.0,0.0,0.0,0.0
2009-06-04,0.008748472075827785,124676.31542253282,0.008748472075827785,1.0,1.0,1.0,1.0,0.0,0.0,0.0,0.0,0.0,0.0,0.0,0.0,0.0,0.0
2009-06-05,-0.008129714146920545,123662.7326172563,-0.008129714146920545,1.0,0.9999999999999999,1.0,0.9999999999999999,1.1102230246251565e-16,0.0,0.0,0.0,0.0,0.0,0.0,0.0,0.0,0.0
2009-06-08,-0.0003761007170318972,123616.22297484885,-0.0003761007170318972,1.0,1.0,1.0,1.0,0.0,0.0,0.0,0.0,0.0,0.0,0.0,0.0,0.0,0.0
2009-06-09,0.006099250705900399,124370.18931008891,0.006099250705900399,1.0,1.0000000000000002,1.0,1.0000000000000002,-2.220446049250313e-16,0.0,0.0,0.0,0.0,0.0,0.0,0.0,0.0,0.0
2009-06-10,0.00016563958191607281,124390.78993624906,0.00016563958191607281,1.0,1.0,1.0,1.0,0.0,0.0,0.0,0.0,0.0,0.0,0.0,0.0,0.0,0.0
2009-06-11,0.008861417725635945,125493.06868709598,0.008861417725635945,1.0,1.0000000000000002,1.0,1.0000000000000002,-2.220446049250313e-16,0.0,0.0,0.0,0.0,0.0,0.0,0.0,0.0,0.0
2009-06-12,0.0028207902921919157,125847.0583169859,0.0028207902921919157,1.0,0.9999999999999999,1.0,0.9999999999999999,1.1102230246251565e-16,0.0,0.0,0.0,0.0,0.0,0.0,0.0,0.0,0.0
2009-06-15,-0.03320414321044584,121668.41457001537,-0.03320414321044584,1.0,1.0000000000000002,1.0,1.0000000000000002,-2.220446049250313e-16,0.0,0.0,0.0,0.0,0.0,0.0,0.0,0.0,0.0
2009-06-16,-0.00927629210008905,120539.78281710918,-0.00927629210008905,1.0,1.0,1.0,1.0,0.0,0.0,0.0,0.0,0.0,0.0,0.0,0.0,0.0,0.0
2009-06-17,-0.0010527412578055025,120412.88561453069,-0.0010527412578055025,1.0,1.0,1.0,1.0,0.0,0.0,0.0,0.0,0.0,0.0,0.0,0.0,0.0,0.0
2009-06-18,-0.003082946504496354,120041.65912972906,-0.003082946504496354,1.0,1.0,1.0,1.0,0.0,0.0,0.0,0.0,0.0,0.0,0.0,0.0,0.0,0.0
2009-06-19,0.018056835177135272,122209.23158302443,0.018056835177135272,1.0,1.0000000000000002,1.0,1.0000000000000002,-2.220446049250313e-16,0.0,0.0,0.0,0.0,0.0,0.0,0.0,0.0,0.0
2009-06-22,-0.03640131223747181,117760.65518586927,-0.03640131223747181,1.0,0.9999999999999999,1.0,0.9999999999999999,1.1102230246251565e-16,0.0,0.0,0.0,0.0,0.0,0.0,0.0,0.0,0.0
2009-06-23,0.009918689243333625,118928.68652974926,0.009918689243333625,1.0,1.0,1.0,1.0,0.0,0.0,0.0,0.0,0.0,0.0,0.0,0.0,0.0,0.0
2009-06-24,0.007393157166977578,119807.9450009259,0.007393157166977578,1.0,1.0000000000000002,1.0,1.0000000000000002,-2.220446049250313e-16,0.0,0.0,0.0,0.0,0.0,0.0,0.0,0.0,0.0
2009-06-25,0.013222990076197639,121392.16426872277,0.013222990076197639,1.0,1.0,1.0,1.0,0.0,0.0,0.0,0.0,0.0,0.0,0.0,0.0,0.0,0.0
2009-06-26,4.80364501777133e-05,121397.99551737365,4.80364501777133e-05,1.0,0.9999999999999999,1.0,0.9999999999999999,1.1102230246251565e-16,0.0,0.0,0.0,0.0,0.0,0.0,0.0,0.0,0.0
2009-06-29,0.006117600818942581,122140.65999416872,0.006117600818942581,1.0,0.9999999999999999,1.0,0.9999999999999999,1.1102230246251565e-16,0.0,0.0,0.0,0.0,0.0,0.0,0.0,0.0,0.0
2009-06-30,-0.005045600376374304,121524.38703413153,-0.005045600376374304,1.0,0.9999999999999999,1.0,0.9999999999999999,1.1102230246251565e-16,0.0,0.0,0.0,0.0,0.0,0.0,0.0,0.0,0.0
2009-07-01,0.012738691900840813,123072.44875899785,0.012738691900840813,1.0,1.0,1.0,1.0,0.0,0.0,0.0,0.0,0.0,0.0,0.0,0.0,0.0,0.0
2009-07-02,-0.030407075951275862,119330.1754620735,-0.030407075951275862,1.0,0.9999999999999999,1.0,0.9999999999999999,1.1102230246251565e-16,0.0,0.0,0.0,0.0,0.0,0.0,0.0,0.0,0.0
2009-07-06,0.004819169366743974,119905.2477881885,0.005824994361105078,0.0,0.0,1.0,0.0,1.0,1.0058249943611048,0.0,0.0,1.0058249943611048,120.02527306124975,0.0,0.0,120.02527306124975,0.0
2009-07-07,0.0,119905.2477881885,0.0,0.0,0.0,1.0,0.0,1.0,0.0,0.0,0.0,0.0,0.0,0.0,0.0,0.0,0.0
2009-07-08,0.0,119905.2477881885,0.0,0.0,0.0,1.0,0.0,1.0,0.0,0.0,0.0,0.0,0.0,0.0,0.0,0.0,0.0
2009-07-09,0.0,119905.2477881885,0.0,0.0,0.0,1.0,0.0,1.0,0.0,0.0,0.0,0.0,0.0,0.0,0.0,0.0,0.0
2009-07-10,0.0,119905.2477881885,0.0,0.0,0.0,1.0,0.0,1.0,0.0,0.0,0.0,0.0,0.0,0.0,0.0,0.0,0.0
2009-07-13,0.0,119905.2477881885,0.0,0.0,0.0,1.0,0.0,1.0,0.0,0.0,0.0,0.0,0.0,0.0,0.0,0.0,0.0
2009-07-14,0.0,119905.2477881885,0.0,0.0,0.0,1.0,0.0,1.0,0.0,0.0,0.0,0.0,0.0,0.0,0.0,0.0,0.0
2009-07-15,0.0,119905.2477881885,0.0,0.0,0.0,1.0,0.0,1.0,0.0,0.0,0.0,0.0,0.0,0.0,0.0,0.0,0.0
2009-07-16,0.0,119905.2477881885,0.0,0.0,0.0,1.0,0.0,1.0,0.0,0.0,0.0,0.0,0.0,0.0,0.0,0.0,0.0
2009-07-17,-0.0002,119881.26673863086,0.0,0.2000400080016003,0.20004000800160032,1.0,0.20004000800160032,0.7999599919983997,0.2,0.0,0.0,0.2,23.9810495576377,0.0,0.0,23.9810495576377,0.0
2009-07-20,0.004285007401181726,120394.95885386896,0.004285007401181726,0.203453216862731,0.20345321686273102,1.0,0.20345321686273102,0.796546783137269,0.0,0.0,0.0,0.0,0.0,0.0,0.0,0.0,0.0
2009-07-21,0.00239523422871948,120683.332980281,0.00239523422871948,0.2053565739963219,0.205356573996322,1.0,0.205356573996322,0.794643426003678,0.0,0.0,0.0,0.0,0.0,0.0,0.0,0.0,0.0
2009-07-22,0.0005974598086221286,120755.43642130725,0.0005974598086221286,0.2058310580204107,0.20583105802041074,1.0,0.20583105802041074,0.7941689419795892,0.0,0.0,0.0,0.0,0.0,0.0,0.0,0.0,0.0
2009-07-23,0.007015227568163403,121602.56328789562,0.007015227568163403,0.2113635223794734,0.2113635223794735,1.0,0.2113635223794735,0.7886364776205265,0.0,0.0,0.0,0.0,0.0,0.0,0.0,0.0,0.0
2009-07-24,0.0017045315560245084,121809.8386943133,0.0017045315560245084,0.2127054907144355,0.21270549071443565,1.0,0.21270549071443565,0.7872945092855643,0.0,0.0,0.0,0.0,0.0,0.0,0.0,0.0,0.0
2009-07-27,0.00044389491539273846,121863.90946235451,0.00044389491539273846,0.2130548116822226,0.21305481168222262,1.0,0.21305481168222262,0.7869451883177774,0.0,0.0,0.0,0.0,0.0,0.0,0.0,0.0,0.0
2009-07-28,-0.0017748121693690695,121647.62391283383,-0.0017748121693690695,0.2116556485335866,0.21165564853358665,1.0,0.21165564853358665,0.7883443514664134,0.0,0.0,0.0,0.0,0.0,0.0,0.0,0.0,0.0
2009-07-29,-0.004444929502832284,121106.90880035424,-0.004444929502832284,0.2081358682923245,0.20813586829232458,1.0,0.20813586829232458,0.7918641317076754,0.0,0.0,0.0,0.0,0.0,0.0,0.0,0.0,0.0
2009-07-30,0.006325079326118759,121872.9196054575,0.006325079326118759,0.2131129910446594,0.21311299104465942,1.0,0.21311299104465942,0.7868870089553406,0.0,0.0,0.0,0.0,0.0,0.0,0.0,0.0,0.0
2009-07-31,0.0022184274230930114,122143.28583244265,0.0022184274230930114,0.2148547787346249,0.21485477873462494,1.0,0.21485477873462494,0.7851452212653751,0.0,0.0,0.0,0.0,0.0,0.0,0.0,0.0,0.0
2009-08-03,0.007599582466081505,123071.52380580446,0.007599582466081505,0.2207765515903187,0.22077655159031875,1.0,0.22077655159031875,0.7792234484096813,0.0,0.0,0.0,0.0,0.0,0.0,0.0,0.0,0.0
2009-08-04,-0.0008053772565354693,122972.40479960409,-0.0008053772565354693,0.2201484769101475,0.2201484769101476,1.0,0.2201484769101476,0.7798515230898524,0.0,0.0,0.0,0.0,0.0,0.0,0.0,0.0,0.0
2009-08-05,0.0017587532569252108,123188.68291705733,0.0017587532569252108,0.2215176353045146,0.2215176353045147,1.0,0.2215176353045147,0.7784823646954853,0.0,0.0,0.0,0.0,0.0,0.0,0.0,0.0,0.0
2009-08-06,-0.0018288869126978002,122963.38474707784,-0.0018288869126978002,0.2200912704359161,0.22009127043591617,1.0,0.22009127043591617,0.7799087295640839,0.0,0.0,0.0,0.0,0.0,0.0,0.0,0.0,0.0
2009-08-07,0.0013192120712447852,123125.5995285573,0.0013192120712447852,0.2211187799434805,0.22111877994348053,1.0,0.22111877994348053,0.7788812200565195,0.0,0.0,0.0,0.0,0.0,0.0,0.0,0.0,0.0
2009-08-10,-0.0029277826941438174,122765.1145290515,-0.0029277826941438174,0.2188316888809726,0.21883168888097274,1.0,0.21883168888097274,0.7811683111190273,0.0,0.0,0.0,0.0,0.0,0.0,0.0,0.0,0.0
2009-08-11,-0.0005137938141022021,122702.03857261893,-0.0005137938141022021,0.2184301231129395,0.21843012311293955,1.0,0.21843012311293955,0.7815698768870605,0.0,0.0,0.0,0.0,0.0,0.0,0.0,0.0,0.0
2009-08-12,0.0019830833166209244,122945.36693822766,0.0019830833166209244,0.2199769737628505,0.21997697376285058,1.0,0.21997697376285058,0.7800230262371495,0.0,0.0,0.0,0.0,0.0,0.0,0.0,0.0,0.0
2009-08-13,0.004031501958023461,123441.02142576905,0.004031501958023461,0.2231090113049454,0.22310901130494548,1.0,0.22310901130494548,0.7768909886950546,0.0,0.0,0.0,0.0,0.0,0.0,0.0,0.0,0.0
2009-08-14,-0.005621568337819131,122747.0892881339,-0.005621568337819131,0.2187169753909275,0.21871697539092752,1.0,0.21871697539092752,0.7812830246090725,0.0,0.0,0.0,0.0,0.0,0.0,0.0,0.0,0.0
2009-08-17,-0.008296422395838571,121728.7275875398,-0.008296422395838571,0.2121808953270493,0.21218089532704937,1.0,0.21218089532704937,0.7878191046729506,0.0,0.0,0.0,0.0,0.0,0.0,0.0,0.0,0.0
2009-08-18,0.0031835158874829964,122116.25292577781,0.0031835158874829964,0.2146809709328274,0.21468097093282745,1.0,0.21468097093282745,0.7853190290671725,0.0,0.0,0.0,0.0,0.0,0.0,0.0,0.0,0.0
2009-08-19,0.002804415506492476,122458.71763907763,0.002804415506492476,0.2168771727331029,0.21687717273310295,1.0,0.21687717273310295,0.7831228272668971,0.0,0.0,0.0,0.0,0.0,0.0,0.0,0.0,0.0
2009-08-20,0.00044148213386578075,122512.7809750514,0.00044148213386578075,0.2172227549016105,0.2172227549016106,1.0,0.2172227549016106,0.7827772450983894,0.0,0.0,0.0,0.0,0.0,0.0,0.0,0.0,0.0
2009-08-21,0.005737624807145835,123215.71334636629,0.005737624807145835,0.2216884147607681,0.22168841476076823,1.0,0.22168841476076823,0.7783115852392317,0.0,0.0,0.0,0.0,0.0,0.0,0.0,0.0,0.0
2009-08-24,-0.0017553004315372363,122999.43275155725,-0.0017553004315372363,0.2203198418426936,0.22031984184269368,1.0,0.22031984184269368,0.7796801581573063,0.0,0.0,0.0,0.0,0.0,0.0,0.0,0.0,0.0
2009-08-25,-0.0010990849835817275,122864.24592203094,-0.0010990849835817275,0.2194619642084407,0.21946196420844077,1.0,0.21946196420844077,0.7805380357915592,0.0,0.0,0.0,0.0,0.0,0.0,0.0,0.0,0.0
2009-08-26,-0.0008068367834393992,122765.1145290515,-0.0008068367834393992,0.2188316888809726,0.21883168888097274,1.0,0.21883168888097274,0.7811683111190273,0.0,0.0,0.0,0.0,0.0,0.0,0.0,0.0,0.0
2009-08-27,0.0015415832387066682,122954.36717190739,0.0015415832387066682,0.2200340712834444,0.22003407128344443,1.0,0.22003407128344443,0.7799659287165556,0.0,0.0,0.0,0.0,0.0,0.0,0.0,0.0,0.0
2009-08-28,0.0013926496519679956,123125.5995285573,0.0013926496519679956,0.2211187799434805,0.22111877994348053,1.0,0.22111877994348053,0.7788812200565195,0.0,0.0,0.0,0.0,0.0,0.0,0.0,0.0,0.0
2009-08-31,-0.0029277826941438174,122765.1145290515,-0.0029277826941438174,0.2188316888809726,0.21883168888097274,1.0,0.21883168888097274,0.7811683111190273,0.0,0.0,0.0,0.0,0.0,0.0,0.0,0.0,0.0
2009-09-01,-0.0064599870761419985,121972.05347579274,-0.0064599870761419985,0.2137525404536538,0.21375254045365383,1.0,0.21375254045365383,0.7862474595463462,0.0,0.0,0.0,0.0,0.0,0.0,0.0,0.0,0.0
2009-09-02,0.0019949314725705115,122215.37936404566,0.0019949314725705115,0.215317927416213,0.21531792741621308,1.0,0.21531792741621308,0.7846820725837869,0.0,0.0,0.0,0.0,0.0,0.0,0.0,0.0,0.0
2009-09-03,0.003097075363125382,122593.88960446906,0.003097075363125382,0.2177406435965046,0.2177406435965047,1.0,0.2177406435965047,0.7822593564034953,0.0,0.0,0.0,0.0,0.0,0.0,0.0,0.0,0.0
2009-09-04,0.003013976828705704,122963.38474707781,0.003013976828705704,0.2200912704359161,0.22009127043591617,1.0,0.22009127043591617,0.7799087295640839,0.0,0.0,0.0,0.0,0.0,0.0,0.0,0.0,0.0
2009-09-08,0.003004839480838185,123332.86998026333,0.003004839480838185,0.2224277502312254,0.22242775023122552,1.0,0.22242775023122552,0.7775722497687745,0.0,0.0,0.0,0.0,0.0,0.0,0.0,0.0,0.0
2009-09-09,0.0010230781445312901,123459.04914404247,0.0010230781445312901,0.223222454361331,0.22322245436133112,1.0,0.22322245436133112,0.7767775456386689,0.0,0.0,0.0,0.0,0.0,0.0,0.0,0.0,0.0
2009-09-10,0.0012409549303553761,123612.25625977475,0.0012409549303553761,0.2241852055555395,0.22418520555553959,1.0,0.22418520555553959,0.7758147944444604,0.0,0.0,0.0,0.0,0.0,0.0,0.0,0.0,0.0
2009-09-11,0.0002915815215931171,123648.29930954253,0.0002915815215931171,0.224411352873399,0.22441135287339914,1.0,0.22441135287339914,0.7755886471266009,0.0,0.0,0.0,0.0,0.0,0.0,0.0,0.0,0.0
2009-09-14,0.002842456782196982,123999.76425652206,0.002842456782196982,0.2266096814297047,0.22660968142970472,1.0,0.22660968142970472,0.7733903185702953,0.0,0.0,0.0,0.0,0.0,0.0,0.0,0.0,0.0
2009-09-15,0.005014737108424379,124621.59047577513,0.005014737108424379,0.230468678702709,0.2304686787027091,1.0,0.2304686787027091,0.769531321297291,0.0,0.0,0.0,0.0,0.0,0.0,0.0,0.0,0.0
2009-09-16,0.003181956148519373,125018.13091182779,0.003181956148519373,0.2329095269499014,0.23290952694990152,1.0,0.23290952694990152,0.7670904730500985,0.0,0.0,0.0,0.0,0.0,0.0,0.0,0.0,0.0
2009-09-17,-0.0010813377910892864,124882.94408230147,-0.0010813377910892864,0.2320791451089421,0.2320791451089422,1.0,0.2320791451089422,0.7679208548910578,0.0,0.0,0.0,0.0,0.0,0.0,0.0,0.0,0.0
2009-09-18,-0.00012317056083934133,124867.56218003957,-0.00012317056083934133,0.2319845482150125,0.2319845482150126,1.0,0.2319845482150126,0.7680154517849874,0.0,0.0,0.0,0.0,0.0,0.0,0.0,0.0,0.0
2009-09-21,-0.0025186777353591325,124553.06103130814,-0.002319141563671867,0.4302853284151372,0.4302853284151373,1.0,0.4302853284151373,0.5697146715848627,0.19953617168726565,0.0,0.0,0.19953617168726565,24.9155953253267,0.0,0.0,24.9155953253267,0.0
2009-09-22,0.0051254539500076,125191.4520099566,0.0051254539500076,0.4331904844853337,0.4331904844853338,1.0,0.4331904844853338,0.5668095155146662,0.0,0.0,0.0,0.0,0.0,0.0,0.0,0.0,0.0
2009-09-23,-0.005860445347819526,124457.7743474381,-0.005860445347819526,0.4298491465687875,0.4298491465687874,1.0,0.4298491465687874,0.5701508534312125,0.0,0.0,0.0,0.0,0.0,0.0,0.0,0.0,0.0
2009-09-24,-0.004818371902698252,123858.09050445005,-0.004818371902698252,0.427088646600832,0.4270886466008321,1.0,0.4270886466008321,0.5729113533991679,0.0,0.0,0.0,0.0,0.0,0.0,0.0,0.0,0.0
2009-09-25,-0.0037900351731287177,123388.66398496162,-0.0037900351731287177,0.4249090316028582,0.42490903160285826,1.0,0.42490903160285826,0.5750909683971417,0.0,0.0,0.0,0.0,0.0,0.0,0.0,0.0,0.0
2009-09-28,0.005858077706926837,124111.4843667394,0.005858077706926837,0.4282583386831398,0.42825833868313995,1.0,0.42825833868313995,0.57174166131686,0.0,0.0,0.0,0.0,0.0,0.0,0.0,0.0,0.0
2009-09-29,-0.003967829710894683,123619.03113160582,-0.003967829710894683,0.425980727960917,0.4259807279609171,1.0,0.4259807279609171,0.5740192720390829,0.0,0.0,0.0,0.0,0.0,0.0,0.0,0.0,0.0
2009-09-30,-0.0005365171856210731,123552.7073969339,-0.0005365171856210731,0.4256725914360493,0.42567259143604935,1.0,0.42567259143604935,0.5743274085639507,0.0,0.0,0.0,0.0,0.0,0.0,0.0,0.0,0.0
2009-10-01,-0.013868851549193588,121839.17323954485,-0.013868851549193588,0.4175953072101938,0.41759530721019383,1.0,0.41759530721019383,0.5824046927898061,0.0,0.0,0.0,0.0,0.0,0.0,0.0,0.0,0.0
2009-10-02,-0.0035313371371908605,121408.91804231942,-0.0035313371371908605,0.4155313513657478,0.41553135136574787,1.0,0.41553135136574787,0.5844686486342521,0.0,0.0,0.0,0.0,0.0,0.0,0.0,0.0,0.0
2009-10-05,0.004955079985782861,122010.50894220646,0.005357182644553376,0.8189333127133004,0.8189333127133004,1.0,0.8189333127133004,0.1810666872866996,0.4021026587705155,0.0,0.0,0.4021026587705155,48.81884874326825,0.0,0.0,48.81884874326825,0.0
2009-10-06,0.01738355248415609,124131.48502802191,0.01738355248415609,0.8220271137226592,0.8220271137226591,1.0,0.8220271137226591,0.17797288627734087,0.0,0.0,0.0,0.0,0.0,0.0,0.0,0.0,0.0
2009-10-07,0.006628485246959832,124954.28874521337,0.006628485246959832,0.8231990363021785,0.8231990363021787,1.0,0.8231990363021787,0.17680096369782128,0.0,0.0,0.0,0.0,0.0,0.0,0.0,0.0,0.0
2009-10-08,0.014246837772188041,126734.49222590556,0.014246837772188041,0.8256825093128531,0.8256825093128534,1.0,0.8256825093128534,0.17431749068714664,0.0,0.0,0.0,0.0,0.0,0.0,0.0,0.0,0.0
2009-10-09,0.0017370273338642185,126954.63350304535,0.0017370273338642185,0.8259847785090914,0.8259847785090915,1.0,0.8259847785090915,0.17401522149090853,0.0,0.0,0.0,0.0,0.0,0.0,0.0,0.0,0.0
2009-10-12,-0.0033945056897244866,126523.68527728238,-0.0032206643096136887,1.0,1.0,1.0,1.0,0.0,0.17384138011079792,0.0,0.0,0.17384138011079792,22.069968699629946,0.0,0.0,22.069968699629946,0.0
2009-10-13,0.0033660224894094364,126949.56684736867,0.0035931109039000564,0.7738997325091063,0.7738997325091062,1.0,0.7738997325091062,0.22610026749089385,0.22708841449062023,0.0,0.0,0.22708841449062023,28.732063085128285,0.0,0.0,28.732063085128285,0.0
2009-10-14,0.022211856131039574,129769.3523620802,0.022211856131039574,0.7788127127123543,0.7788127127123544,1.0,0.7788127127123544,0.22118728728764558,0.0,0.0,0.0,0.0,0.0,0.0,0.0,0.0,0.0
2009-10-15,-0.0031353491477709716,129362.48013374496,-0.0031353491477709716,0.7781170321381639,0.7781170321381639,1.0,0.7781170321381639,0.22188296786183614,0.0,0.0,0.0,0.0,0.0,0.0,0.0,0.0,0.0
2009-10-16,-0.015282210571094154,127385.53547234208,-0.015094771687779337,0.5845160748739816,0.5845160748739818,1.0,0.5845160748739818,0.41548392512601817,0.18743888331481648,0.0,0.0,0.18743888331481648,24.247558819104285,0.0,0.0,24.247558819104285,0.0
2009-10-19,0.015457044317227067,129354.53933951177,0.015863349022302027,0.9913606238736744,0.9913606238736742,1.0,0.9913606238736742,0.008639376126325815,0.40630470507495997,0.0,0.0,0.40630470507495997,51.7573424209058,0.0,0.0,51.7573424209058,0.0
2009-10-20,-0.006431388995447451,128522.60997869248,-0.006431388995447451,0.991304701023525,0.9913047010235249,1.0,0.9913047010235249,0.008695298976475141,0.0,0.0,0.0,0.0,0.0,0.0,0.0,0.0,0.0
2009-10-21,-0.004687464240096877,127920.16484037343,-0.004687464240096877,0.99126375016483,0.9912637501648299,1.0,0.9912637501648299,0.008736249835170073,0.0,0.0,0.0,0.0,0.0,0.0,0.0,0.0,0.0
2009-10-22,0.00613850950608889,128705.40398826651,0.00613850950608889,0.9913170505326762,0.991317050532676,1.0,0.991317050532676,0.008682949467323953,0.0,0.0,0.0,0.0,0.0,0.0,0.0,0.0,0.0
2009-10-23,-0.01036233294990457,127371.71573968812,-0.01036233294990457,0.991226132799486,0.9912261327994862,1.0,0.9912261327994862,0.008773867200513763,0.0,0.0,0.0,0.0,0.0,0.0,0.0,0.0,0.0
2009-10-26,-0.007306192072102852,126441.1135199407,-0.007306192072102852,0.9911615574405284,0.9911615574405283,1.0,0.9911615574405283,0.008838442559471749,0.0,0.0,0.0,0.0,0.0,0.0,0.0,0.0,0.0
2009-10-27,-0.005543504132389322,125740.186684639,-0.005543504132389322,0.9911122883744043,0.9911122883744046,1.0,0.9911122883744046,0.00888771162559543,0.0,0.0,0.0,0.0,0.0,0.0,0.0,0.0,0.0
2009-10-28,-0.02806082620730128,122211.81315880771,-0.02806082620730128,0.990855691523458,0.990855691523458,1.0,0.990855691523458,0.009144308476542018,0.0,0.0,0.0,0.0,0.0,0.0,0.0,0.0,0.0
2009-10-29,0.02414928200332378,125163.14069891727,0.02414928200332378,0.9910713129060104,0.9910713129060107,1.0,0.9910713129060107,0.008928687093989307,0.0,0.0,0.0,0.0,0.0,0.0,0.0,0.0,0.0
2009-10-30,-0.027802723106004103,121683.26455498746,-0.027802723106004103,0.9908159719161987,0.990815971916199,1.0,0.990815971916199,0.009184028083801032,0.0,0.0,0.0,0.0,0.0,0.0,0.0,0.0,0.0
2009-11-02,0.016681279136488283,123713.09705726836,0.016681279136488283,0.9909666595891272,0.9909666595891271,1.0,0.9909666595891271,0.009033340410872892,0.0,0.0,0.0,0.0,0.0,0.0,0.0,0.0,0.0
2009-11-03,-0.002006475903977493,123464.86970901651,-0.002006475903977493,0.9909484979684062,0.9909484979684063,1.0,0.9909484979684063,0.009051502031593661,0.0,0.0,0.0,0.0,0.0,0.0,0.0,0.0,0.0
2009-11-04,0.008569891306783834,124522.950222629,0.008569891306783834,0.9910254092357784,0.9910254092357783,1.0,0.9910254092357783,0.00897459076422169,0.0,0.0,0.0,0.0,0.0,0.0,0.0,0.0,0.0
2009-11-05,0.016331387896364964,126556.5828247145,0.016331387896364964,0.9911696215711712,0.9911696215711714,1.0,0.9911696215711714,0.008830378428828611,0.0,0.0,0.0,0.0,0.0,0.0,0.0,0.0,0.0
2009-11-06,-0.0030619915878617914,126169.06763271669,-0.0030619915878617914,0.9911424999806224,0.9911424999806228,1.0,0.9911424999806228,0.00885750001937724,0.0,0.0,0.0,0.0,0.0,0.0,0.0,0.0,0.0
2009-11-09,0.025706182264412323,129412.39268141426,0.025706182264412323,0.9913644860755122,0.9913644860755123,1.0,0.9913644860755123,0.008635513924487692,0.0,0.0,0.0,0.0,0.0,0.0,0.0,0.0,0.0
2009-11-10,-0.007073693249595826,128496.9691128897,-0.00687976528571243,0.7961887519061668,0.7961887519061667,1.0,0.7961887519061667,0.20381124809383333,0.19392796388339578,0.0,0.0,0.19392796388339578,25.096681813985136,0.0,0.0,25.096681813985136,0.0
2009-11-11,0.002138771051863496,128771.79471068054,0.002138771051863496,0.7966237271910864,0.7966237271910863,1.0,0.7966237271910863,0.20337627280891368,0.0,0.0,0.0,0.0,0.0,0.0,0.0,0.0,0.0
2009-11-12,-0.01492803211399392,126849.48522386285,-0.01492803211399392,0.7935417112260689,0.7935417112260689,1.0,0.7935417112260689,0.20645828877393113,0.0,0.0,0.0,0.0,0.0,0.0,0.0,0.0,0.0
2009-11-13,0.01196355684290912,128367.05625083229,0.01196355684290912,0.7959824863475984,0.7959824863475984,1.0,0.7959824863475984,0.20401751365240162,0.0,0.0,0.0,0.0,0.0,0.0,0.0,0.0,0.0
2009-11-16,0.015141438769980036,130310.71817313685,0.01534450767151434,0.9992655770042568,0.999265577004257,1.0,0.999265577004257,0.0007344229957430004,0.20306890153430288,0.0,0.0,0.20306890153430288,26.06735710604858,0.0,0.0,26.06735710604858,0.0
2009-11-17,-0.00649532846875499,129464.30725560297,-0.006304692953638515,0.8075708065846885,0.8075708065846886,1.0,0.8075708065846886,0.1924291934153114,0.19063551511647492,0.0,0.0,0.19063551511647492,24.841850884133734,0.0,0.0,24.841850884133734,0.0
2009-11-18,-0.009269743028561962,128264.20639597274,-0.009072767797644389,0.6071509410727643,0.6071509410727642,1.0,0.6071509410727642,0.39284905892723576,0.1969752309175739,0.0,0.0,0.1969752309175739,25.501261817256133,0.0,0.0,25.501261817256133,0.0
2009-11-19,-0.01223211718099036,126695.26359321046,-0.01223211718099036,0.6022860575238828,0.6022860575238828,1.0,0.6022860575238828,0.39771394247611724,0.0,0.0,0.0,0.0,0.0,0.0,0.0,0.0,0.0
2009-11-20,-0.0014033960432598945,126517.45996158398,-0.0014033960432598945,0.6017271229440848,0.6017271229440847,1.0,0.6017271229440847,0.3982728770559153,0.0,0.0,0.0,0.0,0.0,0.0,0.0,0.0,0.0
2009-11-23,0.012731798779034487,128128.25480384944,0.013129673781088348,1.0,1.0,1.0,1.0,0.0,0.39787500205386134,0.0,0.0,0.39787500205386134,50.338134642064546,0.0,0.0,50.338134642064546,0.0
2009-11-24,-0.01145682741148071,126660.31150202753,-0.01145682741148071,1.0,1.0,1.0,1.0,0.0,0.0,0.0,0.0,0.0,0.0,0.0,0.0,0.0,0.0
2009-11-25,0.01026765540184759,127960.81593362101,0.01026765540184759,1.0,1.0,1.0,1.0,0.0,0.0,0.0,0.0,0.0,0.0,0.0,0.0,0.0,0.0
2009-11-27,-0.029623749864666628,124170.13672992476,-0.029623749864666628,1.0,1.0000000000000002,1.0,1.0000000000000002,-2.220446049250313e-16,0.0,0.0,0.0,0.0,0.0,0.0,0.0,0.0,0.0
2009-11-30,0.015642386632709383,126112.45401689062,0.015642386632709383,1.0,0.9999999999999998,1.0,0.9999999999999998,2.220446049250313e-16,0.0,0.0,0.0,0.0,0.0,0.0,0.0,0.0,0.0
2009-12-01,0.030624083451372137,129974.53233296121,0.030624083451372137,1.0,1.0000000000000002,1.0,1.0000000000000002,-2.220446049250313e-16,0.0,0.0,0.0,0.0,0.0,0.0,0.0,0.0,0.0
2009-12-02,-9.257991370683533e-05,129962.49930197374,-9.257991370683533e-05,1.0,0.9999999999999998,1.0,0.9999999999999998,2.220446049250313e-16,0.0,0.0,0.0,0.0,0.0,0.0,0.0,0.0,0.0
2009-12-03,0.0011439696258306329,130111.17245367223,0.0011439696258306329,1.0,1.0000000000000002,1.0,1.0000000000000002,-2.220446049250313e-16,0.0,0.0,0.0,0.0,0.0,0.0,0.0,0.0,0.0
2009-12-04,0.007630765244057882,131104.02026629532,0.007630765244057882,1.0,1.0,1.0,1.0,0.0,0.0,0.0,0.0,0.0,0.0,0.0,0.0,0.0,0.0
2009-12-07,-0.011121252009839462,129645.97941741077,-0.011121252009839462,1.0,1.0000000000000002,1.0,1.0000000000000002,-2.220446049250313e-16,0.0,0.0,0.0,0.0,0.0,0.0,0.0,0.0,0.0
2009-12-08,-0.01123597040377035,128189.28102970892,-0.01123597040377035,1.0,1.0,1.0,1.0,0.0,0.0,0.0,0.0,0.0,0.0,0.0,0.0,0.0,0.0
2009-12-09,0.0016644871485830847,128402.65044056898,0.0016644871485830847,1.0,1.0,1.0,1.0,0.0,0.0,0.0,0.0,0.0,0.0,0.0,0.0,0.0,0.0
2009-12-10,-0.002776026443244556,128046.20128756325,-0.002776026443244556,1.0,1.0000000000000002,1.0,1.0000000000000002,-2.220446049250313e-16,0.0,0.0,0.0,0.0,0.0,0.0,0.0,0.0,0.0
2009-12-11,0.0036212803142153223,128509.89247559595,0.0036212803142153223,1.0,0.9999999999999997,1.0,0.9999999999999997,3.3306690738754696e-16,0.0,0.0,0.0,0.0,0.0,0.0,0.0,0.0,0.0
2009-12-14,0.0033025488413167318,128934.30267208896,0.0033025488413167318,1.0,1.0,1.0,1.0,0.0,0.0,0.0,0.0,0.0,0.0,0.0,0.0,0.0,0.0
2009-12-15,-0.00964191442614985,127691.12915912938,-0.00964191442614985,1.0,1.0,1.0,1.0,0.0,0.0,0.0,0.0,0.0,0.0,0.0,0.0,0.0,0.0
2009-12-16,0.004104360089810736,128215.21953347299,0.004104360089810736,1.0,1.0000000000000002,1.0,1.0000000000000002,-2.220446049250313e-16,0.0,0.0,0.0,0.0,0.0,0.0,0.0,0.0,0.0
2009-12-17,-0.0220408968145634,125389.2411096791,-0.0220408968145634,1.0,1.0000000000000002,1.0,1.0000000000000002,-2.220446049250313e-16,0.0,0.0,0.0,0.0,0.0,0.0,0.0,0.0,0.0
2009-12-18,-0.002872621087305289,125029.04533154624,-0.002872621087305289,1.0,1.0000000000000002,1.0,1.0000000000000002,-2.220446049250313e-16,0.0,0.0,0.0,0.0,0.0,0.0,0.0,0.0,0.0
2009-12-21,-0.0005139419254324809,124964.78766325356,-0.0005139419254324809,1.0,1.0,1.0,1.0,0.0,0.0,0.0,0.0,0.0,0.0,0.0,0.0,0.0,0.0
2009-12-22,0.004572482382826458,125536.18695331743,0.004572482382826458,1.0,1.0000000000000002,1.0,1.0000000000000002,-2.220446049250313e-16,0.0,0.0,0.0,0.0,0.0,0.0,0.0,0.0,0.0
2009-12-23,0.007305047277990856,126453.2347341101,0.007305047277990856,1.0,0.9999999999999998,1.0,0.9999999999999998,2.220446049250313e-16,0.0,0.0,0.0,0.0,0.0,0.0,0.0,0.0,0.0
2009-12-24,0.010729666908576671,127810.03582231913,0.010729666908576671,1.0,1.0,1.0,1.0,0.0,0.0,0.0,0.0,0.0,0.0,0.0,0.0,0.0,0.0
2009-12-28,-0.0029805783208517013,127429.08800035983,-0.0029805783208517013,1.0,1.0000000000000002,1.0,1.0000000000000002,-2.220446049250313e-16,0.0,0.0,0.0,0.0,0.0,0.0,0.0,0.0,0.0
2009-12-29,-0.00028139809478047376,127393.22969777693,-0.00028139809478047376,1.0,1.0,1.0,1.0,0.0,0.0,0.0,0.0,0.0,0.0,0.0,0.0,0.0,0.0
2009-12-30,-0.004163938938813141,126862.7720680972,-0.004163938938813141,1.0,1.0,1.0,1.0,0.0,0.0,0.0,0.0,0.0,0.0,0.0,0.0,0.0,0.0
2009-12-31,-0.0008065426305126276,126760.45183419927,-0.0004025448246104413,0.5960804135379352,0.5960804135379353,1.0,0.5960804135379353,0.4039195864620647,0.4039978059021863,0.0,0.0,0.4039978059021863,51.252281566180436,0.0,0.0,51.252281566180436,0.0
2010-01-04,0.015932699947682833,128780.08807850625,0.015932699947682833,0.602415015794978,0.602415015794978,1.0,0.602415015794978,0.397584984205022,0.0,0.0,0.0,0.0,0.0,0.0,0.0,0.0,0.0
2010-01-05,0.0038479446943707513,129275.62673516852,0.0038479446943707513,0.603939036478209,0.6039390364782091,1.0,0.6039390364782091,0.3960609635217909,0.0,0.0,0.0,0.0,0.0,0.0,0.0,0.0,0.0
2010-01-06,0.002055674737356096,129541.37537520389,0.002055674737356096,0.6047515387549693,0.6047515387549693,1.0,0.6047515387549693,0.39524846124503066,0.0,0.0,0.0,0.0,0.0,0.0,0.0,0.0,0.0
2010-01-07,-0.0052136982671800195,128865.98573088208,-0.004818844659542626,1.0,1.0,1.0,1.0,0.0,0.39485360763739324,0.0,0.0,0.39485360763739324,51.149879405209035,0.0,0.0,51.149879405209035,0.0
2010-01-08,0.007910029016988385,129885.31941731618,0.008095705654319486,0.815964763368138,0.815964763368138,1.0,0.815964763368138,0.18403523663186205,0.18567663733109957,0.0,0.0,0.18567663733109957,23.927402896867648,0.0,0.0,23.927402896867648,0.0
2010-01-11,0.002186549514585123,130169.32009943985,0.002186549514585123,0.8163662875729069,0.8163662875729067,1.0,0.8163662875729067,0.18363371242709325,0.0,0.0,0.0,0.0,0.0,0.0,0.0,0.0,0.0
2010-01-12,-0.006283515273013964,129351.39918851717,-0.006283515273013964,0.8152051261607633,0.8152051261607635,1.0,0.8152051261607635,0.18479487383923654,0.0,0.0,0.0,0.0,0.0,0.0,0.0,0.0,0.0
2010-01-13,-0.0018816120117583605,129108.0100420663,-0.0018816120117583605,0.8148567584134982,0.8148567584134985,1.0,0.8148567584134985,0.18514324158650153,0.0,0.0,0.0,0.0,0.0,0.0,0.0,0.0,0.0
2010-01-14,0.003954086058758569,129618.51422464769,0.003954086058758569,0.8155859474477344,0.8155859474477344,1.0,0.8155859474477344,0.18441405255226562,0.0,0.0,0.0,0.0,0.0,0.0,0.0,0.0,0.0
2010-01-15,-0.007088092763363822,128699.766171974,-0.007088092763363822,0.8142694722379685,0.8142694722379685,1.0,0.8142694722379685,0.18573052776203147,0.0,0.0,0.0,0.0,0.0,0.0,0.0,0.0,0.0
2010-01-19,0.008173996531054257,129751.75761421122,0.008173996531054257,0.8157753240997121,0.8157753240997121,1.0,0.8157753240997121,0.1842246759002879,0.0,0.0,0.0,0.0,0.0,0.0,0.0,0.0,0.0
2010-01-20,-0.0219445559565625,126904.41290878382,-0.0219445559565625,0.8116418889928432,0.8116418889928432,1.0,0.8116418889928432,0.18835811100715683,0.0,0.0,0.0,0.0,0.0,0.0,0.0,0.0,0.0
2010-01-21,-0.008149837977576202,125870.1625049378,-0.008149837977576202,0.810094187389064,0.810094187389064,1.0,0.810094187389064,0.18990581261093598,0.0,0.0,0.0,0.0,0.0,0.0,0.0,0.0,0.0
2010-01-22,-0.01169260833349093,124398.41199389473,-0.01169260833349093,0.8078474225607967,0.8078474225607968,1.0,0.8078474225607968,0.19215257743920322,0.0,0.0,0.0,0.0,0.0,0.0,0.0,0.0,0.0
2010-01-25,0.008753857802701836,125487.37800337118,0.008753857802701836,0.8095149020220296,0.8095149020220296,1.0,0.8095149020220296,0.19048509797797042,0.0,0.0,0.0,0.0,0.0,0.0,0.0,0.0,0.0
2010-01-26,-0.01160961010514383,124030.51847163524,-0.01160961010514383,0.8072774685736939,0.8072774685736939,1.0,0.8072774685736939,0.19272253142630613,0.0,0.0,0.0,0.0,0.0,0.0,0.0,0.0,0.0
2010-01-27,-0.005763064369165357,123315.72260994226,-0.005763064369165357,0.8061603582409405,0.8061603582409405,1.0,0.8061603582409405,0.19383964175905954,0.0,0.0,0.0,0.0,0.0,0.0,0.0,0.0,0.0
2010-01-28,-0.0032987585803703496,122908.93381188814,-0.003115219640755305,0.8055546181684045,0.621442127706966,1.0,0.621442127706966,0.37855787229303395,0.0,0.0,0.18353893961504456,0.18353893961504456,0.0,0.0,22.633236965691776,22.633236965691776,1.0
2010-01-29,-0.008962723197669352,121807.33505961152,-0.008782119673958167,0.6214675521138969,0.43627961541299864,1.0,0.43627961541299864,0.5637203845870014,0.18060352371118493,0.0,0.0,0.18060352371118493,22.197786542011798,0.0,0.0,22.197786542011798,1.0
2010-02-01,0.004433662586505244,122347.38768382724,0.004433662586505244,0.6252995689204531,0.43625178282888455,1.0,0.43625178282888455,0.5637482171711155,0.0,0.0,0.0,0.0,0.0,0.0,0.0,0.0,1.0
2010-02-02,0.008338855150282098,123367.62482773808,0.008338855150282098,0.6288907567299398,0.44032961144465543,1.0,0.44032961144465543,0.5596703885553446,0.0,0.0,0.0,0.0,0.0,0.0,0.0,0.0,1.0
2010-02-03,-0.004346716316081301,122831.38076002315,-0.004346716316081301,0.6272706077993783,0.4378862624903288,1.0,0.4378862624903288,0.5621137375096712,0.0,0.0,0.0,0.0,0.0,0.0,0.0,0.0,1.0
2010-02-04,-0.008294990221545406,121812.49565771983,-0.008294990221545406,0.6208452136217377,0.43699689500034233,1.0,0.43699689500034233,0.5630031049996577,0.0,0.0,0.0,0.0,0.0,0.0,0.0,0.0,1.0
2010-02-05,-0.0008882646075603907,121704.29392906847,-0.0008882646075603907,0.6196798140355794,0.4374490877353744,1.0,0.4374490877353744,0.5625509122646256,0.0,0.0,0.0,0.0,0.0,0.0,0.0,0.0,1.0
2010-02-08,-0.0031181812706530644,121324.7978791808,-0.0031181812706530644,0.6177462191109151,0.43653909858114925,1.0,0.43653909858114925,0.5634609014188507,0.0,0.0,0.0,0.0,0.0,0.0,0.0,0.0,1.0
2010-02-09,0.0026863728434332965,121650.72152143845,0.0026863728434332965,0.6211465457634623,0.43531835486581666,1.0,0.43531835486581666,0.5646816451341834,0.0,0.0,0.0,0.0,0.0,0.0,0.0,0.0,1.0
2010-02-10,0.0,121650.72152143845,0.0,0.6214574604702401,0.4349611009536651,1.0,0.4349611009536651,0.5650388990463349,0.0,0.0,0.0,0.0,0.0,0.0,0.0,0.0,1.0
2010-02-11,0.0022168903937909604,121920.40783737706,0.0022168903937909604,0.6241955777701399,0.4340157453744383,1.0,0.4340157453744383,0.5659842546255617,0.0,0.0,0.0,0.0,0.0,0.0,0.0,0.0,1.0
2010-02-12,-0.0030165907341431863,121552.62386479187,-0.0026411617409065626,1.0,0.8122513523357499,1.0,0.8122513523357499,0.18774864766425015,0.37542899323662354,0.0,0.0,0.37542899323662354,45.77245596938502,0.0,0.0,45.77245596938502,1.0
2010-02-16,0.012381271365853945,123057.59988609343,0.012381271365853945,1.0,0.8120317790070734,1.0,0.8120317790070734,0.18796822099292665,0.0,0.0,0.0,0.0,0.0,0.0,0.0,0.0,1.0
2010-02-17,-0.003034571644914414,122684.17278278786,-0.003034571644914414,1.0,0.8109186052053518,1.0,0.8109186052053518,0.18908139479464825,0.0,0.0,0.0,0.0,0.0,0.0,0.0,0.0,1.0
2010-02-18,0.001987880195840983,122928.05422020592,0.001987880195840983,1.0,0.8112551444430726,1.0,0.8112551444430726,0.18874485555692744,0.0,0.0,0.0,0.0,0.0,0.0,0.0,0.0,1.0
2010-02-19,-0.004887745113397521,122327.21322389164,-0.004887745113397521,1.0,0.8129686111829222,1.0,0.8129686111829222,0.18703138881707781,0.0,0.0,0.0,0.0,0.0,0.0,0.0,0.0,1.0
2010-02-22,0.003643802076805637,122772.9493774867,0.003643802076805637,1.0,0.8131429321617655,1.0,0.8131429321617655,0.18685706783823453,0.0,0.0,0.0,0.0,0.0,0.0,0.0,0.0,1.0
2010-02-23,-0.0037573996768794408,122311.64233716621,-0.003326180878835322,0.5665288316027615,0.38095642736599633,1.0,0.38095642736599633,0.6190435726340037,0.43121879804411883,0.0,0.0,0.43121879804411883,52.94200366289126,0.0,0.0,52.94200366289126,1.0
2010-02-24,0.0010848938103639036,122444.33748087322,0.0010848938103639036,0.5683855698955603,0.38040487842727866,1.0,0.38040487842727866,0.6195951215727213,0.0,0.0,0.0,0.0,0.0,0.0,0.0,0.0,1.0
2010-02-25,0.0029478122298551837,122805.28039637586,0.0029478122298551837,0.568976120881382,0.3828281731859959,1.0,0.3828281731859959,0.6171718268140041,0.0,0.0,0.0,0.0,0.0,0.0,0.0,0.0,1.0
2010-02-26,0.004814025831290016,123396.46818842282,0.004814025831290016,0.5722605631055799,0.38468832924808244,1.0,0.38468832924808244,0.6153116707519175,0.0,0.0,0.0,0.0,0.0,0.0,0.0,0.0,1.0
2010-03-01,3.606487011572333e-05,123400.91846602077,0.00043809505407224863,0.974813018568192,0.7834166186035227,1.0,0.7834166186035227,0.21658338139647726,0.4020301839565253,0.0,0.0,0.4020301839565253,49.60910480537715,0.0,0.0,49.60910480537715,1.0
2010-03-02,0.008919518195124926,124501.59520357358,0.008919518195124926,0.9750718062292544,0.7841951526885587,1.0,0.7841951526885587,0.21580484731144134,0.0,0.0,0.0,0.0,0.0,0.0,0.0,0.0,1.0
2010-03-03,0.006328398129924234,125289.49086583246,0.006328398129924234,0.9752147748383944,0.7859897264430671,1.0,0.7859897264430671,0.21401027355693292,0.0,0.0,0.0,0.0,0.0,0.0,0.0,0.0,1.0
2010-03-04,0.0032433175090806282,125695.84446526141,0.0032433175090806282,0.9752238542572238,0.7889439290736944,1.0,0.7889439290736944,0.21105607092630563,0.0,0.0,0.0,0.0,0.0,0.0,0.0,0.0,1.0
2010-03-05,0.0056628997517502435,126407.64743167978,0.0056628997517502435,0.9754787309396672,0.7864325649798664,1.0,0.7864325649798664,0.21356743502013364,0.0,0.0,0.0,0.0,0.0,0.0,0.0,0.0,1.0
2010-03-08,-0.0023836377172555515,126106.33739551209,-0.0023836377172555515,0.9754359655031096,0.7854163195690426,1.0,0.7854163195690426,0.21458368043095744,0.0,0.0,0.0,0.0,0.0,0.0,0.0,0.0,1.0
2010-03-09,-0.002149289629961878,125835.29835227545,-0.002149289629961878,0.9753932633417376,0.7846286627406454,1.0,0.7846286627406454,0.21537133725935464,0.0,0.0,0.0,0.0,0.0,0.0,0.0,0.0,1.0
2010-03-10,-0.003571019324539446,125385.93807015028,-0.003571019324539446,0.9753164886500484,0.7834945963773087,1.0,0.7834945963773087,0.21650540362269133,0.0,0.0,0.0,0.0,0.0,0.0,0.0,0.0,1.0
2010-03-11,0.004841016367057205,125992.9334485467,0.004841016367057205,0.975417318823308,0.785115324702969,1.0,0.785115324702969,0.21488467529703104,0.0,0.0,0.0,0.0,0.0,0.0,0.0,0.0,1.0
2010-03-12,0.0020182203233412087,126247.21494742992,0.0020182203233412087,0.9754544311344684,0.7859452147202042,1.0,0.7859452147202042,0.21405478527979582,0.0,0.0,0.0,0.0,0.0,0.0,0.0,0.0,1.0
2010-03-15,-0.0005982911749437543,126171.68235286564,-0.0005982911749437543,0.9753842765011624,0.7875915537569677,1.0,0.7875915537569677,0.21240844624303235,0.0,0.0,0.0,0.0,0.0,0.0,0.0,0.0,1.0
2010-03-16,0.011239333895320853,127589.76801896386,0.011239333895320853,0.9756811391656176,0.7891970832358228,1.0,0.7891970832358228,0.21080291676417717,0.0,0.0,0.0,0.0,0.0,0.0,0.0,0.0,1.0
2010-03-17,0.003394862148891725,128022.91769299732,0.003394862148891725,0.9758357839377236,0.7875518161779295,1.0,0.7875518161779295,0.21244818382207054,0.0,0.0,0.0,0.0,0.0,0.0,0.0,0.0,1.0
2010-03-18,-0.003437330660511637,127582.86059276303,-0.003437330660511637,0.9757304023110012,0.7875340568292963,1.0,0.7875340568292963,0.21246594317070366,0.0,0.0,0.0,0.0,0.0,0.0,0.0,0.0,1.0
2010-03-19,-0.009582217434926217,126360.3338815933,-0.009582217434926217,0.975457314047925,0.7867055698558091,1.0,0.7867055698558091,0.21329443014419092,0.0,0.0,0.0,0.0,0.0,0.0,0.0,0.0,1.0
2010-03-22,0.0055502277818893,127061.66251723171,0.0055502277818893,0.975596125565642,0.7877748606324796,1.0,0.7877748606324796,0.2122251393675204,0.0,0.0,0.0,0.0,0.0,0.0,0.0,0.0,1.0
2010-03-23,0.006031817507679779,127828.07527775803,0.006031817507679779,0.9757567561451164,0.7885817034320165,1.0,0.7885817034320165,0.2114182965679835,0.0,0.0,0.0,0.0,0.0,0.0,0.0,0.0,1.0
2010-03-24,-0.00960647179422025,126600.0984780928,-0.00960647179422025,0.9754676414080276,0.7882649628570026,1.0,0.7882649628570026,0.21173503714299735,0.0,0.0,0.0,0.0,0.0,0.0,0.0,0.0,1.0
2010-03-25,-0.009003438104103558,125460.26232747188,-0.009003438104103558,0.9751595675716268,0.7890473790803595,1.0,0.7890473790803595,0.2109526209196405,0.0,0.0,0.0,0.0,0.0,0.0,0.0,0.0,1.0
2010-03-26,0.007237680606252286,126368.30363497473,0.007237680606252286,0.9754299496927848,0.7876176886935632,1.0,0.7876176886935632,0.2123823113064368,0.0,0.0,0.0,0.0,0.0,0.0,0.0,0.0,1.0
2010-03-29,0.009143543140909434,127523.75767090467,0.009143543140909434,0.9757399315004932,0.7867090958450168,1.0,0.7867090958450168,0.2132909041549832,0.0,0.0,0.0,0.0,0.0,0.0,0.0,0.0,1.0
2010-03-30,1.3405579294069416e-05,127525.46720075,1.3405579294069416e-05,0.9758105677156804,0.784431860740245,1.0,0.784431860740245,0.21556813925975504,0.0,0.0,0.0,0.0,0.0,0.0,0.0,0.0,1.0
2010-03-31,0.001426265291747108,127707.35234843226,0.001426265291747108,0.9758275313362564,0.7853070176421788,1.0,0.7853070176421788,0.2146929823578212,0.0,0.0,0.0,0.0,0.0,0.0,0.0,0.0,1.0
2010-04-01,0.01161904220636102,129191.18946543134,0.01161904220636102,0.9762295791620096,0.7836712121908596,1.0,0.7836712121908596,0.21632878780914044,0.0,0.0,0.0,0.0,0.0,0.0,0.0,0.0,1.0
2010-04-05,0.0048022026858042955,129811.59174246449,0.0048022026858042955,0.9763975415859214,0.7829020408208386,1.0,0.7829020408208386,0.21709795917916141,0.0,0.0,0.0,0.0,0.0,0.0,0.0,0.0,1.0
2010-04-06,-0.0007237443856853933,129717.64133174399,-0.0007237443856853933,0.9763856667199132,0.7825718258845765,1.0,0.7825718258845765,0.21742817411542348,0.0,0.0,0.0,0.0,0.0,0.0,0.0,0.0,1.0
2010-04-07,0.0013762822575652408,129896.16942000206,0.0013762822575652408,0.7839905321238981,0.7839905321238982,1.0,0.7839905321238982,0.21600946787610176,0.0,0.0,0.0,0.0,0.0,0.0,0.0,0.0,0.0
2010-04-08,0.00041177259388453527,129949.6571026198,0.00041177259388453527,0.7840794422920186,0.7840794422920186,1.0,0.7840794422920186,0.21592055770798135,0.0,0.0,0.0,0.0,0.0,0.0,0.0,0.0,0.0
2010-04-09,0.004574263581995875,130544.08108659716,0.004574263581995875,0.7850626225102796,0.7850626225102796,1.0,0.7850626225102796,0.21493737748972042,0.0,0.0,0.0,0.0,0.0,0.0,0.0,0.0,0.0
2010-04-12,-0.0029495631786832298,130159.0330718291,-0.0029495631786832298,0.7844267756654724,0.7844267756654724,1.0,0.7844267756654724,0.21557322433452764,0.0,0.0,0.0,0.0,0.0,0.0,0.0,0.0,0.0
2010-04-13,-0.0007181923830446384,130065.55384569247,-0.0005182960422530891,0.98451188935472,0.9845118893547201,1.0,0.9845118893547201,0.015488110645279884,0.19989634079154942,0.0,0.0,0.19989634079154942,26.018314432024898,0.0,0.0,26.018314432024898,0.0
2010-04-14,0.006171266154762804,130868.22299604089,0.006171266154762804,0.9846068843682348,0.9846068843682347,1.0,0.9846068843682347,0.015393115631765264,0.0,0.0,0.0,0.0,0.0,0.0,0.0,0.0,0.0
2010-04-15,0.00018061105646486667,130891.85924405386,0.00018061105646486667,0.984609664033073,0.984609664033073,1.0,0.984609664033073,0.01539033596692696,0.0,0.0,0.0,0.0,0.0,0.0,0.0,0.0,0.0
2010-04-16,-0.017145609328675707,128647.63856115131,-0.017145609328675707,0.9843411840929818,0.9843411840929818,1.0,0.9843411840929818,0.01565881590701823,0.0,0.0,0.0,0.0,0.0,0.0,0.0,0.0,0.0
2010-04-19,-0.0005912937222422339,128571.57002008881,-0.0005912937222422339,0.9843319196554344,0.9843319196554344,1.0,0.9843319196554344,0.01566808034456557,0.0,0.0,0.0,0.0,0.0,0.0,0.0,0.0,0.0
2010-04-20,0.0037520915219937966,129053.98231793061,0.0037520915219937966,0.9843904879731727,0.9843904879731727,1.0,0.9843904879731727,0.015609512026827255,0.0,0.0,0.0,0.0,0.0,0.0,0.0,0.0,0.0
2010-04-21,0.003074887115252925,129450.80874533208,0.003278201313324124,0.7819500829803704,0.7819500829803704,1.0,0.7819500829803704,0.2180499170196296,0.20331419807119913,0.0,0.0,0.20331419807119913,26.238506922864776,0.0,0.0,26.238506922864776,0.0
2010-04-22,0.0019139408213526769,129698.56993254689,0.0019139408213526769,0.7823666203896956,0.7823666203896955,1.0,0.7823666203896955,0.2176333796103045,0.0,0.0,0.0,0.0,0.0,0.0,0.0,0.0,0.0
2010-04-23,0.006288432734616968,130514.17066534371,0.006288432734616968,0.7837266408609312,0.7837266408609312,1.0,0.7837266408609312,0.21627335913906875,0.0,0.0,0.0,0.0,0.0,0.0,0.0,0.0,0.0
2010-04-26,0.002160396442068846,130796.1330152887,0.002160396442068846,0.7841928698171514,0.7841928698171514,1.0,0.7841928698171514,0.21580713018284858,0.0,0.0,0.0,0.0,0.0,0.0,0.0,0.0,0.0
2010-04-27,-0.013315119309071026,129054.566899025,-0.013117742857642554,0.9815206428518692,0.9815206428518691,1.0,0.9815206428518691,0.01847935714813087,0.19737645142847152,0.0,0.0,0.19737645142847152,25.816076595124027,0.0,0.0,25.816076595124027,0.0
2010-04-28,0.004486878542934487,129633.61906611193,0.004689736979861852,0.7798528379391696,0.7798528379391696,1.0,0.7798528379391696,0.2201471620608304,0.20285843692736544,0.0,0.0,0.20285843692736544,26.17980771947433,0.0,0.0,26.17980771947433,0.0
2010-04-29,0.01180521201365226,131163.9714232844,0.01180521201365226,0.782421399448316,0.782421399448316,1.0,0.782421399448316,0.217578600551684,0.0,0.0,0.0,0.0,0.0,0.0,0.0,0.0,0.0
2010-04-30,-0.005295851310876992,130469.34653328259,-0.005101377085556435,0.5859488952673105,0.5859488952673105,1.0,0.5859488952673105,0.41405110473268947,0.19447422532055733,0.0,0.0,0.19447422532055733,25.508011732510955,0.0,0.0,25.508011732510955,0.0
2010-05-03,0.005541207350348083,131192.3042352879,0.005541207350348083,0.5882305949213806,0.5882305949213806,1.0,0.5882305949213806,0.41176940507861937,0.0,0.0,0.0,0.0,0.0,0.0,0.0,0.0,0.0
2010-05-04,-0.012845320176979815,129507.0970826299,-0.01245033981489218,0.983392610130932,0.983392610130932,1.0,0.983392610130932,0.016607389869067957,0.39498036208763576,0.0,0.0,0.39498036208763576,51.81838382996529,0.0,0.0,51.81838382996529,0.0
2010-05-05,-0.00849644232649488,128406.74750139558,-0.00849644232649488,0.9832502972475096,0.9832502972475095,1.0,0.9832502972475095,0.016749702752490547,0.0,0.0,0.0,0.0,0.0,0.0,0.0,0.0,0.0
2010-05-06,-0.015550485406617924,126409.96024826386,-0.015550485406617924,0.9829857168862448,0.9829857168862449,1.0,0.9829857168862449,0.01701428311375508,0.0,0.0,0.0,0.0,0.0,0.0,0.0,0.0,0.0
2010-05-07,-0.0006257596259800187,126330.85799881876,-0.0004032653252904967,0.760564081166397,0.760564081166397,1.0,0.760564081166397,0.23943591883360305,0.22249430068952197,0.0,0.0,0.22249430068952197,28.12549570562774,0.0,0.0,28.12549570562774,0.0
2010-05-10,0.027048408359821148,129747.90663441739,0.027048408359821148,0.766869879856999,0.766869879856999,1.0,0.766869879856999,0.23313012014300105,0.0,0.0,0.0,0.0,0.0,0.0,0.0,0.0,0.0
2010-05-11,-0.004630968372960309,129147.0481823356,-0.004431854743909091,0.9660252867145632,0.9660252867145632,1.0,0.9660252867145632,0.033974713285436775,0.19911362905121816,0.0,0.0,0.19911362905121816,25.83457655177747,0.0,0.0,25.83457655177747,0.0
2010-05-12,0.011296381158257152,130605.94246406708,0.011466545830218526,0.7983091560742669,0.7983091560742669,1.0,0.7983091560742669,0.2016908439257331,0.17016467196137344,0.0,0.0,0.17016467196137344,21.976265088726826,0.0,0.0,21.976265088726826,0.0
2010-05-13,-0.01315735469594886,128887.51375366865,-0.01315735469594886,0.7956200566670979,0.7956200566670978,1.0,0.7956200566670978,0.20437994333290221,0.0,0.0,0.0,0.0,0.0,0.0,0.0,0.0,0.0
2010-05-14,-0.02005116541766897,126303.16889512177,-0.02005116541766897,0.7914381484825053,0.7914381484825054,1.0,0.7914381484825054,0.20856185151749462,0.0,0.0,0.0,0.0,0.0,0.0,0.0,0.0,0.0
2010-05-17,0.00025599092368504294,126335.50135999157,0.00025599092368504294,0.7914915247596782,0.7914915247596782,1.0,0.7914915247596782,0.2085084752403218,0.0,0.0,0.0,0.0,0.0,0.0,0.0,0.0,0.0
2010-05-18,-0.018269182266492028,124027.45505891723,-0.0180727968258572,0.9878514059562752,0.9878514059562751,1.0,0.9878514059562751,0.012148594043724925,0.1963854406348286,0.0,0.0,0.1963854406348286,24.810453102403933,0.0,0.0,24.810453102403933,0.0
2010-05-19,-0.0017602787642138744,123809.13216359752,-0.0017602787642138744,0.9878299833343784,0.9878299833343784,1.0,0.9878299833343784,0.012170016665621564,0.0,0.0,0.0,0.0,0.0,0.0,0.0,0.0,0.0
2010-05-20,-0.045016909575867944,118235.62765632219,-0.045016909575867944,0.9872563014071628,0.9872563014071626,1.0,0.9872563014071626,0.012743698592837416,0.0,0.0,0.0,0.0,0.0,0.0,0.0,0.0,0.0
2010-05-21,0.026968869655346454,121424.30888720362,0.026968869655346454,0.9875909592107556,0.9875909592107556,1.0,0.9875909592107556,0.01240904078924443,0.0,0.0,0.0,0.0,0.0,0.0,0.0,0.0,0.0
2010-05-24,-0.02248511443854546,118694.06940625353,-0.02248511443854546,0.9873055224298534,0.9873055224298533,1.0,0.9873055224298533,0.012694477570146745,0.0,0.0,0.0,0.0,0.0,0.0,0.0,0.0,0.0
2010-05-25,0.01070549421371618,119964.7480794846,0.01070549421371618,0.9874399836126128,0.9874399836126126,1.0,0.9874399836126126,0.012560016387387352,0.0,0.0,0.0,0.0,0.0,0.0,0.0,0.0,0.0
2010-05-26,-0.0062943538743287465,119209.64750262763,-0.0062943538743287465,0.9873604256588888,0.9873604256588889,1.0,0.9873604256588889,0.01263957434111107,0.0,0.0,0.0,0.0,0.0,0.0,0.0,0.0,0.0
2010-05-27,0.04182522050311879,124195.6172955241,0.04182522050311879,0.9878678552866984,0.9878678552866984,1.0,0.9878678552866984,0.012132144713301596,0.0,0.0,0.0,0.0,0.0,0.0,0.0,0.0,0.0
2010-05-28,-0.01933675718703499,121794.07680018664,-0.01933675718703499,0.9876286331702396,0.9876286331702397,1.0,0.9876286331702397,0.012371366829760255,0.0,0.0,0.0,0.0,0.0,0.0,0.0,0.0,0.0
2010-06-01,-0.030473004959891296,118082.64529376918,-0.030473004959891296,0.9872397912662056,0.9872397912662056,1.0,0.9872397912662056,0.012760208733794354,0.0,0.0,0.0,0.0,0.0,0.0,0.0,0.0,0.0
2010-06-02,0.03306650270585921,121987.2254038906,0.03306650270585921,0.9876482213871302,0.9876482213871303,1.0,0.9876482213871303,0.012351778612869735,0.0,0.0,0.0,0.0,0.0,0.0,0.0,0.0,0.0
2010-06-03,-0.004337213277126556,121458.14079022901,-0.004337213277126556,0.9875944157222905,0.9875944157222902,1.0,0.9875944157222902,0.012405584277709769,0.0,0.0,0.0,0.0,0.0,0.0,0.0,0.0,0.0
2010-06-04,-0.038781333399544114,116747.83213815436,-0.03840059536215032,0.5913907029883293,0.5913907029883293,1.0,0.5913907029883293,0.4086092970116707,0.3807380373937919,0.0,0.0,0.3807380373937919,46.243734149970656,0.0,0.0,46.243734149970656,0.0
2010-06-07,-0.009129740431444194,115681.95473479919,-0.009129740431444194,0.5876258338911219,0.5876258338911219,1.0,0.5876258338911219,0.4123741661088781,0.0,0.0,0.0,0.0,0.0,0.0,0.0,0.0,0.0
2010-06-08,0.011397372951140286,117000.42511662863,0.011795059553199422,0.5924331096348907,0.1993825621902813,1.0,0.1993825621902813,0.8006174378097187,0.0,0.0,0.3976866020591362,0.3976866020591362,0.0,0.0,46.00516349804109,46.00516349804109,2.0
2010-06-09,-0.0024710133761999802,116711.31550114436,-0.0020726032478081994,0.9912040589061348,0.5982768093124329,1.0,0.5982768093124329,0.4017231906875671,0.398410128391781,0.0,0.0,0.398410128391781,46.614154392608974,0.0,0.0,46.614154392608974,2.0
2010-06-10,0.018245877848861374,118840.81590735815,0.018245877848861374,0.9914747203263626,0.5975515612375205,1.0,0.5975515612375205,0.4024484387624795,0.0,0.0,0.0,0.0,0.0,0.0,0.0,0.0,2.0
2010-06-11,0.0033755045735888905,119241.96362498247,0.0033755045735888905,0.991526811876306,0.597255254039626,1.0,0.597255254039626,0.402744745960374,0.0,0.0,0.0,0.0,0.0,0.0,0.0,0.0,2.0
2010-06-14,-0.0029059558042379727,118895.4517486777,-0.0029059558042379727,0.9914785172229568,0.5977369125438936,1.0,0.5977369125438936,0.4022630874561064,0.0,0.0,0.0,0.0,0.0,0.0,0.0,0.0,2.0
2010-06-15,0.01446605802854653,120615.40025300432,0.01446605802854653,0.9916779413420284,0.5978758820487937,1.0,0.5978758820487937,0.4021241179512063,0.0,0.0,0.0,0.0,0.0,0.0,0.0,0.0,2.0
2010-06-16,-0.0015766781777364052,120425.22858352646,-0.0015766781777364052,0.9916637526315808,0.5973158653837268,1.0,0.5973158653837268,0.40268413461627317,0.0,0.0,0.0,0.0,0.0,0.0,0.0,0.0,2.0
2010-06-17,0.0013486212537779784,120587.63660628526,0.0013486212537779784,0.9916636962333776,0.5986685368533763,1.0,0.5986685368533763,0.4013314631466237,0.0,0.0,0.0,0.0,0.0,0.0,0.0,0.0,2.0
2010-06-18,0.006883326390840579,121417.6806677464,0.006883326390840579,0.9917387634132478,0.6000989584663404,1.0,0.6000989584663404,0.3999010415336596,0.0,0.0,0.0,0.0,0.0,0.0,0.0,0.0,2.0
2010-06-21,-0.003654751829532625,120973.92917718834,-0.003654751829532625,0.9917163919577592,0.5980593794841286,1.0,0.5980593794841286,0.4019406205158714,0.0,0.0,0.0,0.0,0.0,0.0,0.0,0.0,2.0
2010-06-22,-0.009929705847153348,119772.69364528451,-0.009929705847153348,0.9915655850178068,0.5988368480860992,1.0,0.5988368480860992,0.40116315191390084,0.0,0.0,0.0,0.0,0.0,0.0,0.0,0.0,2.0
2010-06-23,-0.003719530277994218,119327.19548479396,-0.003719530277994218,0.9915294919982872,0.5976639770622896,1.0,0.5976639770622896,0.4023360229377104,0.0,0.0,0.0,0.0,0.0,0.0,0.0,0.0,2.0
2010-06-24,-0.008397890333675552,118325.09878328758,-0.008397890333675552,0.9913836221828312,0.5994137821570694,1.0,0.5994137821570694,0.4005862178429306,0.0,0.0,0.0,0.0,0.0,0.0,0.0,0.0,2.0
2010-06-25,0.008051015170851729,119277.73594868436,0.008051015170851729,0.991521804136982,0.5977228066035404,1.0,0.5977228066035404,0.4022771933964596,0.0,0.0,0.0,0.0,0.0,0.0,0.0,0.0,2.0
2010-06-28,-0.008047513926506968,118317.84670751511,-0.008047513926506968,0.9914174777679616,0.5969313980065172,1.0,0.5969313980065172,0.4030686019934828,0.0,0.0,0.0,0.0,0.0,0.0,0.0,0.0,2.0
2010-06-29,-0.01657466879294451,116356.76758604366,-0.01657466879294451,0.9911434616738282,0.5988859074485507,1.0,0.5988859074485507,0.40111409255144925,0.0,0.0,0.0,0.0,0.0,0.0,0.0,0.0,2.0
2010-06-30,-0.0026173639025042794,116052.21958275184,-0.0026173639025042794,0.9910811544403676,0.6004633928178179,1.0,0.6004633928178179,0.3995366071821821,0.0,0.0,0.0,0.0,0.0,0.0,0.0,0.0,2.0
2010-07-01,-0.010614328074587372,114820.40325031646,-0.010614328074587372,0.9909586248508148,0.5979525758218666,1.0,0.5979525758218666,0.40204742417813344,0.0,0.0,0.0,0.0,0.0,0.0,0.0,0.0,2.0
2010-07-02,-0.0013748995734719435,114662.53672686173,-0.0013748995734719435,0.9909151825293884,0.5994441339210149,1.0,0.5994441339210149,0.4005558660789851,0.0,0.0,0.0,0.0,0.0,0.0,0.0,0.0,2.0
2010-07-06,0.001434130749935239,114826.9777966473,0.001434130749935239,0.9909404941233888,0.5992041323366167,1.0,0.5992041323366167,0.40079586766338327,0.0,0.0,0.0,0.0,0.0,0.0,0.0,0.0,2.0
2010-07-07,0.017836923184520927,116875.1377791168,0.017836923184520927,0.991240813207474,0.5965863853480668,1.0,0.5965863853480668,0.40341361465193315,0.0,0.0,0.0,0.0,0.0,0.0,0.0,0.0,2.0
2010-07-08,0.005646785714057271,117535.10663745638,0.005646785714057271,0.9913311875667964,0.5960195306538788,1.0,0.5960195306538788,0.4039804693461212,0.0,0.0,0.0,0.0,0.0,0.0,0.0,0.0,2.0
2010-07-09,0.007164986773898779,118377.24412198254,0.007164986773898779,0.9914565300675268,0.5944630626265771,1.0,0.5944630626265771,0.4055369373734229,0.0,0.0,0.0,0.0,0.0,0.0,0.0,0.0,2.0
2010-07-12,-0.004396442688339051,117856.80535259673,-0.004396442688339051,0.9913982772693396,0.5940899303729873,1.0,0.5940899303729873,0.4059100696270127,0.0,0.0,0.0,0.0,0.0,0.0,0.0,0.0,2.0
2010-07-13,0.010025098527005857,119038.33143833466,0.010025098527005857,0.9915695400757756,0.592086922612531,1.0,0.592086922612531,0.40791307738746896,0.0,0.0,0.0,0.0,0.0,0.0,0.0,0.0,2.0
2010-07-14,0.000630773275083012,119113.41763651645,0.000630773275083012,0.9915569778331348,0.593600905532197,1.0,0.593600905532197,0.406399094467803,0.0,0.0,0.0,0.0,0.0,0.0,0.0,0.0,2.0
2010-07-15,-0.0005286691682381748,119050.44604508854,-0.0005286691682381748,0.9915474675910226,0.5937402744723885,1.0,0.5937402744723885,0.40625972552761147,0.0,0.0,0.0,0.0,0.0,0.0,0.0,0.0,2.0
2010-07-16,-0.015207363333539016,117240.002657061,-0.015207363333539016,0.9912951209443228,0.595804757381803,1.0,0.595804757381803,0.40419524261819695,0.0,0.0,0.0,0.0,0.0,0.0,0.0,0.0,2.0
2010-07-19,-0.0009841250209992347,117124.62383698419,-0.0009841250209992347,0.9912871085840482,0.5953681318923456,1.0,0.5953681318923456,0.4046318681076544,0.0,0.0,0.0,0.0,0.0,0.0,0.0,0.0,2.0
2010-07-20,0.011352542739883585,118454.28613498632,0.011352542739883585,0.9914536774606127,0.5951216799544196,1.0,0.5951216799544196,0.40487832004558044,0.0,0.0,0.0,0.0,0.0,0.0,0.0,0.0,2.0
2010-07-21,-0.004158837566519705,117961.65399989286,-0.004158837566519705,0.99138538190416,0.5956853573617618,1.0,0.5956853573617618,0.40431464263823824,0.0,0.0,0.0,0.0,0.0,0.0,0.0,0.0,2.0
2010-07-22,0.013247926684881107,119524.40134371076,0.013247926684881107,0.9915809839339969,0.5951069501256838,1.0,0.5951069501256838,0.4048930498743162,0.0,0.0,0.0,0.0,0.0,0.0,0.0,0.0,2.0
2010-07-23,0.0055302400606827345,120185.39997625086,0.0055302400606827345,0.9916766369479856,0.5938130248557959,1.0,0.5938130248557959,0.4061869751442041,0.0,0.0,0.0,0.0,0.0,0.0,0.0,0.0,2.0
2010-07-26,0.0035956065132689125,120617.5393832053,0.0035956065132689125,0.9917382003842512,0.5929899212909338,1.0,0.5929899212909338,0.40701007870906625,0.0,0.0,0.0,0.0,0.0,0.0,0.0,0.0,2.0
2010-07-27,-0.007699905085332727,119688.79577832823,-0.007699905085332727,0.9916645098507272,0.5905104688390049,1.0,0.5905104688390049,0.40948953116099507,0.0,0.0,0.0,0.0,0.0,0.0,0.0,0.0,2.0
2010-07-28,-0.0025851132967568127,119379.38668088886,-0.0025851132967568127,0.9916230981320272,0.5908462394979709,1.0,0.5908462394979709,0.4091537605020291,0.0,0.0,0.0,0.0,0.0,0.0,0.0,0.0,2.0
2010-07-29,0.0009570195561759432,119493.63508854675,0.0009570195561759432,0.9916350141899763,0.5909614249201917,1.0,0.5909614249201917,0.40903857507980834,0.0,0.0,0.0,0.0,0.0,0.0,0.0,0.0,2.0
2010-07-30,0.00454236430015236,120036.4187106684,0.00454236430015236,0.5923620582763344,0.5923620582763341,1.0,0.5923620582763341,0.40763794172366585,0.0,0.0,0.0,0.0,0.0,0.0,0.0,0.0,0.0
2010-08-02,0.01651919724354632,122019.32398775883,0.01651919724354632,0.5989864797152471,0.5989864797152471,1.0,0.5989864797152471,0.4010135202847529,0.0,0.0,0.0,0.0,0.0,0.0,0.0,0.0,0.0
2010-08-03,-0.003275641691816506,121619.63240289726,-0.003275641691816506,0.5976685861621523,0.5976685861621523,1.0,0.5976685861621523,0.40233141383784765,0.0,0.0,0.0,0.0,0.0,0.0,0.0,0.0,0.0
2010-08-04,0.0025304981363801706,121927.39065604,0.0025304981363801706,0.5986841152605852,0.5986841152605852,1.0,0.5986841152605852,0.4013158847394148,0.0,0.0,0.0,0.0,0.0,0.0,0.0,0.0,0.0
2010-08-05,0.001210961044220862,122075.03997634797,0.001411243292879438,0.7994095533845139,0.7994095533845138,1.0,0.7994095533845138,0.2005904466154862,0.20028224865857588,0.0,0.0,0.20028224865857588,24.419891973664328,0.0,0.0,24.419891973664328,0.0
2010-08-06,-3.6398354637206136e-05,122070.59664575056,-3.6398354637206136e-05,0.7994022519565411,0.7994022519565411,1.0,0.7994022519565411,0.20059774804345887,0.0,0.0,0.0,0.0,0.0,0.0,0.0,0.0,0.0
2010-08-09,0.0002052391452030744,122095.65031066054,0.0002052391452030744,0.7994434140188128,0.7994434140188129,1.0,0.7994434140188129,0.20055658598118709,0.0,0.0,0.0,0.0,0.0,0.0,0.0,0.0,0.0
2010-08-10,-0.003361704872660366,121685.20076808055,-0.003361704872660366,0.7987669278195233,0.7987669278195234,1.0,0.7987669278195234,0.2012330721804766,0.0,0.0,0.0,0.0,0.0,0.0,0.0,0.0,0.0
2010-08-11,-0.014852204652756527,119877.90726306126,-0.014852204652756527,0.7957331142282601,0.7957331142282602,1.0,0.7957331142282602,0.2042668857717398,0.0,0.0,0.0,0.0,0.0,0.0,0.0,0.0,0.0
2010-08-12,0.001119280106608713,120012.0842198827,0.0013195440154117955,0.9962015384825578,0.9962015384825577,1.0,0.9962015384825577,0.003798461517442342,0.20026390880308242,0.0,0.0,0.20026390880308242,24.007218287634075,0.0,0.0,24.007218287634075,0.0
2010-08-13,-0.000644305282671206,119934.75980003545,-0.00044885100618515406,0.8008143799257459,0.800814379925746,1.0,0.800814379925746,0.199185620074254,0.1954542764860519,0.0,0.0,0.1954542764860519,23.4568750907803,0.0,0.0,23.4568750907803,0.0
2010-08-16,0.010534505836229408,121198.2132271157,0.010534505836229408,0.802890827652218,0.8028908276522181,1.0,0.8028908276522181,0.1971091723477819,0.0,0.0,0.0,0.0,0.0,0.0,0.0,0.0,0.0
2010-08-17,0.008203151750551882,122192.42056211348,0.008203151750551882,0.8044945882131596,0.8044945882131597,1.0,0.8044945882131597,0.19550541178684033,0.0,0.0,0.0,0.0,0.0,0.0,0.0,0.0,0.0
2010-08-18,0.000888220618521706,122300.95438948383,0.000888220618521706,0.8046680860465882,0.8046680860465883,1.0,0.8046680860465883,0.19533191395341165,0.0,0.0,0.0,0.0,0.0,0.0,0.0,0.0,0.0
2010-08-19,-0.008135864340153063,121305.93041589974,-0.007940727562976828,1.0,1.0000000000000002,1.0,1.0000000000000002,-2.220446049250313e-16,0.1951367771762355,0.0,0.0,0.1951367771762355,23.865414085141648,0.0,0.0,23.865414085141648,0.0
2010-08-20,-0.004108105477155668,120807.59285874672,-0.004108105477155668,1.0,1.0000000000000002,1.0,1.0000000000000002,-2.220446049250313e-16,0.0,0.0,0.0,0.0,0.0,0.0,0.0,0.0,0.0
2010-08-23,-0.006464495947023887,120026.63266434164,-0.006464495947023887,1.0,1.0000000000000002,1.0,1.0000000000000002,-2.220446049250313e-16,0.0,0.0,0.0,0.0,0.0,0.0,0.0,0.0,0.0
2010-08-24,-0.002711077340087077,119701.23118031837,-0.002711077340087077,1.0,1.0,1.0,1.0,0.0,0.0,0.0,0.0,0.0,0.0,0.0,0.0,0.0,0.0
2010-08-25,0.010466047344571823,120954.02993305514,0.010662580732456578,0.8056967326979184,0.8056967326979184,1.0,0.8056967326979184,0.19430326730208158,0.19653338788475486,0.0,0.0,0.19653338788475486,23.525288497844222,0.0,0.0,23.525288497844222,0.0
2010-08-26,0.0007961278592460558,121050.32480597294,0.0009902370173899935,1.0,1.0000000000000002,1.0,1.0000000000000002,-2.220446049250313e-16,0.19410915814393764,0.0,0.0,0.19410915814393764,23.478284924421967,0.0,0.0,23.478284924421967,0.0
2010-08-27,0.008076101230111484,122027.93948304383,0.008076101230111484,1.0,1.0000000000000002,1.0,1.0000000000000002,-2.220446049250313e-16,0.0,0.0,0.0,0.0,0.0,0.0,0.0,0.0,0.0
2010-08-30,-0.007220209604938826,121146.87218231746,-0.007220209604938826,1.0,1.0000000000000002,1.0,1.0000000000000002,-2.220446049250313e-16,0.0,0.0,0.0,0.0,0.0,0.0,0.0,0.0,0.0
2010-08-31,0.00841136641937341,122165.88291480392,0.00841136641937341,1.0,1.0000000000000002,1.0,1.0000000000000002,-2.220446049250313e-16,0.0,0.0,0.0,0.0,0.0,0.0,0.0,0.0,0.0
2010-09-01,0.015722151095682407,124086.59338472792,0.015722151095682407,1.0,1.0,1.0,1.0,0.0,0.0,0.0,0.0,0.0,0.0,0.0,0.0,0.0,0.0
2010-09-02,0.009031118622259806,125207.23412901751,0.009031118622259806,1.0,1.0,1.0,1.0,0.0,0.0,0.0,0.0,0.0,0.0,0.0,0.0,0.0,0.0
2010-09-03,0.007908326171403371,126197.41377552907,0.00831043740419083,0.6014427987904543,0.6014427987904543,1.0,0.6014427987904543,0.39855720120954574,0.4021112327874599,0.0,0.0,0.4021112327874599,50.34723526952735,0.0,0.0,50.34723526952735,0.0
2010-09-07,-0.0035933875232560114,125743.9375634009,-0.0035933875232560114,0.6000054634133131,0.6000054634133131,1.0,0.6000054634133131,0.39999453658668693,0.0,0.0,0.0,0.0,0.0,0.0,0.0,0.0,0.0
2010-09-08,0.0017043842506441246,125958.25355019794,0.0017043842506441246,0.6006860478244637,0.6006860478244638,1.0,0.6006860478244638,0.3993139521755362,0.0,0.0,0.0,0.0,0.0,0.0,0.0,0.0,0.0
2010-09-09,-0.0013847272156014136,125783.83572847735,-0.0013847272156014136,0.6001323401932904,0.6001323401932903,1.0,0.6001323401932903,0.3998676598067097,0.0,0.0,0.0,0.0,0.0,0.0,0.0,0.0,0.0
2010-09-10,0.0006109169730499969,125860.6792086592,0.0010103851646650914,1.0,1.0000000000000002,1.0,1.0000000000000002,-2.220446049250313e-16,0.39946819161509456,0.0,0.0,0.39946819161509456,50.246641392864966,0.0,0.0,50.246641392864966,0.0
2010-09-13,0.014077176988488425,127632.44226577086,0.014077176988488425,1.0,1.0,1.0,1.0,0.0,0.0,0.0,0.0,0.0,0.0,0.0,0.0,0.0,0.0
2010-09-14,-0.001360242586749249,127458.83118235016,-0.001360242586749249,1.0,1.0,1.0,1.0,0.0,0.0,0.0,0.0,0.0,0.0,0.0,0.0,0.0,0.0
2010-09-15,-0.0031221881903614386,127060.88072487533,-0.0031221881903614386,1.0,1.0,1.0,1.0,0.0,0.0,0.0,0.0,0.0,0.0,0.0,0.0,0.0,0.0
2010-09-16,-0.00680147911749098,126196.6787979751,-0.00680147911749098,1.0,1.0,1.0,1.0,0.0,0.0,0.0,0.0,0.0,0.0,0.0,0.0,0.0,0.0
2010-09-17,-0.0008383778878942522,126090.87829294518,-0.0008383778878942522,1.0,1.0,1.0,1.0,0.0,0.0,0.0,0.0,0.0,0.0,0.0,0.0,0.0,0.0
2010-09-20,0.017746741100217883,128328.58046510917,0.017942284514849124,0.8080584655024949,0.8080584655024949,1.0,0.8080584655024949,0.19194153449750506,0.19554341463124209,0.0,0.0,0.19554341463124209,24.65624089525486,0.0,0.0,24.65624089525486,0.0
2010-09-21,-0.001218851974088015,128172.16692147737,-0.001218851974088015,0.807824231687916,0.807824231687916,1.0,0.807824231687916,0.19217576831208405,0.0,0.0,0.0,0.0,0.0,0.0,0.0,0.0,0.0
2010-09-22,-0.0052484695766052275,127499.45920282244,-0.0052484695766052275,0.8068102813269474,0.8068102813269474,1.0,0.8068102813269474,0.19318971867305257,0.0,0.0,0.0,0.0,0.0,0.0,0.0,0.0,0.0
2010-09-23,-0.006765745264591183,126636.83034048301,-0.006765745264591183,0.8054943053443953,0.8054943053443953,1.0,0.8054943053443953,0.19450569465560474,0.0,0.0,0.0,0.0,0.0,0.0,0.0,0.0,0.0
2010-09-24,0.014103988774731794,128422.9147740728,0.014298300158004127,1.0,1.0,1.0,1.0,0.0,0.19431138327233238,0.0,0.0,0.19431138327233238,24.606977676682927,0.0,0.0,24.606977676682927,0.0
2010-09-27,-0.0026640006249263855,128080.7960488598,-0.0026640006249263855,1.0,0.9999999999999998,1.0,0.9999999999999998,2.220446049250313e-16,0.0,0.0,0.0,0.0,0.0,0.0,0.0,0.0,0.0
2010-09-28,0.0058085669651852835,128824.76192966383,0.0058085669651852835,1.0,1.0,1.0,1.0,0.0,0.0,0.0,0.0,0.0,0.0,0.0,0.0,0.0,0.0
2010-09-29,-0.004636076567121357,128227.52046961672,-0.004636076567121357,1.0,1.0,1.0,1.0,0.0,0.0,0.0,0.0,0.0,0.0,0.0,0.0,0.0,0.0
2010-09-30,-0.0017394838172989863,128004.47077282747,-0.0017394838172989863,1.0,1.0,1.0,1.0,0.0,0.0,0.0,0.0,0.0,0.0,0.0,0.0,0.0,0.0
2010-10-01,0.0043962262562179276,128567.20738815224,0.0043962262562179276,1.0,1.0,1.0,1.0,0.0,0.0,0.0,0.0,0.0,0.0,0.0,0.0,0.0,0.0
2010-10-04,-0.005407098713382164,127872.03180650061,-0.005407098713382164,1.0,1.0,1.0,1.0,0.0,0.0,0.0,0.0,0.0,0.0,0.0,0.0,0.0,0.0
2010-10-05,0.017767423803970273,130143.98838828148,0.017767423803970273,1.0,1.0,1.0,1.0,0.0,0.0,0.0,0.0,0.0,0.0,0.0,0.0,0.0,0.0
2010-10-06,-3.5088883048764495e-05,130139.4217810934,0.00016628478600806007,0.7988206454533888,0.7988206454533889,1.0,0.7988206454533889,0.20117935454661107,0.20137366905682455,0.0,0.0,0.20137366905682455,26.207572447437013,0.0,0.0,26.207572447437013,0.0
2010-10-07,-0.0012404904434471285,129977.98507205825,-0.0012404904434471285,0.7985707744240309,0.798570774424031,1.0,0.798570774424031,0.20142922557596898,0.0,0.0,0.0,0.0,0.0,0.0,0.0,0.0,0.0
2010-10-08,0.005592951764536769,130704.94567301795,0.005794110586654099,0.9999311404913892,0.9999311404913893,1.0,0.9999311404913893,6.88595086106858e-05,0.20115882211733085,0.0,0.0,0.20115882211733085,26.14621837827925,0.0,0.0,26.14621837827925,0.0
2010-10-11,-0.0005569107855761627,130632.1546790445,-0.0005569107855761627,0.9999311021214172,0.9999311021214173,1.0,0.9999311021214173,6.889787858266327e-05,0.0,0.0,0.0,0.0,0.0,0.0,0.0,0.0,0.0
2010-10-12,0.0078051897564659425,131651.76343461045,0.0078051897564659425,0.999931635717614,0.999931635717614,1.0,0.999931635717614,6.83642823859909e-05,0.0,0.0,0.0,0.0,0.0,0.0,0.0,0.0,0.0
2010-10-13,0.0038803124622945506,132162.61341294882,0.0038803124622945506,0.9999318999670206,0.9999318999670206,1.0,0.9999318999670206,6.810003297941236e-05,0.0,0.0,0.0,0.0,0.0,0.0,0.0,0.0,0.0
2010-10-14,-0.010640938027271028,130756.27923409945,-0.010640938027271028,0.9999311675249192,0.9999311675249191,1.0,0.9999311675249191,6.88324750809377e-05,0.0,0.0,0.0,0.0,0.0,0.0,0.0,0.0,0.0
2010-10-15,-0.009215409935368417,129551.30651933372,-0.009215409935368417,0.9999305273055604,0.9999305273055604,1.0,0.9999305273055604,6.947269443957627e-05,0.0,0.0,0.0,0.0,0.0,0.0,0.0,0.0,0.0
2010-10-18,0.014790758567510985,131467.4686161668,0.014981478629295823,0.8121791977229434,0.8121791977229434,1.0,0.8121791977229434,0.18782080227705655,0.19072006178483805,0.0,0.0,0.19072006178483805,24.708033183673823,0.0,0.0,24.708033183673823,0.0
2010-10-19,-0.013238650959472013,129727.01668663205,-0.013238650959472013,0.8096593442176437,0.8096593442176437,1.0,0.8096593442176437,0.19034065578235626,0.0,0.0,0.0,0.0,0.0,0.0,0.0,0.0,0.0
2010-10-20,0.008603441434581707,130843.11547717848,0.008603441434581707,0.8112829602171233,0.8112829602171233,1.0,0.8112829602171233,0.18871703978287668,0.0,0.0,0.0,0.0,0.0,0.0,0.0,0.0,0.0
2010-10-21,0.00015408858674621916,130863.27690792782,0.00015408858674621916,0.8113120348790048,0.8113120348790048,1.0,0.8113120348790048,0.18868796512099517,0.0,0.0,0.0,0.0,0.0,0.0,0.0,0.0,0.0
2010-10-22,0.002028558107184602,131128.74066923215,0.002217057572839942,1.0,1.0000000000000002,1.0,1.0000000000000002,-2.220446049250313e-16,0.1884994656553397,0.0,0.0,0.1884994656553397,24.66765777105115,0.0,0.0,24.66765777105115,0.0
2010-10-25,0.0005780487586596203,131204.53947500058,0.0005780487586596203,1.0,1.0000000000000002,1.0,1.0000000000000002,-2.220446049250313e-16,0.0,0.0,0.0,0.0,0.0,0.0,0.0,0.0,0.0
2010-10-26,0.0013420951810392875,131380.62845516045,0.0015297179688911137,0.8128160536084458,0.8128160536084458,1.0,0.8128160536084458,0.18718394639155422,0.18762278785182612,0.0,0.0,0.18762278785182612,24.61696147511458,0.0,0.0,24.61696147511458,0.0
2010-10-27,-0.0015707240724768226,131174.2657393888,-0.0015707240724768226,0.812521576735955,0.812521576735955,1.0,0.812521576735955,0.18747842326404496,0.0,0.0,0.0,0.0,0.0,0.0,0.0,0.0,0.0
2010-10-28,-0.0003542190132030926,131127.80132042096,-0.0003542190132030926,0.8124551447824084,0.8124551447824084,1.0,0.8124551447824084,0.18754485521759157,0.0,0.0,0.0,0.0,0.0,0.0,0.0,0.0,0.0
2010-10-29,-0.0005363832511042411,131057.46656403854,6.698703663576158e-05,1.0,1.0,1.0,1.0,0.0,0.6033702877400027,0.0,0.0,0.6033702877400027,79.1186192134163,0.0,0.0,79.1186192134163,0.0
2010-11-01,-0.0014510927013114514,130867.29003085509,-0.0014510927013114514,1.0,1.0,1.0,1.0,0.0,0.0,0.0,0.0,0.0,0.0,0.0,0.0,0.0,0.0
2010-11-02,0.006557017756169423,131725.38917528916,0.006557017756169423,1.0,1.0000000000000002,1.0,1.0000000000000002,-2.220446049250313e-16,0.0,0.0,0.0,0.0,0.0,0.0,0.0,0.0,0.0
2010-11-03,0.008173777058333094,132802.08313933015,0.008375302627850556,0.8003081923680152,0.8003081923680153,1.0,0.8003081923680153,0.19969180763198469,0.20152556951746164,0.0,0.0,0.20152556951746164,26.546034073459428,0.0,0.0,26.546034073459428,0.0
2010-11-04,0.0246896972015267,136080.9263597722,0.024908554884662235,0.591748961439874,0.591748961439874,1.0,0.591748961439874,0.408251038560126,0.21885768313553514,0.0,0.0,0.21885768313553514,29.06475623144651,0.0,0.0,29.06475623144651,0.0
2010-11-05,0.013193365201923398,137876.29171825267,0.013598764163638288,0.9975851816962552,0.9975851816962551,1.0,0.9975851816962551,0.0024148183037449034,0.4053989617148887,0.0,0.0,0.4053989617148887,55.16706625545188,0.0,0.0,55.16706625545188,0.0
2010-11-08,-0.0067802806362977,136941.4517673109,-0.0067802806362977,0.9975686967780988,0.9975686967780987,1.0,0.9975686967780987,0.0024313032219013264,0.0,0.0,0.0,0.0,0.0,0.0,0.0,0.0,0.0
2010-11-09,-0.01751439917474294,134543.0045174894,-0.01751439917474294,0.9975253548552172,0.9975253548552173,1.0,0.9975253548552173,0.0024746451447826834,0.0,0.0,0.0,0.0,0.0,0.0,0.0,0.0,0.0
2010-11-10,0.014308269573445729,136468.08209534697,0.014308269573445729,0.997560263266094,0.9975602632660943,1.0,0.9975602632660943,0.0024397367339057396,0.0,0.0,0.0,0.0,0.0,0.0,0.0,0.0,0.0
2010-11-11,-0.008831435177738201,135262.87307449165,-0.008831435177738201,0.9975385249083808,0.9975385249083808,1.0,0.9975385249083808,0.002461475091619203,0.0,0.0,0.0,0.0,0.0,0.0,0.0,0.0,0.0
2010-11-12,-0.020464549693644436,132494.7792867536,-0.020464549693644436,0.9974870995318758,0.9974870995318758,1.0,0.9974870995318758,0.002512900468124246,0.0,0.0,0.0,0.0,0.0,0.0,0.0,0.0,0.0
2010-11-15,0.0038949422521774406,133010.8388007905,0.0038949422521774406,0.9974968491598466,0.9974968491598466,1.0,0.9974968491598466,0.002503150840153401,0.0,0.0,0.0,0.0,0.0,0.0,0.0,0.0,0.0
2010-11-16,-0.019048890748691108,130477.12986408248,-0.019048890748691108,0.9974482409810782,0.997448240981078,1.0,0.997448240981078,0.0025517590189220174,0.0,0.0,0.0,0.0,0.0,0.0,0.0,0.0,0.0
2010-11-17,-0.009451404080813424,129243.93778643226,-0.009451404080813424,0.9974238931543244,0.9974238931543243,1.0,0.9974238931543243,0.002576106845675663,0.0,0.0,0.0,0.0,0.0,0.0,0.0,0.0,0.0
2010-11-18,0.01528635741213883,131219.6068127879,0.01528635741213883,0.9974626795417189,0.997462679541719,1.0,0.997462679541719,0.002537320458281034,0.0,0.0,0.0,0.0,0.0,0.0,0.0,0.0,0.0
2010-11-19,-0.0015631435582000698,131014.49172968895,-0.0015631435582000698,0.9974587071361491,0.9974587071361491,1.0,0.9974587071361491,0.0025412928638508525,0.0,0.0,0.0,0.0,0.0,0.0,0.0,0.0,0.0
2010-11-22,-0.012998003295358752,129311.56493444671,-0.012802360670352871,0.7994043822547864,0.7994043822547865,1.0,0.7994043822547865,0.2005956177452135,0.19564262500588184,0.0,0.0,0.19564262500588184,25.632019075807744,0.0,0.0,25.632019075807744,0.0
2010-11-23,-0.010006101078874669,128017.66034504518,-0.010006101078874669,0.7973769151872365,0.7973769151872366,1.0,0.7973769151872366,0.20262308481276337,0.0,0.0,0.0,0.0,0.0,0.0,0.0,0.0,0.0
2010-11-24,0.01558676777795527,130013.04188832057,0.01558676777795527,0.8004866829290312,0.8004866829290312,1.0,0.8004866829290312,0.19951331707096875,0.0,0.0,0.0,0.0,0.0,0.0,0.0,0.0,0.0
2010-11-26,-0.00919200871257067,128817.96087453532,-0.00919200871257067,0.79863574090503,0.79863574090503,1.0,0.79863574090503,0.20136425909497002,0.0,0.0,0.0,0.0,0.0,0.0,0.0,0.0,0.0
2010-11-29,0.009348738414172456,130022.24629379844,0.009549901510171427,1.0,1.0,1.0,1.0,0.0,0.2011630959989711,0.0,0.0,0.2011630959989711,25.91341982979585,0.0,0.0,25.91341982979585,0.0
2010-11-30,-0.008531138347774076,128913.00852237768,-0.008531138347774076,1.0,1.0000000000000002,1.0,1.0000000000000002,-2.220446049250313e-16,0.0,0.0,0.0,0.0,0.0,0.0,0.0,0.0,0.0
2010-12-01,0.02254002265822747,131818.71065541235,0.02254002265822747,1.0,1.0,1.0,1.0,0.0,0.0,0.0,0.0,0.0,0.0,0.0,0.0,0.0,0.0
2010-12-02,0.023604518449451536,134930.22784306094,0.023604518449451536,1.0,1.0,1.0,1.0,0.0,0.0,0.0,0.0,0.0,0.0,0.0,0.0,0.0,0.0
2010-12-03,0.005558910754021709,135680.29293766033,0.005558910754021709,1.0,1.0000000000000002,1.0,1.0000000000000002,-2.220446049250313e-16,0.0,0.0,0.0,0.0,0.0,0.0,0.0,0.0,0.0
2010-12-06,-0.0015313394098060444,135472.52035795085,-0.0015313394098060444,1.0,1.0,1.0,1.0,0.0,0.0,0.0,0.0,0.0,0.0,0.0,0.0,0.0,0.0
2010-12-07,-0.001224108670415835,135306.6872711776,-0.001224108670415835,1.0,1.0,1.0,1.0,0.0,0.0,0.0,0.0,0.0,0.0,0.0,0.0,0.0,0.0
2010-12-08,0.013964772253263771,137196.2143432632,0.013964772253263771,1.0,1.0,1.0,1.0,0.0,0.0,0.0,0.0,0.0,0.0,0.0,0.0,0.0,0.0
2010-12-09,0.009710630917096692,138528.4761439735,0.009710630917096692,1.0,1.0,1.0,1.0,0.0,0.0,0.0,0.0,0.0,0.0,0.0,0.0,0.0,0.0
2010-12-10,0.00568445598989016,139315.93516996046,0.00568445598989016,1.0,1.0,1.0,1.0,0.0,0.0,0.0,0.0,0.0,0.0,0.0,0.0,0.0,0.0
2010-12-13,0.0007004061204315749,139413.51290362715,0.0007004061204315749,1.0,1.0000000000000002,1.0,1.0000000000000002,-2.220446049250313e-16,0.0,0.0,0.0,0.0,0.0,0.0,0.0,0.0,0.0
2010-12-14,-0.007066764973166632,138428.3103738537,-0.007066764973166632,1.0,1.0,1.0,1.0,0.0,0.0,0.0,0.0,0.0,0.0,0.0,0.0,0.0,0.0
2010-12-15,-0.00618146216195081,137572.62101113494,-0.00618146216195081,1.0,1.0,1.0,1.0,0.0,0.0,0.0,0.0,0.0,0.0,0.0,0.0,0.0,0.0
2010-12-16,-0.00014092761355336046,137553.23322996558,-0.00014092761355336046,1.0,1.0,1.0,1.0,0.0,0.0,0.0,0.0,0.0,0.0,0.0,0.0,0.0,0.0
2010-12-17,0.004661423267267735,138194.42707183165,0.004661423267267735,1.0,1.0,1.0,1.0,0.0,0.0,0.0,0.0,0.0,0.0,0.0,0.0,0.0,0.0
2010-12-20,0.0017874170109568126,138441.43814159927,0.0017874170109568126,1.0,1.0,1.0,1.0,0.0,0.0,0.0,0.0,0.0,0.0,0.0,0.0,0.0,0.0
2010-12-21,0.015145976467531934,140538.2689058232,0.015145976467531934,1.0,1.0,1.0,1.0,0.0,0.0,0.0,0.0,0.0,0.0,0.0,0.0,0.0,0.0
2010-12-22,0.010937450352471909,142075.39924460303,0.010937450352471909,1.0,1.0,1.0,1.0,0.0,0.0,0.0,0.0,0.0,0.0,0.0,0.0,0.0,0.0
2010-12-23,-0.0042563940563867565,141470.67035969952,-0.0042563940563867565,1.0,1.0000000000000002,1.0,1.0000000000000002,-2.220446049250313e-16,0.0,0.0,0.0,0.0,0.0,0.0,0.0,0.0,0.0
2010-12-27,0.005642983423525266,142268.9870074543,0.005642983423525266,1.0,1.0,1.0,1.0,0.0,0.0,0.0,0.0,0.0,0.0,0.0,0.0,0.0,0.0
2010-12-28,0.0010298236766821591,142415.49897873215,0.0010298236766821591,1.0,1.0,1.0,1.0,0.0,0.0,0.0,0.0,0.0,0.0,0.0,0.0,0.0,0.0
2010-12-29,-0.0019624452748132136,142136.01635570117,-0.0019624452748132136,1.0,1.0,1.0,1.0,0.0,0.0,0.0,0.0,0.0,0.0,0.0,0.0,0.0,0.0
2010-12-30,-0.006110005720099577,141267.56448273567,-0.006110005720099577,1.0,1.0,1.0,1.0,0.0,0.0,0.0,0.0,0.0,0.0,0.0,0.0,0.0,0.0
2010-12-31,0.00557046947792639,142054.49113890776,0.00557046947792639,1.0,1.0000000000000002,1.0,1.0000000000000002,-2.220446049250313e-16,0.0,0.0,0.0,0.0,0.0,0.0,0.0,0.0,0.0
2011-01-03,0.01778825367597106,144581.3924630976,0.01778825367597106,1.0,1.0,1.0,1.0,0.0,0.0,0.0,0.0,0.0,0.0,0.0,0.0,0.0,0.0
2011-01-04,-0.0058987819560335384,143728.5383540581,-0.0058987819560335384,1.0,1.0,1.0,1.0,0.0,0.0,0.0,0.0,0.0,0.0,0.0,0.0,0.0,0.0
2011-01-05,0.011443277494729983,145373.2639023555,0.011647834269903934,0.7979597838596133,0.7979597838596133,1.0,0.7979597838596133,0.2020402161403867,0.20455677517395035,0.0,0.0,0.20455677517395035,29.400646306171566,0.0,0.0,29.400646306171566,0.0
2011-01-06,-0.00845554924307022,144144.0531108033,-0.008265674230463274,0.6049341474951634,0.6049341474951635,1.0,0.6049341474951635,0.3950658525048365,0.18987501260694664,0.0,0.0,0.18987501260694664,27.602750316172735,0.0,0.0,27.602750316172735,0.0
2011-01-07,-0.005176596292365869,143397.87753990333,-0.005176596292365869,0.6028784093413414,0.6028784093413415,1.0,0.6028784093413415,0.3971215906586585,0.0,0.0,0.0,0.0,0.0,0.0,0.0,0.0,0.0
2011-01-10,-0.001486781723797526,143184.67619634565,-0.001486781723797526,0.6022870970659405,0.6022870970659405,1.0,0.6022870970659405,0.3977129029340595,0.0,0.0,0.0,0.0,0.0,0.0,0.0,0.0,0.0
2011-01-11,0.001835916131147877,143447.5512531077,0.00223323171849459,1.0,1.0,1.0,1.0,0.0,0.39731558734671274,0.0,0.0,0.39731558734671274,56.88950372199995,0.0,0.0,56.88950372199995,0.0
2011-01-12,0.014591261459425063,145540.63197915608,0.014591261459425063,1.0,1.0000000000000002,1.0,1.0000000000000002,-2.220446049250313e-16,0.0,0.0,0.0,0.0,0.0,0.0,0.0,0.0,0.0
2011-01-13,-0.004130221170064755,144939.51697985118,-0.004130221170064755,1.0,1.0,1.0,1.0,0.0,0.0,0.0,0.0,0.0,0.0,0.0,0.0,0.0,0.0
2011-01-14,0.010891535027371106,146518.13080588746,0.010891535027371106,1.0,1.0000000000000002,1.0,1.0000000000000002,-2.220446049250313e-16,0.0,0.0,0.0,0.0,0.0,0.0,0.0,0.0,0.0
2011-01-18,-0.006044388302864906,145632.51832988672,-0.006044388302864906,1.0,1.0,1.0,1.0,0.0,0.0,0.0,0.0,0.0,0.0,0.0,0.0,0.0,0.0
2011-01-19,-0.013974258585882054,143597.41186023166,-0.013974258585882054,1.0,0.9999999999999998,1.0,0.9999999999999998,2.220446049250313e-16,0.0,0.0,0.0,0.0,0.0,0.0,0.0,0.0,0.0
2011-01-20,-0.005289081111783674,142837.9135014607,-0.005289081111783674,1.0,1.0000000000000002,1.0,1.0000000000000002,-2.220446049250313e-16,0.0,0.0,0.0,0.0,0.0,0.0,0.0,0.0,0.0
2011-01-21,0.002829065943620722,143242.01137800553,0.002829065943620722,1.0,1.0,1.0,1.0,0.0,0.0,0.0,0.0,0.0,0.0,0.0,0.0,0.0,0.0
2011-01-24,-0.004452286152661929,142604.2569542678,-0.004452286152661929,1.0,1.0,1.0,1.0,0.0,0.0,0.0,0.0,0.0,0.0,0.0,0.0,0.0,0.0
2011-01-25,-0.005620732476169222,141802.71657596494,-0.005620732476169222,1.0,1.0000000000000002,1.0,1.0000000000000002,-2.220446049250313e-16,0.0,0.0,0.0,0.0,0.0,0.0,0.0,0.0,0.0
2011-01-26,0.0038231967443563275,142344.85626031907,0.0038231967443563275,1.0,1.0,1.0,1.0,0.0,0.0,0.0,0.0,0.0,0.0,0.0,0.0,0.0,0.0
2011-01-27,0.0005441891742243304,142422.31879010246,0.0007491843631880643,0.7953211902177064,0.7953211902177065,1.0,0.7953211902177065,0.20467880978229347,0.20499518896373387,0.0,0.0,0.20499518896373387,29.180010707099644,0.0,0.0,29.180010707099644,0.0
2011-01-28,-0.0037760946376703746,141884.51863583457,-0.0037760946376703746,0.7945453741065858,0.794545374106586,1.0,0.794545374106586,0.205454625893414,0.0,0.0,0.0,0.0,0.0,0.0,0.0,0.0,0.0
2011-01-31,0.011487075761833495,143514.3568508357,0.011487075761833495,0.7968786445059918,0.7968786445059918,1.0,0.7968786445059918,0.20312135549400823,0.0,0.0,0.0,0.0,0.0,0.0,0.0,0.0,0.0
2011-02-01,0.0069706045354670275,144514.73867760474,0.0069706045354670275,0.7982847219381229,0.7982847219381229,1.0,0.7982847219381229,0.20171527806187706,0.0,0.0,0.0,0.0,0.0,0.0,0.0,0.0,0.0
2011-02-02,-0.0030678399267134947,144071.39059229102,-0.0028684136094353817,0.9979040354497816,0.9979040354497819,1.0,0.9979040354497819,0.002095964550218099,0.1994263172781129,0.0,0.0,0.1994263172781129,28.82004212688358,0.0,0.0,28.82004212688358,0.0
2011-02-03,0.0014365046448536966,144278.34981406736,0.0016415033487689847,0.7934071018961288,0.793407101896129,1.0,0.793407101896129,0.20659289810387105,0.20499870391528818,0.0,0.0,0.20499870391528818,29.534448342692905,0.0,0.0,29.534448342692905,0.0
2011-02-04,-0.0017292135932571674,144028.86173035618,-0.0017292135932571674,0.7930492398285053,0.7930492398285055,1.0,0.7930492398285055,0.2069507601714945,0.0,0.0,0.0,0.0,0.0,0.0,0.0,0.0,0.0
2011-02-07,-0.001225026272683787,143852.42259071177,-0.001225026272683787,0.7927954087604162,0.7927954087604163,1.0,0.7927954087604163,0.20720459123958368,0.0,0.0,0.0,0.0,0.0,0.0,0.0,0.0,0.0
2011-02-08,0.004338540688008522,144476.53217919017,0.004338540688008522,0.7936904909597107,0.7936904909597107,1.0,0.7936904909597107,0.20630950904028933,0.0,0.0,0.0,0.0,0.0,0.0,0.0,0.0,0.0
2011-02-09,-0.006208073990989464,143579.61117746017,-0.005629355406963189,1.0,1.0,1.0,1.0,0.0,0.5787185840262754,0.0,0.0,0.5787185840262754,83.61125412776755,0.0,0.0,83.61125412776755,0.0
2011-02-10,-0.000709627249573671,143477.72317288548,-0.000709627249573671,1.0,1.0000000000000002,1.0,1.0000000000000002,-2.220446049250313e-16,0.0,0.0,0.0,0.0,0.0,0.0,0.0,0.0,0.0
2011-02-11,0.011601254816038726,145142.24479983916,0.011601254816038726,1.0,1.0,1.0,1.0,0.0,0.0,0.0,0.0,0.0,0.0,0.0,0.0,0.0,0.0
2011-02-14,0.0030489617319838054,145584.7779499281,0.0030489617319838054,1.0,1.0,1.0,1.0,0.0,0.0,0.0,0.0,0.0,0.0,0.0,0.0,0.0,0.0
2011-02-15,-0.0006759899356180895,145486.36410525476,-0.0006759899356180895,1.0,1.0000000000000002,1.0,1.0000000000000002,-2.220446049250313e-16,0.0,0.0,0.0,0.0,0.0,0.0,0.0,0.0,0.0
2011-02-16,0.009289684571307657,146837.886537219,0.009289684571307657,1.0,1.0,1.0,1.0,0.0,0.0,0.0,0.0,0.0,0.0,0.0,0.0,0.0,0.0
2011-02-17,0.0032793367358983794,147319.41741276215,0.0032793367358983794,1.0,1.0,1.0,1.0,0.0,0.0,0.0,0.0,0.0,0.0,0.0,0.0,0.0,0.0
2011-02-18,0.0038802817117412985,147891.0582539333,0.0038802817117412985,1.0,1.0000000000000002,1.0,1.0000000000000002,-2.220446049250313e-16,0.0,0.0,0.0,0.0,0.0,0.0,0.0,0.0,0.0
2011-02-22,-0.027217561974503077,143865.824210432,-0.027217561974503077,1.0,1.0,1.0,1.0,0.0,0.0,0.0,0.0,0.0,0.0,0.0,0.0,0.0,0.0
2011-02-23,-0.003783766995871475,143321.46945295075,-0.003783766995871475,1.0,0.9999999999999998,1.0,0.9999999999999998,2.220446049250313e-16,0.0,0.0,0.0,0.0,0.0,0.0,0.0,0.0,0.0
2011-02-24,0.0023393881387498744,143656.7539986172,0.0027474158981191693,0.9934116395695088,0.9934116395695086,1.0,0.9934116395695086,0.00658836043049138,0.4080277593692948,0.0,0.0,0.4080277593692948,58.47913805040233,0.0,0.0,58.47913805040233,0.0
2011-02-25,0.007195293262325435,144690.40647275097,0.007614041945836875,0.5781172746726196,0.5781172746726196,1.0,0.5781172746726196,0.42188272532738036,0.41874868351144007,0.0,0.0,0.41874868351144007,60.15607661444776,0.0,0.0,60.15607661444776,0.0
2011-02-28,0.005888110021298981,145542.35950508903,0.005888110021298981,0.5805868255879402,0.5805868255879403,1.0,0.5805868255879403,0.4194131744120597,0.0,0.0,0.0,0.0,0.0,0.0,0.0,0.0,0.0
2011-03-01,-0.005833426440092082,144693.34885699864,-0.005833426440092082,0.5781258537890418,0.5781258537890419,1.0,0.5781258537890419,0.4218741462109581,0.0,0.0,0.0,0.0,0.0,0.0,0.0,0.0,0.0
2011-03-02,0.005588747293966548,145502.0034188782,0.005588747293966548,0.5804704981572049,0.5804704981572049,1.0,0.5804704981572049,0.41952950184279514,0.0,0.0,0.0,0.0,0.0,0.0,0.0,0.0,0.0
2011-03-03,0.009964818110779008,146951.90441770124,0.010368925266128448,0.9851299381238864,0.9851299381238867,1.0,0.9851299381238867,0.014870061876113283,0.40410715534944075,0.0,0.0,0.40410715534944075,58.798400699247466,0.0,0.0,58.798400699247466,0.0
2011-03-04,-0.0033215990973887955,146463.78910462785,-0.0033215990973887955,0.9850803811313188,0.9850803811313189,1.0,0.9850803811313189,0.014919618868681095,0.0,0.0,0.0,0.0,0.0,0.0,0.0,0.0,0.0
2011-03-07,-0.010659337577498092,144902.58213368215,-0.010659337577498092,0.9849196344238508,0.9849196344238507,1.0,0.9849196344238507,0.015080365576149335,0.0,0.0,0.0,0.0,0.0,0.0,0.0,0.0,0.0
2011-03-08,0.010995341878293943,146495.83556328955,0.011195173784547742,0.7876227208675483,0.7876227208675483,1.0,0.7876227208675483,0.21237727913245175,0.19983190625379943,0.0,0.0,0.19983190625379943,28.956159208871444,0.0,0.0,28.956159208871444,0.0
2011-03-09,0.00018165656919855706,146522.44749417985,0.00018165656919855706,0.787661293588463,0.787661293588463,1.0,0.787661293588463,0.21233870641153696,0.0,0.0,0.0,0.0,0.0,0.0,0.0,0.0,0.0
2011-03-10,-0.015929343211223215,144188.44113989663,-0.01573248970916505,0.984464173638506,0.984464173638506,1.0,0.984464173638506,0.015535826361493976,0.19685350205816698,0.0,0.0,0.19685350205816698,28.8434569193632,0.0,0.0,28.8434569193632,0.0
2011-03-11,0.007086156994011745,145210.18307053577,0.007086156994011745,0.9845734883221252,0.9845734883221252,1.0,0.9845734883221252,0.015426511677874788,0.0,0.0,0.0,0.0,0.0,0.0,0.0,0.0,0.0
2011-03-14,-0.0009246984513124738,145075.90743913563,-0.0009246984513124738,0.9845592102477544,0.9845592102477545,1.0,0.9845592102477545,0.015440789752245498,0.0,0.0,0.0,0.0,0.0,0.0,0.0,0.0,0.0
2011-03-15,-0.009552135655420187,143690.1226909438,-0.009552135655420187,0.9844102952733776,0.9844102952733774,1.0,0.9844102952733774,0.015589704726622577,0.0,0.0,0.0,0.0,0.0,0.0,0.0,0.0,0.0
2011-03-16,-0.019809336281078616,140843.71673028945,-0.019809336281078616,0.984095232383184,0.9840952323831837,1.0,0.9840952323831837,0.01590476761681625,0.0,0.0,0.0,0.0,0.0,0.0,0.0,0.0,0.0
2011-03-17,0.01006260799789952,142260.97184071358,0.010463526261421963,0.9878064504059648,0.9878064504059649,1.0,0.9878064504059649,0.012193549594035069,0.4009182635224432,0.0,0.0,0.4009182635224432,56.466818339554536,0.0,0.0,56.466818339554536,0.0
2011-03-18,0.004447364318830058,142893.65821084005,0.004447364318830058,0.9878604394543818,0.9878604394543818,1.0,0.9878604394543818,0.012139560545618155,0.0,0.0,0.0,0.0,0.0,0.0,0.0,0.0,0.0
2011-03-21,0.019036865949185456,145613.90562718853,0.019036865949185456,0.98808722142323,0.9880872214232301,1.0,0.9880872214232301,0.011912778576769867,0.0,0.0,0.0,0.0,0.0,0.0,0.0,0.0,0.0
2011-03-22,-0.002893722802919839,145192.53934805293,-0.002893722802919839,0.9880526491015008,0.9880526491015007,1.0,0.9880526491015007,0.011947350898499298,0.0,0.0,0.0,0.0,0.0,0.0,0.0,0.0,0.0
2011-03-23,0.00574297310979769,146026.37619727204,0.00574297310979769,0.988120870622086,0.9881208706220856,1.0,0.9881208706220856,0.011879129377914355,0.0,0.0,0.0,0.0,0.0,0.0,0.0,0.0,0.0
2011-03-24,0.008555809993749329,147275.75012609165,0.008555809993749329,0.988221643998077,0.988221643998077,1.0,0.988221643998077,0.011778356001923007,0.0,0.0,0.0,0.0,0.0,0.0,0.0,0.0,0.0
2011-03-25,0.004262615671656625,147903.5300466341,0.004262615671656625,0.9882716374998728,0.9882716374998729,1.0,0.9882716374998729,0.011728362500127099,0.0,0.0,0.0,0.0,0.0,0.0,0.0,0.0,0.0
2011-03-28,-0.003084269775302939,147447.35565925064,-0.003084269775302939,0.9882353521520986,0.9882353521520986,1.0,0.9882353521520986,0.011764647847901433,0.0,0.0,0.0,0.0,0.0,0.0,0.0,0.0,0.0
2011-03-29,0.008486660280332499,148698.69127596405,0.008486660280332499,0.9883343545222192,0.9883343545222193,1.0,0.9883343545222193,0.011665645477780706,0.0,0.0,0.0,0.0,0.0,0.0,0.0,0.0,0.0
2011-03-30,0.009897193136676061,150170.39094269322,0.009897193136676061,0.9884486801656038,0.988448680165604,1.0,0.988448680165604,0.011551319834395946,0.0,0.0,0.0,0.0,0.0,0.0,0.0,0.0,0.0
2011-03-31,0.004568554081131911,150856.45249509966,0.004568554081131911,0.9885012129958994,0.9885012129958993,1.0,0.9885012129958993,0.011498787004100675,0.0,0.0,0.0,0.0,0.0,0.0,0.0,0.0,0.0
2011-04-01,0.006743609965288179,151873.76957147362,0.006743609965288179,0.9885782369112855,0.9885782369112855,1.0,0.9885782369112855,0.011421763088714454,0.0,0.0,0.0,0.0,0.0,0.0,0.0,0.0,0.0
2011-04-04,0.006830577582078605,152911.1551372143,0.006830577582078605,0.9886557248627234,0.9886557248627234,1.0,0.9886557248627234,0.01134427513727665,0.0,0.0,0.0,0.0,0.0,0.0,0.0,0.0,0.0
2011-04-05,0.00047456213169391325,152983.720980956,0.00047456213169391325,0.9886611058724916,0.9886611058724913,1.0,0.9886611058724913,0.011338894127508659,0.0,0.0,0.0,0.0,0.0,0.0,0.0,0.0,0.0
2011-04-06,-0.000370898120856926,152926.97960632245,-0.000370898120856926,0.9886568987375486,0.9886568987375484,1.0,0.9886568987375484,0.011343101262451638,0.0,0.0,0.0,0.0,0.0,0.0,0.0,0.0,0.0
2011-04-07,-0.0032278675947333916,152433.35156449073,-0.0032278675947333916,0.9886201661406004,0.9886201661406003,1.0,0.9886201661406003,0.011379833859399668,0.0,0.0,0.0,0.0,0.0,0.0,0.0,0.0,0.0
2011-04-08,-0.005493279941847121,151595.99249187298,-0.005298982835040082,0.7933823478361046,0.7933823478361046,1.0,0.7933823478361046,0.20661765216389538,0.19429710680703938,0.0,0.0,0.19429710680703938,29.61735918988084,0.0,0.0,29.61735918988084,0.0
2011-04-11,-0.003165989923347811,151116.0411072238,-0.003165989923347811,0.7927261208232579,0.7927261208232578,1.0,0.7927261208232578,0.20727387917674223,0.0,0.0,0.0,0.0,0.0,0.0,0.0,0.0,0.0
2011-04-12,-0.0070889865207605105,150044.781528744,-0.0070889865207605105,0.7912462684340281,0.7912462684340282,1.0,0.7912462684340282,0.20875373156597177,0.0,0.0,0.0,0.0,0.0,0.0,0.0,0.0,0.0
2011-04-13,-0.0016748315077272052,149793.4818010696,-0.0016748315077272052,0.7908960545578115,0.7908960545578114,1.0,0.7908960545578114,0.20910394544218858,0.0,0.0,0.0,0.0,0.0,0.0,0.0,0.0,0.0
2011-04-14,0.0023865310501545597,150150.96859649863,0.002587048459846529,0.9916339475035229,0.9916339475035229,1.0,0.9916339475035229,0.00836605249647715,0.20051740969196932,0.0,0.0,0.20051740969196932,30.036200959491627,0.0,0.0,30.036200959491627,0.0
2011-04-15,0.007489750721766125,151275.56192191815,0.007489750721766125,0.9916961413349528,0.9916961413349531,1.0,0.9916961413349531,0.008303858665046904,0.0,0.0,0.0,0.0,0.0,0.0,0.0,0.0,0.0
2011-04-18,-0.014959142187526569,149012.6092816302,-0.014959142187526569,0.9915700363094704,0.9915700363094707,1.0,0.9915700363094707,0.008429963690529285,0.0,0.0,0.0,0.0,0.0,0.0,0.0,0.0,0.0
2011-04-19,0.009683358399975459,150455.5517834197,0.009683358399975459,0.991650883794016,0.991650883794016,1.0,0.991650883794016,0.008349116205983997,0.0,0.0,0.0,0.0,0.0,0.0,0.0,0.0,0.0
2011-04-20,0.015232810037702436,152747.41262285426,0.01543004358444341,0.7976962255656515,0.7976962255656515,1.0,0.7976962255656515,0.20230377443434855,0.19723354674097426,0.0,0.0,0.19723354674097426,29.674882105114186,0.0,0.0,29.674882105114186,0.0
2011-04-21,0.005465469490164535,153582.24894624602,0.005666602810726681,0.999035948442732,0.9990359484427321,1.0,0.9990359484427321,0.0009640515572678643,0.20113332056214528,0.0,0.0,0.20113332056214528,30.72259430811082,0.0,0.0,30.72259430811082,0.0
2011-04-25,-0.0037393134301201953,153007.95678013325,-0.0037393134301201953,0.9990323300213853,0.9990323300213851,1.0,0.9990323300213851,0.0009676699786148601,0.0,0.0,0.0,0.0,0.0,0.0,0.0,0.0,0.0
2011-04-26,0.010942984480426781,154682.32047656007,0.010942984480426781,0.9990428045958376,0.9990428045958376,1.0,0.9990428045958376,0.000957195404162392,0.0,0.0,0.0,0.0,0.0,0.0,0.0,0.0,0.0
2011-04-27,0.001568233090145085,154924.8984099918,0.001568233090145085,0.9990443033509468,0.999044303350947,1.0,0.999044303350947,0.0009556966490530394,0.0,0.0,0.0,0.0,0.0,0.0,0.0,0.0,0.0
2011-04-28,0.00047025734791808114,154997.75298184456,0.00047025734791808114,0.9990447525630732,0.9990447525630731,1.0,0.9990447525630731,0.000955247436926876,0.0,0.0,0.0,0.0,0.0,0.0,0.0,0.0,0.0
2011-04-29,0.004204354026627718,155649.418408712,0.004204354026627718,0.9990487519466564,0.9990487519466565,1.0,0.9990487519466565,0.0009512480533434564,0.0,0.0,0.0,0.0,0.0,0.0,0.0,0.0,0.0
2011-05-02,-0.007337530039381393,154507.33612552582,-0.007337530039381393,0.99904172054235,0.9990417205423499,1.0,0.9990417205423499,0.0009582794576501463,0.0,0.0,0.0,0.0,0.0,0.0,0.0,0.0,0.0
2011-05-03,-0.00829148863439852,153226.24030410982,-0.00829148863439852,0.999033708547756,0.9990337085477561,1.0,0.9990337085477561,0.000966291452243917,0.0,0.0,0.0,0.0,0.0,0.0,0.0,0.0,0.0
2011-05-04,-0.015555281175722155,150842.76305268062,-0.015555281175722155,0.9990184401076396,0.9990184401076396,1.0,0.9990184401076396,0.000981559892360373,0.0,0.0,0.0,0.0,0.0,0.0,0.0,0.0,0.0
2011-05-05,-0.008310963012741849,149589.11442821,-0.008310963012741849,0.999010214033078,0.999010214033078,1.0,0.999010214033078,0.0009897859669220077,0.0,0.0,0.0,0.0,0.0,0.0,0.0,0.0,0.0
2011-05-06,0.008565690110578578,150870.44842631795,0.008565690110578578,0.999018620228085,0.999018620228085,1.0,0.999018620228085,0.0009813797719150363,0.0,0.0,0.0,0.0,0.0,0.0,0.0,0.0,0.0
2011-05-09,0.006327339825191369,151825.05702309022,0.006327339825191369,0.999024790708672,0.9990247907086721,1.0,0.9990247907086721,0.0009752092913278831,0.0,0.0,0.0,0.0,0.0,0.0,0.0,0.0,0.0
2011-05-10,0.010320206328451419,153391.9229373974,0.010320206328451419,0.9990347522644608,0.9990347522644609,1.0,0.9990347522644609,0.0009652477355390765,0.0,0.0,0.0,0.0,0.0,0.0,0.0,0.0,0.0
2011-05-11,-0.019536846056272695,150395.12855269384,-0.019536846056272695,0.9990155186029616,0.9990155186029616,1.0,0.9990155186029616,0.0009844813970384392,0.0,0.0,0.0,0.0,0.0,0.0,0.0,0.0,0.0
2011-05-12,0.001956450649500246,150689.36919963243,0.0021612270574514684,0.7948452621797465,0.7948452621797465,1.0,0.7948452621797465,0.2051547378202535,0.20477640795122268,0.0,0.0,0.20477640795122268,30.797374198383014,0.0,0.0,30.797374198383014,0.0
2011-05-13,-0.012085157477284364,148868.26444270223,-0.01188753498428122,0.9925756532765748,0.992575653276575,1.0,0.992575653276575,0.007424346723424957,0.1976224930031437,0.0,0.0,0.1976224930031437,29.7796088103025,0.0,0.0,29.7796088103025,0.0
2011-05-16,-0.0020360300795146543,148565.16417841174,-0.0020360300795146543,0.9925605062435104,0.9925605062435103,1.0,0.9925605062435103,0.007439493756489668,0.0,0.0,0.0,0.0,0.0,0.0,0.0,0.0,0.0
2011-05-17,0.0011196051331680403,148731.49849883586,0.0011196051331680403,0.9925688262238156,0.9925688262238156,1.0,0.9925688262238156,0.007431173776184408,0.0,0.0,0.0,0.0,0.0,0.0,0.0,0.0,0.0
2011-05-18,0.008903030729338143,150055.65960039152,0.008903030729338143,0.992634402365892,0.992634402365892,1.0,0.992634402365892,0.007365597634108045,0.0,0.0,0.0,0.0,0.0,0.0,0.0,0.0,0.0
2011-05-19,-0.0009826412567002084,149908.2087184668,-0.0009826412567002084,0.992627157506679,0.9926271575066791,1.0,0.9926271575066791,0.00737284249332093,0.0,0.0,0.0,0.0,0.0,0.0,0.0,0.0,0.0
2011-05-20,-0.009648197420505563,148461.86472579668,-0.009648197420505563,0.9925553298594322,0.9925553298594324,1.0,0.9925553298594324,0.0074446701405676,0.0,0.0,0.0,0.0,0.0,0.0,0.0,0.0,0.0
2011-05-23,-0.013159030236680459,146508.25055887594,-0.013159030236680459,0.992456058910532,0.9924560589105321,1.0,0.9924560589105321,0.007543941089467876,0.0,0.0,0.0,0.0,0.0,0.0,0.0,0.0,0.0
2011-05-24,0.0027551843663103986,146911.90780035127,0.0027551843663103986,0.9924767867500628,0.9924767867500628,1.0,0.9924767867500628,0.007523213249937211,0.0,0.0,0.0,0.0,0.0,0.0,0.0,0.0,0.0
2011-05-25,0.004509888298975727,147574.46409432025,0.004509888298975727,0.9925105632731231,0.9925105632731235,1.0,0.9925105632731235,0.007489436726876519,0.0,0.0,0.0,0.0,0.0,0.0,0.0,0.0,0.0
2011-05-26,0.006900898819688606,148592.86053940494,0.006900898819688606,0.9925618928976466,0.9925618928976466,1.0,0.9925618928976466,0.007438107102353375,0.0,0.0,0.0,0.0,0.0,0.0,0.0,0.0,0.0
2011-05-27,0.008416758043297943,149843.53069352664,0.008416758043297943,0.9926239751144298,0.9926239751144298,1.0,0.9926239751144298,0.007376024885570209,0.0,0.0,0.0,0.0,0.0,0.0,0.0,0.0,0.0
2011-05-31,0.010026109609431073,151345.8783565241,0.010225040826015101,0.7959376413222484,0.7959376413222485,1.0,0.7959376413222485,0.20406235867775147,0.1989312165840276,0.0,0.0,0.1989312165840276,29.808555858109337,0.0,0.0,29.808555858109337,0.0
2011-06-01,-0.02371473642764024,147756.75074188944,-0.02371473642764024,0.7909808062337643,0.7909808062337642,1.0,0.7909808062337642,0.2090191937662358,0.0,0.0,0.0,0.0,0.0,0.0,0.0,0.0,0.0
2011-06-02,0.0032287675855551877,148233.8229492318,0.0032287675855551877,0.7916535086316585,0.7916535086316584,1.0,0.7916535086316584,0.2083464913683416,0.0,0.0,0.0,0.0,0.0,0.0,0.0,0.0,0.0
2011-06-03,-0.004459763515170992,147572.73515392852,-0.004459763515170992,0.7907201700817278,0.7907201700817277,1.0,0.7907201700817277,0.20927982991827232,0.0,0.0,0.0,0.0,0.0,0.0,0.0,0.0,0.0
2011-06-06,-0.014468042075242844,145437.6466125628,-0.014270896254493742,0.9878878982538958,0.9878878982538961,1.0,0.9878878982538961,0.012112101746103887,0.19714582074910128,0.0,0.0,0.19714582074910128,29.09334799211099,0.0,0.0,29.09334799211099,0.0
2011-06-07,0.0005628600683778167,145519.50765627986,0.0007643933285019616,0.7866762428144313,0.7866762428144313,1.0,0.7866762428144313,0.21332375718556873,0.20153326012414485,0.0,0.0,0.20153326012414485,29.310523066613072,0.0,0.0,29.310523066613072,0.0
2011-06-08,-0.006019692732959864,144643.52493353744,-0.006019692732959864,0.7853843223794799,0.7853843223794799,1.0,0.7853843223794799,0.21461567762052014,0.0,0.0,0.0,0.0,0.0,0.0,0.0,0.0,0.0
2011-06-09,0.007192183269355062,145683.82767358498,0.007192183269355062,0.7869168554070031,0.7869168554070031,1.0,0.7869168554070031,0.21308314459299693,0.0,0.0,0.0,0.0,0.0,0.0,0.0,0.0,0.0
2011-06-10,-0.009602903964408471,144284.83986726814,-0.009602903964408471,0.784850798284914,0.7848507982849141,1.0,0.7848507982849141,0.2151492017150859,0.0,0.0,0.0,0.0,0.0,0.0,0.0,0.0,0.0
2011-06-13,0.002777157841106732,144685.54164165832,0.0029777533917850893,0.9856866948216576,0.9856866948216575,1.0,0.9856866948216575,0.014313305178342506,0.20059555067835702,0.0,0.0,0.20059555067835702,28.942896907713212,0.0,0.0,28.942896907713212,0.0
2011-06-14,0.010188824303896456,146159.71720475928,0.010188824303896456,0.9858310596653002,0.9858310596653003,1.0,0.9858310596653003,0.014168940334699731,0.0,0.0,0.0,0.0,0.0,0.0,0.0,0.0,0.0
2011-06-15,-0.018680236453371128,143429.41912741654,-0.018680236453371128,0.9855613421220712,0.9855613421220712,1.0,0.9855613421220712,0.014438657877928751,0.0,0.0,0.0,0.0,0.0,0.0,0.0,0.0,0.0
2011-06-16,-0.0012537824632444375,143249.58983700126,-0.0012537824632444375,0.9855432164603942,0.9855432164603942,1.0,0.9855432164603942,0.014456783539605778,0.0,0.0,0.0,0.0,0.0,0.0,0.0,0.0,0.0
2011-06-17,0.005732375541936125,144070.75028217523,0.005732375541936125,0.9856256158286484,0.9856256158286483,1.0,0.9856256158286483,0.014374384171351728,0.0,0.0,0.0,0.0,0.0,0.0,0.0,0.0,0.0
2011-06-20,0.0030802196396409933,144514.5198366922,0.0030802196396409933,0.9856697561272662,0.9856697561272662,1.0,0.9856697561272662,0.01433024387273385,0.0,0.0,0.0,0.0,0.0,0.0,0.0,0.0,0.0
2011-06-21,0.014501721470084415,146610.2291517469,0.014501721470084415,0.9858745987616776,0.9858745987616773,1.0,0.9858745987616773,0.014125401238322732,0.0,0.0,0.0,0.0,0.0,0.0,0.0,0.0,0.0
2011-06-22,-0.005046496996331332,145870.36107070115,-0.005046496996331332,0.9858029534086976,0.9858029534086978,1.0,0.9858029534086978,0.014197046591302165,0.0,0.0,0.0,0.0,0.0,0.0,0.0,0.0,0.0
2011-06-23,-0.00436599517545539,145233.4917780245,-0.00436599517545539,0.9857406973621756,0.9857406973621757,1.0,0.9857406973621757,0.014259302637824267,0.0,0.0,0.0,0.0,0.0,0.0,0.0,0.0,0.0
2011-06-24,-0.00850176434978516,143998.7508552313,-0.00850176434978516,0.9856184286314202,0.9856184286314201,1.0,0.9856184286314201,0.01438157136857987,0.0,0.0,0.0,0.0,0.0,0.0,0.0,0.0,0.0
2011-06-27,0.011510683586179732,145656.274913131,0.011510683586179732,0.9857820865345764,0.9857820865345764,1.0,0.9857820865345764,0.01421791346542356,0.0,0.0,0.0,0.0,0.0,0.0,0.0,0.0,0.0
2011-06-28,0.013213837067346532,147580.95319766973,0.013213837067346532,0.9859675095766792,0.9859675095766793,1.0,0.9859675095766793,0.014032490423320665,0.0,0.0,0.0,0.0,0.0,0.0,0.0,0.0,0.0
2011-06-29,0.012083297912967604,149364.2178214369,0.012083297912967604,0.9861350439709288,0.9861350439709288,1.0,0.9861350439709288,0.01386495602907123,0.0,0.0,0.0,0.0,0.0,0.0,0.0,0.0,0.0
2011-06-30,0.00700090052209929,150409.90185196596,0.00700090052209929,0.9862314363156154,0.9862314363156154,1.0,0.9862314363156154,0.013768563684384616,0.0,0.0,0.0,0.0,0.0,0.0,0.0,0.0,0.0
2011-07-01,0.016596131385411574,152906.12434476803,0.016596131385411574,0.986456210820298,0.986456210820298,1.0,0.986456210820298,0.013543789179702004,0.0,0.0,0.0,0.0,0.0,0.0,0.0,0.0,0.0
2011-07-05,-0.0029935913755274593,152448.38588966423,-0.0029935913755274593,0.9864155445115064,0.9864155445115064,1.0,0.9864155445115064,0.01358445548849363,0.0,0.0,0.0,0.0,0.0,0.0,0.0,0.0,0.0
2011-07-06,-0.0035224821713716187,151911.3891683135,-0.0035224821713716187,0.9863675243591096,0.9863675243591097,1.0,0.9863675243591097,0.013632475640890318,0.0,0.0,0.0,0.0,0.0,0.0,0.0,0.0,0.0
2011-07-07,0.01226656283593532,153774.81976904083,0.01226656283593532,0.9865327215761251,0.9865327215761251,1.0,0.9865327215761251,0.013467278423874851,0.0,0.0,0.0,0.0,0.0,0.0,0.0,0.0,0.0
2011-07-08,-0.010679008293342701,152132.65719341996,-0.010679008293342701,0.9863873519951876,0.9863873519951875,1.0,0.9863873519951875,0.013612648004812544,0.0,0.0,0.0,0.0,0.0,0.0,0.0,0.0,0.0
2011-07-11,-0.0235863613767806,148544.4013636461,-0.023399004463450133,0.7943676773042,0.7943676773042,1.0,0.7943676773042,0.2056323226958,0.18735691333046808,0.0,0.0,0.18735691333046808,28.503105068521396,0.0,0.0,28.503105068521396,0.0
2011-07-12,-0.005418260890918693,147739.5490431725,-0.005219304751869067,0.9934874859929296,0.9934874859929297,1.0,0.9934874859929297,0.006512514007070314,0.19895613904962622,0.0,0.0,0.19895613904962622,29.553820572749057,0.0,0.0,29.553820572749057,0.0
2011-07-13,0.004810135139655651,148450.19623954195,0.005000720337834757,0.8040354887934831,0.8040354887934831,1.0,0.8040354887934831,0.19596451120651692,0.19058519817910563,0.0,0.0,0.19058519817910563,28.15697123328473,0.0,0.0,28.15697123328473,0.0
2011-07-14,-0.0062013696628185205,147529.6016961426,-0.0062013696628185205,0.8028126571878762,0.8028126571878762,1.0,0.8028126571878762,0.1971873428121238,0.0,0.0,0.0,0.0,0.0,0.0,0.0,0.0,0.0
2011-07-15,0.0015370052257683287,147756.3554649051,0.0015370052257683287,0.8031152700466885,0.8031152700466885,1.0,0.8031152700466885,0.19688472995331152,0.0,0.0,0.0,0.0,0.0,0.0,0.0,0.0,0.0
2011-07-18,-0.007977745962477254,146577.59279666457,-0.007977745962477254,0.8015319423006971,0.8015319423006971,1.0,0.8015319423006971,0.19846805769930287,0.0,0.0,0.0,0.0,0.0,0.0,0.0,0.0,0.0
2011-07-19,0.013516998627354662,148558.88191729804,0.013715268415266053,1.0,0.9999999999999998,1.0,0.9999999999999998,2.220446049250313e-16,0.19826978791139155,0.0,0.0,0.19826978791139155,29.061908236357,0.0,0.0,29.061908236357,0.0
2011-07-20,0.004795584233100073,149271.3085491076,0.0049889509659841146,0.8077485916714143,0.8077485916714144,1.0,0.8077485916714144,0.19225140832858556,0.1933667328840415,0.0,0.0,0.1933667328840415,28.726345637254035,0.0,0.0,28.726345637254035,0.0
2011-07-21,0.012813399599490056,151183.98147428612,0.012813399599490056,0.8101808206678446,0.8101808206678446,1.0,0.8101808206678446,0.18981917933215542,0.0,0.0,0.0,0.0,0.0,0.0,0.0,0.0,0.0
2011-07-22,0.0015450809058067414,151417.5729573259,0.0015450809058067414,0.8104736542058784,0.8104736542058784,1.0,0.8104736542058784,0.18952634579412164,0.0,0.0,0.0,0.0,0.0,0.0,0.0,0.0,0.0
2011-07-25,-0.00475055622775421,150698.25526312203,-0.00475055622775421,0.8095690010378009,0.8095690010378009,1.0,0.8095690010378009,0.19043099896219906,0.0,0.0,0.0,0.0,0.0,0.0,0.0,0.0,0.0
2011-07-26,-0.00013079260499123692,150678.54504574853,5.9448153212758016e-05,1.0,1.0,1.0,1.0,0.0,0.19024075820399494,0.0,0.0,0.19024075820399494,28.668950341275508,0.0,0.0,28.668950341275508,0.0
2011-07-27,-0.023203479434861077,147182.2785245047,-0.02300074656391089,0.7926588252361275,0.7926588252361275,1.0,0.7926588252361275,0.20734117476387248,0.20273287095018913,0.0,0.0,0.20273287095018913,30.547494027722,0.0,0.0,30.547494027722,0.0
2011-07-28,-0.0006350531470473335,147088.80995533813,-0.0006350531470473335,0.7925270688983044,0.7925270688983043,1.0,0.7925270688983043,0.20747293110169573,0.0,0.0,0.0,0.0,0.0,0.0,0.0,0.0,0.0
2011-07-29,-0.002561873408322184,146711.98704445182,-0.002561873408322184,0.791994184330364,0.791994184330364,1.0,0.791994184330364,0.20800581566963605,0.0,0.0,0.0,0.0,0.0,0.0,0.0,0.0,0.0
2011-08-01,-0.0030686827447924656,146261.7745013543,-0.0030686827447924656,0.7913539156916785,0.7913539156916785,1.0,0.7913539156916785,0.20864608430832154,0.0,0.0,0.0,0.0,0.0,0.0,0.0,0.0,0.0
2011-08-02,-0.023834879074665378,142775.64279286854,-0.023639606996064592,0.9864994831853436,0.9864994831853436,1.0,0.9864994831853436,0.01350051681465636,0.19527207860078707,0.0,0.0,0.19527207860078707,28.56084072671905,0.0,0.0,28.56084072671905,0.0
2011-08-03,0.008007261617036989,143918.88471725167,0.008007261617036989,0.9866067266291326,0.9866067266291324,1.0,0.9866067266291324,0.013393273370867598,0.0,0.0,0.0,0.0,0.0,0.0,0.0,0.0,0.0
2011-08-04,-0.05397071755209513,136151.47923976433,-0.05397071755209513,0.9858426439652992,0.9858426439652993,1.0,0.9858426439652993,0.014157356034700697,0.0,0.0,0.0,0.0,0.0,0.0,0.0,0.0,0.0
2011-08-05,-0.013010781640945258,134380.04207328407,-0.012808426780964294,0.7808386787493843,0.7808386787493843,1.0,0.7808386787493843,0.21916132125061571,0.20235485998096314,0.0,0.0,0.20235485998096314,27.550913517763522,0.0,0.0,27.550913517763522,0.0
2011-08-08,-0.051533485949914526,127454.97006315156,-0.051533485949914526,0.7689308815819272,0.7689308815819272,1.0,0.7689308815819272,0.23106911841807276,0.0,0.0,0.0,0.0,0.0,0.0,0.0,0.0,0.0
2011-08-09,0.03221497670304764,131560.92895442364,0.03363736436233506,0.991665581898128,0.6002400800240066,1.0,0.6002400800240066,0.39975991997599336,1.01819418235488,0.0,0.40419347693253715,1.4223876592874172,129.7739090305163,0.0,51.51646750215766,181.29037653267395,2.0
2011-08-10,-0.030202094711907816,127587.51331775555,-0.030202094711907816,0.991158122861242,0.6047459785371866,1.0,0.6047459785371866,0.3952540214628134,0.0,0.0,0.0,0.0,0.0,0.0,0.0,0.0,2.0
2011-08-11,0.02886628100070772,131270.49032936743,0.029268929687138297,0.7909622817395943,0.4026486864305763,0.0,0.0,1.0,0.0,0.4026486864305763,0.0,0.4026486864305763,0.0,51.372944642337934,0.0,51.372944642337934,2.0
2011-08-12,-0.00020340843345281376,131243.78880457094,0.0,0.7914729706081242,0.4068168669056275,0.5,0.20340843345281376,0.7965915665471862,0.0,0.20340843345281376,0.0,0.20340843345281376,0.0,26.70152479647937,0.0,26.70152479647937,2.0
2011-08-15,0.004387120850637193,131819.5711669521,0.004387120850637193,0.7957848869627852,0.4069975267423361,0.5,0.20349876337116804,0.796501236628832,0.0,0.0,0.0,0.0,0.0,0.0,0.0,0.0,2.0
2011-08-16,-0.0034077809974044746,131370.35893724335,-0.003309209206201666,0.9930246147323366,0.6063014701130418,0.5,0.3031507350565209,0.6968492649434791,0.09857179120280841,0.0,0.0,0.09857179120280841,12.993691245512549,0.0,0.0,12.993691245512549,2.0
2011-08-17,-0.0006127849056222057,131289.85716424044,-0.0006127849056222057,0.9930327462141556,0.6043705394516741,0.5,0.30218526972583704,0.697814730274163,0.0,0.0,0.0,0.0,0.0,0.0,0.0,0.0,2.0
2011-08-18,-0.016861599114252102,129076.1002249696,-0.016861599114252102,0.9926463566526424,0.6022942687976728,0.5,0.3011471343988364,0.6988528656011637,0.0,0.0,0.0,0.0,0.0,0.0,0.0,0.0,2.0
2011-08-19,-0.004989327638755846,128432.09727061435,-0.004889771015933408,0.588616823289363,0.19911324564487723,0.0,0.0,1.0,0.0,0.09955662282243861,0.0,0.09955662282243861,0.0,12.850380625488583,0.0,12.850380625488583,2.0
2011-08-22,0.0,128432.09727061435,0.0,0.5869378073925112,0.20068082867116213,0.0,0.0,1.0,0.0,0.0,0.0,0.0,0.0,0.0,0.0,0.0,2.0
2011-08-23,0.0,128432.09727061435,0.0,1.0,0.8036128780761439,0.0,0.0,1.0,0.0,0.0,0.0,0.0,0.0,0.0,0.0,0.0,1.0
2011-08-24,0.0,128432.09727061435,0.0,1.0,0.8021631925919306,0.0,0.0,1.0,0.0,0.0,0.0,0.0,0.0,0.0,0.0,0.0,1.0
2011-08-25,0.0,128432.09727061435,0.0,1.0,0.7995523558459224,0.0,0.0,1.0,0.0,0.0,0.0,0.0,0.0,0.0,0.0,0.0,1.0
2011-08-26,0.0,128432.09727061435,0.0,1.0,0.8013313454652651,0.0,0.0,1.0,0.0,0.0,0.0,0.0,0.0,0.0,0.0,0.0,1.0
2011-08-29,0.0,128432.09727061435,0.0,1.0,0.8003042081993345,0.0,0.0,1.0,0.0,0.0,0.0,0.0,0.0,0.0,0.0,0.0,1.0
2011-08-30,-0.0004011971721320214,128380.5706763784,0.0,1.0,0.8023943442640428,0.5,0.4011971721320214,0.5988028278679787,0.0,0.4011971721320214,0.0,0.4011971721320214,0.0,51.52659423595519,0.0,51.52659423595519,1.0
2011-08-31,0.0016138098638421702,128587.75250766161,0.0016138098638421702,1.0,0.8009996577586711,0.5,0.40049982887933555,0.5995001711206644,0.0,0.0,0.0,0.0,0.0,0.0,0.0,0.0,1.0
2011-09-01,-0.006481689797820968,127754.28658410799,-0.006481689797820968,1.0,0.8020115777063451,0.5,0.40100578885317256,0.5989942111468274,0.0,0.0,0.0,0.0,0.0,0.0,0.0,0.0,1.0
2011-09-02,-0.012689356297486232,126133.16692311107,-0.012689356297486232,1.0,0.8035955820753677,0.5,0.40179779103768387,0.5982022089623161,0.0,0.0,0.0,0.0,0.0,0.0,0.0,0.0,1.0
2011-09-06,-0.0035125396667752343,125690.11917099766,-0.0031099606954234915,1.0,0.8051579427034851,0.0,0.0,1.0,0.0,0.40257897135174253,0.0,0.40257897135174253,0.0,50.77856059324369,0.0,50.77856059324369,1.0
2011-09-07,0.0,125690.11917099766,0.0,1.0,0.8027563361998389,0.0,0.0,1.0,0.0,0.0,0.0,0.0,0.0,0.0,0.0,0.0,1.0
2011-09-08,-0.00040194411335128295,125639.59876749046,0.0,1.0,0.8038882267025659,0.5,0.40194411335128294,0.5980558866487171,0.0,0.40194411335128294,0.0,0.40194411335128294,0.0,50.520403507203746,0.0,50.520403507203746,1.0
2011-09-09,-0.011272221138474226,124223.36142643413,-0.010972160799027991,0.7955631043012079,0.6001206788924693,0.0,0.0,1.0,0.0,0.30006033944623467,0.0,0.30006033944623467,0.0,37.699460654061916,0.0,37.699460654061916,1.0
2011-09-12,0.0,124223.36142643413,0.0,0.7967100708448865,0.6001393028149548,0.0,0.0,1.0,0.0,0.0,0.0,0.0,0.0,0.0,0.0,0.0,1.0
2011-09-13,0.0,124223.36142643413,0.0,0.7987304362807863,0.6028547282034283,0.0,0.0,1.0,0.0,0.0,0.0,0.0,0.0,0.0,0.0,0.0,1.0
2011-09-14,0.0,124223.36142643413,0.0,1.0,0.8041279632135288,0.0,0.0,1.0,0.0,0.0,0.0,0.0,0.0,0.0,0.0,0.0,1.0
2011-09-15,0.0,124223.36142643413,0.0,1.0,0.8031813197191598,0.0,0.0,1.0,0.0,0.0,0.0,0.0,0.0,0.0,0.0,0.0,1.0
2011-09-16,-0.0004016583049573345,124173.4660816475,0.0,1.0,0.803316609914669,0.5,0.4016583049573345,0.5983416950426654,0.0,0.4016583049573345,0.0,0.4016583049573345,0.0,49.89534478664386,0.0,49.89534478664386,1.0
2011-09-19,-0.006446168355710941,123373.02301397304,-0.006446168355710941,1.0,0.8050967701750532,0.5,0.4025483850875266,0.5974516149124733,0.0,0.0,0.0,0.0,0.0,0.0,0.0,0.0,1.0
2011-09-20,-0.003131474644687246,122986.68352056637,-0.002729210049532397,1.0,0.8045291903096974,0.0,0.0,1.0,0.0,0.4022645951548487,0.0,0.4022645951548487,0.0,49.6285991557457,0.0,49.6285991557457,1.0
2011-09-21,0.0,122986.68352056637,0.0,1.0,0.8062072767157656,0.0,0.0,1.0,0.0,0.0,0.0,0.0,0.0,0.0,0.0,0.0,1.0
2011-09-22,0.0,122986.68352056637,0.0,1.0,0.8057129073045248,0.0,0.0,1.0,0.0,0.0,0.0,0.0,0.0,0.0,0.0,0.0,1.0
2011-09-23,0.0,122986.68352056637,0.0,1.0,0.8055334893777049,0.0,0.0,1.0,0.0,0.0,0.0,0.0,0.0,0.0,0.0,0.0,1.0
2011-09-26,0.0,122986.68352056637,0.0,1.0,0.8030260902389298,0.0,0.0,1.0,0.0,0.0,0.0,0.0,0.0,0.0,0.0,0.0,1.0
2011-09-27,0.0,122986.68352056637,0.0,1.0,0.8044141352164852,0.0,0.0,1.0,0.0,0.0,0.0,0.0,0.0,0.0,0.0,0.0,1.0
2011-09-28,-0.00040223903765649986,122937.2134753425,0.0,1.0,0.8044780753129998,0.5,0.4022390376564999,0.5977609623435001,0.0,0.4022390376564999,0.0,0.4022390376564999,0.0,49.47004522387713,0.0,49.47004522387713,1.0
2011-09-29,0.006336994645978825,123716.2659389273,0.006738388047426689,1.0,0.8027868028957277,0.0,0.0,1.0,0.0,0.40139340144786384,0.0,0.40139340144786384,0.0,49.34618628138989,0.0,49.34618628138989,1.0
2011-09-30,0.0,123716.2659389273,0.0,1.0,0.803458197890667,0.0,0.0,1.0,0.0,0.0,0.0,0.0,0.0,0.0,0.0,0.0,1.0
2011-10-03,0.0,123716.2659389273,0.0,1.0,0.8045753999992549,0.0,0.0,1.0,0.0,0.0,0.0,0.0,0.0,0.0,0.0,0.0,1.0
2011-10-04,0.0,123716.2659389273,0.0,1.0,0.8042320072135797,0.0,0.0,1.0,0.0,0.0,0.0,0.0,0.0,0.0,0.0,0.0,1.0
2011-10-05,0.0,123716.2659389273,0.0,1.0,0.8046244468740931,0.0,0.0,1.0,0.0,0.0,0.0,0.0,0.0,0.0,0.0,0.0,1.0
2011-10-06,-0.0004017573818140094,123666.56201583588,0.0,0.8035147636280188,0.8035147636280188,0.5,0.4017573818140094,0.5982426181859906,0.0,0.4017573818140094,0.0,0.4017573818140094,0.0,49.70392309142914,0.0,49.70392309142914,0.0
2011-10-07,-0.006910724982260919,122811.93641624271,-0.006910724982260919,0.8007609916430319,0.8007609916430318,0.5,0.4003804958215159,0.5996195041784841,0.0,0.0,0.0,0.0,0.0,0.0,0.0,0.0,0.0
2011-10-10,0.016328576228679254,124817.28048180704,0.016328576228679254,0.8070618037333595,0.8070618037333595,0.5,0.4035309018666797,0.5964690981333203,0.0,0.0,0.0,0.0,0.0,0.0,0.0,0.0,0.0
2011-10-11,0.0005958891751604516,124891.65774811912,0.0009996125556624652,0.8074467610040272,0.8074467610040272,1.0,0.8074467610040272,0.19255323899597276,0.0,0.4037233805020136,0.0,0.4037233805020136,0.0,50.39165442118314,0.0,50.39165442118314,0.0
2011-10-12,0.01215154187094728,126409.2839565774,0.012343902749065135,1.0,1.0,1.0,1.0,0.0,0.1923608781178551,0.0,0.0,0.1923608781178551,24.024268954022816,0.0,0.0,24.024268954022816,0.0
2011-10-13,-0.008030804276612406,125394.1157383754,-0.008030804276612406,1.0,0.9999999999999998,1.0,0.9999999999999998,2.220446049250313e-16,0.0,0.0,0.0,0.0,0.0,0.0,0.0,0.0,0.0
2011-10-14,0.01840123346793895,127701.52213758299,0.018596855142668015,0.8081050507088879,0.8081050507088879,1.0,0.8081050507088879,0.19189494929111206,0.19562167472906522,0.0,0.0,0.19562167472906522,24.52980692191123,0.0,0.0,24.52980692191123,0.0
2011-10-17,-0.021983757886584125,124894.1627931621,-0.021983757886584125,0.8037916539336379,0.8037916539336379,1.0,0.8037916539336379,0.19620834606636206,0.0,0.0,0.0,0.0,0.0,0.0,0.0,0.0,0.0
2011-10-18,0.02443599461952852,127946.07588318632,0.02443599461952852,0.8084718351396535,0.8084718351396536,1.0,0.8084718351396536,0.1915281648603464,0.0,0.0,0.0,0.0,0.0,0.0,0.0,0.0,0.0
2011-10-19,-0.011794265964141359,126437.0458351518,-0.011602929136109044,1.0,1.0,1.0,1.0,0.0,0.19133682803231422,0.0,0.0,0.19133682803231422,24.48079631867065,0.0,0.0,24.48079631867065,0.0
2011-10-20,0.007975445480669125,127445.43760094691,0.007975445480669125,1.0,1.0,1.0,1.0,0.0,0.0,0.0,0.0,0.0,0.0,0.0,0.0,0.0,0.0
2011-10-21,0.022399709225266646,130300.17834529497,0.022399709225266646,1.0,1.0,1.0,1.0,0.0,0.0,0.0,0.0,0.0,0.0,0.0,0.0,0.0,0.0
2011-10-24,0.02176034366424466,133135.55500560094,0.02176034366424466,1.0,1.0,1.0,1.0,0.0,0.0,0.0,0.0,0.0,0.0,0.0,0.0,0.0,0.0
2011-10-25,-0.024615805079658614,129858.3161344109,-0.024615805079658614,1.0,1.0,1.0,1.0,0.0,0.0,0.0,0.0,0.0,0.0,0.0,0.0,0.0,0.0
2011-10-26,0.013956897203687275,131670.73530374278,0.013956897203687275,1.0,1.0,1.0,1.0,0.0,0.0,0.0,0.0,0.0,0.0,0.0,0.0,0.0,0.0
2011-10-27,0.04895556345888795,138116.7503415836,0.04895556345888795,1.0,1.0,1.0,1.0,0.0,0.0,0.0,0.0,0.0,0.0,0.0,0.0,0.0,0.0
2011-10-28,0.0004527552635414444,138179.28342728398,0.0004527552635414444,1.0,1.0,1.0,1.0,0.0,0.0,0.0,0.0,0.0,0.0,0.0,0.0,0.0,0.0
2011-10-31,-0.03142106294285465,133837.54346531673,-0.03142106294285465,1.0,1.0,1.0,1.0,0.0,0.0,0.0,0.0,0.0,0.0,0.0,0.0,0.0,0.0
2011-11-01,-0.033553425187617586,129346.8354633587,-0.033553425187617586,1.0,1.0000000000000002,1.0,1.0000000000000002,-2.220446049250313e-16,0.0,0.0,0.0,0.0,0.0,0.0,0.0,0.0,0.0
2011-11-02,0.02296278668218677,132316.99925411973,0.02296278668218677,1.0,1.0,1.0,1.0,0.0,0.0,0.0,0.0,0.0,0.0,0.0,0.0,0.0,0.0
2011-11-03,0.021093776217502316,135108.06442615754,0.021093776217502316,1.0,0.9999999999999998,1.0,0.9999999999999998,2.220446049250313e-16,0.0,0.0,0.0,0.0,0.0,0.0,0.0,0.0,0.0
2011-11-04,-0.006877748091340072,134178.82519392588,-0.006877748091340072,1.0,1.0,1.0,1.0,0.0,0.0,0.0,0.0,0.0,0.0,0.0,0.0,0.0,0.0
2011-11-07,0.0040573276403223285,134723.23265013116,0.0040573276403223285,1.0,1.0000000000000002,1.0,1.0000000000000002,-2.220446049250313e-16,0.0,0.0,0.0,0.0,0.0,0.0,0.0,0.0,0.0
2011-11-08,0.01385211908673832,136589.43491255114,0.01385211908673832,1.0,1.0,1.0,1.0,0.0,0.0,0.0,0.0,0.0,0.0,0.0,0.0,0.0,0.0
2011-11-09,-0.04524744477982179,130409.11199883842,-0.04524744477982179,1.0,1.0000000000000002,1.0,1.0000000000000002,-2.220446049250313e-16,0.0,0.0,0.0,0.0,0.0,0.0,0.0,0.0,0.0
2011-11-10,0.009175546977410914,131605.6869322662,0.009175546977410914,1.0,1.0,1.0,1.0,0.0,0.0,0.0,0.0,0.0,0.0,0.0,0.0,0.0,0.0
2011-11-11,0.023247151879729717,134665.14432461673,0.023247151879729717,1.0,1.0,1.0,1.0,0.0,0.0,0.0,0.0,0.0,0.0,0.0,0.0,0.0,0.0
2011-11-14,-0.01212166466106546,133032.77860357976,-0.01212166466106546,1.0,1.0,1.0,1.0,0.0,0.0,0.0,0.0,0.0,0.0,0.0,0.0,0.0,0.0
2011-11-15,0.006045991293124165,133837.09362471712,0.006045991293124165,1.0,1.0,1.0,1.0,0.0,0.0,0.0,0.0,0.0,0.0,0.0,0.0,0.0,0.0
2011-11-16,-0.018890744243742503,131308.81131872677,-0.018890744243742503,1.0,1.0,1.0,1.0,0.0,0.0,0.0,0.0,0.0,0.0,0.0,0.0,0.0,0.0
2011-11-17,-0.019671596035563413,128725.75742655474,-0.01907096491491337,0.387929098960228,0.38792909896022804,1.0,0.38792909896022804,0.612070901039772,0.6006311206500442,0.0,0.0,0.6006311206500442,78.86815849359208,0.0,0.0,78.86815849359208,0.0
2011-11-18,0.001681050314936076,128942.15190161704,0.001681050314936076,0.3889562941743459,0.388956294174346,1.0,0.388956294174346,0.6110437058256539,0.0,0.0,0.0,0.0,0.0,0.0,0.0,0.0,0.0
2011-11-21,-0.008202786174239458,127884.46700072178,-0.008202786174239458,0.3839025787654587,0.38390257876545864,1.0,0.38390257876545864,0.6160974212345414,0.0,0.0,0.0,0.0,0.0,0.0,0.0,0.0,0.0
2011-11-22,-0.0031975532282659223,127475.54961041856,-0.0031975532282659223,0.3819262550670419,0.3819262550670419,1.0,0.3819262550670419,0.6180737449329581,0.0,0.0,0.0,0.0,0.0,0.0,0.0,0.0,0.0
2011-11-23,-0.010674727678339335,126114.78283268072,-0.010278878818711666,0.7757774488818086,0.7757774488818084,1.0,0.7757774488818084,0.22422255111819156,0.3958488596276681,0.0,0.0,0.3958488596276681,50.46105094369442,0.0,0.0,50.46105094369442,0.0
2011-11-25,-0.001008172078149635,125987.6374299869,-0.001008172078149635,0.7755511658342293,0.7755511658342292,1.0,0.7755511658342292,0.22444883416577077,0.0,0.0,0.0,0.0,0.0,0.0,0.0,0.0,0.0
2011-11-28,0.027104257762831485,129402.43882981944,0.027104257762831485,0.7814741468849036,0.7814741468849036,1.0,0.7814741468849036,0.21852585311509642,0.0,0.0,0.0,0.0,0.0,0.0,0.0,0.0,0.0
2011-11-29,-0.0002298994988484309,129372.68927398269,-0.0002298994988484309,0.7814238963482137,0.7814238963482137,1.0,0.7814238963482137,0.21857610365178626,0.0,0.0,0.0,0.0,0.0,0.0,0.0,0.0,0.0
2011-11-30,0.045051214422026316,135201.08603881905,0.045051214422026316,0.7908465148546127,0.7908465148546127,1.0,0.7908465148546127,0.20915348514538734,0.0,0.0,0.0,0.0,0.0,0.0,0.0,0.0,0.0
2011-12-01,-0.005336429206385367,134479.5950145465,-0.005137456697724912,0.9899644419788016,0.9899644419788015,1.0,0.9899644419788015,0.010035558021198487,0.19897250866045504,0.0,0.0,0.19897250866045504,26.90129926276185,0.0,0.0,26.90129926276185,0.0
2011-12-02,0.0010183789106151637,134616.54619801737,0.0010183789106151637,0.9899746515822018,0.989974651582202,1.0,0.989974651582202,0.010025348417798008,0.0,0.0,0.0,0.0,0.0,0.0,0.0,0.0,0.0
2011-12-05,0.012930898149534185,136357.259046146,0.012930898149534185,0.9901026334213786,0.9901026334213786,1.0,0.9901026334213786,0.009897366578621392,0.0,0.0,0.0,0.0,0.0,0.0,0.0,0.0,0.0
2011-12-06,0.0019499303516094246,136623.14620422234,0.0019499303516094246,0.9901218950380604,0.9901218950380603,1.0,0.9901218950380603,0.009878104961939749,0.0,0.0,0.0,0.0,0.0,0.0,0.0,0.0,0.0
2011-12-07,0.007886952200864189,137700.68642786675,0.007886952200864189,0.9901991935302172,0.9901991935302173,1.0,0.9901991935302173,0.009800806469782652,0.0,0.0,0.0,0.0,0.0,0.0,0.0,0.0,0.0
2011-12-08,-0.03184422521575804,133315.71475689329,-0.03184422521575804,0.9898768289927652,0.9898768289927653,1.0,0.9898768289927653,0.0101231710072347,0.0,0.0,0.0,0.0,0.0,0.0,0.0,0.0,0.0
2011-12-09,0.018885702562520205,135833.47569270173,0.019081238374194107,0.7983449504171887,0.7983449504171887,1.0,0.7983449504171887,0.20165504958281133,0.19553581167390166,0.0,0.0,0.19553581167390166,26.06799649387548,0.0,0.0,26.06799649387548,0.0
2011-12-12,-0.01769505178262364,133429.89530650564,-0.01769505178262364,0.7947123752672103,0.7947123752672102,1.0,0.7947123752672102,0.20528762473278983,0.0,0.0,0.0,0.0,0.0,0.0,0.0,0.0,0.0
2011-12-13,-0.009156651355123594,132208.12427483333,-0.009156651355123594,0.7928152568076975,0.7928152568076976,1.0,0.7928152568076976,0.2071847431923024,0.0,0.0,0.0,0.0,0.0,0.0,0.0,0.0,0.0
2011-12-14,-0.005602014945778099,131467.4923866924,-0.005602014945778099,0.791648066160346,0.791648066160346,1.0,0.791648066160346,0.208351933839654,0.0,0.0,0.0,0.0,0.0,0.0,0.0,0.0,0.0
2011-12-15,0.004451892113333903,132052.77147920852,0.004652822677869477,0.9928115634046414,0.9928115634046414,1.0,0.9928115634046414,0.007188436595358616,0.20093056453557392,0.0,0.0,0.20093056453557392,26.415837463334373,0.0,0.0,26.415837463334373,0.0
2011-12-16,0.0020159655000955875,132318.98531070258,0.0020159655000955875,0.992826025888948,0.9928260258889479,1.0,0.9928260258889479,0.007173974111052139,0.0,0.0,0.0,0.0,0.0,0.0,0.0,0.0,0.0
2011-12-19,-0.0149657436577125,130338.73329549399,-0.0149657436577125,0.9927170308394236,0.9927170308394236,1.0,0.9927170308394236,0.007282969160576358,0.0,0.0,0.0,0.0,0.0,0.0,0.0,0.0,0.0
2011-12-20,0.034645406377827134,134854.37167728762,0.034645406377827134,0.9929609032083048,0.9929609032083045,1.0,0.9929609032083045,0.007039096791695454,0.0,0.0,0.0,0.0,0.0,0.0,0.0,0.0,0.0
2011-12-21,0.002289252968742359,135163.08744799774,0.002289252968742359,0.9929769806761416,0.9929769806761413,1.0,0.9929769806761413,0.007023019323858737,0.0,0.0,0.0,0.0,0.0,0.0,0.0,0.0,0.0
2011-12-22,0.012089867247733293,136797.1912320378,0.012089867247733293,0.9930608737908256,0.9930608737908256,1.0,0.9930608737908256,0.006939126209174362,0.0,0.0,0.0,0.0,0.0,0.0,0.0,0.0,0.0
2011-12-23,0.006638865397858942,137705.36937143246,0.006638865397858942,0.9931066378939862,0.9931066378939862,1.0,0.9931066378939862,0.006893362106013767,0.0,0.0,0.0,0.0,0.0,0.0,0.0,0.0,0.0
2011-12-27,-0.0034890360674746162,137224.9103710106,-0.0034890360674746162,0.993082502495697,0.993082502495697,1.0,0.993082502495697,0.0069174975043030384,0.0,0.0,0.0,0.0,0.0,0.0,0.0,0.0,0.0
2011-12-28,-0.016919250138041346,134903.16778727318,-0.016919250138041346,0.9929634493348848,0.9929634493348847,1.0,0.9929634493348847,0.0070365506651153265,0.0,0.0,0.0,0.0,0.0,0.0,0.0,0.0,0.0
2011-12-29,0.01301130925065255,136658.43462224604,0.01301130925065255,0.9930538281252554,0.9930538281252554,1.0,0.9930538281252554,0.0069461718747445556,0.0,0.0,0.0,0.0,0.0,0.0,0.0,0.0,0.0
2011-12-30,-0.00045156150423820084,136596.7249339412,-0.00045156150423820084,0.9930506900844164,0.9930506900844165,1.0,0.9930506900844165,0.0069493099155835125,0.0,0.0,0.0,0.0,0.0,0.0,0.0,0.0,0.0
2012-01-03,0.024702720312217114,139971.0356255492,0.024702720312217114,0.993218218535161,0.993218218535161,1.0,0.993218218535161,0.006781781464838987,0.0,0.0,0.0,0.0,0.0,0.0,0.0,0.0,0.0
2012-01-04,-0.002297897022207824,139649.3965995899,-0.002297897022207824,0.9932025988072012,0.9932025988072013,1.0,0.9932025988072013,0.006797401192798702,0.0,0.0,0.0,0.0,0.0,0.0,0.0,0.0,0.0
2012-01-05,9.612640806057445e-05,139662.82059447284,9.612640806057445e-05,0.9932032521541584,0.9932032521541583,1.0,0.9932032521541583,0.006796747845841722,0.0,0.0,0.0,0.0,0.0,0.0,0.0,0.0,0.0
2012-01-06,-0.006344490550105423,138776.73114901013,-0.006344490550105423,0.9931598549183264,0.9931598549183263,1.0,0.9931598549183263,0.006840145081673743,0.0,0.0,0.0,0.0,0.0,0.0,0.0,0.0,0.0
2012-01-09,0.004633829810855045,139419.79890286142,0.004633829810855045,0.9931914047897814,0.9931914047897814,1.0,0.9931914047897814,0.006808595210218593,0.0,0.0,0.0,0.0,0.0,0.0,0.0,0.0,0.0
2012-01-10,0.016031647482388386,141654.92797093757,0.016031647482388386,0.993298835496818,0.9932988354968179,1.0,0.9932988354968179,0.006701164503182144,0.0,0.0,0.0,0.0,0.0,0.0,0.0,0.0,0.0
2012-01-11,0.00403504914303007,142226.51256665267,0.00403504914303007,0.9933257663575572,0.993325766357557,1.0,0.993325766357557,0.006674233642443017,0.0,0.0,0.0,0.0,0.0,0.0,0.0,0.0,0.0
2012-01-12,0.005679865544736426,143034.34003492803,0.005679865544736426,0.9933634610067216,0.9933634610067215,1.0,0.9933634610067215,0.00663653899327854,0.0,0.0,0.0,0.0,0.0,0.0,0.0,0.0,0.0
2012-01-13,-0.007553666809890377,141953.90628793163,-0.007553666809890377,0.993312949253441,0.993312949253441,1.0,0.993312949253441,0.0066870507465589535,0.0,0.0,0.0,0.0,0.0,0.0,0.0,0.0,0.0
2012-01-17,0.00669530196839552,142904.33055612267,0.00669530196839552,0.9933574233102274,0.9933574233102276,1.0,0.9933574233102276,0.006642576689772417,0.0,0.0,0.0,0.0,0.0,0.0,0.0,0.0,0.0
2012-01-18,0.014566764862365626,144985.98433714747,0.014763366091211183,0.7998680704526846,0.7998680704526846,1.0,0.7998680704526846,0.2001319295473154,0.19660122884555561,0.0,0.0,0.19660122884555561,28.0951669946852,0.0,0.0,28.0951669946852,0.0
2012-01-19,0.006092108046440372,145869.25461894888,0.006092108046440372,0.8010799131145978,0.8010799131145978,1.0,0.8010799131145978,0.1989200868854022,0.0,0.0,0.0,0.0,0.0,0.0,0.0,0.0,0.0
2012-01-20,0.0021984029529428573,146189.93401904678,0.0021984029529428573,0.8015162603539467,0.8015162603539467,1.0,0.8015162603539467,0.19848373964605326,0.0,0.0,0.0,0.0,0.0,0.0,0.0,0.0,0.0
2012-01-23,0.0025741616840009394,146566.25054578524,0.0025741616840009394,0.8020258777538566,0.8020258777538566,1.0,0.8020258777538566,0.1979741222461434,0.0,0.0,0.0,0.0,0.0,0.0,0.0,0.0,0.0
2012-01-24,-0.0012270940957163907,146386.39996510922,-0.0010293177498161476,1.0,1.0,1.0,1.0,0.0,0.1977763459002432,0.0,0.0,0.1977763459002432,28.987337465244934,0.0,0.0,28.987337465244934,0.0
2012-01-25,0.008604602276461521,147645.99671549196,0.008604602276461521,1.0,1.0,1.0,1.0,0.0,0.0,0.0,0.0,0.0,0.0,0.0,0.0,0.0,0.0
2012-01-26,-0.006080550495271196,146748.2277770388,-0.006080550495271196,1.0,1.0,1.0,1.0,0.0,0.0,0.0,0.0,0.0,0.0,0.0,0.0,0.0,0.0
2012-01-27,0.0018410919456992659,147018.40475724472,0.0018410919456992659,1.0,1.0,1.0,1.0,0.0,0.0,0.0,0.0,0.0,0.0,0.0,0.0,0.0,0.0
2012-01-30,-0.008394071780511119,145784.3217146562,-0.008394071780511119,1.0,1.0,1.0,1.0,0.0,0.0,0.0,0.0,0.0,0.0,0.0,0.0,0.0,0.0
2012-01-31,0.0025875141479757913,146161.54070964592,0.0025875141479757913,1.0,1.0,1.0,1.0,0.0,0.0,0.0,0.0,0.0,0.0,0.0,0.0,0.0,0.0
2012-02-01,0.013560681873972368,148143.5908654191,0.013560681873972368,1.0,0.9999999999999998,1.0,0.9999999999999998,2.220446049250313e-16,0.0,0.0,0.0,0.0,0.0,0.0,0.0,0.0,0.0
2012-02-02,0.0027269751259955638,148547.57475278474,0.0027269751259955638,1.0,1.0,1.0,1.0,0.0,0.0,0.0,0.0,0.0,0.0,0.0,0.0,0.0,0.0
2012-02-03,0.016543533235848437,151005.0764928121,0.016755076227164444,0.7921078228179912,0.7921078228179912,1.0,0.7921078228179912,0.2078921771820088,0.2115429913160084,0.0,0.0,0.2115429913160084,31.42419831594245,0.0,0.0,31.42419831594245,0.0
2012-02-06,-0.0006716223691484334,150903.65810558456,-0.0006716223691484334,0.7919681039431029,0.7919681039431029,1.0,0.7919681039431029,0.2080318960568971,0.0,0.0,0.0,0.0,0.0,0.0,0.0,0.0,0.0
2012-02-07,0.0027570695067852006,151319.70997980982,0.0027570695067852006,0.7925400853476711,0.7925400853476708,1.0,0.7925400853476708,0.20745991465232916,0.0,0.0,0.0,0.0,0.0,0.0,0.0,0.0,0.0
2012-02-08,0.0015900453180752146,151560.31517619573,0.0015900453180752146,0.792869432337014,0.792869432337014,1.0,0.792869432337014,0.207130567662986,0.0,0.0,0.0,0.0,0.0,0.0,0.0,0.0,0.0
2012-02-09,-0.001323203941799247,151359.76996973425,-0.001323203941799247,0.7925949932144863,0.7925949932144863,1.0,0.7925949932144863,0.20740500678551366,0.0,0.0,0.0,0.0,0.0,0.0,0.0,0.0,0.0
2012-02-10,-0.008485951035269002,150075.33837306147,-0.008485951035269002,0.7908199011379907,0.7908199011379907,1.0,0.7908199011379907,0.20918009886200928,0.0,0.0,0.0,0.0,0.0,0.0,0.0,0.0,0.0
2012-02-13,0.007091051271832875,151139.53029210254,0.007091051271832875,0.7922927637994197,0.7922927637994197,1.0,0.7922927637994197,0.2077072362005803,0.0,0.0,0.0,0.0,0.0,0.0,0.0,0.0,0.0
2012-02-14,-0.0025100003886539303,150760.1700123284,-0.00231046248115016,0.9920101546958748,0.9920101546958748,1.0,0.9920101546958748,0.007989845304125165,0.19953790750377,0.0,0.0,0.19953790750377,30.158065615588804,0.0,0.0,30.158065615588804,0.0
2012-02-15,-0.0016006852973660193,150518.85042476127,-0.0016006852973660193,0.9919973449636182,0.991997344963618,1.0,0.991997344963618,0.008002655036381978,0.0,0.0,0.0,0.0,0.0,0.0,0.0,0.0,0.0
2012-02-16,0.013178892370571224,152502.52215425132,0.013178892370571224,0.9921014392456818,0.9921014392456818,1.0,0.9921014392456818,0.007898560754318162,0.0,0.0,0.0,0.0,0.0,0.0,0.0,0.0,0.0
2012-02-17,0.002358209717365881,152862.15508391825,0.002358209717365881,0.9921200218866414,0.9921200218866415,1.0,0.9921200218866415,0.007879978113358499,0.0,0.0,0.0,0.0,0.0,0.0,0.0,0.0,0.0
2012-02-21,0.0010700939974773258,153025.73195851498,0.0010700939974773258,0.9921284451901942,0.9921284451901942,1.0,0.9921284451901942,0.007871554809805836,0.0,0.0,0.0,0.0,0.0,0.0,0.0,0.0,0.0
2012-02-22,-0.003128855682087242,152546.93652757103,-0.003128855682087242,0.9921037389288744,0.9921037389288745,1.0,0.9921037389288745,0.00789626107112551,0.0,0.0,0.0,0.0,0.0,0.0,0.0,0.0,0.0
2012-02-23,0.004428818990494169,153222.53929700603,0.004833878807615512,0.5892680391329437,0.5892680391329437,1.0,0.5892680391329437,0.4107319608670563,0.40505981712134315,0.0,0.0,0.40505981712134315,61.790634212279066,0.0,0.0,61.790634212279066,0.0
2012-02-24,0.0016203825486974812,153470.81842575004,0.0016203825486974812,0.5899325053450706,0.5899325053450706,1.0,0.5899325053450706,0.4100674946549294,0.0,0.0,0.0,0.0,0.0,0.0,0.0,0.0,0.0
2012-02-27,-0.00021460198055188226,153437.88328415895,-0.00021460198055188226,0.5898444851592515,0.5898444851592516,1.0,0.5898444851592516,0.4101555148407484,0.0,0.0,0.0,0.0,0.0,0.0,0.0,0.0,0.0
2012-02-28,0.0007124645570300471,153547.20233770463,0.0007124645570300471,0.5901364983773777,0.5901364983773777,1.0,0.5901364983773777,0.4098635016226223,0.0,0.0,0.0,0.0,0.0,0.0,0.0,0.0,0.0
2012-02-29,-0.007605504629656583,152379.3983794544,-0.0072084277124044365,0.9875155419432272,0.9875155419432271,1.0,0.9875155419432271,0.012484458056772896,0.39707691725214667,0.0,0.0,0.39707691725214667,60.97004975694737,0.0,0.0,60.97004975694737,0.0
2012-03-01,0.008812316432405926,153722.2138557538,0.00900261491488965,0.7991770731205311,0.7991770731205311,1.0,0.7991770731205311,0.2008229268794689,0.19029848248372355,0.0,0.0,0.19029848248372355,28.997568273392936,0.0,0.0,28.997568273392936,0.0
2012-03-02,-0.0033627975973908267,153205.27716433408,-0.0033627975973908267,0.7984994676143516,0.7984994676143516,1.0,0.7984994676143516,0.20150053238564836,0.0,0.0,0.0,0.0,0.0,0.0,0.0,0.0,0.0
2012-03-05,-0.00790064391695476,151994.8568232603,-0.00790064391695476,0.7968948057972719,0.7968948057972719,1.0,0.7968948057972719,0.2031051942027281,0.0,0.0,0.0,0.0,0.0,0.0,0.0,0.0,0.0
2012-03-06,-0.014501478612221667,149790.70665787012,-0.014501478612221667,0.7939061400957603,0.7939061400957602,1.0,0.7939061400957602,0.20609385990423978,0.0,0.0,0.0,0.0,0.0,0.0,0.0,0.0,0.0
2012-03-07,0.004742856168243317,150501.1424348879,0.004943844937230763,0.9951190475078284,0.9951190475078282,1.0,0.9951190475078282,0.004880952492171797,0.20098876898744614,0.0,0.0,0.20098876898744614,30.106249736924966,0.0,0.0,30.106249736924966,0.0
2012-03-08,0.01357193175016489,152543.73366833603,0.01357193175016489,0.995184404442077,0.995184404442077,1.0,0.995184404442077,0.004815595557922991,0.0,0.0,0.0,0.0,0.0,0.0,0.0,0.0,0.0
2012-03-09,0.0011339156265888183,152716.70539168076,0.0011339156265888183,0.995189858736422,0.9951898587364219,1.0,0.9951898587364219,0.004810141263578149,0.0,0.0,0.0,0.0,0.0,0.0,0.0,0.0,0.0
2012-03-12,-0.004890452014736857,151969.85167211405,-0.004890452014736857,0.9951662193641726,0.9951662193641726,1.0,0.9951662193641726,0.0048337806358274005,0.0,0.0,0.0,0.0,0.0,0.0,0.0,0.0,0.0
2012-03-13,0.015127789613165363,154268.81961575375,0.015326324103271623,0.7998579702665781,0.7998579702665781,1.0,0.7998579702665781,0.20014202973342188,0.19853449010625965,0.0,0.0,0.19853449010625965,30.171257013247075,0.0,0.0,30.171257013247075,0.0
2012-03-14,-0.0031204634096144573,153787.42940889834,-0.0025274812049291056,1.0,1.0000000000000002,1.0,1.0000000000000002,-2.220446049250313e-16,0.5929822046853516,0.0,0.0,0.5929822046853516,91.47866476995647,0.0,0.0,91.47866476995647,0.0
2012-03-15,0.005372307495072425,154613.6227685597,0.005372307495072425,1.0,1.0000000000000002,1.0,1.0000000000000002,-2.220446049250313e-16,0.0,0.0,0.0,0.0,0.0,0.0,0.0,0.0,0.0
2012-03-16,0.0032319405348666466,155113.324803228,0.0032319405348666466,1.0,1.0,1.0,1.0,0.0,0.0,0.0,0.0,0.0,0.0,0.0,0.0,0.0,0.0
2012-03-19,0.005660920810358646,155991.4090515705,0.005660920810358646,1.0,1.0000000000000002,1.0,1.0000000000000002,-2.220446049250313e-16,0.0,0.0,0.0,0.0,0.0,0.0,0.0,0.0,0.0
2012-03-20,-0.00606346639908741,155045.56038424,-0.00606346639908741,1.0,1.0000000000000002,1.0,1.0000000000000002,-2.220446049250313e-16,0.0,0.0,0.0,0.0,0.0,0.0,0.0,0.0,0.0
2012-03-21,-0.002096788563462597,154720.46262641068,-0.002096788563462597,1.0,1.0000000000000002,1.0,1.0000000000000002,-2.220446049250313e-16,0.0,0.0,0.0,0.0,0.0,0.0,0.0,0.0,0.0
2012-03-22,-0.014623472351867478,152457.91221892522,-0.014623472351867478,1.0,1.0,1.0,1.0,0.0,0.0,0.0,0.0,0.0,0.0,0.0,0.0,0.0,0.0
2012-03-23,0.008745116457892266,153791.17441620684,0.008745116457892266,1.0,1.0,1.0,1.0,0.0,0.0,0.0,0.0,0.0,0.0,0.0,0.0,0.0,0.0
2012-03-26,0.012514416561331435,155715.7812363076,0.012514416561331435,1.0,1.0,1.0,1.0,0.0,0.0,0.0,0.0,0.0,0.0,0.0,0.0,0.0,0.0
2012-03-27,-0.0035570318927718885,155161.89523624218,-0.0035570318927718885,1.0,1.0,1.0,1.0,0.0,0.0,0.0,0.0,0.0,0.0,0.0,0.0,0.0,0.0
2012-03-28,-0.012555593530129323,153213.74554829142,-0.012555593530129323,1.0,1.0,1.0,1.0,0.0,0.0,0.0,0.0,0.0,0.0,0.0,0.0,0.0,0.0
2012-03-29,0.0007670607676673492,153331.26980156885,0.0007670607676673492,1.0,1.0,1.0,1.0,0.0,0.0,0.0,0.0,0.0,0.0,0.0,0.0,0.0,0.0
2012-03-30,0.004617075357162416,154039.2118288521,0.004617075357162416,1.0,1.0000000000000002,1.0,1.0000000000000002,-2.220446049250313e-16,0.0,0.0,0.0,0.0,0.0,0.0,0.0,0.0,0.0
2012-04-02,0.010863573680932452,155712.62815630756,0.010863573680932452,1.0,1.0,1.0,1.0,0.0,0.0,0.0,0.0,0.0,0.0,0.0,0.0,0.0,0.0
2012-04-03,-0.006581090329646867,154687.8692849442,-0.006581090329646867,1.0,1.0000000000000002,1.0,1.0000000000000002,-2.220446049250313e-16,0.0,0.0,0.0,0.0,0.0,0.0,0.0,0.0,0.0
2012-04-04,-0.012785206118236298,152710.1529921454,-0.012785206118236298,1.0,0.9999999999999998,1.0,0.9999999999999998,2.220446049250313e-16,0.0,0.0,0.0,0.0,0.0,0.0,0.0,0.0,0.0
2012-04-05,-0.0030844823752383334,152239.12121672116,-0.0030844823752383334,1.0,0.9999999999999998,1.0,0.9999999999999998,2.220446049250313e-16,0.0,0.0,0.0,0.0,0.0,0.0,0.0,0.0,0.0
2012-04-09,-0.013412523695080631,150197.21039608365,-0.013026055693899256,0.6086697404408675,0.6086697404408675,1.0,0.6086697404408675,0.3913302595591325,0.386468001181375,0.0,0.0,0.386468001181375,58.83554887823529,0.0,0.0,58.83554887823529,0.0
2012-04-10,-0.013339390856188632,148193.6711011011,-0.013339390856188632,0.603379058682889,0.603379058682889,1.0,0.603379058682889,0.396620941317111,0.0,0.0,0.0,0.0,0.0,0.0,0.0,0.0,0.0
2012-04-11,0.007134953848117309,149251.02610499054,0.007134953848117309,0.6061888828287813,0.6061888828287813,1.0,0.6061888828287813,0.39381111717121875,0.0,0.0,0.0,0.0,0.0,0.0,0.0,0.0,0.0
2012-04-12,0.01308199017068918,151203.52656146127,0.013475407870160926,1.0,0.9999999999999998,1.0,0.9999999999999998,2.220446049250313e-16,0.3934176994717471,0.0,0.0,0.3934176994717471,58.717995334023044,0.0,0.0,58.717995334023044,0.0
2012-04-13,-0.01052207999954183,149612.55095876873,-0.01052207999954183,1.0,1.0,1.0,1.0,0.0,0.0,0.0,0.0,0.0,0.0,0.0,0.0,0.0,0.0
2012-04-16,-0.0002943776293518355,149568.50837069622,-0.0002943776293518355,1.0,1.0,1.0,1.0,0.0,0.0,0.0,0.0,0.0,0.0,0.0,0.0,0.0,0.0
2012-04-17,0.013448246067270844,151579.94247518,0.013448246067270844,1.0,1.0,1.0,1.0,0.0,0.0,0.0,0.0,0.0,0.0,0.0,0.0,0.0,0.0
2012-04-18,-0.0016856274414987322,151324.43516456304,-0.0016856274414987322,1.0,0.9999999999999998,1.0,0.9999999999999998,2.220446049250313e-16,0.0,0.0,0.0,0.0,0.0,0.0,0.0,0.0,0.0
2012-04-19,-0.004041174595320375,150712.9067015248,-0.004041174595320375,1.0,1.0,1.0,1.0,0.0,0.0,0.0,0.0,0.0,0.0,0.0,0.0,0.0,0.0
2012-04-20,-0.0004558296469627284,150644.2072904703,-0.0004558296469627284,1.0,1.0,1.0,1.0,0.0,0.0,0.0,0.0,0.0,0.0,0.0,0.0,0.0,0.0
2012-04-23,-0.009756060647257035,149174.5132679865,-0.009756060647257035,1.0,1.0,1.0,1.0,0.0,0.0,0.0,0.0,0.0,0.0,0.0,0.0,0.0,0.0
2012-04-24,0.0007710642593684735,149289.53640357617,0.0007710642593684735,1.0,1.0,1.0,1.0,0.0,0.0,0.0,0.0,0.0,0.0,0.0,0.0,0.0,0.0
2012-04-25,0.01795193342198713,151969.57222169248,0.01795193342198713,1.0,1.0,1.0,1.0,0.0,0.0,0.0,0.0,0.0,0.0,0.0,0.0,0.0,0.0
2012-04-26,0.004077687081777836,152589.25658316416,0.004077687081777836,1.0,1.0,1.0,1.0,0.0,0.0,0.0,0.0,0.0,0.0,0.0,0.0,0.0,0.0
2012-04-27,0.005395283392828431,153412.5188651313,0.005395283392828431,1.0,1.0,1.0,1.0,0.0,0.0,0.0,0.0,0.0,0.0,0.0,0.0,0.0,0.0
2012-04-30,-0.004097063549396821,152783.97802606784,-0.004097063549396821,1.0,0.9999999999999998,1.0,0.9999999999999998,2.220446049250313e-16,0.0,0.0,0.0,0.0,0.0,0.0,0.0,0.0,0.0
2012-05-01,0.007804173139820672,153976.3306435738,0.007804173139820672,1.0,0.9999999999999998,1.0,0.9999999999999998,2.220446049250313e-16,0.0,0.0,0.0,0.0,0.0,0.0,0.0,0.0,0.0
2012-05-02,-0.0050307616093482055,153201.71243062383,-0.0050307616093482055,1.0,0.9999999999999998,1.0,0.9999999999999998,2.220446049250313e-16,0.0,0.0,0.0,0.0,0.0,0.0,0.0,0.0,0.0
2012-05-03,-0.012111705849926553,151346.17835395905,-0.011702449091167752,0.986219962775428,0.986219962775428,1.0,0.986219962775428,0.013780037224571995,0.40925675875880163,0.0,0.0,0.40925675875880163,62.69883626565512,0.0,0.0,62.69883626565512,0.0
2012-05-04,-0.018229841907651805,148587.16144923912,-0.018229841907651805,0.9859640903616916,0.9859640903616916,1.0,0.9859640903616916,0.014035909638308364,0.0,0.0,0.0,0.0,0.0,0.0,0.0,0.0,0.0
2012-05-07,0.00044056442969242303,148652.6236672826,0.00044056442969242303,0.9859702713610882,0.9859702713610882,1.0,0.9859702713610882,0.014029728638911831,0.0,0.0,0.0,0.0,0.0,0.0,0.0,0.0,0.0
2012-05-08,-0.003562383117348842,148123.06607038065,-0.003562383117348842,0.9859201134108088,0.9859201134108087,1.0,0.9859201134108087,0.014079886589191348,0.0,0.0,0.0,0.0,0.0,0.0,0.0,0.0,0.0
2012-05-09,-0.007385643985741418,147029.0818383084,-0.007385643985741418,0.9858153506405772,0.9858153506405776,1.0,0.9858153506405776,0.01418464935942243,0.0,0.0,0.0,0.0,0.0,0.0,0.0,0.0,0.0
2012-05-10,-0.00020655783783498526,146998.711829065,-0.00020655783783498526,0.985812420084746,0.9858124200847461,1.0,0.9858124200847461,0.014187579915253878,0.0,0.0,0.0,0.0,0.0,0.0,0.0,0.0,0.0
2012-05-11,-0.003647968668150142,146462.46513405416,-0.003647968668150142,0.9857604747427582,0.9857604747427582,1.0,0.9857604747427582,0.014239525257241814,0.0,0.0,0.0,0.0,0.0,0.0,0.0,0.0,0.0
2012-05-14,-0.014016254680210801,144409.60992164374,-0.014016254680210801,0.9855580527317684,0.9855580527317683,1.0,0.9855580527317683,0.01444194726823167,0.0,0.0,0.0,0.0,0.0,0.0,0.0,0.0,0.0
2012-05-15,-0.012466096093949627,142609.38584747075,-0.012466096093949627,0.9853757453682264,0.9853757453682266,1.0,0.9853757453682266,0.014624254631773415,0.0,0.0,0.0,0.0,0.0,0.0,0.0,0.0,0.0
2012-05-16,-0.00893923861955691,141334.56651799174,-0.00893923861955691,0.9852438365016052,0.9852438365016051,1.0,0.9852438365016051,0.014756163498394925,0.0,0.0,0.0,0.0,0.0,0.0,0.0,0.0,0.0
2012-05-17,-0.01870033742843966,138691.56243380305,-0.01870033742843966,0.9849626326582795,0.9849626326582795,1.0,0.9849626326582795,0.015037367341720453,0.0,0.0,0.0,0.0,0.0,0.0,0.0,0.0,0.0
2012-05-18,-0.005463992684155305,137933.75275131068,-0.005463992684155305,0.9848800171827816,0.9848800171827816,1.0,0.9848800171827816,0.01511998281721838,0.0,0.0,0.0,0.0,0.0,0.0,0.0,0.0,0.0
2012-05-21,0.02641924679543949,141577.85860666868,0.02641924679543949,0.9852691939824548,0.9852691939824549,1.0,0.9852691939824549,0.014730806017545062,0.0,0.0,0.0,0.0,0.0,0.0,0.0,0.0,0.0
2012-05-22,-0.005334350669238888,140822.63266186076,-0.005334350669238888,0.9851901932800672,0.9851901932800672,1.0,0.9851901932800672,0.014809806719932816,0.0,0.0,0.0,0.0,0.0,0.0,0.0,0.0,0.0
2012-05-23,0.008986029213094927,142088.0689528252,0.008986029213094927,0.9853220894133856,0.9853220894133856,1.0,0.9853220894133856,0.014677910586614384,0.0,0.0,0.0,0.0,0.0,0.0,0.0,0.0,0.0
2012-05-24,0.0038814277129600202,142639.57352133965,0.0038814277129600202,0.9853788403875012,0.9853788403875015,1.0,0.9853788403875015,0.014621159612498547,0.0,0.0,0.0,0.0,0.0,0.0,0.0,0.0,0.0
2012-05-25,-0.003472491266430337,142144.25884803946,-0.003472491266430337,0.9853278916192892,0.9853278916192889,1.0,0.9853278916192889,0.01467210838071109,0.0,0.0,0.0,0.0,0.0,0.0,0.0,0.0,0.0
2012-05-29,0.016400012522790067,144475.42647319005,0.016400012522790067,0.9855646318379184,0.9855646318379181,1.0,0.9855646318379181,0.014435368162081907,0.0,0.0,0.0,0.0,0.0,0.0,0.0,0.0,0.0
2012-05-30,-0.02045231793257023,141520.5691175167,-0.02045231793257023,0.9852632307478748,0.9852632307478747,1.0,0.9852632307478747,0.014736769252125304,0.0,0.0,0.0,0.0,0.0,0.0,0.0,0.0,0.0
2012-05-31,-0.004399123526293922,140898.00265245733,-0.004399123526293922,0.9851981154292262,0.9851981154292262,1.0,0.9851981154292262,0.014801884570773804,0.0,0.0,0.0,0.0,0.0,0.0,0.0,0.0,0.0
2012-06-01,-0.023483065677198798,137589.28560238355,-0.023483065677198798,0.9848421629461668,0.9848421629461667,1.0,0.9848421629461667,0.015157837053833334,0.0,0.0,0.0,0.0,0.0,0.0,0.0,0.0,0.0
2012-06-04,-0.000290815133222103,137549.27255596116,-8.884832737740118e-05,0.7830142211591288,0.7830142211591288,1.0,0.7830142211591288,0.21698577884087122,0.20196680584470178,0.0,0.0,0.20196680584470178,27.788468531567823,0.0,0.0,27.788468531567823,0.0
2012-06-05,0.007997746172491212,138649.35672407452,0.007997746172491212,0.7847358491972858,0.7847358491972857,1.0,0.7847358491972857,0.21526415080271433,0.0,0.0,0.0,0.0,0.0,0.0,0.0,0.0,0.0
2012-06-06,0.02074205301462399,141525.2290316888,0.02074205301462399,0.7891101378972674,0.7891101378972674,1.0,0.7891101378972674,0.21088986210273264,0.0,0.0,0.0,0.0,0.0,0.0,0.0,0.0,0.0
2012-06-07,-0.0005238669374554252,141451.0886433833,-0.0005238669374554252,0.788999601764842,0.788999601764842,1.0,0.788999601764842,0.21100039823515804,0.0,0.0,0.0,0.0,0.0,0.0,0.0,0.0,0.0
2012-06-08,0.005173089293411802,142182.82775558584,0.005374164126237049,0.9903255561846358,0.9903255561846359,1.0,0.9903255561846359,0.009674443815364087,0.2010748328252474,0.0,0.0,0.2010748328252474,28.442254001917547,0.0,0.0,28.442254001917547,0.0
2012-06-11,-0.01928364336226892,139441.0248129082,-0.019086485043060205,0.7893013578224647,0.7893013578224648,1.0,0.7893013578224648,0.2106986421775352,0.19715831920871385,0.0,0.0,0.19715831920871385,28.032527340633372,0.0,0.0,28.032527340633372,0.0
2012-06-12,0.011815272318586006,141088.55849345544,0.011815272318586006,0.7917617494597436,0.7917617494597436,1.0,0.7917617494597436,0.20823825054025635,0.0,0.0,0.0,0.0,0.0,0.0,0.0,0.0,0.0
2012-06-13,-0.007671725355886751,140006.16582183566,-0.007671725355886751,0.7901518521026336,0.7901518521026337,1.0,0.7901518521026337,0.20984814789736628,0.0,0.0,0.0,0.0,0.0,0.0,0.0,0.0,0.0
2012-06-14,0.007781573459555423,141095.63408596898,0.007781573459555423,0.7917721920862367,0.7917721920862367,1.0,0.7917721920862367,0.20822780791376327,0.0,0.0,0.0,0.0,0.0,0.0,0.0,0.0,0.0
2012-06-15,0.010946791808705158,142640.17861742532,0.011149021613027763,0.994266984342009,0.994266984342009,1.0,0.994266984342009,0.005733015657991003,0.20222980432260554,0.0,0.0,0.20222980432260554,28.53374247197946,0.0,0.0,28.53374247197946,0.0
2012-06-18,0.00019141370971441807,142667.4819031688,0.00019141370971441807,0.994268081509791,0.994268081509791,1.0,0.994268081509791,0.0057319184902090425,0.0,0.0,0.0,0.0,0.0,0.0,0.0,0.0,0.0
2012-06-19,0.020846435864935044,145641.59041467498,0.020846435864935044,0.9943851315057464,0.9943851315057465,1.0,0.9943851315057465,0.005614868494253522,0.0,0.0,0.0,0.0,0.0,0.0,0.0,0.0,0.0
2012-06-20,-0.003968135998053212,145063.66477693678,-0.003968135998053212,0.9943627621794212,0.9943627621794211,1.0,0.9943627621794211,0.0056372378205789,0.0,0.0,0.0,0.0,0.0,0.0,0.0,0.0,0.0
2012-06-21,-0.031213992680044482,140535.64860644905,-0.031213992680044482,0.9941811320787202,0.9941811320787202,1.0,0.9941811320787202,0.0058188679212798355,0.0,0.0,0.0,0.0,0.0,0.0,0.0,0.0,0.0
2012-06-22,0.0051719768740220795,141262.4957310173,0.0051719768740220795,0.9942110722790184,0.9942110722790184,1.0,0.9942110722790184,0.005788927720981607,0.0,0.0,0.0,0.0,0.0,0.0,0.0,0.0,0.0
2012-06-25,-0.01867024984326323,138625.0896422363,-0.01867024984326323,0.9941009352666044,0.9941009352666045,1.0,0.9941009352666045,0.00589906473339552,0.0,0.0,0.0,0.0,0.0,0.0,0.0,0.0,0.0
2012-06-26,0.004613365040922652,139264.61778458653,0.004613365040922652,0.9941280248315676,0.9941280248315677,1.0,0.9941280248315677,0.005871975168432297,0.0,0.0,0.0,0.0,0.0,0.0,0.0,0.0,0.0
2012-06-27,0.012177071241647913,140960.45295679034,0.012374449010312994,0.799390470468016,0.799390470468016,1.0,0.799390470468016,0.20060952953198397,0.19737776866508105,0.0,0.0,0.19737776866508105,27.487739512317056,0.0,0.0,27.487739512317056,0.0
2012-06-28,0.0007255836217744038,141062.73155277368,0.0007255836217744038,0.7995359239183749,0.799535923918375,1.0,0.799535923918375,0.20046407608162498,0.0,0.0,0.0,0.0,0.0,0.0,0.0,0.0,0.0
2012-06-29,0.02345175712073085,144370.90047193618,0.023652020933000204,1.0,1.0000000000000002,1.0,1.0000000000000002,-2.220446049250313e-16,0.20026381226935572,0.0,0.0,0.20026381226935572,28.24976038988719,0.0,0.0,28.24976038988719,0.0
2012-07-02,0.007216685700505908,145412.77988494115,0.007216685700505908,1.0,1.0,1.0,1.0,0.0,0.0,0.0,0.0,0.0,0.0,0.0,0.0,0.0,0.0
2012-07-03,0.015945131922562902,147731.40584343314,0.015945131922562902,1.0,1.0000000000000002,1.0,1.0000000000000002,-2.220446049250313e-16,0.0,0.0,0.0,0.0,0.0,0.0,0.0,0.0,0.0
2012-07-05,-0.003938720825605491,147149.53307864163,-0.003938720825605491,1.0,1.0000000000000002,1.0,1.0000000000000002,-2.220446049250313e-16,0.0,0.0,0.0,0.0,0.0,0.0,0.0,0.0,0.0
2012-07-06,-0.013183861238784811,145209.53405318083,-0.013183861238784811,1.0,1.0,1.0,1.0,0.0,0.0,0.0,0.0,0.0,0.0,0.0,0.0,0.0,0.0
2012-07-09,-0.0051900435739178664,144455.89024409652,-0.0051900435739178664,1.0,1.0,1.0,1.0,0.0,0.0,0.0,0.0,0.0,0.0,0.0,0.0,0.0,0.0
2012-07-10,-0.01417392102924445,142408.38386356752,-0.013791466957937527,0.6124350680248632,0.6124350680248632,1.0,0.6124350680248632,0.38756493197513675,0.38245407130692366,0.0,0.0,0.38245407130692366,55.24774334812083,0.0,0.0,55.24774334812083,0.0
2012-07-11,-0.0018798481701382756,142140.67772374922,-0.0018798481701382756,0.6117051326289618,0.6117051326289618,1.0,0.6117051326289618,0.38829486737103824,0.0,0.0,0.0,0.0,0.0,0.0,0.0,0.0,0.0
2012-07-12,-0.0028446152616345517,141736.34218259717,-0.0028446152616345517,0.6105974321415117,0.6105974321415117,1.0,0.6105974321415117,0.38940256785848826,0.0,0.0,0.0,0.0,0.0,0.0,0.0,0.0,0.0
2012-07-13,0.008608071887054494,142956.41880511312,0.008608071887054494,0.6139208293961639,0.6139208293961639,1.0,0.6139208293961639,0.3860791706038361,0.0,0.0,0.0,0.0,0.0,0.0,0.0,0.0,0.0
2012-07-16,-0.0030936399788072362,142514.1631126705,-0.002707946501680527,1.0,1.0,1.0,1.0,0.0,0.38569347712670926,0.0,0.0,0.38569347712670926,55.13735824652617,0.0,0.0,55.13735824652617,0.0
2012-07-17,0.006855741268114053,143491.20334201277,0.006855741268114053,1.0,1.0,1.0,1.0,0.0,0.0,0.0,0.0,0.0,0.0,0.0,0.0,0.0,0.0
2012-07-18,0.00857786964397468,144722.05217933762,0.00857786964397468,1.0,1.0,1.0,1.0,0.0,0.0,0.0,0.0,0.0,0.0,0.0,0.0,0.0,0.0
2012-07-19,0.004614309971199163,145389.84458776115,0.004614309971199163,1.0,1.0,1.0,1.0,0.0,0.0,0.0,0.0,0.0,0.0,0.0,0.0,0.0,0.0
2012-07-20,-0.012509078166735136,143571.1516571634,-0.012509078166735136,1.0,1.0,1.0,1.0,0.0,0.0,0.0,0.0,0.0,0.0,0.0,0.0,0.0,0.0
2012-07-23,-0.015886595913196105,141290.29478599384,-0.015886595913196105,1.0,1.0,1.0,1.0,0.0,0.0,0.0,0.0,0.0,0.0,0.0,0.0,0.0,0.0
2012-07-24,-0.01175861476727215,139628.91663925102,-0.01175861476727215,1.0,1.0,1.0,1.0,0.0,0.0,0.0,0.0,0.0,0.0,0.0,0.0,0.0,0.0
2012-07-25,0.0013373888605682377,139815.6547969776,0.0013373888605682377,1.0,1.0,1.0,1.0,0.0,0.0,0.0,0.0,0.0,0.0,0.0,0.0,0.0,0.0
2012-07-26,0.01387906160466595,141756.16488320156,0.01387906160466595,1.0,0.9999999999999998,1.0,0.9999999999999998,2.220446049250313e-16,0.0,0.0,0.0,0.0,0.0,0.0,0.0,0.0,0.0
2012-07-27,0.024763999857142747,145266.61453011827,0.024763999857142747,1.0,1.0,1.0,1.0,0.0,0.0,0.0,0.0,0.0,0.0,0.0,0.0,0.0,0.0
2012-07-30,-0.0023915689109384273,144919.19941101078,-0.0023915689109384273,1.0,1.0000000000000002,1.0,1.0000000000000002,-2.220446049250313e-16,0.0,0.0,0.0,0.0,0.0,0.0,0.0,0.0,0.0
2012-07-31,-0.009599335694412417,143528.07136729898,-0.009395298124267313,0.7941908361724748,0.7941908361724748,1.0,0.7941908361724748,0.20580916382752523,0.20403757014510362,0.0,0.0,0.20403757014510362,29.568961315196372,0.0,0.0,29.568961315196372,0.0
2012-08-01,-0.0038042602788455975,142982.05322649705,-0.0038042602788455975,0.793404894619271,0.793404894619271,1.0,0.793404894619271,0.206595105380729,0.0,0.0,0.0,0.0,0.0,0.0,0.0,0.0,0.0
2012-08-02,-0.006617997819233953,142035.7983100545,-0.006617997819233953,0.7920285399501985,0.7920285399501985,1.0,0.7920285399501985,0.2079714600498015,0.0,0.0,0.0,0.0,0.0,0.0,0.0,0.0,0.0
2012-08-03,0.018667054475185275,144687.18829453472,0.018667054475185275,0.7958396130157092,0.7958396130157092,1.0,0.7958396130157092,0.20416038698429084,0.0,0.0,0.0,0.0,0.0,0.0,0.0,0.0,0.0
2012-08-06,0.005943324326489674,145547.111180457,0.006144553237137101,0.9972858834487084,0.9972858834487083,1.0,0.9972858834487083,0.002714116551291723,0.20122891064742743,0.0,0.0,0.20122891064742743,29.115245285148436,0.0,0.0,29.115245285148436,0.0
2012-08-07,0.008080390766514213,146723.18871373238,0.008080390766514213,0.9973076387794548,0.9973076387794548,1.0,0.9973076387794548,0.0026923612205451697,0.0,0.0,0.0,0.0,0.0,0.0,0.0,0.0,0.0
2012-08-08,0.002188734610325602,147044.32683500746,0.002188734610325602,0.9973135187738944,0.9973135187738944,1.0,0.9973135187738944,0.002686481226105597,0.0,0.0,0.0,0.0,0.0,0.0,0.0,0.0,0.0
2012-08-09,0.003149689365578684,147507.47078750835,0.003149689365578684,0.9973219537875704,0.9973219537875703,1.0,0.9973219537875703,0.00267804621242973,0.0,0.0,0.0,0.0,0.0,0.0,0.0,0.0,0.0
2012-08-10,0.0011310065788244794,147674.30270739482,0.0011310065788244794,0.9973249792536328,0.9973249792536328,1.0,0.9973249792536328,0.0026750207463671627,0.0,0.0,0.0,0.0,0.0,0.0,0.0,0.0,0.0
2012-08-13,-0.0036627657508089043,147133.40632916358,-0.0036627657508089043,0.997315145259644,0.997315145259644,1.0,0.997315145259644,0.0026848547403559575,0.0,0.0,0.0,0.0,0.0,0.0,0.0,0.0,0.0
2012-08-14,-0.00500819912849941,146396.53293181272,-0.00500819912849941,0.9973016312918314,0.9973016312918314,1.0,0.9973016312918314,0.0026983687081686414,0.0,0.0,0.0,0.0,0.0,0.0,0.0,0.0,0.0
2012-08-15,0.005186835238789652,147155.86762766007,0.005186835238789652,0.9973155550654148,0.9973155550654149,1.0,0.9973155550654149,0.002684444934585084,0.0,0.0,0.0,0.0,0.0,0.0,0.0,0.0,0.0
2012-08-16,0.012645548444575378,149016.73428064914,0.012645548444575378,0.9973490774351316,0.9973490774351316,1.0,0.9973490774351316,0.00265092256486843,0.0,0.0,0.0,0.0,0.0,0.0,0.0,0.0,0.0
2012-08-17,0.0030016720613884594,149464.0336486187,0.0030016720613884594,0.997357010821906,0.997357010821906,1.0,0.997357010821906,0.002642989178094024,0.0,0.0,0.0,0.0,0.0,0.0,0.0,0.0,0.0
2012-08-20,-0.001650619431637068,149217.32541034743,-0.001650619431637068,0.9973526410397636,0.9973526410397637,1.0,0.9973526410397637,0.002647358960236268,0.0,0.0,0.0,0.0,0.0,0.0,0.0,0.0,0.0
2012-08-21,-0.0023612866482288627,148864.98053217155,-0.0023612866482288627,0.9973463750706486,0.9973463750706488,1.0,0.9973463750706488,0.0026536249293511727,0.0,0.0,0.0,0.0,0.0,0.0,0.0,0.0,0.0
2012-08-22,-0.00047103379472331395,148794.8600954901,-0.00047103379472331395,0.9973451245345836,0.9973451245345836,1.0,0.9973451245345836,0.0026548754654164286,0.0,0.0,0.0,0.0,0.0,0.0,0.0,0.0,0.0
2012-08-23,-0.010989663371991427,147159.65467155806,-0.010989663371991427,0.997315624147602,0.997315624147602,1.0,0.997315624147602,0.002684375852398002,0.0,0.0,0.0,0.0,0.0,0.0,0.0,0.0,0.0
2012-08-24,0.0019352914753431344,147444.4514967584,0.0019352914753431344,0.99732080916279,0.9973208091627898,1.0,0.9973208091627898,0.0026791908372102435,0.0,0.0,0.0,0.0,0.0,0.0,0.0,0.0,0.0
2012-08-27,-0.0025454932875501103,147069.1326351869,-0.0025454932875501103,0.9973139718962818,0.9973139718962818,1.0,0.9973139718962818,0.0026860281037182077,0.0,0.0,0.0,0.0,0.0,0.0,0.0,0.0,0.0
2012-08-28,0.00019574174310578595,147097.92020356597,0.00019574174310578595,0.9973144975612104,0.9973144975612104,1.0,0.9973144975612104,0.002685502438789622,0.0,0.0,0.0,0.0,0.0,0.0,0.0,0.0,0.0
2012-08-29,-0.0015801181138595515,146865.48811534123,-0.0015801181138595515,0.9973102474344596,0.9973102474344596,1.0,0.9973102474344596,0.002689752565540382,0.0,0.0,0.0,0.0,0.0,0.0,0.0,0.0,0.0
2012-08-30,-0.008906477492159384,145557.43395106695,-0.008906477492159384,0.997286075930822,0.9972860759308222,1.0,0.9972860759308222,0.002713924069177809,0.0,0.0,0.0,0.0,0.0,0.0,0.0,0.0,0.0
2012-08-31,0.006225292254768919,146463.57151726657,0.006225292254768919,0.9973028663758824,0.9973028663758824,1.0,0.9973028663758824,0.002697133624117609,0.0,0.0,0.0,0.0,0.0,0.0,0.0,0.0,0.0
2012-09-04,-0.003169174179742261,145999.40294814119,-0.003169174179742261,0.997294291514412,0.997294291514412,1.0,0.997294291514412,0.002705708485588043,0.0,0.0,0.0,0.0,0.0,0.0,0.0,0.0,0.0
2012-09-05,0.0023113651296116536,146336.86087705963,0.0023113651296116536,0.9973005309729894,0.9973005309729892,1.0,0.9973005309729892,0.0026994690270107924,0.0,0.0,0.0,0.0,0.0,0.0,0.0,0.0,0.0
2012-09-06,0.02260289216628994,149644.4971634172,0.02260289216628994,0.9973601981299974,0.9973601981299977,1.0,0.9973601981299977,0.002639801870002345,0.0,0.0,0.0,0.0,0.0,0.0,0.0,0.0,0.0
2012-09-07,0.014040163816248993,151745.53041779177,0.014040163816248993,0.997396748211562,0.9973967482115621,1.0,0.9973967482115621,0.002603251788437899,0.0,0.0,0.0,0.0,0.0,0.0,0.0,0.0,0.0
2012-09-10,-0.007677063367784749,150580.57036499627,-0.007677063367784749,0.9973766082669892,0.9973766082669893,1.0,0.9973766082669893,0.002623391733010738,0.0,0.0,0.0,0.0,0.0,0.0,0.0,0.0,0.0
2012-09-11,0.0053373885015952464,151384.27736982607,0.0053373885015952464,0.9973905359901905,0.9973905359901905,1.0,0.9973905359901905,0.002609464009809548,0.0,0.0,0.0,0.0,0.0,0.0,0.0,0.0,0.0
2012-09-12,0.002344873877929279,151739.25440735978,0.0025521289929025383,0.7908331460239217,0.7908331460239217,1.0,0.7908331460239217,0.20916685397607826,0.2072551149732591,0.0,0.0,0.2072551149732591,31.37516581142705,0.0,0.0,31.37516581142705,0.0
2012-09-13,0.015662685671603234,154115.89865318572,0.015662685671603234,0.7940587392577414,0.7940587392577415,1.0,0.7940587392577415,0.2059412607422585,0.0,0.0,0.0,0.0,0.0,0.0,0.0,0.0,0.0
2012-09-14,0.007659585544072786,155296.36256262145,0.007659585544072786,0.7956241733848408,0.7956241733848408,1.0,0.7956241733848408,0.20437582661515918,0.0,0.0,0.0,0.0,0.0,0.0,0.0,0.0,0.0
2012-09-17,-0.007008322017218521,154207.99564567985,-0.007008322017218521,0.79418173269051,0.79418173269051,1.0,0.79418173269051,0.20581826730949004,0.0,0.0,0.0,0.0,0.0,0.0,0.0,0.0,0.0
2012-09-18,-0.001316154222335821,154005.03414109285,-0.001116377497835388,0.9941505351175398,0.9941505351175398,1.0,0.9941505351175398,0.005849464882460187,0.1997767245004329,0.0,0.0,0.1997767245004329,30.80716826187094,0.0,0.0,30.80716826187094,0.0
2012-09-19,0.0006559805328193218,154106.05844544558,0.0008601882938035315,0.7902845511461938,0.7902845511461938,1.0,0.7902845511461938,0.20971544885380622,0.20420776098420976,0.0,0.0,0.20420776098420976,31.449023202249354,0.0,0.0,31.449023202249354,0.0
2012-09-20,-0.004742117345482606,153375.26943264747,-0.004742117345482606,0.7892853173948643,0.7892853173948643,1.0,0.7892853173948643,0.2107146826051357,0.0,0.0,0.0,0.0,0.0,0.0,0.0,0.0,0.0
2012-09-21,-0.0010780108493381579,153209.92922817892,-0.0010780108493381579,0.7890579195435502,0.7890579195435502,1.0,0.7890579195435502,0.2109420804564498,0.0,0.0,0.0,0.0,0.0,0.0,0.0,0.0,0.0
2012-09-24,-0.0009158437736587281,153069.61286843262,-0.0009158437736587281,0.7888645524585207,0.7888645524585207,1.0,0.7888645524585207,0.21113544754147928,0.0,0.0,0.0,0.0,0.0,0.0,0.0,0.0,0.0
2012-09-25,-0.010169285575677868,151513.00426221505,-0.009971279831644198,0.9869354450459789,0.9869354450459789,1.0,0.9869354450459789,0.013064554954021146,0.19800574403367122,0.0,0.0,0.19800574403367122,30.308662584960018,0.0,0.0,30.308662584960018,0.0
2012-09-26,-0.005519484777757962,150676.73054155736,-0.005136879083288415,0.6025184629778673,0.6025184629778673,1.0,0.6025184629778673,0.39748153702213274,0.3826056944695476,0.0,0.0,0.3826056944695476,57.96973821691232,0.0,0.0,57.96973821691232,0.0
2012-09-27,0.006743445567242553,151692.81087221444,0.006743445567242553,0.6051809040602449,0.6051809040602449,1.0,0.6051809040602449,0.39481909593975506,0.0,0.0,0.0,0.0,0.0,0.0,0.0,0.0,0.0
2012-09-28,-0.005861412882277301,150803.6766764192,-0.005861412882277301,0.6028530618809972,0.6028530618809972,1.0,0.6028530618809972,0.3971469381190028,0.0,0.0,0.0,0.0,0.0,0.0,0.0,0.0,0.0
2012-10-01,0.0009430529712298628,150945.89253178128,0.0009430529712298628,0.6032272396115846,0.6032272396115846,1.0,0.6032272396115846,0.39677276038841536,0.0,0.0,0.0,0.0,0.0,0.0,0.0,0.0,0.0
2012-10-02,-0.002693385536838337,150539.33704799102,-0.002297009152833926,1.0,1.0,1.0,1.0,0.0,0.396376384004411,0.0,0.0,0.396376384004411,59.83138706206589,0.0,0.0,59.83138706206589,0.0
2012-10-03,-0.008027509831886144,149330.88103975265,-0.008027509831886144,1.0,0.9999999999999998,1.0,0.9999999999999998,2.220446049250313e-16,0.0,0.0,0.0,0.0,0.0,0.0,0.0,0.0,0.0
2012-10-04,0.015217550295059497,151603.33123258065,0.015217550295059497,1.0,1.0,1.0,1.0,0.0,0.0,0.0,0.0,0.0,0.0,0.0,0.0,0.0,0.0
2012-10-05,-0.0011627282692100588,151427.0577536501,-0.0011627282692100588,1.0,1.0,1.0,1.0,0.0,0.0,0.0,0.0,0.0,0.0,0.0,0.0,0.0,0.0
2012-10-08,-0.0032020632152839354,150942.17874221847,-0.0032020632152839354,1.0,1.0,1.0,1.0,0.0,0.0,0.0,0.0,0.0,0.0,0.0,0.0,0.0,0.0
2012-10-09,-0.004226782207224014,150304.17902679121,-0.004226782207224014,1.0,1.0,1.0,1.0,0.0,0.0,0.0,0.0,0.0,0.0,0.0,0.0,0.0,0.0
2012-10-10,-0.00964890030941366,148853.90898727346,-0.009448446379800938,0.7977954729936956,0.7977954729936957,1.0,0.7977954729936957,0.2022045270063043,0.20045392961272115,0.0,0.0,0.20045392961272115,30.129063323134243,0.0,0.0,30.129063323134243,0.0
2012-10-11,0.004794577360584428,149567.60056933833,0.004991841843983066,0.6026334587012208,0.6026334587012208,1.0,0.6026334587012208,0.39736654129877924,0.19726448339863834,0.0,0.0,0.19726448339863834,29.363589458242426,0.0,0.0,29.363589458242426,0.0
2012-10-12,-0.0012775770197155604,149376.51643995696,-0.0012775770197155604,0.6021251429271018,0.6021251429271018,1.0,0.6021251429271018,0.39787485707289816,0.0,0.0,0.0,0.0,0.0,0.0,0.0,0.0,0.0
2012-10-15,0.0027476147762978812,149786.94556375928,0.0027476147762978812,0.6032153542826828,0.6032153542826828,1.0,0.6032153542826828,0.3967846457173172,0.0,0.0,0.0,0.0,0.0,0.0,0.0,0.0,0.0
2012-10-16,0.004646546383975064,150482.93755403525,0.0050429346414349215,1.0,0.9999999999999998,1.0,0.9999999999999998,2.220446049250313e-16,0.39638825745985734,0.0,0.0,0.39638825745985734,59.373786342253055,0.0,0.0,59.373786342253055,0.0
2012-10-17,0.005089158524906691,151248.76907854137,0.005089158524906691,1.0,1.0,1.0,1.0,0.0,0.0,0.0,0.0,0.0,0.0,0.0,0.0,0.0,0.0
2012-10-18,0.001186864306631011,151428.28084398256,0.001186864306631011,1.0,1.0,1.0,1.0,0.0,0.0,0.0,0.0,0.0,0.0,0.0,0.0,0.0,0.0
2012-10-19,-0.017669012539138766,148752.69265097,-0.017669012539138766,1.0,1.0,1.0,1.0,0.0,0.0,0.0,0.0,0.0,0.0,0.0,0.0,0.0,0.0
2012-10-22,-0.0009761004569698681,148607.4950796979,-0.0009761004569698681,1.0,1.0000000000000002,1.0,1.0000000000000002,-2.220446049250313e-16,0.0,0.0,0.0,0.0,0.0,0.0,0.0,0.0,0.0
2012-10-23,-0.014715069617183205,146420.72544396494,-0.014715069617183205,1.0,1.0000000000000002,1.0,1.0000000000000002,-2.220446049250313e-16,0.0,0.0,0.0,0.0,0.0,0.0,0.0,0.0,0.0
2012-10-24,-0.004741432822144612,145726.48141050272,-0.004741432822144612,1.0,1.0,1.0,1.0,0.0,0.0,0.0,0.0,0.0,0.0,0.0,0.0,0.0,0.0
2012-10-25,0.0055200912576908205,146530.90488655088,0.0055200912576908205,1.0,1.0000000000000002,1.0,1.0000000000000002,-2.220446049250313e-16,0.0,0.0,0.0,0.0,0.0,0.0,0.0,0.0,0.0
2012-10-26,-0.0016574549904995815,146288.03650698424,-0.0016574549904995815,1.0,1.0,1.0,1.0,0.0,0.0,0.0,0.0,0.0,0.0,0.0,0.0,0.0,0.0
2012-10-31,0.0017467795858840448,146543.5694628137,0.0017467795858840448,1.0,1.0,1.0,1.0,0.0,0.0,0.0,0.0,0.0,0.0,0.0,0.0,0.0,0.0
2012-11-01,0.013060253885663974,148457.46568530946,0.013060253885663974,1.0,1.0,1.0,1.0,0.0,0.0,0.0,0.0,0.0,0.0,0.0,0.0,0.0,0.0
2012-11-02,-0.01233750368413163,146625.87115548013,-0.01233750368413163,1.0,0.9999999999999998,1.0,0.9999999999999998,2.220446049250313e-16,0.0,0.0,0.0,0.0,0.0,0.0,0.0,0.0,0.0
2012-11-05,0.0051413193877710185,147379.7215896006,0.0051413193877710185,1.0,1.0,1.0,1.0,0.0,0.0,0.0,0.0,0.0,0.0,0.0,0.0,0.0,0.0
2012-11-06,0.01209384481221286,149162.10907097236,0.01209384481221286,1.0,1.0000000000000002,1.0,1.0000000000000002,-2.220446049250313e-16,0.0,0.0,0.0,0.0,0.0,0.0,0.0,0.0,0.0
2012-11-07,-0.024906732251327907,145446.9683582983,-0.024906732251327907,1.0,1.0,1.0,1.0,0.0,0.0,0.0,0.0,0.0,0.0,0.0,0.0,0.0,0.0
2012-11-08,-0.007430579335161816,144366.21312085318,-0.007430579335161816,1.0,1.0,1.0,1.0,0.0,0.0,0.0,0.0,0.0,0.0,0.0,0.0,0.0,0.0
2012-11-09,0.004200149161784056,144972.57274988267,0.004200149161784056,1.0,1.0,1.0,1.0,0.0,0.0,0.0,0.0,0.0,0.0,0.0,0.0,0.0,0.0
2012-11-12,-0.002281945604320665,144641.753224749,-0.002281945604320665,1.0,1.0,1.0,1.0,0.0,0.0,0.0,0.0,0.0,0.0,0.0,0.0,0.0,0.0
2012-11-13,-0.003140735101890075,144187.47179319712,-0.003140735101890075,1.0,0.9999999999999998,1.0,0.9999999999999998,2.220446049250313e-16,0.0,0.0,0.0,0.0,0.0,0.0,0.0,0.0,0.0
2012-11-14,-0.013569975011792697,142230.8514039499,-0.013569975011792697,1.0,1.0,1.0,1.0,0.0,0.0,0.0,0.0,0.0,0.0,0.0,0.0,0.0,0.0
2012-11-15,0.00038815719453738526,142286.05933220751,0.00038815719453738526,1.0,0.9999999999999998,1.0,0.9999999999999998,2.220446049250313e-16,0.0,0.0,0.0,0.0,0.0,0.0,0.0,0.0,0.0
2012-11-16,0.009115117516945742,143583.0134840437,0.009115117516945742,1.0,1.0,1.0,1.0,0.0,0.0,0.0,0.0,0.0,0.0,0.0,0.0,0.0,0.0
2012-11-19,0.019250397306049896,146347.04354001145,0.019250397306049896,1.0,1.0,1.0,1.0,0.0,0.0,0.0,0.0,0.0,0.0,0.0,0.0,0.0,0.0
2012-11-20,-0.004110296305820973,145745.51382758113,-0.004110296305820973,1.0,1.0,1.0,1.0,0.0,0.0,0.0,0.0,0.0,0.0,0.0,0.0,0.0,0.0
2012-11-21,0.002857648261041451,146162.0032417251,0.002857648261041451,1.0,1.0,1.0,1.0,0.0,0.0,0.0,0.0,0.0,0.0,0.0,0.0,0.0,0.0
2012-11-23,0.010852376936492825,147748.20839469717,0.010852376936492825,1.0,1.0,1.0,1.0,0.0,0.0,0.0,0.0,0.0,0.0,0.0,0.0,0.0,0.0
2012-11-26,0.0001908852206675879,147776.41134405983,0.0001908852206675879,1.0,1.0,1.0,1.0,0.0,0.0,0.0,0.0,0.0,0.0,0.0,0.0,0.0,0.0
2012-11-27,-0.0034742077083303193,147263.0053966589,-0.0034742077083303193,1.0,1.0000000000000002,1.0,1.0000000000000002,-2.220446049250313e-16,0.0,0.0,0.0,0.0,0.0,0.0,0.0,0.0,0.0
2012-11-28,0.004201280368566294,147881.69857024794,0.004201280368566294,1.0,1.0,1.0,1.0,0.0,0.0,0.0,0.0,0.0,0.0,0.0,0.0,0.0,0.0
2012-11-29,0.009259879616612204,149251.06529650858,0.009259879616612204,1.0,1.0000000000000002,1.0,1.0000000000000002,-2.220446049250313e-16,0.0,0.0,0.0,0.0,0.0,0.0,0.0,0.0,0.0
2012-11-30,0.0004028144771593684,149311.18578634146,0.0004028144771593684,1.0,1.0,1.0,1.0,0.0,0.0,0.0,0.0,0.0,0.0,0.0,0.0,0.0,0.0
2012-12-03,-0.005235946963953919,148529.4003364391,-0.005235946963953919,1.0,1.0,1.0,1.0,0.0,0.0,0.0,0.0,0.0,0.0,0.0,0.0,0.0,0.0
2012-12-04,0.0008142615902541194,148650.34212215655,0.0008142615902541194,1.0,0.9999999999999998,1.0,0.9999999999999998,2.220446049250313e-16,0.0,0.0,0.0,0.0,0.0,0.0,0.0,0.0,0.0
2012-12-05,0.002991899654151954,149095.0890293414,0.002991899654151954,1.0,0.9999999999999998,1.0,0.9999999999999998,2.220446049250313e-16,0.0,0.0,0.0,0.0,0.0,0.0,0.0,0.0,0.0
2012-12-06,-0.0020474667014690217,148789.82179920125,-0.0020474667014690217,1.0,0.9999999999999998,1.0,0.9999999999999998,2.220446049250313e-16,0.0,0.0,0.0,0.0,0.0,0.0,0.0,0.0,0.0
2012-12-07,0.0026651797806312126,149186.3734238242,0.0026651797806312126,1.0,1.0,1.0,1.0,0.0,0.0,0.0,0.0,0.0,0.0,0.0,0.0,0.0,0.0
2012-12-10,0.0014895961712102215,149408.6008744731,0.0014895961712102215,1.0,1.0,1.0,1.0,0.0,0.0,0.0,0.0,0.0,0.0,0.0,0.0,0.0,0.0
2012-12-11,0.003245068713764413,149893.44205073814,0.003245068713764413,1.0,1.0,1.0,1.0,0.0,0.0,0.0,0.0,0.0,0.0,0.0,0.0,0.0,0.0
2012-12-12,0.002207673766256431,150224.35787048744,0.002207673766256431,1.0,1.0,1.0,1.0,0.0,0.0,0.0,0.0,0.0,0.0,0.0,0.0,0.0,0.0
2012-12-13,-0.004617668783886514,149530.67154256953,-0.004617668783886514,1.0,0.9999999999999998,1.0,0.9999999999999998,2.220446049250313e-16,0.0,0.0,0.0,0.0,0.0,0.0,0.0,0.0,0.0
2012-12-14,0.001432019108044979,149744.80232145727,0.001432019108044979,1.0,1.0,1.0,1.0,0.0,0.0,0.0,0.0,0.0,0.0,0.0,0.0,0.0,0.0
2012-12-17,0.009743517364587357,151203.8434031331,0.009743517364587357,1.0,1.0,1.0,1.0,0.0,0.0,0.0,0.0,0.0,0.0,0.0,0.0,0.0,0.0
2012-12-18,0.01205719105555657,153026.93703137912,0.01205719105555657,1.0,1.0000000000000002,1.0,1.0000000000000002,-2.220446049250313e-16,0.0,0.0,0.0,0.0,0.0,0.0,0.0,0.0,0.0
2012-12-19,0.004196845047440542,153669.16737418427,0.004196845047440542,1.0,0.9999999999999998,1.0,0.9999999999999998,2.220446049250313e-16,0.0,0.0,0.0,0.0,0.0,0.0,0.0,0.0,0.0
2012-12-20,0.006214261286899812,154624.1077319878,0.006214261286899812,1.0,1.0,1.0,1.0,0.0,0.0,0.0,0.0,0.0,0.0,0.0,0.0,0.0,0.0
2012-12-21,-0.006765699172918366,153577.96753419226,-0.006765699172918366,1.0,1.0,1.0,1.0,0.0,0.0,0.0,0.0,0.0,0.0,0.0,0.0,0.0,0.0
2012-12-24,-0.003056427372313815,153108.56763043645,-0.0028503270307431807,0.7934745286672747,0.7934745286672749,1.0,0.7934745286672749,0.20652547133272514,0.20610034157063467,0.0,0.0,0.20610034157063467,31.652471566520866,0.0,0.0,31.652471566520866,0.0
2012-12-26,0.0029279635023286826,153556.86392835216,0.0029279635023286826,0.7940774623418446,0.7940774623418446,1.0,0.7940774623418446,0.20592253765815538,0.0,0.0,0.0,0.0,0.0,0.0,0.0,0.0,0.0
2012-12-27,-2.065961755797056e-05,153553.69150227,-2.065961755797056e-05,0.7940732079730763,0.7940732079730763,1.0,0.7940732079730763,0.20592679202692366,0.0,0.0,0.0,0.0,0.0,0.0,0.0,0.0,0.0
2012-12-28,-0.00592128243215534,152644.456726385,-0.00592128243215534,0.7928465941502573,0.7928465941502573,1.0,0.7928465941502573,0.20715340584974273,0.0,0.0,0.0,0.0,0.0,0.0,0.0,0.0,0.0
2012-12-31,0.011322783102244998,154372.8168016579,0.011525088119868972,0.995405934400199,0.995405934400199,1.0,0.995405934400199,0.004594065599801023,0.2023050176239738,0.0,0.0,0.2023050176239738,30.88073950823322,0.0,0.0,30.88073950823322,0.0
2013-01-02,0.02453958186333013,158161.06117703507,0.024938906302347727,0.6061458363136157,0.6061458363136157,1.0,0.6061458363136157,0.39385416368638426,0.39932443901759634,0.0,0.0,0.39932443901759634,61.64483846888822,0.0,0.0,61.64483846888822,0.0
2013-01-03,-0.0035868804802379867,157593.7563539654,-0.0035868804802379867,0.604728043046835,0.6047280430468349,1.0,0.6047280430468349,0.3952719569531651,0.0,0.0,0.0,0.0,0.0,0.0,0.0,0.0,0.0
2013-01-04,-0.00015413859284472,157569.46507411991,-0.00015413859284472,0.6046671069910013,0.6046671069910015,1.0,0.6046671069910015,0.39533289300899854,0.0,0.0,0.0,0.0,0.0,0.0,0.0,0.0,0.0
2013-01-07,-0.0028822409890169975,157115.3119032658,-0.0028822409890169975,0.6035243686752507,0.6035243686752507,1.0,0.6035243686752507,0.3964756313247493,0.0,0.0,0.0,0.0,0.0,0.0,0.0,0.0,0.0
2013-01-08,-0.003959663941905284,156493.18806800124,-0.0035635843901323083,1.0,1.0,1.0,1.0,0.0,0.3960795517729763,0.0,0.0,0.3960795517729763,62.230162315316896,0.0,0.0,62.230162315316896,0.0
2013-01-09,0.0040225573837257885,157122.69089716696,0.0040225573837257885,1.0,1.0,1.0,1.0,0.0,0.0,0.0,0.0,0.0,0.0,0.0,0.0,0.0,0.0
2013-01-10,0.005930374489555012,158054.48729499377,0.005930374489555012,1.0,1.0,1.0,1.0,0.0,0.0,0.0,0.0,0.0,0.0,0.0,0.0,0.0,0.0
2013-01-11,0.0010956986989101162,158227.6673910798,0.0010956986989101162,1.0,1.0,1.0,1.0,0.0,0.0,0.0,0.0,0.0,0.0,0.0,0.0,0.0,0.0
2013-01-14,-0.0011984639039302396,158038.0372431085,-0.0011984639039302396,1.0,1.0,1.0,1.0,0.0,0.0,0.0,0.0,0.0,0.0,0.0,0.0,0.0,0.0
2013-01-15,-0.0014213263485457833,157813.4136167024,-0.0014213263485457833,1.0,0.9999999999999998,1.0,0.9999999999999998,2.220446049250313e-16,0.0,0.0,0.0,0.0,0.0,0.0,0.0,0.0,0.0
2013-01-16,-0.0012217747342292702,157620.60117522304,-0.0008189395504702231,0.59707536828989,0.59707536828989,1.0,0.59707536828989,0.40292463171010995,0.40283518375904703,0.0,0.0,0.40283518375904703,63.5727954739268,0.0,0.0,63.5727954739268,0.0
2013-01-17,0.0028903741172545275,158076.18368120602,0.0028903741172545275,0.5982366147797911,0.5982366147797911,1.0,0.5982366147797911,0.40176338522020894,0.0,0.0,0.0,0.0,0.0,0.0,0.0,0.0,0.0
2013-01-18,0.0014425449285350384,158304.21567829754,0.0014425449285350384,0.5988153416740651,0.5988153416740651,1.0,0.5988153416740651,0.40118465832593486,0.0,0.0,0.0,0.0,0.0,0.0,0.0,0.0,0.0
2013-01-22,0.00300687954205419,158780.21738584153,0.00300687954205419,0.6000180392490381,0.6000180392490381,1.0,0.6000180392490381,0.39998196075096193,0.0,0.0,0.0,0.0,0.0,0.0,0.0,0.0,0.0
2013-01-23,0.0030792976382479622,159269.14893423824,0.0034788800166205515,1.0,1.0,1.0,1.0,0.0,0.39958237837258936,0.0,0.0,0.39958237837258936,63.445776901551326,0.0,0.0,63.445776901551326,0.0
2013-01-24,-0.012412892195599079,157292.15815843275,-0.012412892195599079,1.0,1.0,1.0,1.0,0.0,0.0,0.0,0.0,0.0,0.0,0.0,0.0,0.0,0.0
2013-01-25,0.003361341427692346,157820.87080590182,0.0035607309533312597,0.8014771669099336,0.8014771669099339,1.0,0.8014771669099339,0.19852283309006613,0.19938952563891366,0.0,0.0,0.19938952563891366,31.36240880193089,0.0,0.0,31.36240880193089,0.0
2013-01-28,0.0012505262785415814,158018.2299521469,0.0014492605890824779,0.6034375025037813,0.6034375025037813,1.0,0.6034375025037813,0.39656249749621875,0.19873431054089652,0.0,0.0,0.19873431054089652,31.3644219485748,0.0,0.0,31.3644219485748,0.0
2013-01-29,0.0036249876416780567,158591.04408288328,0.0036249876416780567,0.6048698444345603,0.6048698444345603,1.0,0.6048698444345603,0.39513015556543973,0.0,0.0,0.0,0.0,0.0,0.0,0.0,0.0,0.0
2013-01-30,-0.002456237367000438,158201.5068343353,-0.002061501946855143,1.0,0.9999999999999998,1.0,0.9999999999999998,2.220446049250313e-16,0.3947354201452945,0.0,0.0,0.3947354201452945,62.60150241733785,0.0,0.0,62.60150241733785,0.0
2013-01-31,-0.00012697550958184806,158181.4191173884,-0.00012697550958184806,1.0,1.0000000000000002,1.0,1.0000000000000002,-2.220446049250313e-16,0.0,0.0,0.0,0.0,0.0,0.0,0.0,0.0,0.0
2013-02-01,0.010943994798354185,159912.5557454054,0.010943994798354185,1.0,1.0,1.0,1.0,0.0,0.0,0.0,0.0,0.0,0.0,0.0,0.0,0.0,0.0
2013-02-04,-0.013219873677165555,157798.53195905845,-0.013219873677165555,1.0,1.0,1.0,1.0,0.0,0.0,0.0,0.0,0.0,0.0,0.0,0.0,0.0,0.0
2013-02-05,0.011601698308486124,159629.26292036948,0.011601698308486124,1.0,1.0000000000000002,1.0,1.0000000000000002,-2.220446049250313e-16,0.0,0.0,0.0,0.0,0.0,0.0,0.0,0.0,0.0
2013-02-06,-0.0007114123934880842,159515.70068436456,-0.0007114123934880842,1.0,1.0,1.0,1.0,0.0,0.0,0.0,0.0,0.0,0.0,0.0,0.0,0.0,0.0
2013-02-07,-0.0003555285785912629,159458.98829403726,-0.0003555285785912629,1.0,1.0,1.0,1.0,0.0,0.0,0.0,0.0,0.0,0.0,0.0,0.0,0.0,0.0
2013-02-08,0.009183557384467968,160923.3890635048,0.009183557384467968,1.0,1.0,1.0,1.0,0.0,0.0,0.0,0.0,0.0,0.0,0.0,0.0,0.0,0.0
2013-02-11,0.00022547584322677976,160959.67340034878,0.00022547584322677976,1.0,1.0,1.0,1.0,0.0,0.0,0.0,0.0,0.0,0.0,0.0,0.0,0.0,0.0
2013-02-12,-0.002249954917556962,160597.5213916533,-0.002249954917556962,1.0,1.0,1.0,1.0,0.0,0.0,0.0,0.0,0.0,0.0,0.0,0.0,0.0,0.0
2013-02-13,0.0012373477921369651,160796.23638016995,0.0012373477921369651,1.0,1.0,1.0,1.0,0.0,0.0,0.0,0.0,0.0,0.0,0.0,0.0,0.0,0.0
2013-02-14,0.00014010797275859968,160818.7652148764,0.00014010797275859968,1.0,1.0,1.0,1.0,0.0,0.0,0.0,0.0,0.0,0.0,0.0,0.0,0.0,0.0
2013-02-15,-0.003376823674943227,160275.70860112365,-0.003376823674943227,1.0,1.0,1.0,1.0,0.0,0.0,0.0,0.0,0.0,0.0,0.0,0.0,0.0,0.0
2013-02-19,0.007830718496731887,161530.7825570433,0.007830718496731887,1.0,1.0000000000000002,1.0,1.0000000000000002,-2.220446049250313e-16,0.0,0.0,0.0,0.0,0.0,0.0,0.0,0.0,0.0
2013-02-20,-0.015714950502646704,158992.33430450558,-0.015520607507968924,0.8027515994657771,0.8027515994657769,1.0,0.8027515994657769,0.1972484005342231,0.1943429946777792,0.0,0.0,0.1943429946777792,31.39237601478098,0.0,0.0,31.39237601478098,0.0
2013-02-21,-0.006470971209395805,157963.49948670648,-0.006273919860210767,1.0,0.9999999999999998,1.0,0.9999999999999998,2.220446049250313e-16,0.19705134918503792,0.0,0.0,0.19705134918503792,31.32965398478141,0.0,0.0,31.32965398478141,0.0
2013-02-22,0.011471366970509973,159775.55675726448,0.011471366970509973,1.0,1.0,1.0,1.0,0.0,0.0,0.0,0.0,0.0,0.0,0.0,0.0,0.0,0.0
2013-02-25,-0.016277477486193032,157174.81372930415,-0.016277477486193032,1.0,0.9999999999999998,1.0,0.9999999999999998,2.220446049250313e-16,0.0,0.0,0.0,0.0,0.0,0.0,0.0,0.0,0.0
2013-02-26,0.006235771794406012,158154.91999954835,0.006235771794406012,1.0,1.0,1.0,1.0,0.0,0.0,0.0,0.0,0.0,0.0,0.0,0.0,0.0,0.0
2013-02-27,0.010223624573823378,159771.8365261268,0.010223624573823378,1.0,1.0,1.0,1.0,0.0,0.0,0.0,0.0,0.0,0.0,0.0,0.0,0.0,0.0
2013-02-28,-0.0020402829339734832,159445.85677473297,-0.0020402829339734832,1.0,1.0,1.0,1.0,0.0,0.0,0.0,0.0,0.0,0.0,0.0,0.0,0.0,0.0
2013-03-01,0.002097909602015759,159780.35976866228,0.002097909602015759,1.0,1.0,1.0,1.0,0.0,0.0,0.0,0.0,0.0,0.0,0.0,0.0,0.0,0.0
2013-03-04,0.002238305052681609,160137.99695525176,0.002238305052681609,1.0,0.9999999999999998,1.0,0.9999999999999998,2.220446049250313e-16,0.0,0.0,0.0,0.0,0.0,0.0,0.0,0.0,0.0
2013-03-05,0.012466807870642334,162134.40659608238,0.012466807870642334,1.0,1.0,1.0,1.0,0.0,0.0,0.0,0.0,0.0,0.0,0.0,0.0,0.0,0.0
2013-03-06,-0.0006542713247988156,162028.3267030833,-0.0006542713247988156,1.0,1.0000000000000002,1.0,1.0000000000000002,-2.220446049250313e-16,0.0,0.0,0.0,0.0,0.0,0.0,0.0,0.0,0.0
2013-03-07,0.0029535496049839793,162506.8854034134,0.0029535496049839793,1.0,1.0,1.0,1.0,0.0,0.0,0.0,0.0,0.0,0.0,0.0,0.0,0.0,0.0
2013-03-08,0.002405174655217935,162897.74284548408,0.002405174655217935,1.0,1.0,1.0,1.0,0.0,0.0,0.0,0.0,0.0,0.0,0.0,0.0,0.0,0.0
2013-03-11,0.0020593468968058645,163233.2058067096,0.0020593468968058645,1.0,1.0,1.0,1.0,0.0,0.0,0.0,0.0,0.0,0.0,0.0,0.0,0.0,0.0
2013-03-12,-0.0026469089855406347,162801.1423675212,-0.0026469089855406347,1.0,0.9999999999999998,1.0,0.9999999999999998,2.220446049250313e-16,0.0,0.0,0.0,0.0,0.0,0.0,0.0,0.0,0.0
2013-03-13,-0.0011224374782848158,162618.4082638203,-0.0011224374782848158,1.0,1.0,1.0,1.0,0.0,0.0,0.0,0.0,0.0,0.0,0.0,0.0,0.0,0.0
2013-03-14,0.007419119755840236,163824.89370923373,0.007813620294526511,1.0,1.0,1.0,1.0,0.0,0.3945005386862755,0.0,0.0,0.3945005386862755,64.15304966038178,0.0,0.0,64.15304966038178,0.0
2013-03-15,-0.0029175079002491493,163346.93328757957,-0.0029175079002491493,1.0,1.0000000000000002,1.0,1.0000000000000002,-2.220446049250313e-16,0.0,0.0,0.0,0.0,0.0,0.0,0.0,0.0,0.0
2013-03-18,-0.0025962764998923083,162922.83948335552,-0.0023975654979841994,0.8009709747126491,0.8009709747126491,1.0,0.8009709747126491,0.1990290252873509,0.19871100190810911,0.0,0.0,0.19871100190810911,32.458832772192,0.0,0.0,32.458832772192,0.0
2013-03-19,-0.003287527457431158,162387.22617511137,-0.003287527457431158,0.8003145031589332,0.8003145031589332,1.0,0.8003145031589332,0.19968549684106685,0.0,0.0,0.0,0.0,0.0,0.0,0.0,0.0,0.0
2013-03-20,0.0049285664061301405,163187.56240282266,0.0049285664061301405,0.8012938396654491,0.8012938396654491,1.0,0.8012938396654491,0.1987061603345509,0.0,0.0,0.0,0.0,0.0,0.0,0.0,0.0,0.0
2013-03-21,-0.008387289171902238,161818.86112769236,-0.007786776105461693,0.9948664489060004,0.9948664489060004,1.0,0.9948664489060004,0.0051335510939996,0.6005130664405454,0.0,0.0,0.6005130664405454,97.99626350347688,0.0,0.0,97.99626350347688,0.0
2013-03-22,0.007636613954615077,163054.60930070002,0.007636613954615077,0.9949053547450484,0.9949053547450483,1.0,0.9949053547450483,0.005094645254951735,0.0,0.0,0.0,0.0,0.0,0.0,0.0,0.0,0.0
2013-03-25,-0.0028316524568693267,162592.89531566983,-0.0028316524568693267,0.9948908875141252,0.9948908875141254,1.0,0.9948908875141254,0.005109112485874645,0.0,0.0,0.0,0.0,0.0,0.0,0.0,0.0,0.0
2013-03-26,0.005925542808309293,163556.3464771898,0.005925542808309293,0.9949209834441508,0.9949209834441509,1.0,0.9949209834441509,0.005079016555849081,0.0,0.0,0.0,0.0,0.0,0.0,0.0,0.0,0.0
2013-03-27,-0.0010692943758121352,163381.45659577334,-0.0010692943758121352,0.9949155466667976,0.9949155466667977,1.0,0.9949155466667977,0.005084453333202288,0.0,0.0,0.0,0.0,0.0,0.0,0.0,0.0,0.0
2013-03-28,0.002167657242709252,163735.61159348756,0.002167657242709252,0.9949265441800512,0.9949265441800516,1.0,0.9949265441800516,0.005073455819948447,0.0,0.0,0.0,0.0,0.0,0.0,0.0,0.0,0.0
2013-04-01,-0.0066556810561190834,162645.8395851927,-0.0066556810561190834,0.9948925506260078,0.9948925506260078,1.0,0.9948925506260078,0.005107449373992212,0.0,0.0,0.0,0.0,0.0,0.0,0.0,0.0,0.0
2013-04-02,0.005509571949477206,163541.94854067045,0.005509571949477206,0.9949205362967456,0.9949205362967456,1.0,0.9949205362967456,0.0050794637032544054,0.0,0.0,0.0,0.0,0.0,0.0,0.0,0.0,0.0
2013-04-03,-0.008573633193368386,162139.799862154,-0.00837532345315162,0.7950519564712812,0.7950519564712812,1.0,0.7950519564712812,0.20494804352871876,0.19830974021676737,0.0,0.0,0.19830974021676737,32.431961329644295,0.0,0.0,32.431961329644295,0.0
2013-04-04,0.0002490699640580998,162180.18401627804,0.0002490699640580998,0.7951029901621572,0.7951029901621572,1.0,0.7951029901621572,0.20489700983784276,0.0,0.0,0.0,0.0,0.0,0.0,0.0,0.0,0.0
2013-04-05,-0.006561330744413821,161116.06618875737,-0.0063626032650668345,0.9939897618279916,0.9939897618279915,1.0,0.9939897618279915,0.00601023817200852,0.19872747934698662,0.0,0.0,0.19872747934698662,32.22965916958539,0.0,0.0,32.22965916958539,0.0
2013-04-08,0.006122680190129087,162102.5283355228,0.006122680190129087,0.994026336658197,0.9940263366581972,1.0,0.9940263366581972,0.005973663341802826,0.0,0.0,0.0,0.0,0.0,0.0,0.0,0.0,0.0
2013-04-09,0.0049326828341916176,162902.12869442246,0.0049326828341916176,0.9940556582109008,0.9940556582109008,1.0,0.9940556582109008,0.0059443417890991945,0.0,0.0,0.0,0.0,0.0,0.0,0.0,0.0,0.0
2013-04-10,0.017081766181121744,165684.7847671876,0.017081766181121744,0.99415549271774,0.9941554927177401,1.0,0.9941554927177401,0.005844507282259936,0.0,0.0,0.0,0.0,0.0,0.0,0.0,0.0,0.0
2013-04-11,0.00019108370841427257,165716.4444302887,0.00019108370841427257,0.9941566092945058,0.9941566092945058,1.0,0.9941566092945058,0.0058433907054942225,0.0,0.0,0.0,0.0,0.0,0.0,0.0,0.0,0.0
2013-04-12,-0.0009051150825935069,165566.4519770011,-0.0009051150825935069,0.9941513155620076,0.9941513155620076,1.0,0.9941513155620076,0.0058486844379923575,0.0,0.0,0.0,0.0,0.0,0.0,0.0,0.0,0.0
2013-04-15,-0.019640511312932922,162314.64220390466,-0.019640511312932922,0.9940341430817128,0.9940341430817127,1.0,0.9940341430817127,0.005965856918287327,0.0,0.0,0.0,0.0,0.0,0.0,0.0,0.0,0.0
2013-04-16,0.013055915516689113,164433.80845964045,0.013055915516689113,0.9941110289897034,0.9941110289897032,1.0,0.9941110289897032,0.0058889710102968396,0.0,0.0,0.0,0.0,0.0,0.0,0.0,0.0,0.0
2013-04-17,-0.0179578944076717,161480.9234902709,-0.0179578944076717,0.9940033416319308,0.9940033416319307,1.0,0.9940033416319307,0.005996658368069285,0.0,0.0,0.0,0.0,0.0,0.0,0.0,0.0,0.0
2013-04-18,-0.01181257339273522,159573.41823001544,-0.01181257339273522,0.9939316589074022,0.993931658907402,1.0,0.993931658907402,0.0060683410925980175,0.0,0.0,0.0,0.0,0.0,0.0,0.0,0.0,0.0
2013-04-19,0.008374021837516437,160909.6895189607,0.008374021837516437,0.9939820533242816,0.9939820533242817,1.0,0.9939820533242817,0.006017946675718311,0.0,0.0,0.0,0.0,0.0,0.0,0.0,0.0,0.0
2013-04-22,0.008047147707401245,162204.55355807187,0.008047147707401245,0.9940300940393464,0.9940300940393464,1.0,0.9940300940393464,0.00596990596065361,0.0,0.0,0.0,0.0,0.0,0.0,0.0,0.0,0.0
2013-04-23,0.010121141790021904,163846.24884362033,0.010121141790021904,0.9940899108892282,0.9940899108892282,1.0,0.9940899108892282,0.005910089110771843,0.0,0.0,0.0,0.0,0.0,0.0,0.0,0.0,0.0
2013-04-24,0.0006367035760153903,163950.57033617576,0.0006367035760153903,0.9940936714697244,0.9940936714697246,1.0,0.9940936714697246,0.005906328530275395,0.0,0.0,0.0,0.0,0.0,0.0,0.0,0.0,0.0
2013-04-25,0.005155522816441164,164795.8212423125,0.005155522816441164,0.9941239654996612,0.9941239654996612,1.0,0.9941239654996612,0.0058760345003388,0.0,0.0,0.0,0.0,0.0,0.0,0.0,0.0,0.0
2013-04-26,-0.0022769575784004174,164420.58814824608,-0.0022769575784004174,0.9941105554843388,0.9941105554843387,1.0,0.9941105554843387,0.005889444515661313,0.0,0.0,0.0,0.0,0.0,0.0,0.0,0.0,0.0
2013-04-29,0.010010781445366516,166066.5667213168,0.010010781445366516,0.9941689290611004,0.9941689290611002,1.0,0.9941689290611002,0.005831070938899785,0.0,0.0,0.0,0.0,0.0,0.0,0.0,0.0,0.0
2013-04-30,0.007728418393573401,167349.99863012342,0.007728418393573401,0.994213648407182,0.9942136484071822,1.0,0.9942136484071822,0.005786351592817818,0.0,0.0,0.0,0.0,0.0,0.0,0.0,0.0,0.0
2013-05-01,-0.006397800727798491,166279.32668709054,-0.006397800727798491,0.9941763901115996,0.9941763901115996,1.0,0.9941763901115996,0.005823609888400361,0.0,0.0,0.0,0.0,0.0,0.0,0.0,0.0,0.0
2013-05-02,0.01204391242303173,168281.98033547055,0.01204391242303173,0.9942456944635362,0.9942456944635362,1.0,0.9942456944635362,0.005754305536463833,0.0,0.0,0.0,0.0,0.0,0.0,0.0,0.0,0.0
2013-05-03,0.010921105774512089,170119.80564265855,0.010921105774512089,0.994307858938156,0.994307858938156,1.0,0.994307858938156,0.005692141061844014,0.0,0.0,0.0,0.0,0.0,0.0,0.0,0.0,0.0
2013-05-06,0.004098069420418629,170816.9684159703,0.004098069420418629,0.994331090522732,0.994331090522732,1.0,0.994331090522732,0.005668909477267947,0.0,0.0,0.0,0.0,0.0,0.0,0.0,0.0,0.0
2013-05-07,0.0012134627178223072,171024.24843871457,0.0012134627178223072,0.9943379611957278,0.9943379611957279,1.0,0.9943379611957279,0.005662038804272074,0.0,0.0,0.0,0.0,0.0,0.0,0.0,0.0,0.0
2013-05-08,0.005221634531733537,171917.27456012592,0.005221634531733537,0.9943673727168538,0.9943673727168542,1.0,0.9943673727168542,0.005632627283145841,0.0,0.0,0.0,0.0,0.0,0.0,0.0,0.0,0.0
2013-05-09,-0.0013201572438183654,171690.31672477783,-0.0013201572438183654,0.9943599269335396,0.9943599269335396,1.0,0.9943599269335396,0.005640073066460416,0.0,0.0,0.0,0.0,0.0,0.0,0.0,0.0,0.0
2013-05-10,0.005108568000765895,172567.4083828394,0.005108568000765895,0.9943885931868244,0.9943885931868245,1.0,0.9943885931868245,0.005611406813175512,0.0,0.0,0.0,0.0,0.0,0.0,0.0,0.0,0.0
2013-05-13,-0.0004759637840531742,172485.27254614126,-0.0004759637840531742,0.994385921088582,0.994385921088582,1.0,0.994385921088582,0.0056140789114179634,0.0,0.0,0.0,0.0,0.0,0.0,0.0,0.0,0.0
2013-05-14,0.005381369785853887,173413.47958032583,0.005381369785853887,0.994415970814524,0.9944159708145239,1.0,0.9944159708145239,0.005584029185476069,0.0,0.0,0.0,0.0,0.0,0.0,0.0,0.0,0.0
2013-05-15,0.0031530533623277965,173960.26153518955,0.0031530533623277965,0.994433522216017,0.9944335222160169,1.0,0.9944335222160169,0.005566477783983115,0.0,0.0,0.0,0.0,0.0,0.0,0.0,0.0,0.0
2013-05-16,-0.0006817583264453993,173841.6626784173,-0.0006817583264453993,0.994429724634406,0.9944297246344059,1.0,0.9944297246344059,0.0055702753655940684,0.0,0.0,0.0,0.0,0.0,0.0,0.0,0.0,0.0
2013-05-17,0.009748810750268259,175536.4121483812,0.009748810750268259,0.9944835039107844,0.9944835039107844,1.0,0.9944835039107844,0.005516496089215561,0.0,0.0,0.0,0.0,0.0,0.0,0.0,0.0,0.0
2013-05-20,-0.0013814588171162127,175293.91582409386,-0.0011817891626298821,0.7947299469542701,0.7947299469542701,1.0,0.7947299469542701,0.20527005304572987,0.19966965448633056,0.0,0.0,0.19966965448633056,35.049294763437395,0.0,0.0,35.049294763437395,0.0
2013-05-21,-0.00011007192586384982,175274.6208851869,-0.00011007192586384982,0.7947073499969186,0.7947073499969187,1.0,0.7947073499969187,0.20529265000308128,0.0,0.0,0.0,0.0,0.0,0.0,0.0,0.0,0.0
2013-05-22,-0.007965431987877244,173878.48281332495,-0.007965431987877244,0.7930589753394837,0.7930589753394838,1.0,0.7930589753394838,0.20694102466051623,0.0,0.0,0.0,0.0,0.0,0.0,0.0,0.0,0.0
2013-05-23,-0.0010032345747349979,173704.04190756418,-0.0010032345747349979,0.7928511564575255,0.7928511564575256,1.0,0.7928511564575256,0.20714884354247443,0.0,0.0,0.0,0.0,0.0,0.0,0.0,0.0,0.0
2013-05-24,-0.0015285118051143608,173438.5332289124,-0.001328777560626486,0.9927740903016116,0.9927740903016115,1.0,0.9927740903016115,0.007225909698388544,0.19973424448787475,0.0,0.0,0.19973424448787475,34.694645574897464,0.0,0.0,34.694645574897464,0.0
2013-05-28,0.0061905359321324065,174512.2107008823,0.0061905359321324065,0.9928185473423335,0.9928185473423338,1.0,0.9928185473423338,0.007181452657666232,0.0,0.0,0.0,0.0,0.0,0.0,0.0,0.0,0.0
2013-05-29,-0.006537235081254649,173371.38335498117,-0.006537235081254649,0.9927712915760324,0.9927712915760323,1.0,0.9927712915760323,0.007228708423967722,0.0,0.0,0.0,0.0,0.0,0.0,0.0,0.0,0.0
2013-05-30,0.0035404345110053143,173985.19338383188,0.0035404345110053143,0.99279679405495,0.99279679405495,1.0,0.99279679405495,0.007203205945049973,0.0,0.0,0.0,0.0,0.0,0.0,0.0,0.0,0.0
2013-05-31,-0.011386529000182609,172004.10593376448,-0.011386529000182609,0.9927138298674352,0.9927138298674355,1.0,0.9927138298674355,0.007286170132564496,0.0,0.0,0.0,0.0,0.0,0.0,0.0,0.0,0.0
2013-06-03,0.006163056812466333,173064.17701061178,0.006163056812466333,0.9927584598905396,0.9927584598905397,1.0,0.9927584598905397,0.0072415401094603205,0.0,0.0,0.0,0.0,0.0,0.0,0.0,0.0,0.0
2013-06-04,-0.005898143924154535,172043.41958648784,-0.005898143924154535,0.9927154948306344,0.9927154948306347,1.0,0.9927154948306347,0.007284505169365296,0.0,0.0,0.0,0.0,0.0,0.0,0.0,0.0,0.0
2013-06-05,-0.013310143109294502,169753.4970507793,-0.013310143109294502,0.9926172290933236,0.9926172290933235,1.0,0.9926172290933235,0.007382770906676495,0.0,0.0,0.0,0.0,0.0,0.0,0.0,0.0,0.0
2013-06-06,0.005590056334584345,170702.42866228585,0.005590056334584345,0.9926582697788532,0.9926582697788529,1.0,0.9926582697788529,0.007341730221147147,0.0,0.0,0.0,0.0,0.0,0.0,0.0,0.0,0.0
2013-06-07,0.009026411324576152,172243.25899749575,0.009026411324576152,0.9927239464311848,0.9927239464311848,1.0,0.9927239464311848,0.007276053568815222,0.0,0.0,0.0,0.0,0.0,0.0,0.0,0.0,0.0
2013-06-10,-0.002266999096976883,171852.78368488807,-0.002266999096976883,0.9927074141456383,0.9927074141456383,1.0,0.9927074141456383,0.007292585854361655,0.0,0.0,0.0,0.0,0.0,0.0,0.0,0.0,0.0
2013-06-11,-0.011952413612600509,169798.72813380955,-0.011755122453893459,0.7931410832650241,0.7931410832650241,1.0,0.7931410832650241,0.20685891673497592,0.1972911587070504,0.0,0.0,0.1972911587070504,33.905034820223655,0.0,0.0,33.905034820223655,0.0
2013-06-12,-0.006213922030475998,168743.61207631204,-0.006213922030475998,0.7918476407340861,0.7918476407340861,1.0,0.7918476407340861,0.2081523592659139,0.0,0.0,0.0,0.0,0.0,0.0,0.0,0.0,0.0
2013-06-13,0.012227386680456472,170806.90547102608,0.01242165897977882,0.602628429558668,0.602628429558668,1.0,0.602628429558668,0.397371570441332,0.19427229932234677,0.0,0.0,0.19427229932234677,32.782209514023265,0.0,0.0,32.782209514023265,0.0
2013-06-14,-0.003680396341490969,170178.26836102913,-0.003680396341490969,0.6011605422776244,0.6011605422776245,1.0,0.6011605422776245,0.3988394577223755,0.0,0.0,0.0,0.0,0.0,0.0,0.0,0.0,0.0
2013-06-17,0.0043982657509580095,170926.75761031877,0.0047967067676636796,1.0,1.0,1.0,1.0,0.0,0.39844101670567,0.0,0.0,0.39844101670567,67.80600226697881,0.0,0.0,67.80600226697881,0.0
2013-06-18,0.00445292403329514,171687.88147721498,0.004856235559217626,0.5988779516129837,0.5988779516129838,1.0,0.5988779516129838,0.40112204838701615,0.40331152592248587,0.0,0.0,0.40331152592248587,68.93673143280054,0.0,0.0,68.93673143280054,0.0
2013-06-19,-0.015536365610360576,169020.4757797167,-0.015536365610360576,0.5925476225074489,0.5925476225074489,1.0,0.5925476225074489,0.40745237749255114,0.0,0.0,0.0,0.0,0.0,0.0,0.0,0.0,0.0
2013-06-20,-0.020229636777860164,165601.2529466719,-0.020229636777860164,0.5841348209874655,0.5841348209874655,1.0,0.5841348209874655,0.4158651790125345,0.0,0.0,0.0,0.0,0.0,0.0,0.0,0.0,0.0
2013-06-21,0.002913373255160565,166083.71120802782,0.0031047515943176196,0.394711292102806,0.394711292102806,1.0,0.394711292102806,0.605288707897194,0.19137833915705488,0.0,0.0,0.19137833915705488,31.692492751261415,0.0,0.0,31.692492751261415,0.0
2013-06-24,-0.006228433125748854,165049.26991949245,-0.005631931600922672,0.9917579836058832,0.9917579836058832,1.0,0.9917579836058832,0.008242016394116813,0.596501524826183,0.0,0.0,0.596501524826183,99.06918698438001,0.0,0.0,99.06918698438001,0.0
2013-06-25,0.009700151773271888,166650.27288777925,0.009700151773271888,0.9918371643505828,0.9918371643505828,1.0,0.9918371643505828,0.008162835649417222,0.0,0.0,0.0,0.0,0.0,0.0,0.0,0.0,0.0
2013-06-26,0.009011014174150653,168151.9608588971,0.009011014174150653,0.991910062888562,0.9919100628885619,1.0,0.9919100628885619,0.008089937111438128,0.0,0.0,0.0,0.0,0.0,0.0,0.0,0.0,0.0
2013-06-27,0.00776284814741855,169457.2989967354,0.00776284814741855,0.9919723800829632,0.9919723800829631,1.0,0.9919723800829631,0.008027619917036932,0.0,0.0,0.0,0.0,0.0,0.0,0.0,0.0,0.0
2013-06-28,-0.003660733648063017,168836.96096038815,-0.003660733648063017,0.9919428851314576,0.9919428851314575,1.0,0.9919428851314575,0.008057114868542548,0.0,0.0,0.0,0.0,0.0,0.0,0.0,0.0,0.0
2013-07-01,0.002147094020354005,169199.46978968097,0.002147094020354005,0.9919601474507904,0.9919601474507903,1.0,0.9919601474507903,0.008039852549209692,0.0,0.0,0.0,0.0,0.0,0.0,0.0,0.0,0.0
2013-07-02,-0.009223159222524707,167638.91613944396,-0.009016441037554682,0.7834514186202586,0.7834514186202585,1.0,0.7834514186202585,0.21654858137974153,0.20671818497002473,0.0,0.0,0.20671818497002473,34.976607292813384,0.0,0.0,34.976607292813384,0.0
2013-07-03,-0.00045287897136805656,167562.9959995415,-0.00045287897136805656,0.7833533038873727,0.7833533038873727,1.0,0.7833533038873727,0.21664669611262732,0.0,0.0,0.0,0.0,0.0,0.0,0.0,0.0,0.0
2013-07-05,-0.0065798660733058815,166460.4539270226,-0.006387436560596231,0.5884080004565915,0.5884080004565915,1.0,0.5884080004565915,0.4115919995434085,0.19242951270965114,0.0,0.0,0.19242951270965114,32.244065668360996,0.0,0.0,32.244065668360996,0.0
2013-07-08,0.0010473333054594304,166634.7935044623,0.0012486161323048055,0.3879674585027968,0.38796745850279685,1.0,0.38796745850279685,0.6120325414972032,0.20128282684537496,0.0,0.0,0.20128282684537496,33.50563072439541,0.0,0.0,33.50563072439541,0.0
2013-07-09,0.00433429813724754,167357.0383795493,0.004937139836732296,0.9914490620016756,0.9914490620016754,1.0,0.9914490620016754,0.008550937998324626,0.6028416994847562,0.0,0.0,0.6028416994847562,100.45440210952145,0.0,0.0,100.45440210952145,0.0
2013-07-10,-0.00527544550390746,166474.15544388266,-0.00527544550390746,0.991403712756788,0.9914037127567881,1.0,0.9914037127567881,0.00859628724321193,0.0,0.0,0.0,0.0,0.0,0.0,0.0,0.0,0.0
2013-07-11,0.030405779847928024,171535.9319646791,0.030405779847928024,0.991657376723488,0.9916573767234879,1.0,0.9916573767234879,0.00834262327651214,0.0,0.0,0.0,0.0,0.0,0.0,0.0,0.0,0.0
2013-07-12,-0.007124283706544946,170313.86131949615,-0.007124283706544946,0.9915975150367698,0.9915975150367698,1.0,0.9915975150367698,0.00840248496323015,0.0,0.0,0.0,0.0,0.0,0.0,0.0,0.0,0.0
2013-07-15,0.009326805286785107,171902.34554166364,0.009326805286785107,0.9916751592059,0.9916751592058998,1.0,0.9916751592058998,0.00832484079410023,0.0,0.0,0.0,0.0,0.0,0.0,0.0,0.0,0.0
2013-07-16,-0.0003921621934269028,171834.93194078078,-0.0003921621934269028,0.9916718932372848,0.9916718932372848,1.0,0.9916718932372848,0.008328106762715226,0.0,0.0,0.0,0.0,0.0,0.0,0.0,0.0,0.0
2013-07-17,0.008434954638861143,173284.35179707306,0.008434954638861143,0.991741552864262,0.9917415528642621,1.0,0.9917415528642621,0.008258447135737867,0.0,0.0,0.0,0.0,0.0,0.0,0.0,0.0,0.0
2013-07-18,-0.0030621577055995534,172753.72778395785,-0.0030621577055995534,0.9917161865209856,0.9917161865209858,1.0,0.9917161865209858,0.00828381347901419,0.0,0.0,0.0,0.0,0.0,0.0,0.0,0.0,0.0
2013-07-19,-0.0017645897039272652,172448.88833459522,-0.0017645897039272652,0.9917015431494688,0.9917015431494687,1.0,0.9917015431494687,0.008298456850531322,0.0,0.0,0.0,0.0,0.0,0.0,0.0,0.0,0.0
2013-07-22,0.007566612890714208,173753.7423160571,0.007566612890714208,0.9917638628112904,0.9917638628112906,1.0,0.9917638628112906,0.008236137188709414,0.0,0.0,0.0,0.0,0.0,0.0,0.0,0.0,0.0
2013-07-23,0.00799840355175317,175143.49486572822,0.00799840355175317,0.9918292160387469,0.991829216038747,1.0,0.991829216038747,0.008170783961253036,0.0,0.0,0.0,0.0,0.0,0.0,0.0,0.0,0.0
2013-07-24,-0.011252726123359985,173172.65308571607,-0.011252726123359985,0.9917362260537846,0.9917362260537843,1.0,0.9917362260537843,0.008263773946215691,0.0,0.0,0.0,0.0,0.0,0.0,0.0,0.0,0.0
2013-07-25,0.006017605182463191,174214.73774038558,0.006017605182463191,0.9917856567284262,0.9917856567284262,1.0,0.9917856567284262,0.008214343271573776,0.0,0.0,0.0,0.0,0.0,0.0,0.0,0.0,0.0
2013-07-26,-0.0032696143424071848,173645.1227352109,-0.0032696143424071848,0.9917587108913568,0.9917587108913565,1.0,0.9917587108913565,0.008241289108643524,0.0,0.0,0.0,0.0,0.0,0.0,0.0,0.0,0.0
2013-07-29,-0.006076940162760726,172589.8917147938,-0.006076940162760726,0.9917083228655618,0.9917083228655619,1.0,0.9917083228655619,0.008291677134438125,0.0,0.0,0.0,0.0,0.0,0.0,0.0,0.0,0.0
2013-07-30,-0.004363084901493349,171836.8673641026,-0.004363084901493349,0.9916719870379476,0.9916719870379476,1.0,0.9916719870379476,0.008328012962052433,0.0,0.0,0.0,0.0,0.0,0.0,0.0,0.0,0.0
2013-07-31,-0.0024661339001033388,171413.0946402084,-0.0024661339001033388,0.9916513982681984,0.9916513982681985,1.0,0.9916513982681985,0.00834860173180152,0.0,0.0,0.0,0.0,0.0,0.0,0.0,0.0,0.0
2013-08-01,0.01105309982878704,173307.74068722795,0.01105309982878704,0.9917426673898576,0.9917426673898578,1.0,0.9917426673898578,0.008257332610142165,0.0,0.0,0.0,0.0,0.0,0.0,0.0,0.0,0.0
2013-08-02,0.0005696078533936915,173406.4581373773,0.0005696078533936915,0.9917473681537684,0.9917473681537683,1.0,0.9917473681537683,0.008252631846231706,0.0,0.0,0.0,0.0,0.0,0.0,0.0,0.0,0.0
2013-08-05,-0.0069425283886713415,172202.57887897964,-0.0069425283886713415,0.9916896734759562,0.9916896734759562,1.0,0.9916896734759562,0.008310326524043843,0.0,0.0,0.0,0.0,0.0,0.0,0.0,0.0,0.0
2013-08-06,-0.011235436802767371,170267.80768671128,-0.010845412527379406,0.9976135518432768,0.9976135518432767,1.0,0.9976135518432767,0.0023864481567232865,0.39002427538796597,0.0,0.0,0.39002427538796597,67.16318604721309,0.0,0.0,67.16318604721309,0.0
2013-08-07,-0.006601387613432489,169143.8038900819,-0.006417879603796126,0.8130549535022071,0.8130549535022071,1.0,0.8130549535022071,0.18694504649779287,0.18350800963636285,0.0,0.0,0.18350800963636285,31.245506493735395,0.0,0.0,31.245506493735395,0.0
2013-08-08,0.011749190591158363,171131.1066793,0.011961228671847913,0.6058597399285741,0.605859739928574,1.0,0.605859739928574,0.394140260071426,0.21203808068955052,0.0,0.0,0.21203808068955052,35.8649275373827,0.0,0.0,35.8649275373827,0.0
2013-08-09,0.0009988653957600706,171302.04361990007,0.0009988653957600706,0.6062530401414625,0.6062530401414626,1.0,0.6062530401414626,0.39374695985853736,0.0,0.0,0.0,0.0,0.0,0.0,0.0,0.0,0.0
2013-08-12,0.0007710140465329354,171434.1199017308,0.0007710140465329354,0.6065563906907585,0.6065563906907586,1.0,0.6065563906907586,0.3934436093092414,0.0,0.0,0.0,0.0,0.0,0.0,0.0,0.0,0.0
2013-08-13,0.0019458191729507133,171767.69969913352,0.0023388697317012043,1.0,1.0000000000000002,1.0,1.0000000000000002,-2.220446049250313e-16,0.3930505587504911,0.0,0.0,0.3930505587504911,67.38227661627398,0.0,0.0,67.38227661627398,0.0
2013-08-14,0.0007528314450441251,171897.01182470995,0.0007528314450441251,1.0,1.0000000000000002,1.0,1.0000000000000002,-2.220446049250313e-16,0.0,0.0,0.0,0.0,0.0,0.0,0.0,0.0,0.0
2013-08-15,-0.00608119030692808,170851.67338261163,-0.00608119030692808,1.0,1.0000000000000002,1.0,1.0000000000000002,-2.220446049250313e-16,0.0,0.0,0.0,0.0,0.0,0.0,0.0,0.0,0.0
2013-08-16,-0.004242099634806817,170126.9035613491,-0.004242099634806817,1.0,1.0,1.0,1.0,0.0,0.0,0.0,0.0,0.0,0.0,0.0,0.0,0.0,0.0
2013-08-19,-0.009393496685678541,168528.81705660082,-0.009393496685678541,1.0,1.0000000000000002,1.0,1.0000000000000002,-2.220446049250313e-16,0.0,0.0,0.0,0.0,0.0,0.0,0.0,0.0,0.0
2013-08-20,0.001493995201803888,168780.59830064906,0.001896222500305454,0.9988543739841532,0.9988543739841533,1.0,0.9988543739841533,0.001145626015846668,0.40222729850156613,0.0,0.0,0.40222729850156613,67.78689080434121,0.0,0.0,67.78689080434121,0.0
2013-08-21,-0.007964286718755015,167436.38122321968,-0.007964286718755015,0.9988451766398032,0.9988451766398032,1.0,0.9988451766398032,0.0011548233601967883,0.0,0.0,0.0,0.0,0.0,0.0,0.0,0.0,0.0
2013-08-22,0.009481918746013349,169023.99938510475,0.009481918746013349,0.9988560237298444,0.9988560237298443,1.0,0.9988560237298443,0.0011439762701557221,0.0,0.0,0.0,0.0,0.0,0.0,0.0,0.0,0.0
2013-08-23,0.008431581279864982,170449.1389741681,0.008431581279864982,0.9988655886116696,0.9988655886116697,1.0,0.9988655886116697,0.0011344113883302587,0.0,0.0,0.0,0.0,0.0,0.0,0.0,0.0,0.0
2013-08-26,-0.0022329650641242,170068.53200162874,-0.0022329650641242,0.9988630498416866,0.9988630498416866,1.0,0.9988630498416866,0.0011369501583133879,0.0,0.0,0.0,0.0,0.0,0.0,0.0,0.0,0.0
2013-08-27,-0.010692514983920296,168250.071674908,-0.010692514983920296,0.9988507615927976,0.9988507615927975,1.0,0.9988507615927975,0.0011492384072024908,0.0,0.0,0.0,0.0,0.0,0.0,0.0,0.0,0.0
2013-08-28,0.0037552676864510835,168881.89573231188,0.0037552676864510835,0.9988550611446838,0.9988550611446838,1.0,0.9988550611446838,0.001144938855316191,0.0,0.0,0.0,0.0,0.0,0.0,0.0,0.0,0.0
2013-08-29,-0.0010543323793018799,168703.8380813634,-0.0010543323793018799,0.9988538527244998,0.9988538527245001,1.0,0.9988538527245001,0.001146147275499887,0.0,0.0,0.0,0.0,0.0,0.0,0.0,0.0,0.0
2013-08-30,-0.0004497602384496059,168627.9618029206,-0.0004497602384496059,0.998853337001076,0.998853337001076,1.0,0.998853337001076,0.001146662998923964,0.0,0.0,0.0,0.0,0.0,0.0,0.0,0.0,0.0
2013-09-03,0.00519850336524143,169504.5748298269,0.00519850336524143,0.9988592671048702,0.9988592671048702,1.0,0.9988592671048702,0.0011407328951298368,0.0,0.0,0.0,0.0,0.0,0.0,0.0,0.0,0.0
2013-09-04,0.006495522814164913,170605.59566273936,0.006495522814164913,0.9988666289424316,0.9988666289424314,1.0,0.9988666289424314,0.0011333710575686107,0.0,0.0,0.0,0.0,0.0,0.0,0.0,0.0,0.0
2013-09-05,0.003043219013695463,171124.78585530305,0.003043219013695463,0.9988700675742735,0.9988700675742739,1.0,0.9988700675742739,0.0011299324257261212,0.0,0.0,0.0,0.0,0.0,0.0,0.0,0.0,0.0
2013-09-06,0.003979719706101044,171805.81453777375,0.003979719706101044,0.9988745465634932,0.9988745465634933,1.0,0.9988745465634933,0.0011254534365067181,0.0,0.0,0.0,0.0,0.0,0.0,0.0,0.0,0.0
2013-09-09,0.011591777388220741,173797.34929389757,0.011591777388220741,0.9988874430756916,0.9988874430756916,1.0,0.9988874430756916,0.0011125569243084499,0.0,0.0,0.0,0.0,0.0,0.0,0.0,0.0,0.0
2013-09-10,0.0027848831768544423,174281.35460812802,0.0027848831768544423,0.998890532812198,0.9988905328121981,1.0,0.9988905328121981,0.0011094671878019158,0.0,0.0,0.0,0.0,0.0,0.0,0.0,0.0,0.0
2013-09-11,0.002353282381650732,174691.4878493776,0.002353282381650732,0.9988931375720488,0.9988931375720488,1.0,0.9988931375720488,0.0011068624279512163,0.0,0.0,0.0,0.0,0.0,0.0,0.0,0.0,0.0
2013-09-12,-0.004562830487408762,173894.40020272764,-0.004562830487408762,0.9988880639965522,0.9988880639965522,1.0,0.9988880639965522,0.0011119360034478332,0.0,0.0,0.0,0.0,0.0,0.0,0.0,0.0,0.0
2013-09-13,0.0022216183461626613,174280.727192513,0.0022216183461626613,0.9988905288180844,0.9988905288180846,1.0,0.9988905288180846,0.0011094711819154002,0.0,0.0,0.0,0.0,0.0,0.0,0.0,0.0,0.0
2013-09-16,0.001755194906719169,174586.6238372206,0.001755194906719169,0.9988924727442828,0.9988924727442827,1.0,0.9988924727442827,0.0011075272557172777,0.0,0.0,0.0,0.0,0.0,0.0,0.0,0.0,0.0
2013-09-17,-0.001248572093241912,174368.63985084413,-0.001248572093241912,0.9988910881879404,0.9988910881879404,1.0,0.9988910881879404,0.001108911812059632,0.0,0.0,0.0,0.0,0.0,0.0,0.0,0.0,0.0
2013-09-18,0.022564459511949228,178303.17396491216,0.022564459511949228,0.998915558034758,0.9989155580347581,1.0,0.9989155580347581,0.0010844419652419335,0.0,0.0,0.0,0.0,0.0,0.0,0.0,0.0,0.0
2013-09-19,-0.0029564033195193314,177776.03786952145,-0.0029564033195193314,0.9989123424804568,0.9989123424804568,1.0,0.9989123424804568,0.0010876575195432059,0.0,0.0,0.0,0.0,0.0,0.0,0.0,0.0,0.0
2013-09-20,-0.011869887790058006,175665.85624824913,-0.011869887790058006,0.9988992770222228,0.9988992770222227,1.0,0.9988992770222227,0.001100722977777302,0.0,0.0,0.0,0.0,0.0,0.0,0.0,0.0,0.0
2013-09-23,-0.002803873925152787,175173.311334375,-0.0026143795397100215,0.8090590115060189,0.8090590115060189,1.0,0.8090590115060189,0.1909409884939811,0.18949438544276534,0.0,0.0,0.18949438544276534,33.28769347303913,0.0,0.0,33.28769347303913,0.0
2013-09-24,-0.001786408892892916,174860.38017320976,-0.001786408892892916,0.8087173023939589,0.808717302393959,1.0,0.808717302393959,0.191282697606041,0.0,0.0,0.0,0.0,0.0,0.0,0.0,0.0,0.0
2013-09-25,-0.0010058122787415533,174684.50345576613,-0.0008147206727415122,1.0,1.0,1.0,1.0,0.0,0.19109160600004113,0.0,0.0,0.19109160600004113,33.41435087307641,0.0,0.0,33.41435087307641,0.0
2013-09-26,0.004797009514874242,175522.46668094452,0.004797009514874242,1.0,1.0,1.0,1.0,0.0,0.0,0.0,0.0,0.0,0.0,0.0,0.0,0.0,0.0
2013-09-27,-0.007762488994354548,174159.9754650717,-0.007762488994354548,1.0,1.0000000000000002,1.0,1.0000000000000002,-2.220446049250313e-16,0.0,0.0,0.0,0.0,0.0,0.0,0.0,0.0,0.0
2013-09-30,-0.006643445180917269,173002.95321535962,-0.006643445180917269,1.0,1.0000000000000002,1.0,1.0000000000000002,-2.220446049250313e-16,0.0,0.0,0.0,0.0,0.0,0.0,0.0,0.0,0.0
2013-10-01,0.006634255497734066,174150.69900885285,0.006634255497734066,1.0,1.0,1.0,1.0,0.0,0.0,0.0,0.0,0.0,0.0,0.0,0.0,0.0,0.0
2013-10-02,0.003752490992843706,174804.197938281,0.003752490992843706,1.0,1.0,1.0,1.0,0.0,0.0,0.0,0.0,0.0,0.0,0.0,0.0,0.0,0.0
2013-10-03,-0.006446537760684955,173677.31607554562,-0.006242377799456613,0.7947208589989428,0.7947208589989431,1.0,0.7947208589989431,0.20527914100105693,0.20415996122834135,0.0,0.0,0.20415996122834135,35.68801827363075,0.0,0.0,35.68801827363075,0.0
2013-10-04,0.006111959530236903,174738.8248027195,0.006111959530236903,0.7959678949677688,0.7959678949677688,1.0,0.7959678949677688,0.20403210503223124,0.0,0.0,0.0,0.0,0.0,0.0,0.0,0.0,0.0
2013-10-07,-0.0029075074575990382,174230.7703664735,-0.0029075074575990382,0.7953729402655643,0.7953729402655643,1.0,0.7953729402655643,0.20462705973443573,0.0,0.0,0.0,0.0,0.0,0.0,0.0,0.0,0.0
2013-10-08,-0.006471169758329411,173103.29347430755,-0.006471169758329411,0.7940401390419025,0.7940401390419025,1.0,0.7940401390419025,0.20595986095809748,0.0,0.0,0.0,0.0,0.0,0.0,0.0,0.0,0.0
2013-10-09,-5.721405770432909e-05,173093.3895324859,0.0001428145051967102,0.9942684025778972,0.9942684025778973,1.0,0.9942684025778973,0.005731597422102719,0.2000285629010393,0.0,0.0,0.2000285629010393,34.62560302710259,0.0,0.0,34.62560302710259,0.0
2013-10-10,0.019990948890971905,176553.69063599492,0.019990948890971905,0.9943807369777796,0.9943807369777795,1.0,0.9943807369777795,0.005619263022220489,0.0,0.0,0.0,0.0,0.0,0.0,0.0,0.0,0.0
2013-10-11,0.004684848212949543,177380.81787806062,0.004684848212949543,0.9944069396167208,0.9944069396167208,1.0,0.9944069396167208,0.005593060383279225,0.0,0.0,0.0,0.0,0.0,0.0,0.0,0.0,0.0
2013-10-14,0.004126586663286802,178112.7951954391,0.004126586663286802,0.9944299250138724,0.9944299250138723,1.0,0.9944299250138723,0.0055700749861277155,0.0,0.0,0.0,0.0,0.0,0.0,0.0,0.0,0.0
2013-10-15,-0.0061024391843707984,177025.87269480064,-0.0061024391843707984,0.9943957252681486,0.9943957252681487,1.0,0.9943957252681487,0.005604274731851322,0.0,0.0,0.0,0.0,0.0,0.0,0.0,0.0,0.0
2013-10-16,0.012240525983188167,179192.7624892179,0.012240525983188167,0.9944634950014396,0.9944634950014396,1.0,0.9944634950014396,0.005536504998560399,0.0,0.0,0.0,0.0,0.0,0.0,0.0,0.0,0.0
2013-10-17,0.0025330561470059943,179646.6678177402,0.0025330561470059943,0.9944774838449332,0.9944774838449333,1.0,0.9944774838449333,0.0055225161550667146,0.0,0.0,0.0,0.0,0.0,0.0,0.0,0.0,0.0
2013-10-18,0.007080134681866895,180918.59042103845,0.007080134681866895,0.994516309114953,0.994516309114953,1.0,0.994516309114953,0.005483690885046966,0.0,0.0,0.0,0.0,0.0,0.0,0.0,0.0,0.0
2013-10-21,-0.0010311775320629765,180732.03123546377,-0.0010311775320629765,0.9945106486191436,0.9945106486191435,1.0,0.9945106486191435,0.005489351380856489,0.0,0.0,0.0,0.0,0.0,0.0,0.0,0.0,0.0
2013-10-22,0.003251040385572014,181319.59836797675,0.003251040385572014,0.9945284368917804,0.9945284368917805,1.0,0.9945284368917805,0.0054715631082195015,0.0,0.0,0.0,0.0,0.0,0.0,0.0,0.0,0.0
2013-10-23,-0.013520974399797542,178867.98072026178,-0.013520974399797542,0.9944534420233716,0.9944534420233715,1.0,0.9944534420233715,0.005546557976628508,0.0,0.0,0.0,0.0,0.0,0.0,0.0,0.0,0.0
2013-10-24,0.0013391405509453954,179107.51008650998,0.0013391405509453954,0.9944608597107504,0.9944608597107499,1.0,0.9944608597107499,0.005539140289250066,0.0,0.0,0.0,0.0,0.0,0.0,0.0,0.0,0.0
2013-10-25,0.004639063332117492,179938.40116905916,0.004639063332117492,0.9944864374764822,0.9944864374764822,1.0,0.9944864374764822,0.0055135625235177566,0.0,0.0,0.0,0.0,0.0,0.0,0.0,0.0,0.0
2013-10-28,0.002256669519417371,180344.46267435004,0.002256669519417371,0.9944988517500596,0.99449885175006,1.0,0.99449885175006,0.005501148249939969,0.0,0.0,0.0,0.0,0.0,0.0,0.0,0.0,0.0
2013-10-29,0.003415326428592671,180960.39788397212,0.003415326428592671,0.9945175760175796,0.9945175760175797,1.0,0.9945175760175797,0.00548242398242027,0.0,0.0,0.0,0.0,0.0,0.0,0.0,0.0,0.0
2013-10-30,-0.0031075195021616755,180398.0599184287,-0.0031075195021616755,0.994500486171104,0.9945004861711041,1.0,0.9945004861711041,0.005499513828895908,0.0,0.0,0.0,0.0,0.0,0.0,0.0,0.0,0.0
2013-10-31,-0.007418932977034193,179059.6988027069,-0.007220738967261149,0.7949836679813893,0.7949836679813892,1.0,0.7949836679813892,0.2050163320186108,0.19819400977304427,0.0,0.0,0.19819400977304427,35.75381485051129,0.0,0.0,35.75381485051129,0.0
2013-11-01,-0.0017151617500854525,178752.58245633869,-0.0017151617500854525,0.7946314276614446,0.7946314276614447,1.0,0.7946314276614447,0.20536857233855532,0.0,0.0,0.0,0.0,0.0,0.0,0.0,0.0,0.0
2013-11-04,0.0013128195782255243,178987.25234624572,0.0013128195782255243,0.7949006860562705,0.7949006860562705,1.0,0.7949006860562705,0.2050993139437295,0.0,0.0,0.0,0.0,0.0,0.0,0.0,0.0,0.0
2013-11-05,-0.006335346419668272,177853.30609792768,-0.006335346419668272,0.7935930263749204,0.7935930263749204,1.0,0.7935930263749204,0.20640697362507965,0.0,0.0,0.0,0.0,0.0,0.0,0.0,0.0,0.0
2013-11-06,0.0035569204859048154,178485.9161658733,0.003757672020308877,0.994564645437378,0.9945646454373784,1.0,0.9945646454373784,0.005435354562621564,0.20075153440406174,0.0,0.0,0.20075153440406174,35.70432409799425,0.0,0.0,35.70432409799425,0.0
2013-11-07,-0.012306284045308478,176289.41778344894,-0.01212040422613049,0.8064893085437028,0.8064893085437029,1.0,0.8064893085437029,0.19351069145629707,0.1858798191779879,0.0,0.0,0.1858798191779879,33.17692982273004,0.0,0.0,33.17692982273004,0.0
2013-11-08,0.010628144035628314,178163.0471076085,0.010628144035628314,0.8085243394434153,0.8085243394434153,1.0,0.8085243394434153,0.19147566055658471,0.0,0.0,0.0,0.0,0.0,0.0,0.0,0.0,0.0
2013-11-11,-0.0006057089896415299,178055.1321483535,-0.0006057089896415299,0.8084082906227047,0.8084082906227047,1.0,0.8084082906227047,0.1915917093772953,0.0,0.0,0.0,0.0,0.0,0.0,0.0,0.0,0.0
2013-11-12,-0.00448641899679929,177256.30222100555,-0.00448641899679929,0.8075448562095716,0.8075448562095716,1.0,0.8075448562095716,0.19245514379042838,0.0,0.0,0.0,0.0,0.0,0.0,0.0,0.0,0.0
2013-11-13,0.005394191932015828,178212.45673634502,0.005586454812925347,1.0,1.0,1.0,1.0,0.0,0.19226288090951887,0.0,0.0,0.19226288090951887,34.079807324378876,0.0,0.0,34.079807324378876,0.0
2013-11-14,0.007199655537650909,179495.52503736524,0.007403727172392175,0.7975897211782715,0.7975897211782715,1.0,0.7975897211782715,0.20241027882172846,0.2040716347412661,0.0,0.0,0.2040716347412661,36.36810737744309,0.0,0.0,36.36810737744309,0.0
2013-11-15,0.00340168044636585,180106.11145509503,0.00340168044636585,0.7982759220298637,0.7982759220298637,1.0,0.7982759220298637,0.20172407797013625,0.0,0.0,0.0,0.0,0.0,0.0,0.0,0.0,0.0
2013-11-18,-0.002403253381431239,179673.27083372415,-0.002403253381431239,0.7977899600676369,0.7977899600676367,1.0,0.7977899600676367,0.2022100399323633,0.0,0.0,0.0,0.0,0.0,0.0,0.0,0.0,0.0
2013-11-19,0.00022107213964987362,179712.99158814523,0.00022107213964987362,0.7978346531934185,0.7978346531934186,1.0,0.7978346531934186,0.20216534680658138,0.0,0.0,0.0,0.0,0.0,0.0,0.0,0.0,0.0
2013-11-20,-0.002458336319978196,179271.19661375217,-0.0022587880775937147,0.9975764860078152,0.9975764860078153,1.0,0.9975764860078153,0.002423513992184656,0.19954824238448127,0.0,0.0,0.19954824238448127,35.861411605071446,0.0,0.0,35.861411605071446,0.0
2013-11-21,0.012186660641977456,181455.91384976517,0.012186660641977456,0.997605664956454,0.997605664956454,1.0,0.997605664956454,0.0023943350435460253,0.0,0.0,0.0,0.0,0.0,0.0,0.0,0.0,0.0
2013-11-22,0.0034825825182589454,182087.84904317308,0.0034825825182589454,0.9976139744871932,0.9976139744871931,1.0,0.9976139744871931,0.0023860255128068664,0.0,0.0,0.0,0.0,0.0,0.0,0.0,0.0,0.0
2013-11-25,-0.000871982235583984,181929.07167349174,-0.000871982235583984,0.9976118920995272,0.9976118920995269,1.0,0.9976118920995269,0.0023881079004730577,0.0,0.0,0.0,0.0,0.0,0.0,0.0,0.0,0.0
2013-11-26,-0.00036473254131459524,181862.71622084128,-0.00036473254131459524,0.9976110207610585,0.9976110207610581,1.0,0.9976110207610581,0.0023889792389418796,0.0,0.0,0.0,0.0,0.0,0.0,0.0,0.0,0.0
2013-11-27,0.0019729250722240166,182221.51773337612,0.0019729250722240166,0.9976157247574634,0.9976157247574637,1.0,0.9976157247574637,0.00238427524253626,0.0,0.0,0.0,0.0,0.0,0.0,0.0,0.0,0.0
2013-11-29,-0.0018747379923068003,181879.90013106557,-0.0018747379923068003,0.9976112464704672,0.9976112464704673,1.0,0.9976112464704673,0.0023887535295327167,0.0,0.0,0.0,0.0,0.0,0.0,0.0,0.0,0.0
2013-12-02,-0.000781291788281389,181737.79885863976,-0.000781291788281389,0.997609378697675,0.9976093786976747,1.0,0.9976093786976747,0.0023906213023252576,0.0,0.0,0.0,0.0,0.0,0.0,0.0,0.0,0.0
2013-12-03,-0.005378941991972152,180760.2417808304,-0.005378941991972152,0.9975964501424162,0.9975964501424158,1.0,0.9975964501424158,0.002403549857584175,0.0,0.0,0.0,0.0,0.0,0.0,0.0,0.0,0.0
2013-12-04,0.0009994400254090684,180940.9008014688,0.0009994400254090684,0.9975988499478852,0.9975988499478856,1.0,0.9975988499478856,0.002401150052114387,0.0,0.0,0.0,0.0,0.0,0.0,0.0,0.0,0.0
2013-12-05,-0.007001082734878953,179674.11858483418,-0.007001082734878953,0.9975819207751728,0.9975819207751727,1.0,0.9975819207751727,0.0024180792248272853,0.0,0.0,0.0,0.0,0.0,0.0,0.0,0.0,0.0
2013-12-06,0.010356880621114242,181534.98198172124,0.010356880621114242,0.9976067078166077,0.9976067078166077,1.0,0.9976067078166077,0.002393292183392348,0.0,0.0,0.0,0.0,0.0,0.0,0.0,0.0,0.0
2013-12-09,0.0034617610681190506,182163.41271484728,0.0034617610681190506,0.9976149642405456,0.9976149642405456,1.0,0.9976149642405456,0.002385035759454368,0.0,0.0,0.0,0.0,0.0,0.0,0.0,0.0,0.0
2013-12-10,-0.003240052242976903,181573.19374089222,-0.003240052242976903,0.9976072114807368,0.9976072114807369,1.0,0.9976072114807369,0.002392788519263056,0.0,0.0,0.0,0.0,0.0,0.0,0.0,0.0,0.0
2013-12-11,-0.012945773780859053,179222.58825005454,-0.012761568917714456,0.8111416355363137,0.8111416355363137,1.0,0.8111416355363137,0.1888583644636863,0.18420486314459797,0.0,0.0,0.18420486314459797,33.446665303768626,0.0,0.0,33.446665303768626,0.0
2013-12-12,-0.0015154171140445477,178950.99127259705,-0.0013267474192756301,1.0,1.0000000000000002,1.0,1.0000000000000002,-2.220446049250313e-16,0.18866969476891748,0.0,0.0,0.18866969476891748,33.81387102083317,0.0,0.0,33.81387102083317,0.0
2013-12-13,-0.000674399186553126,178830.30686964997,-0.000674399186553126,1.0,1.0000000000000002,1.0,1.0000000000000002,-2.220446049250313e-16,0.0,0.0,0.0,0.0,0.0,0.0,0.0,0.0,0.0
2013-12-16,0.007380432816133434,180150.15193498996,0.007380432816133434,1.0,1.0,1.0,1.0,0.0,0.0,0.0,0.0,0.0,0.0,0.0,0.0,0.0,0.0
2013-12-17,-0.005171448291789924,179218.51473950007,-0.005171448291789924,1.0,0.9999999999999999,1.0,0.9999999999999999,1.1102230246251565e-16,0.0,0.0,0.0,0.0,0.0,0.0,0.0,0.0,0.0
2013-12-18,0.018610510585241172,182553.86280513072,0.018610510585241172,1.0,1.0,1.0,1.0,0.0,0.0,0.0,0.0,0.0,0.0,0.0,0.0,0.0,0.0
2013-12-19,2.8506734487922073e-05,182559.06681962745,2.8506734487922073e-05,1.0,1.0000000000000002,1.0,1.0000000000000002,-2.220446049250313e-16,0.0,0.0,0.0,0.0,0.0,0.0,0.0,0.0,0.0
2013-12-20,0.005421782508497853,183548.8623748778,0.005620742270850353,0.8023110240418259,0.8023110240418259,1.0,0.8023110240418259,0.19768897595817414,0.19895976235249963,0.0,0.0,0.19895976235249963,36.321908549727176,0.0,0.0,36.321908549727176,0.0
2013-12-23,0.00303883260596788,184106.63664265088,0.00303883260596788,0.8029099477190093,0.8029099477190093,1.0,0.8029099477190093,0.19709005228099075,0.0,0.0,0.0,0.0,0.0,0.0,0.0,0.0,0.0
2013-12-24,0.0021708851110328253,184506.31099898077,0.0021708851110328253,0.8033368807564643,0.8033368807564645,1.0,0.8033368807564645,0.19666311924353552,0.0,0.0,0.0,0.0,0.0,0.0,0.0,0.0,0.0
2013-12-26,0.002751014662448491,185013.89056585325,0.002751014662448491,0.8038764196017917,0.8038764196017917,1.0,0.8038764196017917,0.19612358039820832,0.0,0.0,0.0,0.0,0.0,0.0,0.0,0.0,0.0
2013-12-27,0.0004462880175116092,185096.46004828598,0.0006422156702570722,1.0,0.9999999999999999,1.0,0.9999999999999999,1.1102230246251565e-16,0.19592765274546295,0.0,0.0,0.19592765274546295,36.249337303873574,0.0,0.0,36.249337303873574,0.0
2013-12-30,-0.0019787312977606686,184730.2038896837,-0.0019787312977606686,1.0,1.0000000000000002,1.0,1.0000000000000002,-2.220446049250313e-16,0.0,0.0,0.0,0.0,0.0,0.0,0.0,0.0,0.0
2013-12-31,0.005075298409176045,185667.7647996118,0.005075298409176045,1.0,0.9999999999999999,1.0,0.9999999999999999,1.1102230246251565e-16,0.0,0.0,0.0,0.0,0.0,0.0,0.0,0.0,0.0
2014-01-02,-0.008488027856616925,184091.81163991688,-0.008488027856616925,1.0,1.0000000000000002,1.0,1.0000000000000002,-2.220446049250313e-16,0.0,0.0,0.0,0.0,0.0,0.0,0.0,0.0,0.0
2014-01-03,0.003193947307828972,184679.79118609757,0.003193947307828972,1.0,1.0,1.0,1.0,0.0,0.0,0.0,0.0,0.0,0.0,0.0,0.0,0.0,0.0
2014-01-06,9.053031246972429e-05,184696.51030530047,9.053031246972429e-05,1.0,1.0000000000000002,1.0,1.0000000000000002,-2.220446049250313e-16,0.0,0.0,0.0,0.0,0.0,0.0,0.0,0.0,0.0
2014-01-07,0.0025475203720957203,185167.02842795823,0.0027577409182011244,0.7905233205490816,0.7905233205490818,1.0,0.7905233205490818,0.2094766794509182,0.21022054610540397,0.0,0.0,0.21022054610540397,38.82700126014264,0.0,0.0,38.82700126014264,0.0
2014-01-08,-0.0014692509788109664,184894.97159019692,-0.0014692509788109664,0.790215093870411,0.790215093870411,1.0,0.790215093870411,0.209784906129589,0.0,0.0,0.0,0.0,0.0,0.0,0.0,0.0,0.0
2014-01-09,0.001918128558420895,185249.6239155125,0.001918128558420895,0.790616717923418,0.790616717923418,1.0,0.790616717923418,0.20938328207658197,0.0,0.0,0.0,0.0,0.0,0.0,0.0,0.0,0.0
2014-01-10,-0.0005067691242751676,185155.74512582854,-0.0003201883769174364,0.6040218818288666,0.6040218818288667,1.0,0.6040218818288667,0.39597811817113326,0.18658074735773128,0.0,0.0,0.18658074735773128,34.56401327789497,0.0,0.0,34.56401327789497,0.0
2014-01-13,-0.007637698364637752,183741.58139407772,-0.007242115829002254,1.0,1.0,1.0,1.0,0.0,0.39558253563549783,0.0,0.0,0.39558253563549783,73.24437914435522,0.0,0.0,73.24437914435522,0.0
2014-01-14,0.009585893013353462,185502.9085354257,0.009585893013353462,1.0,1.0000000000000002,1.0,1.0000000000000002,-2.220446049250313e-16,0.0,0.0,0.0,0.0,0.0,0.0,0.0,0.0,0.0
2014-01-15,0.0037195903405538378,186192.90336215872,0.0037195903405538378,1.0,1.0000000000000002,1.0,1.0000000000000002,-2.220446049250313e-16,0.0,0.0,0.0,0.0,0.0,0.0,0.0,0.0,0.0
2014-01-16,-0.001992832783979843,185821.85204019418,-0.001992832783979843,1.0,1.0,1.0,1.0,0.0,0.0,0.0,0.0,0.0,0.0,0.0,0.0,0.0,0.0
2014-01-17,-0.003449614074351459,185180.8383640743,-0.003449614074351459,1.0,1.0,1.0,1.0,0.0,0.0,0.0,0.0,0.0,0.0,0.0,0.0,0.0,0.0
2014-01-21,0.004400758142661979,185995.77444636993,0.004400758142661979,1.0,1.0000000000000002,1.0,1.0000000000000002,-2.220446049250313e-16,0.0,0.0,0.0,0.0,0.0,0.0,0.0,0.0,0.0
2014-01-22,0.0018292824468480941,186336.0132517526,0.002034681597156104,0.7951809207886789,0.7951809207886791,1.0,0.7951809207886791,0.20481907921132092,0.20539915030800998,0.0,0.0,0.20539915030800998,38.20337403216466,0.0,0.0,38.20337403216466,0.0
2014-01-23,-0.009549766240303594,184556.54788304825,-0.009549766240303594,0.7932060872621143,0.7932060872621145,1.0,0.7932060872621145,0.2067939127378855,0.0,0.0,0.0,0.0,0.0,0.0,0.0,0.0,0.0
2014-01-24,-0.014665416761364665,181849.9491923046,-0.014665416761364665,0.7901282302929148,0.7901282302929149,1.0,0.7901282302929149,0.2098717697070851,0.0,0.0,0.0,0.0,0.0,0.0,0.0,0.0,0.0
2014-01-27,-0.0034311390523458856,181225.99672996375,-0.0034311390523458856,0.7894056518006045,0.7894056518006046,1.0,0.7894056518006046,0.21059434819939538,0.0,0.0,0.0,0.0,0.0,0.0,0.0,0.0,0.0
2014-01-28,0.0069693063927402515,182489.01622750462,0.007170740540848421,0.9911032383149684,0.9911032383149684,1.0,0.9911032383149684,0.008896761685031618,0.2014341481081697,0.0,0.0,0.2014341481081697,36.505104266354195,0.0,0.0,36.505104266354195,0.0
2014-01-29,-0.011143740419662871,180455.40600122567,-0.011143740419662871,0.9910029778354164,0.9910029778354165,1.0,0.9910029778354165,0.008997022164583535,0.0,0.0,0.0,0.0,0.0,0.0,0.0,0.0,0.0
2014-01-30,0.007743004598909495,181852.67303979123,0.007743004598909495,0.9910721065554164,0.9910721065554164,1.0,0.9910721065554164,0.008927893444583557,0.0,0.0,0.0,0.0,0.0,0.0,0.0,0.0,0.0
2014-01-31,-0.01127041402613964,179803.1181228726,-0.01127041402613964,0.990970338532158,0.9909703385321578,1.0,0.9909703385321578,0.009029661467842232,0.0,0.0,0.0,0.0,0.0,0.0,0.0,0.0,0.0
2014-02-03,-0.021563423632415615,175925.94731635984,-0.021563423632415615,0.990771336961498,0.9907713369614978,1.0,0.9907713369614978,0.009228663038502227,0.0,0.0,0.0,0.0,0.0,0.0,0.0,0.0,0.0
2014-02-04,0.009501913267420857,177597.58040924874,0.009501913267420857,0.990858201537596,0.9908582015375961,1.0,0.9908582015375961,0.009141798462403927,0.0,0.0,0.0,0.0,0.0,0.0,0.0,0.0,0.0
2014-02-05,-0.0037134663764778466,176938.07776585518,-0.0037134663764778466,0.9908241272426366,0.9908241272426369,1.0,0.9908241272426369,0.00917587275736309,0.0,0.0,0.0,0.0,0.0,0.0,0.0,0.0,0.0
2014-02-06,0.01531931966413723,179648.6487399083,0.01531931966413723,0.990962574453524,0.9909625744535238,1.0,0.9909625744535238,0.009037425546476241,0.0,0.0,0.0,0.0,0.0,0.0,0.0,0.0,0.0
2014-02-07,0.011059278299040128,181635.43314236944,0.011059278299040128,0.991061428602208,0.9910614286022079,1.0,0.9910614286022079,0.008938571397792083,0.0,0.0,0.0,0.0,0.0,0.0,0.0,0.0,0.0
2014-02-10,-0.0011337586109475238,181429.5024059911,-0.0011337586109475238,0.9910512829171584,0.9910512829171585,1.0,0.9910512829171585,0.008948717082841506,0.0,0.0,0.0,0.0,0.0,0.0,0.0,0.0,0.0
2014-02-11,0.01096142181545276,183418.22771163087,0.01096142181545276,0.9911483100247566,0.9911483100247568,1.0,0.9911483100247568,0.008851689975243215,0.0,0.0,0.0,0.0,0.0,0.0,0.0,0.0,0.0
2014-02-12,-0.00158068608384296,183128.30107156394,-0.00158068608384296,0.991134296130026,0.9911342961300257,1.0,0.9911342961300257,0.008865703869974317,0.0,0.0,0.0,0.0,0.0,0.0,0.0,0.0,0.0
2014-02-13,0.004220956838861875,183901.27772636112,0.004220956838861875,0.9911715605917228,0.9911715605917227,1.0,0.9911715605917227,0.008828439408277267,0.0,0.0,0.0,0.0,0.0,0.0,0.0,0.0,0.0
2014-02-14,0.007586254439518849,185296.3996109459,0.007789370969216557,0.789852380733328,0.789852380733328,1.0,0.789852380733328,0.21014761926667203,0.20311652969770852,0.0,0.0,0.20311652969770852,37.353389338752976,0.0,0.0,37.353389338752976,0.0
2014-02-18,0.0010826889769801767,185497.0179802788,0.0010826889769801767,0.790079659172386,0.7900796591723861,1.0,0.7900796591723861,0.2099203408276139,0.0,0.0,0.0,0.0,0.0,0.0,0.0,0.0,0.0
2014-02-19,-0.0028628622017978457,184965.96557895682,-0.0026633948807740005,0.9897170087302276,0.9897170087302276,1.0,0.9897170087302276,0.01028299126977239,0.1994673210238452,0.0,0.0,0.1994673210238452,37.000593234438256,0.0,0.0,37.000593234438256,0.0
2014-02-20,0.004391229727597078,185778.1936256008,0.004589255217429962,0.7927994097785331,0.7927994097785331,1.0,0.7927994097785331,0.20720059022146686,0.19802548983288346,0.0,0.0,0.19802548983288346,36.62797593618519,0.0,0.0,36.62797593618519,0.0
2014-02-21,-0.003231385839117868,185177.87260150217,-0.003231385839117868,0.7921276941530746,0.7921276941530746,1.0,0.7921276941530746,0.2078723058469254,0.0,0.0,0.0,0.0,0.0,0.0,0.0,0.0,0.0
2014-02-24,0.008217988183929093,186699.66217046644,0.008217988183929093,0.7938220620112529,0.7938220620112529,1.0,0.7938220620112529,0.20617793798874706,0.0,0.0,0.0,0.0,0.0,0.0,0.0,0.0,0.0
2014-02-25,-0.0006641550406785989,186575.6646487429,-0.0006641550406785989,0.7936850368885351,0.7936850368885351,1.0,0.7936850368885351,0.2063149631114649,0.0,0.0,0.0,0.0,0.0,0.0,0.0,0.0,0.0
2014-02-26,-0.0031942088707426295,185979.7030056572,-0.0029948078323090914,0.9932639600419187,0.9932639600419187,1.0,0.9932639600419187,0.0067360399580812524,0.19940103843353818,0.0,0.0,0.19940103843353818,37.20338127738692,0.0,0.0,37.20338127738692,0.0
2014-02-27,0.002304350503907984,186408.26542799495,0.002304350503907984,0.993279446552642,0.993279446552642,1.0,0.993279446552642,0.006720553447358002,0.0,0.0,0.0,0.0,0.0,0.0,0.0,0.0,0.0
2014-02-28,0.00540421778822434,187415.65629189296,0.00540421778822434,0.9933155706645606,0.9933155706645608,1.0,0.9933155706645608,0.006684429335439224,0.0,0.0,0.0,0.0,0.0,0.0,0.0,0.0,0.0
2014-03-03,-0.00981833005057474,185575.54752177407,-0.00981833005057474,0.9932492899653648,0.993249289965365,1.0,0.993249289965365,0.00675071003463501,0.0,0.0,0.0,0.0,0.0,0.0,0.0,0.0,0.0
2014-03-04,0.016138209785239926,188570.40463869122,0.016138209785239926,0.9933565040959714,0.9933565040959714,1.0,0.9933565040959714,0.0066434959040285735,0.0,0.0,0.0,0.0,0.0,0.0,0.0,0.0,0.0
2014-03-05,-0.0044774741430346435,187726.08552777988,-0.0044774741430346435,0.9933266242285078,0.9933266242285079,1.0,0.9933266242285079,0.006673375771492074,0.0,0.0,0.0,0.0,0.0,0.0,0.0,0.0,0.0
2014-03-06,0.007261083290380611,189089.18027057423,0.007261083290380611,0.9933747308595576,0.993374730859558,1.0,0.993374730859558,0.006625269140442036,0.0,0.0,0.0,0.0,0.0,0.0,0.0,0.0,0.0
2014-03-07,0.0008627855131998407,189252.32367601446,0.0008627855131998407,0.993380442118202,0.9933804421182021,1.0,0.9933804421182021,0.006619557881797911,0.0,0.0,0.0,0.0,0.0,0.0,0.0,0.0,0.0
2014-03-10,5.537638278574693e-05,189262.80378513344,5.537638278574693e-05,0.993380808665075,0.9933808086650748,1.0,0.9933808086650748,0.006619191334925167,0.0,0.0,0.0,0.0,0.0,0.0,0.0,0.0,0.0
2014-03-11,-0.00804727687447919,187739.75360103426,-0.00804727687447919,0.9933271100722736,0.9933271100722737,1.0,0.9933271100722737,0.0066728899277263,0.0,0.0,0.0,0.0,0.0,0.0,0.0,0.0,0.0
2014-03-12,-0.0018046364903421055,187400.95159099798,-0.0018046364903421055,0.9933150461606388,0.993315046160639,1.0,0.993315046160639,0.006684953839360963,0.0,0.0,0.0,0.0,0.0,0.0,0.0,0.0,0.0
2014-03-13,-0.010514894837267577,185430.45029261478,-0.010514894837267577,0.9932440076111488,0.9932440076111487,1.0,0.9932440076111487,0.006755992388851273,0.0,0.0,0.0,0.0,0.0,0.0,0.0,0.0,0.0
2014-03-14,-0.0031024057292475316,184855.16980125,-0.0031024057292475316,0.9932229825533953,0.9932229825533953,1.0,0.9932229825533953,0.0067770174466047495,0.0,0.0,0.0,0.0,0.0,0.0,0.0,0.0,0.0
2014-03-17,0.007528519525394685,186246.85555646886,0.007528519525394685,0.9932736222198484,0.9932736222198483,1.0,0.9932736222198483,0.006726377780151727,0.0,0.0,0.0,0.0,0.0,0.0,0.0,0.0,0.0
2014-03-18,0.004628701920254442,187108.93673442447,0.004628701920254442,0.9933046131697264,0.9933046131697265,1.0,0.9933046131697265,0.0066953868302734865,0.0,0.0,0.0,0.0,0.0,0.0,0.0,0.0,0.0
2014-03-19,-0.0056511189162342015,186051.5618826481,-0.0056511189162342015,0.99326656170923,0.9932665617092301,1.0,0.9932665617092301,0.006733438290769889,0.0,0.0,0.0,0.0,0.0,0.0,0.0,0.0,0.0
2014-03-20,0.002739336667753292,186561.219748206,0.002739336667753292,0.993284956474186,0.9932849564741859,1.0,0.9932849564741859,0.006715043525814091,0.0,0.0,0.0,0.0,0.0,0.0,0.0,0.0,0.0
2014-03-21,0.00015292678111173243,186589.7499550224,0.00015292678111173243,0.9932859832271592,0.9932859832271596,1.0,0.9932859832271596,0.006714016772840448,0.0,0.0,0.0,0.0,0.0,0.0,0.0,0.0,0.0
2014-03-24,-0.00041842722040599903,186511.67572459247,-0.00041842722040599903,0.9932831727237922,0.9932831727237924,1.0,0.9932831727237924,0.006716827276207593,0.0,0.0,0.0,0.0,0.0,0.0,0.0,0.0,0.0
2014-03-25,0.005705016550706536,187575.72792150127,0.005705016550706536,0.9933212749606792,0.9933212749606793,1.0,0.9933212749606793,0.006678725039320654,0.0,0.0,0.0,0.0,0.0,0.0,0.0,0.0,0.0
2014-03-26,-0.003098599185262649,186994.50592378865,-0.003098599185262649,0.993300515944844,0.9933005159448445,1.0,0.9933005159448445,0.006699484055155525,0.0,0.0,0.0,0.0,0.0,0.0,0.0,0.0,0.0
2014-03-27,0.004592647547709321,187853.30578285464,0.004786575143788053,0.8004831579973407,0.800483157997341,1.0,0.800483157997341,0.19951684200265896,0.1939275960787325,0.0,0.0,0.1939275960787325,36.26339501373064,0.0,0.0,36.26339501373064,0.0
2014-03-28,0.007950039067989944,189346.7469028794,0.007950039067989944,0.8020568140588156,0.8020568140588157,1.0,0.8020568140588157,0.19794318594118432,0.0,0.0,0.0,0.0,0.0,0.0,0.0,0.0,0.0
2014-03-31,0.0021099549815157873,189746.26001474092,0.0021099549815157873,0.8024735859002262,0.8024735859002262,1.0,0.8024735859002262,0.19752641409977378,0.0,0.0,0.0,0.0,0.0,0.0,0.0,0.0,0.0
2014-04-01,0.0032892880037003994,190370.3901115544,0.0032892880037003994,0.8031211770507359,0.8031211770507359,1.0,0.8031211770507359,0.19687882294926407,0.0,0.0,0.0,0.0,0.0,0.0,0.0,0.0,0.0
2014-04-02,0.003404286518181591,191018.46546407216,0.0036009686589900465,1.0,0.9999999999999999,1.0,0.9999999999999999,1.1102230246251565e-16,0.1966821408084556,0.0,0.0,0.1966821408084556,37.44245587368137,0.0,0.0,37.44245587368137,0.0
2014-04-03,0.0002991051165711352,191075.600064452,0.0002991051165711352,1.0,1.0000000000000002,1.0,1.0000000000000002,-2.220446049250313e-16,0.0,0.0,0.0,0.0,0.0,0.0,0.0,0.0,0.0
2014-04-04,-0.0075685472095556715,189629.43536477,-0.0075685472095556715,1.0,0.9999999999999999,1.0,0.9999999999999999,1.1102230246251565e-16,0.0,0.0,0.0,0.0,0.0,0.0,0.0,0.0,0.0
2014-04-07,-0.01563067679391823,186665.39894997008,-0.01563067679391823,1.0,1.0000000000000002,1.0,1.0000000000000002,-2.220446049250313e-16,0.0,0.0,0.0,0.0,0.0,0.0,0.0,0.0,0.0
2014-04-08,0.00220137397763564,187076.3193017435,0.00220137397763564,1.0,0.9999999999999999,1.0,0.9999999999999999,1.1102230246251565e-16,0.0,0.0,0.0,0.0,0.0,0.0,0.0,0.0,0.0
2014-04-09,0.008503548012124947,188667.1317648575,0.008503548012124947,1.0,1.0000000000000002,1.0,1.0000000000000002,-2.220446049250313e-16,0.0,0.0,0.0,0.0,0.0,0.0,0.0,0.0,0.0
2014-04-10,-0.02112764434110606,184681.039706073,-0.020721345587963222,0.5853469024401207,0.5853469024401207,1.0,0.5853469024401207,0.41465309755987934,0.40629875314283925,0.0,0.0,0.40629875314283925,76.65522039509736,0.0,0.0,76.65522039509736,0.0
2014-04-11,-0.005813143798491669,183607.46226540665,-0.005813143798491669,0.5829223702029764,0.5829223702029764,1.0,0.5829223702029764,0.41707762979702356,0.0,0.0,0.0,0.0,0.0,0.0,0.0,0.0,0.0
2014-04-14,0.005752316551375713,184663.63050955205,0.005752316551375713,0.5853078109457991,0.5853078109457991,1.0,0.5853078109457991,0.4146921890542009,0.0,0.0,0.0,0.0,0.0,0.0,0.0,0.0,0.0
2014-04-15,0.001952399482239922,185024.16768614744,0.001952399482239922,0.5861158780911214,0.5861158780911214,1.0,0.5861158780911214,0.4138841219088786,0.0,0.0,0.0,0.0,0.0,0.0,0.0,0.0,0.0
2014-04-16,0.007544435266790958,186420.07054204747,0.00794757397847939,0.9897351708304368,0.9897351708304367,1.0,0.9897351708304367,0.010264829169563283,0.40313871168843257,0.0,0.0,0.40313871168843257,74.590404592218,0.0,0.0,74.590404592218,0.0
2014-04-17,0.001637110594408555,186725.26081454227,0.001637110594408555,0.9897519480248974,0.9897519480248974,1.0,0.9897519480248974,0.01024805197510259,0.0,0.0,0.0,0.0,0.0,0.0,0.0,0.0,0.0
2014-04-21,0.0013959348557636116,186985.9171145648,0.0013959348557636116,0.9897662336959868,0.9897662336959868,1.0,0.9897662336959868,0.010233766304013181,0.0,0.0,0.0,0.0,0.0,0.0,0.0,0.0,0.0
2014-04-22,0.005127521831588429,187944.69148676933,0.005127521831588429,0.989818439867844,0.9898184398678442,1.0,0.9898184398678442,0.010181560132155765,0.0,0.0,0.0,0.0,0.0,0.0,0.0,0.0,0.0
2014-04-23,-0.001798163592689256,187606.73618509862,-0.001798163592689256,0.9898000987768156,0.9898000987768154,1.0,0.9898000987768154,0.010199901223184593,0.0,0.0,0.0,0.0,0.0,0.0,0.0,0.0,0.0
2014-04-24,0.002463225323558874,188068.85384853996,0.002463225323558874,0.9898251616961886,0.9898251616961886,1.0,0.9898251616961886,0.010174838303811384,0.0,0.0,0.0,0.0,0.0,0.0,0.0,0.0,0.0
2014-04-25,-0.013026567856841476,185618.96216212356,-0.013026567856841476,0.989690869103014,0.989690869103014,1.0,0.989690869103014,0.01030913089698604,0.0,0.0,0.0,0.0,0.0,0.0,0.0,0.0,0.0
2014-04-28,-0.001673363521830635,185308.35416188138,-0.001673363521830635,0.9896735892639767,0.9896735892639769,1.0,0.9896735892639769,0.01032641073602314,0.0,0.0,0.0,0.0,0.0,0.0,0.0,0.0,0.0
2014-04-29,0.005209744381777389,186273.76331887263,0.005209744381777389,0.9897271084032576,0.9897271084032575,1.0,0.9897271084032575,0.010272891596742495,0.0,0.0,0.0,0.0,0.0,0.0,0.0,0.0,0.0
2014-04-30,0.002280154605068414,186698.49629810758,0.002280154605068414,0.9897504788960028,0.9897504788960025,1.0,0.9897504788960025,0.010249521103997461,0.0,0.0,0.0,0.0,0.0,0.0,0.0,0.0,0.0
2014-05-01,0.005114810047882149,187653.42364289763,0.005114810047882149,0.9898026364734304,0.9898026364734301,1.0,0.9898026364734301,0.010197363526569858,0.0,0.0,0.0,0.0,0.0,0.0,0.0,0.0,0.0
2014-05-02,0.0010458929488328444,187849.68903551006,0.0010458929488328444,0.989813290680879,0.989813290680879,1.0,0.989813290680879,0.010186709319121023,0.0,0.0,0.0,0.0,0.0,0.0,0.0,0.0,0.0
2014-05-05,-0.0007914504804253153,187701.01530887518,-0.0007914504804253153,0.989805222018948,0.9898052220189478,1.0,0.9898052220189478,0.010194777981052172,0.0,0.0,0.0,0.0,0.0,0.0,0.0,0.0,0.0
2014-05-06,-0.011902047660930929,185466.98887866383,-0.011902047660930929,0.9896824217103998,0.9896824217103998,1.0,0.9896824217103998,0.010317578289600227,0.0,0.0,0.0,0.0,0.0,0.0,0.0,0.0,0.0
2014-05-07,0.0010979808727497843,185670.6280849791,0.0010979808727497843,0.9896937377891768,0.989693737789177,1.0,0.989693737789177,0.01030626221082298,0.0,0.0,0.0,0.0,0.0,0.0,0.0,0.0,0.0
2014-05-08,0.0011518088464533957,185884.48515693395,0.0015523360776783725,0.990119246239938,0.9901192462399377,1.0,0.9901192462399377,0.009880753760062255,0.40052723122497674,0.0,0.0,0.40052723122497674,74.36614258667909,0.0,0.0,74.36614258667909,0.0
2014-05-09,0.002829153967734323,186410.3809856559,0.002829153967734323,0.990147121550098,0.9901471215500982,1.0,0.9901471215500982,0.009852878449901792,0.0,0.0,0.0,0.0,0.0,0.0,0.0,0.0,0.0
2014-05-12,0.011419573091986374,188539.10795642665,0.011419573091986374,0.9902583668419812,0.9902583668419813,1.0,0.9902583668419813,0.009741633158018681,0.0,0.0,0.0,0.0,0.0,0.0,0.0,0.0,0.0
2014-05-13,0.0018461856892178197,188887.1861593937,0.0018461856892178197,0.990276318563496,0.990276318563496,1.0,0.990276318563496,0.00972368143650404,0.0,0.0,0.0,0.0,0.0,0.0,0.0,0.0,0.0
2014-05-14,-0.004618849436188193,188014.74468609822,-0.004618849436188193,0.9902311979375976,0.9902311979375977,1.0,0.9902311979375977,0.009768802062402271,0.0,0.0,0.0,0.0,0.0,0.0,0.0,0.0,0.0
2014-05-15,-0.008437637781429457,186428.344372869,-0.008437637781429457,0.9901480709286452,0.9901480709286453,1.0,0.9901480709286453,0.009851929071354681,0.0,0.0,0.0,0.0,0.0,0.0,0.0,0.0,0.0
2014-05-16,0.0056254748632430475,187477.09233793456,0.005828128659948333,0.7888845526623058,0.7888845526623058,1.0,0.7888845526623058,0.21111544733769416,0.20265379670528536,0.0,0.0,0.20265379670528536,37.78041180064233,0.0,0.0,37.78041180064233,0.0
2014-05-19,0.0009263379408049395,187650.75948159897,0.0009263379408049395,0.7890799359201399,0.7890799359201401,1.0,0.7890799359201401,0.21092006407985986,0.0,0.0,0.0,0.0,0.0,0.0,0.0,0.0,0.0
2014-05-20,-0.0069914616271519155,186338.80639737746,-0.0069914616271519155,0.7875949139113392,0.7875949139113392,1.0,0.7875949139113392,0.21240508608866082,0.0,0.0,0.0,0.0,0.0,0.0,0.0,0.0,0.0
2014-05-21,0.009825035135088535,188169.59171726214,0.009825035135088535,0.7896614970926656,0.7896614970926656,1.0,0.7896614970926656,0.21033850290733436,0.0,0.0,0.0,0.0,0.0,0.0,0.0,0.0,0.0
2014-05-22,0.005528120446155132,189209.815884579,0.005729266299415015,0.9910579290510524,0.9910579290510523,1.0,0.9910579290510523,0.008942070948947722,0.20114585325988305,0.0,0.0,0.20114585325988305,37.84953308353251,0.0,0.0,37.84953308353251,0.0
2014-05-23,0.006913626561609883,190517.94189339594,0.007107527735465763,0.7987420784809768,0.7987420784809768,1.0,0.7987420784809768,0.20125792151902322,0.19390117385588,0.0,0.0,0.19390117385588,36.6880054050748,0.0,0.0,36.6880054050748,0.0
2014-05-27,0.0038760115775780166,191256.39164191106,0.0038760115775780166,0.7995191445975991,0.7995191445975991,1.0,0.7995191445975991,0.2004808554024009,0.0,0.0,0.0,0.0,0.0,0.0,0.0,0.0,0.0
2014-05-28,0.0009880690530121377,191445.3661636832,0.0009880690530121377,0.7997170379942027,0.7997170379942027,1.0,0.7997170379942027,0.20028296200579732,0.0,0.0,0.0,0.0,0.0,0.0,0.0,0.0,0.0
2014-05-29,0.0026949935392104915,191961.31018860612,0.0026949935392104915,0.800255348539381,0.8002553485393807,1.0,0.8002553485393807,0.19974465146061926,0.0,0.0,0.0,0.0,0.0,0.0,0.0,0.0,0.0
2014-05-30,0.0003127937718053037,192021.3544908607,0.0005123388781595686,1.0,1.0,1.0,1.0,0.0,0.19954510635426492,0.0,0.0,0.19954510635426492,38.304940057489446,0.0,0.0,38.304940057489446,0.0
2014-06-02,0.0024088267961316365,192483.90067498776,0.0024088267961316365,1.0,1.0,1.0,1.0,0.0,0.0,0.0,0.0,0.0,0.0,0.0,0.0,0.0,0.0
2014-06-03,0.0002745040837800046,192536.73829178495,0.0002745040837800046,1.0,1.0,1.0,1.0,0.0,0.0,0.0,0.0,0.0,0.0,0.0,0.0,0.0,0.0
2014-06-04,0.0019410308884987675,192910.45804798012,0.0019410308884987675,1.0,0.9999999999999999,1.0,0.9999999999999999,1.1102230246251565e-16,0.0,0.0,0.0,0.0,0.0,0.0,0.0,0.0,0.0
2014-06-05,0.00971471699324359,194784.52855295324,0.00971471699324359,1.0,0.9999999999999999,1.0,0.9999999999999999,1.1102230246251565e-16,0.0,0.0,0.0,0.0,0.0,0.0,0.0,0.0,0.0
2014-06-06,0.004305288562752634,195623.13215593345,0.004305288562752634,1.0,0.9999999999999999,1.0,0.9999999999999999,1.1102230246251565e-16,0.0,0.0,0.0,0.0,0.0,0.0,0.0,0.0,0.0
2014-06-09,0.003984661227676965,196402.62406587193,0.003984661227676965,1.0,1.0000000000000002,1.0,1.0000000000000002,-2.220446049250313e-16,0.0,0.0,0.0,0.0,0.0,0.0,0.0,0.0,0.0
2014-06-10,-0.0006219199176369509,196280.4773620892,-0.0006219199176369509,1.0,1.0,1.0,1.0,0.0,0.0,0.0,0.0,0.0,0.0,0.0,0.0,0.0,0.0
2014-06-11,-0.003633864328191877,195567.22073708265,-0.003633864328191877,1.0,1.0000000000000002,1.0,1.0000000000000002,-2.220446049250313e-16,0.0,0.0,0.0,0.0,0.0,0.0,0.0,0.0,0.0
2014-06-12,-0.009331366886123332,193742.31124948544,-0.009331366886123332,1.0,1.0000000000000002,1.0,1.0000000000000002,-2.220446049250313e-16,0.0,0.0,0.0,0.0,0.0,0.0,0.0,0.0,0.0
2014-06-13,0.003772335763946801,194473.17229920157,0.003772335763946801,1.0,1.0,1.0,1.0,0.0,0.0,0.0,0.0,0.0,0.0,0.0,0.0,0.0,0.0
2014-06-16,0.0019371355236717951,194849.89318966347,0.0019371355236717951,1.0,1.0000000000000002,1.0,1.0000000000000002,-2.220446049250313e-16,0.0,0.0,0.0,0.0,0.0,0.0,0.0,0.0,0.0
2014-06-17,0.003589103037465795,195549.2295331604,0.003589103037465795,1.0,1.0,1.0,1.0,0.0,0.0,0.0,0.0,0.0,0.0,0.0,0.0,0.0,0.0
2014-06-18,0.007406377576025714,196997.5409617839,0.007406377576025714,1.0,1.0,1.0,1.0,0.0,0.0,0.0,0.0,0.0,0.0,0.0,0.0,0.0,0.0
2014-06-19,-0.003139170631433088,196379.13206673213,-0.003139170631433088,1.0,0.9999999999999999,1.0,0.9999999999999999,1.1102230246251565e-16,0.0,0.0,0.0,0.0,0.0,0.0,0.0,0.0,0.0
2014-06-20,-0.0020652712360381778,195973.55589391655,-0.0020652712360381778,1.0,1.0,1.0,1.0,0.0,0.0,0.0,0.0,0.0,0.0,0.0,0.0,0.0,0.0
2014-06-23,-0.0022588939736275827,195530.87240951744,-0.0022588939736275827,1.0,1.0,1.0,1.0,0.0,0.0,0.0,0.0,0.0,0.0,0.0,0.0,0.0,0.0
2014-06-24,-0.004293418464645409,194691.3765515062,-0.004293418464645409,1.0,1.0,1.0,1.0,0.0,0.0,0.0,0.0,0.0,0.0,0.0,0.0,0.0,0.0
2014-06-25,0.007136174004646871,196080.728091782,0.007136174004646871,1.0,0.9999999999999999,1.0,0.9999999999999999,1.1102230246251565e-16,0.0,0.0,0.0,0.0,0.0,0.0,0.0,0.0,0.0
2014-06-26,0.0020904227615781805,196490.61970889184,0.0020904227615781805,1.0,1.0,1.0,1.0,0.0,0.0,0.0,0.0,0.0,0.0,0.0,0.0,0.0,0.0
2014-06-27,0.0032340933011866524,197126.0887058384,0.0032340933011866524,1.0,1.0000000000000002,1.0,1.0000000000000002,-2.220446049250313e-16,0.0,0.0,0.0,0.0,0.0,0.0,0.0,0.0,0.0
2014-06-30,-0.0005799267232607221,197011.77001914606,-0.00038741650271750225,0.8075706947808884,0.8075706947808884,1.0,0.8075706947808884,0.1924293052191116,0.19251022054321984,0.0,0.0,0.19251022054321984,37.94878681158327,0.0,0.0,37.94878681158327,0.0
2014-07-01,0.007868702689598545,198561.99706377825,0.007868702689598545,0.8090730422468773,0.8090730422468773,1.0,0.8090730422468773,0.19092695775312274,0.0,0.0,0.0,0.0,0.0,0.0,0.0,0.0,0.0
2014-07-02,0.0036248590678571073,199281.75631936674,0.0036248590678571073,0.809762625917366,0.809762625917366,1.0,0.809762625917366,0.19023737408263397,0.0,0.0,0.0,0.0,0.0,0.0,0.0,0.0,0.0
2014-07-03,0.006534707677696013,200584.00434241164,0.006534707677696013,0.8109977006937448,0.8109977006937447,1.0,0.8109977006937447,0.18900229930625534,0.0,0.0,0.0,0.0,0.0,0.0,0.0,0.0,0.0
2014-07-07,-0.006583165808730907,199263.52658324636,-0.0063943523229104725,1.0,1.0000000000000002,1.0,1.0000000000000002,-2.220446049250313e-16,0.1888134858204348,0.0,0.0,0.1888134858204348,37.87296505971198,0.0,0.0,37.87296505971198,0.0
2014-07-08,-0.00909299293751799,197451.62474331996,-0.00909299293751799,1.0,0.9999999999999997,1.0,0.9999999999999997,3.3306690738754696e-16,0.0,0.0,0.0,0.0,0.0,0.0,0.0,0.0,0.0
2014-07-09,0.004581502371606012,198356.24983035895,0.004581502371606012,1.0,1.0000000000000002,1.0,1.0000000000000002,-2.220446049250313e-16,0.0,0.0,0.0,0.0,0.0,0.0,0.0,0.0,0.0
2014-07-10,-0.008376901260465782,196694.63911113376,-0.008376901260465782,1.0,1.0,1.0,1.0,0.0,0.0,0.0,0.0,0.0,0.0,0.0,0.0,0.0,0.0
2014-07-11,0.0022693701865786095,197141.0120609924,0.0022693701865786095,1.0,1.0,1.0,1.0,0.0,0.0,0.0,0.0,0.0,0.0,0.0,0.0,0.0,0.0
2014-07-14,0.005682923190793581,198261.34929029032,0.006085136529809915,1.0,1.0000000000000002,1.0,1.0000000000000002,-2.220446049250313e-16,0.4022133390163346,0.0,0.0,0.4022133390163346,79.29274471811124,0.0,0.0,79.29274471811124,0.0
2014-07-15,-0.0021956870407838606,197826.0294149653,-0.001996149871721163,0.8002237219215323,0.8002237219215322,1.0,0.8002237219215322,0.19977627807846776,0.1995371690626975,0.0,0.0,0.1995371690626975,39.56050837193518,0.0,0.0,39.56050837193518,0.0
2014-07-16,0.0002914894490038652,197883.69361527808,0.0002914894490038652,0.8002819376294888,0.8002819376294888,1.0,0.8002819376294888,0.19971806237051115,0.0,0.0,0.0,0.0,0.0,0.0,0.0,0.0,0.0
2014-07-17,-0.010460328698889906,195813.76513591188,-0.010460328698889906,0.7981707371995415,0.7981707371995415,1.0,0.7981707371995415,0.20182926280045854,0.0,0.0,0.0,0.0,0.0,0.0,0.0,0.0,0.0
2014-07-18,0.00860265766535013,197498.28392353942,0.00860265766535013,0.7998921961323796,0.7998921961323796,1.0,0.7998921961323796,0.2001078038676204,0.0,0.0,0.0,0.0,0.0,0.0,0.0,0.0,0.0
2014-07-21,-0.0025818129598789907,196988.38029455175,-0.0023822894177625434,0.9996142658976388,0.9996142658976392,1.0,0.9996142658976392,0.00038573410236075745,0.19952354211644746,0.0,0.0,0.19952354211644746,39.405557170344416,0.0,0.0,39.405557170344416,0.0
2014-07-22,0.009518543412671752,198863.4227441773,0.009518543412671752,0.9996179029054216,0.9996179029054215,1.0,0.9996179029054215,0.00038209709457848184,0.0,0.0,0.0,0.0,0.0,0.0,0.0,0.0,0.0
2014-07-23,0.0035946997744819987,199578.27704506853,0.0035946997744819987,0.9996192715100384,0.9996192715100385,1.0,0.9996192715100385,0.00038072848996151265,0.0,0.0,0.0,0.0,0.0,0.0,0.0,0.0,0.0
2014-07-24,0.0029453948340398333,200166.1138712637,0.0029453948340398333,0.9996203896125128,0.9996203896125129,1.0,0.9996203896125129,0.00037961038748712816,0.0,0.0,0.0,0.0,0.0,0.0,0.0,0.0,0.0
2014-07-25,-0.0064628057804217275,198872.47915349193,-0.0064628057804217275,0.9996179203056555,0.9996179203056554,1.0,0.9996179203056554,0.00038207969434456146,0.0,0.0,0.0,0.0,0.0,0.0,0.0,0.0,0.0
2014-07-28,0.00240801017266879,199351.36610635743,0.003190688969815582,1.0,0.9999999999999999,1.0,0.9999999999999999,1.1102230246251565e-16,0.7826787971467919,0.0,0.0,0.7826787971467919,155.65327276945553,0.0,0.0,155.65327276945553,0.0
2014-07-29,-0.0042677938955849315,198500.5755630122,-0.0040445713854898565,0.7760449182843887,0.7760449182843888,1.0,0.7760449182843888,0.22395508171561118,0.22322251009507524,0.0,0.0,0.22322251009507524,44.499712333143414,0.0,0.0,44.499712333143414,0.0
2014-07-30,0.002859812855607471,199068.2500608528,0.002859812855607471,0.7766835615060621,0.7766835615060621,1.0,0.7766835615060621,0.2233164384939379,0.0,0.0,0.0,0.0,0.0,0.0,0.0,0.0,0.0
2014-07-31,-0.01595372147814795,195892.37064423962,-0.01595372147814795,0.7730630729792666,0.7730630729792667,1.0,0.7730630729792667,0.22693692702073331,0.0,0.0,0.0,0.0,0.0,0.0,0.0,0.0,0.0
2014-08-01,-0.003386852589813445,195228.91206139847,-0.003386852589813445,0.7722918590724445,0.7722918590724445,1.0,0.7722918590724445,0.22770814092755554,0.0,0.0,0.0,0.0,0.0,0.0,0.0,0.0,0.0
2014-08-04,0.0056025299157635745,196322.68788164444,0.005803690653894354,0.9738005411930968,0.9738005411930968,1.0,0.9738005411930968,0.02619945880690322,0.2011607381307789,0.0,0.0,0.2011607381307789,39.27239205473984,0.0,0.0,39.27239205473984,0.0
2014-08-05,-0.005432825998085955,195256.10087890696,-0.005432825998085955,0.9736574265753386,0.9736574265753385,1.0,0.9736574265753385,0.02634257342466151,0.0,0.0,0.0,0.0,0.0,0.0,0.0,0.0,0.0
2014-08-06,0.0006142085000942612,195376.02883576203,0.0006142085000942612,0.97367359647616,0.9736735964761598,1.0,0.9736735964761598,0.02632640352384019,0.0,0.0,0.0,0.0,0.0,0.0,0.0,0.0,0.0
2014-08-07,-0.0035690743698850737,194678.71725875436,-0.0035690743698850737,0.9735792990294916,0.9735792990294918,1.0,0.9735792990294918,0.026420700970508193,0.0,0.0,0.0,0.0,0.0,0.0,0.0,0.0,0.0
2014-08-08,0.011470002440966524,196911.68262091654,0.011470002440966524,0.9738789080182828,0.9738789080182827,1.0,0.9738789080182827,0.026121091981717304,0.0,0.0,0.0,0.0,0.0,0.0,0.0,0.0,0.0
2014-08-11,0.005617870194877171,198017.9068937357,0.005617870194877171,0.974024833134026,0.974024833134026,1.0,0.974024833134026,0.02597516686597401,0.0,0.0,0.0,0.0,0.0,0.0,0.0,0.0,0.0
2014-08-12,-0.003270291380540404,197370.3306396285,-0.003270291380540404,0.9739396080588876,0.9739396080588875,1.0,0.9739396080588875,0.026060391941112537,0.0,0.0,0.0,0.0,0.0,0.0,0.0,0.0,0.0
2014-08-13,0.006562886611686661,198665.64974012747,0.006562886611686661,0.97410952431513,0.97410952431513,1.0,0.97410952431513,0.025890475684870018,0.0,0.0,0.0,0.0,0.0,0.0,0.0,0.0,0.0
2014-08-14,0.004105416495967511,199481.2549757527,0.004105416495967511,0.974215380915661,0.9742153809156611,1.0,0.9742153809156611,0.025784619084338933,0.0,0.0,0.0,0.0,0.0,0.0,0.0,0.0,0.0
2014-08-15,-0.002460167938487938,198990.49758793204,-0.002460167938487938,0.9741517899780978,0.9741517899780977,1.0,0.9741517899780977,0.025848210021902296,0.0,0.0,0.0,0.0,0.0,0.0,0.0,0.0,0.0
2014-08-18,0.012622542442064875,201502.26358930333,0.012622542442064875,0.9744739930837742,0.9744739930837742,1.0,0.9744739930837742,0.025526006916225752,0.0,0.0,0.0,0.0,0.0,0.0,0.0,0.0,0.0
2014-08-19,0.0036271868738194176,202233.14995483938,0.0036271868738194176,0.9745662460622094,0.9745662460622094,1.0,0.9745662460622094,0.02543375393779057,0.0,0.0,0.0,0.0,0.0,0.0,0.0,0.0,0.0
2014-08-20,0.001794509808887428,202596.05932611553,0.001794509808887428,0.9746118054264016,0.9746118054264017,1.0,0.9746118054264017,0.02538819457359831,0.0,0.0,0.0,0.0,0.0,0.0,0.0,0.0,0.0
2014-08-21,0.0027100889106700388,203145.11265984064,0.0027100889106700388,0.9746804237292758,0.9746804237292758,1.0,0.9746804237292758,0.02531957627072423,0.0,0.0,0.0,0.0,0.0,0.0,0.0,0.0,0.0
2014-08-22,-0.000950312705228599,202952.06127827492,-0.000950312705228599,0.9746563393265408,0.9746563393265408,1.0,0.9746563393265408,0.025343660673459167,0.0,0.0,0.0,0.0,0.0,0.0,0.0,0.0,0.0
2014-08-25,0.0048131647966356585,203928.90299502414,0.0048131647966356585,0.9747777382289886,0.9747777382289887,1.0,0.9747777382289887,0.02522226177101128,0.0,0.0,0.0,0.0,0.0,0.0,0.0,0.0,0.0
2014-08-26,0.0033690944324783418,204615.9587267261,0.0033690944324783418,0.9748624290792238,0.9748624290792237,1.0,0.9748624290792237,0.025137570920776287,0.0,0.0,0.0,0.0,0.0,0.0,0.0,0.0,0.0
2014-08-27,-0.0013084041797296133,204348.23835108866,-0.0013084041797296133,0.9748294958864356,0.9748294958864357,1.0,0.9748294958864357,0.02517050411356425,0.0,0.0,0.0,0.0,0.0,0.0,0.0,0.0,0.0
2014-08-28,-0.0031564096188300946,203703.23160596628,-0.0031564096188300946,0.974749795899335,0.9747497958993349,1.0,0.9747497958993349,0.02525020410066514,0.0,0.0,0.0,0.0,0.0,0.0,0.0,0.0,0.0
2014-08-29,0.002908327195136957,204295.66725418318,0.002908327195136957,0.9748230187984548,0.9748230187984549,1.0,0.9748230187984549,0.0251769812015451,0.0,0.0,0.0,0.0,0.0,0.0,0.0,0.0,0.0
2014-09-02,0.003931072442362293,205098.76832182013,0.003931072442362293,0.974921603790692,0.9749216037906919,1.0,0.9749216037906919,0.025078396209308074,0.0,0.0,0.0,0.0,0.0,0.0,0.0,0.0,0.0
2014-09-03,-0.0035918728562045984,204362.079623044,-0.0035918728562045984,0.974831200663532,0.9748312006635319,1.0,0.9748312006635319,0.025168799336468095,0.0,0.0,0.0,0.0,0.0,0.0,0.0,0.0,0.0
2014-09-04,-0.0005823104031305903,204243.07745807408,-0.0005823104031305903,0.974816536070499,0.9748165360704989,1.0,0.9748165360704989,0.025183463929501104,0.0,0.0,0.0,0.0,0.0,0.0,0.0,0.0,0.0
2014-09-05,0.0028013268435435725,204815.22907356534,0.0028013268435435725,0.9748868861105624,0.9748868861105623,1.0,0.9748868861105623,0.02511311388943771,0.0,0.0,0.0,0.0,0.0,0.0,0.0,0.0,0.0
2014-09-08,-0.00028954535976455543,204755.92577437797,-0.00028954535976455543,0.9748796126189608,0.9748796126189607,1.0,0.9748796126189607,0.025120387381039277,0.0,0.0,0.0,0.0,0.0,0.0,0.0,0.0,0.0
2014-09-09,-0.00916643008856171,202879.04489554843,-0.00916643008856171,0.974647218116273,0.9746472181162732,1.0,0.9746472181162732,0.025352781883726805,0.0,0.0,0.0,0.0,0.0,0.0,0.0,0.0,0.0
2014-09-10,0.004132990317045573,203717.54202363314,0.004132990317045573,0.9747515696344944,0.9747515696344943,1.0,0.9747515696344943,0.025248430365505725,0.0,0.0,0.0,0.0,0.0,0.0,0.0,0.0,0.0
2014-09-11,0.003212843712811713,204372.0546477132,0.003212843712811713,0.9748324291064064,0.9748324291064064,1.0,0.9748324291064064,0.02516757089359356,0.0,0.0,0.0,0.0,0.0,0.0,0.0,0.0,0.0
2014-09-12,-0.005607352647029762,203226.06846610544,-0.005607352647029762,0.9746905098699308,0.9746905098699307,1.0,0.9746905098699307,0.025309490130069334,0.0,0.0,0.0,0.0,0.0,0.0,0.0,0.0,0.0
2014-09-15,-0.005650405631786165,202077.75874431882,-0.005262558779321928,0.5848859414438582,0.5848859414438582,1.0,0.5848859414438582,0.4151140585561418,0.38784685246423745,0.0,0.0,0.38784685246423745,78.82059099326061,0.0,0.0,78.82059099326061,0.0
2014-09-16,0.001685158620473158,202418.2918214727,0.002085952918202322,0.9861044496771644,0.9861044496771644,1.0,0.9861044496771644,0.013895550322835626,0.40079429772916425,0.0,0.0,0.40079429772916425,80.99161340261274,0.0,0.0,80.99161340261274,0.0
2014-09-17,0.0019992685954538475,202822.9803554568,0.0019992685954538475,0.9861321751838066,0.9861321751838067,1.0,0.9861321751838067,0.013867824816193308,0.0,0.0,0.0,0.0,0.0,0.0,0.0,0.0,0.0
2014-09-18,0.005689301422636875,203976.90142613655,0.005689301422636875,0.986210627082762,0.986210627082762,1.0,0.986210627082762,0.01378937291723803,0.0,0.0,0.0,0.0,0.0,0.0,0.0,0.0,0.0
2014-09-19,-0.009981467418839597,201940.91263035568,-0.009981467418839597,0.9860716012241844,0.9860716012241844,1.0,0.9860716012241844,0.013928398775815642,0.0,0.0,0.0,0.0,0.0,0.0,0.0,0.0,0.0
2014-09-22,-0.014227586868483352,199067.7807536065,-0.013839142729948583,0.5922140974760477,0.5922140974760477,1.0,0.5922140974760477,0.4077859025239523,0.3884441385347691,0.0,0.0,0.3884441385347691,78.44276384162359,0.0,0.0,78.44276384162359,0.0
2014-09-23,-0.005785937004553831,197915.98711452977,-0.005388132041845287,0.9903610950504688,0.9903610950504689,1.0,0.9903610950504689,0.009638904949531124,0.39780496270854343,0.0,0.0,0.39780496270854343,79.19015109916093,0.0,0.0,79.19015109916093,0.0
2014-09-24,0.009407330241997898,199777.84816548717,0.009407330241997898,0.9904509263398948,0.9904509263398945,1.0,0.9904509263398945,0.00954907366010549,0.0,0.0,0.0,0.0,0.0,0.0,0.0,0.0,0.0
2014-09-25,-0.016277476411975116,196525.9689543383,-0.016277476411975116,0.9902929195671192,0.9902929195671195,1.0,0.9902929195671195,0.009707080432880488,0.0,0.0,0.0,0.0,0.0,0.0,0.0,0.0,0.0
2014-09-26,0.009162438082112853,198326.62597640968,0.009162438082112853,0.9903810525772948,0.9903810525772948,1.0,0.9903810525772948,0.009618947422705193,0.0,0.0,0.0,0.0,0.0,0.0,0.0,0.0,0.0
2014-09-29,-0.0016478509616968335,197999.81325506436,-0.0016478509616968335,0.9903651758230092,0.9903651758230093,1.0,0.9903651758230093,0.009634824176990686,0.0,0.0,0.0,0.0,0.0,0.0,0.0,0.0,0.0
2014-09-30,-0.013136140969530223,195398.8597962052,-0.013136140969530223,0.9902369267160552,0.9902369267160553,1.0,0.9902369267160553,0.009763073283944657,0.0,0.0,0.0,0.0,0.0,0.0,0.0,0.0,0.0
2014-10-01,-0.014070855239992226,192649.43072595325,-0.013875099295956213,0.7917464328271775,0.7917464328271775,1.0,0.7917464328271775,0.2082535671728225,0.19575594403601315,0.0,0.0,0.19575594403601315,38.250488262966726,0.0,0.0,38.250488262966726,0.0
2014-10-02,0.006595650612488539,193920.07906171645,0.006595650612488539,0.7931110003842106,0.7931110003842106,1.0,0.7931110003842106,0.20688899961578944,0.0,0.0,0.0,0.0,0.0,0.0,0.0,0.0,0.0
2014-10-03,0.0070067183852057765,195278.82244493873,0.0070067183852057765,0.7945505269840224,0.7945505269840224,1.0,0.7945505269840224,0.2054494730159776,0.0,0.0,0.0,0.0,0.0,0.0,0.0,0.0,0.0
2014-10-06,-0.0061892490493221965,194070.19317876865,-0.0061892490493221965,0.7932710299023783,0.7932710299023784,1.0,0.7932710299023784,0.2067289700976216,0.0,0.0,0.0,0.0,0.0,0.0,0.0,0.0,0.0
2014-10-07,-0.013340419234788257,191481.21544078752,-0.012750110673193768,0.9930242434258612,0.9930242434258613,1.0,0.9930242434258613,0.006975756574138736,0.5903085615944893,0.0,0.0,0.5903085615944893,114.5612965837236,0.0,0.0,114.5612965837236,0.0
2014-10-08,0.013745595696156458,194113.23881164525,0.013745595696156458,0.9931188292173556,0.9931188292173558,1.0,0.9931188292173558,0.006881170782644164,0.0,0.0,0.0,0.0,0.0,0.0,0.0,0.0,0.0
2014-10-09,-0.022962289090414614,189655.95450577556,-0.022962289090414614,0.9929571083021572,0.9929571083021572,1.0,0.9929571083021572,0.007042891697842779,0.0,0.0,0.0,0.0,0.0,0.0,0.0,0.0,0.0
2014-10-10,-0.00969731409758461,187816.80114445582,-0.00969731409758461,0.992888142385048,0.9928881423850479,1.0,0.9928881423850479,0.007111857614952144,0.0,0.0,0.0,0.0,0.0,0.0,0.0,0.0,0.0
2014-10-13,-0.0063581452860905375,186622.6346356106,-0.0063581452860905375,0.992842634817351,0.9928426348173511,1.0,0.9928426348173511,0.007157365182648867,0.0,0.0,0.0,0.0,0.0,0.0,0.0,0.0,0.0
2014-10-14,0.005374677054606994,187625.6710278569,0.005374677054606994,0.9928808976931688,0.9928808976931689,1.0,0.9928808976931689,0.007119102306831104,0.0,0.0,0.0,0.0,0.0,0.0,0.0,0.0,0.0
2014-10-15,0.001966659173896035,187994.66677504225,0.001966659173896035,0.9928948710601802,0.99289487106018,1.0,0.99289487106018,0.00710512893981996,0.0,0.0,0.0,0.0,0.0,0.0,0.0,0.0,0.0
2014-10-16,0.008802166489000417,189649.4271310403,0.008998524088034882,0.7985072027722809,0.7985072027722809,1.0,0.7985072027722809,0.20149279722771907,0.19635759903446628,0.0,0.0,0.19635759903446628,36.91418139923185,0.0,0.0,36.91418139923185,0.0
2014-10-17,0.00028831714115416183,189704.10631169225,0.00028831714115416183,0.7985652798549223,0.7985652798549223,1.0,0.7985652798549223,0.20143472014507768,0.0,0.0,0.0,0.0,0.0,0.0,0.0,0.0,0.0
2014-10-20,0.009782129890761269,191559.816520444,0.009782129890761269,0.8005166518773026,0.8005166518773027,1.0,0.8005166518773027,0.1994833481226973,0.0,0.0,0.0,0.0,0.0,0.0,0.0,0.0,0.0
2014-10-21,0.013549947979491411,194155.44206925694,0.01374923204355005,1.0,1.0,1.0,1.0,0.0,0.19928406405863883,0.0,0.0,0.19928406405863883,38.17481874652126,0.0,0.0,38.17481874652126,0.0
2014-10-22,-0.012784893412624178,191673.18543692055,-0.012593214507646066,0.8060329255545212,0.8060329255545212,1.0,0.8060329255545212,0.19396707444547878,0.191678904978113,0.0,0.0,0.191678904978113,37.21550253137662,0.0,0.0,37.21550253137662,0.0
2014-10-23,0.013113108941573004,194186.61679873322,0.013113108941573004,0.8085435152960151,0.808543515296015,1.0,0.808543515296015,0.19145648470398502,0.0,0.0,0.0,0.0,0.0,0.0,0.0,0.0,0.0
2014-10-24,-0.00018610473650568918,194150.47774958095,-0.00018610473650568918,0.8085078777050525,0.8085078777050524,1.0,0.8085078777050524,0.1914921222949476,0.0,0.0,0.0,0.0,0.0,0.0,0.0,0.0,0.0
2014-10-27,-0.0008604011649558935,193983.43045234846,-0.0008604011649558935,0.8083429757781401,0.8083429757781401,1.0,0.8083429757781401,0.19165702422185993,0.0,0.0,0.0,0.0,0.0,0.0,0.0,0.0,0.0
2014-10-28,0.01885363697507966,197640.72362927764,0.019045102533742857,1.0,0.9999999999999997,1.0,0.9999999999999997,3.3306690738754696e-16,0.19146555866319673,0.0,0.0,0.19146555866319673,37.14114588296227,0.0,0.0,37.14114588296227,0.0
2014-10-29,0.0014030741201682417,197918.0282136932,0.0014030741201682417,1.0,1.0000000000000002,1.0,1.0000000000000002,-2.220446049250313e-16,0.0,0.0,0.0,0.0,0.0,0.0,0.0,0.0,0.0
2014-10-30,0.002928927656084741,198497.715800166,0.002928927656084741,1.0,1.0,1.0,1.0,0.0,0.0,0.0,0.0,0.0,0.0,0.0,0.0,0.0,0.0
2014-10-31,0.01247212377576266,200973.40388083181,0.012662968020765041,0.8116951605083368,0.8116951605083369,1.0,0.8116951605083369,0.1883048394916631,0.19084424500238073,0.0,0.0,0.19084424500238073,37.882146706579825,0.0,0.0,37.882146706579825,0.0
2014-11-03,-0.002770588618769727,200416.58925536418,-0.002770588618769727,0.8111719957889647,0.8111719957889647,1.0,0.8111719957889647,0.1888280042110353,0.0,0.0,0.0,0.0,0.0,0.0,0.0,0.0,0.0
2014-11-04,-0.005810436799691553,199252.08132988613,-0.005621797434845364,1.0,1.0000000000000002,1.0,1.0000000000000002,-2.220446049250313e-16,0.18863936484618912,0.0,0.0,0.18863936484618912,37.80645810177147,0.0,0.0,37.80645810177147,0.0
2014-11-05,0.0034800251791841275,199945.48358991902,0.0034800251791841275,1.0,1.0,1.0,1.0,0.0,0.0,0.0,0.0,0.0,0.0,0.0,0.0,0.0,0.0
2014-11-06,0.0044015976009026585,200825.56315079972,0.0044015976009026585,1.0,1.0000000000000002,1.0,1.0000000000000002,-2.220446049250313e-16,0.0,0.0,0.0,0.0,0.0,0.0,0.0,0.0,0.0
2014-11-07,0.0027237476436495454,201372.56130521628,0.0027237476436495454,1.0,1.0,1.0,1.0,0.0,0.0,0.0,0.0,0.0,0.0,0.0,0.0,0.0,0.0
2014-11-10,0.0018134831475302288,201737.7470515183,0.0018134831475302288,1.0,1.0,1.0,1.0,0.0,0.0,0.0,0.0,0.0,0.0,0.0,0.0,0.0,0.0
2014-11-11,0.002304405428144666,202202.63261088548,0.002304405428144666,1.0,1.0000000000000002,1.0,1.0000000000000002,-2.220446049250313e-16,0.0,0.0,0.0,0.0,0.0,0.0,0.0,0.0,0.0
2014-11-12,0.002687774430233818,202746.10767654298,0.002687774430233818,1.0,1.0000000000000002,1.0,1.0000000000000002,-2.220446049250313e-16,0.0,0.0,0.0,0.0,0.0,0.0,0.0,0.0,0.0
2014-11-13,-0.008624867178810672,200997.44942681195,-0.008624867178810672,1.0,1.0,1.0,1.0,0.0,0.0,0.0,0.0,0.0,0.0,0.0,0.0,0.0,0.0
2014-11-14,0.0014333261900646925,201285.5443352116,0.0014333261900646925,1.0,1.0000000000000002,1.0,1.0000000000000002,-2.220446049250313e-16,0.0,0.0,0.0,0.0,0.0,0.0,0.0,0.0,0.0
2014-11-17,-0.005969380424784612,200083.99434706487,-0.005969380424784612,1.0,1.0,1.0,1.0,0.0,0.0,0.0,0.0,0.0,0.0,0.0,0.0,0.0,0.0
2014-11-18,0.004990785825822075,201082.57071002608,0.004990785825822075,1.0,1.0,1.0,1.0,0.0,0.0,0.0,0.0,0.0,0.0,0.0,0.0,0.0,0.0
2014-11-19,-0.007821410483636451,199509.8213833981,-0.007821410483636451,1.0,1.0,1.0,1.0,0.0,0.0,0.0,0.0,0.0,0.0,0.0,0.0,0.0,0.0
2014-11-20,0.009509670139921168,201407.0939744288,0.009509670139921168,1.0,1.0,1.0,1.0,0.0,0.0,0.0,0.0,0.0,0.0,0.0,0.0,0.0,0.0
2014-11-21,0.005108152539811524,202435.91213305035,0.005108152539811524,1.0,1.0,1.0,1.0,0.0,0.0,0.0,0.0,0.0,0.0,0.0,0.0,0.0,0.0
2014-11-24,0.004847115369083448,203417.1423540049,0.004847115369083448,1.0,1.0000000000000002,1.0,1.0000000000000002,-2.220446049250313e-16,0.0,0.0,0.0,0.0,0.0,0.0,0.0,0.0,0.0
2014-11-25,-0.0010710388723067046,203199.27468725017,-0.0010710388723067046,1.0,1.0,1.0,1.0,0.0,0.0,0.0,0.0,0.0,0.0,0.0,0.0,0.0,0.0
2014-11-26,0.0017918239172510144,203563.37200760283,0.0017918239172510144,1.0,0.9999999999999999,1.0,0.9999999999999999,1.1102230246251565e-16,0.0,0.0,0.0,0.0,0.0,0.0,0.0,0.0,0.0
2014-11-28,-0.021961758614338474,199092.76236885108,-0.021961758614338474,1.0,1.0,1.0,1.0,0.0,0.0,0.0,0.0,0.0,0.0,0.0,0.0,0.0,0.0
2014-12-01,-0.008413380309903221,197417.71924209272,-0.008219134613422871,0.8043020680891025,0.8043020680891025,1.0,0.8043020680891025,0.19569793191089746,0.19424569648034992,0.0,0.0,0.19424569648034992,38.672912290534285,0.0,0.0,38.672912290534285,0.0
2014-12-02,0.003673595000253212,198142.95198846186,0.003673595000253212,0.805018351697448,0.805018351697448,1.0,0.805018351697448,0.19498164830255205,0.0,0.0,0.0,0.0,0.0,0.0,0.0,0.0,0.0
2014-12-03,0.004824833126843291,199098.9586670663,0.005019619988284402,1.0,1.0000000000000002,1.0,1.0000000000000002,-2.220446049250313e-16,0.19478686144111101,0.0,0.0,0.19478686144111101,38.59564373450924,0.0,0.0,38.59564373450924,0.0
2014-12-04,-0.005209210334301408,198061.81031402916,-0.005209210334301408,1.0,1.0,1.0,1.0,0.0,0.0,0.0,0.0,0.0,0.0,0.0,0.0,0.0,0.0
2014-12-05,0.0020224666222296655,198462.38371452768,0.0020224666222296655,1.0,1.0000000000000002,1.0,1.0000000000000002,-2.220446049250313e-16,0.0,0.0,0.0,0.0,0.0,0.0,0.0,0.0,0.0
2014-12-08,-0.018851747001358537,194721.0210674549,-0.018668971504398984,0.8138989485997201,0.8138989485997199,1.0,0.8138989485997199,0.1861010514002801,0.1827754969595546,0.0,0.0,0.1827754969595546,36.27406081120062,0.0,0.0,36.27406081120062,0.0
2014-12-09,0.011962503951043158,197050.37205132548,0.011962503951043158,0.8160988666342096,0.8160988666342096,1.0,0.8160988666342096,0.1839011333657904,0.0,0.0,0.0,0.0,0.0,0.0,0.0,0.0,0.0
2014-12-10,-0.016527697208712916,193793.58316719692,-0.016343979792763075,1.0,0.9999999999999999,1.0,0.9999999999999999,1.1102230246251565e-16,0.18371741594984053,0.0,0.0,0.18371741594984053,36.201585165224195,0.0,0.0,36.201585165224195,0.0
2014-12-11,0.0008289431226762318,193954.22702518216,0.0008289431226762318,1.0,1.0,1.0,1.0,0.0,0.0,0.0,0.0,0.0,0.0,0.0,0.0,0.0,0.0
2014-12-12,-0.012835863549482124,191464.65703224164,-0.012665353511455722,1.0,0.8273026894854542,1.0,0.8273026894854542,0.17269731051454584,0.0,0.0,0.17051003802640144,0.17051003802640144,0.0,0.0,33.071142625445106,33.071142625445106,1.0
2014-12-15,-0.00814406180496633,189905.3570319044,-0.00814406180496633,1.0,0.8281996968851186,1.0,0.8281996968851186,0.17180030311488137,0.0,0.0,0.0,0.0,0.0,0.0,0.0,0.0,1.0
2014-12-16,0.0007405479046605298,190045.99104613817,0.0007405479046605298,1.0,0.8291509064044771,1.0,0.8291509064044771,0.17084909359552292,0.0,0.0,0.0,0.0,0.0,0.0,0.0,0.0,1.0
2014-12-17,0.027583498578203927,195288.12436995268,0.027583498578203927,1.0,0.832930607288731,1.0,0.832930607288731,0.16706939271126897,0.0,0.0,0.0,0.0,0.0,0.0,0.0,0.0,1.0
2014-12-18,0.012783417124816867,197784.5739232969,0.013217887739820742,0.5712189415941805,0.406693496385623,1.0,0.406693496385623,0.593306503614377,0.43447061500387474,0.0,0.0,0.43447061500387474,84.84695149796653,0.0,0.0,84.84695149796653,1.0
2014-12-19,0.00659861739997457,199089.67865423375,0.00659861739997457,0.5750565415910923,0.4095931401870807,1.0,0.4095931401870807,0.5904068598129193,0.0,0.0,0.0,0.0,0.0,0.0,0.0,0.0,1.0
2014-12-22,-0.0005309176083769235,198983.97843819013,-0.0005309176083769235,0.5735451771199259,0.4105171034516007,1.0,0.4105171034516007,0.5894828965483994,0.0,0.0,0.0,0.0,0.0,0.0,0.0,0.0,1.0
2014-12-23,0.0026328256453438965,199507.86855963472,0.0026328256453438965,0.5753602347715429,0.41139149913006556,1.0,0.41139149913006556,0.5886085008699344,0.0,0.0,0.0,0.0,0.0,0.0,0.0,0.0,1.0
2014-12-24,-0.0012059549034188518,199267.2710672746,-0.0008071779352248405,0.9744502182006556,0.8120871836779479,1.0,0.8120871836779479,0.18791281632205215,0.39877696819401126,0.0,0.0,0.39877696819401126,79.55914295506044,0.0,0.0,79.55914295506044,1.0
2014-12-26,0.003644014192271108,199993.40383109887,0.003644014192271108,0.9745386043924684,0.8129092804585921,1.0,0.8129092804585921,0.18709071954140788,0.0,0.0,0.0,0.0,0.0,0.0,0.0,0.0,1.0
2014-12-29,0.0004004376047232522,200073.48871068947,0.0004004376047232522,0.974509343651901,0.8142443897140041,1.0,0.8142443897140041,0.18575561028599585,0.0,0.0,0.0,0.0,0.0,0.0,0.0,0.0,1.0
2014-12-30,-0.003120135828092626,199449.23225031176,-0.003120135828092626,0.974425141505582,0.8138036043967777,1.0,0.8138036043967777,0.18619639560322232,0.0,0.0,0.0,0.0,0.0,0.0,0.0,0.0,1.0
2014-12-31,-0.004572755660066774,198537.19964464317,-0.004572755660066774,0.9742763979231702,0.8139373418524215,1.0,0.8139373418524215,0.1860626581475785,0.0,0.0,0.0,0.0,0.0,0.0,0.0,0.0,1.0
2015-01-02,-0.0027436846319528513,197992.4761811072,-0.0027436846319528513,0.974156079117464,0.8149879101303711,1.0,0.8149879101303711,0.18501208986962892,0.0,0.0,0.0,0.0,0.0,0.0,0.0,0.0,1.0
2015-01-05,-0.019910070167041997,194050.43208779496,-0.019694966380278792,0.7538067927000948,0.5933497461893682,1.0,0.5933497461893682,0.4066502538106318,0.21510378676320482,0.0,0.0,0.21510378676320482,42.5889313771798,0.0,0.0,42.5889313771798,1.0
2015-01-06,-0.005637363608522948,192956.49924372506,-0.005436687044085161,0.5501117964304383,0.3900272771120548,1.0,0.3900272771120548,0.6099727228879452,0.20067656443778664,0.0,0.0,0.20067656443778664,38.94137403904673,0.0,0.0,38.94137403904673,1.0
2015-01-07,0.002657029774601281,193469.19040741847,0.002657029774601281,0.5508608616734598,0.3920304863075992,1.0,0.3920304863075992,0.6079695136924008,0.0,0.0,0.0,0.0,0.0,0.0,0.0,0.0,1.0
2015-01-08,0.00906900895327846,195223.7642274069,0.00906900895327846,0.5551745576270463,0.39724718954523885,1.0,0.39724718954523885,0.6027528104547611,0.0,0.0,0.0,0.0,0.0,0.0,0.0,0.0,1.0
2015-01-09,-0.002977649271318761,194642.4563281111,-0.002578827399470031,0.9542468084663468,0.7960730346913814,1.0,0.7960730346913814,0.20392696530861865,0.39882187184873025,0.0,0.0,0.39882187184873025,77.8595070785296,0.0,0.0,77.8595070785296,1.0
2015-01-12,-0.00767812792194605,193147.96664938206,-0.00767812792194605,0.9537305607165436,0.7972906161818935,1.0,0.7972906161818935,0.20270938381810655,0.0,0.0,0.0,0.0,0.0,0.0,0.0,0.0,1.0
2015-01-13,-0.0025588755513897467,192653.72503972228,-0.002371818093016737,0.7661139685420886,0.6098068708549982,1.0,0.6098068708549982,0.3901931291450018,0.1870574583730098,0.0,0.0,0.1870574583730098,36.12976773134827,0.0,0.0,36.12976773134827,1.0
2015-01-14,-0.0023288736492113543,192205.05885605488,-0.0023288736492113543,0.7659713925516011,0.6078483133662307,1.0,0.6078483133662307,0.3921516866337693,0.0,0.0,0.0,0.0,0.0,0.0,0.0,0.0,1.0
2015-01-15,0.001696687382137329,192531.17075419892,0.001696687382137329,0.7658597468589724,0.6098357902998631,1.0,0.6098357902998631,0.3901642097001369,0.0,0.0,0.0,0.0,0.0,0.0,0.0,0.0,1.0
2015-01-16,0.0035664834610699254,193217.82999043423,0.003767835031714422,0.967624936233179,0.8096467457501573,1.0,0.8096467457501573,0.19035325424984273,0.20135157064449663,0.0,0.0,0.20135157064449663,38.76645362938173,0.0,0.0,38.76645362938173,1.0
2015-01-20,0.00020977165013623308,193258.36161346704,0.00020977165013623308,0.811566031219267,0.811566031219267,1.0,0.811566031219267,0.18843396878073304,0.0,0.0,0.0,0.0,0.0,0.0,0.0,0.0,0.0
2015-01-21,0.010060404188628282,195202.6188441306,0.010060404188628282,0.8134428713378778,0.8134428713378778,1.0,0.8134428713378778,0.18655712866212215,0.0,0.0,0.0,0.0,0.0,0.0,0.0,0.0,0.0
2015-01-22,0.010423608060327954,197237.3344353114,0.010423608060327954,0.8153674091005764,0.8153674091005764,1.0,0.8153674091005764,0.18463259089942363,0.0,0.0,0.0,0.0,0.0,0.0,0.0,0.0,0.0
2015-01-23,-0.005070660431969655,196237.2108878831,-0.005070660431969655,0.8144264285345271,0.814426428534527,1.0,0.814426428534527,0.18557357146547304,0.0,0.0,0.0,0.0,0.0,0.0,0.0,0.0,0.0
2015-01-26,0.0005626370650565534,196347.62121627195,0.0007480252483387441,1.0,0.9999999999999999,1.0,0.9999999999999999,1.1102230246251565e-16,0.1853881832821907,0.0,0.0,0.1853881832821907,36.38006001886878,0.0,0.0,36.38006001886878,0.0
2015-01-27,-0.000733306144218331,196203.6382992314,-0.000733306144218331,1.0,0.9999999999999999,1.0,0.9999999999999999,1.1102230246251565e-16,0.0,0.0,0.0,0.0,0.0,0.0,0.0,0.0,0.0
2015-01-28,-0.01238491166584925,193773.67357037717,-0.01238491166584925,1.0,1.0,1.0,1.0,0.0,0.0,0.0,0.0,0.0,0.0,0.0,0.0,0.0,0.0
2015-01-29,0.0025572356044587727,194269.1985076381,0.0025572356044587727,1.0,1.0000000000000004,1.0,1.0000000000000004,-4.440892098500626e-16,0.0,0.0,0.0,0.0,0.0,0.0,0.0,0.0,0.0
2015-01-30,-0.01918424858738523,190542.2899105955,-0.01918424858738523,1.0,1.0,1.0,1.0,0.0,0.0,0.0,0.0,0.0,0.0,0.0,0.0,0.0,0.0
2015-02-02,0.01106553098452155,192650.7415234629,0.01106553098452155,1.0,1.0,1.0,1.0,0.0,0.0,0.0,0.0,0.0,0.0,0.0,0.0,0.0,0.0
2015-02-03,0.01634137323086218,195798.91919390016,0.01634137323086218,1.0,1.0000000000000002,1.0,1.0000000000000002,-2.220446049250313e-16,0.0,0.0,0.0,0.0,0.0,0.0,0.0,0.0,0.0
2015-02-04,-0.005331942949869831,194754.9305271121,-0.005331942949869831,1.0,1.0000000000000002,1.0,1.0000000000000002,-2.220446049250313e-16,0.0,0.0,0.0,0.0,0.0,0.0,0.0,0.0,0.0
2015-02-05,0.007969768862958332,196307.08230833468,0.007969768862958332,1.0,0.9999999999999999,1.0,0.9999999999999999,1.1102230246251565e-16,0.0,0.0,0.0,0.0,0.0,0.0,0.0,0.0,0.0
2015-02-06,-0.014515072933923864,193457.67069118342,-0.014515072933923864,1.0,0.9999999999999997,1.0,0.9999999999999997,3.3306690738754696e-16,0.0,0.0,0.0,0.0,0.0,0.0,0.0,0.0,0.0
2015-02-09,0.001039269969347127,193658.7254386726,0.001039269969347127,1.0,1.0,1.0,1.0,0.0,0.0,0.0,0.0,0.0,0.0,0.0,0.0,0.0,0.0
2015-02-10,-0.005370996043004096,192618.5851906483,-0.005370996043004096,1.0,0.9999999999999999,1.0,0.9999999999999999,1.1102230246251565e-16,0.0,0.0,0.0,0.0,0.0,0.0,0.0,0.0,0.0
2015-02-11,-0.007107400718498352,191249.56771986815,-0.007107400718498352,1.0,1.0,1.0,1.0,0.0,0.0,0.0,0.0,0.0,0.0,0.0,0.0,0.0,0.0
2015-02-12,0.018829171144498266,194850.63856177687,0.018829171144498266,1.0,1.0000000000000002,1.0,1.0000000000000002,-2.220446049250313e-16,0.0,0.0,0.0,0.0,0.0,0.0,0.0,0.0,0.0
2015-02-13,0.008989089327986416,196602.16835742389,0.008989089327986416,1.0,0.9999999999999999,1.0,0.9999999999999999,1.1102230246251565e-16,0.0,0.0,0.0,0.0,0.0,0.0,0.0,0.0,0.0
2015-02-17,-3.4841549159754706e-05,196595.31843331014,-3.4841549159754706e-05,1.0,1.0000000000000002,1.0,1.0000000000000002,-2.220446049250313e-16,0.0,0.0,0.0,0.0,0.0,0.0,0.0,0.0,0.0
2015-02-18,0.0014136305061699301,196873.23157281763,0.0014136305061699301,1.0,0.9999999999999999,1.0,0.9999999999999999,1.1102230246251565e-16,0.0,0.0,0.0,0.0,0.0,0.0,0.0,0.0,0.0
2015-02-19,-0.003353392215363661,196213.03841064783,-0.003353392215363661,1.0,1.0,1.0,1.0,0.0,0.0,0.0,0.0,0.0,0.0,0.0,0.0,0.0,0.0
2015-02-20,0.0027583175336290196,196754.25627482255,0.0027583175336290196,1.0,1.0,1.0,1.0,0.0,0.0,0.0,0.0,0.0,0.0,0.0,0.0,0.0,0.0
2015-02-23,-0.004558232654156154,195857.40459902646,-0.004558232654156154,1.0,1.0,1.0,1.0,0.0,0.0,0.0,0.0,0.0,0.0,0.0,0.0,0.0,0.0
2015-02-24,0.013165292848985622,198435.9246872149,0.013165292848985622,1.0,0.9999999999999999,1.0,0.9999999999999999,1.1102230246251565e-16,0.0,0.0,0.0,0.0,0.0,0.0,0.0,0.0,0.0
2015-02-25,-0.004250134113706837,197592.5453943168,-0.004250134113706837,1.0,1.0,1.0,1.0,0.0,0.0,0.0,0.0,0.0,0.0,0.0,0.0,0.0,0.0
2015-02-26,-0.002524075349994011,197093.80692114445,-0.002524075349994011,1.0,1.0,1.0,1.0,0.0,0.0,0.0,0.0,0.0,0.0,0.0,0.0,0.0,0.0
2015-02-27,0.002679780986162292,197621.97515742207,0.002679780986162292,1.0,1.0000000000000002,1.0,1.0000000000000002,-2.220446049250313e-16,0.0,0.0,0.0,0.0,0.0,0.0,0.0,0.0,0.0
2015-03-02,-0.005244989447441059,196585.44998313894,-0.005244989447441059,1.0,0.9999999999999999,1.0,0.9999999999999999,1.1102230246251565e-16,0.0,0.0,0.0,0.0,0.0,0.0,0.0,0.0,0.0
2015-03-03,-0.0053764292525285634,195528.5222192281,-0.0053764292525285634,1.0,0.9999999999999999,1.0,0.9999999999999999,1.1102230246251565e-16,0.0,0.0,0.0,0.0,0.0,0.0,0.0,0.0,0.0
2015-03-04,-0.00995220953814229,193582.58139541905,-0.00995220953814229,1.0,1.0,1.0,1.0,0.0,0.0,0.0,0.0,0.0,0.0,0.0,0.0,0.0,0.0
2015-03-05,-0.004272051219931523,192755.58669241125,-0.004272051219931523,1.0,0.9999999999999999,1.0,0.9999999999999999,1.1102230246251565e-16,0.0,0.0,0.0,0.0,0.0,0.0,0.0,0.0,0.0
2015-03-06,-0.01604760696858598,189662.32079617222,-0.01604760696858598,1.0,0.9999999999999999,1.0,0.9999999999999999,1.1102230246251565e-16,0.0,0.0,0.0,0.0,0.0,0.0,0.0,0.0,0.0
2015-03-09,-0.007821783410038788,188178.82320185925,-0.007660213637859893,1.0,0.8371830149316083,1.0,0.8371830149316083,0.1628169850683917,0.0,0.0,0.1615697721788955,0.1615697721788955,0.0,0.0,30.64369796195814,30.64369796195814,1.0
2015-03-10,-0.012267402030807952,185870.35792395772,-0.012267402030807952,1.0,0.8365501479720875,1.0,0.8365501479720875,0.1634498520279125,0.0,0.0,0.0,0.0,0.0,0.0,0.0,0.0,1.0
2015-03-11,0.0031762765594436884,186460.733584927,0.0031762765594436884,1.0,0.836396565104171,1.0,0.836396565104171,0.16360343489582896,0.0,0.0,0.0,0.0,0.0,0.0,0.0,0.0,1.0
2015-03-12,0.004822446747668431,187359.9305431715,0.004822446747668431,1.0,0.8382964659845303,1.0,0.8382964659845303,0.16170353401546966,0.0,0.0,0.0,0.0,0.0,0.0,0.0,0.0,1.0
2015-03-13,-0.0077481979583304515,185908.22871186398,-0.0077481979583304515,1.0,0.8417782184851862,1.0,0.8417782184851862,0.1582217815148138,0.0,0.0,0.0,0.0,0.0,0.0,0.0,0.0,1.0
2015-03-16,0.0048712687755443585,186813.83766150483,0.0048712687755443585,1.0,0.8415957540186193,1.0,0.8415957540186193,0.1584042459813807,0.0,0.0,0.0,0.0,0.0,0.0,0.0,0.0,1.0
2015-03-17,0.0023940872653896556,187261.0862912488,0.0025572089178552875,1.0,0.9999999999999999,1.0,0.9999999999999999,1.1102230246251565e-16,0.1631216524656317,0.0,0.0,0.1631216524656317,30.473381902790933,0.0,0.0,30.473381902790933,0.0
2015-03-18,0.019084479278078936,190834.86661216468,0.019084479278078936,1.0,1.0000000000000002,1.0,1.0000000000000002,-2.220446049250313e-16,0.0,0.0,0.0,0.0,0.0,0.0,0.0,0.0,0.0
2015-03-19,-0.01367686791831916,188224.84334730008,-0.01367686791831916,1.0,1.0,1.0,1.0,0.0,0.0,0.0,0.0,0.0,0.0,0.0,0.0,0.0,0.0
2015-03-20,0.00925272572519374,189966.43619746022,0.00925272572519374,1.0,1.0,1.0,1.0,0.0,0.0,0.0,0.0,0.0,0.0,0.0,0.0,0.0,0.0
2015-03-23,0.001159504985126878,190186.70322723797,0.001159504985126878,1.0,1.0,1.0,1.0,0.0,0.0,0.0,0.0,0.0,0.0,0.0,0.0,0.0,0.0
2015-03-24,0.0014503660957177703,190462.54357345507,0.0014503660957177703,1.0,1.0,1.0,1.0,0.0,0.0,0.0,0.0,0.0,0.0,0.0,0.0,0.0,0.0
2015-03-25,-0.011096137702709513,188349.1449627557,-0.010885201063394977,0.7869098193370482,0.7869098193370482,1.0,0.7869098193370482,0.21309018066295182,0.210936639314535,0.0,0.0,0.210936639314535,40.175528856682796,0.0,0.0,40.175528856682796,0.0
2015-03-26,-0.0046497685782841145,187473.3650267612,-0.0046497685782841145,0.7859143707048896,0.7859143707048896,1.0,0.7859143707048896,0.21408562929511044,0.0,0.0,0.0,0.0,0.0,0.0,0.0,0.0,0.0
2015-03-27,0.0011879442335877683,187696.07292969603,0.0011879442335877683,0.7861683907320782,0.7861683907320782,1.0,0.7861683907320782,0.21383160926792177,0.0,0.0,0.0,0.0,0.0,0.0,0.0,0.0,0.0
2015-03-30,0.009565273899011744,189491.43727703745,0.009565273899011744,0.7881943696002052,0.7881943696002052,1.0,0.7881943696002052,0.21180563039979483,0.0,0.0,0.0,0.0,0.0,0.0,0.0,0.0,0.0
2015-03-31,-0.002264502890276926,189062.3333696409,-0.0020649158734516162,0.9879536945488288,0.9879536945488289,1.0,0.9879536945488289,0.012046305451171135,0.19958701682530963,0.0,0.0,0.19958701682530963,37.82003068006418,0.0,0.0,37.82003068006418,0.0
2015-04-01,0.012917748047390008,191504.59295736157,0.012917748047390008,0.9881073211774668,0.988107321177467,1.0,0.988107321177467,0.011892678822532976,0.0,0.0,0.0,0.0,0.0,0.0,0.0,0.0,0.0
2015-04-02,0.01194160761547615,193791.46566301986,0.01194160761547615,0.9882476629747868,0.9882476629747867,1.0,0.9882476629747867,0.011752337025213277,0.0,0.0,0.0,0.0,0.0,0.0,0.0,0.0,0.0
2015-04-06,0.010138996628429452,195756.31667999565,0.010138996628429452,0.988365623875091,0.9883656238750912,1.0,0.9883656238750912,0.011634376124908807,0.0,0.0,0.0,0.0,0.0,0.0,0.0,0.0,0.0
2015-04-07,-0.0029815229265706764,195172.6647337932,-0.0029815229265706764,0.9883308319831148,0.9883308319831143,1.0,0.9883308319831143,0.011669168016885667,0.0,0.0,0.0,0.0,0.0,0.0,0.0,0.0,0.0
2015-04-08,0.013529499048694176,197813.25311564017,0.013529499048694176,0.9884866024838566,0.9884866024838569,1.0,0.9884866024838569,0.011513397516143109,0.0,0.0,0.0,0.0,0.0,0.0,0.0,0.0,0.0
2015-04-09,0.0030206913155797857,198410.78589143316,0.0034363869759120665,0.5744919662342141,0.5744919662342141,1.0,0.5744919662342141,0.42550803376578594,0.41569566033228067,0.0,0.0,0.41569566033228067,82.23011087638261,0.0,0.0,82.23011087638261,0.0
2015-04-10,0.0019555483765645643,198798.78778167604,0.002164878318542638,0.3666099790253678,0.36660997902536785,1.0,0.36660997902536785,0.6333900209746322,0.20932994197807342,0.0,0.0,0.20932994197807342,41.53331829847765,0.0,0.0,41.53331829847765,0.0
2015-04-13,-0.0018581016611104566,198429.39942387218,-0.0018581016611104566,0.3654308850988807,0.3654308850988806,1.0,0.3654308850988806,0.6345691149011194,0.0,0.0,0.0,0.0,0.0,0.0,0.0,0.0,0.0
2015-04-14,0.0015955858932686303,198746.01057440264,0.0015955858932686303,0.366441781654637,0.366441781654637,1.0,0.366441781654637,0.633558218345363,0.0,0.0,0.0,0.0,0.0,0.0,0.0,0.0,0.0
2015-04-15,0.0023756716371440187,199218.16583471975,0.0029773376905016156,0.968783660837156,0.9687836608371561,1.0,0.9687836608371561,0.031216339162843942,0.6016660533575968,0.0,0.0,0.6016660533575968,119.57872780286804,0.0,0.0,119.57872780286804,0.0
2015-04-16,0.0018749006632231091,199591.68010596934,0.0020892789393311233,0.7550789656150555,0.7550789656150556,1.0,0.7550789656150556,0.2449210343849444,0.21437827610801416,0.0,0.0,0.21437827610801416,42.7080469610477,0.0,0.0,42.7080469610477,0.0
2015-04-17,-0.010078992020980131,197579.99715472726,-0.010078992020980131,0.7525852745715895,0.7525852745715895,1.0,0.7525852745715895,0.24741472542841048,0.0,0.0,0.0,0.0,0.0,0.0,0.0,0.0,0.0
2015-04-20,0.003697651944039108,198310.57921530967,0.003697651944039108,0.7534967577644538,0.7534967577644535,1.0,0.7534967577644535,0.24650324223554654,0.0,0.0,0.0,0.0,0.0,0.0,0.0,0.0,0.0
2015-04-21,-0.0005044609103073589,198210.53927999514,-0.0005044609103073589,0.7533723437524762,0.7533723437524762,1.0,0.7533723437524762,0.2466276562475238,0.0,0.0,0.0,0.0,0.0,0.0,0.0,0.0,0.0
2015-04-22,0.0067861216304394,199555.62010798417,0.006987519134266254,0.9552747560286966,0.9552747560286964,1.0,0.9552747560286964,0.04472524397130362,0.20139750382685326,0.0,0.0,0.20139750382685326,39.91910784316547,0.0,0.0,39.91910784316547,0.0
2015-04-23,0.006937463912765991,200940.03002107295,0.006937463912765991,0.9555828980704426,0.9555828980704425,1.0,0.9555828980704425,0.0444171019295575,0.0,0.0,0.0,0.0,0.0,0.0,0.0,0.0,0.0
2015-04-24,0.006658032233223895,202277.89521789824,0.006658032233223895,0.9558766726064658,0.9558766726064657,1.0,0.9558766726064657,0.044123327393534306,0.0,0.0,0.0,0.0,0.0,0.0,0.0,0.0,0.0
2015-04-27,-0.0006366538190551407,202149.11422339737,-0.0006366538190551407,0.955848563425754,0.9558485634257542,1.0,0.9558485634257542,0.044151436574245806,0.0,0.0,0.0,0.0,0.0,0.0,0.0,0.0,0.0
2015-04-28,0.002805886390587759,202716.32167186614,0.002805886390587759,0.9559721007091804,0.9559721007091803,1.0,0.9559721007091803,0.04402789929081974,0.0,0.0,0.0,0.0,0.0,0.0,0.0,0.0,0.0
2015-04-29,-0.0042233964643522285,201860.17027565071,-0.0042233964643522285,0.9557853647750988,0.9557853647750989,1.0,0.9557853647750989,0.0442146352249011,0.0,0.0,0.0,0.0,0.0,0.0,0.0,0.0,0.0
2015-04-30,-0.007491742679293929,200347.88582274708,-0.007491742679293929,0.9554516197736638,0.9554516197736637,1.0,0.9554516197736637,0.04454838022633634,0.0,0.0,0.0,0.0,0.0,0.0,0.0,0.0,0.0
2015-05-01,0.006851104295928602,201720.49008398748,0.006851104295928602,0.9557547486055666,0.9557547486055665,1.0,0.9557547486055665,0.04424525139443347,0.0,0.0,0.0,0.0,0.0,0.0,0.0,0.0,0.0
2015-05-04,0.001914006837080611,202106.58448118748,0.001914006837080611,0.9558392725398558,0.9558392725398558,1.0,0.9558392725398558,0.04416072746014421,0.0,0.0,0.0,0.0,0.0,0.0,0.0,0.0,0.0
2015-05-05,-0.0068655475979969545,200719.0121055633,-0.0068655475979969545,0.955533989025014,0.9555339890250143,1.0,0.9555339890250143,0.044466010974985704,0.0,0.0,0.0,0.0,0.0,0.0,0.0,0.0,0.0
2015-05-06,-0.0019016883500505752,200337.3070986085,-0.0019016883500505752,0.9554492674158724,0.9554492674158725,1.0,0.9554492674158725,0.04455073258412745,0.0,0.0,0.0,0.0,0.0,0.0,0.0,0.0,0.0
2015-05-07,0.003472001971162965,201032.87862375233,0.003472001971162965,0.9556034124553404,0.9556034124553405,1.0,0.9556034124553405,0.04439658754465947,0.0,0.0,0.0,0.0,0.0,0.0,0.0,0.0,0.0
2015-05-08,0.01873195700246986,204798.6178622152,0.01873195700246986,0.9564197557173992,0.9564197557173993,1.0,0.9564197557173993,0.043580244282600655,0.0,0.0,0.0,0.0,0.0,0.0,0.0,0.0,0.0
2015-05-11,-0.004915792356075812,203791.87038199324,-0.004915792356075812,0.9562044659659644,0.9562044659659644,1.0,0.9562044659659644,0.04379553403403558,0.0,0.0,0.0,0.0,0.0,0.0,0.0,0.0,0.0
2015-05-12,-0.0033920791059392805,203100.59223651022,-0.0033920791059392805,0.9560554024146763,0.9560554024146768,1.0,0.9560554024146768,0.04394459758532321,0.0,0.0,0.0,0.0,0.0,0.0,0.0,0.0,0.0
2015-05-13,-0.000989136299558947,202899.69806826714,-0.000989136299558947,0.9560118921804832,0.9560118921804831,1.0,0.9560118921804831,0.0439881078195169,0.0,0.0,0.0,0.0,0.0,0.0,0.0,0.0,0.0
2015-05-14,0.011306051466230978,205193.69249710965,0.011306051466230978,0.95650366399396,0.95650366399396,1.0,0.95650366399396,0.04349633600603997,0.0,0.0,0.0,0.0,0.0,0.0,0.0,0.0,0.0
2015-05-15,0.0008496260171705484,205368.03039681452,0.0008496260171705484,0.9565405882408816,0.9565405882408813,1.0,0.9565405882408813,0.043459411759118716,0.0,0.0,0.0,0.0,0.0,0.0,0.0,0.0,0.0
2015-05-18,-0.005830845080688441,204170.56122704459,-0.005830845080688441,0.9562856969117638,0.9562856969117638,1.0,0.9562856969117638,0.043714303088236206,0.0,0.0,0.0,0.0,0.0,0.0,0.0,0.0,0.0
2015-05-19,-0.004997141177484921,203150.2921083067,-0.004997141177484921,0.95606615327722,0.9560661532772202,1.0,0.9560661532772202,0.04393384672277978,0.0,0.0,0.0,0.0,0.0,0.0,0.0,0.0,0.0
2015-05-20,0.00019166565144041164,203189.22904138392,0.00019166565144041164,0.95607457227294,0.9560745722729401,1.0,0.9560745722729401,0.043925427727059874,0.0,0.0,0.0,0.0,0.0,0.0,0.0,0.0,0.0
2015-05-21,0.0011479992567753827,203422.4901253082,0.0011479992567753827,0.9561249408082833,0.956124940808283,1.0,0.956124940808283,0.04387505919171697,0.0,0.0,0.0,0.0,0.0,0.0,0.0,0.0,0.0
2015-05-22,-0.008798847707071596,201632.60661450232,-0.008798847707071596,0.9557354638962824,0.9557354638962824,1.0,0.9557354638962824,0.04426453610371761,0.0,0.0,0.0,0.0,0.0,0.0,0.0,0.0,0.0
2015-05-26,-0.01646883824278168,198311.95183169763,-0.01646883824278168,0.9549942718392036,0.9549942718392037,1.0,0.9549942718392037,0.04500572816079629,0.0,0.0,0.0,0.0,0.0,0.0,0.0,0.0,0.0
2015-05-27,0.00841960397794077,199981.65993021298,0.00841960397794077,0.9553700384410804,0.9553700384410805,1.0,0.9553700384410805,0.04462996155891952,0.0,0.0,0.0,0.0,0.0,0.0,0.0,0.0,0.0
2015-05-28,-0.0025896207138603696,199463.7832812655,-0.0025896207138603696,0.95525416369653,0.9552541636965302,1.0,0.9552541636965302,0.044745836303469844,0.0,0.0,0.0,0.0,0.0,0.0,0.0,0.0,0.0
2015-05-29,-0.011549496083696634,197160.07709741924,-0.011549496083696634,0.9547313334090234,0.9547313334090234,1.0,0.9547313334090234,0.045268666590976614,0.0,0.0,0.0,0.0,0.0,0.0,0.0,0.0,0.0
2015-06-01,0.0002498442961442768,197209.3364181094,0.0002498442961442768,0.9547426407021024,0.9547426407021025,1.0,0.9547426407021025,0.04525735929789754,0.0,0.0,0.0,0.0,0.0,0.0,0.0,0.0,0.0
2015-06-02,0.008392112031316618,198864.33926295178,0.008392112031316618,0.9551192846930044,0.9551192846930044,1.0,0.9551192846930044,0.044880715306995556,0.0,0.0,0.0,0.0,0.0,0.0,0.0,0.0,0.0
2015-06-03,0.0011683722699775813,199096.68684243402,0.0011683722699775813,0.95517166088134,0.9551716608813396,1.0,0.9551716608813396,0.044828339118660354,0.0,0.0,0.0,0.0,0.0,0.0,0.0,0.0,0.0
2015-06-04,-0.010644587667066824,196977.38470511718,-0.010644587667066824,0.9546893476703652,0.9546893476703653,1.0,0.9546893476703653,0.045310652329634715,0.0,0.0,0.0,0.0,0.0,0.0,0.0,0.0,0.0
2015-06-05,-0.001629124604011007,196656.48400126034,-0.001629124604011007,0.9546154105189986,0.9546154105189988,1.0,0.9546154105189988,0.045384589481001214,0.0,0.0,0.0,0.0,0.0,0.0,0.0,0.0,0.0
2015-06-08,-0.0017107415569779126,196320.0555816302,-0.0017107415569779126,0.9545376361639056,0.9545376361639057,1.0,0.9545376361639057,0.045462363836094255,0.0,0.0,0.0,0.0,0.0,0.0,0.0,0.0,0.0
2015-06-09,0.00018065109101680167,196355.52101385948,0.00018065109101680167,0.954545847506145,0.954545847506145,1.0,0.954545847506145,0.04545415249385498,0.0,0.0,0.0,0.0,0.0,0.0,0.0,0.0,0.0
2015-06-10,0.014228607486985857,199149.3866502683,0.014228607486985857,0.9551835235583824,0.9551835235583824,1.0,0.9551835235583824,0.04481647644161757,0.0,0.0,0.0,0.0,0.0,0.0,0.0,0.0,0.0
2015-06-11,0.0028660276788771083,199720.15430463935,0.0028660276788771083,0.9553116017447068,0.9553116017447068,1.0,0.9553116017447068,0.04468839825529325,0.0,0.0,0.0,0.0,0.0,0.0,0.0,0.0,0.0
2015-06-12,-0.005955400337337092,198530.7408303205,-0.005799918692182497,0.7987871350715958,0.7987871350715958,1.0,0.7987871350715958,0.20121286492840418,0.15548164515459448,0.0,0.0,0.15548164515459448,31.052818161814788,0.0,0.0,31.052818161814788,0.0
2015-06-15,-0.005282482932311068,197482.00558034526,-0.005282482932311068,0.7977185869596866,0.7977185869596867,1.0,0.7977185869596867,0.20228141304031333,0.0,0.0,0.0,0.0,0.0,0.0,0.0,0.0,0.0
2015-06-16,0.005632371822486176,198594.29766402405,0.005632371822486176,0.798851529934619,0.798851529934619,1.0,0.798851529934619,0.20114847006538095,0.0,0.0,0.0,0.0,0.0,0.0,0.0,0.0,0.0
2015-06-17,0.002124769736235297,199016.26481748946,0.002124769736235297,0.7992780179275238,0.7992780179275238,1.0,0.7992780179275238,0.20072198207247616,0.0,0.0,0.0,0.0,0.0,0.0,0.0,0.0,0.0
2015-06-18,0.009157595321907498,200838.7752331656,0.009358116782519363,1.0,1.0,1.0,1.0,0.0,0.20052146061186438,0.0,0.0,0.20052146061186438,39.907032106720585,0.0,0.0,39.907032106720585,0.0
2015-06-19,-0.010536860446584473,198722.56508627077,-0.010536860446584473,1.0,0.9999999999999999,1.0,0.9999999999999999,1.1102230246251565e-16,0.0,0.0,0.0,0.0,0.0,0.0,0.0,0.0,0.0
2015-06-22,0.009368940215014207,200584.3849179383,0.0095685520707235,0.802438696190608,0.8024386961906081,1.0,0.8024386961906081,0.19756130380939185,0.19961185570929174,0.0,0.0,0.19961185570929174,39.66737998818102,0.0,0.0,39.66737998818102,0.0
2015-06-23,0.00018815983428518545,200622.12684256467,0.00018815983428518545,0.8024758622996251,0.802475862299625,1.0,0.802475862299625,0.19752413770037502,0.0,0.0,0.0,0.0,0.0,0.0,0.0,0.0,0.0
2015-06-24,-0.006098745203824209,199398.58360870255,-0.006098745203824209,0.8012638209810066,0.8012638209810066,1.0,0.8012638209810066,0.19873617901899343,0.0,0.0,0.0,0.0,0.0,0.0,0.0,0.0,0.0
2015-06-25,-0.006751715251126867,198052.3011506986,-0.006553177609749251,1.0,0.9999999999999999,1.0,0.9999999999999999,1.1102230246251565e-16,0.19853764137761581,0.0,0.0,0.19853764137761581,39.58812448370913,0.0,0.0,39.58812448370913,0.0
2015-06-26,0.0028842361966567713,198623.5307665086,0.0028842361966567713,1.0,1.0,1.0,1.0,0.0,0.0,0.0,0.0,0.0,0.0,0.0,0.0,0.0,0.0
2015-06-29,-0.02167312443026111,194318.73826942826,-0.02167312443026111,1.0,1.0,1.0,1.0,0.0,0.0,0.0,0.0,0.0,0.0,0.0,0.0,0.0,0.0
2015-06-30,0.0013657382711217512,194584.12680707895,0.0013657382711217512,1.0,1.0,1.0,1.0,0.0,0.0,0.0,0.0,0.0,0.0,0.0,0.0,0.0,0.0
2015-07-01,0.002549039904572472,195080.12951110658,0.002549039904572472,1.0,1.0,1.0,1.0,0.0,0.0,0.0,0.0,0.0,0.0,0.0,0.0,0.0,0.0
2015-07-02,0.00357518294105656,195777.5766622738,0.00357518294105656,1.0,0.9999999999999999,1.0,0.9999999999999999,1.1102230246251565e-16,0.0,0.0,0.0,0.0,0.0,0.0,0.0,0.0,0.0
2015-07-06,-0.011800837493818472,193467.23729514872,-0.011800837493818472,1.0,1.0,1.0,1.0,0.0,0.0,0.0,0.0,0.0,0.0,0.0,0.0,0.0,0.0
2015-07-07,0.0012499550156760833,193709.0626387748,0.0012499550156760833,1.0,1.0,1.0,1.0,0.0,0.0,0.0,0.0,0.0,0.0,0.0,0.0,0.0,0.0
2015-07-08,-0.02046183230146855,189745.42028378553,-0.02046183230146855,1.0,0.9999999999999999,1.0,0.9999999999999999,1.1102230246251565e-16,0.0,0.0,0.0,0.0,0.0,0.0,0.0,0.0,0.0
2015-07-09,0.00744711781136177,191158.47678280523,0.007635954213214487,0.8127469302203237,0.8127469302203237,1.0,0.8127469302203237,0.18725306977967626,0.1888364018527173,0.0,0.0,0.1888364018527173,35.83084243442166,0.0,0.0,35.83084243442166,0.0
2015-07-10,0.01245715363638883,193539.76729698668,0.012644219640164732,1.0,0.9999999999999999,1.0,0.9999999999999999,1.1102230246251565e-16,0.1870660037759003,0.0,0.0,0.1870660037759003,35.759252339647595,0.0,0.0,35.759252339647595,0.0
2015-07-13,0.010028709463616173,195480.72139286407,0.010233874997275698,0.7970747106439067,0.7970747106439066,1.0,0.7970747106439066,0.20292528935609344,0.20516553365952542,0.0,0.0,0.20516553365952542,39.70768964182664,0.0,0.0,39.70768964182664,0.0
2015-07-14,0.0026416930056441944,195997.12144730586,0.0026416930056441944,0.7976093645699301,0.7976093645699301,1.0,0.7976093645699301,0.20239063543006985,0.0,0.0,0.0,0.0,0.0,0.0,0.0,0.0,0.0
2015-07-15,-0.001365686014368279,195729.45091968885,-0.001365686014368279,0.7973325845150342,0.7973325845150343,1.0,0.7973325845150343,0.2026674154849657,0.0,0.0,0.0,0.0,0.0,0.0,0.0,0.0,0.0
2015-07-16,0.0034799468703076,196410.57900984382,0.0034799468703076,0.7980354105559828,0.7980354105559827,1.0,0.7980354105559827,0.2019645894440173,0.0,0.0,0.0,0.0,0.0,0.0,0.0,0.0,0.0
2015-07-17,-0.0021937511913654425,195979.7030681442,-0.0019941500213697164,0.9978314244064126,0.9978314244064126,1.0,0.9978314244064126,0.0021685755935874074,0.19960116999572608,0.0,0.0,0.19960116999572608,39.20378136990283,0.0,0.0,39.20378136990283,0.0
2015-07-20,-0.0030971910568634983,195372.71648447477,-0.0028830050488576307,0.7831880945138576,0.7831880945138576,1.0,0.7831880945138576,0.21681190548614238,0.21418600800586762,0.0,0.0,0.21418600800586762,41.976110250341094,0.0,0.0,41.976110250341094,0.0
2015-07-21,-0.006660876750283241,194071.36289960367,-0.006660876750283241,0.7817342532761213,0.7817342532761214,1.0,0.7817342532761214,0.21826574672387855,0.0,0.0,0.0,0.0,0.0,0.0,0.0,0.0,0.0
2015-07-22,-0.0035910608304605225,193374.4408299808,-0.0033923785309558823,0.5817486701029043,0.5817486701029042,1.0,0.5817486701029042,0.4182513298970958,0.1986822995046402,0.0,0.0,0.1986822995046402,38.55854464889278,0.0,0.0,38.55854464889278,0.0
2015-07-23,-0.00739093763826455,191945.22239697212,-0.00739093763826455,0.5786343831055285,0.5786343831055284,1.0,0.5786343831055284,0.4213656168944716,0.0,0.0,0.0,0.0,0.0,0.0,0.0,0.0,0.0
2015-07-24,-0.011668629770802432,189705.48466054752,-0.010899327096715048,0.996532755209668,0.9965327552096679,1.0,0.9965327552096679,0.0034672447903321135,0.7693026740873843,0.0,0.0,0.7693026740873843,147.66397286828834,0.0,0.0,147.66397286828834,0.0
2015-07-27,-0.0061050085194669385,188547.33106050527,-0.0061050085194669385,0.996511457628771,0.996511457628771,1.0,0.996511457628771,0.0034885423712289754,0.0,0.0,0.0,0.0,0.0,0.0,0.0,0.0,0.0
2015-07-28,0.0195980943396962,192242.499442127,0.0195980943396962,0.9965785122681224,0.9965785122681224,1.0,0.9965785122681224,0.0034214877318775594,0.0,0.0,0.0,0.0,0.0,0.0,0.0,0.0,0.0
2015-07-29,0.011274202443646873,194409.88029911023,0.011274202443646873,0.9966166567646936,0.9966166567646937,1.0,0.9966166567646937,0.003383343235306313,0.0,0.0,0.0,0.0,0.0,0.0,0.0,0.0,0.0
2015-07-30,0.00023432240256113655,194455.43488934357,0.00023432240256113655,0.9966174493720836,0.9966174493720837,1.0,0.9966174493720837,0.0033825506279162587,0.0,0.0,0.0,0.0,0.0,0.0,0.0,0.0,0.0
2015-07-31,-0.0012460623107609342,194213.1313008053,-0.0012460623107609342,0.9966132292446902,0.9966132292446901,1.0,0.9966132292446901,0.003386770755309909,0.0,0.0,0.0,0.0,0.0,0.0,0.0,0.0,0.0
2015-08-03,-0.005370646204806885,193170.081284261,-0.005370646204806885,0.9965949418822329,0.9965949418822329,1.0,0.9965949418822329,0.0034050581177671457,0.0,0.0,0.0,0.0,0.0,0.0,0.0,0.0,0.0
2015-08-04,0.00040559601884944906,193248.4303001907,0.00040559601884944906,0.9965963224003168,0.9965963224003167,1.0,0.9965963224003167,0.003403677599683297,0.0,0.0,0.0,0.0,0.0,0.0,0.0,0.0,0.0
2015-08-05,0.005438564395844425,194299.42433277413,0.005438564395844425,0.996614733390768,0.9966147333907681,1.0,0.9966147333907681,0.003385266609231885,0.0,0.0,0.0,0.0,0.0,0.0,0.0,0.0,0.0
2015-08-06,-0.004817409018384685,193363.40453372645,-0.004817409018384685,0.9965983462332348,0.9965983462332348,1.0,0.9965983462332348,0.003401653766765156,0.0,0.0,0.0,0.0,0.0,0.0,0.0,0.0,0.0
2015-08-07,-0.006584942785152706,192090.11757812952,-0.006584942785152706,0.9965757980593708,0.996575798059371,1.0,0.996575798059371,0.003424201940628979,0.0,0.0,0.0,0.0,0.0,0.0,0.0,0.0,0.0
2015-08-10,0.02045590604329785,196019.4949751538,0.02045590604329785,0.9966444390979068,0.9966444390979067,1.0,0.9966444390979067,0.003355560902093324,0.0,0.0,0.0,0.0,0.0,0.0,0.0,0.0,0.0
2015-08-11,-0.01342773302305661,193387.39752931305,-0.01342773302305661,0.9965987682662362,0.9965987682662363,1.0,0.9965987682662363,0.003401231733763721,0.0,0.0,0.0,0.0,0.0,0.0,0.0,0.0,0.0
2015-08-12,0.0008715329136315453,193555.94101134138,0.0008715329136315453,0.9966017299704164,0.9966017299704163,1.0,0.9966017299704163,0.0033982700295837054,0.0,0.0,0.0,0.0,0.0,0.0,0.0,0.0,0.0
2015-08-13,-0.0011462947009572054,193334.0688618213,-0.0011462947009572054,0.9965978300810664,0.9965978300810665,1.0,0.9965978300810665,0.0034021699189334953,0.0,0.0,0.0,0.0,0.0,0.0,0.0,0.0,0.0
2015-08-14,0.0059454494028228465,194483.5267860811,0.0059454494028228465,0.9966179379598036,0.9966179379598038,1.0,0.9966179379598038,0.0033820620401961987,0.0,0.0,0.0,0.0,0.0,0.0,0.0,0.0,0.0
2015-08-17,0.0050880179735592725,195473.0624659299,0.0050880179735592725,0.9966350588409012,0.996635058840901,1.0,0.996635058840901,0.003364941159099022,0.0,0.0,0.0,0.0,0.0,0.0,0.0,0.0,0.0
2015-08-18,-0.0027322027954610733,194938.99041822317,-0.0027322027954610733,0.996625839951384,0.996625839951384,1.0,0.996625839951384,0.003374160048616015,0.0,0.0,0.0,0.0,0.0,0.0,0.0,0.0,0.0
2015-08-19,-0.00987857758386033,193013.27047725735,-0.00987857758386033,0.9965921754925954,0.9965921754925956,1.0,0.9965921754925956,0.0034078245074044,0.0,0.0,0.0,0.0,0.0,0.0,0.0,0.0,0.0
2015-08-20,-0.020291929907677225,189096.65872148128,-0.020291929907677225,0.99652159187881,0.9965215918788097,1.0,0.9965215918788097,0.0034784081211902684,0.0,0.0,0.0,0.0,0.0,0.0,0.0,0.0,0.0
2015-08-21,-0.026877984407236214,184014.12167690482,-0.026877984407236214,0.9964255169799326,0.9964255169799328,1.0,0.9964255169799328,0.003574483020067243,0.0,0.0,0.0,0.0,0.0,0.0,0.0,0.0,0.0
2015-08-24,-0.03665965839482484,177268.22683640575,-0.03665965839482484,0.9962894909870468,0.9962894909870469,1.0,0.9962894909870469,0.0037105090129531115,0.0,0.0,0.0,0.0,0.0,0.0,0.0,0.0,0.0
2015-08-25,-0.013738541208453237,174832.81999706436,-0.01354954312440682,0.9962385247154676,0.8046444281958772,1.0,0.8046444281958772,0.19535557180412277,0.0,0.0,0.18899808404641666,0.18899808404641666,0.0,0.0,33.50335523438627,33.50335523438627,1.0
2015-08-26,0.02513487393724863,179227.22088778423,0.02513487393724863,0.9963491785728354,0.8053691243173724,1.0,0.8053691243173724,0.1946308756826276,0.0,0.0,0.0,0.0,0.0,0.0,0.0,0.0,1.0
2015-08-27,0.019452478290151617,182713.63451110804,0.019452478290151617,0.9964430540557612,0.8036125328633352,1.0,0.8036125328633352,0.19638746713666477,0.0,0.0,0.0,0.0,0.0,0.0,0.0,0.0,1.0
2015-08-28,0.0003107464466051892,182770.4121237787,0.0003107464466051892,0.9964481075630618,0.8027811106560339,1.0,0.8027811106560339,0.19721888934396614,0.0,0.0,0.0,0.0,0.0,0.0,0.0,0.0,1.0
2015-08-31,-0.007135789186932784,181466.20099325458,-0.007135789186932784,0.996418734966105,0.8022249602850146,1.0,0.8022249602850146,0.19777503971498545,0.0,0.0,0.0,0.0,0.0,0.0,0.0,0.0,1.0
2015-09-01,-0.021271744012987738,177606.09841871672,-0.021271744012987738,0.9963186629850256,0.8027755429479413,1.0,0.8027755429479413,0.1972244570520587,0.0,0.0,0.0,0.0,0.0,0.0,0.0,0.0,1.0
2015-09-02,0.01784653378597024,180775.7516547407,0.01784653378597024,0.9963929988658946,0.8040515577386567,1.0,0.8040515577386567,0.19594844226134334,0.0,0.0,0.0,0.0,0.0,0.0,0.0,0.0,1.0
2015-09-03,0.0004724230721888332,180861.1542907147,0.0004724230721888332,0.9963989236873496,0.8032024783312568,1.0,0.8032024783312568,0.1967975216687432,0.0,0.0,0.0,0.0,0.0,0.0,0.0,0.0,1.0
2015-09-04,-0.01116620980711533,178841.62069594752,-0.01116620980711533,0.9963441066644808,0.8040929611557357,1.0,0.8040929611557357,0.1959070388442643,0.0,0.0,0.0,0.0,0.0,0.0,0.0,0.0,1.0
2015-09-08,0.02219391673685228,182810.8167347571,0.02219391673685228,0.9964402015380844,0.8045679912063143,1.0,0.8045679912063143,0.19543200879368572,0.0,0.0,0.0,0.0,0.0,0.0,0.0,0.0,1.0
2015-09-09,-0.008550972390046643,181247.6064882563,-0.008550972390046643,0.9964041709604332,0.8040739224064043,1.0,0.8040739224064043,0.1959260775935957,0.0,0.0,0.0,0.0,0.0,0.0,0.0,0.0,1.0
2015-09-10,0.0004708868813214264,181332.95360842254,0.0004708868813214264,0.996407478234706,0.8038048268470617,1.0,0.8038048268470617,0.19619517315293833,0.0,0.0,0.0,0.0,0.0,0.0,0.0,0.0,1.0
2015-09-11,0.00439352531109188,182129.64452983617,0.00439352531109188,0.9964222328907668,0.8048790434680301,1.0,0.8048790434680301,0.19512095653196992,0.0,0.0,0.0,0.0,0.0,0.0,0.0,0.0,1.0
2015-09-14,-0.004062770300980821,181389.69361911216,-0.004062770300980821,0.9963993882301786,0.8059296233084686,1.0,0.8059296233084686,0.19407037669153138,0.0,0.0,0.0,0.0,0.0,0.0,0.0,0.0,1.0
2015-09-15,0.013995601374243074,183928.35146440135,0.013995601374243074,0.9964539670896,0.8074966190915182,1.0,0.8074966190915182,0.19250338090848185,0.0,0.0,0.0,0.0,0.0,0.0,0.0,0.0,1.0
2015-09-16,0.0058848451436986915,185010.7413303051,0.0058848451436986915,0.9964841677229408,0.806454107386555,1.0,0.806454107386555,0.19354589261344501,0.0,0.0,0.0,0.0,0.0,0.0,0.0,0.0,1.0
2015-09-17,-0.003531458027983225,184357.38366257105,-0.003531458027983225,0.9964685912726322,0.8064798966229003,1.0,0.8064798966229003,0.19352010337709968,0.0,0.0,0.0,0.0,0.0,0.0,0.0,0.0,1.0
2015-09-18,-0.017816963166701137,181072.69494834563,-0.017816963166701137,0.9963898074522948,0.8062575773088717,1.0,0.8062575773088717,0.1937424226911283,0.0,0.0,0.0,0.0,0.0,0.0,0.0,0.0,1.0
2015-09-21,0.0039631653075562975,181790.31597111063,0.0039631653075562975,0.9964063337435668,0.8065118146824305,1.0,0.8065118146824305,0.1934881853175695,0.0,0.0,0.0,0.0,0.0,0.0,0.0,0.0,1.0
2015-09-22,-0.011876589050808666,179631.26709490508,-0.011677327050550152,0.7941735723923481,0.6048886426808076,1.0,0.6048886426808076,0.39511135731919245,0.19926200025851484,0.0,0.0,0.19926200025851484,36.223901988030946,0.0,0.0,36.223901988030946,1.0
2015-09-23,-0.004203108442910027,178876.25739956787,-0.004203108442910027,0.792463018472665,0.6056776288247316,1.0,0.6056776288247316,0.39432237117526836,0.0,0.0,0.0,0.0,0.0,0.0,0.0,0.0,1.0
2015-09-24,-0.003954226006178086,178168.94025067068,-0.003753584660799195,0.4031572517530474,0.40315725175304756,1.0,0.40315725175304756,0.5968427482469525,0.2006413453788911,0.0,0.0,0.2006413453788911,35.88997294099013,0.0,0.0,35.88997294099013,0.0
2015-09-25,0.0008110646773046452,178313.44678470082,0.0008110646773046452,0.4036409375236127,0.40364093752361263,1.0,0.40364093752361263,0.5963590624763874,0.0,0.0,0.0,0.0,0.0,0.0,0.0,0.0,0.0
2015-09-28,-0.008536614302061894,176791.2536646286,-0.007941498240089691,0.9993465371978856,0.9993465371978854,1.0,0.9993465371978854,0.000653462802114646,0.595116061972203,0.0,0.0,0.595116061972203,106.11719624720114,0.0,0.0,106.11719624720114,0.0
2015-09-29,0.004927277298658336,177662.35319541168,0.004927277298658336,0.9993497412032928,0.9993497412032929,1.0,0.9993497412032929,0.0006502587967071038,0.0,0.0,0.0,0.0,0.0,0.0,0.0,0.0,0.0
2015-09-30,0.018593258514930978,180965.67525674493,0.018593258514930978,0.9993616109361892,0.9993616109361892,1.0,0.9993616109361892,0.0006383890638107514,0.0,0.0,0.0,0.0,0.0,0.0,0.0,0.0,0.0
2015-10-01,0.005896440063455838,182032.72851443914,0.005896440063455838,0.9993653530936342,0.9993653530936342,1.0,0.9993653530936342,0.0006346469063658322,0.0,0.0,0.0,0.0,0.0,0.0,0.0,0.0,0.0
2015-10-02,0.019818033690829684,185640.2592609719,0.019818033690829684,0.999377686130859,0.999377686130859,1.0,0.999377686130859,0.0006223138691410224,0.0,0.0,0.0,0.0,0.0,0.0,0.0,0.0,0.0
2015-10-05,0.026981030621560632,190649.02478068662,0.026981030621560632,0.9993940356729234,0.9993940356729233,1.0,0.9993940356729233,0.0006059643270767134,0.0,0.0,0.0,0.0,0.0,0.0,0.0,0.0,0.0
2015-10-06,0.007480543238605762,192075.1830539566,0.007480543238605762,0.9993985349581752,0.9993985349581757,1.0,0.9993985349581757,0.000601465041824345,0.0,0.0,0.0,0.0,0.0,0.0,0.0,0.0,0.0
2015-10-07,0.013200654589867473,194610.70120073744,0.013200654589867473,0.9994063712463074,0.9994063712463074,1.0,0.9994063712463074,0.000593628753692621,0.0,0.0,0.0,0.0,0.0,0.0,0.0,0.0,0.0
2015-10-08,0.013960084694177645,197327.48307189305,0.013960084694177645,0.9994145442580498,0.9994145442580498,1.0,0.9994145442580498,0.000585455741950236,0.0,0.0,0.0,0.0,0.0,0.0,0.0,0.0,0.0
2015-10-09,0.0008463873094754487,197494.49854937583,0.0010418709998986952,0.8042919823077639,0.8042919823077639,1.0,0.8042919823077639,0.1957080176922361,0.19548369042324643,0.0,0.0,0.19548369042324643,38.574304612824335,0.0,0.0,38.574304612824335,0.0
2015-10-12,-0.005205579892528987,196466.42515884212,-0.005205579892528987,0.8032678775268028,0.803267877526803,1.0,0.803267877526803,0.19673212247319705,0.0,0.0,0.0,0.0,0.0,0.0,0.0,0.0,0.0
2015-10-13,-0.004453325473764205,195591.49622294286,-0.004453325473764205,0.8023878462887553,0.8023878462887554,1.0,0.8023878462887554,0.19761215371124463,0.0,0.0,0.0,0.0,0.0,0.0,0.0,0.0,0.0
2015-10-14,0.002770291770331471,196133.34173527607,0.002770291770331471,0.8029337772239221,0.802933777223922,1.0,0.802933777223922,0.197066222776078,0.0,0.0,0.0,0.0,0.0,0.0,0.0,0.0,0.0
2015-10-15,0.00376607092636573,196871.99381127628,0.00376607092636573,0.8036731580355098,0.8036731580355096,1.0,0.8036731580355096,0.19632684196449035,0.0,0.0,0.0,0.0,0.0,0.0,0.0,0.0,0.0
2015-10-16,-0.0007136178486611512,196731.50244259104,-0.0007136178486611512,0.803532955645985,0.803532955645985,1.0,0.803532955645985,0.19646704435401496,0.0,0.0,0.0,0.0,0.0,0.0,0.0,0.0,0.0
2015-10-19,-0.004232404337910548,195898.85517824936,-0.004036133564330114,1.0,1.0000000000000002,1.0,1.0000000000000002,-2.220446049250313e-16,0.19627077358043463,0.0,0.0,0.19627077358043463,38.612644172048505,0.0,0.0,38.612644172048505,0.0
2015-10-20,0.0017959719173966295,196250.68402079964,0.001991290603331551,0.8052264405939579,0.8052264405939579,1.0,0.8052264405939579,0.19477355940604213,0.19531868593492166,0.0,0.0,0.19531868593492166,38.26270696957119,0.0,0.0,38.26270696957119,0.0
2015-10-21,-0.00840867686842466,194600.47543366143,-0.00840867686842466,0.8035747642577976,0.8035747642577977,1.0,0.8035747642577977,0.19642523574220228,0.0,0.0,0.0,0.0,0.0,0.0,0.0,0.0,0.0
2015-10-22,0.018376087988792575,198176.4708928913,0.018376087988792575,0.8071191595532002,0.8071191595532002,1.0,0.8071191595532002,0.19288084044679976,0.0,0.0,0.0,0.0,0.0,0.0,0.0,0.0,0.0
2015-10-23,0.006990497671118917,199561.82305113858,0.006990497671118917,0.8084581325316594,0.8084581325316594,1.0,0.8084581325316594,0.19154186746834057,0.0,0.0,0.0,0.0,0.0,0.0,0.0,0.0,0.0
2015-10-26,-0.006564464918677387,198251.80646461208,-0.006373114401725997,1.0,1.0,1.0,1.0,0.0,0.1913505169513892,0.0,0.0,0.1913505169513892,38.18625800459702,0.0,0.0,38.18625800459702,0.0
2015-10-27,-0.0011907262051442506,198015.74284343747,-0.0011907262051442506,1.0,1.0,1.0,1.0,0.0,0.0,0.0,0.0,0.0,0.0,0.0,0.0,0.0,0.0
2015-10-28,0.016451407825216386,201273.38058476805,0.016451407825216386,1.0,1.0,1.0,1.0,0.0,0.0,0.0,0.0,0.0,0.0,0.0,0.0,0.0,0.0
2015-10-29,1.6912041947729046e-05,201276.78452862345,1.6912041947729046e-05,1.0,1.0,1.0,1.0,0.0,0.0,0.0,0.0,0.0,0.0,0.0,0.0,0.0,0.0
2015-10-30,-0.0012937262544333473,201016.38746807087,-0.0012937262544333473,1.0,0.9999999999999999,1.0,0.9999999999999999,1.1102230246251565e-16,0.0,0.0,0.0,0.0,0.0,0.0,0.0,0.0,0.0
2015-11-02,0.011930030468409925,203414.51909521467,0.011930030468409925,1.0,1.0,1.0,1.0,0.0,0.0,0.0,0.0,0.0,0.0,0.0,0.0,0.0,0.0
2015-11-03,0.002711056545539397,203965.98735866553,0.002711056545539397,1.0,1.0,1.0,1.0,0.0,0.0,0.0,0.0,0.0,0.0,0.0,0.0,0.0,0.0
2015-11-04,-0.004966281079332802,202953.03493481874,-0.004966281079332802,1.0,1.0000000000000002,1.0,1.0000000000000002,-2.220446049250313e-16,0.0,0.0,0.0,0.0,0.0,0.0,0.0,0.0,0.0
2015-11-05,-0.0035610944723433436,202230.3000039671,-0.0035610944723433436,1.0,1.0,1.0,1.0,0.0,0.0,0.0,0.0,0.0,0.0,0.0,0.0,0.0,0.0
2015-11-06,0.0021896770128093422,202673.11904317932,0.0021896770128093422,1.0,1.0,1.0,1.0,0.0,0.0,0.0,0.0,0.0,0.0,0.0,0.0,0.0,0.0
2015-11-09,-0.007962743780428324,201059.28492505828,-0.007962743780428324,1.0,0.9999999999999999,1.0,0.9999999999999999,1.1102230246251565e-16,0.0,0.0,0.0,0.0,0.0,0.0,0.0,0.0,0.0
2015-11-10,-0.0025804518031618015,200540.46113073095,-0.0025804518031618015,1.0,0.9999999999999999,1.0,0.9999999999999999,1.1102230246251565e-16,0.0,0.0,0.0,0.0,0.0,0.0,0.0,0.0,0.0
2015-11-11,-0.002978032625927619,199943.24509466506,-0.002978032625927619,1.0,1.0,1.0,1.0,0.0,0.0,0.0,0.0,0.0,0.0,0.0,0.0,0.0,0.0
2015-11-12,-0.019379386601852015,196068.4676495467,-0.019379386601852015,1.0,0.9999999999999999,1.0,0.9999999999999999,1.1102230246251565e-16,0.0,0.0,0.0,0.0,0.0,0.0,0.0,0.0,0.0
2015-11-13,0.005892070666324232,197223.71691637574,0.005892070666324232,1.0,0.9999999999999999,1.0,0.9999999999999999,1.1102230246251565e-16,0.0,0.0,0.0,0.0,0.0,0.0,0.0,0.0,0.0
2015-11-16,0.011953274467604958,199581.1861361984,0.011953274467604958,1.0,1.0,1.0,1.0,0.0,0.0,0.0,0.0,0.0,0.0,0.0,0.0,0.0,0.0
2015-11-17,-0.0005939494715972302,199462.64499615208,-0.0005939494715972302,1.0,1.0,1.0,1.0,0.0,0.0,0.0,0.0,0.0,0.0,0.0,0.0,0.0,0.0
2015-11-18,0.017970703688024094,203047.12908620748,0.017970703688024094,1.0,1.0000000000000002,1.0,1.0000000000000002,-2.220446049250313e-16,0.0,0.0,0.0,0.0,0.0,0.0,0.0,0.0,0.0
2015-11-19,-0.004746175927821038,202083.43168992538,-0.004746175927821038,1.0,1.0,1.0,1.0,0.0,0.0,0.0,0.0,0.0,0.0,0.0,0.0,0.0,0.0
2015-11-20,0.0010079789809536751,202287.1275414678,0.0010079789809536751,1.0,1.0,1.0,1.0,0.0,0.0,0.0,0.0,0.0,0.0,0.0,0.0,0.0,0.0
2015-11-23,0.0012770653277292105,202545.46141829697,0.0012770653277292105,1.0,1.0,1.0,1.0,0.0,0.0,0.0,0.0,0.0,0.0,0.0,0.0,0.0,0.0
2015-11-24,0.007125106162413331,203988.61933361733,0.007125106162413331,1.0,1.0,1.0,1.0,0.0,0.0,0.0,0.0,0.0,0.0,0.0,0.0,0.0,0.0
2015-11-25,-0.0013182447360044567,203719.71240997597,-0.0013182447360044567,1.0,1.0,1.0,1.0,0.0,0.0,0.0,0.0,0.0,0.0,0.0,0.0,0.0,0.0
2015-11-27,0.00031215353012280787,203783.30423736034,0.00031215353012280787,1.0,1.0,1.0,1.0,0.0,0.0,0.0,0.0,0.0,0.0,0.0,0.0,0.0,0.0
2015-11-30,-0.0020198952407814745,203371.68331098056,-0.0020198952407814745,1.0,0.9999999999999999,1.0,0.9999999999999999,1.1102230246251565e-16,0.0,0.0,0.0,0.0,0.0,0.0,0.0,0.0,0.0
2015-12-01,0.008821168384019513,205165.6591740082,0.008821168384019513,1.0,1.0,1.0,1.0,0.0,0.0,0.0,0.0,0.0,0.0,0.0,0.0,0.0,0.0
2015-12-02,-0.011963700765238424,202711.1186203475,-0.011963700765238424,1.0,1.0,1.0,1.0,0.0,0.0,0.0,0.0,0.0,0.0,0.0,0.0,0.0,0.0
2015-12-03,-0.01291973090746725,200092.14551582094,-0.01291973090746725,1.0,1.0,1.0,1.0,0.0,0.0,0.0,0.0,0.0,0.0,0.0,0.0,0.0,0.0
2015-12-04,0.017249926823933552,203543.7203840127,0.017249926823933552,1.0,1.0,1.0,1.0,0.0,0.0,0.0,0.0,0.0,0.0,0.0,0.0,0.0,0.0
2015-12-07,-0.014957525217648903,200499.21005347473,-0.014957525217648903,1.0,1.0000000000000002,1.0,1.0000000000000002,-2.220446049250313e-16,0.0,0.0,0.0,0.0,0.0,0.0,0.0,0.0,0.0
2015-12-08,-0.01217812837999442,198057.50493335605,-0.01217812837999442,1.0,1.0,1.0,1.0,0.0,0.0,0.0,0.0,0.0,0.0,0.0,0.0,0.0,0.0
2015-12-09,0.014126215106408123,200855.3078514831,0.014126215106408123,1.0,1.0,1.0,1.0,0.0,0.0,0.0,0.0,0.0,0.0,0.0,0.0,0.0,0.0
2015-12-10,-0.0025324811082102286,200346.6455788655,-0.0025324811082102286,1.0,1.0,1.0,1.0,0.0,0.0,0.0,0.0,0.0,0.0,0.0,0.0,0.0,0.0
2015-12-11,-0.023443908909244138,195649.73706964194,-0.023443908909244138,1.0,0.9999999999999999,1.0,0.9999999999999999,1.1102230246251565e-16,0.0,0.0,0.0,0.0,0.0,0.0,0.0,0.0,0.0
2015-12-14,-0.008151956475667124,194054.8089285745,-0.008151956475667124,1.0,1.0,1.0,1.0,0.0,0.0,0.0,0.0,0.0,0.0,0.0,0.0,0.0,0.0
2015-12-15,0.008336083309841397,195672.46598247846,0.00872356877957659,1.0,1.0000000000000002,1.0,1.0000000000000002,-2.220446049250313e-16,0.38748546973519343,0.0,0.0,0.38748546973519343,75.19341879206189,0.0,0.0,75.19341879206189,0.0
2015-12-16,0.01180275879579078,197981.9409014472,0.01180275879579078,1.0,1.0,1.0,1.0,0.0,0.0,0.0,0.0,0.0,0.0,0.0,0.0,0.0,0.0
2015-12-17,-0.016324940025518413,194749.89759009535,-0.016324940025518413,1.0,1.0000000000000002,1.0,1.0000000000000002,-2.220446049250313e-16,0.0,0.0,0.0,0.0,0.0,0.0,0.0,0.0,0.0
2015-12-18,-0.01405458914477515,192012.76779347952,-0.01405458914477515,1.0,1.0000000000000002,1.0,1.0000000000000002,-2.220446049250313e-16,0.0,0.0,0.0,0.0,0.0,0.0,0.0,0.0,0.0
2015-12-21,0.00872643555994544,193688.35483831607,0.00872643555994544,1.0,1.0,1.0,1.0,0.0,0.0,0.0,0.0,0.0,0.0,0.0,0.0,0.0,0.0
2015-12-22,0.010790382319352603,195778.32623782795,0.010790382319352603,1.0,1.0,1.0,1.0,0.0,0.0,0.0,0.0,0.0,0.0,0.0,0.0,0.0,0.0
2015-12-23,0.018281704049519502,199357.48765741824,0.018901538566403447,0.391902378384528,0.391902378384528,1.0,0.391902378384528,0.608097621615472,0.6198345168839466,0.0,0.0,0.6198345168839466,121.35016425997178,0.0,0.0,121.35016425997178,0.0
2015-12-24,0.0005559919782154967,199468.32882135294,0.0005559919782154967,0.392240287909133,0.39224028790913307,1.0,0.39224028790913307,0.6077597120908669,0.0,0.0,0.0,0.0,0.0,0.0,0.0,0.0,0.0
2015-12-28,-0.001828422645128367,199103.61641195006,-0.001828422645128367,0.3911270107475769,0.39112701074757694,1.0,0.39112701074757694,0.6088729892524231,0.0,0.0,0.0,0.0,0.0,0.0,0.0,0.0,0.0
2015-12-29,0.0045028261466268085,200000.1453818178,0.0045028261466268085,0.3938563701327545,0.39385637013275454,1.0,0.39385637013275454,0.6061436298672455,0.0,0.0,0.0,0.0,0.0,0.0,0.0,0.0,0.0
2015-12-30,-0.0027951815160842395,199441.10867223237,-0.0027951815160842395,0.3921573395636152,0.39215733956361537,1.0,0.39215733956361537,0.6078426604363847,0.0,0.0,0.0,0.0,0.0,0.0,0.0,0.0,0.0
2015-12-31,-0.004178619537370164,198607.7201589798,-0.004178619537370164,0.3896067383550264,0.38960673835502646,1.0,0.38960673835502646,0.6103932616449735,0.0,0.0,0.0,0.0,0.0,0.0,0.0,0.0,0.0
2016-01-04,-0.008004662484407524,197017.9323923095,-0.008004662484407524,0.3846813200012856,0.38468132000128563,1.0,0.38468132000128563,0.6153186799987144,0.0,0.0,0.0,0.0,0.0,0.0,0.0,0.0,0.0
2016-01-05,0.0013584846378235052,197285.57822684018,0.0013584846378235052,0.3855160869573437,0.38551608695734374,1.0,0.38551608695734374,0.6144839130426563,0.0,0.0,0.0,0.0,0.0,0.0,0.0,0.0,0.0
2016-01-06,-0.004469778480977446,196403.75539467466,-0.004469778480977446,0.3827571481405653,0.3827571481405653,1.0,0.3827571481405653,0.6172428518594347,0.0,0.0,0.0,0.0,0.0,0.0,0.0,0.0,0.0
2016-01-07,-0.009547946469119837,194528.50285183222,-0.00895343744924852,0.9776472542115278,0.9776472542115278,1.0,0.9776472542115278,0.02235274578847224,0.5945090198713171,0.0,0.0,0.5945090198713171,116.76380411873396,0.0,0.0,116.76380411873396,0.0
2016-01-08,-0.014673984591051965,191673.99459846402,-0.014673984591051965,0.9773143655613366,0.9773143655613366,1.0,0.9773143655613366,0.02268563443866345,0.0,0.0,0.0,0.0,0.0,0.0,0.0,0.0,0.0
2016-01-11,-0.0037865568649693253,190948.2101183811,-0.0035864315951801462,0.7765430887405925,0.7765430887405926,1.0,0.7765430887405926,0.22345691125940736,0.20012526978917905,0.0,0.0,0.20012526978917905,38.35880988058726,0.0,0.0,38.35880988058726,0.0
2016-01-12,0.005246206943754767,191949.96394420168,0.005246206943754767,0.7777092719018732,0.7777092719018733,1.0,0.7777092719018733,0.22229072809812667,0.0,0.0,0.0,0.0,0.0,0.0,0.0,0.0,0.0
2016-01-13,-0.022880144649275267,187558.12100373517,-0.022880144649275267,0.7725041335708623,0.7725041335708623,1.0,0.7725041335708623,0.22749586642913766,0.0,0.0,0.0,0.0,0.0,0.0,0.0,0.0,0.0
2016-01-14,0.012219785697219775,189850.04104817403,0.01280639579907304,0.9965417272756344,0.9965417272756343,1.0,0.9965417272756343,0.0034582727243657185,0.5866101018532645,0.0,0.0,0.5866101018532645,110.02348846540798,0.0,0.0,110.02348846540798,0.0
2016-01-15,-0.015996769501111265,186813.0537017499,-0.015996769501111265,0.9964855067369928,0.9964855067369928,1.0,0.9964855067369928,0.0035144932630072345,0.0,0.0,0.0,0.0,0.0,0.0,0.0,0.0,0.0
2016-01-19,-0.008127284837137165,185294.77080302034,-0.008127284837137165,0.9964567094050668,0.9964567094050668,1.0,0.9964567094050668,0.0035432905949331905,0.0,0.0,0.0,0.0,0.0,0.0,0.0,0.0,0.0
2016-01-20,2.173787520502976e-05,185298.79871762422,0.00021892708609402647,0.7994690468437937,0.7994690468437938,1.0,0.7994690468437938,0.20053095315620617,0.1971892108889967,0.0,0.0,0.1971892108889967,36.53812963650509,0.0,0.0,36.53812963650509,0.0
2016-01-21,-0.0006431130098295817,185179.6306494631,-0.0006431130098295817,0.7993399997871045,0.7993399997871045,1.0,0.7993399997871045,0.20066000021289554,0.0,0.0,0.0,0.0,0.0,0.0,0.0,0.0,0.0
2016-01-22,0.014465320377213448,187858.31333414163,0.014665779917885672,1.0,1.0,1.0,1.0,0.0,0.20045954067222346,0.0,0.0,0.20045954067222346,37.12102370184337,0.0,0.0,37.12102370184337,0.0
2016-01-25,-0.017845386127860643,184505.90919536524,-0.017648233833712834,0.7994662560539549,0.7994662560539549,1.0,0.7994662560539549,0.20053374394604506,0.19715229414781013,0.0,0.0,0.19715229414781013,37.036697448564176,0.0,0.0,37.036697448564176,0.0
2016-01-26,0.01555584596001984,187376.05469752173,0.01576141898277523,0.6003162255493953,0.6003162255493953,1.0,0.6003162255493953,0.39968377445060466,0.2055730227553879,0.0,0.0,0.2055730227553879,37.929437469522355,0.0,0.0,37.929437469522355,0.0
2016-01-27,-0.008253582580247786,185829.5309565147,-0.008253582580247786,0.596989948811239,0.596989948811239,1.0,0.596989948811239,0.403010051188761,0.0,0.0,0.0,0.0,0.0,0.0,0.0,0.0,0.0
2016-01-28,-0.00011989029386238123,185807.25179944,-0.00011989029386238123,0.5969416260243393,0.5969416260243393,1.0,0.5969416260243393,0.4030583739756607,0.0,0.0,0.0,0.0,0.0,0.0,0.0,0.0,0.0
2016-01-29,0.019178143294097904,189370.6898995322,0.019580799012355307,1.0,1.0,1.0,1.0,0.0,0.40265571825740326,0.0,0.0,0.40265571825740326,74.81635243073771,0.0,0.0,74.81635243073771,0.0
2016-02-01,-0.0041428466908313075,188586.15616354148,-0.0041428466908313075,1.0,1.0,1.0,1.0,0.0,0.0,0.0,0.0,0.0,0.0,0.0,0.0,0.0,0.0
2016-02-02,-0.021267926240650662,184575.31970424746,-0.021267926240650662,1.0,1.0,1.0,1.0,0.0,0.0,0.0,0.0,0.0,0.0,0.0,0.0,0.0,0.0
2016-02-03,0.004204363201049989,185351.34138623404,0.004204363201049989,1.0,1.0,1.0,1.0,0.0,0.0,0.0,0.0,0.0,0.0,0.0,0.0,0.0,0.0
2016-02-04,0.00654295594604337,186564.08704746419,0.00654295594604337,1.0,1.0,1.0,1.0,0.0,0.0,0.0,0.0,0.0,0.0,0.0,0.0,0.0,0.0
2016-02-05,-0.023804552707716344,182123.01240397585,-0.023804552707716344,1.0,1.0000000000000002,1.0,1.0000000000000002,-2.220446049250313e-16,0.0,0.0,0.0,0.0,0.0,0.0,0.0,0.0,0.0
2016-02-08,-0.0147922187017472,179429.00897387523,-0.0147922187017472,1.0,0.9999999999999999,1.0,0.9999999999999999,1.1102230246251565e-16,0.0,0.0,0.0,0.0,0.0,0.0,0.0,0.0,0.0
2016-02-09,-0.004128632214341691,178688.21258723832,-0.004128632214341691,1.0,1.0000000000000002,1.0,1.0000000000000002,-2.220446049250313e-16,0.0,0.0,0.0,0.0,0.0,0.0,0.0,0.0,0.0
2016-02-10,-0.0006607240572211441,178570.14898644006,-0.0006607240572211441,1.0,1.0,1.0,1.0,0.0,0.0,0.0,0.0,0.0,0.0,0.0,0.0,0.0,0.0
2016-02-11,-0.012635786933694888,176313.77463112926,-0.012635786933694888,1.0,1.0,1.0,1.0,0.0,0.0,0.0,0.0,0.0,0.0,0.0,0.0,0.0,0.0
2016-02-12,0.019021089437326038,179667.4547074205,0.019221701243735945,0.8033296889722293,0.8033296889722291,1.0,0.8033296889722291,0.19667031102777088,0.20061180640990664,0.0,0.0,0.20061180640990664,35.37062482370001,0.0,0.0,35.37062482370001,0.0
2016-02-16,0.018315495275872895,182958.15312534236,0.018315495275872895,0.8068670152421764,0.8068670152421764,1.0,0.8068670152421764,0.1931329847578236,0.0,0.0,0.0,0.0,0.0,0.0,0.0,0.0,0.0
2016-02-17,0.012590428677299806,185261.67470319747,0.012590428677299806,0.8092684077508966,0.8092684077508966,1.0,0.8092684077508966,0.1907315922491034,0.0,0.0,0.0,0.0,0.0,0.0,0.0,0.0,0.0
2016-02-18,-0.0030071069623277074,184704.573031345,-0.0030071069623277074,0.808693127522729,0.8086931275227288,1.0,0.8086931275227288,0.19130687247727118,0.0,0.0,0.0,0.0,0.0,0.0,0.0,0.0,0.0
2016-02-19,0.0026166930299953498,185187.88820020438,0.0026166930299953498,0.8091924124072533,0.8091924124072533,1.0,0.8091924124072533,0.19080758759274674,0.0,0.0,0.0,0.0,0.0,0.0,0.0,0.0,0.0
2016-02-22,0.010210552387642902,187078.75883422952,0.010210552387642902,0.8111209716214396,0.8111209716214396,1.0,0.8111209716214396,0.1888790283785604,0.0,0.0,0.0,0.0,0.0,0.0,0.0,0.0,0.0
2016-02-23,-0.007593385006566653,185658.19779185057,-0.007593385006566653,0.8096757664399383,0.8096757664399383,1.0,0.8096757664399383,0.19032423356006167,0.0,0.0,0.0,0.0,0.0,0.0,0.0,0.0,0.0
2016-02-24,0.005941838902928458,186761.34889413777,0.005941838902928458,0.8107999625826999,0.8107999625827002,1.0,0.8107999625827002,0.18920003741729985,0.0,0.0,0.0,0.0,0.0,0.0,0.0,0.0,0.0
2016-02-25,0.008239173666961348,188300.10808195255,0.008239173666961348,0.8123460758530336,0.8123460758530338,1.0,0.8123460758530338,0.18765392414696624,0.0,0.0,0.0,0.0,0.0,0.0,0.0,0.0,0.0
2016-02-26,0.004121234157314552,189076.1369192059,0.004121234157314552,0.8131162674749622,0.8131162674749622,1.0,0.8131162674749622,0.18688373252503776,0.0,0.0,0.0,0.0,0.0,0.0,0.0,0.0,0.0
2016-02-29,-0.0041871111986904715,188284.45410890636,-0.004000414163200923,1.0,1.0000000000000002,1.0,1.0000000000000002,-2.220446049250313e-16,0.1866970354895482,0.0,0.0,0.1866970354895482,35.29995424463166,0.0,0.0,35.29995424463166,0.0
2016-03-01,0.023393829688829988,192689.14856138447,0.023393829688829988,1.0,1.0,1.0,1.0,0.0,0.0,0.0,0.0,0.0,0.0,0.0,0.0,0.0,0.0
2016-03-02,0.0084843045045324,194323.98197249832,0.0084843045045324,1.0,1.0,1.0,1.0,0.0,0.0,0.0,0.0,0.0,0.0,0.0,0.0,0.0,0.0
2016-03-03,0.00910217996578872,196092.7538280807,0.00910217996578872,1.0,1.0,1.0,1.0,0.0,0.0,0.0,0.0,0.0,0.0,0.0,0.0,0.0,0.0
2016-03-04,0.004949900689527828,197063.3934854657,0.004949900689527828,1.0,0.9999999999999999,1.0,0.9999999999999999,1.1102230246251565e-16,0.0,0.0,0.0,0.0,0.0,0.0,0.0,0.0,0.0
2016-03-07,0.00713144697717499,198468.74062724947,0.00713144697717499,1.0,1.0,1.0,1.0,0.0,0.0,0.0,0.0,0.0,0.0,0.0,0.0,0.0,0.0
2016-03-08,-0.02063256233456614,194373.82196479492,-0.02063256233456614,1.0,1.0,1.0,1.0,0.0,0.0,0.0,0.0,0.0,0.0,0.0,0.0,0.0,0.0
2016-03-09,0.004000342612280597,195151.3838475125,0.004000342612280597,1.0,0.9999999999999999,1.0,0.9999999999999999,1.1102230246251565e-16,0.0,0.0,0.0,0.0,0.0,0.0,0.0,0.0,0.0
2016-03-10,-0.00544219410045617,194089.33213764173,-0.00544219410045617,1.0,0.9999999999999999,1.0,0.9999999999999999,1.1102230246251565e-16,0.0,0.0,0.0,0.0,0.0,0.0,0.0,0.0,0.0
2016-03-11,0.02087980442299209,198141.87943326484,0.02087980442299209,1.0,1.0,1.0,1.0,0.0,0.0,0.0,0.0,0.0,0.0,0.0,0.0,0.0,0.0
2016-03-14,-0.001979658487477093,197749.62617992013,-0.001979658487477093,1.0,0.9999999999999999,1.0,0.9999999999999999,1.1102230246251565e-16,0.0,0.0,0.0,0.0,0.0,0.0,0.0,0.0,0.0
2016-03-15,-0.009664329623977317,195838.50860949908,-0.009664329623977317,1.0,0.9999999999999997,1.0,0.9999999999999997,3.3306690738754696e-16,0.0,0.0,0.0,0.0,0.0,0.0,0.0,0.0,0.0
2016-03-16,0.004557116388215008,196730.96748652702,0.004557116388215008,1.0,1.0000000000000002,1.0,1.0000000000000002,-2.220446049250313e-16,0.0,0.0,0.0,0.0,0.0,0.0,0.0,0.0,0.0
2016-03-17,0.016055424074737788,199889.56659815667,0.016055424074737788,1.0,1.0000000000000002,1.0,1.0000000000000002,-2.220446049250313e-16,0.0,0.0,0.0,0.0,0.0,0.0,0.0,0.0,0.0
2016-03-18,0.008902621276242915,201669.10770665237,0.008902621276242915,1.0,0.9999999999999999,1.0,0.9999999999999999,1.1102230246251565e-16,0.0,0.0,0.0,0.0,0.0,0.0,0.0,0.0,0.0
2016-03-21,-0.000555234754876136,201557.13400906877,-0.000555234754876136,1.0,1.0,1.0,1.0,0.0,0.0,0.0,0.0,0.0,0.0,0.0,0.0,0.0,0.0
2016-03-22,-0.002481503436300149,201056.96928841446,-0.002481503436300149,1.0,0.9999999999999999,1.0,0.9999999999999999,1.1102230246251565e-16,0.0,0.0,0.0,0.0,0.0,0.0,0.0,0.0,0.0
2016-03-23,-0.01394196410284853,198253.84023996786,-0.01394196410284853,1.0,1.0000000000000002,1.0,1.0000000000000002,-2.220446049250313e-16,0.0,0.0,0.0,0.0,0.0,0.0,0.0,0.0,0.0
2016-03-24,1.7721463094872476e-05,198257.3535880811,1.7721463094872476e-05,1.0,1.0,1.0,1.0,0.0,0.0,0.0,0.0,0.0,0.0,0.0,0.0,0.0,0.0
2016-03-28,0.0014014047821831895,198535.1923915024,0.0014014047821831895,1.0,1.0,1.0,1.0,0.0,0.0,0.0,0.0,0.0,0.0,0.0,0.0,0.0,0.0
2016-03-29,0.018462468962963264,202200.64221908647,0.018462468962963264,1.0,0.9999999999999999,1.0,0.9999999999999999,1.1102230246251565e-16,0.0,0.0,0.0,0.0,0.0,0.0,0.0,0.0,0.0
2016-03-30,0.0015035296390015892,202504.65687768804,0.0015035296390015892,1.0,0.9999999999999999,1.0,0.9999999999999999,1.1102230246251565e-16,0.0,0.0,0.0,0.0,0.0,0.0,0.0,0.0,0.0
2016-03-31,0.0008192116071683287,202670.5510431079,0.0008192116071683287,1.0,0.9999999999999999,1.0,0.9999999999999999,1.1102230246251565e-16,0.0,0.0,0.0,0.0,0.0,0.0,0.0,0.0,0.0
2016-04-01,0.00531414255334945,203747.57124271686,0.00531414255334945,1.0,1.0,1.0,1.0,0.0,0.0,0.0,0.0,0.0,0.0,0.0,0.0,0.0,0.0
2016-04-04,-0.008305311626980583,202055.38417030565,-0.008305311626980583,1.0,1.0,1.0,1.0,0.0,0.0,0.0,0.0,0.0,0.0,0.0,0.0,0.0,0.0
2016-04-05,-0.01082693262752327,199867.7441388654,-0.01082693262752327,1.0,0.9999999999999997,1.0,0.9999999999999997,3.3306690738754696e-16,0.0,0.0,0.0,0.0,0.0,0.0,0.0,0.0,0.0
2016-04-06,0.008891132474502626,201644.79472938407,0.008891132474502626,1.0,0.9999999999999999,1.0,0.9999999999999999,1.1102230246251565e-16,0.0,0.0,0.0,0.0,0.0,0.0,0.0,0.0,0.0
2016-04-07,-0.013712656000135971,198879.709025042,-0.013712656000135971,1.0,0.9999999999999997,1.0,0.9999999999999997,3.3306690738754696e-16,0.0,0.0,0.0,0.0,0.0,0.0,0.0,0.0,0.0
2016-04-08,0.003877011610704255,199650.76796606558,0.003877011610704255,1.0,0.9999999999999999,1.0,0.9999999999999999,1.1102230246251565e-16,0.0,0.0,0.0,0.0,0.0,0.0,0.0,0.0,0.0
2016-04-11,-0.0010715142709713543,199436.83931897953,-0.0010715142709713543,1.0,1.0,1.0,1.0,0.0,0.0,0.0,0.0,0.0,0.0,0.0,0.0,0.0,0.0
2016-04-12,0.010109271590791427,201453.0004928641,0.010109271590791427,1.0,1.0,1.0,1.0,0.0,0.0,0.0,0.0,0.0,0.0,0.0,0.0,0.0,0.0
2016-04-13,0.020010653338164597,205484.20664965993,0.020428029911758634,0.5912207429835471,0.5912207429835471,1.0,0.5912207429835471,0.4087792570164529,0.4173765735940358,0.0,0.0,0.4173765735940358,84.08176308594922,0.0,0.0,84.08176308594922,0.0
2016-04-14,0.0005190746017596642,205590.86828239445,0.0005190746017596642,0.5914328198298859,0.5914328198298859,1.0,0.5914328198298859,0.40856718017011406,0.0,0.0,0.0,0.0,0.0,0.0,0.0,0.0,0.0
2016-04-15,0.00013736584603022436,205619.10944595217,0.00013736584603022436,0.5914889352979015,0.5914889352979015,1.0,0.5914889352979015,0.4085110647020985,0.0,0.0,0.0,0.0,0.0,0.0,0.0,0.0,0.0
2016-04-18,0.0030963377465701956,206255.77565594582,0.0030963377465701956,0.5927499190956993,0.5927499190956992,1.0,0.5927499190956992,0.4072500809043008,0.0,0.0,0.0,0.0,0.0,0.0,0.0,0.0,0.0
2016-04-19,0.0037640579480413333,207032.13434763302,0.0039648509182249785,0.7945171316732396,0.7945171316732395,1.0,0.7945171316732395,0.20548286832676055,0.200792970183645,0.0,0.0,0.200792970183645,41.4147098114889,0.0,0.0,41.4147098114889,0.0
2016-04-20,-0.0008364830843107493,206858.95546934247,-0.0008364830843107493,0.794345104832226,0.794345104832226,1.0,0.794345104832226,0.20565489516777402,0.0,0.0,0.0,0.0,0.0,0.0,0.0,0.0,0.0
2016-04-21,-0.0045942580831142684,205908.59204111286,-0.0045942580831142684,0.7933959123324549,0.7933959123324549,1.0,0.7933959123324549,0.20660408766754512,0.0,0.0,0.0,0.0,0.0,0.0,0.0,0.0,0.0
2016-04-22,0.0033607461522726974,206600.59854953495,0.003564154117913983,0.5915640043576154,0.5915640043576154,1.0,0.5915640043576154,0.40843599564238464,0.2034079656412857,0.0,0.0,0.2034079656412857,41.8834478151442,0.0,0.0,41.8834478151442,0.0
2016-04-25,-0.004194268929532738,205734.06007821573,-0.004194268929532738,0.5898436985260913,0.5898436985260912,1.0,0.5898436985260912,0.4101563014739088,0.0,0.0,0.0,0.0,0.0,0.0,0.0,0.0,0.0
2016-04-26,0.0041628191047878415,206590.49375401487,0.004363691843156473,0.7917840748641678,0.7917840748641678,1.0,0.7917840748641678,0.2082159251358322,0.20087273836863132,0.0,0.0,0.20087273836863132,41.3263640236077,0.0,0.0,41.3263640236077,0.0
2016-04-27,0.0006571423451538489,206726.25311556688,0.0008622667221988982,0.5871361325262645,0.5871361325262645,1.0,0.5871361325262645,0.4128638674737355,0.20512437704504932,0.0,0.0,0.20512437704504932,42.37674633472145,0.0,0.0,42.37674633472145,0.0
2016-04-28,-0.00625475566099347,205433.23091361634,-0.00625475566099347,0.5845375162038098,0.5845375162038097,1.0,0.5845375162038097,0.41546248379619033,0.0,0.0,0.0,0.0,0.0,0.0,0.0,0.0,0.0
2016-04-29,-0.005202368271323774,204364.4915912358,-0.005202368271323774,0.5823648242163241,0.5823648242163241,1.0,0.5823648242163241,0.4176351757836759,0.0,0.0,0.0,0.0,0.0,0.0,0.0,0.0,0.0
2016-05-02,0.003047006175011121,204987.1914590673,0.003245999263043599,0.3854432873701566,0.3854432873701565,1.0,0.3854432873701565,0.6145567126298435,0.1989930880324776,0.0,0.0,0.1989930880324776,40.667121265927314,0.0,0.0,40.667121265927314,0.0
2016-05-03,-0.007715886975798744,203405.5334582827,-0.007120278280390547,0.9815048852588144,0.9815048852588143,1.0,0.9815048852588143,0.018495114741185703,0.595608695408197,0.0,0.0,0.595608695408197,122.0921536803254,0.0,0.0,122.0921536803254,0.0
2016-05-04,-0.007056974784417504,201970.10573765662,-0.007056974784417504,0.981373438081032,0.9813734380810316,1.0,0.9813734380810316,0.018626561918968387,0.0,0.0,0.0,0.0,0.0,0.0,0.0,0.0,0.0
2016-05-05,0.00019028589252805843,202008.53779949085,0.00019028589252805843,0.9813769817786756,0.9813769817786757,1.0,0.9813769817786757,0.018623018221324283,0.0,0.0,0.0,0.0,0.0,0.0,0.0,0.0,0.0
2016-05-06,0.003342405941539925,202683.73233647368,0.003342405941539925,0.9814390201081472,0.9814390201081471,1.0,0.9814390201081471,0.018560979891852902,0.0,0.0,0.0,0.0,0.0,0.0,0.0,0.0,0.0
2016-05-09,-0.002209158389137641,202235.9718688408,-0.002209158389137641,0.9813979251784998,0.9813979251784999,1.0,0.9813979251784999,0.018602074821500114,0.0,0.0,0.0,0.0,0.0,0.0,0.0,0.0,0.0
2016-05-10,0.015151788458041491,205300.2085332039,0.015151788458041491,0.98167557301972,0.98167557301972,1.0,0.98167557301972,0.01832442698028003,0.0,0.0,0.0,0.0,0.0,0.0,0.0,0.0,0.0
2016-05-11,-0.010247790762956148,203196.3349525644,-0.010247790762956148,0.9814858438210452,0.9814858438210453,1.0,0.9814858438210453,0.018514156178954688,0.0,0.0,0.0,0.0,0.0,0.0,0.0,0.0,0.0
2016-05-12,-0.002617597932117453,202664.4486463787,-0.002617597932117453,0.9814372540155418,0.9814372540155418,1.0,0.9814372540155418,0.018562745984458173,0.0,0.0,0.0,0.0,0.0,0.0,0.0,0.0,0.0
2016-05-13,-0.007535615970524223,201137.24719050157,-0.007535615970524223,0.9812963101919164,0.9812963101919162,1.0,0.9812963101919162,0.01870368980808379,0.0,0.0,0.0,0.0,0.0,0.0,0.0,0.0,0.0
2016-05-16,0.012470319534651175,203645.49293328726,0.012470319534651175,0.9815266784149485,0.9815266784149485,1.0,0.9815266784149485,0.01847332158505155,0.0,0.0,0.0,0.0,0.0,0.0,0.0,0.0,0.0
2016-05-17,-0.009282461448572187,201755.1614959585,-0.009282461448572187,0.9813535938688818,0.9813535938688819,1.0,0.9813535938688819,0.01864640613111812,0.0,0.0,0.0,0.0,0.0,0.0,0.0,0.0,0.0
2016-05-18,0.0037055698228014283,202502.77933399237,0.0037055698228014283,0.981422434335589,0.981422434335589,1.0,0.981422434335589,0.018577565664411044,0.0,0.0,0.0,0.0,0.0,0.0,0.0,0.0,0.0
2016-05-19,-0.006006561648677335,201286.43390589423,-0.006006561648677335,0.981310172735924,0.9813101727359241,1.0,0.9813101727359241,0.018689827264075864,0.0,0.0,0.0,0.0,0.0,0.0,0.0,0.0,0.0
2016-05-20,0.010568473978561765,203413.7243448662,0.010568473978561765,0.981505630003977,0.9815056300039768,1.0,0.9815056300039768,0.018494369996023163,0.0,0.0,0.0,0.0,0.0,0.0,0.0,0.0,0.0
2016-05-23,-0.0014818597259280291,203112.2937390585,-0.0014818597259280291,0.9814781832697134,0.9814781832697134,1.0,0.9814781832697134,0.018521816730286633,0.0,0.0,0.0,0.0,0.0,0.0,0.0,0.0,0.0
2016-05-24,0.018323959426080436,206834.11516847118,0.018323959426080436,0.9818114691706504,0.9818114691706502,1.0,0.9818114691706502,0.01818853082934979,0.0,0.0,0.0,0.0,0.0,0.0,0.0,0.0,0.0
2016-05-25,0.009509455431505505,208800.99496838063,0.009702827171980235,0.7906241507433353,0.7906241507433353,1.0,0.7906241507433353,0.20937584925666475,0.19337174047472974,0.0,0.0,0.19337174047472974,39.99587283967797,0.0,0.0,39.99587283967797,0.0
2016-05-26,0.0011510843454092185,209041.34252499457,0.0011510843454092185,0.7908648829027013,0.7908648829027012,1.0,0.7908648829027012,0.20913511709729882,0.0,0.0,0.0,0.0,0.0,0.0,0.0,0.0,0.0
2016-05-27,0.004143043786150372,209907.4099601913,0.004143043786150372,0.7917277638963183,0.7917277638963182,1.0,0.7917277638963182,0.20827223610368184,0.0,0.0,0.0,0.0,0.0,0.0,0.0,0.0,0.0
2016-05-31,0.00573571355546562,211111.37873689266,0.00573571355546562,0.7929155410347316,0.7929155410347315,1.0,0.7929155410347315,0.2070844589652685,0.0,0.0,0.0,0.0,0.0,0.0,0.0,0.0,0.0
2016-06-01,-0.001640898110024456,210764.96647451865,-0.001640898110024456,0.7925751780363993,0.7925751780363993,1.0,0.7925751780363993,0.20742482196360068,0.0,0.0,0.0,0.0,0.0,0.0,0.0,0.0,0.0
2016-06-02,0.002278963089262673,211245.29205362374,0.002278963089262673,0.7930468167023401,0.7930468167023401,1.0,0.7930468167023401,0.20695318329765988,0.0,0.0,0.0,0.0,0.0,0.0,0.0,0.0,0.0
2016-06-03,-0.002129877752783731,210795.3654056984,-0.002129877752783731,0.7926050908994062,0.7926050908994061,1.0,0.7926050908994061,0.20739490910059388,0.0,0.0,0.0,0.0,0.0,0.0,0.0,0.0,0.0
2016-06-06,0.004233729477685676,211687.81595797604,0.004233729477685676,0.7934794430690328,0.7934794430690328,1.0,0.7934794430690328,0.20652055693096716,0.0,0.0,0.0,0.0,0.0,0.0,0.0,0.0,0.0
2016-06-07,0.002255578529554474,212165.2944506191,0.002255578529554474,0.7939442180666523,0.7939442180666523,1.0,0.7939442180666523,0.20605578193334773,0.0,0.0,0.0,0.0,0.0,0.0,0.0,0.0,0.0
2016-06-08,0.0014554187893692434,212474.0838066146,0.0016557499393571149,0.9944837276908776,0.9944837276908776,1.0,0.9944837276908776,0.005516272309122439,0.20033114998787144,0.0,0.0,0.20033114998787144,42.50331742480789,0.0,0.0,42.50331742480789,0.0
2016-06-09,-0.004613339065985912,211493.86881527997,-0.004613339065985912,0.9944581613099516,0.9944581613099515,1.0,0.9944581613099515,0.0055418386900485395,0.0,0.0,0.0,0.0,0.0,0.0,0.0,0.0,0.0
2016-06-10,-0.01743502678181334,207806.46754829623,-0.01743502678181334,0.9943598247025868,0.994359824702587,1.0,0.994359824702587,0.005640175297413008,0.0,0.0,0.0,0.0,0.0,0.0,0.0,0.0,0.0
2016-06-13,-0.01149235964462541,205418.28088675204,-0.01149235964462541,0.9942942521967908,0.9942942521967909,1.0,0.9942942521967909,0.005705747803209094,0.0,0.0,0.0,0.0,0.0,0.0,0.0,0.0,0.0
2016-06-14,0.000488369803502832,205518.60097222455,0.000488369803502832,0.9942970373515388,0.9942970373515388,1.0,0.9942970373515388,0.005702962648461152,0.0,0.0,0.0,0.0,0.0,0.0,0.0,0.0,0.0
2016-06-15,-0.005718251330581093,204343.39395875597,-0.005718251330581093,0.9942642388275827,0.9942642388275827,1.0,0.9942642388275827,0.005735761172417253,0.0,0.0,0.0,0.0,0.0,0.0,0.0,0.0,0.0
2016-06-16,-0.004409584284402813,203442.32454013388,-0.004409584284402813,0.9942388344826576,0.9942388344826577,1.0,0.9942388344826577,0.005761165517342293,0.0,0.0,0.0,0.0,0.0,0.0,0.0,0.0,0.0
2016-06-17,0.0017548439616812883,203799.33407490354,0.0017548439616812883,0.9942489267188784,0.9942489267188783,1.0,0.9942489267188783,0.005751073281121677,0.0,0.0,0.0,0.0,0.0,0.0,0.0,0.0,0.0
2016-06-20,0.010947284430373934,206030.38335174232,0.010947284430373934,0.9943112035912316,0.9943112035912316,1.0,0.9943112035912316,0.005688796408768404,0.0,0.0,0.0,0.0,0.0,0.0,0.0,0.0,0.0
2016-06-21,0.004283846744052058,206912.98593863947,0.004283846744052058,0.9943354695714643,0.9943354695714642,1.0,0.9943354695714642,0.005664530428535763,0.0,0.0,0.0,0.0,0.0,0.0,0.0,0.0,0.0
2016-06-22,-0.0025463601892040393,206386.110948616,-0.0025463601892040393,0.9943210088143946,0.9943210088143946,1.0,0.9943210088143946,0.005678991185605442,0.0,0.0,0.0,0.0,0.0,0.0,0.0,0.0,0.0
2016-06-23,0.017198421564565195,209935.62628978144,0.017198421564565195,0.9944170271353052,0.9944170271353051,1.0,0.9944170271353051,0.005582972864694891,0.0,0.0,0.0,0.0,0.0,0.0,0.0,0.0,0.0
2016-06-24,-0.04557423086355202,200367.97159076657,-0.04557423086355202,0.9941504378389256,0.9941504378389254,1.0,0.9941504378389254,0.005849562161074573,0.0,0.0,0.0,0.0,0.0,0.0,0.0,0.0,0.0
2016-06-27,-0.016335981857412772,197094.7640420532,-0.016335981857412772,0.9940532925336438,0.9940532925336438,1.0,0.9940532925336438,0.005946707466356171,0.0,0.0,0.0,0.0,0.0,0.0,0.0,0.0,0.0
2016-06-28,0.02237776518660868,201505.3043912963,0.02237776518660868,0.9941834538378572,0.9941834538378573,1.0,0.9941834538378573,0.005816546162142666,0.0,0.0,0.0,0.0,0.0,0.0,0.0,0.0,0.0
2016-06-29,0.019191006341500314,205372.39396571563,0.019191006341500314,0.9942929773458052,0.9942929773458054,1.0,0.9942929773458054,0.005707022654194649,0.0,0.0,0.0,0.0,0.0,0.0,0.0,0.0,0.0
2016-06-30,0.005653696191940824,206533.50708740938,0.005846334640121797,0.8029611653222954,0.8029611653222953,1.0,0.8029611653222953,0.19703883467770467,0.1926384481809725,0.0,0.0,0.1926384481809725,39.56261927276678,0.0,0.0,39.56261927276678,0.0
2016-07-01,0.0039846884026390654,207356.47875785697,0.0039846884026390654,0.8037431875667372,0.8037431875667372,1.0,0.8037431875667372,0.19625681243326276,0.0,0.0,0.0,0.0,0.0,0.0,0.0,0.0,0.0
2016-07-05,-0.008426280366686485,205609.2349319944,-0.008426280366686485,0.8020754195604951,0.8020754195604951,1.0,0.8020754195604951,0.1979245804395049,0.0,0.0,0.0,0.0,0.0,0.0,0.0,0.0,0.0
2016-07-06,0.00426043419037222,206485.21954635496,0.00426043419037222,0.8029150868628313,0.8029150868628313,1.0,0.8029150868628313,0.1970849131371687,0.0,0.0,0.0,0.0,0.0,0.0,0.0,0.0,0.0
2016-07-07,7.871297460177048e-05,206501.47261219675,0.0002756009997138272,1.0,1.0000000000000002,1.0,1.0000000000000002,-2.220446049250313e-16,0.19688802511205675,0.0,0.0,0.19688802511205675,40.65446709131128,0.0,0.0,40.65446709131128,0.0
2016-07-08,0.013806314200710651,209352.49682599015,0.013806314200710651,1.0,1.0000000000000002,1.0,1.0000000000000002,-2.220446049250313e-16,0.0,0.0,0.0,0.0,0.0,0.0,0.0,0.0,0.0
2016-07-11,0.0017753682734773508,209724.17460682825,0.0017753682734773508,1.0,0.9999999999999999,1.0,0.9999999999999999,1.1102230246251565e-16,0.0,0.0,0.0,0.0,0.0,0.0,0.0,0.0,0.0
2016-07-12,0.01736970686158833,213367.02204153745,0.01736970686158833,1.0,1.0,1.0,1.0,0.0,0.0,0.0,0.0,0.0,0.0,0.0,0.0,0.0,0.0
2016-07-13,-0.009514437679488284,211336.95480746523,-0.009514437679488284,1.0,0.9999999999999999,1.0,0.9999999999999999,1.1102230246251565e-16,0.0,0.0,0.0,0.0,0.0,0.0,0.0,0.0,0.0
2016-07-14,0.009447664595904293,213333.59547320593,0.009447664595904293,1.0,1.0,1.0,1.0,0.0,0.0,0.0,0.0,0.0,0.0,0.0,0.0,0.0,0.0
2016-07-15,0.000525608333667872,213445.72538883795,0.0007230618620126532,0.8028475501542056,0.8028475501542057,1.0,0.8028475501542057,0.19715244984579428,0.1974535283447812,0.0,0.0,0.1974535283447812,42.12347114066275,0.0,0.0,42.12347114066275,0.0
2016-07-18,0.0010504139585559011,213669.93175818046,0.0010504139585559011,0.803054424535749,0.803054424535749,1.0,0.803054424535749,0.19694557546425095,0.0,0.0,0.0,0.0,0.0,0.0,0.0,0.0,0.0
2016-07-19,-0.004046441366039708,212805.32890763527,-0.004046441366039708,0.8022542579853026,0.8022542579853026,1.0,0.8022542579853026,0.1977457420146974,0.0,0.0,0.0,0.0,0.0,0.0,0.0,0.0,0.0
2016-07-20,0.007977620355253963,214503.00903123533,0.007977620355253963,0.803819313027006,0.8038193130270062,1.0,0.8038193130270062,0.19618068697299385,0.0,0.0,0.0,0.0,0.0,0.0,0.0,0.0,0.0
2016-07-21,-0.006423645741086129,213125.11769082167,-0.0062276610388154055,1.0,1.0,1.0,1.0,0.0,0.19598470227072332,0.0,0.0,0.19598470227072332,42.039308361160934,0.0,0.0,42.039308361160934,0.0
2016-07-22,0.001318003118511935,213406.01726057145,0.001318003118511935,1.0,0.9999999999999998,1.0,0.9999999999999998,2.220446049250313e-16,0.0,0.0,0.0,0.0,0.0,0.0,0.0,0.0,0.0
2016-07-25,-0.005088799502272553,212320.03682615387,-0.005088799502272553,1.0,1.0,1.0,1.0,0.0,0.0,0.0,0.0,0.0,0.0,0.0,0.0,0.0,0.0
2016-07-26,0.0003017484813860734,212384.104074834,0.0003017484813860734,1.0,1.0,1.0,1.0,0.0,0.0,0.0,0.0,0.0,0.0,0.0,0.0,0.0,0.0
2016-07-27,0.002705517940869919,212958.71307876406,0.002705517940869919,1.0,1.0,1.0,1.0,0.0,0.0,0.0,0.0,0.0,0.0,0.0,0.0,0.0,0.0
2016-07-28,-0.0031087484809503825,212296.67800297533,-0.0031087484809503825,1.0,1.0,1.0,1.0,0.0,0.0,0.0,0.0,0.0,0.0,0.0,0.0,0.0,0.0
2016-07-29,0.0034164638443155756,213021.98192764074,0.004048217530471945,0.3710269312781239,0.3710269312781239,1.0,0.3710269312781239,0.6289730687218761,0.631753686156369,0.0,0.0,0.631753686156369,134.1192088871314,0.0,0.0,134.1192088871314,0.0
2016-08-01,-0.008340650782174436,211245.23996745562,-0.008340650782174436,0.365736763115297,0.3657367631152971,1.0,0.3657367631152971,0.6342632368847029,0.0,0.0,0.0,0.0,0.0,0.0,0.0,0.0,0.0
2016-08-02,8.239071628877228e-05,211262.64461408913,0.00024834013388842855,0.3658942370253735,0.19998602109427488,1.0,0.19998602109427488,0.8000139789057251,0.0,0.0,0.16594941759965628,0.16594941759965628,0.0,0.0,35.056024543298896,35.056024543298896,1.0
2016-08-03,-0.0006426602252684627,211126.87451531063,-0.0006426602252684627,0.369525102184655,0.19820192846770157,1.0,0.19820192846770157,0.8017980715322984,0.0,0.0,0.0,0.0,0.0,0.0,0.0,0.0,1.0
2016-08-04,0.00016476001764216433,211161.65978288054,0.0007666908729883756,0.9721363755286264,0.7986498125282993,1.0,0.7986498125282993,0.20135018747170075,0.6019308553462113,0.0,0.0,0.6019308553462113,127.08378016357314,0.0,0.0,127.08378016357314,1.0
2016-08-05,0.006958602638910511,212631.0498658824,0.006958602638910511,0.9723386137010936,0.7997611940429462,1.0,0.7997611940429462,0.2002388059570538,0.0,0.0,0.0,0.0,0.0,0.0,0.0,0.0,1.0
2016-08-08,0.0002563303063597303,212685.5536480361,0.0002563303063597303,0.9724613537381288,0.7964676595845188,1.0,0.7964676595845188,0.20353234041548118,0.0,0.0,0.0,0.0,0.0,0.0,0.0,0.0,1.0
2016-08-09,0.001414039813306904,212986.29948860963,0.001414039813306904,0.9724858763699902,0.7971712011766316,1.0,0.7971712011766316,0.20282879882336835,0.0,0.0,0.0,0.0,0.0,0.0,0.0,0.0,1.0
2016-08-10,-0.00023751100429014242,212935.71289871808,-0.00023751100429014242,0.9723348139976622,0.8013091409569779,1.0,0.8013091409569779,0.19869085904302208,0.0,0.0,0.0,0.0,0.0,0.0,0.0,0.0,1.0
2016-08-11,0.0056370365551268765,214136.03929622011,0.0056370365551268765,0.972698990650647,0.7963237671642959,1.0,0.7963237671642959,0.20367623283570413,0.0,0.0,0.0,0.0,0.0,0.0,0.0,0.0,1.0
2016-08-12,-0.0017621421367534289,213758.70115837877,-0.0015654911683362692,0.77696897435825,0.596171220421917,1.0,0.596171220421917,0.40382877957808305,0.19665096841715968,0.0,0.0,0.19665096841715968,42.11005950061664,0.0,0.0,42.11005950061664,1.0
2016-08-15,0.002495575870844047,214292.15221517257,0.002495575870844047,0.7785132852884845,0.5945215089973132,1.0,0.5945215089973132,0.40547849100268685,0.0,0.0,0.0,0.0,0.0,0.0,0.0,0.0,1.0
2016-08-16,-0.0019273572906881773,213879.1346732634,-0.0019273572906881773,0.7786922297136529,0.5921153806888083,1.0,0.5921153806888083,0.4078846193111917,0.0,0.0,0.0,0.0,0.0,0.0,0.0,0.0,1.0
2016-08-17,0.00013434585858573592,213907.86844924462,0.00013434585858573592,0.7789862544833016,0.591462876229408,1.0,0.591462876229408,0.40853712377059204,0.0,0.0,0.0,0.0,0.0,0.0,0.0,0.0,1.0
2016-08-18,0.0005249603873108223,214020.16160671457,0.0007261635331595349,0.9805039636897904,0.7888056545468924,1.0,0.7888056545468924,0.21119434545310756,0.2012031458487126,0.0,0.0,0.2012031458487126,43.038936053780596,0.0,0.0,43.038936053780596,1.0
2016-08-19,-0.0030611341425458394,213365.01718282705,-0.0030611341425458394,0.9804574023425,0.787621072279518,1.0,0.787621072279518,0.21237892772048195,0.0,0.0,0.0,0.0,0.0,0.0,0.0,0.0,1.0
2016-08-22,0.00013541941619179816,213393.91094888968,0.00013541941619179816,0.980336344690842,0.79263629082141,1.0,0.79263629082141,0.20736370917859004,0.0,0.0,0.0,0.0,0.0,0.0,0.0,0.0,1.0
2016-08-23,0.0034646495203887163,214133.24606011264,0.0034646495203887163,0.980444251048998,0.791732253449846,1.0,0.791732253449846,0.208267746550154,0.0,0.0,0.0,0.0,0.0,0.0,0.0,0.0,1.0
2016-08-24,-0.0021120495709020144,213680.98602965553,-0.0021120495709020144,0.9803122151510896,0.7949515370274319,1.0,0.7949515370274319,0.20504846297256807,0.0,0.0,0.0,0.0,0.0,0.0,0.0,0.0,1.0
2016-08-25,-0.00168051201645719,213321.89256494428,-0.00168051201645719,0.9803229698120336,0.7928376923137607,1.0,0.7928376923137607,0.20716230768623933,0.0,0.0,0.0,0.0,0.0,0.0,0.0,0.0,1.0
2016-08-26,-0.0027511859726188402,212735.0043664671,-0.0027511859726188402,0.980268685295798,0.7922661779364607,1.0,0.7922661779364607,0.2077338220635393,0.0,0.0,0.0,0.0,0.0,0.0,0.0,0.0,1.0
2016-08-29,0.003781092605159695,213539.3751183358,0.003781092605159695,0.9803093304711088,0.7944074669425214,1.0,0.7944074669425214,0.2055925330574786,0.0,0.0,0.0,0.0,0.0,0.0,0.0,0.0,1.0
2016-08-30,-0.00017083391126724426,213502.89535167476,-0.00017083391126724426,0.980265383340881,0.7960092706092949,1.0,0.7960092706092949,0.20399072939070506,0.0,0.0,0.0,0.0,0.0,0.0,0.0,0.0,1.0
2016-08-31,-0.0011278924565851392,213262.08704654852,-0.0011278924565851392,0.9801166248792824,0.800873150529635,1.0,0.800873150529635,0.19912684947036496,0.0,0.0,0.0,0.0,0.0,0.0,0.0,0.0,1.0
2016-09-01,0.002197228543559256,213730.6725914662,0.002197228543559256,0.9800569311554408,0.8054813511110258,1.0,0.8054813511110258,0.1945186488889742,0.0,0.0,0.0,0.0,0.0,0.0,0.0,0.0,1.0
2016-09-02,0.007859185718744806,215410.42164115477,0.007859185718744806,0.9802735823187128,0.8045048267986911,1.0,0.8045048267986911,0.19549517320130894,0.0,0.0,0.0,0.0,0.0,0.0,0.0,0.0,1.0
2016-09-06,0.0015706114116789635,215748.74770757894,0.0017661139662694817,0.7858542413138976,0.6082469841128239,1.0,0.6082469841128239,0.39175301588717615,0.19550255459051832,0.0,0.0,0.19550255459051832,42.11328771626643,0.0,0.0,42.11328771626643,1.0
2016-09-07,-0.0012408386646842865,215481.03831956614,-0.0012408386646842865,0.7860641959203524,0.6064110193192581,1.0,0.6064110193192581,0.3935889806807419,0.0,0.0,0.0,0.0,0.0,0.0,0.0,0.0,1.0
2016-09-08,-0.0009892105287650638,215267.88220771117,-0.0009892105287650638,0.787451033961611,0.6014971642035325,1.0,0.6014971642035325,0.3985028357964675,0.0,0.0,0.0,0.0,0.0,0.0,0.0,0.0,1.0
2016-09-09,-0.011590551936978038,212772.8086386194,-0.011394086281794438,0.983824121127535,0.8008789908707422,1.0,0.8008789908707422,0.1991210091292578,0.1964656551835994,0.0,0.0,0.1964656551835994,42.292745517923876,0.0,0.0,42.292745517923876,1.0
2016-09-12,0.007961441256089967,214466.78685548904,0.007961441256089967,0.9839656277995597,0.8017646918439414,1.0,0.8017646918439414,0.1982353081560586,0.0,0.0,0.0,0.0,0.0,0.0,0.0,0.0,1.0
2016-09-13,-0.014968161865508674,211256.61327506055,-0.014968161865508674,0.98364520982791,0.8025192377393054,1.0,0.8025192377393054,0.19748076226069455,0.0,0.0,0.0,0.0,0.0,0.0,0.0,0.0,1.0
2016-09-14,-0.0004971066929797649,211151.59619866527,-0.0004971066929797649,0.9835566181815604,0.8063665744938169,1.0,0.8063665744938169,0.19363342550618312,0.0,0.0,0.0,0.0,0.0,0.0,0.0,0.0,1.0
2016-09-15,0.0065950084322633305,212544.14275608133,0.0065950084322633305,0.9836785890575842,0.8069313369865196,1.0,0.8069313369865196,0.19306866301348036,0.0,0.0,0.0,0.0,0.0,0.0,0.0,0.0,1.0
2016-09-16,-0.008008612097033367,210841.95916325136,-0.008008612097033367,0.9835062472308542,0.807358748117464,1.0,0.807358748117464,0.192641251882536,0.0,0.0,0.0,0.0,0.0,0.0,0.0,0.0,1.0
2016-09-19,0.00372767930984414,211627.91037207126,0.00372767930984414,0.9835617325683051,0.8083579153198731,1.0,0.8083579153198731,0.1916420846801269,0.0,0.0,0.0,0.0,0.0,0.0,0.0,0.0,1.0
2016-09-20,0.0016031105497513684,211967.17330781056,0.0016031105497513684,0.983613891316127,0.8073910133625648,1.0,0.8073910133625648,0.1926089866374352,0.0,0.0,0.0,0.0,0.0,0.0,0.0,0.0,1.0
2016-09-21,0.008937691257334991,213861.67045952575,0.008937691257334991,0.9838514783871646,0.8044925115568411,1.0,0.8044925115568411,0.1955074884431589,0.0,0.0,0.0,0.0,0.0,0.0,0.0,0.0,1.0
2016-09-22,0.005715396063130402,215083.97460892465,0.005715396063130402,0.983978963942448,0.8038116685415951,1.0,0.8038116685415951,0.19618833145840486,0.0,0.0,0.0,0.0,0.0,0.0,0.0,0.0,1.0
2016-09-23,-0.004929641033378113,214023.68782207044,-0.004929641033378113,0.9838049151820228,0.8075608936011703,1.0,0.8075608936011703,0.19243910639882966,0.0,0.0,0.0,0.0,0.0,0.0,0.0,0.0,1.0
2016-09-26,-0.009365951456261042,212019.15235143897,-0.009365951456261042,0.9837200158624844,0.8023793109338767,1.0,0.8023793109338767,0.1976206890661233,0.0,0.0,0.0,0.0,0.0,0.0,0.0,0.0,1.0
2016-09-27,0.005087963866252431,213097.89813755656,0.005087963866252431,0.983723592525334,0.8072898767032066,1.0,0.8072898767032066,0.19271012329679338,0.0,0.0,0.0,0.0,0.0,0.0,0.0,0.0,1.0
2016-09-28,0.005245661057957752,214215.73748334937,0.005245661057957752,0.9839473183867484,0.801366905285085,1.0,0.801366905285085,0.19863309471491497,0.0,0.0,0.0,0.0,0.0,0.0,0.0,0.0,1.0
2016-09-29,-0.007818865060112413,212540.8135382146,-0.007818865060112413,0.9838820852177196,0.7967727757979878,1.0,0.7967727757979878,0.20322722420201222,0.0,0.0,0.0,0.0,0.0,0.0,0.0,0.0,1.0
2016-09-30,0.007129758789845923,214056.1782717397,0.007129758789845923,0.98401258359288,0.7973937537704469,1.0,0.7973937537704469,0.20260624622955314,0.0,0.0,0.0,0.0,0.0,0.0,0.0,0.0,1.0
2016-10-03,-0.001706899604589504,213690.80586568775,-0.001706899604589504,0.7948870703061618,0.7948870703061619,1.0,0.7948870703061619,0.2051129296938381,0.0,0.0,0.0,0.0,0.0,0.0,0.0,0.0,0.0
2016-10-04,0.0006997007838904958,213840.32549006218,0.0006997007838904958,0.7950304876346375,0.7950304876346375,1.0,0.7950304876346375,0.20496951236536254,0.0,0.0,0.0,0.0,0.0,0.0,0.0,0.0,0.0
2016-10-05,0.004913569242047198,214891.04473609952,0.004913569242047198,0.7960326951103266,0.7960326951103267,1.0,0.7960326951103267,0.2039673048896733,0.0,0.0,0.0,0.0,0.0,0.0,0.0,0.0,0.0
2016-10-06,-0.002617660518440029,214328.5329325275,-0.002617660518440029,0.7954973766673112,0.7954973766673112,1.0,0.7954973766673112,0.20450262333268876,0.0,0.0,0.0,0.0,0.0,0.0,0.0,0.0,0.0
2016-10-07,-0.00447089480832703,213370.2926073631,-0.0042717491581586615,0.994819008819276,0.9948190088192759,1.0,0.9948190088192759,0.005180991180724126,0.19914565016836827,0.0,0.0,0.19914565016836827,42.68259504048072,0.0,0.0,42.68259504048072,0.0
2016-10-10,0.0025864006856985183,213922.15367847052,0.0025864006856985183,0.9948323743697496,0.9948323743697498,1.0,0.9948323743697498,0.005167625630250194,0.0,0.0,0.0,0.0,0.0,0.0,0.0,0.0,0.0
2016-10-11,-0.016236248206439204,210448.86049449083,-0.016236248206439204,0.9947470867666866,0.9947470867666867,1.0,0.9947470867666867,0.005252913233313339,0.0,0.0,0.0,0.0,0.0,0.0,0.0,0.0,0.0
2016-10-12,-0.0006322391075890381,210315.80649473867,-0.0006322391075890381,0.994743763568456,0.994743763568456,1.0,0.994743763568456,0.005256236431544048,0.0,0.0,0.0,0.0,0.0,0.0,0.0,0.0,0.0
2016-10-13,-0.004012332343485007,209471.94958199371,-0.004012332343485007,0.9947225888409726,0.9947225888409725,1.0,0.9947225888409725,0.0052774111590274675,0.0,0.0,0.0,0.0,0.0,0.0,0.0,0.0,0.0
2016-10-14,-0.0009297256896660271,209277.19812920294,-0.0009297256896660271,0.9947176777302572,0.9947176777302574,1.0,0.9947176777302574,0.005282322269742568,0.0,0.0,0.0,0.0,0.0,0.0,0.0,0.0,0.0
2016-10-17,-0.005260384299806759,208176.3196418565,-0.005260384299806759,0.9946897437416078,0.9946897437416078,1.0,0.9946897437416078,0.00531025625839221,0.0,0.0,0.0,0.0,0.0,0.0,0.0,0.0,0.0
2016-10-18,0.010065255560782131,210271.66750075485,0.010065255560782131,0.9947426602101624,0.9947426602101622,1.0,0.9947426602101622,0.005257339789837778,0.0,0.0,0.0,0.0,0.0,0.0,0.0,0.0,0.0
2016-10-19,0.0031057978661607065,210924.72879699274,0.0031057978661607065,0.994758937889681,0.9947589378896807,1.0,0.9947589378896807,0.005241062110319272,0.0,0.0,0.0,0.0,0.0,0.0,0.0,0.0,0.0
2016-10-20,0.0005974570238327188,211050.7472577125,0.0005974570238327188,0.9947620673293454,0.9947620673293452,1.0,0.9947620673293452,0.005237932670654755,0.0,0.0,0.0,0.0,0.0,0.0,0.0,0.0,0.0
2016-10-21,-0.00082012864891245,210877.6584935121,-0.00082012864891245,0.9947577680247182,0.9947577680247182,1.0,0.9947577680247182,0.005242231975281841,0.0,0.0,0.0,0.0,0.0,0.0,0.0,0.0,0.0
2016-10-24,0.0006586048990032686,211016.54355248626,0.0006586048990032686,0.9947612183120028,0.9947612183120029,1.0,0.9947612183120029,0.005238781687997074,0.0,0.0,0.0,0.0,0.0,0.0,0.0,0.0,0.0
2016-10-25,-0.0035661387976619486,210264.02926957523,-0.0035661387976619486,0.9947424692275352,0.9947424692275351,1.0,0.9947424692275351,0.005257530772464936,0.0,0.0,0.0,0.0,0.0,0.0,0.0,0.0,0.0
2016-10-26,-0.0027327003365839576,209689.44068601876,-0.0027327003365839576,0.9947280626024344,0.9947280626024343,1.0,0.9947280626024343,0.005271937397565707,0.0,0.0,0.0,0.0,0.0,0.0,0.0,0.0,0.0
2016-10-27,-0.0006446323905919431,209554.26808058744,-0.0006446323905919431,0.9947246619486552,0.9947246619486549,1.0,0.9947246619486549,0.005275338051345058,0.0,0.0,0.0,0.0,0.0,0.0,0.0,0.0,0.0
2016-10-28,-0.006247832936783853,208245.0080224299,-0.005844258169807965,0.9890655359368904,0.9890655359368905,1.0,0.9890655359368905,0.010934464063109495,0.40357476697588784,0.0,0.0,0.40357476697588784,84.57081490942582,0.0,0.0,84.57081490942582,0.0
2016-10-31,-0.002698954765473544,207682.9641656417,-0.002307078980626057,0.5964925785963495,0.5964925785963495,1.0,0.5964925785963495,0.4035074214036505,0.39187578484748686,0.0,0.0,0.39187578484748686,81.60617595936091,0.0,0.0,81.60617595936091,0.0
2016-11-01,-0.0031426963917987587,207030.27966352025,-0.0031426963917987587,0.5952204794576671,0.5952204794576672,1.0,0.5952204794576672,0.4047795205423328,0.0,0.0,0.0,0.0,0.0,0.0,0.0,0.0,0.0
2016-11-02,-0.0033031774284430957,206346.42191673146,-0.0033031774284430957,0.5938789897032384,0.5938789897032384,1.0,0.5938789897032384,0.4061210102967616,0.0,0.0,0.0,0.0,0.0,0.0,0.0,0.0,0.0
2016-11-03,-0.0022699670494998885,205878.02233819827,-0.0022699670494998885,0.5929550109905228,0.5929550109905228,1.0,0.5929550109905228,0.40704498900947716,0.0,0.0,0.0,0.0,0.0,0.0,0.0,0.0,0.0
2016-11-04,-0.0013769574351835195,205594.53706459882,-0.0009773883514285569,0.9929139065802196,0.9929139065802197,1.0,0.9929139065802197,0.007086093419780282,0.3995690837549626,0.0,0.0,0.3995690837549626,82.2624927509576,0.0,0.0,82.2624927509576,0.0
2016-11-07,0.02283875294635752,210290.0599037379,0.02283875294635752,0.9930721304806176,0.9930721304806174,1.0,0.9930721304806174,0.006927869519382623,0.0,0.0,0.0,0.0,0.0,0.0,0.0,0.0,0.0
2016-11-08,0.0031976405390641916,210962.49192424837,0.0031976405390641916,0.9930942127060228,0.9930942127060232,1.0,0.9930942127060232,0.0069057872939768394,0.0,0.0,0.0,0.0,0.0,0.0,0.0,0.0,0.0
2016-11-09,0.02398568741045731,216022.57231087453,0.02398568741045731,0.9932559728335256,0.9932559728335255,1.0,0.9932559728335255,0.006744027166474487,0.0,0.0,0.0,0.0,0.0,0.0,0.0,0.0,0.0
2016-11-10,0.007412592565488211,217623.85962436377,0.007412592565488211,0.9933055957248856,0.9933055957248856,1.0,0.9933055957248856,0.006694404275114363,0.0,0.0,0.0,0.0,0.0,0.0,0.0,0.0,0.0
2016-11-11,-0.009778642757444776,215495.7936456008,-0.009778642757444776,0.9932394870842252,0.9932394870842252,1.0,0.9932394870842252,0.006760512915774841,0.0,0.0,0.0,0.0,0.0,0.0,0.0,0.0,0.0
2016-11-14,-0.002924839441720028,214865.50304882135,-0.002738109336567904,0.8061290706966238,0.8061290706966238,1.0,0.8061290706966238,0.19387092930337624,0.1867301051521241,0.0,0.0,0.1867301051521241,40.23955220728347,0.0,0.0,40.23955220728347,0.0
2016-11-15,0.002302055607088538,215360.13538488478,0.0025032831455559716,0.6060097472381663,0.6060097472381663,1.0,0.6060097472381663,0.39399025276183375,0.20122753846743358,0.0,0.0,0.20122753846743358,43.23685628008116,0.0,0.0,43.23685628008116,0.0
2016-11-16,-0.0025799815958833,214804.5101991048,-0.0025799815958833,0.6049906303342271,0.6049906303342271,1.0,0.6049906303342271,0.39500936966577294,0.0,0.0,0.0,0.0,0.0,0.0,0.0,0.0,0.0
2016-11-17,0.0024140248165648672,215323.05361743554,0.0024140248165648672,0.6059418963755451,0.6059418963755451,1.0,0.6059418963755451,0.3940581036244549,0.0,0.0,0.0,0.0,0.0,0.0,0.0,0.0,0.0
2016-11-18,-0.006844418908431612,213849.29243783516,-0.006450754469246342,1.0,1.0,1.0,1.0,0.0,0.3936644391852696,0.0,0.0,0.3936644391852696,84.7650291459675,0.0,0.0,84.7650291459675,0.0
2016-11-21,0.004872232393313078,214891.21588773784,0.004872232393313078,1.0,0.9999999999999999,1.0,0.9999999999999999,1.1102230246251565e-16,0.0,0.0,0.0,0.0,0.0,0.0,0.0,0.0,0.0
2016-11-22,-0.01097083502914263,212533.6798090216,-0.01097083502914263,1.0,1.0000000000000002,1.0,1.0000000000000002,-2.220446049250313e-16,0.0,0.0,0.0,0.0,0.0,0.0,0.0,0.0,0.0
2016-11-23,0.0021399941189664544,212988.5006338952,0.002339896588127764,0.8007238830262262,0.8007238830262263,1.0,0.8007238830262263,0.19927611697377368,0.19990246916130952,0.0,0.0,0.19990246916130952,42.486007373762575,0.0,0.0,42.486007373762575,0.0
2016-11-25,0.003180425053365335,213665.89459738994,0.003180425053365335,0.8013556564730885,0.8013556564730884,1.0,0.8013556564730884,0.19864434352691163,0.0,0.0,0.0,0.0,0.0,0.0,0.0,0.0,0.0
2016-11-28,-0.004539937536128632,212695.86478231676,-0.004341491638499349,1.0,1.0,1.0,1.0,0.0,0.1984458976292823,0.0,0.0,0.1984458976292823,42.40112024614267,0.0,0.0,42.40112024614267,0.0
2016-11-29,0.005344250507431546,213832.56476560826,0.005344250507431546,1.0,1.0,1.0,1.0,0.0,0.0,0.0,0.0,0.0,0.0,0.0,0.0,0.0,0.0
2016-11-30,-0.00997689158791118,211699.18044897678,-0.00997689158791118,1.0,0.9999999999999999,1.0,0.9999999999999999,1.1102230246251565e-16,0.0,0.0,0.0,0.0,0.0,0.0,0.0,0.0,0.0
2016-12-01,-0.009929406178539886,209597.13329863487,-0.009929406178539886,1.0,0.9999999999999999,1.0,0.9999999999999999,1.1102230246251565e-16,0.0,0.0,0.0,0.0,0.0,0.0,0.0,0.0,0.0
2016-12-02,0.0024046089078617002,210101.13243242708,0.002602056045632987,0.8032234799394802,0.8032234799394802,1.0,0.8032234799394802,0.19677652006051982,0.19744713777128672,0.0,0.0,0.19744713777128672,41.38435405488231,0.0,0.0,41.38435405488231,0.0
2016-12-05,-0.0016057512784903283,209763.76227041148,-0.001409171338369929,1.0,1.0,1.0,1.0,0.0,0.1965799401203995,0.0,0.0,0.1965799401203995,41.301668032794645,0.0,0.0,41.301668032794645,0.0
2016-12-06,0.0036507324127359538,210529.55363634948,0.0038526948799839076,0.7989733895817703,0.7989733895817703,1.0,0.7989733895817703,0.20102661041822967,0.20196246724795383,0.0,0.0,0.20196246724795383,42.36440696734555,0.0,0.0,42.36440696734555,0.0
2016-12-07,-0.0034726347013782047,209798.46140272627,-0.0032743575200389575,0.599503708102847,0.599503708102847,1.0,0.599503708102847,0.40049629189715297,0.1982771813392472,0.0,0.0,0.1982771813392472,41.74320648362524,0.0,0.0,41.74320648362524,0.0
2016-12-08,0.0029704898980601165,210421.66561295162,0.0029704898980601165,0.6006898548551926,0.6006898548551926,1.0,0.6006898548551926,0.39931014514480745,0.0,0.0,0.0,0.0,0.0,0.0,0.0,0.0,0.0
2016-12-09,0.004131769486596786,211291.0794302501,0.004131769486596786,0.6023329235475032,0.6023329235475032,1.0,0.6023329235475032,0.39766707645249677,0.0,0.0,0.0,0.0,0.0,0.0,0.0,0.0,0.0
2016-12-12,-0.0005885561438912916,211166.722767302,-0.00019128633724544068,1.0,1.0,1.0,1.0,0.0,0.397269806645851,0.0,0.0,0.397269806645851,83.9395662712486,0.0,0.0,83.9395662712486,0.0
2016-12-13,0.008122574970946003,212881.9403043484,0.008122574970946003,1.0,0.9999999999999999,1.0,0.9999999999999999,1.1102230246251565e-16,0.0,0.0,0.0,0.0,0.0,0.0,0.0,0.0,0.0
2016-12-14,-0.008801955373439266,211008.16296597835,-0.008801955373439266,1.0,1.0,1.0,1.0,0.0,0.0,0.0,0.0,0.0,0.0,0.0,0.0,0.0,0.0
2016-12-15,0.004483750452243398,211954.2709121041,0.004483750452243398,1.0,0.9999999999999999,1.0,0.9999999999999999,1.1102230246251565e-16,0.0,0.0,0.0,0.0,0.0,0.0,0.0,0.0,0.0
2016-12-16,-0.001189889339919543,211702.06878459535,-0.0009942112237968461,0.8042846824233822,0.8042846824233822,1.0,0.8042846824233822,0.19571531757661775,0.19567811612269698,0.0,0.0,0.19567811612269698,41.474812436240285,0.0,0.0,41.474812436240285,0.0
2016-12-19,-0.0036801595023093128,210922.9714044992,-0.0034846397045304738,1.0,1.0,1.0,1.0,0.0,0.19551979777883885,0.0,0.0,0.19551979777883885,41.391945678125914,0.0,0.0,41.391945678125914,0.0
2016-12-20,0.0007571022149424544,211082.6616533318,0.0007571022149424544,1.0,1.0000000000000002,1.0,1.0000000000000002,-2.220446049250313e-16,0.0,0.0,0.0,0.0,0.0,0.0,0.0,0.0,0.0
2016-12-21,-0.004586816177424302,210114.4642860865,-0.004586816177424302,1.0,0.9999999999999999,1.0,0.9999999999999999,1.1102230246251565e-16,0.0,0.0,0.0,0.0,0.0,0.0,0.0,0.0,0.0
2016-12-22,-0.00399584781555795,209274.87886295185,-0.00399584781555795,1.0,0.9999999999999999,1.0,0.9999999999999999,1.1102230246251565e-16,0.0,0.0,0.0,0.0,0.0,0.0,0.0,0.0,0.0
2016-12-23,0.004468662647583343,210210.05769720426,0.004468662647583343,1.0,0.9999999999999999,1.0,0.9999999999999999,1.1102230246251565e-16,0.0,0.0,0.0,0.0,0.0,0.0,0.0,0.0,0.0
2016-12-27,0.0034653272788500024,210938.50434443104,0.0034653272788500024,1.0,1.0000000000000002,1.0,1.0000000000000002,-2.220446049250313e-16,0.0,0.0,0.0,0.0,0.0,0.0,0.0,0.0,0.0
2016-12-28,-0.006662680400867544,209533.0885057471,-0.006662680400867544,1.0,1.0000000000000002,1.0,1.0000000000000002,-2.220446049250313e-16,0.0,0.0,0.0,0.0,0.0,0.0,0.0,0.0,0.0
2016-12-29,0.004121182972000129,210396.61270216756,0.004121182972000129,1.0,0.9999999999999999,1.0,0.9999999999999999,1.1102230246251565e-16,0.0,0.0,0.0,0.0,0.0,0.0,0.0,0.0,0.0
2016-12-30,-0.0038058197440262835,209595.8811194694,-0.0028086283723986823,0.0,0.0,1.0,0.0,1.0,0.9971913716276012,0.0,0.0,0.9971913716276012,209.80568680627567,0.0,0.0,209.80568680627567,0.0
